:020000040800F2
:10000000280B0124A1040008A9040008AB0400087F
:10001000AD040008AF040008B104000800000000AF
:10002000000000000000000000000000B304000811
:10003000B504000800000000B7040008537B000866
:10004000BB040008BB040008BB040008BB04000894
:10005000BB040008BB040008BB040008BB04000884
:10006000BB040008BB040008BB040008BB04000874
:10007000BB040008BB040008BB040008BB04000864
:10008000BB040008BB040008BB040008BB04000854
:10009000BB040008BB040008BB040008BB04000844
:1000A000BB040008BB040008BB040008BB04000834
:1000B000BB040008BB040008BB040008BB04000824
:1000C000BB040008BB040008BB040008B3770008A9
:1000D000BF770008BB040008BB040008BB0400088D
:1000E000BB040008BB04000800000000BB040008BB
:1000F000BB040008BB040008BB040008BB040008E4
:10010000BB040008BB040008BB040008CB77000850
:10011000BB040008BB040008BB040008BB040008C3
:10012000BB040008BB040008BB040008BB040008B3
:10013000BB040008BB040008BB040008BB040008A3
:10014000BB040008BB040008000000000000000021
:10015000BB040008BB040008BB040008BB04000883
:10016000BB040008BB040008BB040008BB04000873
:10017000BB040008BB040008BB040008000000002A
:10018000BB040008BB040008BB040008BB04000853
:10019000BB040008D7770008E3770008BB04000819
:1001A000BB040008BB040008BB040008BB04000833
:1001B000BB040008BB040008BB040008BB04000823
:1001C000BB040008BB040008BB040008BB04000813
:1001D000BB040008BB040008BB040008BB04000803
:1001E000BB040008BB040008BB040008BB040008F3
:1001F000BB040008BB040008BB040008BB040008E3
:10020000BB040008BB040008BB040008BB040008D2
:10021000BB040008BB040008BB040008BB040008C2
:10022000BB040008BB040008BB0400080000000079
:10023000BB040008BB040008BB040008BB040008A2
:10024000BB040008BB040008BB040008BB04000892
:10025000BB040008BB040008BB040008BB04000882
:10026000BB040008BB040008BB040008BB04000872
:10027000BB040008BB040008BB040008BB04000862
:10028000BB040008BB040008BB0400080000000019
:10029000BB040008BB04000800F002F800F0F0F80E
:1002A00014A696E8000CB244B344DA4501D100F03C
:1002B000E7F8BAE80F000FA696E83000A5EB0405B2
:1002C00004EB0607AAEB0704A7F101074FEA15158F
:1002D0004FEA3414A4F10104AC4201D300F0D0F889
:1002E00013F0010F18BFFB1A43F0010300F001F8EF
:1002F000DBE718477CB500009CB50000103A24BF2E
:1003000078C878C1FAD8520724BF30C830C144BF7A
:1003100004680C6070470000704700000023002450
:1003200000250026103A28BF78C1FBD8520728BF05
:1003300030C148BF0B6070476E2900F057867029A6
:1003400000F0CD8166290AF0BC8765290AF0B987DB
:1003500067290AF0B68761290AF0B58703681B0A86
:1003600028BF41F08001692900F00486642900F06B
:100370000186752900F0FE856F2900F01B8778291A
:1003800000F09981E92900F0B586E42900F0B286F1
:10039000F52900F0AF86EF2900F01887F82900F062
:1003A00098810368DB0928BF41F08001632901F0CF
:1003B000DB83732901F0E083E32901F0EB83F32968
:1003C00001F0F083002070471FB50AF06DFF9DE833
:1003D000030000F05FFD01F00FFD0400002000218C
:1003E0000AF04CFF401C6060002000210AF030FF42
:1003F000E06000F0F5FE1FBD10B500F05AFF10BD23
:1004000002000400EA3763890000000800000200CF
:1004100000000024C0FF07000000000000000000F2
:1004200000654C6F61646572000000000000000010
:1004300000000000000000004558540000000000CB
:100440004D617220313120323032362031303A3431
:10045000393A3434000000000000000000000000C1
:10046000000000000000000000000000000000008C
:10047000000000000000000000000000000000007C
:1004800000F057FF1146FFF79FFF09F0EFFD01F065
:1004900077FC03B4FFF7B0FF03BC00F0D9FC000009
:1004A0000948804709480047FEE7FEE7FEE7FEE708
:1004B000FEE7FEE7FEE7FEE7FEE7FEE70448054944
:1004C000054A064B70470000A97F00089902000802
:1004D000280B0024280B0124288B0024288B0024BF
:1004E00053EA020C00F069802DE9F04B4FF0000652
:1004F000002B1FBFB3FA83F503FA05F424FA05F6BF
:100500005E4012BF1643B2FA82F502FA05F4C5F155
:1005100020051EBF22FA05FC44EA0C04203556EAE9
:10052000044C4FEA144418BF641C4FF000084FF00D
:100530000009904271EB030C39D3002919BFB1FABD
:1005400081F701FA07F6B0FA80F700FA07F6C7F16B
:1005500020071EBF20FA07FC46EA0C062037B6FB30
:10056000F4FCA7EB0507103F07F01F0BCBF12006AB
:100570002CFA06F60CFA0BFB44BFB3460026202FDC
:10058000A4BF5E464FF0000B5BEA060C08BF4FF0BD
:10059000010B19EB0B0948EB0608ABFB027C06FBD1
:1005A00002CC0BFB03CCC01B71EB0C01C1E70B466B
:1005B000024641464846BDE8F08B13B5084318BFD4
:1005C0004FF0FF300146AFF30080BDE81C4070479C
:1005D0000FB41CB50C0007AA009007D04142A142FD
:1005E00002D32044401E01E04FF0FF30074B7B4414
:1005F00069460190069800F0C8FB0021002C01D04C
:10060000009A11701CBC5DF814FB0000BF070000CD
:1006100070B5044685690068C10601D5302600E042
:100620002026C00707D070BDD4E90121304690478D
:10063000206A401C20626D1EF6D570BD70B5044660
:1006400085690078C00707D170BDD4E90121202059
:100650009047206A401C20626D1EF6D570BD0000D8
:10066000F0B40D460188090502D5214C7C4402E016
:100670001F4C7C440E34002100F1240608E002F0F7
:100680000F071209E75D42EA03721B097754491C00
:1006900052EA0307F3D102780023120704D5702D24
:1006A00006D009B1022311342246F0BC00F00FBB82
:1006B00001231034F8E770B504460D462146106852
:1006C00000F026FC024629462046BDE87040002383
:1006D000C6E7D21D22F00703D3E90023C0E7036871
:1006E000126843F0200303600823C3610023B7E7C7
:1006F0005AAC00002DE9F05F894604464FF0000A2D
:10070000DFF874B1FB44C0F820A02046E1688847B8
:10071000002874D0252806D0D4E901219047206A0A
:10072000401C2062F1E700265F462046E1688847CA
:100730002028054607DB312D05D2781910F8200C4A
:1007400008B10643F1E7B00701D526F00406C4F866
:100750001CA00027C4F818A02A2D09D028460AF0AA
:1007600061FD38B304EB8708303DC8F8185019E034
:1007700059F8041B204604EB87029161E168884721
:10078000012F054618D1E069002820DA26F020065E
:100790001DE0D8F8180000EB800005EB4000303871
:1007A000C8F818002046E168884705460AF03AFD77
:1007B0000028EED1012F0AD02E2D08D12046E16865
:1007C00088477F1C0546022F46F02006C4DBA0693F
:1007D000002803DA404246F00106A061F00701D08C
:1007E00026F010066C2D0BD0682D09D04C2D39D079
:1007F0006A2D35D0742D35D07A2D33D016E038E0FF
:10080000E1682F4620468847B842054609D16C2F3B
:1008100026D04FF48060E1680643204688470546AD
:1008200004E06C2F1AD04FF4807006430DB3A5F18D
:100830004100192802D8203546F400664A46294668
:10084000204626604E46FFF777FD80B101280BD089
:10085000F61D26F0070000F1080956E74020E4E7FE
:100860008020D8E70020D6E706F104094DE72846A6
:1008700052E7206ABDE8F09FEAAB000040EA0103BE
:1008800010B59B070FD1042A0DD310C808C9121F39
:100890009C42F8D020BA19BA884201D9012010BD73
:1008A0004FF0FF3010BD1AB1D30703D0521C07E040
:1008B000002010BD10F8013B11F8014B1B1B07D1A4
:1008C00010F8013B11F8014B1B1B01D1921EF1D115
:1008D000184610BD10B5431C02E010F8011B71B1A1
:1008E0008107FAD14FF0013202C88C1A8C4314EA06
:1008F000C211F9D0C01A0A0603D0C01E10BDC01A1A
:1009000010BD0A0401D0801E10BD0902FCD0401E9B
:1009100010BD032A40F2308010F0030C00F0158067
:1009200011F8013BBCF1020F624498BF11F801CBF2
:1009300000F8013B38BF11F8013BA2F1040298BF57
:1009400000F801CB38BF00F8013B11F0030300F0C1
:100950006780083AC0F0088051F8043B083A51F823
:1009600004CBA0E80810F5E7121D5CBF51F8043B6A
:1009700040F8043BAFF30080D20724BF11F8013BDD
:1009800011F801CB48BF11F8012B24BF00F8013B3F
:1009900000F801CB48BF00F8012B7047431A28BF6D
:1009A0009A427FF6B6AF10441144032A40F22680E3
:1009B00010F0030F1EBF11F8013D521E00F8013D5B
:1009C00010F0030F7FF4F6AF11F0030300F016826E
:1009D000083AC0F00B8051F8043D083A51F804CDB4
:1009E00040F8043D40F804CDFFF7F3BF121D5CBF93
:1009F00051F8043D40F8043DAFF30080D20724BF16
:100A000011F8013D11F801CD48BF11F8012C24BFA8
:100A100000F8013D00F801CD48BF00F8012C7047F7
:100A200010B5203AC0F00B80B1E81850A0E818507B
:100A3000B1E81850A0E81850203ABFF4F5AF5FEACB
:100A4000027C24BFB1E81850A0E8185044BF18C970
:100A500018C0BDE810405FEA827C24BF51F8043B17
:100A600040F8043B08BF7047D20728BF31F8023B6B
:100A700048BF11F8012B28BF20F8023B48BF00F8FF
:100A8000012B704702F0FF0343EA032242EA0242CD
:100A900000F002B84FF0000200B5134694469646A7
:100AA000203922BFA0E80C50A0E80C50B1F1200181
:100AB000BFF4F7AF090728BFA0E80C5048BF0CC02F
:100AC0005DF804EB890028BF40F8042B08BF70478D
:100AD00048BF20F8022B11F0804F18BF00F8012BFF
:100AE000704700000000000030B44FF0013C50F8A7
:100AF000042BCCFA52F451F8043BD51A20D1FCB99E
:100B000050F8042BCCFA52F451F8043BD51A17D103
:100B1000B4B950F8042BCCFA52F451F8043BD51A6E
:100B20000ED16CB950F8042BCCFA52F451F8043BB6
:100B3000D51A05D1002CDAD030BC4FF00000704738
:100B400029BAB1FA81F111F01801D1F120008440E5
:100B5000F2D1CA40CB4012F0FF0213F0FF0330BCC9
:100B6000D01A704770477047704770B5064600F05E
:100B700075F9056806F10B0020F00704B4429CBF2C
:100B8000002070BD2B466A68BAB11068A04210D32D
:100B900004F1080188423CBF5068586007D351688F
:100BA000101941601168091B016058601460101D24
:100BB00070BD13465268002AE7D12146284600F04E
:100BC00055F90028DED170BD70B50446051F00F050
:100BD00045F90068002C14BF446870BD002C18BF94
:100BE000AC423CBF20466468F8D301680A18AA42A8
:100BF00018BF456003D12A68054611440160286882
:100C00004119A1421CBF6C6070BD616869602168B8
:100C10000844286070BD2DE9F04791460C46804697
:100C200000F01CF90768604234EA000001D1042C8E
:100C300002D20520BDE8F087601E40F0070609F1EA
:100C40000B0020F007054D4539D93B467A6882B341
:100C50001468101D404206EA000C644525D9A4EB37
:100C60000C00854221D8BCF1000F0BD01046016862
:100C70006244A1EB0C01116041685160C0F800C0F2
:100C800058600346116805F10800814205D35019E8
:100C9000491B016015605860034652F8040F586004
:100CA0000020C8F80020BDE8F08713465268002AEB
:100CB000CED12946384600F0D9F80028C5D1062003
:100CC000BDE8F0870B460146184600F0A3B92DE9B0
:100CD000F0470D4699469246044600F12408016803
:100CE000880604D5E06921F01001216000E00120B0
:100CF000A84201DD471B00E00027A1697A1902EB39
:100D00000900081AA0612078C00602D42046FFF727
:100D10007FFC002608E0D4E901211AF8060090477C
:100D2000206A401C761C20624E45F4DB2078C00609
:100D30000AD52046FFF76CFC06E0D4E901213020FB
:100D40009047206A401C2062381EA7F10107F4DC9E
:100D500007E0D4E9012118F805009047206A401CFB
:100D60002062281EA5F10105F3DC2046FFF766FC92
:100D70002078000602D50220BDE8F0870120FBE7BD
:100D800001694A1C02610878704700B58FB0CDE94F
:100D900001310021059105497944CDE9031011463F
:100DA0006846FFF7A7FC0FB000BD0000E5FFFFFF9E
:100DB000D1E900239A4202D2531C0B601070704795
:100DC00010B5002000F0A8FAFFF716FBBDE81040B0
:100DD000012000F03DB8431A28BF9A427FF620AEAA
:100DE0001044114410F0030F1EBF11F8013D521EB4
:100DF00000F8013D10F0030F7FF4F6AF103AC0F099
:100E00000A8010B531E9185020E91850103ABFF4A3
:100E1000F9AFBDE81040530724BF31E9081020E9BD
:100E2000081044BF51F8043D40F8043D12F0030F90
:100E300008BF7047D20728BF31F8023D48BF11F8FC
:100E4000012C28BF20F8023D48BF00F8012C704754
:100E500001491820ABBEFEE726000200004870479B
:100E600004020024704770477047704738B5044645
:100E70000A4600206946AFF30080002808BF38BD4D
:100E800002460099204600F079FA012038BD012081
:100E900000F0A3BFF8B5AFF30080054600200C4674
:100EA0000C2000BF0646A819A0420DD9324669465B
:100EB0000020AFF30080070008BF00F08EFF00980D
:100EC000A04218BF0546C419FFF7C8FF05600746D2
:100ED000F01D20F007004619284600F00AF8B44239
:100EE00008BFF8BDA21B31463868BDE8F84000F0E5
:100EF00045BA00210160416070470C2070470968C5
:100F00004A0501D540B27047C905FCD500B270470B
:100F100009684A0501D5C0B27047C905FCD580B241
:100F2000704770B50C460546012A05D02878800622
:100F300000D5EA69002302E0012305E05B1C93422F
:100F400002D2E05C0028F9D1A869E618C01AA861AD
:100F5000286A184428622846FFF75AFB04E0D5E9BE
:100F6000012114F8010B9047B442F8D32846FFF74B
:100F700065FB70BD2DE9F041064600241068752917
:100F8000314616A510D0FFF7BAFF002802DA40421A
:100F900013A507E031688A0701D512A502E04907C9
:100FA00004D511A5012401E0FFF7B2FF00210A22B8
:100FB00006F1240709E0B0FBF2FCB0FBF2F302FB00
:100FC0001C00303078541846491C0028F3D12346C1
:100FD0002A463046BDE8F041FFF779BE0000000028
:100FE0002D0000002B0000002000000011680268A6
:100FF000006A530501D508700AE0D30501D50880C1
:1010000006E0130603D5C217C1E9000200E008603C
:1010100001207047074B70B50D467B44FFF7B5FEC6
:101020000446284600F0C2FD10B14FF0FF3070BDFD
:10103000204670BD15A200002DE9FF5F15468A46C7
:101040000446DFF8AC80F8440027D8E900103E469B
:10105000CDE9001010E03AF816106A4602A800F038
:101060006BFE411C07D02178890603D5E269391847
:1010700091420DD80744761C2078800602D5E0699D
:10108000B84205DDAE42E6DB3AF816000028E2D1B0
:10109000A069C01BA0612046FFF7BAFAD8E900108A
:1010A000CDE90010002017E03AF818106A4602A8AF
:1010B00000F042FEB0F1FF3F81460BD000250DF15C
:1010C000080B05E0D4E901211BF8050090476D1CD1
:1010D0004D45F7D308F10100B0428046E4DB206AB9
:1010E000384420622046FFF7A9FABDE8FF9F0000C0
:1010F000BAA200002DE9F0418046D21D22F007027D
:101100000025D2E90002F52915A614D0011E72F1BE
:10111000000106DA0023D0EB030063EB020211A604
:1011200008E0D8F800108B0701D50FA602E04907A8
:1011300001D50EA601251146002408F1240704E07C
:1011400000F036F930323A55641C50EA0102F7D10A
:101150002B46324621464046BDE8F041FFF7B7BD79
:10116000000000002D0000002B0000002000000007
:1011700030B4002100F1240408E002F00705D20891
:10118000303542EA4372DB086554491C52EA0305D4
:10119000F3D10468002310A2250708D504F0200429
:1011A0000C4304D0C46901230CA2641EC46130BC8A
:1011B000FFF78DBD10B5044621461068FFF7A8FE65
:1011C00002462046BDE810400023D1E7D21D22F0A0
:1011D0000701D1E90023CBE7000000003000000048
:1011E00010B542485421FFF755FC41485421FFF700
:1011F00051FC40485421FFF74DFC3F493B483C4AD5
:101200003F4B08603D490A603A491960531C036529
:10121000481C1065012008653B48344A39A17844D0
:1012200000F0ECFC20B9384878440A3800F0CEFDD4
:1012300037482F4A35A1784400F0E0FC20B9344803
:1012400078440A3800F0C2FD32482A4A2FA1784477
:1012500000F0D4FC20B92F4878440A3800F0B6FDDD
:1012600040232248DC000021224600F0A3FC20B1EC
:1012700025487844543800F0A9FD1D4822464023F3
:10128000002100F097FC20B121487844543800F048
:101290009DFD184822461023002100F08BFC0028F9
:1012A00006D01C487844BDE81040563800F08EBD8A
:1012B00010BD104870B5006D20F001040B4800F01F
:1012C00015FD0B4800F012FD0A4800F00FFD09E083
:1012D000206D20F00105204600F008FD2046FFF7B4
:1012E00073FC2C46002CF3D170BD000000010024DB
:1012F00054010024A801002400000024040000245C
:101300000800002472000000EAA00000770000003E
:10131000D6A00000C2A0000010B500F03FFDBDE85F
:10132000104000F036BD000000487047FC0100246A
:1013300070477546FFF7F8FFAE460500694653460D
:1013400020F00700854618B020B5FFF7B7F8BDE8D4
:1013500020404FF000064FF000074FF000084FF01C
:10136000000BAC46ACE8C009ACE8C009ACE8C00969
:10137000ACE8C00921F007018D467047034640687C
:101380008C46002818BF88423CBF03464068F8D30B
:1013900018681844884207D00CF1030020F00700B9
:1013A000001D411A521A0146081D0A60FFF70CBCC5
:1013B00030B5B0F10A0271F100034FEA900E4EEA27
:1013C000817EB0EB0E0061EB91014FEA101E4EEAF8
:1013D000017E10EB0E0041EB11114FEA102E4EEA88
:1013E000016E10EB0E0041EB11214FEA104E4EEA58
:1013F000014E10EB0E0041EB1141401841F100018C
:101400004FEAD00040EA41704FEAD1014FEA81042F
:1014100044EA907410EB800544EB01046D1944EB31
:101420000404521BA3414FF0000348BF0A3200D509
:1014300030BD401C41F1000130BD2DE9FF4F0C468D
:101440001E464FF0FF378BB0D2E90001DDF8608017
:101450000A908A46C1F30A5505B93D46002108465F
:101460004FF00000BAF1000F00F4400005DA00EB85
:1014700080004FF4400101EA50004FEA9059B9F161
:10148000010F00DDB9460A9850EA4A000ED044F632
:101490001050A5F2FF3545432F14B8F1000F1ED0B0
:1014A0007542291E1EDDC9F100021CE0B8F1010FD2
:1014B0004FF0000001D0302103E0F24305E0215459
:1014C000401CB042FBDB30460022002121540B9926
:1014D000C1F80880C1E900200FB0BDE8F08FBD1B46
:1014E0006D1CDEE74A4600DA694206A800F0C8FC37
:1014F00006AB93E8070003AB83E8070050460A9960
:1015000009F09EFA8DE80700A0F500501F38009002
:101510000398002D0ADD42F21F014A4608440023C9
:1015200003A90390684609F007FD09E0A0F5005003
:101530004A461F38002303A90390684609F011FDAD
:101540008DE807000004000C03D04FF0FF30410885
:1015500000E01046B8F1000F03D0002200921546BB
:101560001EE0751E05D4FFF723FF303262556D1E55
:10157000F9D5B3460122084302D000227F1C04E0C3
:101580002078302801D100227F1E002A099784D0BC
:101590001DE0112D07DAFFF70BFF303262556D1C8D
:1015A00050EA0102F5D1084302D00098C8B10EE01C
:1015B0000021681E05E0235C625C63542254401ED7
:1015C000491C8142F7DBAB46A81B401E0990002056
:1015D00004F80B000B98099AC0F80880C0E9002BAA
:1015E0007AE711264FF0000857E72DE9F04F8846BB
:1015F0000446D21D22F0070191B0D1E90001CDE9E6
:101600000A0109F0F7FD02460B98C00F01D02D200A
:1016100007E02068810701D52B2002E0202101EAA4
:10162000C000032A099001D0072A05DB0346414682
:10163000204600F0E5FB0BE12078800601D5E0694B
:1016400000E00620B8F1650F814606D0B8F1660FBC
:1016500018D0B8F1670F70D131E00020B9F1110F47
:10166000009001DB112301E009F101030AAA01A99D
:101670000CA8FFF7E2FEDDE90C70002609F1010578
:10168000834647E001204B4600904FF000470AAAEE
:1016900001A90CA8FFF7D1FEDDE90DB00C995D465C
:1016A000002610B909F101000D18B9EB050003D4AB
:1016B000C0F1FF3609F10105A5EB09002BE0B9F1F6
:1016C000010F01DA4FF001090020B9F1110F00906C
:1016D000484601DD112300E003460AAA01A90CA82F
:1016E000FFF7ABFEDDE90C704D46002683462078FF
:1016F00000070AD4AB4500DA5D4601A8012D04DDE0
:10170000411911F8011C302907D04F4502DA17F1B1
:10171000040F04DA012082460FE06D1EEEE7002F71
:1017200002DCED1B3E4403E0781CA84200DD7D1C7A
:10173000B81B00F1010A4FF000472078000703D4DE
:10174000AA4501DB4FF0FF3A0021B7F1004F0DF140
:1017500043088DF8431024D002202B23002F01DAF8
:101760007F422D230A21021EA0F1010000DC5FB19F
:1017700097FBF1FC97FBF1F201FB1C7C17460CF187
:10178000300C08F801CDEEE7A8F1010003702188C4
:10179000090501D5452100E06521A0F1010800F807
:1017A000011C09980FA9A1EB0807FF1D00B101203A
:1017B000411901EBEA70A1693844081A401EA06182
:1017C0002078C00602D42046FEF722FF099828B1EF
:1017D000D4E901219047206A401C20622078C0068D
:1017E00022D52046FEF714FF1EE0002E04DBB34591
:1017F00002DD01A8805D00E03020D4E9012190479E
:10180000206A401C2062761CAAF101005FEA000AEF
:101810000AD100F0F1FAC0680168405CD4E9012106
:101820009047206A401C2062281EA5F10105DCDCDF
:1018300007E0D4E9012118F8010B9047206A401C09
:101840002062381EA7F10107F3DC2046FEF7F6FE02
:10185000032011B041E600002DE9F04F04460D468B
:10186000D21D22F0070089B0D0E9009748463946DA
:1018700009F0C0FC0246F80F01D02D2307E02068D4
:10188000810701D52B2302E0202101EAC0038DF856
:1018900020300BB1012000E00020032A824601D055
:1018A000072A04DB2946204600F0AAFA3FE1207807
:1018B000800601D40D2500E0E569C7F30A560D2D19
:1018C00049DA00214FEA175B08464FF00000002F6D
:1018D00000F4400007DA00EB80004FF4400100EB19
:1018E000D07001EA60008115012901DD4FF0FF3160
:1018F00000224FEA850CBCF1180F06D31346ACF159
:1019000018004FF08052C24003E04FF4801323FAD6
:101910000CF30CF10C0CBCF1200F04D3ACF1200C37
:1019200009FA0CF001E007FA0CF000294FF000482A
:1019300001DD18B90FE00ED140450CD319EB0209B7
:101940005F4121B9404502D19F4329EA0209BBEB1F
:10195000175F00D0761C2088000502D57B487844AC
:1019600002E07A487844193808AA302302F80A308D
:10197000037C0AF10101002E0AF1020A53546A465F
:1019800002DC4FF0300101E04FF031014FF001086F
:101990008DF8001002D0A6F2FF3603E059EA4701A5
:1019A00000D06B4E002D02DC2178090704D54FF0E2
:1019B00002082E218DF80110C44600210BE0C7F368
:1019C00003433F01C35C491C6D1E02F80830052922
:1019D00008F1010801DA002DF1DC00210CE000EB38
:1019E0001973491C1B786D1E082902F808304FEA4C
:1019F000091908F1010801DA002DF0DC21688B06D5
:101A000002D516E0A8F10108E04505DD02EB080368
:101A100013F8013C302BF5D0B8F1000F09DD02EBD3
:101A2000080313F8013C2E2B03D1090701D4A8F1B8
:101A30000108002D05DD3E2102F808106D1E08F199
:101A40000108407C002E02F8080008F1010804DAC1
:101A50002D20764202F8080002E02B2002F8080050
:101A60000A214FF47A70864208F101080BDB96FBDD
:101A7000F0F3303302F8083096FBF0F308F1010878
:101A800000FB136601E0642E0CDB642096FBF0F390
:101A9000303302F8083096FBF0F308F1010800FB40
:101AA000136601E00A2E06DB96FBF1F0303002F8F7
:101AB000080008F1010896FBF1F001FB10603030DE
:101AC00002F80800A16908F1010808EB050202EB21
:101AD0000A00081AA0612078C00602D42046FEF74A
:101AE00097FD216A08AE01EB0A00206204E0D4E908
:101AF000012116F8010B9047BAF1010AF7D22078BC
:101B0000C00602D52046FEF783FD6E4609E016F8B2
:101B1000010B3E280FD0D4E901219047206A401CD8
:101B20002062B8F10108F2D22046FEF787FD09B025
:101B30000320BDE8F08F206A2844206203E0D4E946
:101B40000121302090476D1EEBD3F8E7C9990000C2
:101B500002FCFFFF10B5436913B1AFF3008001E051
:101B6000FFF7DFF9012010BD127800F124010A709F
:101B700000224A700122EDE711684FF0FF32E9E7D9
:101B800010B5436913B1AFF3008001E0FFF754FAD9
:101B9000012010BD128800F1240182840022C28439
:101BA0000122EDE711684FF0FF32E9E7007B00F01A
:101BB0008000704770B5C468A50713D0650211D4C2
:101BC000B2F5807F09D0B2F5007F06D0B2F5806F04
:101BD00008D1012300F1240106E05D1E6FF07F466D
:101BE000B54201D3012070BD0161C361416024F49D
:101BF00070611143C160002070BD00002DE9F0410B
:101C00000C461646070047D0104600F06FF82078C3
:101C1000611C61280AD0722802D077283CD102E0EA
:101C20000125002405E00225042402E0082448F2EE
:101C3000020511F8010B2B2806D0622809D011F8F3
:101C4000010C74280AD00BE045F0030544F00204AF
:101C5000EFE745F0040544F00104EAE744F010041E
:101C60003846214608F04DF9411C15D0002131615C
:101C700071604FF40071F560F1617061200704D567
:101C800030460222002100F05FFA306D40F0010082
:101C900030653046BDE8F0810020FBE72DE9F041DA
:101CA0000D460646104C206DC10704D0410804D0F3
:101CB00020F00104F7E722460EE05420FEF755FF1E
:101CC00007000ED0206D47F0010108435421206524
:101CD0003846FEF7DFFE3A4629463046BDE8F04179
:101CE0008CE70020D6E70000000100242DE9F04732
:101CF00004464FF0FF380026C568D4E90497A807CA
:101D000018D0204600F0DCFA384608F0F3F8002836
:101D100000DA4646280502D54846FEF755FF4C2115
:101D20002046FEF7B7FE206D20F00100206530460A
:101D3000BDE8F0874046FBE72DE9F04116460C462A
:101D4000054600F051F8036893F80101012807D017
:101D5000FF2C12D8185D80B101202C70BDE8F081F5
:101D6000D3F807013246214603F20713C718284665
:101D7000BC46BDE8F041002360474FF0FF30EDE77F
:101D800010B50446AFF300802046BDE81040FEF7D2
:101D900080BB002801D0FFF75BB8704710B5002169
:101DA00002A000F0D1FA012010BD000053494741C4
:101DB0004252543A2041626E6F726D616C207465BC
:101DC000726D696E6174696F6E00000010B500F08D
:101DD000D5FABDE81040FFF7DCBF10B500F0E8FA17
:101DE000BDE81040FFF7D5BF10B500F005F8001DA5
:101DF00010BD00BF89940000004870471C020024F9
:101E00002DE9F0411F46044603260168072A01F424
:101E1000006004DB08B116A505E016A503E008B1D3
:101E200015A500E015A521F010002060A069C01ED6
:101E3000A0610FB1401EA0612046FEF7E9FB4FB143
:101E4000D4E9012138469047206A401C2062C01C1A
:101E5000206206E0206AFAE7D4E9012115F8010BB7
:101E60009047761EF8D22046FEF7E8FBBDE8F081E9
:101E70004E414E006E616E00494E4600696E66002E
:101E80002DE9F047814616468AB0354878440DC89A
:101E90008DE80D0032487844801C03AC0DC884E8FE
:101EA0000D0041F69B300844372190FBF1F290FB86
:101EB000F1F5A5F1800501FB12041B3C02D564423B
:101EC000012000E00020DFF898A080460027FA44B7
:101ED000AAF1BE0A0EE0E0070AD03246684607EBD8
:101EE000470101230AEB810109F03BF88DE8070067
:101EF00064107F1C002CEED1194F7F44AE3F19E0D7
:101F0000E80715D007EB04100DF1180A90E80E0051
:101F10008AE80E00C068F04201D198190890324654
:101F2000012306A903A809F01CF803AB83E8070006
:101F30006D10641C002DE3D14FF001033246694659
:101F4000B8F1000F03A802D008F0F6FF01E009F095
:101F500008F8C9E90001C9F808200AB0BDE8F0870F
:101F60002C9500002DE9F05F054617460C46C86821
:101F700020F4201040F48000C860800602D5084696
:101F800000F0C1F9E06841F282014FF0FF3A0140F0
:101F9000022903D0204600F053F9B9E000F42041B3
:101FA000B1F5004F0FD1C00306D56168E06A8842E1
:101FB00000D80846606006E02069E0626060606901
:101FC00007F09AFFA061A0680022EEB200280DDAA7
:101FD000E1688B050AD4C043A06041F490302260D0
:101FE000E0606068411C61600670AAE0E0689146AC
:101FF000226040F40050E060206978BB606907F01F
:102000007EFF04F124054FF00108A8B1A08910F467
:10201000407F08D0E069FEF7A8FD206118B1E068B4
:1020200040F4006017E0C4F81C802561E06820F4EB
:10203000407040F480600EE0E069FEF796FD0028F5
:102040002061F0D0E06840F4006010F4407FE06070
:1020500002D140F48070E06020696060E06825692A
:102060006FF0010BC1051ED56168E06A884200D897
:102070000846411B04D02246284600F0EBF8E8BB96
:102080001FB1E562C4E9015959E0681CE062606073
:10209000E069401EA060E06840F48030E0603046B7
:1020A0002E70BDE8F09F17B100F480320AE060683E
:1020B000411C61600670E0680A2E40F48030E060E8
:1020C00006D00022E16A6068814203D90B4602E033
:1020D0000122F7E70346B4F80CC05B1B5FEA4C5CD7
:1020E00004D4D4F81CC09C4500DD02B3814200D862
:1020F0000146002BA1EB0008E56200E008E0C4E91E
:10210000015907DD22461946284600F0A3F808B118
:102110005046C6E7B8F1000F09D0A169E5626560D5
:10212000A1EB0800A061E06840F01000E06047B15A
:102130006168A069E562491B08446560A061584672
:10214000AFE73046ADE700002DE9F0410446164602
:102150000D464769007B80072ED0384607F0CFFE3A
:1021600050BB3EB3012E02D0022E25D104E0204602
:1021700000F046F905441DE0384607F0BDFEE16871
:10218000002841F01001E16005DA204600F058F81F
:102190000120BDE8F081C9030BD56268E16A914274
:1021A00000D81146A26911442269891A814200DDD2
:1021B00008460544002D01DA0220EAE7E16A60687A
:1021C000E268814206D29103E06203D522F4003135
:1021D00041F01002A6690027AE4213DCE16A814299
:1021E00001D90B4600E0034603EB060C2369ACEB78
:1021F000030CAC4506DD814201D98C4600E08446E3
:102200009C4505D1A760276042F02000A5620DE043
:10221000AD1BE669AE1B8142A66000D90846C01A14
:10222000281A20605819606022F0200003490840F5
:10223000E060002084F84870ABE70000BFCFD7FF14
:10224000C16821F4001141F08001C160002181606A
:10225000016070472DE9F74F15460C464FF0FF3BE4
:102260003848D768D2F814A0074209D05046A96967
:1022700007F049FE002819DB3248C0430740EF60F1
:102280004FF000496FF000484C4501D3464600E04E
:10229000264600993B465046324607F037FEA9696C
:1022A00020F00042B21A1144A96128B12846FFF774
:1022B000C7FF5846BDE8FE8FA41BE5D10020F9E713
:1022C00070B504460569C06A6168884200D808464E
:1022D000E16821F42011E160C90312D5A84208D0B9
:1022E0002246411B2846FFF7B5FF10B14FF0FF30E3
:1022F00070BD0020E562C4E90150E06820F4803040
:10230000E060002070BD10B50446C06820F02000D9
:10231000E060A16AA06988420DD02046FFF7D0FF97
:10232000E06820F4405040F01000E060A06AA06136
:102330002069E062606044F24001E0688843E06048
:1023400010BD00001000020070B505460C460A20C2
:1023500000E06D1C07F0DCFD35B128780028F8D1CD
:1023600002E0641C07F0D4FD14B120780028F8D1F5
:10237000BDE870400A2007F0CBBD000010B5014653
:1023800002A0FFF7E1FF012010BD000053494752B2
:10239000545245443A2052656469726563743A2028
:1023A00063616E2774206F70656E3A200000000034
:1023B00010B5012805D0002103A0FFF7C5FF0120BB
:1023C00010BD09A1F8E7000053494752544D454D4F
:1023D0003A204F7574206F662068656170206D65C6
:1023E0006D6F7279000000003A2048656170206DC1
:1023F000656D6F727920636F7272757074656400B9
:1024000010B50146C268900703D0900607D5886AC8
:102410000AE000F017F801210160881E10BD8B69E9
:10242000486818440B69C01A91F848301BB191F8FC
:102430004910401A10BD1103FCD50028FADD401EDA
:1024400010BD000000487047FC010024000000009F
:1024500080B582B04BF60E00C0F6000007F0E0FD3C
:102460004BF62700C0F6000007F0DAFDEFF310800E
:1024700072B60190FFE7FEE780B586B0049004983D
:1024800020B9FFE701208DF8170046E3049890F883
:102490003500022807D0FFE7049980204865012015
:1024A0008DF8170039E30498016801201022C4F266
:1024B00002029142029000F0A380FFE704980168B5
:1024C00001202822C4F202029142029000F098807A
:1024D000FFE70498016801204022C4F20202914201
:1024E000029000F08D80FFE70498016801205822D7
:1024F000C4F202029142029000F08280FFE7049849
:10250000016801207022C4F202029142029077D049
:10251000FFE70498016801208822C4F20202914278
:1025200002906DD0FFE7049801680120A022C4F258
:1025300002029142029063D0FFE7049801680120F3
:10254000B822C4F202029142029059D0FFE70498E7
:102550000168012040F21042C4F20202914202904E
:102560004ED0FFE704980168012040F22842C4F2EF
:1025700002029142029043D0FFE7049801680120D3
:1025800040F24042C4F202029142029038D0FFE78A
:1025900004980168012040F25842C4F202029142BC
:1025A00002902DD0FFE704980168012040F27042AC
:1025B000C4F202029142029022D0FFE7049801681F
:1025C000012040F28842C4F202029142029017D0E8
:1025D000FFE704980168012040F2A042C4F2020221
:1025E000914202900CD0FFE7049800684FF6483102
:1025F000CBF6FD710844B0FA80F040090290FFE785
:102600000298C007002800F09D80FFE7049904208D
:1026100081F83500049800681021C4F20201884254
:1026200000F08180FFE7049800682821C4F20201CD
:10263000884278D0FFE7049800684021C4F2020184
:10264000884270D0FFE7049800685821C4F2020164
:10265000884268D0FFE7049800687021C4F2020144
:10266000884260D0FFE7049800688821C4F2020124
:10267000884258D0FFE704980068A021C4F2020104
:10268000884250D0FFE704980068B821C4F20201E4
:10269000884248D0FFE70498006840F21041C4F235
:1026A000020188423FD0FFE70498006840F22841C9
:1026B000C4F20201884236D0FFE70498006840F275
:1026C0004041C4F2020188422DD0FFE7049800681F
:1026D00040F25841C4F20201884224D0FFE7049836
:1026E000006840F27041C4F2020188421BD0FFE74B
:1026F0000498006840F28841C4F20201884212D076
:10270000FFE70498006840F2A041C4F20201884249
:1027100009D0FFE70498006840F2B841C4F2020112
:10272000884207D1FFE704980168086820F001009B
:10273000086006E004980168086820F0010008605D
:10274000FFE7E5E104980168086820F00E000860E2
:10275000049800681021C4F20201884200F08180D0
:10276000FFE7049800682821C4F20201884278D06B
:10277000FFE7049800684021C4F20201884270D04B
:10278000FFE7049800685821C4F20201884268D02B
:10279000FFE7049800687021C4F20201884260D00B
:1027A000FFE7049800688821C4F20201884258D0EB
:1027B000FFE704980068A021C4F20201884250D0CB
:1027C000FFE704980068B821C4F20201884248D0AB
:1027D000FFE70498006840F21041C4F20201884209
:1027E0003FD0FFE70498006840F22841C4F202019C
:1027F000884236D0FFE70498006840F24041C4F2B6
:10280000020188422DD0FFE70498006840F2584149
:10281000C4F20201884224D0FFE70498006840F225
:102820007041C4F2020188421BD0FFE7049800689F
:1028300040F28841C4F20201884212D0FFE70498B6
:10284000006840F2A041C4F20201884209D0FFE7CB
:102850000498006840F2B841C4F20201884207D1EE
:10286000FFE704980168086820F00100086006E0AE
:1028700004980168086820F001000860FFE70498E8
:10288000016801201022C4F202029142019000F07E
:102890000381FFE70498016801202822C4F20202A4
:1028A0009142019000F0F880FFE704980168012050
:1028B0004022C4F202029142019000F0ED80FFE755
:1028C0000498016801205822C4F20202914201904A
:1028D00000F0E280FFE70498016801207022C4F252
:1028E00002029142019000F0D780FFE7049801684E
:1028F00001208822C4F202029142019000F0CC80B3
:10290000FFE7049801680120A022C4F2020291426C
:10291000019000F0C180FFE7049801680120B8220F
:10292000C4F202029142019000F0B680FFE70498E1
:102930000168012040F21042C4F20202914201906B
:1029400000F0AA80FFE704980168012040F22842C5
:10295000C4F202029142019000F09E80FFE70498C9
:102960000168012040F24042C4F20202914201900B
:1029700000F09280FFE704980168012040F258427D
:10298000C4F202029142019000F08680FFE70498B1
:102990000168012040F27042C4F2020291420190AB
:1029A0007AD0FFE704980168012040F28842C4F21F
:1029B0000202914201906FD0FFE704980168012064
:1029C00040F2A042C4F202029142019064D0FFE7BB
:1029D00004980168012040F2B842C4F20202914218
:1029E000019059D0FFE704980168012045F20842A0
:1029F000C5F60202914201904ED0FFE704980168AB
:102A0000012045F21C42C5F602029142019043D0DA
:102A1000FFE704980168012045F23042C5F6020242
:102A20009142019038D0FFE704980168012045F2F7
:102A30004442C5F60202914201902DD0FFE704986E
:102A40000168012045F25842C5F602029142019008
:102A500022D0FFE704980168012045F26C42C5F6D8
:102A600002029142019017D0FFE70498016801200B
:102A700045F28042C5F60202914201900CD0FFE778
:102A8000049800684AF66C31CAF2FD710844B0FA45
:102A900080F040090190FFE70198C00728B3FFE7E5
:102AA0000498016E086820F4807008600498806DB6
:102AB00003900498C06D00F01F0101208840039925
:102AC00048600498416E806E48600498C06E58B1AA
:102AD000FFE70498C16E086820F4807008600498CD
:102AE000016F406F4860FFE7FFE7FFE704990020B0
:102AF00081F83400FFE70499012081F8350004983B
:102B0000006D20B1FFE70498016D8847FFE7FFE7FC
:102B1000FFE700208DF81700FFE79DF8170006B0CB
:102B200080BD00000000000080B582B00190002050
:102B3000009000F049FB0090FFE700F045FB009992
:102B4000401A0199884201D2FFE7F6E702B080BD42
:102B500090B00F900E9100200D908020C5F60000DF
:102B60000A90FFE70E980D99C840002800F01181E7
:102B7000FFE70E980D9A0121914008400C900C98A7
:102B8000002800F00281FFE70D9820F0030040F2DA
:102B90000841C5F6000140580B900D9800F0030065
:102BA00081000F2000FA01F10B9808400B900B9860
:102BB00009900F980021C5F60201884203D1FFE772
:102BC000002008907AE00F9840F20041C5F602011B
:102BD000884203D1FFE7012007906CE00F9840F690
:102BE0000001C5F60201884203D1FFE702200690EA
:102BF0005EE00F9840F60041C5F60201884203D11D
:102C0000FFE70320059050E00F9841F20001C5F660
:102C10000201884203D1FFE70420049042E00F98AC
:102C200041F20041C5F60201884203D1FFE70520C9
:102C3000039034E00F9841F60001C5F60201884286
:102C400003D1FFE70620029026E00F9841F60041ED
:102C5000C5F60201884203D1FFE70720019018E082
:102C60000F9842F20001C5F60201884203D1FFE746
:102C7000082000900AE00F9942F20042C5F60202D5
:102C80000A20914208BF09200090FFE700980190B8
:102C9000FFE701980290FFE702980390FFE703988F
:102CA0000490FFE704980590FFE705980690FFE77A
:102CB00006980790FFE707980890FFE7099808999A
:102CC0000D9A02F003029200914088422AD1FFE758
:102CD0000C9A0A990868904308600C9A0A99486807
:102CE000904348600C9A4FF0B041086890430860E8
:102CF0000C9A0421C5F600010868904308600D98FD
:102D000000F0030081000F2088400B900B9B0D9872
:102D100020F0030140F20842C5F6000288589843AB
:102D20008850FFE70D984100032000FA01F30F9A45
:102D3000116819431160DDF834C00CF007018A00F6
:102D40000F2101FA02F30F996FF0030202EA5C020D
:102D50000A44116A994311620D99490000FA01F37E
:102D60000F9AD1689943D1600D9A012101FA02F3BB
:102D70000F9A5168994351600D99490000FA01F288
:102D80000F99886890438860FFE70D9801300D9097
:102D9000E8E610B07047000090B00F900E91002050
:102DA0000D908020C5F600000A90FFE70E9800689D
:102DB0000D99C840002800F0D081FFE70E98006808
:102DC0000D9A0121914008400C900C98002800F0C9
:102DD000C081FFE70E98406801280FD0FFE70E98EA
:102DE000406802280AD0FFE70E984068112805D0F5
:102DF000FFE70E98406812282FD1FFE70F988068F0
:102E00000B900D984100032000FA01F10B988843C4
:102E10000B900E98C0680D99490000FA01F10B98CB
:102E200008430B900B980F9988600F9840680B909F
:102E30000D99012000FA01F10B9888430B900E9830
:102E40004068C0F300100D9900FA01F10B98084397
:102E50000B900B980F994860FFE70F98C0680B9094
:102E60000D984100032000FA01F10B9888430B9064
:102E70000E9880680D99490000FA01F10B980843FB
:102E80000B900B980F99C8600E984068022805D0E7
:102E9000FFE70E984068122826D1FFE70F980D999A
:102EA0006FF0030202EA51010844006A0B900D988A
:102EB00000F0070081000F2000FA01F10B98884311
:102EC0000B900E9800690D9901F00701890000FA36
:102ED00001F10B9808430B900B980F990D9B02EA98
:102EE000530211440862FFE70F9800680B900D9899
:102EF0004100032000FA01F10B9888430B900E98D3
:102F0000406800F003000D99490000FA01F10B98A8
:102F100008430B900B980F9908600E98C079C00673
:102F2000002840F11581FFE7FFE744F2F440C5F6C1
:102F30000200016841F002010160006800F0020037
:102F400009900998FFE70D9820F0030040F208412E
:102F5000C5F6000140580B900D9800F00300810069
:102F60000F2000FA01F10B9888430B900F98002175
:102F7000C5F60201884203D1FFE7002008907AE0FD
:102F80000F9840F20041C5F60201884203D1FFE7E5
:102F9000012007906CE00F9840F60001C5F6020191
:102FA000884203D1FFE7022006905EE00F9840F6CA
:102FB0000041C5F60201884203D1FFE703200590D6
:102FC00050E00F9841F20001C5F60201884203D19A
:102FD000FFE70420049042E00F9841F20041C5F65B
:102FE0000201884203D1FFE70520039034E00F98E7
:102FF00041F60001C5F60201884203D1FFE7062031
:10300000029026E00F9841F60041C5F60201884281
:1030100003D1FFE70720019018E00F9842F200016A
:10302000C5F60201884203D1FFE7082000900AE0BC
:103030000F9942F20042C5F602020A20914208BFEF
:1030400009200090FFE700980190FFE701980290A7
:10305000FFE702980390FFE703980490FFE70498C6
:103060000590FFE705980690FFE706980790FFE7B1
:1030700007980890FFE708980D9901F0030189006F
:1030800000FA01F10B9808430B900B980D9921F071
:10309000030140F20842C5F6000288500A98006811
:1030A0000B900C990B9888430B900E988079C00771
:1030B00028B1FFE70C990B9808430B90FFE70B989A
:1030C0000A9908600A9840680B900C990B988843FD
:1030D0000B900E9880798007002805D5FFE70C99A2
:1030E0000B9808430B90FFE70B980A9948604FF044
:1030F000B04000680B900C990B9888430B900E9889
:103100008079C006002805D5FFE70C990B98084385
:103110000B90FFE70B984FF0B04108600420C5F614
:10312000000000680B900C990B9888430B900E9848
:1031300080798006002805D5FFE70C990B98084395
:103140000B90FFE70B980421C5F600010860FFE72C
:10315000FFE70D9801300D9028E610B07047000091
:1031600083B00290ADF80610029840690090009A72
:10317000BDF8060002EA0001904340EA01400299CE
:10318000886103B07047000082B00190ADF8021072
:103190008DF801209DF8010028B1FFE7BDF802007D
:1031A0000199886105E0BDF8020000040199886179
:1031B000FFE702B07047000041F20000C5F6004092
:1031C0000068000C7047000080B582B040F2F0004B
:1031D000C2F20040406880470190019820B9FFE7A3
:1031E00006F082FF0190FFE7019802B080BD000069
:1031F0004EF60000C1F6F170006870470000000054
:103200004EF60400C1F6F17000687047000000003F
:103210004EF60800C1F6F17000687047000000002B
:1032200082B00090009946F28040C5F6020050F846
:10323000210040F20031C8F20001884204D1FFE7CA
:1032400000208DF8070003E001208DF80700FFE75C
:103250009DF8070002B0704782B00190009100987D
:1032600040F44070019A46F20041C5F6020141F86F
:10327000220002B07047000080B582B0032000F049
:10328000F7F801F0A1FB44F21842C5F602021168FA
:10329000C1F303234BF2FC31C0F60001CB5C03F019
:1032A0001F03D84000900098126802F00F02895C5A
:1032B00001F01F01C84040F21001C2F20041086055
:1032C000009840F20C01C2F2004108600F2000F0AB
:1032D00013F820B1FFE701208DF8070005E000F0AA
:1032E00093F800208DF80700FFE79DF8070002B073
:1032F00080BD00000000000080B582B0019040F267
:10330000F000C2F2004000688047002002B080BD9B
:1033100080B582B00190019840784EF69851CEF277
:10332000000108600198007898B3FFE701984068B1
:103330004EF69C51CEF200010860DDF804C0CDF8D5
:1033400000C09CF80C0000079CF80B1040EA0160DC
:103350009CF800109CF808209CF809309CF80AE0C2
:1033600040EACE409CF80DE040EA8E409CF80EE02A
:1033700040EA4E409CF80FC040EA0C4040EA03206F
:1033800040EA420008434EF6A051CEF20001086028
:103390000BE04EF69C51CEF20001002008604EF684
:1033A000A051CEF200010860FFE702B080BD00002E
:1033B000BFF35F8F4EF62451CEF20001086820F46F
:1033C000803008604EF69451CEF200010020086073
:1033D000704700000000000081B00090009840F0AD
:1033E00001004EF69451CEF2000108604EF62451D1
:1033F000CEF20001086840F480300860BFF34F8FC0
:10340000BFF36F8F01B070477047000000000000ED
:1034100080B582B0ADF80600BDF9060006F0ECFC00
:1034200002B080BD0000000080B582B0ADF806009B
:10343000BDF9060006F0FCFC02B080BD00000000F3
:1034400080B586B0ADF816000491039206F008FD31
:103450000290BDF91600019002980499039A03F0B6
:103460006BFF0146019806F003FD06B080BD000029
:1034700080B582B00190019806F01EFD02B080BDBB
:1034800080B584B0029044F60C00C5F602000068D6
:1034900000F00700062813D0FFE744F60C00C5F63D
:1034A0000200006800F03F000299884204D0FFE764
:1034B00001208DF80F005CE000208DF80F0058E02F
:1034C00044F60C01C5F60201086820F03F00029A9C
:1034D00010430860FFF778FE0190FFE744F6040010
:1034E000C5F60200006800F400510020B0EB513F27
:1034F0000DD1FFE7FFF768FE0199401AB0F57A7F1A
:1035000004D9FFE701208DF80F0032E0E6E70298CA
:103510001E280CD0FFE702982E2808D0FFE702985B
:103520001D2804D0FFE702982D281ED1FFE7FFF7E2
:103530004BFE0190FFE744F60C00C5F60200006860
:1035400000F480310020B0EB114F0DD1FFE7FFF701
:103550003BFE0199401AB0F57A7F04D9FFE70120BC
:103560008DF80F0005E0E6E7FFE700208DF80F007B
:10357000FFE79DF80F0004B080BD000000000000D0
:1035800044F60001C5F60201086840F48070086046
:10359000704700000000000081B00090009A44F2E3
:1035A000A041C5F6020108681043086001B07047E9
:1035B00080B59AB0189000208DF857008DF856000D
:1035C0001898C0780007002848D5FFE71898406E83
:1035D000149078B1FFE71498B0F5801F13D0FFE77F
:1035E0001498B0F5001F16D0FFE71498B0F5401FEF
:1035F00019D019E044F22C41C5F60201086840F4E4
:103600000030086014E018980430022103F004FF31
:103610008DF857000CE018982430022103F0E4FFE5
:103620008DF8570004E003E001208DF85700FFE714
:103630009DF8570060B9FFE744F25041C5F602011A
:10364000086820F44010189A526E1043086004E095
:103650009DF857008DF85600FFE7FFE7189840786F
:10366000C007002840D0FFE71898406D1390042849
:1036700020D81399DFE801F0030C141C1D0044F25C
:103680002C41C5F60201086840F40030086015E0DE
:1036900018980430002103F0BFFE8DF857000DE0AC
:1036A00018982430002103F09FFF8DF8570005E0A3
:1036B00004E003E001208DF85700FFE79DF8570074
:1036C00060B9FFE744F25041C5F60201086820F0F6
:1036D0000700189A526D1043086004E09DF85700E7
:1036E0008DF85600FFE7FFE718984078800700281C
:1036F0004BD5FFE71898806D129088B1FFE71298BC
:10370000402816D0FFE7129880281AD0FFE71298B9
:10371000C0281ED0FFE71298B0F5807F1AD01AE0BB
:1037200044F22C41C5F60201086840F400300860FC
:1037300015E018980430002103F06EFE8DF8570054
:103740000DE018982430002103F04EFF8DF857004B
:1037500005E004E003E001208DF85700FFE79DF845
:10376000570060B9FFE744F25041C5F6020108680E
:1037700020F4E070189A926D1043086004E09DF800
:1037800057008DF85600FFE7FFE71898407840078C
:10379000002850D5FFE71898D0F8A4001190A0B1E8
:1037A000FFE71198B0F5001F18D0FFE71198B0F5AA
:1037B000800F1BD0FFE71198B0F5C00F1ED0FFE7B8
:1037C0001198B0F5000F1AD01AE044F22C41C5F65A
:1037D0000201086840F40030086015E018980430D1
:1037E000002103F019FE8DF857000DE018982430E1
:1037F000002103F0F9FE8DF8570005E004E003E036
:1038000001208DF85700FFE79DF8570068B9FFE7E2
:1038100044F25841C5F60201086820F46000189A85
:10382000D2F8A4201043086004E09DF857008DF8FA
:103830005600FFE7FFE7189840780007002850D5AA
:10384000FFE71898D0F8A8001090A0B1FFE71098F3
:10385000B0F1807F18D0FFE71098B0F1007F1BD047
:10386000FFE71098B0F1407F1ED0FFE71098B0F14D
:10387000806F1AD01AE044F22C41C5F602010868A4
:1038800040F40030086015E018980430002103F07F
:10389000C3FD8DF857000DE018982430002103F087
:1038A000A3FE8DF8570005E004E003E001208DF849
:1038B0005700FFE79DF8570068B9FFE744F2584109
:1038C000C5F60201086820F0E060189AD2F8A82036
:1038D0001043086004E09DF857008DF85600FFE79C
:1038E000FFE71898C078800700283ED5FFE71898B2
:1038F000806C0F90F0B1FFE70F98102808D0FFE719
:103900000F9820280DD0FFE70F98302811D012E033
:1039100044F22C41C5F60201086840F4003008600A
:103920000DE018980430022103F076FD8DF8570061
:1039300005E004E003E001208DF85700FFE79DF863
:10394000570060B9FFE744F24C41C5F60201086830
:1039500020F03000189A926C1043086004E09DF843
:1039600057008DF85600FFE7FFE718984078C0062B
:1039700000284ED5FFE71898C06D0E90A0B1FFE764
:103980000E98B0F5805F18D0FFE70E98B0F5005F95
:103990001BD0FFE70E98B0F5405F1ED0FFE70E98F2
:1039A000B0F5804F1AD01AE044F22C41C5F602015E
:1039B000086840F40030086015E0189804300021D1
:1039C00003F02AFD8DF857000DE0189824300021EF
:1039D00003F00AFE8DF8570005E004E003E0012043
:1039E0008DF85700FFE79DF8570060B9FFE744F2F4
:1039F0005041C5F60201086820F4E040189AD26DE3
:103A00001043086004E09DF857008DF85600FFE76A
:103A1000FFE718984078800600284CD5FFE71898F3
:103A2000006E0D90C8B1FFE70D98B0F5803F15D03E
:103A3000FFE70D98B0F5003F18D0FFE70D98B0F5FF
:103A4000403F1BD0FFE70D98B0F5802F17D0FFE760
:103A50000D98B0F5A02F13D013E016E0189804309D
:103A6000012103F0D9FC8DF857000EE0189824309E
:103A7000012103F0B9FD8DF8570006E005E004E0F0
:103A800003E001208DF85700FFE79DF8570060B96B
:103A9000FFE744F25041C5F60201086820F4E02037
:103AA000189A126E1043086004E09DF857008DF8D4
:103AB0005600FFE7FFE718984078400600284ED5EB
:103AC000FFE71898D0F8AC000C90C8B1FFE70C984D
:103AD000B0F1805F15D0FFE70C98B0F1005F18D00F
:103AE000FFE70C98B0F1405F1BD0FFE70C98B0F1F6
:103AF000804F17D0FFE70C98B0F1A04F13D013E020
:103B000016E018980430012103F086FC8DF8570068
:103B10000EE018982430012103F066FD8DF857005F
:103B200006E005E004E003E001208DF85700FFE720
:103B30009DF8570068B9FFE744F25841C5F6020105
:103B4000086820F0E040189AD2F8AC2010430860D2
:103B500004E09DF857008DF85600FFE7FFE718983E
:103B60004078000600283BD5FFE71898C06E0B9000
:103B7000D8B1FFE70B98B0F1805F05D0FFE70B9855
:103B8000B0F1005F09D011E044F22C41C5F602010A
:103B9000086840F4003008600CE0189804300121F7
:103BA00003F03AFC8DF8570004E003E001208DF8A3
:103BB0005700FFE79DF8570060B9FFE744F2504116
:103BC000C5F60201086820F04050189AD26E1043E2
:103BD000086004E09DF857008DF85600FFE7FFE706
:103BE0001898C078C007002837D0FFE71898406CB5
:103BF0000A90032817D80A99DFE801F014020B1382
:103C000044F22C41C5F60201086840F40030086017
:103C10000DE018980430022103F0FEFB8DF85700E8
:103C200005E004E003E001208DF85700FFE79DF870
:103C3000570060B9FFE744F24C41C5F6020108683D
:103C400020F00300189A526C1043086004E09DF8BD
:103C500057008DF85600FFE7FFE718988078400678
:103C6000002840F1B480FFE744F60001C5F60201E8
:103C7000086840F480700860FFF7A6FA1690FFE726
:103C800044F60000C5F602000068C00500280CD408
:103C9000FFE7FFF799FA1699401A652804D3FFE762
:103CA00003208DF8570000E0EAE79DF85700002850
:103CB00040F08780FFE744F27040C5F602000068DC
:103CC00000F440701899D1F8B01001F440718842A6
:103CD00013D0FFE744F27041C5F60201086820F4F2
:103CE00040701790086840F480300860086820F43D
:103CF0008030086017980860FFE71898D0F8B00087
:103D0000B0F5807F1FD1FFE7FFF75EFA1690FFE75F
:103D100044F27040C5F60200006800F00201002085
:103D2000B0EB510F0ED1FFE7FFF74EFA1699401A8C
:103D300041F28931884204D3FFE703208DF8570010
:103D400000E0E5E7FFE79DF85700A0BBFFE7FFE7CE
:103D50001898D0F8B00000F44070B0F5407F13D14F
:103D6000FFE744F21041C5F60201086820F47C50D8
:103D7000189AD2F8B0204FF6F043C0F6FF731A40FD
:103D800040EA1210086008E044F21041C5F6020152
:103D9000086820F47C500860FFE71898D0F8B0203D
:103DA0006FF31F3244F27041C5F6020108681043F8
:103DB0000860FFE704E09DF857008DF85600FFE724
:103DC00004E09DF857008DF85600FFE7FFE71898CC
:103DD0000078C007002800F04C80FFE71898806F3B
:103DE000099028282BD80999DFE801F015292929FD
:103DF0002929292916292929292929291E29292951
:103E00002929292926292929292929292729292927
:103E100029292929280016E018980430012103F0E7
:103E2000FBFA8DF857000EE018982430012103F0BA
:103E3000DBFB8DF8570006E005E004E003E001201D
:103E40008DF85700FFE79DF8570060B9FFE744F28F
:103E50005441C5F60201086820F03800189A926FA4
:103E60001043086004E09DF857008DF85600FFE706
:103E7000FFE7189800788007002839D5FFE71898E1
:103E8000406F0890052819D80899DFE801F003046D
:103E90000C14151616E018980430012103F0BCFA32
:103EA0008DF857000EE018982430012103F09CFB98
:103EB0008DF8570006E005E004E003E001208DF8EE
:103EC0005700FFE79DF8570060B9FFE744F25441FF
:103ED000C5F60201086820F00700189A526F1043D7
:103EE000086004E09DF857008DF85600FFE7FFE7F3
:103EF00018980078400700283BD5FFE71898D0F8BD
:103F000090000790052819D80799DFE801F003040D
:103F10000C14151616E018980430012103F07CFAF1
:103F20008DF857000EE018982430012103F05CFB57
:103F30008DF8570006E005E004E003E001208DF86D
:103F40005700FFE79DF8570068B9FFE744F2584172
:103F5000C5F60201086820F00700189AD2F89020F0
:103F60001043086004E09DF857008DF85600FFE705
:103F7000FFE718980078800600284ED5FFE71898CC
:103F8000D0F88C000690C8B1FFE70698B0F1805FCA
:103F900015D0FFE70698B0F1005F18D0FFE706984C
:103FA000B0F1405F1BD0FFE70698B0F1804F17D00B
:103FB000FFE70698B0F1A04F13D013E016E0189871
:103FC0000430002103F028FA8DF857000EE018980D
:103FD0002430022103F008FB8DF8570006E005E0CD
:103FE00004E003E001208DF85700FFE79DF857003B
:103FF00068B9FFE744F25441C5F60201086820F0B1
:10400000E040189AD2F88C201043086004E09DF834
:1040100057008DF85600FFE7FFE718980078400634
:1040200000284ED5FFE71898D0F898000590C8B141
:10403000FFE70598B0F5806F15D0FFE70598B0F55C
:10404000006F18D0FFE70598B0F5406F1BD0FFE771
:104050000598B0F5805F17D0FFE70598B0F5A05F31
:1040600013D013E016E018980430002103F0D4F9BF
:104070008DF857000EE018982430022103F0B4FAAE
:104080008DF8570006E005E004E003E001208DF81C
:104090005700FFE79DF8570068B9FFE744F2584121
:1040A000C5F60201086820F4E050189AD2F898206A
:1040B0001043086004E09DF857008DF85600FFE7B4
:1040C000FFE718980078000600284ED5FFE71898FB
:1040D000D0F89C000490C8B1FFE70498B0F5005FE9
:1040E00015D0FFE70498B0F5804F18D0FFE704988B
:1040F000B0F5C04F1BD0FFE70498B0F5004F17D0C4
:10410000FFE70498B0F5204F13D013E016E018989D
:104110000430002103F080F98DF857000EE0189864
:104120002430022103F060FA8DF8570006E005E024
:1041300004E003E001208DF85700FFE79DF85700E9
:1041400068B9FFE744F25841C5F60201086820F457
:104150006040189AD2F89C201043086004E09DF853
:1041600057008DF85600FFE7FFE718980078000722
:10417000002820D5FFE71898D0F88000B0F5805FC0
:104180000CD1FFE718982430022103F02DFA20B15A
:10419000FFE701208DF85600FFE7FFE744F25441A6
:1041A000C5F60201086820F44050189AD2F8802021
:1041B00010430860FFE718980078C006002820D553
:1041C000FFE71898D0F89400B0F5807F0CD1FFE796
:1041D00018982430022103F007FA20B1FFE70120EC
:1041E0008DF85600FFE7FFE744F25841C5F602019B
:1041F000086820F44070189AD2F8942010430860A0
:10420000FFE718988078000700283CD5FFE718984A
:10421000D0F8A000039050B1FFE70398B0F5803FBD
:104220000DD0FFE70398B0F5003F10D010E01898CC
:104230000430002103F0F0F88DF857000CE01898D6
:104240002430022103F0D0F98DF8570004E003E098
:1042500001208DF85700FFE79DF8570068B9FFE788
:1042600044F25841C5F60201086820F44030189A1B
:10427000D2F8A0201043086004E09DF857008DF8A4
:104280005600FFE7FFE718988078400700283FD5E1
:10429000FFE71898D0F884000290B0F5801F0AD08C
:1042A000FFE70298B0F5001F0ED0FFE70298B0F5C7
:1042B000401F11D011E044F22C41C5F602010868FC
:1042C00040F4003008600CE018982430012103F01D
:1042D0008BF98DF8570004E003E001208DF85700BA
:1042E000FFE79DF8570068B9FFE744F25441C5F66F
:1042F0000201086820F44010189AD2F88420104374
:10430000086004E09DF857008DF85600FFE7FFE7CE
:1043100018988078C007A8B3FFE71898C06C019080
:1043200028B1FFE70198B0F5803F09D010E044F2D2
:104330002C41C5F60201086840F4003008600BE02B
:1043400018980430022103F067F88DF8570003E055
:1043500001208DF85700FFE79DF8570060B9FFE78F
:1043600044F24C41C5F60201086820F48030189AE6
:10437000D26C1043086004E09DF857008DF8560099
:10438000FFE7FFE71898C078800600280CD5FFE704
:1043900018982430022103F027F920B1FFE701200B
:1043A0008DF85600FFE7FFE718988078800700280F
:1043B0003AD5FFE71898C06F0090D0B1FFE700989A
:1043C000B0F5807F0AD0FFE70098B0F5007F0ED0EF
:1043D000FFE70098B0F5407F0AD00BE044F22C4193
:1043E000C5F60201086840F40030086006E005E008
:1043F00004E003E001208DF85700FFE79DF8570027
:1044000060B9FFE744F25441C5F60201086820F4A0
:104410004070189AD26F1043086004E09DF857006E
:104420008DF85600FFE7FFE718988078C00600284F
:104430000CD5FFE744F25041C5F60201086820F0B0
:104440000040189A126F10430860FFE71898C07870
:10445000C00600280DD5FFE744F21041C5F6020161
:10446000086820F48040189AD2F8B42010430860FD
:10447000FFE718988078800600280CD5FFE744F203
:104480005041C5F60201086820F08070189A926EBB
:1044900010430860FFE71898C0784006002811D53F
:1044A000FFE7FFE744F21041C5F60201086820F477
:1044B000004008601898D0F8B820086810430860D9
:1044C000FFE7FFE71898C078000600280CD5FFE743
:1044D00044F24C41C5F60201086820F04050189A99
:1044E000126D10430860FFE71898807800060028D6
:1044F0000DD5FFE744F25441C5F60201086820F4E7
:104500004000189AD2F8882010430860FFE79DF811
:10451000560020B9FFE700208DF8670003E0012076
:104520008DF86700FFE79DF867001AB080BD0000B6
:1045300080B586B004900391049820B9FFE701206C
:104540008DF817003CE2039842F20001C5F2002109
:10455000096801F00F01884216D9FFE742F2000016
:10456000C5F20020016821F00F01039A1143016098
:10457000006800F00F000399884204D0FFE7012093
:104580008DF817001CE2FFE7049800784007002828
:1045900019D5FFE70498006944F21841C5F60201F5
:1045A000096801F0700188420CD9FFE744F2184114
:1045B000C5F60201086820F07000049A12691043E1
:1045C0000860FFE7FFE7049800780007002819D586
:1045D000FFE70498406944F21C41C5F602010968EE
:1045E00001F0700188420CD9FFE744F21C41C5F686
:1045F0000201086820F07000049A526910430860B4
:10460000FFE7FFE704980078C006002819D5FFE708
:104610000498806944F21C41C5F60201096801F45E
:10462000E06188420CD9FFE744F21C41C5F6020163
:10463000086820F4E060049A926910430860FFE77C
:10464000FFE7049800788006002819D5FFE7049852
:10465000C06944F22041C5F60201096801F0700109
:1046600088420CD9FFE744F22041C5F602010868F0
:1046700020F07000049AD26910430860FFE7FFE75A
:10468000049800788007002819D5FFE70498C068CF
:1046900044F21841C5F60201096801F00F01884291
:1046A0000CD9FFE744F21841C5F60201086820F072
:1046B0000F00049AD26810430860FFE7FFE70498F0
:1046C0000078C007002800F08C80FFE744F2184112
:1046D000C5F60201086820F47060049A92681043DD
:1046E000086004984068022811D1FFE744F20040B6
:1046F000C5F60200006800F400310020B0EB514F15
:1047000004D1FFE701208DF8170059E13EE004983D
:104710004068032811D1FFE744F20040C5F60200CB
:10472000006800F000710020B0EB516F04D1FFE78A
:1047300001208DF8170043E127E004984068012824
:1047400011D1FFE744F20040C5F60200006800F412
:1047500080710020B0EB112F04D1FFE701208DF80C
:1047600017002DE110E044F20040C5F60200006899
:1047700000F004010020B0EB910F04D1FFE701200D
:104780008DF817001CE1FFE7FFE7FFE744F2104157
:10479000C5F60201086820F00700049A5268104329
:1047A0000860FEF711FD0190FFE744F21040C5F6E6
:1047B0000200006800F0380004994968B0EBC10FAE
:1047C0000ED0FFE7FEF700FD0199401A41F2893152
:1047D000884204D3FFE703208DF81700F0E0E4E7F8
:1047E000FFE7049800788007002819D5FFE70498B0
:1047F000C06844F21841C5F60201096801F00F01D2
:1048000088420CD2FFE744F21841C5F6020108685D
:1048100020F00F00049AD26810430860FFE7FFE71A
:10482000039842F20001C5F20021096801F00F016E
:10483000884216D2FFE742F20000C5F2002001686C
:1048400021F00F01039A11430160006800F00F008E
:104850000399884204D0FFE701208DF81700AFE0EC
:10486000FFE7049800784007002819D5FFE704986F
:10487000006944F21841C5F60201096801F07001AF
:1048800088420CD2FFE744F21841C5F602010868DD
:1048900020F07000049A126910430860FFE7FFE7F8
:1048A000049800780007002819D5FFE704984069AC
:1048B00044F21C41C5F60201096801F0700188420A
:1048C0000CD2FFE744F21C41C5F60201086820F053
:1048D0007000049A526910430860FFE7FFE70498EC
:1048E0000078C006002819D5FFE70498806944F2D3
:1048F0001C41C5F60201096801F4E06188420CD24E
:10490000FFE744F21C41C5F60201086820F4E060AC
:10491000049A926910430860FFE7FFE70498007863
:104920008006002819D5FFE70498C06944F22041A9
:10493000C5F60201096801F0700188420CD2FFE758
:1049400044F22041C5F60201086820F07000049A84
:10495000D26910430860FFE7FFE700F035F844F242
:104960001842C5F602021168C1F303234BF2FC3171
:10497000C0F60001CB5C03F01F03D8400090009804
:10498000126802F00F02895C01F01F01C84040F27A
:104990001001C2F200410860009840F20C01C2F21E
:1049A0000041086040F2F800C2F200400068FEF7E3
:1049B000A3FC8DF80B009DF80B008DF81700FFE7A6
:1049C0009DF8170006B080BD8AB044F21040C5F6CD
:1049D0000200006800F0380001460191182800F23A
:1049E0005F810199DFE811F019005C015C015C0155
:1049F0005C015C015C015C013A005C015C015C01F2
:104A00005C015C015C015C0140005C015C015C01DB
:104A10005C015C015C015C01460044F20040C5F6AB
:104A20000200006800F020010020B0EB511F0ED002
:104A3000FFE744F20040C5F602000068C0F3C10180
:104A400049F20000C0F2D030C840029005E049F2BF
:104A50000000C0F2D0300290FFE727E140F60010DE
:104A6000C0F23D00029021E147F64000C0F27D1007
:104A700002901BE144F22840C5F60200016801F0F3
:104A8000030108910068C0F30510079044F22C4020
:104A9000C5F60200006800F001000690069844F296
:104AA0003441C5F60201096889B2C908484300EEDD
:104AB000100AB8EE400A8DED040A0798002800F0AD
:104AC000EB80FFE70898009048B1FFE700980128C5
:104AD00065D0FFE70098022800F08380A3E044F24D
:104AE0000040C5F60200006800F020010020B0EB95
:104AF000511F31D0FFE744F20040C5F602000068C4
:104B0000C0F3C10149F20000C0F2D030C8400590A6
:104B10009DED050AB8EE400A9DED071AB8EE411A60
:104B200080EE010A44F23040C5F6020000686FF3DF
:104B30005F2001EE100AB8EE411A9DED042A9FEDA8
:104B40005E3A02EE031AB7EE002A31EE021A20EEA8
:104B5000010A8DED030A21E09DED070AB8EE401A27
:104B60009FED570A80EE010A44F23040C5F602007C
:104B700000686FF35F2001EE100AB8EE411A9DED58
:104B8000042A9FED4D3A02EE031AB7EE002A31EEE9
:104B9000021A20EE010A8DED030AFFE765E09DEDA4
:104BA000070AB8EE401A9FED450A80EE010A44F26A
:104BB0003040C5F6020000686FF35F2001EE100A76
:104BC000B8EE411A9DED042A9FED3B3A02EE031A1E
:104BD000B7EE002A31EE021A20EE010A8DED030A2B
:104BE00043E09DED070AB8EE401A9FED320A80EED1
:104BF000010A44F23040C5F6020000686FF35F20FE
:104C000001EE100AB8EE411A9DED042A9FED2A3AF2
:104C100002EE031AB7EE002A31EE021A20EE010A64
:104C20008DED030A21E09DED070AB8EE401A9FEDD5
:104C3000230A80EE010A44F23040C5F60200006803
:104C40006FF35F2001EE100AB8EE411A9DED042AC1
:104C50009FED193A02EE031AB7EE002A31EE021A5E
:104C600020EE010A8DED030AFFE744F23040C5F65D
:104C70000200006881B2012000EB512009909DEDF7
:104C8000030A9DED091AB8EE411A80EE010ABCEE46
:104C9000C00A8DED020A02E000200290FFE705E065
:104CA00040F60010C0F23D000290FFE702980AB003
:104CB000704700BF20BCBE4B000000390024744A7E
:104CC0000024744C0000000080B58AB0099008915F
:104CD0000792099860BBFFE7FFE744F2E040C5F6A2
:104CE0000200016841F001010160006800F001006C
:104CF00001900198FFE74FF480700290022003902A
:104D0000032005900020049006900020C5F60200C4
:104D100002A9FEF741F844F21041C5F60201086805
:104D200020F0FE70089A079B1A43104308602DE09C
:104D3000FFE744F2E040C5F60200016841F00401DB
:104D40000160006800F0040000900098FFE74FF455
:104D50000070029002200390032005900020049030
:104D6000069040F60000C5F6020002A9FEF714F80E
:104D700044F21041C5F60201086820F07E40089A0E
:104D8000079B42EAC31210430860FFE70AB080BDE8
:104D900080B58CB00A900A9828B9FFE701208DF8F9
:104DA0002F0000F03CBD0A980078C007002800F0F2
:104DB000B980FFE744F21040C5F60200006800F039
:104DC0003800069044F22840C5F6020000680590BD
:104DD000069810280AD0FFE7069818281CD1FFE78C
:104DE000059800F00300022816D1FFE744F20040C6
:104DF000C5F60200006800F400310020B0EB514F0E
:104E000009D0FFE70A98406828B9FFE701208DF82C
:104E10002F0000F004BD84E0FFE70A984068B0F579
:104E2000803F09D1FFE744F20041C5F6020108685E
:104E300040F48030086032E00A98406868B9FFE7C3
:104E400044F20041C5F60201086820F48030086091
:104E5000086820F48020086020E00A984068B0F5D7
:104E6000A02F0DD1FFE744F20041C5F6020108680A
:104E700040F480200860086840F4803008600CE04E
:104E800044F20041C5F60201086820F48030086051
:104E9000086820F480200860FFE7FFE7FFE7FFE7EE
:104EA0000A984068F0B1FFE7FEF78EF90990FFE736
:104EB00044F20040C5F60200006800F40031002012
:104EC000B0EB514F0DD1FFE7FEF77EF90999401A7B
:104ED000652805D3FFE703208DF82F0000F09FBC65
:104EE000E6E71DE0FEF770F90990FFE744F20040A5
:104EF000C5F60200006800F400310020B0EB514F0D
:104F00000DD0FFE7FEF760F90999401A652805D32F
:104F1000FFE703208DF82F0000F081BCE6E7FFE7F4
:104F2000FFE7FFE70A9800788007002840F1ED804E
:104F3000FFE744F21040C5F60200006800F03800B8
:104F4000049044F22840C5F60200006803900498DB
:104F500050B1FFE70498182850D1FFE79DF80C00E6
:104F6000800700284AD1FFE744F20040C5F602005E
:104F7000006800F004010020B0EB910F09D0FFE7BA
:104F80000A98C06828B9FFE701208DF82F0000F0CB
:104F900046BCFFE7FEF710F941F2030188421DD835
:104FA000FFE70A98006940280AD1FFE744F204416C
:104FB000C5F602010868202262F3113008600CE097
:104FC00044F20441C5F60201086820F47C300A9AD4
:104FD000126940EA02300860FFE70CE044F2044145
:104FE000C5F60201086820F0FE400A9A126940EAFC
:104FF00002600860FFE7FFE7FFE785E00A98C06806
:1050000000285BD0FFE744F20041C5F602010868C2
:1050100020F019000A9AD26810430860FEF7D4F80D
:105020000990FFE744F20040C5F60200006800F076
:1050300004010020B0EB910F0CD1FFE7FEF7C4F89C
:105040000999401A032804D3FFE703208DF82F00A5
:10505000E5E3E7E7FFE7FEF7AFF841F20301884237
:105060001DD8FFE70A98006940280AD1FFE744F2FB
:105070000441C5F602010868202262F3113008607D
:105080000CE044F20441C5F60201086820F47C30CB
:105090000A9A126940EA02300860FFE70CE044F225
:1050A0000441C5F60201086820F0FE400A9A126920
:1050B00040EA02600860FFE7FFE724E044F20041B5
:1050C000C5F60201086820F001000860FEF77CF8D0
:1050D0000990FFE744F20040C5F60200006800F0C6
:1050E00004010020B0EB910F0CD0FFE7FEF76CF845
:1050F0000999401A032804D3FFE703208DF82F00F5
:105100008DE3E7E7FFE7FFE7FFE70A980078C006CF
:10511000002840F1EB80FFE744F21040C5F60200A2
:10512000006800F03800029044F22840C5F6020002
:1051300000680190029808280AD0FFE70298182812
:1051400050D1FFE7019800F0030001284AD1FFE7A2
:1051500044F20040C5F60200006800F480710020AF
:10516000B0EB112F09D0FFE70A98C069802804D05E
:10517000FFE701208DF82F0051E3FFE7FEF71CF851
:1051800041F2030188421DD8FFE70A98006A2028EF
:105190000AD1FFE744F20441C5F602010868102273
:1051A00062F39E6008600CE044F20441C5F602011F
:1051B000086820F0F8400A9A126A40EA82600860A3
:1051C000FFE70CE044F20C41C5F60201086820F04C
:1051D0007C500A9A126A40EA02600860FFE7FFE723
:1051E000FFE782E00A98C069002858D0FFE744F240
:1051F0000041C5F60201086840F080000860FDF734
:10520000E3FF0990FFE744F20040C5F602000068A2
:1052100000F480710020B0EB112F0CD1FFE7FDF7F7
:10522000D3FF0999401A032804D3FFE703208DF820
:105230002F00F4E2E7E7FFE7FDF7BEFF41F20301CD
:1052400088421DD8FFE70A98006A20280AD1FFE7A4
:1052500044F20441C5F602010868102262F39E6020
:1052600008600CE044F20441C5F60201086820F031
:10527000F8400A9A126A40EA82600860FFE70CE090
:1052800044F20C41C5F60201086820F07C500A9AED
:10529000126A40EA02600860FFE7FFE724E044F298
:1052A0000041C5F60201086820F080000860FDF7A3
:1052B0008BFF0990FFE744F20040C5F6020000684A
:1052C00000F480710020B0EB112F0CD0FFE7FDF748
:1052D0007BFF0999401A032804D3FFE703208DF8C8
:1052E0002F009CE2E7E7FFE7FFE7FFE70A98007877
:1052F000000700284FD5FFE70A98406928B3FFE769
:1053000044F27441C5F60201086840F001000860EB
:10531000FDF75AFF0990FFE744F27440C5F602001A
:10532000006800F002010020B0EB510F0CD1FFE744
:10533000FDF74AFF0999401A032804D3FFE7032029
:105340008DF82F006BE2E7E724E044F27441C5F6E4
:105350000201086820F001000860FDF735FF0990A0
:10536000FFE744F27440C5F60200006800F0020155
:105370000020B0EB510F0CD0FFE7FDF725FF099996
:10538000401A032804D3FFE703208DF82F0046E2DC
:10539000E7E7FFE7FFE70A980078800600284FD587
:1053A000FFE70A98806928B3FFE744F20041C5F699
:1053B0000201086840F480500860FDF705FF09907D
:1053C000FFE744F20040C5F60200006800F4005117
:1053D0000020B0EB513F0CD1FFE7FDF7F5FE099936
:1053E000401A032804D3FFE703208DF82F0016E2AC
:1053F000E7E724E044F20041C5F60201086820F422
:1054000080500860FDF7E0FE0990FFE744F200409D
:10541000C5F60200006800F400510020B0EB513FD7
:105420000CD0FFE7FDF7D0FE0999401A032804D3FA
:10543000FFE703208DF82F00F1E1E7E7FFE7FFE743
:105440000A9800784007002840F1A780FFE744F65B
:105450000001C5F60201086840F480700860FDF79D
:10546000B3FE0990FFE744F60000C5F602000068AD
:10547000C00500280CD4FFE7FDF7A6FE0999401AE5
:10548000652804D3FFE703208DF82F00C7E1EAE782
:10549000FFE70A988068012809D1FFE744F27041CC
:1054A000C5F60201086840F00100086031E00A9882
:1054B000806868B9FFE744F27041C5F602010868E8
:1054C00020F001000860086820F0040008601FE078
:1054D0000A98806805280DD1FFE744F27041C5F6AF
:1054E0000201086840F004000860086840F001000C
:1054F00008600CE044F27041C5F60201086820F033
:1055000001000860086820F004000860FFE7FFE77A
:10551000FFE7FFE70A988068F8B1FFE7FDF754FE60
:105520000990FFE744F27040C5F60200006800F001
:1055300002010020B0EB510F0ED1FFE7FDF744FE52
:105540000999401A41F28931884204D3FFE70320C8
:105550008DF82F0063E1E5E71EE0FDF735FE0990C9
:10556000FFE744F27040C5F60200006800F0020157
:105570000020B0EB510F0ED0FFE7FDF725FE099993
:10558000401A41F28931884204D3FFE703208DF8A5
:105590002F0044E1E5E7FFE7FFE70A98406A0028AB
:1055A00000F03981FFE744F21040C5F602000068C0
:1055B00000F03800182800F0E080FFE70A98406A01
:1055C000022840F0B480FFE744F20041C5F6020132
:1055D000086820F080700860FDF7F6FD0990FFE78D
:1055E00044F20040C5F60200006800F0007100209F
:1055F000B0EB516F0CD0FFE7FDF7E6FD0999401ABB
:10560000032804D3FFE703208DF82F0007E1E7E725
:10561000FFE744F22841C5F60201086840F2F33280
:1056200090430A9B9A6ADB6A42EA031210430860BD
:105630000A99086BD1F834C08B6BCA6B01386FF3D1
:105640005F204FF60061CFF6FF7101EB4C2189B26C
:1056500008440021CFF6FF7101EB034101F4FE0184
:1056600008444FF07F4101EB026101F0FE41084424
:1056700044F23041C5F602010860FFE744F22C41D4
:10568000C5F602010091086820F00100086044F2AC
:105690003442C5F6020210684FF6F87398430A9B2D
:1056A0009B6C40EAC3001060086820F00C000A9A66
:1056B000126C10430860086820F002000A9A526CCD
:1056C00010430860086840F480300860086840F4BF
:1056D00000300860086840F480200860086840F0E6
:1056E0000100086044F20041C5F60201086840F07C
:1056F00080700860FDF768FD0990FFE744F2004004
:10570000C5F60200006800F000710020B0EB516F98
:105710000CD1FFE7FDF758FD0999401A032804D37F
:10572000FFE703208DF82F0079E0E7E724E044F25B
:105730000041C5F60201086820F080700860FDF79E
:1057400043FD0990FFE744F20040C5F602000068FF
:1057500000F000710020B0EB516F0CD0FFE7FDF7B7
:1057600033FD0999401A032804D3FFE703208DF87D
:105770002F0054E0E7E7FFE74CE044F22840C5F68D
:1057800002000068089044F23040C5F6020000684C
:1057900007900A98406A012837D0FFE7089800F080
:1057A00003000A99896A88422FD1FFE7089800F41C
:1057B0007C710A98C06AB0EB111F26D1FFE70798E9
:1057C0006FF35F200A99096B013988421DD1FFE709
:1057D000BDF81C100A98406B0138B0EB512F14D162
:1057E000FFE7079800F4FE010A98806B0138B0EBE0
:1057F000114F0AD1FFE7079800F0FE410A98C06BED
:105800000138B0EB116F04D0FFE701208DF82F00B5
:1058100005E0FFE7FFE700208DF82F00FFE79DF888
:105820002F000CB080BD000081B0009001B0704727
:1058300080B582B00090009820B9FFE701208DF874
:1058400007002BE00099022081F881000098016890
:10585000086820F0010008600098D0F8AC0040B95A
:10586000FFE7009945F65F70C0F60000C1F8AC0094
:10587000FFE70098D0F8AC10884700990020C1F8E5
:105880008400009981F88100FFE70099002081F8E9
:105890008000FFE700208DF80700FFE79DF8070074
:1058A00002B080BD0000000081B0009001B07047E0
:1058B00080B588B00790079800680069069007983F
:1058C000006840690590069805990840049007987B
:1058D00000688068039000200290079890F881008B
:1058E0008DF8070007980068303000909DF8100090
:1058F0004006002815D4FFE79DF810008006002818
:105900000FD4FFE79DF810004007002809D5FFE7F6
:105910000798416F88470798016F884701200290D8
:10592000FFE79DF810004006002811D4FFE79DF81E
:105930001000C00760B1FFE79DF810004007002885
:1059400006D4FFE70798016F884701200290FFE720
:105950009DF810008006002812D4FFE79DF8100083
:10596000800700280CD5FFE79DF8100040070028AD
:1059700006D4FFE70798416F884701200290FFE7B0
:10598000029808B1FFE777E19DF8100000070028B2
:1059900040F1A980FFE707980168886940F0080096
:1059A000886107980168886940F01000886107984D
:1059B0000168886940F40060886107980168086997
:1059C00020F0080008619DF80D0010F0C00F15D000
:1059D000FFE79DF80700042805D0FFE70798806FD0
:1059E000C06958B1FFE79DF80700032859D0FFE7C9
:1059F0000798C06FC069002853D1FFE70798006877
:105A0000806810F4404F3AD1FFE7FFE70798B0F8FD
:105A10006A0098B3FFE70798C06810280BD3FFE728
:105A200007980068006B0799496E08600799486EEF
:105A3000043048661BE00798C06808280AD3FFE7CF
:105A4000009800880799496E08800799486E0230CF
:105A500048660BE00798006890F830000799496E97
:105A600008700799486E01304866FFE7FFE707991D
:105A7000B1F86A000138A1F86A00C7E7FFE70798A4
:105A800001F0B6FE0799012081F881000798D0F84F
:105A9000840028B1FFE70798D0F8A0108847EBE012
:105AA000FFE79DF80700052805D1FFE70798D0F824
:105AB0009010884716E09DF80700042805D1FFE7FD
:105AC0000798D0F88C1088470BE09DF80700032852
:105AD00005D1FFE70798D0F88810884700E0FFE776
:105AE000FFE7FFE7C8E09DF81500000700280DD587
:105AF000FFE79DF818000007002807D5FFE7079883
:105B00000168886940F400608861B5E0BDF8100064
:105B100010F4587F00F0B080FFE79DF810004006B9
:105B200000280ED5FFE70799D1F8840040F0040063
:105B3000C1F8840007980168886940F040008861D6
:105B4000FFE79DF81100800700280ED5FFE70799B1
:105B5000D1F8840040F00100C1F884000798016882
:105B6000886940F400708861FFE79DF81100C00764
:105B700070B1FFE70799D1F8840040F00800C1F840
:105B8000840007980168886940F480708861FFE7A5
:105B90009DF81000800600280ED5FFE70799D1F880
:105BA000840040F08000C1F884000798016888698B
:105BB00040F020008861FFE70798D0F884000028B3
:105BC00059D0FFE707980168086820F001000860D5
:105BD00007980168086940F26B32904308610398A6
:105BE00000F44040B0F5404F3BD1FFE70798016813
:105BF000886820F4404088600798C06FB0B1FFE724
:105C00000798C16F47F60910C0F6000008650798AD
:105C1000C06FFCF731FC40B1FFE70799D1F8840071
:105C200040F04000C1F88400FFE7FFE70798806F6D
:105C3000B0B1FFE70798816F47F60910C0F6000082
:105C400008650798806FFCF717FC40B1FFE70799DC
:105C5000D1F8840040F04000C1F88400FFE7FFE77E
:105C600008E00799012081F881000798D0F8A0107A
:105C70008847FFE7FFE7FFE708B080BD00000000AE
:105C800080B586B0049000200390049820B9FFE707
:105C900001208DF817005EE10498406A08B9FFE71B
:105CA000FFE70499002088620498006843F200012D
:105CB000C4F2010188421BD0FFE70498006843F654
:105CC0000001C4F20001884212D0FFE70498006886
:105CD00043F60041C4F20001884209D0FFE704986E
:105CE000C068102804D3FFE701208DF8170032E1C7
:105CF000049801F021FE02900498006843F200012C
:105D0000C4F20101884216D0FFE70498006843F608
:105D10000001C4F2000188420DD0FFE7049800683A
:105D200043F60041C4F20001884204D0FFE7029824
:105D300008281FD8FFE70498006843F20001C4F266
:105D40000101884212D0FFE70498006843F6000181
:105D5000C4F20001884209D0FFE70498006843F6C6
:105D60000041C4F20001884208D1FFE702981128DF
:105D700004D3FFE701208DF81700ECE0049890F8B9
:105D8000810000284ED1FFE70499002081F88000AF
:105D9000049946F6C960C0F60000C1F8880004996D
:105DA00046F6A110C0F60000C1F88C00049946F632
:105DB000D960C0F60000C1F89000049946F6D160A1
:105DC000C0F60000C1F89400049946F6A910C0F688
:105DD0000000C1F89800049946F6E160C0F60000A2
:105DE000C1F89C00049945F6A900C0F60000C1F86E
:105DF000A000049945F62900C0F60000C1F8A400EF
:105E00000498D0F8A80040B9FFE7049946F24D1075
:105E1000C0F60000C1F8A800FFE70498D0F8A81069
:105E20008847FFE70499022081F8810004980168FF
:105E3000086820F00100086004988069B0F1806F64
:105E40001BD1FFE704984068B0F5800F04D1FFE74D
:105E50000498806B50B1FFE70498406868B9FFE789
:105E60000498806BB0F1805F07D1FFE70498016868
:105E7000086840F480500860FFE7049B1968DA68FE
:105E8000D869D3F828C040EA0C00DDF80CC040EA1D
:105E90000C00DB6B184310438860049A0192506B2E
:105EA000516A0843916B0843916908431168D2F81D
:105EB00004C09368D2F810E040EA0E00D2F814E073
:105EC00040EA0E00D2F820E040EA0E0040EA0C0062
:105ED000D2F84CC040EA0C001843936C1843926D02
:105EE0001043C8600498406898B9FFE704980068B8
:105EF0008068012161F3CC200499096888600498C6
:105F000000688068022161F34A200499096888606A
:105F1000FFE704980168086D20F001000865049807
:105F20008079400600280BD5FFE704980068C06818
:105F300020F00040049A1168526D1043C860FFE7DA
:105F400004990020C1F88400049A012182F881108C
:105F50008DF81700FFE79DF8170006B080BD70B5FB
:105F600082B042F6FF710068C4F20101884236DD5A
:105F700041F20041C5F60001884261D045F20001BE
:105F8000C4F20101884200F09E8043F20001C4F295
:105F90000101884240F0D88044F2E84040F2A00479
:105FA000C5F60200C2F20044816821F4805181608C
:105FB000A088ADF806000DF1060003F0B5FAE08800
:105FC000ADF806000DF1060003F0AEFA2089ADF839
:105FD00006000DF1060003F0A7FA2320B2E043F615
:105FE0000001C4F20001884200F08A8043F60041BB
:105FF000C4F20001884240F0A78044F2E84040F239
:10600000A004C5F60200C2F20044016821F4004178
:106010000160A088ADF806000DF1060003F084FAD7
:10602000E088ADF806000DF1060003F07DFA208946
:10603000ADF806000DF1060003F076FA332081E09A
:1060400044F2E84040F2A004C5F6020040F20045E8
:10605000C2F20044C5F60205C1682A4621F02001BB
:10606000C1600021204603F008FD064600211022F1
:10607000204603F0DEFC01463046FCF769FD05F5DD
:10608000A055012120462A4603F0F7FC06460121CF
:106090004FF48042204603F0CCFC01463046FCF72A
:1060A00057FD022120462A4603F0E7FC054602215F
:1060B0004FF40052204603F0BCFC01462846FCF792
:1060C00047FD562017E044F2E84040F20044C5F690
:1060D0000200C5F60204816821F48011816004F594
:1060E00080504FF41061FCF733FD04F5C05040219F
:1060F000FCF72EFD552002B0BDE87040FDF788B9D1
:1061000044F2E84040F2A004C5F60200C2F20044A6
:10611000016821F480410160A088ADF806000DF10E
:10612000060003F001FAE088ADF806000DF1060064
:1061300003F0FAF92089ADF806000DF1060003F02E
:10614000F3F92420FDF764F902B070BD2DE9F043A6
:10615000B5B0044630A81421FAF79CFC01A8BC2174
:10616000FAF798FC42F6FF712068C4F201018842F8
:1061700040F38E8041F20041C5F60001884200F0F4
:10618000108145F20001C4F20101884200F08F81C4
:1061900043F20001C4F20101884240F064824FF4EE
:1061A0008050019001A8FDF703FA08B1FCF750F9FF
:1061B00044F2E04040F2A004C5F60200C2F20044FE
:1061C0000022016941F480510161016901F48051AB
:1061D00000910099016841F008010160016801F037
:1061E000080100910099016841F0400101600068D8
:1061F000002100F0400000900098204603F019FCB8
:10620000217830904FF00208CDF8C480FF294FF07C
:10621000000208BF01212046032732910021339755
:106220000526349603F029FC30AD2946FCF7B4FD71
:1062300001210022204603F0FCFB61783090CDF86C
:10624000C4800022FF29204608BF01213496CDE9F1
:106250003217012103F011FC2946FCF79DFD0221B4
:106260000022204603F0E5FBA1783090CDF8C480F1
:106270000022FF29204608BF01213496CDE93217BC
:10628000022103F0FAFB2946FCF786FD2324E2E114
:1062900043F60001C4F20001884200F0618143F638
:1062A0000041C4F20001884240F0DD814FF480508B
:1062B000019001A8FDF77CF908B1FCF7C9F844F298
:1062C000E04040F2A004C5F60200C2F20044002201
:1062D000816841F400418160816801F400410091CE
:1062E0000099016841F004010160016801F00401B6
:1062F00000910099016841F00801016000680021E7
:1063000000F0080000900098204603F092FB2178EE
:10631000309002263196B1F1FF004FF0000218BF15
:106320000846002103273290204633974FF0060895
:10633000CDF8D08003F0A1FB30AD2946FCF72CFD51
:1063400001210022204603F074FB617830903196E1
:106350000022B1F1FF0018BF08460121CDE9320744
:1063600005203490204603F088FB2946FCF714FDF5
:1063700002210022204603F05CFBA1783090319688
:106380000022B1F1FF0018BF084632A981E881015F
:106390000221204603F071FB2946FCF7FDFC332463
:1063A00059E14FF48040019001A8FDF701F908B1CF
:1063B000FCF74EF844F2E04040F2A004C5F60200BB
:1063C000C2F200441022416941F02001416141695B
:1063D00001F0200100910099016841F00201016083
:1063E000016801F0020100910099016841F040014B
:1063F00001600068002100F04000009000982046F5
:1064000003F017FB217830904FF00208CDF8C480DC
:10641000B1F1FF0040F2004618BF0846C5F602067B
:106420000021329008203490204632464FF0030974
:10643000CDF8CC9003F021FB30AD2946FCF7ACFC45
:1064400001214FF48042204603F0F3FA6178309046
:10645000CDF8C48006F5A056B1F1FF00324618BF52
:10646000084601210527CDE932092046349703F07B
:1064700004FB2946FCF790FC02214FF40052204611
:1064800003F0D7FAA1783090CDF8C4803246B1F14C
:10649000FF0018BF084602213497CDE93209204693
:1064A00003F0EBFA2946FCF777FC5624D3E04FF4CF
:1064B0000050019001A8FDF77BF808B1FBF7C8FF79
:1064C00044F2E04040F20049C5F60200C5F6020978
:1064D00009F5805430AD0169022641F48011016153
:1064E00001694FF0030801F48011009100990168DF
:1064F00041F0200101600168052701F020010091B1
:106500000099016841F0800101600068294600F0AF
:106510008000009000984FF4807030902046CDE9C4
:106520003166CDF8CC803497FCF736FC4FF4006030
:106530002946CDE9300601203497CDE932082046BE
:10654000FCF72AFC40202946CDE93006002034978C
:10655000CDE9320809F5C050FCF71EFC55247AE05D
:106560004FF48050019001A8FDF722F808B1FBF725
:106570006FFF44F2E04040F2A004C5F60200C2F210
:1065800000440022816841F480418160816801F407
:10659000804100910099016841F0020101600168A9
:1065A00001F0020100910099016841F008010160C9
:1065B0000068002100F0080000900098204603F0D9
:1065C00038FA217830904FF00208CDF8C480B1F14C
:1065D000FF004FF0000218BF084600210327329049
:1065E000204633970526349603F047FA30AD294606
:1065F000FCF7D2FB01210022204603F01AFA617851
:106600003090CDF8C4800022B1F1FF0018BF0846D9
:1066100001213496CDE93207204603F02EFA2946AF
:10662000FCF7BAFB02210022204603F002FAA1780F
:106630003090CDF8C4800022B1F1FF0018BF0846A9
:1066400002213496CDE93207204603F016FA294696
:10665000FCF7A2FB2424002100222046FCF7F0FED8
:106660002046FCF7E1FE35B0BDE8F08300000000F5
:1066700080B584B002900191ADF8022000208DF821
:10668000010002988068A0B9FFE702984068B0F561
:10669000800F0ED1FFE70299042081F88100029853
:1066A000019ABDF80230114600F082F98DF80F0012
:1066B000B6E0FFE7029890F88000012804D1FFE7D8
:1066C00002208DF80F00ABE00299012081F88000D4
:1066D000FFE7FFE7029890F8810001280ED0FFE75E
:1066E00002208DF80100FFE70299002081F8800068
:1066F000FFE79DF801008DF80F0091E0019820B1AF
:10670000FFE7BDF8020070B9FFE701208DF8010036
:10671000FFE70299002081F88000FFE79DF8010063
:106720008DF80F007CE00299042081F88100029925
:106730000020C1F884000199029A5166BDF8021048
:10674000029AA2F86810BDF80210029AA2F86A1024
:106750000299C8650299A1F860000299A1F8620047
:10676000029948670298C068102807D3FFE702998A
:1067700047F6B110C0F60000086713E00298C06841
:10678000082807D3FFE7029947F66910C0F6000012
:10679000086706E0029947F6F110C0F600000867A6
:1067A000FFE7FFE702988068B0F5C02F07D1FFE749
:1067B00002980168086820F400600860FFE702980A
:1067C000006840684FF6FF718843BDF80210084426
:1067D00002990968486002980168086840F0010061
:1067E000086002980168086940F249721043086124
:1067F00002984068B0F5800F07D1FFE70298016862
:10680000086840F400700860FFE7FFE70299002085
:1068100081F88000FFE79DF801008DF80F00FFE789
:106820009DF80F0004B080BD87B005908DF813105F
:10683000039200208DF80B00039858B9FFE70599E3
:10684000D1F8840040F40060C1F8840001208DF884
:106850001B009FE0FFE7059890F88000012804D115
:10686000FFE702208DF81B0094E00599012081F8D4
:106870008000FFE7FFE7059890F8810001284CD1E0
:10688000FFE79DF8130001460191092839D80199C5
:10689000DFE801F0050A0F14191E23282D32039892
:1068A0000599C1F8880037E003980599C1F88C0074
:1068B00032E003980599C1F890002DE003980599FE
:1068C000C1F8940028E003980599C1F8980023E0E6
:1068D00003980599C1F89C001EE003980599C1F83A
:1068E000A00019E003980599C1F8A40014E00398EA
:1068F0000599C1F8A8000FE003980599C1F8AC000C
:106900000AE00599D1F8840040F40060C1F88400E1
:1069100001208DF80B00FFE731E0059890F8810029
:1069200008BBFFE79DF8130001460091082804D03A
:10693000FFE70098092805D009E003980599C1F8F8
:10694000A8000FE003980599C1F8AC000AE005998A
:10695000D1F8840040F40060C1F8840001208DF873
:106960000B00FFE70AE00599D1F8840040F40060CD
:10697000C1F8840001208DF80B00FFE7FFE7FFE777
:106980000599002081F88000FFE79DF80B008DF845
:106990001B00FFE79DF81B0007B0704700000000D8
:1069A00081B0009001B0704781B0009001B0704795
:1069B0008AB0089007910692ADF8163000208DF845
:1069C000140004900898006820300290FFE70898AF
:1069D00090F88000012804D1FFE702208DF82700FD
:1069E000AAE10899012081F88000FFE7FFE70898F5
:1069F00090F881008DF815000898406801909DF886
:106A0000150001281CD0FFE70198B0F5800F09D1CF
:106A1000FFE70898806828B9FFE79DF8150004286B
:106A20000ED0FFE702208DF81400FFE70899002040
:106A300081F88000FFE79DF814008DF827007BE1C6
:106A4000079838B1FFE7069820B1FFE7BDF81600B8
:106A500070B9FFE701208DF81400FFE708990020C6
:106A600081F88000FFE79DF814008DF8270063E1AE
:106A7000089890F88100042805D0FFE708990520C0
:106A800081F88100FFE708990020C1F88400079889
:106A90000899C865BDF816000899A1F86000BDF80E
:106AA00016000899A1F86200069808994866BDF892
:106AB00016000899A1F86800BDF816000899A1F819
:106AC0006A000898B0F8620003900898C06810281F
:106AD0000DD3FFE7089947F68120C0F6000048670C
:106AE000089947F6B110C0F6000008671FE0089843
:106AF000C06808280DD3FFE7089947F66910C0F66B
:106B000000000867089947F63920C0F6000048677A
:106B10000CE0089947F6F110C0F6000008670899E4
:106B200047F6C120C0F600004867FFE7FFE7089876
:106B3000006840684FF6FF718843BDF8161008449E
:106B400008990968486008980168086840F00100E1
:106B50000860FFE70898006841690020890700295C
:106B6000009006D5FFE70398002818BF0120009089
:106B7000FFE70098C007002800F0BF80FFE70498F7
:106B80000F2800F2AB80FFE70898C068102814D3E4
:106B9000FFE708980168C06D006808620899C86D31
:106BA0000430C8650899B1F862000138A1F86200A4
:106BB0000898B0F8620003908CE00898C068082834
:106BC00033D3FFE70898B0F86200022818D3FFE734
:106BD0000898C06BA0B1FFE708980168C06D006815
:106BE00008620899C86D0430C8650899B1F8620058
:106BF0000238A1F862000898B0F86200039013E030
:106C00000898C06D0088029908800899C86D023004
:106C1000C8650899B1F862000138A1F862000898C7
:106C2000B0F862000390FFE753E00898B0F8620004
:106C3000042819D3FFE70898C06B412814D3FFE755
:106C400008980168C06D006808620899C86D043032
:106C5000C8650899B1F862000438A1F86200089884
:106C6000B0F86200039033E00898B0F862000228A0
:106C700018D3FFE70898C06BA0B1FFE70898C06D74
:106C80000088029908800899C86D0230C865089983
:106C9000B1F862000238A1F862000898B0F862000A
:106CA000039014E008980168C06D007881F8200016
:106CB0000899C86D0130C8650899B1F862000138BB
:106CC000A1F862000898B0F862000390FFE7FFE7C0
:106CD000FFE7FFE70498013004900DE002208DF8F3
:106CE0001400FFE70899002081F88000FFE79DF875
:106CF00014008DF827001FE02CE708980168086948
:106D000040F26C721043086108984068B0F5800F3B
:106D100007D1FFE708980168086840F40070086030
:106D2000FFE7FFE70899002081F88000FFE79DF862
:106D300014008DF82700FFE79DF827000AB0704780
:106D400084B002900191ADF8022000208DF801007E
:106D5000FFE7029890F88000012804D1FFE70220A5
:106D60008DF80F00ABE00299012081F88000FFE769
:106D7000FFE7019820B1FFE7BDF8020070B9FFE717
:106D800001208DF80100FFE70299002081F88000C2
:106D9000FFE79DF801008DF80F0090E0029890F851
:106DA000810001280ED0FFE702208DF80100FFE7E7
:106DB0000299002081F88000FFE79DF801008DF81E
:106DC0000F007CE00299032081F8810002990020E5
:106DD000C1F884000199029AD165BDF80210029AA7
:106DE000A2F86010BDF80210029AA2F8621002998F
:106DF00048660299A1F868000299A1F86A00029910
:106E000008670298C068102807D3FFE7029947F681
:106E10008120C0F60000486713E00298C068082887
:106E200007D3FFE7029947F63920C0F6000048670C
:106E300006E0029947F6C120C0F600004867FFE768
:106E4000FFE702988068B0F5C02F07D1FFE70298EE
:106E50000168086840F400600860FFE70298006875
:106E600040684FF6FF718843BDF80210084402994C
:106E70000968486002980168086840F001000860ED
:106E800002980168086940F22A721043086102986A
:106E90004068B0F5800F07D1FFE7029801680868E5
:106EA00040F400700860FFE7FFE70299002081F8D6
:106EB0008000FFE79DF801008DF80F00FFE79DF8C7
:106EC0000F0004B07047000081B0009001B070471F
:106ED00081B0009001B0704781B0009001B0704760
:106EE00081B0009001B0704785B003908DF80B1011
:106EF00000208DF80A00FFE7039890F88000012831
:106F000004D1FFE702208DF81300B8E003990120B7
:106F100081F88000FFE7FFE7039890F881000128DF
:106F20006AD1FFE79DF80B0001460191092857D867
:106F30000199DFE801F0050D151D252D353D454D65
:106F4000039946F6C960C0F60000C1F8880052E017
:106F5000039946F6A110C0F60000C1F88C004AE083
:106F6000039946F6D960C0F60000C1F8900042E0EF
:106F7000039946F6D160C0F60000C1F894003AE0EB
:106F8000039946F6A910C0F60000C1F8980032E057
:106F9000039946F6E160C0F60000C1F89C002AE0C3
:106FA000039945F6A900C0F60000C1F8A00022E050
:106FB000039945F62900C0F60000C1F8A4001AE0C4
:106FC000039946F24D10C0F60000C1F8A80012E087
:106FD000039945F65F70C0F60000C1F8AC000AE006
:106FE0000399D1F8840040F40060C1F884000120C6
:106FF0008DF80A00FFE737E0039890F8810038BB6E
:10700000FFE79DF80B0001460091082804D0FFE738
:107010000098092808D00FE0039946F24D10C0F6F9
:107020000000C1F8A80012E0039945F65F70C0F6B1
:107030000000C1F8AC000AE00399D1F8840040F4E4
:107040000060C1F8840001208DF80A00FFE70AE023
:107050000399D1F8840040F40060C1F88400012055
:107060008DF80A00FFE7FFE7FFE70399002081F8AA
:107070008000FFE79DF80A008DF81300FFE79DF8F8
:10708000130005B07047000080B582B001900198F0
:1070900000F036FD02B080BD81B0009040F6806007
:1070A000CEF200000068C007A8B1FFE740F600601C
:1070B000CEF200000068C00768B1FFE7FFE74FF0BD
:1070C0006040006810B9FFE700BFF8E700984FF094
:1070D00060410870FFE7009801B0704700000000B1
:1070E00080B58AB000200390099008900790069020
:1070F000FCF75EF90398012104918DF818108DF8C2
:1071000019000022C3F20402019207920E228DF8A8
:1071100020208DF821008DF82210032202928DF894
:1071200023208DF824108DF825008DF826008DF889
:10713000270006A80590FCF7EBF8DDF804C0029BD9
:10714000039A049905988DF818108DF81910CDF848
:107150001CC04FF0070C8DF820C08DF821208DF851
:1071600022208DF823308DF824208DF825108DF8FD
:1071700026208DF82710FCF7CBF80420FCF72CF91B
:107180000AB080BD0000000080B596B000201590C8
:107190001490139012901190FFE744F2E040C5F66E
:1071A0000200016841F002010160006800F0020085
:1071B00010901098FFE7FFE744F2E040C5F60200A8
:1071C000016841F008010160006800F008000F90BC
:1071D0000F98FFE7FFE744F2E040C5F602000168C0
:1071E00041F001010160006800F001000E900E986E
:1071F000FFE7FFE744F2E040C5F60200016841F016
:1072000010010160006800F010000D900D98FFE77C
:10721000FFE744F2E040C5F60200016841F040019A
:107220000160006800F040000C900C98FFE7FFE759
:1072300044F2E040C5F60200016841F0040101603B
:10724000006800F004000B900B98FFE7FFE744F2A2
:10725000E040C5F60200016841F08001016000686D
:1072600000F080000A900A98FFE7FFE744F2E04050
:10727000C5F60200016841F020010160006800F0DD
:10728000200009900998FFE741F20040C5F602008E
:1072900002904021039101220592FBF775FF059AA8
:1072A00040F20040C5F6020007904FF400510491EF
:1072B000FBF76AFF05980321019111910021C1F2AA
:1072C00011111291139041F20000C5F6020011A9AC
:1072D0000891FBF761FD019A08994FF480701190B5
:1072E0000220129000200690139014921590002016
:1072F000C5F60200FBF750FD019A0298DDF814C0B4
:10730000069B0899DDF80CE0CDF844E0CDF848C0C4
:1073100013931492FBF740FDDDF810C0059B069A0D
:1073200007980899CDF844C0129313921492FBF772
:1073300033FD16B080BD000088B00790069105921D
:10734000079800F0070004900498C0F10700052892
:1073500003D3FFE70420019004E00498C0F1070084
:107360000190FFE70198039004980430062803D8A1
:10737000FFE70020009003E0049803380090FFE747
:107380000098029006980399012202FA01F101394E
:107390000840029B984005999A40013A11400843E1
:1073A00008B070470000000080B5B0B001A80090A0
:1073B000BC21F9F76FFB00984FF4412101910521A1
:1073C00002913222039204910591022206928021B9
:1073D000079100210891099119230A934FF49073A2
:1073E0000B930C9206220D9204220E920F91109193
:1073F00011914FF4805118914FF4001122914FF4E4
:1074000080312991FCF7D4F818B1FFE7FBF720F899
:10741000FFE730B080BD000080B586B004900391D6
:1074200000208DF8070044F22840C5F602000068ED
:1074300000F00300032804D1FFE701208DF81700B6
:10744000CBE044F20041C5F60201086820F08060FC
:107450000860FBF7B9FE0290FFE744F20040C5F672
:107460000200006800F000610020B0EBD16F0CD08A
:10747000FFE7FBF7A9FE0299401A032804D3FFE7B0
:1074800003208DF81700A8E0E7E7FFE744F2284162
:10749000C5F60201086820F47C30049A126840EABC
:1074A0000230086004994868D1F808C0CB680A69BE
:1074B00001386FF35F204FF60061CFF6FF7101EBEB
:1074C0004C2189B208440021CFF6FF7101EB034142
:1074D00001F4FE0108444FF07F4101EB026101F02D
:1074E000FE41084444F23841C5F602010860FFE756
:1074F00044F22C41C5F602010091086820F0C0005A
:10750000049A526910430860086820F02000049A29
:10751000926910430860086820F01000086044F287
:107520003C42C5F6020210684FF6F8739843049B7C
:10753000DB6940EAC3001060086840F01000086092
:10754000039848B9FFE744F22C41C5F602010868E8
:1075500040F40020086016E00398012809D1FFE7F5
:1075600044F22C41C5F60201086840F4801008601E
:1075700008E044F22C41C5F60201086840F400100E
:107580000860FFE7FFE744F20041C5F60201086822
:1075900040F080600860FBF717FE0290FFE744F2BE
:1075A0000040C5F60200006800F000610020B0EB6A
:1075B000D16F0CD1FFE7FBF707FE0299401A0328B1
:1075C00004D3FFE703208DF8170006E0E7E7FFE7A5
:1075D0009DF807008DF81700FFE79DF8170006B02B
:1075E00080BD00000000000080B586B004900391CB
:1075F00000208DF8070044F22840C5F6020000681C
:1076000000F00300032804D1FFE701208DF81700E4
:10761000CBE044F20041C5F60201086820F080503A
:107620000860FBF7D1FD0290FFE744F20040C5F689
:107630000200006800F000510020B0EB517F0CD038
:10764000FFE7FBF7C1FD0299401A032804D3FFE7C7
:1076500003208DF81700A8E0E7E7FFE744F2284190
:10766000C5F60201086820F07C70049A126840EAAE
:107670000250086004994868D1F808C0CB680A69CC
:1076800001386FF35F204FF60061CFF6FF7101EB19
:107690004C2189B208440021CFF6FF7101EB034170
:1076A00001F4FE0108444FF07F4101EB026101F05B
:1076B000FE41084444F24041C5F602010860FFE77C
:1076C00044F22C41C5F602010091086820F44060A4
:1076D000049A526910430860086820F40070049A04
:1076E000926910430860086820F48070086044F2D2
:1076F0004442C5F6020210684FF6F8739843049BA3
:10770000DB6940EAC3001060086840F480700860DC
:10771000039848B9FFE744F22C41C5F60201086816
:1077200040F48000086016E00398012809D1FFE7C3
:1077300044F22C41C5F60201086840F400000860DC
:1077400008E044F22C41C5F60201086840F0807060
:107750000860FFE7FFE744F20041C5F60201086850
:1077600040F080500860FBF72FFD0290FFE744F2E5
:107770000040C5F60200006800F000510020B0EBA8
:10778000517F0CD1FFE7FBF71FFD0299401A032838
:1077900004D3FFE703208DF8170006E0E7E7FFE7D3
:1077A0009DF807008DF81700FFE79DF8170006B059
:1077B00080BD40F23C70C2F20040FEF779B840F262
:1077C000EC70C2F20040FEF773B840F69C00C2F2C3
:1077D0000040FEF76DB840F6BC10C2F20040FEF764
:1077E00067B840F66C20C2F20040FEF761B80000B6
:1077F00082B001900198006840690090019801688A
:10780000886940F00800886101980168886940F043
:107810001000886101980168086820F00100086084
:1078200001980168086940F26F329043086101983D
:107830000168886820F440408860019890F88100D1
:10784000042815D0FFE79DF80000800600280ED51B
:10785000FFE70199D1F8840040F08000C1F884006E
:1078600001980168886940F020008861FFE7FFE720
:10787000019890F88100032815D0FFE79DF80000DB
:10788000400600280ED5FFE70199D1F8840040F0AA
:107890000400C1F8840001980168886940F0400044
:1078A0008861FFE7FFE79DF80100800700280ED5FB
:1078B000FFE70199D1F8840040F00100C1F884008D
:1078C00001980168886940F400708861FFE79DF8BD
:1078D0000100C00770B1FFE70199D1F8840040F0C2
:1078E0000800C1F8840001980168886940F480703C
:1078F0008861FFE701990020A1F862000199A1F8D1
:107900006A0002B07047000080B582B00190019813
:10791000806B009000990020A1F86A000099A1F8FE
:1079200062000099012081F881000098D0F8A01031
:10793000884702B080BD000083B002900298C16BFE
:10794000012000EB511001900298C06801300090B6
:1079500000980730C008009000980199484303B090
:10796000704700000000000082B00190019800689C
:1079700030300090009800880199496E0880019984
:10798000486E023048660199B1F86A000138A1F8E2
:107990006A000198B0F86A0038B9FFE701980168F9
:1079A000086920F001000861FFE702B0704700009D
:1079B00081B0009000980068006B0099496E0860E3
:1079C0000099486E043048660099B1F86A000138A1
:1079D000A1F86A000098B0F86A0038B9FFE700988B
:1079E0000168086920F001000861FFE701B07047F5
:1079F00081B000900098006890F830000099496EBE
:107A000008700099486E013048660099B1F86A0024
:107A10000138A1F86A000098B0F86A0038B9FFE7A9
:107A200000980168086920F001000861FFE701B0D3
:107A3000704700000000000082B0019001980068CB
:107A4000203000900198C06D00880099088001994D
:107A5000C86D0230C8650199B1F862000138A1F81B
:107A600062000198B0F8620038B9FFE70198016838
:107A7000086920F002000861FFE702B070470000CB
:107A800081B0009000980168C06D0068086200999C
:107A9000C86D0430C8650099B1F862000138A1F8DA
:107AA00062000098B0F8620038B9FFE700980168FA
:107AB000086920F002000861FFE701B0704700008C
:107AC00081B0009000980168C06D007881F82000B6
:107AD0000099C86D0130C8650099B1F8620001389D
:107AE000A1F862000098B0F8620038B9FFE700988A
:107AF0000168086920F002000861FFE701B07047E3
:107B000080B582B0009000980138B0F1807F03D337
:107B1000FFE70120019019E0009801384EF21401AE
:107B2000CEF2000108604FF0FF300F2102F0A0F903
:107B30004EF21801CEF20001002008604EF2100251
:107B4000CEF20002072111600190FFE7019802B018
:107B500080BD40F6A010C2F20040D0E90012013111
:107B600042F10002C0E9001270470000000000006E
:107B700080B59EB00BA84C21F8F78CFF0020019037
:107B80000A90099008900790069005900490039041
:107B90000120FBF775FCFFE70020029040F22C402B
:107BA000C5F60000016821F001010160006800F0E5
:107BB0000100029044F61800C5F60200016841F485
:107BC00040410160006800F4404002900298FFE7E5
:107BD000FFE744F61800C5F60200006800F4005004
:107BE000B0F5005F01D0FFE7F3E7FBF7C9FCFFE763
:107BF000FBF7E2FA41F2030188420CD8FFE70120CB
:107C000048B9FFE744F27041C5F60201086840F048
:107C10001800086008E044F27041C5F602010868E7
:107C200020F018000860FFE7FFE744F22842C5F69D
:107C300002021168022060F30101116025210B91FD
:107C40004FF4A0210C9101210D91119114901590E8
:107C50001690402117911890082119911A900C2024
:107C60001B9000201C901D900BA8FDF791F818B1F7
:107C7000FFE7FAF7EDFBFFE73F20039003200490B6
:107C800000200590082006904020079008904FF4AF
:107C9000806109910A9003A80221FCF749FC18B100
:107CA000FFE7FAF7D5FBFFE700204FF480014FF420
:107CB0008022FDF709F81EB080BD00000000000022
:107CC0008BB044F21040C5F60200006800F03800A6
:107CD00001460191182800F22B810199DFE811F08B
:107CE000190028012801280128012801280128015C
:107CF000270028012801280128012801280128013E
:107D00002D00280128012801280128012801280127
:107D1000330044F20040C5F602000068C0F3C10120
:107D200049F20000C0F2D030C84004900EE140F6A5
:107D30000010C0F23D00049008E147F64000C0F298
:107D40007D10049002E144F22840C5F6020001686B
:107D500001F0030109910068C0F30510089044F296
:107D60002C40C5F60200006800F00100079007985B
:107D700044F23441C5F60201096889B2C908484392
:107D800000EE100AB8EE400A8DED030A08980028AC
:107D900000F0CA80FFE70998009040B1FFE7009823
:107DA000012835D0FFE70098022853D074E044F250
:107DB0000040C5F602000068C0F3C10149F20000AE
:107DC000C0F2D030C84006909DED060AB8EE400AD9
:107DD0009DED081AB8EE411A80EE010A44F23040D7
:107DE000C5F6020000686FF35F2001EE100AB8EEDE
:107DF000411A9DED032A9FED693A02EE031AB7EE90
:107E0000002A31EE021A20EE010A8DED020A74E01A
:107E10009DED080AB8EE401A9FED610A80EE010A56
:107E200044F23040C5F6020000686FF35F2001EEB7
:107E3000100AB8EE411A9DED032A9FED583A02EE62
:107E4000031AB7EE002A31EE021A20EE010A8DED78
:107E5000020A52E09DED080AB8EE401A9FED4E0A64
:107E600080EE010A44F23040C5F6020000686FF36C
:107E70005F2001EE100AB8EE411A9DED032A9FED36
:107E8000473A02EE031AB7EE002A31EE021A20EE4C
:107E9000010A8DED020A30E044F20040C5F602000E
:107EA0000068C0F3C10149F20000C0F2D030C84000
:107EB00006909DED060AB8EE400A9DED081AB8EE50
:107EC000411A80EE010A44F23040C5F60200006813
:107ED0006FF35F2001EE100AB8EE411A9DED032A00
:107EE0009FED2E3A02EE031AB7EE002A31EE021A87
:107EF00020EE010A8DED020AFFE744F23040C5F69C
:107F00000200006881B2012000EB51200A909DED33
:107F1000020A9DED0A1AB8EE411A80EE010ABCEE83
:107F2000C00A8DED040A02E000200490FFE70DE096
:107F300044F20040C5F602000068C0F3C10149F2F6
:107F40000000C0F2D030C8400490FFE744F218426D
:107F5000C5F602021068C0F303204BF2FC31C0F6F4
:107F60000001085C0590059B0498D8400490049893
:107F7000126802F00F02895C01F01F01C84040F254
:107F80001001C2F200410860049840F20C01C2F2F4
:107F9000004108600BB0704720BCBE4B00000039A8
:107FA0000024744A0000000081B04EF68851CEF2E1
:107FB0000001086840F4700008604EF61051CEF2DF
:107FC0000001086840F01000086042F20000C5F2AD
:107FD0000020006800F00F0006280AD8FFE742F2F0
:107FE0000001C5F200210868072262F3030008605F
:107FF000FFE744F20041C5F60201086840F00100C5
:10800000086044F21042C5F60202002010600868C1
:108010004EF67F52CEF6F6221040086042F2000083
:10802000C5F20020006800F00F0008280AD3FFE71F
:1080300042F20001C5F200210868072262F3030042
:108040000860FFE744F21841C5F6020100200090E5
:10805000086044F21C41C5F60201086044F2204168
:10806000C5F60201086044F22842C5F6020240F259
:108070000021C0F20221116044F22C42C5F6020236
:108080000021C0F2FF11116044F23042C5F6020235
:1080900040F28021C0F20111116044F23442C5F671
:1080A0000202106044F23842C5F60202116044F246
:1080B0003C42C5F60202106044F24042C5F602029C
:1080C000116044F24441C5F60201086044F20042E6
:1080D000C5F60202116821F48021116044F260416A
:1080E000C5F602010860E422C5F60002116841F4F9
:1080F0008041116041F20001C5F600410968B0EB12
:10810000517F07D1FFE748F20811C5F200110120A5
:108110000860FFE744F20001C5F2002143F2D200FB
:1081200008604EF60851CEF200014FF00060086082
:1081300001B0704710B594B04BF2D830C0F60000D3
:10814000D0E90001CDE9020101F05AFF002853D126
:1081500002A801F0FFFE00284ED1FF208DF84F004D
:108160008DF84E0000F0BBF90146002001F052FFEF
:10817000002841D100F071FE00F0AAF900F0A3F947
:1081800001F0E3FEC0BB0DF14E0001F03FFF0446DD
:1081900010B1012001F03CFF0DF14F0001F032FF62
:1081A000204312D002AC40212046F8F773FC9DF822
:1081B0004E3014A29DF84F00402100902046F8F761
:1081C00007FA0420214601F0C2FEFF208DF80800C6
:1081D00002A801F01BFF013002D09DF8080002E068
:1081E00001208DF80800012100F0D1F801200121C3
:1081F00000F0CDF814B010BD48F2A060C0F201004C
:1082000000F022F868617070656E65643A207374DE
:108210003D3078253032582C2064703D3078253040
:108220003258000080B582B00020019001200090FB
:10823000684600F0D9F94BF26070C0F6000001F01A
:108240002AFA02B080BD00000446002000F05FFA68
:10825000204601F039FB002000F086FAF8E780B5EF
:108260000020012100F04AFB0120012100F046FB23
:1082700002200121BDE8804000F040BB70B582B013
:1082800040F6A8150126C2F20045044640F2055208
:10829000ADF8062029788DF80460ADF8026031B998
:1082A0000DF106000DF1020101F0E2F82E700DF162
:1082B0000600214601F0A6F80A20FAF735FC02B0C4
:1082C00070BD80B582B0FF208DF807000DF107006A
:1082D00001F08EFE78B901F089FE9DF807000128B3
:1082E00004D1012001F086FE9DF80700002100F076
:1082F0004EF801F07BFE00200090684601F07EFE03
:1083000040B901F079FE009801F086FE10B900989E
:1083100001F084FE02B080BD10B5062000F0A0FD83
:108320008468204601F078FE00B110BD2046BDE80B
:10833000104001F073BE80B582B0FFF7C2FF00208D
:1083400001A9019001F0C9F910B1FFF7E5FF01E0C3
:10835000FFF7F0FE02B080BDFEE7000010B5044656
:10836000012898BF012400BF2046F8F7FEFB002833
:1083700018BF10BD01F0F9FC08B18047F4E70020F8
:1083800010BD48F2A060C0F20100FFF75DFF10B51C
:1083900082B00446FF284FF0FF3001901CD0ECB1B2
:1083A000012906D101A9204601F02EFE0198411CA9
:1083B0000CD1012C03D0022C0ED1072000E00620A6
:1083C00000F04EFD80680190411C05D001F024FEB4
:1083D00010B9019801F022FE02B010BD48F2A06071
:1083E000C0F20100FFF730FFF0B581B00C46054642
:1083F000012898BF0125042998BF04240027684656
:1084000021462A460097F8F706FC009878B96E4690
:1084100001F0ABFC50B18047304621462A46009718
:10842000F8F7F9FB00980028F2D000E0002001B036
:10843000F0BDB0B540F288550446C2F20045297837
:1084400051B94BF2D44040F28851C0F60000C2F25C
:108450000041502201F01FFF01202870D5E91023B0
:108460002046BDE8B04001F054BDB0B540F25C24F8
:108470004FF48160C2F200444FF6FF71206144F670
:108480004030C0F24C00C4E905104FF0FF3060628C
:10849000C4E9070004F128004FF44071F8F7FAFA34
:1084A0004BF254452046C0F60005294601F050FE27
:1084B00005F118004FF44A72002121702146BDE8F1
:1084C000B04001F016BF40F2B000C2F20040704769
:1084D00040F2B002C2F20042C2E90C01704740F221
:1084E0000040C0F60000704700F078B810B584B0C6
:1084F00031A101A801F0DCFB01F0F9F99DF90F00B1
:10850000B0F1FF3F05DC0399019821F0004101F033
:1085100071FC40F22874C2F200442068032825D080
:10852000022815D0012838D144F2E040C5F60200F7
:10853000016841F000710160006800F00070019076
:1085400001980020FAF76CFE0820FBF725F824E0DC
:1085500044F2E040C5F60200016841F0007101609C
:10856000006800F000700190019812E044F2E040D1
:10857000C5F60200016841F000710160006800F07A
:108580000070019001980020FAF74AFE0820FBF7DE
:1085900003F800200021FAF75FFE6079012801D17D
:1085A000FFF75DFE2079012802D10120FFF766FE6A
:1085B000012004B010BD00BF43616C6C6564206590
:1085C0006D626F743A3A68773A3A6273703A3A7306
:1085D00070656369616C697A6500000040F2307013
:1085E000C2F200400078704740F228728188C2F2DF
:1085F0000042918000681060704780B582B00068CA
:10860000009048F2AF60C0F600000190684602F0AA
:10861000DFF940F230700121C2F200400170FFF733
:1086200065FF012002B080BD90F90B10026800299F
:1086300048BF1046AFF3008018B380B5027840F60B
:10864000006CCEF2000CF2B100214FF0604E00BF82
:10865000DCF88030DB070B460CD0DCF80010C907D3
:1086600008D000BFDEF8001011B900BFFAE700BF64
:108670008EF8002010F8012F591C002AE8D1981C10
:1086800002E0002070470120DCF88010C9071CBF01
:10869000DCF800105FEAC17100D180BD4FF060418D
:1086A0000A680AB900BFFBE70A220A7080BD80B5DC
:1086B00001F0E3F84FF47A720023F7F711FF80BD61
:1086C000B0B504461F284FF0FF001ED840F23471A9
:1086D0000122C2F2004102FA04F50968294014D0CF
:1086E00000F03DF80168294203D000EB84004068A7
:1086F00000E00020851C00F032F800EB84004068A8
:108700004178284600F07EFE002040B2B0BD70B532
:10871000044600F024F81F2C4FF0FF011BD8012263
:10872000006802FA04F5284015D040F23476C2F20F
:108730000046306828420DD1FFF7D6FE68B100F040
:108740000EF8214601F001F93068284330602046D8
:10875000FFF7B6FF002148B270BDFF21FBE74BF2E7
:108760003450C0F60000704710B504461F284FF083
:10877000FF0011D840F234710122C2F20041A24040
:108780000968114008D0FFF7EAFF00EB8400406859
:10879000023000F002FF002040B210BD7047000020
:1087A00010B5044600F0DAF814B3011D002000BF34
:1087B0000A581268944203D004301828F8D117E000
:1087C0007C2815D040F2140100EB4000C2F20041B9
:1087D000084490F82C1001290AD1002180F82C10AF
:1087E00080F82D10016B19B1406BBDE810400847AF
:1087F00010BD000010B5044600F0B0F814B3011D20
:10880000002000BF0A581268944203D00430182890
:10881000F8D117E07C2815D040F2140100EB40009D
:10882000C2F20041084490F82C1002290AD100211C
:1088300080F82C1080F82D10016B19B1406BBDE849
:108840001040084710BD000010B5044600F086F83F
:1088500014B3011D002000BF0A581268944203D0CF
:1088600004301828F8D117E07C2815D040F2140104
:1088700000EB4000C2F20041084490F82C1003299C
:108880000AD1002180F82C1080F82D10016B19B14D
:10889000406BBDE81040084710BD00002DE9F041D5
:1088A0000D46044600F0E9FF2D1841F100061F2C8B
:1088B0001FD8012004EB440100FA04F440F2140034
:1088C000C2F2004040F2387800EB8100C2F200486A
:1088D00000F12D07D8F8000020420AD0387801288E
:1088E00007D100F0CAFF281A76EB0100F2D2FF2070
:1088F00000E0002040B2BDE8F0810000032888BFFE
:1089000070472DE9F0478A464BF29F71C0F600018F
:108910004BF29C780024012501EB8007C0F600088B
:108920000FF2340907EB44064146304600F0A0FD43
:10893000BAF1000F02D019F8041000E0002130460F
:1089400000F060FDE8074FF001044FF00005E9D1A9
:10895000BDE8F047704700BF000100004BF2AC508B
:10896000C0F600007047F0B581B04BF2AC5206463D
:10897000C0F600020D4602EB8000476830463C68B6
:1089800000F0D2F900284FF000004FF0000105D0B0
:108990004BF2AC71C0F6000151F8261021604FF483
:1089A00080016160A9786A78A0602B78E26001F0AC
:1089B000020201F00101090661614FF08061A161CD
:1089C0001907E062C4E90710C4E909004FF08040CC
:1089D000606304F13800242112062261F8F75AF886
:1089E00040F2A006D5F80300C2F200463060D7E995
:1089F0000201C6E901012046FDF742F94FF0FF30C0
:108A000030604FF01F30C6E9010001B0F0BD2DE924
:108A1000F0410D460446FFF7A1FF1F2C4FF0FF0762
:108A200056D80121006801FA04F6304050D040F2D7
:108A30003878C2F20048D8F80000304201D0002750
:108A400046E0FFF751FD002841D0FFF787FF2146A0
:108A50002A4600F096FF40F21407C4EBC400C2F2AD
:108A600000472A683918D5F803303A50C1F8033066
:108A7000FFF774FF00EB840048F2A17207EB840457
:108A8000C0F6000240680021002700686067FDF71B
:108A9000CBFE48F2F572606FC0F600020121FDF7CF
:108AA000C3FE48F64902606FC0F600020221FDF7DE
:108AB000BBFE48F29D72606FC0F600020621FDF712
:108AC000B3FED8F800003043C8F8000000E0FF27EC
:108AD00078B2BDE8F081F0B581B004461F284FF0B0
:108AE000FF003AD80D4640F23871C2F2004101232E
:108AF000A3400968194030D0286800284FF0FF00D3
:108B00002BD0696849B36B460092204611461A463D
:108B100000F0AEF808B1FE201FE004EB440040F284
:108B20001401C2F20041002701EB8006022006F882
:108B30002C0F0120707001EB8400C6E90177AA8830
:108B4000406F2968FDF794FD18B13770FF207770EA
:108B500003E000992046FFF7A1FE40B201B0F0BD4E
:108B6000F0B581B004461F284FF0FF0039D80D46FC
:108B700040F23871C2F200410123A3400968194054
:108B80002FD0286800284FF0FF002AD0696841B331
:108B90006B460092204611461A4600F069F808B16B
:108BA000FE201EE004EB440040F21401C2F200413A
:108BB000002701EB8006012006F82C0F707001EBF6
:108BC0008400C6E90177AA88406F2968FEF7B8F8E3
:108BD00018B13770FF20777003E000992046FFF747
:108BE0005DFE40B201B0F0BD1F283FD82DE9F04333
:108BF00081B040F238780446C2F20048012000FA01
:108C000004F6D8F8001011EA06002CD040F214093E
:108C10000021C2F20049002509EB8407786FFEF7B6
:108C200063F9786F0121FEF75FF9786F0221FEF793
:108C30005BF9786F0621FEF757F9C4EBC4004FF6D5
:108C4000FF7209EB000129F800208D70C1F8035074
:108C50007D67FFF783FE214600F0A6FED8F80000EE
:108C6000B043C8F8000001B0BDE8F04300207047F1
:108C70002DE9F04182B005461F284FF000004ED884
:108C80000E4640F23871C2F2004190460122096856
:108C9000AA40114043D07EB300F0EFFD361841F1F9
:108CA000000700F0EAFD6C46301A67EB0101C4E9E9
:108CB0000001D4E90001013871F1000019DB05EB76
:108CC000450040F21401C2F2004101EB800000F1C6
:108CD0002D0500BF2878E8B100F0CFFD301A67EB12
:108CE0000101C4E90001D4E90001013871F100007B
:108CF000F0DA0021012010E005EB450040F21401FC
:108D0000C2F2004101EB80000021C8F8001090F889
:108D10002D0004E0D4E900100020C8F8001000F095
:108D2000010002B0BDE8F08110B50446FFF716FE61
:108D3000012200680021A240202C38BF01211040F0
:108D400018BF0120084010BD00F03DB80068B0F128
:108D5000FF3018BF0120704710B500F081F884681B
:108D6000204600F015F8611C10D08068844298BF3E
:108D700010BD4FF68071201AC1F2FF7108404EF607
:108D80000851CEF2000100F10060086010BD000043
:108D9000B0B5054600F09CFC04300021425832B1C9
:108DA00093689D4203D3D46823449D4203D3043186
:108DB0000829F3D100224BF21470002AC0F60000FB
:108DC00018BF1046B0BD0168013108BF704710B52B
:108DD00082B0019040F6AC140198C2F20044202108
:108DE000FF2240682060EFF3108072B64EF28010D0
:108DF000CEF20000F7F746FE4EF210000021CEF250
:108E000000004FF68073C1F2FF7301604EF604500C
:108E1000CEF20000026842F000720260019A1A402D
:108E200002F1006242604068006880F3088881F3C4
:108E3000148862B62068804702B0BDE810407047D1
:108E4000B0B5FAF7D5F90446FAF7DAF90546FAF7B4
:108E5000DFF9001945F10001B0BDFFF7F1BF0000D7
:108E600010B5044600F034FC0C300021425812B119
:108E700013789C4203D004313829F7D100224BF2F9
:108E80002C70002AC0F6000018BF104610BD2DE956
:108E9000F04383B0074648F2A06948BA07F10904D5
:108EA000ADF80A00002120469046C0F201090025D5
:108EB00000F0A8FA0DF109000090787801210191E5
:108EC00069464A4602268DF80960FFF749FE98B9BF
:108ED0000DF10A000090787869464A460196FFF73E
:108EE0003FFE08B1002507E0787841464A46FFF783
:108EF00037FEB0FA80F045090121204600F082FAE1
:108F0000284603B0BDE8F083F0B581B004460546BD
:108F100014F80F0FFF281CBF6078FF281FD0A0781F
:108F2000FF281CD005F109060121304600F06AFA3D
:108F300005F10D070121384600F064FA0B350021D8
:108F4000284600F05FFA3046214600F091FA384694
:108F5000214600F08DFA2846214600F089FA0120CA
:108F600001B0F0BD70B50446C07BFF281CBF207C5B
:108F7000FF281CD0607CFF2819D004F109050121CD
:108F8000284600F03FFA04F10D060121304600F0BA
:108F900039FA0B340021204600F034FA284600F05C
:108FA000C3FA304600F0C0FA204600F0BDFA0120B6
:108FB00070BD70B584B000F109040D46064600216D
:108FC000204600F01FFA0DF10F000190707848F272
:108FD000A0620121029101A9C0F201028DF80F5097
:108FE000FFF7BEFDB0FA80F001214509204600F0F0
:108FF00009FA284604B070BD70B582B00446007806
:109000000D46012808D12878FFF78EFE20B305F120
:10901000080000F057FDF8B1601C11222946F7F74F
:1090200078FC2046FFF770FF40F6B83000F04CFCAB
:1090300004F10D000121012600F0E4F904F10B0018
:10904000002100F0DFF96078A11CFFF7E0FC38B1E7
:109050002046267000F0F1F80025284602B070BDC9
:109060000DF10702052120468DF8076000F055F844
:109070009DF80700267010F00300B0FA80F04FEA68
:109080005015EAD0204600F0D8F8E6E72DE9F04187
:1090900084B0144612684FF00007D2B306466068E9
:1090A000B8B30844B0F5803F33D806F1090548F25B
:1090B000A06848BAADF80E0000212846C0F20108A9
:1090C00000F0A0F903208DF80D000DF10D000190C6
:1090D00070780121029101A94246FFF741FDA0B934
:1090E0000DF10E00019070780221029101A9424613
:1090F000FFF736FD08B1002707E0707821464246A9
:10910000FFF7E9FCB0FA80F047090121284600F09A
:1091100079F9384604B0BDE8F0812DE9F04383B019
:1091200000F109040F46064648F2A06800212046D7
:109130009146C0F20108002500F064F90DF10B0022
:1091400000907078694642468DF80B7001270197B0
:10915000FFF706FD50B9707869464246CDF8009099
:109160000197FFF7B8FCB0FA80F0450901212046CD
:1091700000F048F9284603B0BDE8F0832DE9F04F30
:1091800083B0D2F800B00646BBF1000F4FF00000EC
:1091900050D05568002D4DD068188A46B0F5803FF4
:1091A0004FF0000046D80AF07F000DF10408C0F12E
:1091B000800441F288390DF1030700BF06213046D3
:1091C000AC4228BF2C46FFF7F4FE70B31FFA8AF1B9
:1091D00030464246CDE901B4FFF759FE08B300F02E
:1091E0004CFB10EB09084FF0000041F100098DF82D
:1091F000030000BF052130463A46FFF78EFF60B1FD
:109200009DF8030010F0010007D000F036FBB8EB2A
:10921000000079EB0100EDD20BE00DF1040841F202
:1092200088392D1BA244A3448024002DC6D10120DF
:1092300000E0002003B0BDE8F08F10B504460078D0
:10924000012807D12046FFF78DFE6078FFF7CCFCA0
:109250000020207080F0010010BD0068FFF7CCBE38
:109260000068FFF713BF0068FFF788BF0068FFF7CB
:10927000E4BF10B50446122001F0AAFF41F60071C8
:109280002060CFF6FF7101600021416001724FF054
:109290001F31C0F8091041F61F71C0F20101C0F87A
:1092A0000D1003214174204610BDB0B50568044679
:1092B00035B12846FFF7C1FF1221284600F09AFD7C
:1092C0002046B0BD81B044F2E040C5F6020001681E
:1092D00041F001010160006800F001000090009879
:1092E00001B0704781B044F2E040C5F60200016869
:1092F00041F002010160006800F002000090009857
:1093000001B0704781B044F2E040C5F60200016848
:1093100041F004010160006800F004000090009832
:1093200001B0704781B044F2E040C5F60200016828
:1093300041F008010160006800F00800009000980A
:1093400001B0704781B044F2E040C5F60200016808
:1093500041F010010160006800F0100000900098DA
:1093600001B0704781B044F2E040C5F602000168E8
:1093700041F020010160006800F02000009000989A
:1093800001B0704781B044F2E040C5F602000168C8
:1093900041F040010160006800F04000009000983A
:1093A00001B0704781B044F2E040C5F602000168A8
:1093B00041F080010160006800F08000009000989A
:1093C00001B0704781B044F2E040C5F60200016888
:1093D00041F480710160006800F480700090009892
:1093E00001B0704781B044F2E040C5F60200016868
:1093F00041F400710160006800F400700090009872
:1094000001B07047B0B50C46054600F0C1F82A8897
:109410000021B1EB123F4FF0FF0117D1D3B20A2B5D
:1094200014D802F00F03110A012530F8132005FAB1
:1094300001F1114209D000EB8300806928B189B2A3
:109440002246F9F7A1FE002100E0FF2148B2B0BD9D
:1094500081B044F2E040C5F60200016841F4806149
:109460000160006800F480600090009801B07047CF
:1094700091F800C04A788B78614600F0B2B80000DD
:10948000092A4FF0000026D8F0B585B00C4601211E
:109490001646914040F28732114219D0A0681D460D
:1094A0000A9F00B1804700210491A1880AA017A259
:1094B000009119A150F82600019052F82500029061
:1094C00051F82700039020686946F9F765FC0120F0
:1094D00005B0BDE8F040704700000000010000004A
:1094E0001100000002000000120000000300000054
:1094F00003000000000011110000211100003111D3
:1095000000001211000022110000321100000000C2
:109510000100000002000000000000000100000047
:109520000200000003000000B0B5054600F030F86E
:109530002A880021B1EB123F4FF0FF0126D1D3B2B0
:109540000A2B23D802F00F03110A012430F813204C
:1095500004FA01F1114218D000EB83008069A0B138
:10956000F9F7F6FA68781F280DD8297840F64C12DA
:10957000C2F20042012303FA00F052F8213023EA3C
:10958000000042F82100002100E0FF2148B2B0BDF8
:109590004BF2C850C0F60000704710B50446FFF704
:1095A000F7FF22880021B1EB123F4FF0FF0116D1E7
:1095B000D3B20A2B13D802F00F03110A012430F89A
:1095C000132004FA01F1114208D000EB83008069F6
:1095D00020B189B2F9F7C4FD002100E0FF2148B2B3
:1095E00010BD2DE9F04184B01F4690460E4604465A
:1095F000FFF7CEFF22880021B1EB123F4FF0FF01B1
:109600002FD1D3B20A2B2CD802F00F01120A012558
:1096100030F8113005FA02F21A4221D000EB810035
:10962000ADF8082081690191406C0390C1B101A996
:10963000324643460097FFF723FF88B160781F2822
:109640000CD8217840F64C12C2F20042012303FAF2
:1096500000F052F82130184342F82100002100E0C8
:10966000FF2148B204B0BDE8F08110B50446FFF711
:109670008FFF22880021B1EB123F0AD1D3B20A2B0F
:1096800007D802F00F0130F81100110AC84000F0AD
:109690000101084610BD10B584B00446FEF79EFFD8
:1096A00098B9207A1F2801D0FFF756FB6068002187
:1096B000CDE9011048F22960C0F60000039001A82E
:1096C00000F0E1F82046FEF798FF012004B010BD3D
:1096D0004BF2D060C0F6000070472DE9F04381B036
:1096E0000D46044600F0C4F81F2C4FF0FF013FD890
:1096F0000122006802FA04F6304039D040F6901793
:10970000C2F200473868304201D0002130E0FEF755
:10971000EBFE60B300F0ACF800F1040858F8241038
:109720000968012923D140F678112A68C2F2004164
:1097300001EB840941F824200121C9F808102146D1
:1097400000F09FFA042001F043FDFFF792FDC9F8F5
:10975000100058F824100431FFF77FFD3968002805
:1097600041EA06003860D0D1204600F047F8FF21DA
:1097700048B201B0BDE8F083B0B51F284FF0FF0537
:1097800019D840F6901C4FF0010EC2F2004C0EFAB0
:1097900000F4DCF8003023400DD040F67813C2F21C
:1097A000004303EB80008368012B03D189B2006979
:1097B000FFF756FD002568B2B0BDB0B51F284FF0C9
:1097C000FF0519D840F6901C4FF0010EC2F2004C74
:1097D0000EFA00F4DCF8003023400DD040F6781388
:1097E000C2F2004303EB80008368012B03D189B2EE
:1097F0000069FFF738FD002568B2B0BD2DE9F041E2
:1098000004461F284FF000002FD840F69015012184
:10981000C2F2004501FA04F62A6812EA060124D0D1
:1098200000F026F800EB84014968096801291BD182
:10983000214600F027FA40F67818C2F2004808EBFB
:1098400084073869FFF712FD386920B1FFF72DFD55
:10985000042100F0CFFA002029683861B14348F8AC
:109860002400B860296000E0FF2040B2BDE8F0812C
:109870004BF25470C0F60000704740F2AC00C2F2E8
:10988000004000680047B0B540F69815C2F20045A8
:10989000297809B10120B0BD0446406890B1216823
:1098A00011B18847606820B140F2AC01C2F20041BA
:1098B000086040F69410A168C2F2004001600120E7
:1098C0002870B0BD0020B0BD70B540F2AC050446B4
:1098D000C2F2004528688047241841F1000600BF05
:1098E00028688047001B71EB0600F9D370BD40F675
:1098F0009411C2F20041096801B108470020704785
:1099000040F6B01CC2F2004CDCE90001431C41F1FE
:109910000002CCE90032704740F6A010C2F20040CD
:10992000D0E900014FF47A71A0FB0101704740F2C9
:109930000C0044F6D351C2F20040C1F2620100684B
:10994000A0FB01018809FDF79FBB81B044F2E04014
:109950000023C5F60200026842F0800202604BF26A
:1099600034520068C0F6000200F0800002EB810172
:1099700000900098002248680121023001B0FFF7F2
:1099800030BEB0B50C460329154604D2012120464D
:10999000FEF7B4FF02E0201F022803D2204629462A
:1099A000FEF7E1FF0120B0BDB0B50C4603291FD280
:1099B0004BF2AC5040F2A005C0F60000C2F20045E8
:1099C00000EB8400002341680868D1E90212C5E970
:1099D0000031AA60FBF72CFF4FF0FF3028604FF0FA
:1099E0001F300021C5E901002046FEF787FF1EE079
:1099F000052C1CD140F2A0040020C2F2004440F229
:109A00000141C0F60661206040F60650C1F61F70A5
:109A1000C4E9011040F66C20C2F20040FBF708FFD9
:109A20004FF0FF3020604FF01F30C4E901000120EB
:109A3000B0BD70B5032914461DD80D460646FFF784
:109A4000A7FD06EB450100228988B2EB113F12D138
:109A5000CAB20A2A0FD801F00F02090A012630F80B
:109A6000123006FA01F1194205D000EB820080693C
:109A7000002818BF0C46204670BD70B50329144657
:109A80001ED80D460646FFF783FD06EB45018A8882
:109A90000021B1EB123F10D1D3B20A2B0DD802F046
:109AA0000F01120A30F8113023FA02F2D20703D064
:109AB00000EB8100816900E00021002918BF0C46FD
:109AC000204670BD10B504460230FFF7CEFD40B110
:109AD000201DFFF7CAFD20B12046BDE81040FFF76A
:109AE000C4BD002010BD70B50E460968044630465E
:109AF00009681546884758B1D6E90310B1FBF0F163
:109B00008D4205D2B16800FB0511C4E9006106E091
:109B10004FF0FF304FF0FF350021C4E90010C4E9D9
:109B2000020570BD70B50D460968044628460968EF
:109B30001646884778B1A9688E420CD3E868084475
:109B4000864208D22869721AB2FBF0F202FB0011B9
:109B5000C4E9005106E04FF0FF304FF0FF32002122
:109B6000C4E90010C4E9020270BD00002DE9F04F05
:109B700085B00C46054600680968616001682846A2
:109B8000884700285BD06869002858D004F108098C
:109B9000D4F804A00026E8462F69D9F80000A96887
:109BA000824507FB061B07D2CAE9005BCAE90276B9
:109BB0000AF1100A3DE000BF23680121AAEB03026D
:109BC00001EB2211B1F1805F3CD2C01A4FF6F07365
:109BD000C7F6FF731211B1EBE00F38BFC110984206
:109BE00040464B4628BF6FF0704100F08EF8029857
:109BF000C0E9005BC0E90276DDE90102D4E90013A7
:109C000002F110075A1A0297871A3846F6F708FF2A
:109C10002068DDF808A0A1680190039A02902760EF
:109C2000C4F804A0A2600391009010B1091A00F0DA
:109C3000E1F8013668698642C4F804A0ACD305B0E7
:109C4000BDE8F08F204600F02BF802790146002095
:109C5000022A18BF1F2A00D17047886801300ED031
:109C6000C868013810F1030F4FF0000088BF70473B
:109C70000969013911F1020F38BF01207047002036
:109C8000704770477047000001A000F058F800BF0F
:109C900062617369635F737472696E6700000000CC
:109CA00001A000F04CF800BF766563746F7200008D
:109CB0002DE9F041044608468846F6F70BFE4FF6BC
:109CC000F871C7F6FF7188421CD206460B2803D2F2
:109CD0002746E67266B910E046F00700451C2846A4
:109CE00001F076FA0746C4E9000645F00040A0609E
:109CF000384641463246F6F751FE0020B855204618
:109D0000BDE8F0812046FFF7BFFF70B50446164658
:109D10000D460020C4E9030329B1B5F1805F0CD2E0
:109D2000280101F055FA206000EB061100EB051048
:109D3000E0602046C4E9011170BD00F039F8014629
:109D40004BF2CC70C0F6000000F000F884B08446FE
:109D500001A80EC040F2A81001AAC2F2004061465C
:109D60000092F6F7AFFFF7F72BF840F6B810C2F203
:109D7000004000687047000001A0FFF7E7FF00BF48
:109D80006261645F616C6C6F6320776173207468DB
:109D9000726F776E20696E202D666E6F2D65786309
:109DA000657074696F6E73206D6F646500000000EC
:109DB00001A0FFF7CBFF00BF6261645F6172726157
:109DC000795F6E65775F6C656E6774682077617325
:109DD000207468726F776E20696E202D666E6F2D0D
:109DE000657863657074696F6E73206D6F6465006C
:109DF000F6F7EABEFFF7FCBF81B0ADF80200BDF98F
:109E00000200002812D4FFE7BDF9021001F01F0282
:109E1000012090404A094EF28011CEF2000141F833
:109E20002200BFF34F8FBFF36F8FFFE701B0704782
:109E300081B0ADF80200BDF9020000280ED4FFE7A2
:109E4000BDF9021001F01F02012090404A094EF2B4
:109E50000011CEF2000141F82200FFE701B0704787
:109E60004EF60C50CEF200000068C0F3022070479E
:109E700082B0ADF806000091BDF9060000280AD4B2
:109E8000FFE700980001BDF906104EF20042CEF245
:109E9000000288540BE000980001BDF8061001F0A4
:109EA0000F014EF61452CEF200028854FFE702B0C2
:109EB000704700000000000083B00290029800F09C
:109EC000070000904EF60C51CEF200010868019098
:109ED00001984FF6FF02104001900198009A40EA65
:109EE00002200022C0F2FA5210430190019808604B
:109EF00003B07047002070474FF0FF3070470020DC
:109F00007047012070474FF0FF30704700207047C6
:109F10007047B8B149F670211343C0F20B0141EA12
:109F20000263C2F30F2204BF01F1085322220A2167
:109F30000360C6F2013142606FF07F42C0E9021255
:109F4000002000E0FF2040B2704700F010BA00F09F
:109F500097BA000010B523A4002818BF0446207942
:109F600000F0FEF810B1206898B3804700F072FB53
:109F700010B1206868B3804700F0DAFA10B12068A9
:109F800038B3804740F2E8644BF20C40C2F2004420
:109F9000C0F600004022214600F07DF92078042818
:109FA00004BF6078002816D04BF20C444BF2944169
:109FB000C0F60004C0F600014022204600F099F9E6
:109FC00040F2E8614022C2F20041204600F063F90D
:109FD00004E0FF2003E0A0780328E5D1002040B290
:109FE00010BD00BF598300080000000000F0DEB87B
:109FF00000F0F1B800F007B900F01CB900F030B97A
:10A000000020704700F0B1BB00F0D4BB00F04BBCA7
:10A0100000F06EBC00F09CBC00F099B900F09CB957
:10A0200080B584B00290029818B9FFE70020039031
:10A0300019E000200090FFE702980078019050B1ED
:10A04000FFE70198FDF728F8029801300290009888
:10A0500001300090F0E70A20FDF71EF8009801306B
:10A0600000900390FFE7039804B080BDFEF7DAF894
:10A07000FEF761F948F2A060C0F20100FEF7E4F8D3
:10A0800080B5FDF72DF84EF61450CEF200000068B2
:10A090008003002801D5FFE71AE0BFF34F8FBFF31D
:10A0A0006F8F4EF65071CEF2000100200860BFF3B2
:10A0B0004F8FBFF36F8F4EF61451CEF20001086838
:10A0C00040F400300860BFF34F8FBFF36F8FFFE79E
:10A0D000F9F7D2F8FDF74CFDFDF766F9FDF7F0FD55
:10A0E000FDF752F880BD000081B040F20C00C2F2D2
:10A0F00000400068800B0090FFE7009888B1FFE700
:10A1000000BF00BF00BF00BF00BF00BF00BF00BF57
:10A1100000BF00BF00BF00BFFFE7009801380090FC
:10A12000EBE740F62032C2F20042D2E900010130F2
:10A1300041F10001C2E9000101B0704700000000D8
:10A14000704709880089401AB0FA80F040097047CA
:10A150000022C0E90022D1E90012C0E902127047D2
:10A16000B0B582B04FF6C07441F20402C2F20104ED
:10A170002189891A18BF012118B911B9A07A0328B9
:10A1800011D001A9002000250195FFF7A6FA41F2A0
:10A1900004004BF2DD712560C0F203006560C0F27F
:10A1A0001621C4E90201002002B0B0BD4FF6C07113
:10A1B0000020C2F2010141F204024BF2DD73C0F251
:10A1C00003020860C0F216234860C1E90223087444
:10A1D000FF224A7470474FF6C07141F20403C2F285
:10A1E00001010A899A424FF0FF020AD18B7A032BB0
:10A1F00007D10A7C012A03D1497C0022017000E0CA
:10A20000FF2250B270474FF6C0720146C2F20102FF
:10A21000002041F204031060C0F2030350604BF2CF
:10A22000DD70C0F21620C2E9023001201074002057
:10A23000517470474FF6C07141F20400C2F201013F
:10A240004BF2DD73C0F20300C0F21623C1E9020332
:10A25000002000220A604A6081F823204A62704789
:10A260004FF6C07141F20403C2F201010A899A4219
:10A270004FF0FF020BD18B7A032B08D191F82320EA
:10A28000012A03D10022496A016000E0FF2250B296
:10A2900070470020704780B582B04FF6C07C41F215
:10A2A000040EC2F2010CBCF80830B3EB0E034FF001
:10A2B000FF0E18BF0123C0B1BBB99CF80A30032BB5
:10A2C00013D10368B2EB930F0FD803F00303022BF3
:10A2D0000BD308D0CDE9001241686A46002041F254
:10A2E0008833FFF749FA4FF0000E4FFA8EF002B0B4
:10A2F00080BD80B582B04FF6C07C41F2040EC2F240
:10A30000010CBCF80830B3EB0E034FF0FF0E18BF82
:10A310000123C0B1BBB99CF80A30032B13D10368E9
:10A32000B2EB930F0FD803F00303022B0BD308D02B
:10A33000CDE9001241686A46002041F28833FFF7F8
:10A340003CFA4FF0000E4FFA8EF002B080BD80B59F
:10A35000FEF7FCFC013880BD10B50446FEF7F6FCA4
:10A3600010B12046FEF7F0FC4FF0FF3010BDB0B545
:10A3700040F288540546C2F20044217851B94BF2AC
:10A38000D44040F28851C0F60000C2F20041502291
:10A39000FFF781FF20460121402200F8101B2946CB
:10A3A000F6F76CFA90B3D5E900CED5E90223D5E9EA
:10A3B0000401C4E90801C4E90623C4E904CED5E9CF
:10A3C00006CED5E90823D5E90A01C4E90C2305F135
:10A3D0003003C4E90E01C4E90ACE04F1400C0FCBEE
:10A3E0008CE80F004BF214412046C0F60001FFF745
:10A3F000AFFE002020704BF2D4405022C0F6000087
:10A400002146FFF776FF012000F002F80020B0BDE2
:10A4100070B540F2D8540546C2F20044217859B9CB
:10A420004BF2DC4040F2D851C0F60000C2F20041CD
:10A430004FF48872FFF72FFF0120207004F1100005
:10A44000FDF7F7FF0026012D2662666205D004F1B4
:10A450002800E821FF22F6F715FB4BF214412046B5
:10A46000C0F60001FFF774FE4BF2DC404FF4887237
:10A47000C0F6000021462670FFF73BFF002070BDAC
:10A480002DE9F04140F2D8580D46C2F20048064688
:10A4900098F800205AB94BF2DC4040F2D851C0F68F
:10A4A0000000C2F200414FF48872FFF7F4FE062E5E
:10A4B0004FF0010088F8000028D84BF2E03115A0D9
:10A4C000C0F6000151F8267050F82660384629463B
:10A4D0003246F6F7D3F94FF00004C0B138462946AA
:10A4E0003246F6F716FA4BF214414046C0F6000128
:10A4F000FFF72EFE4BF2DC404FF48872C0F60000EE
:10A50000414688F80040FFF7F4FE00E0FF2460B207
:10A51000BDE8F0811000000004000000040000000D
:10A520000800000020000000400000008000000043
:10A53000B0B5FFF7AEFE013000F0898000200025A5
:10A54000FFF70EFE40F288545021C2F2004420462C
:10A55000F6F7A0FA2570207850B94BF2D44040F2BB
:10A560008851C0F60000C2F200415022FFF793FE6E
:10A570004BF2144101202070C0F600012046FFF785
:10A58000E0FD012802D1A07A032834D04BF2E84044
:10A59000C0F6000001682161416861618168A161C4
:10A5A000C168E16101692162416961628169A162F9
:10A5B000C169E162016A2163416A6163816AA163E1
:10A5C000C16AE163016B2164416B6164816BA164C9
:10A5D0004BF21441C06BE064C0F600012046FFF767
:10A5E000B7FD002020704BF2D4405022C0F600008E
:10A5F0002146FFF77EFE40F2D8544FF48871C2F234
:10A6000000442046F6F746FA00202070207858B91A
:10A610004BF2DC4040F2D851C0F60000C2F20041DB
:10A620004FF48872FFF737FE4BF21441012020707F
:10A63000C0F600012046FFF784FD012802D1A07A70
:10A64000032802D00120FFF7E3FE002000E0FF20F6
:10A6500040B2B0BDB0B5FFF71CFE01302ED00020D7
:10A660000025FFF77DFD40F25C244FF44A71C2F2F1
:10A6700000442046F6F70EFA2570207860B94BF2B8
:10A68000544040F25C21C0F60000C2F20041183094
:10A690004FF44A72FFF7FFFD4BF254410120207046
:10A6A000C0F600012046FFF74CFD012802D1A07A38
:10A6B000032801D0FDF7D9FE002000E0FF2040B2C2
:10A6C000B0BD000070B582B040F25C260C46C2F20C
:10A6D00000460546327862B94BF2544040F25C21A4
:10A6E000C0F60000C2F2004118304FF44A72FFF782
:10A6F000D2FD01203070072D01964FF0FF0631D8B2
:10A7000084B394F9010085422CD12078022829D104
:10A7100001984022214600EB85102830F6F7F9F821
:10A720000198002102464FF0FF330362002642F8F1
:10A730001C3F00F12803817413F8405B1DB1CDB2BA
:10A740000131817456550136082EF5D14BF2544033
:10A750000199C0F600004FF44A72183000260E70BE
:10A76000FFF7C7FD70B202B070BDB0B582B040F265
:10A770005C250446C2F20045297861B94BF2544089
:10A7800040F25C21C0F60000C2F2004118304FF4E4
:10A790004A72FFF780FD0120287001950198007D25
:10A7A00020700198017D0020FF2908BF4FF0FF3085
:10A7B00002B0B0BD70B582B040F25C260C46C2F269
:10A7C00000460546327862B94BF2544040F25C21B3
:10A7D000C0F60000C2F2004118304FF44A72FFF791
:10A7E0005AFD012030700196072D019908D8887C08
:10A7F00030B11C3111F8012BAA4205D00138F9D132
:10A80000FF2040B202B070BD019800EB8510006BD4
:10A8100020600020F5E7000070B582B040F25C26B1
:10A820000C46C2F200460546327862B94BF25440FB
:10A8300040F25C21C0F60000C2F2004118304FF433
:10A840004A72FFF728FD012030700196072D01990B
:10A8500025D8887C18B31C3111F8012BAA4202D0EC
:10A860000138F9D11BE0D4B16078854217D1207846
:10A87000022814D101984022214600EB851028308F
:10A88000F6F747F84BF254400199C0F600004FF438
:10A890004A72183000240C70FFF72BFD00E0FF24F3
:10A8A00060B202B070BDB0B582B040F25C25044623
:10A8B000C2F20045297861B94BF2544040F25C2164
:10A8C000C0F60000C2F2004118304FF44A72FFF7A0
:10A8D000E2FC0120287001950198407D20700198CC
:10A8E000417D0020FF2908BF4FF0FF3002B0B0BD0E
:10A8F000B0B582B040F25C250446C2F2004529782A
:10A9000061B94BF2544040F25C21C0F60000C2F243
:10A91000004118304FF44A72FFF7BDFC0120287047
:10A9200001950198407DA0420ED001984BF254420F
:10A93000C0F60002447500200199087002F1180069
:10A940004FF44A72FFF7D5FC002002B0B0BD000002
:10A9500070B582B040F25C260C46C2F20046054655
:10A96000327862B94BF2544040F25C21C0F60000EC
:10A97000C2F2004118304FF44A72FFF78CFC0120FC
:10A9800030700196072D019908D8887C30B11C31B0
:10A9900011F8012BAA4208D00138F9D128462146E6
:10A9A000FFF790FE002002B070BD019840222146C2
:10A9B00000EB85102830F5F761FF0028F2D028461B
:10A9C0002146FFF729FFEDE780B5FFF759FB80BD72
:10A9D00080B582B00190019830B9FFE74BF2C470A6
:10A9E000C0F600000190FFE701980168426840F25C
:10A9F000F000C2F2004042600160006850B9FFE719
:10AA000040F2F001C2F200414AF24110C0F60000EB
:10AA10000860FFE740F2F000C2F20040406850B921
:10AA2000FFE740F2F001C2F200414AF2E900C0F64D
:10AA300000004860FFE7FFF7C7FF002002B080BDBD
:10AA40005FEA400C08BF91F0000F4FEA8C234FEAF9
:10AA5000C12243EA51514FEA1C5018BF00F5F040A3
:10AA60004FEA300018BF41F000415FEA6C5C00F033
:10AA70002980BCF1FF3F08BF40F080407047130CB5
:10AA800006BF12044FF0100C4FF0000C130E04BF61
:10AA900012020CF1080C130F04BF12010CF1040C8C
:10AAA000930F04BF92000CF1020CD30F04BF5200AD
:10AAB0000CF1010C11464FF00002A0F11F00A0EBB9
:10AAC0000C00704711F0004F08BF704731F0004193
:10AAD0003FF4D5AF0B0C06BF09044FF0100C4FF03C
:10AAE000000C0B0E04BF09020CF1080C0B0F04BF85
:10AAF00009010CF1040C8B0F04BF89000CF1020C4E
:10AB0000CB0F04BF49000CF1010CCCF1200322FA59
:10AB100003F341EA030102FA0CF2A0EB0C0000F18E
:10AB20000100704723F07F4720F07F4C80EA03004C
:10AB300000F00040ACEB070303F57C5303F1FF0387
:10AB40002DE9804909B44FEA144324EA03484FEA47
:10AB5000154B25EA0B4E0FF2042606EB13273E7821
:10AB600003FB0667C7F5000707FB06F64FEAD64664
:10AB700006F102064FEA543707FB066CCCF1005C85
:10AB80004FEA1C472CEA074C0CFB06F507FB06F4C2
:10AB900004EB15464FEA961649085FEA320234BFC5
:10ABA00000204FF000404FEAD13706FB07FC4FEA88
:10ABB0001C4C0CFB0BF7D21B03FB0CF761EB0701E2
:10ABC0000CFB0EF7B0EB074072EB17420CFB08F7DB
:10ABD00034BFA2EB0742B2EB074261EB17414FEAE9
:10ABE0000C444FEA910706FB07FC4FEA1C4C0CFB98
:10ABF0000BF7B0EBC74072EB573203FB0CF734BFD7
:10AC0000A2EBC742B2EBC74261EB57310CFB0EF728
:10AC1000B0EBC70072EB57720CFB08F734BFA2EB26
:10AC2000C702B2EBC70261EB57714FEA816141EA9B
:10AC300092114FEA826242EA90124FEA806004EB7E
:10AC4000CC04039F4FEAD13706FB07FC4FEA1C4CAC
:10AC50000CFB0BF7D21B03FB0CF761EB07010CFBA2
:10AC60000EF7B0EB074072EB17420CFB08F734BF4E
:10AC7000A2EB0742B2EB074261EB17414FEA8C555A
:10AC800004EB9C244FEA910706FB07FC4FEA1C4C9F
:10AC90000CFB0BF7B0EBC74072EB573203FB0CF722
:10ACA00034BFA2EBC742B2EBC74261EB57310CFB9A
:10ACB0000EF7B0EBC70072EB57720CFB08F734BF0E
:10ACC000A2EBC702B2EBC70261EB57714FEA816199
:10ACD00041EA92114FEA826242EA90124FEA8060A2
:10ACE00015EB4C2544F100044FEAD13706FB07FC75
:10ACF0004FEA1C4C0CFB0BF7D21B03FB0CF761EB70
:10AD000007010CFB0EF7B0EB074072EB17420CFB90
:10AD100008F734BFA2EB0742B2EB074261EB1741E1
:10AD20004FEA813141EA92414FEA823242EA90424F
:10AD30004FEA80304FEA0C7615EB1C1544F1000405
:10AD400048EA03434EEA0B484FF0000EB2EB080C02
:10AD500071EB030724BF624639464EEB0E0E4FF0EF
:10AD6000000B0018524149414BEB0B0BB2EB080CA6
:10AD700071EB03077BF1000B24BF624639464EEBB3
:10AD80000E0E4FF0000B0018524149414BEB0B0BDC
:10AD9000B2EB080C71EB03077BF1000B24BF62469A
:10ADA00039464EEB0E0E51EA020718BF46F0010677
:10ADB00016EB0E7655F1000254F1000103D5BDE803
:10ADC0008901BDE80088BDE88901BDE80048B619E1
:10ADD000524141EB0101A3F10103704780807F7E66
:10ADE0007D7C7B7A79787776767574737271717001
:10ADF0006F6E6E6D6C6C6B6A6A69686867666665B3
:10AE00006464636362616160605F5F5E5E5D5D5C40
:10AE10005C5B5B5A5A5959585857575656555555B1
:10AE20005454535352525251515050504F4F4F4E11
:10AE30004E4D4D4D4C4C4C4B4B4B4A4A4A4949495F
:10AE400048484847474747464646454545444444A1
:10AE50004443434343424242424141419C46002BCA
:10AE600030D477002BD04FEA37071CB503B44FF02E
:10AE700010004FF01001BAF1000F06D0BCF1000F26
:10AE8000DCBF40F0080040F008014FF000000FBCAC
:10AE9000BDE810400BF1010BBBF1010F08BF5FEAE9
:10AEA000170722BF12F1010211F101014FF0004119
:10AEB00043F1000300F0004043EA00007047F9D37B
:10AEC0005708D0E746EA06464FEA164613F1400F08
:10AED0001FDD13F1200FDFBF16430A460021203388
:10AEE0005B42BED0C3F1200746EA06464FEA16464B
:10AEF00002FA07F746EA070622FA03F2C3F120072F
:10AF000001FA07F742EA070221FA03F14FF00003C2
:10AF1000A7E746EA020646EA06464FEA164646EA2A
:10AF20000106BCBF46EA0646360C4FF000034FF060
:10AF300000024FF0000194E72DE9804C70B49A466E
:10AF4000934691E8380007C831EA400C48BF34EA1C
:10AF5000430C03D5FFF7E6FDFFF780FFF0BCBDE82B
:10AF6000008C2DE9804C70B49A46934691E83800E5
:10AF700007C810F0804F08BF13F0804F03D100F0D6
:10AF800005F8FFF76BFFF0BCBDE8008C20F07F47B1
:10AF900023F07F4C80EA030000F0004007EB0C0335
:10AFA000A3F57C53A3F1FE0392F0000F00F0B380F1
:10AFB00095F0000F00F077802DE901494FEA11402C
:10AFC00021EA00484FEA144624EA064700FB06FC43
:10AFD00008FB06F607FB08F818EB06484CEB164C86
:10AFE00000FB07F718EB07484CEB17404FEA124BF2
:10AFF00022EA0B4E4FEA154625EA06470BFB06FCF4
:10B000000EFB06F607FB0EFE1EEB064E4CEB164C37
:10B010000BFB07F71EEB074E4CEB174B18EB0B081F
:10B0200040F1000018EB0E0B58EB000840F1000057
:10B030008F1A4FF000014FF000063CBFC943661B5A
:10B0400014BFB5EB040C00213CBFC943F61B4FEA0B
:10B05000174427EA04454FEA1C472CEA074C04FB37
:10B06000076205FB07F70CFB05F616EB074642EBFC
:10B07000174204FB0CFC16EB0C4642EB1C421BEB8C
:10B08000060658EB020241414EEA8E0E46EA9E0643
:10B0900001D5BDE80189B619524141EB0101A3F187
:10B0A0000103BDE801894FEA144524EA05464FEA49
:10B0B000114721EA074C05FB07F406FB07F70CFBD9
:10B0C00006F111EB074144EB174405FB0CFC11EBB7
:10B0D0000C4144EB1C444FEA124722EA074C05FBA3
:10B0E00007F206FB07F70CFB06F616EB074642EBEA
:10B0F000174205FB0CFC16EB0C4642EB1C456A188C
:10B1000054F1000148BF7047B619524141EB0101AB
:10B11000A3F10103704795F0000F37D04FEA1142B9
:10B1200021EA02464FEA144724EA074C02FB07F1E2
:10B1300006FB07F70CFB06F414EB074441EB174141
:10B1400002FB0CFC14EB0C4441EB1C414FEA15478D
:10B1500025EA074C02FB07F506FB07F70CFB06F692
:10B1600016EB074645EB174502FB0CFC16EB0C46AD
:10B1700045EB1C42121951F1000148BF7047B61946
:10B18000524141EB0101A3F1010370474FEA14451D
:10B1900024EA05464FEA114721EA074C05FB07F16F
:10B1A00006FB07F70CFB06F212EB074241EB1741D7
:10B1B00005FB0CFC12EB0C4251EB1C414FF000065E
:10B1C00048BF7047921841EB0101A3F1010370479A
:10B1D00080B5FDF7C3F800B180BDFEF7CDFDFFF7E8
:10B1E000F7BF80B5FDF700F900B180BDFEF7C4FDE3
:10B1F000FFF7F7BF03B401984100009850EAC1205F
:10B2000018BF04204A0D18BF40F0010040F2FF7241
:10B21000B2EB515F08BF40F00200012808BF0520D3
:10B2200002B0704730380A2801D201207047002050
:10B2300070478A68002A02DC0022F6F793BE521E8D
:10B240008A604A68C0B2531C4B601070704700009F
:10B2500010B500290AD00878002807D0054878449E
:10B26000F5F742FC002801D0002010BD02487844C8
:10B2700010BD0000320600002A06000010B50029AB
:10B280000AD00878002807D005487844F5F72CFC48
:10B29000002801D0002010BD0248784410BD0000F5
:10B2A000220600001A060000F1EE100A4FF6FF71A8
:10B2B000C0F2C03120EA010040F04070E1EE100A17
:10B2C0007047F6F792B9F6F7C7BA303132333435F2
:10B2D00036373839414243444546403058003031D2
:10B2E00032333435363738396162636465664030ED
:10B2F00078000400000800000000000000020001C7
:10B300000000100000000000000000003A7474000B
:10B310003A7474003A74740030313233343536374D
:10B320003839616263646566787000303132333475
:10B3300035363738394142434445465850000000BD
:10B3400002400000000000A00000000005400000D6
:10B35000000000C8000000000C4000000000409CFD
:10B3600000000000194000000020BCBE00000000EA
:10B3700034400000BFC91B8E00000004B54000002F
:10B38000504BCFD06607E2CF010000006C410000B7
:10B390003E8251AADFEEA73401000000D94200002E
:10B3A000DCB5A0E23A301F97FFFFFFFFB445000075
:10B3B000FD25A0C8E9A3C14FFFFFFFFFFF3F00002D
:10B3C0000000008000000000FF3F0000000000803F
:10B3D000000000000000000083830008010000005E
:10B3E000E8050024F8050024FC05002400060024DC
:10B3F0000806002428060024680600240000000037
:10B400000102030401020304060708090301000006
:10B41000001F000004300300DDB71602000000002A
:10B42000000000000000000000000000030C00000D
:10B43000001C0000007368616C494E464F0000001C
:10B4400000000000000000000000000000000000FC
:10B450000000000004200300DDB7360200000000F9
:10B4600000000000000000000000000003100000C9
:10B4700000180000007368616C50415254000000D5
:10B4800000000000000000000000000000000000BC
:10B490000000000004000300DDB7160200001008E1
:10B4A00000000000C0FF0120400000000320000059
:10B4B0000018000000736861725345525600000086
:10B4C000000000000000000000000000000000007C
:10B4D0000000000043010000001C000043040000C5
:10B4E000501C00000000000001110000D0170100F6
:10B4F0000000000800001000000000240000080008
:10B5000003800000000000000064756D6D7900008C
:10B51000000000000000000000000000000000002B
:10B520000000000000000000000107020001070306
:10B53000000107040F00000058B5000828B50008F6
:10B540002CB5000830B50008000000000000000025
:10B5500000000000000000000001070D3C0700246F
:10B5600000E1F50506090307060B060AEC070024AF
:10B5700000E1F505010E010F030301099C080024F9
:10B5800000E1F505020B0306020A0004BC090024D1
:10B5900000E1F5050508050B07061F1F6C0A0024CE
:10B5A00000E1F5050104060E060D1F1F370000001F
:10B5B0005CB500086CB500087CB500080000000010
:10B5C0008CB500089CB50008FFFFFFFFFFFFFFFFE1
:10B5D000FFFFFFFFFFFFFFFFFFFFFFFFFFFF000079
:10B5E000000002580004025800080258000C0258DB
:10B5F000001002580014025800180258001C02588B
:10B60000002002580024025800280258C592000861
:10B61000E59200080593000825930008459300086B
:10B620006593000885930008A5930008C59300085A
:10B63000E5930008519400080700000098B6000840
:10B64000000006080000080008000000B4B600086A
:10B6500000001008000008000900000098B600086B
:10B6600000000E08000002000A000000B4B6000846
:10B6700000001808000008000500000098B6000847
:10B6800000000008000002000600000098B6000854
:10B6900000000208000004008CB700080000000051
:10B6A0000000000800001000000002000800000078
:10B6B000080000008CB7000801000000000010081E
:10B6C0000000100000000200080000000800000058
:10B6D0000200000098B60008B4B6000878B600086A
:10B6E00088B6000838B6000858B6000848B6000802
:10B6F00068B6000800000000000000000000000024
:10B700000000000000000000000000000000000039
:10B710000000000074B700081F000000FFFFFFFFDB
:10B72000FFFFFFFF00000000FFFFFFFF1F00000002
:10B7300000000000FFFFFFFF00000000010000000C
:10B7400005020700000000FF0608050C050D0100BA
:10B7500003000000010000003CB7000800000000EA
:10B760002F990008199900081F0000000000000030
:10B77000000000004B9C0008259B00086D9B000802
:10B78000E79A000800000000000000004B9C000841
:10B79000259B00086D9B0008E79A00080100010640
:10B7A000000308060103090602030A0000300140F5
:10B7B00000380040003C004000340140005001408F
:10B7C0000014005841A10008E9A000086C656E67EC
:10B7D00074685F6572726F7220776173207468722B
:10B7E0006F776E20696E202D666E6F2D65786365AC
:10B7F0007074696F6E73206D6F646520776974680B
:10B80000206D657373616765202225732200666170
:10B8100074616C206572726F7220696E2053544D92
:10B8200033322048414C00666174616C206572724D
:10B830006F7220696E2053544D33322048414C3A88
:10B8400020205F5F64697361626C655F6972712853
:10B850002920616E6420656E746572696E67206967
:10B860006E66696E697465206C6F6F700000000011
:10B87000C0B900080000002400010000FC0200081C
:10B88000C0BA000800010024280A01001C030008B7
:10B890001C00000043000000F8FFFFFF0C00000048
:10B8A0000E0000000F0000002E000000100100003C
:10B8B00043000000F8FFFFFF004040404040404090
:10B8C0004040414141414140404040404040404073
:10B8D0004040404040404040400502020202020217
:10B8E0000202020202020202022020202020202066
:10B8F000202020020202020202029090909090907A
:10B900001010101010101010101010101010101037
:10B9100010101010020202020202888888888888AB
:10B920000808080808080808080808080808080897
:10B93000080808080202020240000000000000009F
:10B9400000000000000000000000000000000000F7
:10B9500000000000000000000000000000000000E7
:10B9600000000000000000000000000000000000D7
:10B9700000000000000000000000000000000000C7
:10B9800000000000000000000000000000000000B7
:10B9900000000000000000000000000000000000A7
:10B9A0000000000000000000000000000000000097
:10B9B0000000000000000000000000000000000087
:10B9C0000000000000000000000000000090D00314
:10B9D0000090D003FFFF0000000000FFFF00000008
:10B9E0000000FFFF0000000000FFFF00000000005B
:10B9F000FFFF0000000000FFFF000000000000004B
:10BA00000000000000000000000000000000000036
:10BA10000000000000000000000000000000000026
:10BA20000000000000000000000000000000000016
:10BA30000000000000000000000000000000000006
:10BA400000000000000000000000000000000000F6
:10BA500000000000000000000000000000000000E6
:10BA6000FFFFFF001F1F1F1F1F1F1F1F019900083F
:10BA700001230101E647614E0000000800001000AC
:10BA80000000002400000800038000000000000007
:10BA900007616D630000000000000000000000006E
:10BAA0000000000000000000000000000000000096
:10BAB00041A10008E9A000081000000000000000FB
:020000042001D9
:10FFC0000000000000000000000000000000000031
:10FFD0000000000000000000000000000000000021
:08FFE000000000000000000019
:040000050800029954
:00000001FF
