:020000040810E2
:1000000050430210A9061008B1061008B3061008E4
:10001000B5061008B7061008B90610080000000061
:10002000000000000000000000000000790510083A
:10003000BD061008000000003106100895061008E3
:10004000C3061008C3061008C3061008C30610082C
:10005000C3061008C3061008C3061008C30610081C
:10006000C3061008C3061008C3061008C30610080C
:10007000C3061008C3061008C3061008E1381008AC
:10008000C3061008C30610085B2B1008C30610082F
:10009000F93F1008C306100805401008C3061008F1
:1000A000D9BA1008F3BA1008E7BA1008DBBA10087A
:1000B000C3061008C3061008FFBA1008C3061008CC
:1000C000C3061008C3061008C3061008C3061008AC
:1000D000C3061008C3061008C3061008C30610089C
:1000E0002F3D1008C306100800000000C3061008CA
:1000F00017BB1008C3061008C3061008C306100873
:10010000C3061008C30610080BBB1008C30610086E
:10011000C3061008C3061008C3061008C30610085B
:10012000ED381008C3061008C3061008C3061008EF
:10013000C3061008C3061008C3061008C30610083B
:10014000C3061008C30610080000000000000000ED
:10015000C3061008C3061008C3061008C30610081B
:10016000C3061008C3061008C3061008C30610080B
:10017000C3061008C3061008C306100800000000DC
:10018000C3061008C3061008C3061008C3061008EB
:10019000C3061008C3061008C3061008C3061008DB
:1001A000C3061008C3061008C3061008C3061008CB
:1001B000C3061008C3061008C3061008C3061008BB
:1001C000C3061008C3061008C3061008C3061008AB
:1001D000C3061008C3061008C3061008C30610089B
:1001E000C3061008C3061008C3061008C30610088B
:1001F000C3061008C3061008C3061008C30610087B
:10020000C3061008C3061008C3061008C30610086A
:10021000C3061008C3061008C3061008C30610085A
:10022000C3061008C3061008C3061008000000002B
:10023000C30610083DB5100841B51008C3061008E4
:10024000C3061008C3061008C3061008C30610082A
:10025000C3061008C3061008C3061008C30610081A
:10026000C3061008C3061008C3061008C30610080A
:10027000C3061008C3061008C3061008C3061008FA
:10028000C3061008C3061008C306100800000000CB
:10029000C3061008C306100800F002F800F08FF83B
:1002A00014A696E8000CB244B344DA4501D100F03C
:1002B00086F8BAE80F000FA696E83000A5EB040513
:1002C00004EB0607AAEB0704A7F101074FEA15158F
:1002D0004FEA3414A4F10104AC4201D300F06FF8EA
:1002E00013F0010F18BFFB1A43F0010300F001F8EF
:1002F000DBE7184774110200941102000A444FF022
:10030000000C10F8013B13F0070408BF10F8014B74
:100310001D1108BF10F8015B641E05D010F8016BB9
:10032000641E01F8016BF9D113F0080F1EBF10F81D
:10033000014BAD1C0C1B09D16D1E58BF01F801CB40
:10034000FAD505E014F8016B01F8016B6D1EF9D5C3
:100350009142D6D37047000070470000002300246C
:1003600000250026103A28BF78C1FBD8520728BFC5
:1003700030C148BF0B6070471FB520F010F99DE8F1
:10038000030000F0BBFD01F0C8FB040000200021C9
:100390001FF092FA401C6060002000211FF0A2FABA
:1003A000E06001F081FB01F069FA00F07BFD1FBD08
:1003B00010B5002001F046FB01F0D8FA10BD01F0A5
:1003C00087FB1146FFF7D8FF1AF061F801F05AFFDA
:1003D00003B4FFF7EDFF03BC00F0DCFE00487047FC
:1003E000240900100B460146184600F0AFBE02F08B
:1003F000FF0343EA032242EA024200F00CBD7047C9
:100400000204030CE9C7B035000010080000080022
:100410000000001000800400000000000000000048
:1004200004654F7468657230310000000000000000
:1004300000000000020000004558540000000000C9
:100440004A756E20313920323032362031303A321E
:10045000333A3439000000006920616D20616E205C
:10046000616D633263204020494343313A332F4367
:10047000414E323A3300000000000000000000004E
:100480006E2900F00587702900F0DF82662920F0D0
:100490004381652920F04081672920F03D81612951
:1004A00020F03C8103681B0A28BF41F080016929C4
:1004B00000F05082642900F04D82752900F04A82D4
:1004C0006F2901F0C581782900F0AB82E92901F09C
:1004D0005F81E42901F05C81F52901F05981EF2960
:1004E00001F0C281F82900F0AA820368DB0928BF65
:1004F00041F08001632900F01186732900F016860F
:10050000E32901F01D85F32901F0228500207047C1
:1005100080F309887047EFF309807047684680F3DD
:10052000098804480078C00714BF0220032080F324
:100530001488704750010010DFF818C0EFF30583EE
:100540001B0618BF6047EFF31483DB0708BF604743
:1005500000DF7047A9D91108DFF818C0EFF3058351
:100560001B0618BF6047EFF31483DB0708BF604723
:1005700000DF704721DA1108EFF30980816911F873
:10058000021CE1BB90E80F1010B5E047BDE8104039
:10059000EFF3098C8CE80700214B93E806009142A9
:1005A00008BF704741B91EF0100F16D11D490868E9
:1005B00020F00100086010E01EF0100F06BF2CEDC7
:1005C000108A0120002081F838002CE9F00FC1F8D2
:1005D0003CC00CB41EF012FE0CBC1A60D2F83CC039
:1005E000BCE8F00F92F8380000280EBF6FF0020E42
:1005F0006FF0120EBCEC108A8CF30988704710B5AE
:10060000094A1268914209D8084C54F8214090E8F0
:100610000F10A047EFF3098C8CE80F0010BD00000D
:10062000A800001034EF00E03CAE11083CAE110809
:1006300010B51EF0DDFCBDE81040154B93E8060038
:10064000914208BF7047EFF3098C1EF0100F06BFF0
:100650002CED108A0120002081F838002CE9F00FE1
:10066000C1F83CC00CB41EF0C9FD0CBC1A60D2F835
:100670003CC0BCE8F00F92F8380000280EBF6FF0C5
:10068000020E6FF0120EBCEC108A8CF309887047D2
:10069000A800001010B51EF0D5FDCCE710B51CF079
:1006A00003F91EF0CFFDC6E7094880470948004717
:1006B000FEE7FEE7FEE7FEE7FEE7FEE7FEE7FEE712
:1006C000FEE7FEE704480549054A064B704700006F
:1006D000B5BA1008990210085033001050430210A8
:1006E000503302105033021070B5A0FB01400021BE
:1006F000D4F1FF3271EB00003CBF002070BD2046FA
:1007000000F074FC05001CBF214600F082FB284667
:1007100070BD70B516460D46041F002808BF70BD99
:10072000002E1CBF05F1080019F00EFE2B4658687C
:10073000002818BFA04238BF0346F8D31968CA186A
:10074000A24218BF5C6003D122681C4611441960A4
:1007500021680A19824218BF606004D14268626051
:10076000006808442060002E1CBF05F1080019F045
:10077000EFFD70BD10B5044600F031F80168204669
:10078000BDE810400122C4E70FB41CB50C0007AA55
:10079000009007D04142A14202D32044401E01E014
:1007A0004FF0FF30074B7B4469460190069800F0FC
:1007B00090FC0021002C01D0009A11701CBC5DF847
:1007C00014FB00004F09000002F0FF0343EA03227C
:1007D00042EA024200F041BB70477047704710B5D3
:1007E000FFF7FCFD083010BD19F0A3BD704770473E
:1007F0000B460146184602F001B8000070477047EA
:100800001533030300030C0000020000E9C7B035F4
:1008100053EA020C00F069802DE9F04B4FF000061E
:10082000002B1FBFB3FA83F503FA05F424FA05F68B
:100830005E4012BF1643B2FA82F502FA05F4C5F122
:1008400020051EBF22FA05FC44EA0C04203556EAB6
:10085000044C4FEA144418BF641C4FF000084FF0DA
:100860000009904271EB030C39D3002919BFB1FA8A
:1008700081F701FA07F6B0FA80F700FA07F6C7F138
:1008800020071EBF20FA07FC46EA0C062037B6FBFD
:10089000F4FCA7EB0507103F07F01F0BCBF1200678
:1008A0002CFA06F60CFA0BFB44BFB3460026202FA9
:1008B000A4BF5E464FF0000B5BEA060C08BF4FF08A
:1008C000010B19EB0B0948EB0608ABFB027C06FB9E
:1008D00002CC0BFB03CCC01B71EB0C01C1E70B4638
:1008E000024641464846BDE8F08B13B5084318BFA1
:1008F0004FF0FF300146AFF30080BDE81C40704769
:1009000070B50C460546012A05D02878800600D52A
:10091000EA69002302E0012305E05B1C934202D256
:10092000E05C0028F9D1A869E618C01AA861286A15
:1009300018442862284600F072FC04E0D5E9012141
:1009400014F8010B9047B442F8D3284600F07DFC20
:1009500070BD00002DE9F04106460024106875299D
:10096000314616A510D000F081FC002802DA404282
:1009700013A507E031688A0701D512A502E04907EF
:1009800004D511A5012401E000F079FC00210A2220
:1009900006F1240709E0B0FBF2FCB0FBF2F302FB26
:1009A0001C00303078541846491C0028F3D12346E7
:1009B0002A463046BDE8F04100F02DBB00000000A3
:1009C0002D0000002B00000020000000F0B40D46B8
:1009D0000188090502D5214C7C4402E01F4C7C446F
:1009E0000E34002100F1240608E002F00F0712097E
:1009F000E75D42EA03721B097754491C52EA030778
:100A0000F3D102780023120704D5702D06D009B166
:100A1000022311342246F0BC00F0FDBA0123103449
:100A2000F8E770B504460D462146106800F027FC33
:100A3000024629462046BDE870400023C6E7D21D85
:100A400022F00703D3E90023C0E70368126843F0EC
:100A5000200303600823C3610023B7E744FD0100BE
:100A60002DE9F05F894604464FF0000ADFF874B1C3
:100A7000FB44C0F820A02046E1688847002874D0D5
:100A8000252806D0D4E901219047206A401C206225
:100A9000F1E700265F462046E168884720280546A2
:100AA00007DB312D05D2781910F8200C08B1064368
:100AB000F1E7B00701D526F00406C4F81CA0002712
:100AC000C4F818A02A2D09D028461AF0DFFD38B343
:100AD00004EB8708303DC8F8185019E059F8041B9A
:100AE000204604EB87029161E1688847012F0546A3
:100AF00018D1E069002820DA26F020061DE0D8F899
:100B0000180000EB800005EB40003038C8F81800F2
:100B10002046E168884705461AF0B8FD0028EED166
:100B2000012F0AD02E2D08D12046E16888477F1C6E
:100B30000546022F46F02006C4DBA069002803DA30
:100B4000404246F00106A061F00701D026F01006F1
:100B50006C2D0BD0682D09D04C2D39D06A2D35D095
:100B6000742D35D07A2D33D016E038E0E1682F4669
:100B700020468847B842054609D16C2F26D04FF44D
:100B80008060E168064320468847054604E06C2FF4
:100B90001AD04FF4807006430DB3A5F14100192817
:100BA00002D8203546F400664A462946204626608B
:100BB0004E46FFF765FC80B101280BD0F61D26F0EC
:100BC000070000F1080956E74020E4E78020D8E755
:100BD0000020D6E706F104094DE7284652E7206ACF
:100BE000BDE8F09FD4FC010010B5431C02E010F8F2
:100BF000011B71B18107FAD14FF0013202C88C1A82
:100C00008C4314EAC211F9D0C01A0A0603D0C01EE0
:100C100010BDC01A10BD0A0401D0801E10BD09020B
:100C2000FCD0401E10BD032A40F2308010F0030CAF
:100C300000F0158011F8013BBCF1020F624498BF2F
:100C400011F801CB00F8013B38BF11F8013BA2F1CC
:100C5000040298BF00F801CB38BF00F8013B11F047
:100C6000030300F06780083AC0F0088051F8043BA5
:100C7000083A51F804CBA0E80810F5E7121D5CBF54
:100C800051F8043B40F8043BAFF30080D20724BF87
:100C900011F8013B11F801CB48BF11F8012B24BF1B
:100CA00000F8013B00F801CB48BF00F8012B70476A
:100CB000431A28BF9A427FF6B6AF10441144032A64
:100CC00040F2268010F0030F1EBF11F8013D521EA6
:100CD00000F8013D10F0030F7FF4F6AF11F00303AD
:100CE00000F06D80083AC0F00B8051F8043D083ADE
:100CF00051F804CD40F8043D40F804CDFFF7F3BFB0
:100D0000121D5CBF51F8043D40F8043DAFF3008074
:100D1000D20724BF11F8013D11F801CD48BF11F8E9
:100D2000012C24BF00F8013D00F801CD48BF00F8B8
:100D3000012C704710B5203AC0F00B80B1E8185074
:100D4000A0E81850B1E81850A0E81850203ABFF4B5
:100D5000F5AF5FEA027C24BFB1E81850A0E8185054
:100D600044BF18C918C0BDE810405FEA827C24BFA8
:100D700051F8043B40F8043B08BF7047D20728BF36
:100D800031F8023B48BF11F8012B28BF20F8023B85
:100D900048BF00F8012B7047431A28BF9A427FF6DC
:100DA000C9AF1044114410F0030F1EBF11F8013DEC
:100DB000521E00F8013D10F0030F7FF4F6AF103A19
:100DC000C0F00A8010B531E9185020E91850103AE7
:100DD000BFF4F9AFBDE81040530724BF31E9081054
:100DE00020E9081044BF51F8043D40F8043D12F0DA
:100DF000030F08BF7047D20728BF31F8023D48BF34
:100E000011F8012C28BF20F8023D48BF00F8012C42
:100E100070474FF000020429C0F0128010F0030C5C
:100E200000F01B80CCF1040CBCF1020F18BF00F8DD
:100E3000012BA8BF20F8022BA1EB0C0100F00DB88C
:100E40005FEAC17C24BF00F8012B00F8012B48BFEA
:100E500000F8012B70474FF0000200B5134694468E
:100E60009646203922BFA0E80C50A0E80C50B1F102
:100E70002001BFF4F7AF090728BFA0E80C5048BF16
:100E80000CC05DF804EB890028BF40F8042B08BFB4
:100E9000704748BF20F8022B11F0804F18BF00F8B0
:100EA000012B704708487CB5784400900748784487
:100EB000009C0546019004E02046016808448047F4
:100EC000241DAC42F8D17CBD080702000A070200CD
:100ED0007047704738B504460A4600206946AFF3AC
:100EE0000080002808BF38BD02460099204600F067
:100EF00074F9012038BD012000F0E3BDF8B5AFF36F
:100F00000080054600200C460C2000BF0646A819AC
:100F1000A0420DD9324669460020AFF30080070099
:100F200008BF00F0CEFD0098A04218BF0546C419C6
:100F3000FFF755FC05600746F01D20F00700461935
:100F4000284600F03AF9B44208BFF8BDA21B31466A
:100F50003868BDE8F84000F040B90844401E491E1A
:100F6000884370470821001DF7E72DE9F041174637
:100F70000E460446FFF7F6FFA042054633D9002F80
:100F80001CBF06F1080019F0DFF930467468F4B1AF
:100F90002168A94217D305F1080291423CBF61685C
:100FA000416007D3626861194A602268521B0A6077
:100FB00041602560002F1CBF06F1080019F0C8F938
:100FC000201DBDE8F08120466468002CE0D1294650
:100FD0003046FFF77FFF0028D7D1002F1CBF06F156
:100FE000080019F0B5F90020BDE8F08110B50446FD
:100FF000FFF7F5FB01682046BDE810400122B4E789
:1010000010B5FFF7F1FB006810BD10B50446FFF7FF
:10101000EBFB046010BD2DE9F0470D469946924662
:10102000044600F124080168880604D5E06921F02F
:101030001001216000E00120A84201DD471B00E013
:101040000027A1697A1902EB0900081AA06120782B
:10105000C00602D4204600F0E2F8002608E0D4E9F9
:1010600001211AF806009047206A401C761C206275
:101070004E45F4DB2078C0060AD5204600F0CFF8B4
:1010800006E0D4E9012130209047206A401C20620C
:10109000381EA7F10107F4DC07E0D4E9012118F8B4
:1010A00005009047206A401C2062281EA5F101051A
:1010B000F3DC204600F0C9F82078000602D50220B3
:1010C000BDE8F0870120FBE701694A1C026108784E
:1010D000704700B58FB0CDE9013100210591054978
:1010E0007944CDE9031011466846FFF7B9FC0FB00B
:1010F00000BD0000E5FFFFFFD1E900239A4202D2C4
:10110000531C0B601070704710B5436913B1AFF3F7
:10111000008001E0FFF7F4FB012010BD127800F120
:1011200024010A7000224A700122EDE711684FF095
:10113000FF32E9E710B5002000F0BCFCFFF738F9FA
:10114000BDE81040012000F025B800002DE9F04175
:10115000074615460E461020FFF748FF040013D03F
:101160006760C4E90265094819F0EEF800F020F85C
:10117000016821600649046000200860034819F0F6
:10118000E7F80020BDE8F0810120FBE76C010010CA
:101190006801001001491820ABBEFEE726000200DE
:1011A00010B500F0BAFC001D10BD00BF0DE7010036
:1011B00010B5FFF713F9383010BD002140F8041BBB
:1011C00040F8041B19F0C2B80C207047801A08447C
:1011D000401E491E88431044704770B514460546AA
:1011E0008C464368002B18BF634538BF1846F8D3B8
:1011F00002681044604508D0664660460422082113
:10120000FFF7E4FF811B8446641A2946CCF80040AE
:10121000BDE8704000220CF10400FFF77ABA70B507
:10122000044685690068C10601D5302600E0202605
:10123000C00707D070BDD4E9012130469047206A2D
:10124000401C20626D1EF6D570BD70B504468569E0
:101250000078C00707D170BDD4E901212020904754
:10126000206A401C20626D1EF6D570BD09684A05D3
:1012700001D540B27047C905FCD500B27047096876
:101280004A0501D5C0B27047C905FCD580B2704788
:1012900011680268006A530501D508700AE0D30599
:1012A00001D5088006E0130603D5C217C1E9000284
:1012B00000E00860012070472DE9FF4F0C461E46F4
:1012C0004FF0FF378BB0D2E90001DDF860800A9063
:1012D0008A46C1F30A5505B93D46002108464FF03C
:1012E0000000BAF1000F00F4400005DA00EB8000C6
:1012F0004FF4400101EA50004FEA9059B9F1010F53
:1013000000DDB9460A9850EA4A000ED044F6105063
:10131000A5F2FF3545432F14B8F1000F1ED07542DA
:10132000291E1EDDC9F100021CE0B8F1010F4FF0CB
:10133000000001D0302103E0F24305E02154401CBD
:10134000B042FBDB30460022002121540B99C1F84A
:101350000880C1E900200FB0BDE8F08FBD1B6D1CF7
:10136000DEE74A4600DA694206A800F0F5FD06AB62
:1013700093E8070003AB83E8070050460A9919F089
:1013800094F98DE80700A0F500501F3800900398ED
:10139000002D0ADD42F21F014A460844002303A93A
:1013A0000390684619F0FEFB09E0A0F500504A469C
:1013B0001F38002303A90390684619F008FC8DE844
:1013C00007000004000C03D04FF0FF30410800E09C
:1013D0001046B8F1000F03D00022009215461EE01F
:1013E000751E05D400F09EFB303262556D1EF9D596
:1013F000B3460122084302D000227F1C04E020787B
:10140000302801D100227F1E002A099784D01DE0D8
:10141000112D07DA00F086FB303262556D1C50EA60
:101420000102F5D1084302D00098C8B10EE00021B6
:10143000681E05E0235C625C63542254401E491C14
:101440008142F7DBAB46A81B401E0990002004F840
:101450000B000B98099AC0F80880C0E9002B7AE7C6
:1014600011264FF0000857E72DE9F04F8846044653
:10147000D21D22F0070191B0D1E90001CDE90A01A6
:1014800019F0E7FC02460B98C00F01D02D2007E0B1
:101490002068810701D52B2002E0202101EAC0004D
:1014A000032A099001D0072A05DB0346414620465E
:1014B00000F0FCFC0BE12078800601D5E06900E03B
:1014C0000620B8F1650F814606D0B8F1660F18D036
:1014D000B8F1670F70D131E00020B9F1110F009021
:1014E00001DB112301E009F101030AAA01A90CA8FB
:1014F000FFF7E2FEDDE90C70002609F101058346E5
:1015000047E001204B4600904FF000470AAA01A98E
:101510000CA8FFF7D1FEDDE90DB00C995D46002661
:1015200010B909F101000D18B9EB050003D4C0F1A1
:10153000FF3609F10105A5EB09002BE0B9F1010F18
:1015400001DA4FF001090020B9F1110F009048466F
:1015500001DD112300E003460AAA01A90CA8FFF748
:10156000ABFEDDE90C704D4600268346207800076F
:101570000AD4AB4500DA5D4601A8012D04DD41190E
:1015800011F8011C302907D04F4502DA17F1040F7A
:1015900004DA012082460FE06D1EEEE7002F02DC28
:1015A000ED1B3E4403E0781CA84200DD7D1CB81B07
:1015B00000F1010A4FF000472078000703D4AA4544
:1015C00001DB4FF0FF3A0021B7F1004F0DF1430866
:1015D0008DF8431024D002202B23002F01DA7F4204
:1015E0002D230A21021EA0F1010000DC5FB197FB50
:1015F000F1FC97FBF1F201FB1C7C17460CF1300C5F
:1016000008F801CDEEE7A8F1010003702188090573
:1016100001D5452100E06521A0F1010800F8011C79
:1016200009980FA9A1EB0807FF1D00B1012041197E
:1016300001EBEA70A1693844081A401EA0612078C5
:10164000C00602D42046FFF7EAFD099828B1D4E984
:1016500001219047206A401C20622078C00622D5D4
:101660002046FFF7DCFD1EE0002E04DBB34502DD63
:1016700001A8805D00E03020D4E901219047206A74
:10168000401C2062761CAAF101005FEA000A0AD120
:1016900000F043FAC0680168405CD4E9012190473A
:1016A000206A401C2062281EA5F10105DCDC07E051
:1016B000D4E9012118F8010B9047206A401C2062F0
:1016C000381EA7F10107F3DC2046FFF7BEFD03201B
:1016D00011B041E62DE9FF5F15468A460446DFF862
:1016E000AC80F8440027D8E900103E46CDE9001050
:1016F00010E03AF816106A4602A800F09FFD411C5F
:1017000007D02178890603D5E269391891420DD8AE
:101710000744761C2078800602D5E069B84205DDD2
:10172000AE42E6DB3AF816000028E2D1A069C01B01
:10173000A0612046FFF773FDD8E90010CDE9001045
:10174000002017E03AF818106A4602A800F076FD6B
:10175000B0F1FF3F81460BD000250DF1080B05E0ED
:10176000D4E901211BF8050090476D1C4D45F7D3C6
:1017700008F10100B0428046E4DB206A3844206270
:101780002046FFF762FDBDE8FF9F000096F00100D4
:101790002DE9F0418046D21D22F007020025D2E952
:1017A0000002F52915A614D0011E72F1000106DA17
:1017B0000023D0EB030063EB020211A608E0D8F887
:1017C00000108B0701D50FA602E0490701D50EA630
:1017D00001251146002408F1240704E000F0A2F9D5
:1017E00030323A55641C50EA0102F7D12B4632469A
:1017F00021464046BDE8F041FFF70DBC0000000067
:101800002D0000002B0000002000000030B400215B
:1018100000F1240408E002F00705D208303542EA5E
:101820004372DB086554491C52EA0305F3D104688E
:10183000002310A2250708D504F020040C4304D08F
:10184000C46901230CA2641EC46130BCFFF7E3BB72
:1018500010B5044621461068FFF711FD02462046E8
:10186000BDE810400023D1E7D21D22F00701D1E9E5
:101870000023CBE7000000003000000010B56548F1
:101880005421FFF7E8FA64485421FFF7E4FA63486B
:101890005421FFF7E0FA62485E49624A624B0160F8
:1018A0005D4810605D4A1A60431C0B65511C016560
:1018B0000120106557484C3018F048FD56484C3010
:1018C00018F044FD55484C3018F040FD574818F0CA
:1018D0003DFD58484F4A56A1784400F063FC20B9BA
:1018E000544878440A3800F0F3FC54484A4A52A15C
:1018F000784400F057FC20B9504878440A3800F08A
:10190000E7FC4F48454A4CA1784400F04BFC20B915
:101910004B4878440A3800F0DBFC40233D48DC00AB
:101920000021224600F0B0FB20B1424878445438F0
:1019300000F0CEFC384822464023002100F0A4FBF2
:1019400020B13E487844543800F0C2FC3348224667
:101950001023002100F098FB002806D03848784476
:10196000BDE81040563800F0B3BC10BD2B482DE93F
:10197000F041006D2D4E20F00104304618F0E4FCDB
:10198000244D4C35284618F0DFFC224800F056FB69
:10199000284618F0DDFC2846AFF300801E4D4C357C
:1019A000284618F0D1FC1C4800F048FB284618F0E7
:1019B000CFFC2846AFF30080184D4C35284618F070
:1019C000C3FC164800F03AFB284618F0C1FC284634
:1019D000AFF3008014E0206D20F0010504F14C000D
:1019E000074618F0B1FC204600F028FB384618F0F6
:1019F000AFFC3846AFF300802046FEF7BBFE2C4616
:101A0000002CE8D1304618F0A3FC0848AFF3008062
:101A1000BDE8F08184090010D80900102C0A0010DC
:101A20005C010010600100106401001070010010E2
:101A300072000000A8EE01007700000094EE0100A3
:101A400080EE01002DE9F8430646154818F07CFCAD
:101A5000FFF7AEFB134F8146E8464D4616E026B130
:101A6000E068B04201D0254610E0206828600C48AC
:101A7000C7F8008018F06CFCD4E9010188470848D9
:101A800018F062FC3968414500D04D462C68002CA6
:101A9000E5D100203860024818F05AFCBDE8F88310
:101AA0006C01001068010010014818F04FBC0000E4
:101AB0006C01001010B500F0F3FBBDE8104000F021
:101AC000EABB10B500F00CFCBDE8104000F0E3BB31
:101AD0007546FEF783FCAE4605006946534620F086
:101AE0000700854618B020B5FEF7ECFDBDE82040A4
:101AF0004FF000064FF000074FF000084FF0000BCA
:101B0000AC46ACE8C009ACE8C009ACE8C009ACE838
:101B1000C00921F007018D46704710B5FEF75EFC45
:101B2000203010BD30B5B0F10A0271F100034FEA68
:101B3000900E4EEA817EB0EB0E0061EB91014FEA10
:101B4000101E4EEA017E10EB0E0041EB11114FEA20
:101B5000102E4EEA016E10EB0E0041EB11214FEA00
:101B6000104E4EEA014E10EB0E0041EB11414018B1
:101B700041F100014FEAD00040EA41704FEAD10143
:101B80004FEA810444EA907410EB800544EB0104B1
:101B90006D1944EB0404521BA3414FF0000348BFEE
:101BA0000A3200D530BD401C41F1000130BD0000BB
:101BB0002DE9F04F04460D46D21D22F0070089B0F2
:101BC000D0E900974846394619F043F90246F80F24
:101BD00001D02D2307E02068810701D52B2302E0E7
:101BE000202101EAC0038DF820300BB1012000E074
:101BF0000020032A824601D0072A04DB294620461A
:101C000000F054F93FE12078800601D40D2500E072
:101C1000E569C7F30A560D2D49DA00214FEA175B33
:101C200008464FF00000002F00F4400007DA00EBF8
:101C300080004FF4400100EBD07001EA6000811594
:101C4000012901DD4FF0FF3100224FEA850CBCF184
:101C5000180F06D31346ACF118004FF08052C24063
:101C600003E04FF4801323FA0CF30CF10C0CBCF1DD
:101C7000200F04D3ACF1200C09FA0CF001E007FAB4
:101C80000CF000294FF0004801DD18B90FE00ED12B
:101C900040450CD319EB02095F4121B9404502D1FF
:101CA0009F4329EA0209BBEB175F00D0761C20880E
:101CB000000502D57B48784402E07A487844193818
:101CC00008AA302302F80A30037C0AF10101002E31
:101CD0000AF1020A53546A4602DC4FF0300101E077
:101CE0004FF031014FF001088DF8001002D0A6F23C
:101CF000FF3603E059EA470100D06B4E002D02DCAD
:101D00002178090704D54FF002082E218DF8011023
:101D1000C44600210BE0C7F303433F01C35C491CE9
:101D20006D1E02F80830052908F1010801DA002DBE
:101D3000F1DC00210CE000EB1973491C1B786D1ECF
:101D4000082902F808304FEA091908F1010801DAF8
:101D5000002DF0DC21688B0602D516E0A8F1010801
:101D6000E04505DD02EB080313F8013C302BF5D00C
:101D7000B8F1000F09DD02EB080313F8013C2E2B2C
:101D800003D1090701D4A8F10108002D05DD3E218A
:101D900002F808106D1E08F10108407C002E02F8C0
:101DA000080008F1010804DA2D20764202F8080044
:101DB00002E02B2002F808000A214FF47A708642D4
:101DC00008F101080BDB96FBF0F3303302F8083022
:101DD00096FBF0F308F1010800FB136601E0642EA6
:101DE0000CDB642096FBF0F3303302F8083096FBEE
:101DF000F0F308F1010800FB136601E00A2E06DB90
:101E000096FBF1F0303002F8080008F1010896FB6B
:101E1000F1F001FB1060303002F80800A16908F110
:101E2000010808EB050202EB0A00081AA0612078FD
:101E3000C00602D42046FFF7F2F9216A08AE01EB92
:101E40000A00206204E0D4E9012116F8010B904752
:101E5000BAF1010AF7D22078C00602D52046FFF772
:101E6000DEF96E4609E016F8010B3E280FD0D4E9E2
:101E700001219047206A401C2062B8F10108F2D28B
:101E80002046FFF7E2F909B00320BDE8F08F206A91
:101E90002844206203E0D4E90121302090476D1EE0
:101EA000EBD3F8E7E9EA010002FCFFFF2DE9F0417E
:101EB0001F46044603260168072A01F4006004DB7C
:101EC00008B116A505E016A503E008B115A500E0C8
:101ED00015A521F010002060A069C01EA0610FB1FF
:101EE000401EA0612046FFF79AF94FB1D4E90121C5
:101EF00038469047206A401C2062C01C206206E0E1
:101F0000206AFAE7D4E9012115F8010B9047761E03
:101F1000F8D22046FFF799F9BDE8F0814E414E0016
:101F20006E616E00494E4600696E660010B54369E9
:101F300013B1AFF3008001E0FFF7CCFB012010BD2F
:101F4000128800F1240182840022C2840122EDE77C
:101F500011684FF0FF32E9E72DE9F0478146164658
:101F60008AB0354878440DC88DE80D003248784471
:101F7000801C03AC0DC884E80D0041F69B3008447A
:101F8000372190FBF1F290FBF1F5A5F1800501FB03
:101F900012041B3C02D56442012000E00020DFF85F
:101FA00098A080460027FA44AAF1BE0A0EE0E00796
:101FB0000AD03246684607EB470101230AEB81014C
:101FC00018F005FE8DE8070064107F1C002CEED190
:101FD000194F7F44AE3F19E0E80715D007EB041016
:101FE0000DF1180A90E80E008AE80E00C068F04271
:101FF00001D1981908903246012306A903A818F0C8
:10200000E6FD03AB83E807006D10641C002DE3D1EF
:102010004FF0010332466946B8F1000F03A802D021
:1020200018F0C0FD01E018F0D2FDC9E90001C9F8BF
:1020300008200AB0BDE8F087CCE801002DE9F047A0
:1020400004464FF0FF380026C568D4E90497A80776
:1020500018D0204600F01AFB384618F07BF900280B
:1020600000DA4646280502D54846FEF783FB4C2198
:102070002046FEF7F0FE206D20F00100206530467E
:10208000BDE8F0874046FBE72DE9F04704461E46D1
:1020900090460D46C7684C30814618F055F9B80790
:1020A00014D0780212D44046B8F5807F09D0B0F53C
:1020B000007F06D0B8F5806F08D1012604F1240511
:1020C00006E0701E6FF07F41884201D3012409E0D1
:1020D0002561E6616560E06820F4706040EA080010
:1020E000E0600024484618F033F92046BDE8F08748
:1020F0002DE9F04716468846070010D006F14C003F
:10210000814618F021F93046FFF798FF18F8010BC7
:1021100061280DD0722805D0772841D105E0002034
:10212000BDE8F0870125002405E00225042402E033
:10213000082448F2020518F8010B2B2806D0622863
:1021400009D018F8010C74280AD00BE045F00305FB
:1021500044F00204EFE745F0040544F00104EAE727
:1021600044F010043846214618F0FBF8411C17D003
:102170000021316171604FF40071F560F1617061AF
:10218000200704D530460222002100F0C3F9306D4B
:1021900040F001003065484618F0DAF83046BFE7F5
:1021A0000026F8E72DE9F04115460E460746214C7A
:1021B000204618F0C9F82A4631463846FFF798FFFE
:1021C0000546204618F0C4F82846BDE8F0812DE900
:1021D000F0410E468046174D284618F0B5F8164CCB
:1021E000206DC10704D0410804D020F00104F7E7B6
:1021F000224612E05420FEF7F9FE070017D0206DAA
:1022000047F001010843542120653846FEF723FEBC
:1022100007F14C0018F09AF83A4631464046FFF76D
:1022200067FF0446284618F093F82046CDE70024BF
:10223000F8E7000070010010840900102DE9F0415A
:1022400016460C460546FEF7ABFF036893F80101FE
:10225000012807D0FF2C12D8185D80B101202C7006
:10226000BDE8F081D3F807013246214603F2071397
:10227000C7182846BC46BDE8F041002360474FF030
:10228000FF30EDE710B50446AFF300802046BDE80F
:102290001040FEF79DB8002801D0FEF77BBF7047C5
:1022A00010B5002102A000F035FA012010BD000099
:1022B000534947414252543A2041626E6F726D61F8
:1022C0006C207465726D696E6174696F6E000000D8
:1022D00010B500F039FABDE81040FFF7DCBF000090
:1022E00010B5012805D0002103A000F013FA012049
:1022F00010BD09A1F8E7000053494752544D454D20
:102300003A204F7574206F662068656170206D6596
:102310006D6F7279000000003A2048656170206D91
:10232000656D6F727920636F727275707465640089
:102330002DE9F05F054617460C46C86820F42010CA
:1023400040F48000C860800602D5084600F0C1F95C
:10235000E06841F282014FF0FF3A0140022903D0C8
:10236000204600F053F9B9E000F42041B1F5004FE8
:102370000FD1C00306D56168E06A884200D80846DC
:10238000606006E02069E0626060606917F0E4FF69
:10239000A061A0680022EEB200280DDAE1688B058A
:1023A0000AD4C043A06041F490302260E0606068CD
:1023B000411C61600670AAE0E0689146226040F42A
:1023C0000050E060206978BB606917F0C8FF04F135
:1023D00024054FF00108A8B1A08910F4407F08D06F
:1023E000E069FEF703FE206118B1E06840F4006088
:1023F00017E0C4F81C802561E06820F4407040F4C8
:1024000080600EE0E069FEF7F1FD00282061F0D069
:10241000E06840F4006010F4407FE06002D140F4D6
:102420008070E06020696060E06825696FF0010BF2
:10243000C1051ED56168E06A884200D80846411B84
:1024400004D02246284600F0EBF8E8BB1FB1E56255
:10245000C4E9015959E0681CE0626060E069401E0F
:10246000A060E06840F48030E06030462E70BDE847
:10247000F09F17B100F480320AE06068411C61608F
:102480000670E0680A2E40F48030E06006D000223A
:10249000E16A6068814203D90B4602E00122F7E756
:1024A0000346B4F80CC05B1B5FEA4C5C04D4D4F860
:1024B0001CC09C4500DD02B3814200D80146002BC0
:1024C000A1EB0008E56200E008E0C4E9015907DD7E
:1024D00022461946284600F0A3F808B15046C6E740
:1024E000B8F1000F09D0A169E5626560A1EB0800B1
:1024F000A061E06840F01000E06047B16168A06949
:10250000E562491B08446560A0615846AFE7304664
:10251000ADE700002DE9F041044616460D46476937
:10252000007B80072ED0384617F019FF50BB3EB312
:10253000012E02D0022E25D104E0204600F07EF9C3
:1025400005441DE0384617F007FFE168002841F018
:102550001001E16005DA204600F058F80120BDE8DE
:10256000F081C9030BD56268E16A914200D8114637
:10257000A26911442269891A814200DD0846054496
:10258000002D01DA0220EAE7E16A6068E268814230
:1025900006D29103E06203D522F4003141F010022B
:1025A000A6690027AE4213DCE16A814201D90B46DD
:1025B00000E0034603EB060C2369ACEB030CAC45CF
:1025C00006DD814201D98C4600E084469C4505D158
:1025D000A760276042F02000A5620DE0AD1BE66910
:1025E000AE1B8142A66000D90846C01A281A206096
:1025F0005819606022F0200003490840E060002084
:1026000084F84870ABE70000BFCFD7FFC16821F462
:10261000001141F08001C1600021816001607047BC
:102620002DE9F74F15460C464FF0FF3B3848D76869
:10263000D2F814A0074209D05046A96917F093FEBA
:10264000002819DB3248C0430740EF604FF00049D3
:102650006FF000484C4501D3464600E026460099FD
:102660003B465046324617F081FEA96920F00042F1
:10267000B21A1144A96128B12846FFF7C7FF58468E
:10268000BDE8FE8FA41BE5D10020F9E770B5044634
:102690000569C06A6168884200D80846E16821F48B
:1026A0002011E160C90312D5A84208D02246411B7F
:1026B0002846FFF7B5FF10B14FF0FF3070BD002086
:1026C000E562C4E90150E06820F48030E060002059
:1026D00070BD10B50446C06820F02000E060A16A1B
:1026E000A06988420DD02046FFF7D0FFE06820F4B3
:1026F000405040F01000E060A06AA0612069E062F4
:10270000606044F24001E0688843E06010BD000072
:102710001000020070B505460C460A2000E06D1C52
:1027200017F026FE35B128780028F8D102E0641CA5
:1027300017F01EFE14B120780028F8D1BDE87040D3
:102740000A2017F015BE000010B5014602A0FFF7E1
:10275000E1FF012010BD0000534947525452454447
:102760003A2052656469726563743A2063616E272A
:1027700074206F70656E3A200000000000000000B9
:1027800030B44FF0013C50F8042B51F8043BCCFA24
:1027900052F4D51A20D1FCB950F8042B51F8043B5F
:1027A000CCFA52F4D51A17D1B4B950F8042B51F819
:1027B000043BCCFA52F4D51A0ED16CB950F8042B64
:1027C00051F8043BCCFA52F4D51A05D1002CDAD0DA
:1027D00030BC4FF00000704729BAB1FA81F111F016
:1027E0001801D1F120008440F2D1CA40CB4012F050
:1027F000FF0213F0FF0330BCD01A70472DE9F041FF
:1028000014460D46074601F14C06304617F09CFD74
:10281000094B7B44224629463846FEF75AFC0446BB
:10282000287B000601D54FF0FF34304617F090FDAD
:102830002046BDE8F0810000858E010010B50146FC
:10284000C268900703D0900607D5886A0AE0FDF7B2
:10285000CBFF01210160881E10BD8B6948681844B8
:102860000B69C01A91F848301BB191F84910401A11
:1028700010BD1103FCD50028FADD401E10BD00007C
:10288000B0B50446006842F2001140F48070C4F212
:102890000201884218D142F20830C4F202000068F6
:1028A00010F4403F18D006F0A7FD61680546B1F569
:1028B000803F05D0B1F5403F2AD0B1F5003F28D187
:1028C000080CB5FBF0F524E046F20830C5F602002E
:1028D000006810F4403FE6D14FF4002005F0FAFD07
:1028E00061680546A1F580224FEAB2420A2A10D853
:1028F000DFE802F006060606060654525850560057
:102900006FF0010000EA5140B5FBF0F501E000BFB7
:10291000AD0805F0B3F941F2030188420ED82068F2
:1029200042F601528168C0F2311295422CBF41F447
:10293000807121F480718160B0BD00BF4BF62140F1
:10294000C0F2BE00854205D82068816821F440713C
:102950008160B0BD47F64100C0F27D10854207D8C6
:1029600020680122816862F309218160B0BD00BF47
:1029700020684FF281028168C0F2FA22954205D8A0
:10298000022262F309218160B0BD00BF41F44071B1
:102990008160B0BDED09BCE76D09BAE72D09B8E764
:1029A0002D0AB6E7AD09B4E70146806B436D426D71
:1029B00013F0500F0AD0D2064FBF00F17002C06C66
:1029C00000F14C0208461168084700BF42F400714C
:1029D000416501680B68CA681B0705D4910709D0D7
:1029E00000F164021168084712F4406FF8D1C96819
:1029F0008904F5D4416D21F480714165416DC904AC
:102A0000EED4416D41F00101416500F164021168AD
:102A100008470000806B416D026F41F04001416545
:102A2000816D41F00401816510470000806B816E6B
:102A300008470000B0B5016804468A688868C00786
:102A40004FF0000031D012F0020218BFB0BD88680C
:102A500000F00D0001281FD188684FF6C072C7F63C
:102A6000FF721040023088600320086005F00EF904
:102A700021688968C90704BF0020B0BD054602E08F
:102A80008068C00712D005F001F9411B20680329B6
:102A9000F6D38168C907F3D0606D40F0100060651F
:102AA000A06D40F00100A0650120B0BD0020B0BDC8
:102AB000F0B581B0044600688168C9074AD14FF675
:102AC000C077C7F6FF77816807F17F0211420BD00C
:102AD000606D40F010006065A06D40F00100A065E1
:102AE000012001B0F0BD00BF8168394041F0010113
:102AF000816005F0CBF842F200022168C4F20202C4
:102B000046F2083602F58073C5F6020602F54275F4
:102B1000994208BF2E46914208BF2E46326899421C
:102B2000054614D112F01F0014D110E08868C007C8
:102B300004D18868384040F00100886005F0A6F8AC
:102B4000401B2168032802D30868C007C0D008686A
:102B5000C007EBD0002001B0F0BD80B542F2E060CC
:102B6000C1F2000001F084FD42F27070C1F2000079
:102B700001F07EFD42F60000C1F20000BDE8804099
:102B800001F076BD70B582B042F25815C1F2000571
:102B900040F6D0660120092105F11003C1F20006BC
:102BA000C82207C306F6F42128460BF076FB41F253
:102BB0008420311828460BF072FB41F2782006F68B
:102BC000F8243118284622460AF00AF906F50C6066
:102BD0000BF067FB06F689000CF09AF806F69C00ED
:102BE0000AF017FC06F6C40006F6B4210AF000FC51
:102BF00042F2DC1140F68025C1F20001C1F200056D
:102C000001F1EC00203105F5867205F214430094C1
:102C10000CF08EF805F5767005F589610BF02EFB4A
:102C2000204602B0BDE870400CF09CB82DE9F04F92
:102C3000B3B040F6802B42F2741AC1F2000B40F69A
:102C4000D066C1F2000A0BF50679C1F200060AF15E
:102C5000360006F6C40206F6B423494609F0ACFB7A
:102C6000EFF3058050B94EF210110820CEF20001AA
:102C7000C1F88000BFF34F8FBFF36F8F96F87C08C9
:102C800086F87D08EFF3058028B94EF21011082070
:102C9000CEF20001086096F87D08022830D00128A5
:102CA0000ED0002843D106F5D86C9CE8AF10D6F8BA
:102CB000DC460DF1580E8EE8AF0006F5DC672FE01C
:102CC000D6F8F406D6F8F816D6F8FC26D6F800376B
:102CD000D6F80477D6F808570DF1580ED6F80CC779
:102CE000D6F810478EE88F00D6F81407D6F81817D4
:102CF000D6F81C27D6F82037D6F824771B9510E095
:102D000006F5E5678FCFD6F83C57D6F840C7D6F81A
:102D100044470DF1580E8EE88F0006F5E9671B95C4
:102D20008FCFCDE91CC40DF1780C8CE88F00EFF348
:102D3000058050B94EF210110820CEF20001C1F802
:102D40008000BFF34F8FBFF36F8F96F8780886F837
:102D50007908EFF3058028B94EF210110820CEF261
:102D60000001086096F87908022824D0012811D0C3
:102D7000C8BBD6F8BC07D6F8C017D6F8C427D6F813
:102D8000C837D6F8CC77D6F8D057D6F8D447D6F887
:102D9000D8C720E0D6F8DC07D6F8E017D6F8E42745
:102DA000D6F8E837D6F8EC77D6F8F057D6F8F447E7
:102DB000D6F8F8C70FE0D6F8FC07D6F80018D6F812
:102DC0000428D6F80838D6F80C78D6F81058D6F873
:102DD0001448D6F818C80DF18C0E8EE88F00CDE996
:102DE0002854CDF8A8C042F2DC18C1F2000806F65B
:102DF000F8200BF2144108F1200208F1EC0308F16D
:102E0000F4070AF1340A0BF58675CDE90673CDE9AE
:102E1000007308920292CDE9041016A823AB514624
:102E20004A46039509F098FC4EF21019EFF305801D
:102E3000CEF2000930B90820C9F88000BFF34F8FE7
:102E4000BFF36F8F96F8700896F871180130C2B210
:102E5000033A18BF0246531CDCB2D0B2033C18BF81
:102E60001C46884218BF1446EFF3058010B90820AD
:102E7000C9F8000060B24FF4867110FB016029466A
:102E80004FF48672FDF756FF86F87048EFF3058021
:102E900030B90820C9F88000BFF34F8FBFF36F8FA0
:102EA00096F8720896F873180130C2B2033A18BF48
:102EB0000246551CE8B2D3B2033818BF28468B42ED
:102EC00018BF1046EFF3058111B90821C9F80010A9
:102ED00041B2C1EBC101D8F8EF20D8F8EC30314451
:102EE000C1F83428C1F8313886F87208EFF305804C
:102EF00030B90820C9F88000BFF34F8FBFF36F8F40
:102F000096F8740896F875180130C2B2033A18BFE3
:102F10000246551CE8B2D3B2033818BF28468B428C
:102F200018BF1046EFF3058111B90821C9F8001048
:102F300041B2342211FB0261DBF81424DBF81834AF
:102F4000C1F88825DBF81C24C1F88C35DBF8203467
:102F5000C1F89025DBF82424C1F89435DBF8283437
:102F6000C1F89825DBF82C24C1F89C35DBF8303407
:102F7000C1F8A025DBF83424C1F8A435DBF83834D7
:102F8000C1F8A825DBF83C24C1F8AC35DBF84034A7
:102F9000C1F8B025DBF84424C1F8B435C1F8B82530
:102FA00086F87408EFF3058030B90820C9F880006E
:102FB000BFF34F8FBFF36F8F96F87A0886F87B08C0
:102FC000EFF3058010B90820C9F8000096F87B08D7
:102FD00002283AD0012827D000285BD1D6F8240651
:102FE000D6F83CC6D6F840760DF1240ED6F8281651
:102FF000D6F82C26D6F83036D6F83456D6F83846D9
:103000008EE82F00D6F84406CDE90FC70DF1440C29
:103010000E94D6F84816D6F84C26D6F85036D6F880
:1030200054568CE82F0035E006F5CB678FCF0DF1B5
:10303000240ED6F86C568EE88F0006F5CF67D6F8CA
:1030400070C6D6F874468FCF1DE0D6F88C06D6F839
:103050009016D6F89426D6F89836D6F89C760DF1C8
:10306000240ED6F8A056D6F8A4C6D6F8A8468EE800
:103070008F00D6F8AC06D6F8B016D6F8B426D6F837
:10308000B836D6F8BC760E95CDE90FC40DF1440CD8
:103090008CE88F00EFF3058030B90820C9F8800074
:1030A000BFF34F8FBFF36F8F96F8760886F87708D7
:1030B000EFF3058010B90820C9F8000096F87708EA
:1030C000022824D0012811D0C8BBD6F85C07D6F856
:1030D0006017D6F86427D6F86837D6F86C77D6F834
:1030E0007057D6F87447D6F878C720E0D6F87C0732
:1030F000D6F88017D6F88427D6F88837D6F88C7794
:10310000D6F89057D6F89447D6F898C70FE0D6F877
:103110009C07D6F8A017D6F8A427D6F8A837D6F873
:10312000AC77D6F8B057D6F8B447D6F8B8C70DF193
:10313000AC0E8EE88F00CDE93054CDF8C8C006F54E
:103140009450DDE906120BF589640BF57675039052
:1031500009A82BABCDE900A502940AF007F908F500
:1031600082722846214609F0CDF9EFF3058030B987
:103170000820C9F88000BFF34F8FBFF36F8F96F818
:103180006C0896F86D180130C2B2033A18BF0246B7
:10319000531CDFB2D0B2FC1E18BF1C46884218BFB9
:1031A0001446EFF3058010B90820C9F8000060B29A
:1031B000CC2110FB0160089900F54970CC22FDF785
:1031C000B9FD86F86C48EFF3058030B90820C9F8DE
:1031D0008000BFF34F8FBFF36F8F96F86E1896F88D
:1031E0006F08EFF3058212B90822C9F800200131F7
:1031F000CAB2033A18BF0A46531CDFB2033FD1B22A
:1032000018BF1F46814218BF174678B2C0EBC000F6
:10321000D8F8EF10D8F8EC203044C0F81F18C0F8E8
:103220001C2886F86E7833B0BDE8F08F2DE9F04F9A
:10323000D3B04EF21018EFF30580CEF2000830B98B
:103240000820C8F88000BFF34F8FBFF36F8F40F6A0
:10325000D064C1F2000494F86C0884F86D08EFF3B0
:10326000058010B90820C8F8000094F96D08CC2139
:1032700010FB014000F5497113A8CC22FDF75AFD5F
:10328000EFF3058030B90820C8F88000BFF34F8FF6
:10329000BFF36F8F94F86E0884F86F08EFF3058022
:1032A00010B90820C8F8000094F96F0842F27412AF
:1032B000C0EBC0002044D0F81C18D0F81F081191B2
:1032C000CDF8470004F6880004F5086104F6890685
:1032D000CDE90010C1F2000213A811A946AB029675
:1032E00009F066FFEFF3058030B90820C8F88000C8
:1032F000BFF34F8FBFF36F8F94F8700884F8710895
:10330000EFF3058010B90820C8F8000094F971089F
:103310004FF4867110FB014140F68020C1F200009D
:103320004FF48672FDF706FDEFF3058030B90820F3
:10333000C8F88000BFF34F8FBFF36F8F94F8720807
:1033400084F87308EFF3058010B90820C8F800006E
:1033500094F97308C0EBC0002044D0F83118D0F8BD
:1033600034081191CDF84700EFF3058030B90820FB
:10337000C8F88000BFF34F8FBFF36F8F94F87408C5
:1033800084F87508EFF3058010B90820C8F800002C
:1033900094F97508342110FB014000F5B36E00F577
:1033A000B1669EE8A0504ECE0DF11009CDE9085748
:1033B00000F5B56589E84E002ECDD0F8B8050CAE05
:1033C0002EC604F69C0104F68C02109004F50C60E5
:1033D00042F2DC16CDE9012140F68021C1F200065F
:1033E0000390C1F2000146A811AA04ABCDE90ACEB0
:1033F000009609F075F9EFF3058030B90820C8F898
:103400008000BFF34F8FBFF36F8F94F8760894F866
:1034100077180130C2B2033A18BF0246571CF8B2FF
:10342000D3B2033818BF38468B4218BF1046EFF3AB
:10343000058111B90821C8F80010C1B2022935D0A0
:1034400001291AD0002949D106F1100E96E88E0004
:103450009EE82050D6F81C90C4F85C17C4F860278A
:10346000C4F86437C4F86877C4F86C57C4F870C7F8
:10347000C4F874E7C4F8789730E006F1100E96E8C7
:103480008E009EE82050D6F81C90C4F87C17C4F833
:103490008027C4F88437C4F88877C4F88C57C4F8F8
:1034A00090C7C4F894E7C4F8989717E006F1100E97
:1034B00096E88E009EE82050D6F81C90C4F89C1721
:1034C000C4F8A027C4F8A437C4F8A877C4F8AC5748
:1034D000C4F8B0C7C4F8B4E7C4F8B89784F876085D
:1034E000EFF3058030B90820C8F88000BFF34F8F94
:1034F000BFF36F8F94F8780894F879180130C2B24E
:10350000033A18BF0246571CF8B2D3B2033818BFAB
:1035100038468B4218BF1046EFF3058111B90821D8
:10352000C8F80010C1B2022933D0012919D00029EE
:1035300046D106F1100E96E88E009EE82050F669FE
:10354000C4F8BC17C4F8C027C4F8C437C4F8C87797
:10355000C4F8CC57C4F8D0C7C4F8D4E7C4F8D867C7
:103560002EE006F1100E96E88E009EE82050F669D7
:10357000C4F8DC17C4F8E027C4F8E437C4F8E877E7
:10358000C4F8EC57C4F8F0C7C4F8F4E7C4F8F86717
:1035900016E006F1100E96E88E009EE82050F669BF
:1035A000C4F8FC17C4F80028C4F80438C4F8087834
:1035B000C4F80C58C4F810C8C4F814E8C4F8186863
:1035C00084F87808EFF3058030B90820C8F8800047
:1035D000BFF34F8FBFF36F8F94F87A0894F87B187E
:1035E0000130C2B2033A18BF0246571CF8B2D3B238
:1035F000033818BF38468B4218BF1046EFF30581D9
:1036000011B90821C8F80010C1B2022957D0012908
:103610002BD0002978D146AF8ECFDDE94A650DF574
:103620009C7BDDF84481C4F8241604F5C761DDE90C
:103630004CCE9BE8000E81E820505299C4F8508689
:103640004EF21018C4F82826C4F82C36C4F8307688
:10365000C4F83466C4F84496C4F848A6C4F84CB616
:10366000CEF20008C4F854164EE046AF8ECF0DF5EA
:103670009C7B9BE8000FDDE94A65DDE94CCEC4F890
:1036800058165299C4F878864EF21018C4F85C2681
:10369000C4F86036C4F86476C4F86866C4F86C563A
:1036A000C4F870C6C4F874E6CEF20008C4F87C967C
:1036B000C4F880A6C4F884B6C4F8881624E046AFDF
:1036C0008ECF0DF59C7BDDE94A659BE8000FC4F8C1
:1036D0008C1604F5D461DDE94CCE81E82050529976
:1036E000C4F8AC864EF21018C4F89026CEF200084A
:1036F00004F5D662C4F89436C4F89876C4F89C668B
:1037000082E8000EC4F8BC1684F87A08EFF305804E
:1037100030B90820C8F88000BFF34F8FBFF36F8F18
:1037200094F87C0894F87D180130C2B2033A18BFAF
:103730000246571CF8B2D3B2033818BF38468B4242
:1037400018BF1046EFF3058111B90821C8F8001021
:10375000C1B2022949D0012923D0002966D146AF40
:103760008ECF0DF59C7BDDE94A65DDE94CCE9BE80B
:10377000000FC4F8C0165299C4F8C42604F5DC62E0
:10378000C4F8C836C4F8CC76C4F8D066C4F8D456A9
:10379000C4F8D8C6C4F8DCE682E8000FC4F8F01616
:1037A00044E046AF8ECFDDE94A650DF59C7BC4F859
:1037B000F41604F5E161DDE94CCE9BE8000F81E8E9
:1037C00020505299C4F8F826C4F8FC36C4F80077A3
:1037D000C4F80467C4F81487C4F81897C4F81CA781
:1037E000C4F820B7C4F8241720E046AF8ECF0DF5FB
:1037F0009C7BDDE94A65DDE94CCE9BE8000FC4F80F
:1038000028175299C4F82C2704F5E962C4F8303718
:10381000C4F83477C4F83867C4F83C57C4F840C7D4
:10382000C4F844E782E8000FC4F8581784F87C080D
:1038300053B0BDE8F08F42F25C30C1F200000BF0F3
:1038400051BB80B542F2E060C1F20000002140F2BD
:10385000FF7200F0DDFB68BB42F27070C1F2000045
:10386000002140F2FF7200F0D3FB18BB42F2E0608F
:1038700043F6D302C1F20000C0F61002002101F0AD
:10388000A7FBB8B942F2E06043F63702C1F200008C
:10389000C0F61002012101F09BFB58B942F2E06032
:1038A00040F2FF72C1F20000C0F61002032101F0E5
:1038B0008FFB08B1012080BD42F2E06042F25C3132
:1038C000C1F20000C1F200010622BDE8804000F014
:1038D00071BC42F25C30C1F200000C300BF002BB54
:1038E00042F6F830C1F2000001F07EBE42F68030B0
:1038F000C1F2000001F078BE8446006840F20F4239
:10390000C4F20202904211DC6F22C4F20202904221
:1039100022DC3F22C4F20202904239DC1022C4F2BF
:10392000020290425AD0282254E000BF40F26F4277
:10393000C4F2020290421BDC40F23F42C4F2020297
:1039400090422DDC40F21042C4F20202904245D077
:1039500040F228423EE000BF9F22C4F202029042A1
:1039600028DC7022C4F20202904237D0882231E073
:1039700040F29F42C4F20202904223DC40F27042C5
:10398000C4F20202904229D040F2884222E000BFF5
:103990004022C4F20202904220D058221AE000BF16
:1039A00040F24042C4F20202904217D040F2584224
:1039B00010E000BFA022C4F2020290420ED0B82252
:1039C00008E000BF40F2B842C4F20202904205D0C3
:1039D00040F2A042C4F20202904219D100F0F80273
:1039E0004AF6AB23103ACAF6AA23A2FB0331C1F36D
:1039F00002110AA3595C5F2ACCF85C1040F2FF3137
:103A000020EA010088BF0430CCF85800704700BF9E
:103A100020F0FF00CCF85800704700BF00061016D9
:103A200000061016F0B5D0F800C040F26F44D0F890
:103A300058E0C4F20204A4451ADC9F25C4F2020532
:103A4000AC4533DC5725C4F20205AC455ADC1025E1
:103A5000C4F20205AC4500F098802825C4F20205A6
:103A6000AC4500F092804025C4F202058AE000BF18
:103A700045F22F45C5F60205AC452DDC40F2B745B1
:103A8000C4F20205AC454BDC40F27045C4F20205BD
:103A9000AC457AD040F28845C4F20205AC4574D0FA
:103AA00040F2A045C4F202056CE000BF40F2274599
:103AB000C4F20205AC4543DCA025C4F20205AC45C6
:103AC00063D0B825C4F20205AC455ED040F2104583
:103AD000C4F2020556E000BF45F26B45C5F602058B
:103AE000AC453FDC45F23045C5F60205AC454CD04F
:103AF00045F24445C5F60205AC4546D045F2584569
:103B00003EE000BF5825C4F20205AC453DD070250B
:103B1000C4F20205AC4538D08825C4F2020531E074
:103B200040F2B845C4F20205AC452ED045F2084536
:103B3000C5F60205AC4528D045F21C4520E000BF83
:103B400040F22845C4F20205AC451ED040F2404583
:103B5000C4F20205AC4518D040F25845C4F2020543
:103B600010E000BF45F26C45C5F60205AC450CD02F
:103B700045F29445C5F60205AC4506D045F28045B0
:103B8000C5F60205AC4540F0D180C66ED0E91957A4
:103B9000002E6F601CBFD0E91C566E60A44515DC7A
:103BA0009F24C4F20204A4452CDC5724C4F202046E
:103BB000A44551DC1024C4F20204A4457AD0282480
:103BC000C4F20204A44575D040246FE045F22F44AE
:103BD000C5F60204A44529DC40F2B744C4F202044D
:103BE000A44545DC40F27044C4F20204A44561D00F
:103BF00040F28844C4F20204A4455BD040F2A044E1
:103C000054E000BF40F22744C4F20204A4453FDC64
:103C1000A024C4F20204A4454CD0B824C4F2020487
:103C2000A44547D040F2104440E000BF45F26B4449
:103C3000C5F60204A44555DC45F23044C5F602043D
:103C4000A44562D045F24444C5F60204A4455CD0C4
:103C500045F2584454E000BF5824C4F20204A4457D
:103C600028D07024C4F20204A44523D088241DE087
:103C700040F2B844C4F20204A4451BD045F2084403
:103C8000C5F60204A44540D045F21C4438E000BF0C
:103C900040F22844C4F20204A4450BD040F2404450
:103CA000C4F20204A44505D040F25844C4F2020410
:103CB000A4453BD1C46D3F2504F01F0405FA04F46C
:103CC0008068CEF80840DCF8007027F48027CCF834
:103CD00000704028CCF8043024D1CCF80820CCF86F
:103CE0000C10F0BD45F26C44C5F60204A4450CD09E
:103CF00045F28044C5F60204A44506D045F294443A
:103D0000C5F60204A44518BFF0BDC46D012504F03A
:103D10001F04806805FA04F4CEF804404028CCF86B
:103D20000430DAD0CCF80810CCF80C20F0BD4FF4F9
:103D3000004003F0A3BE42F60820C1F20000006874
:103D4000016C026912071CD5C06B814219D042F286
:103D500094314FF00102C1F20001B8BF4FF0FF32C1
:103D60000B78104442F25832012BC1F2000210606D
:103D700018BF704742F28032C1F200021060022088
:103D80000870704710B542F60824C1F200042046BE
:103D90000C2106F0D1FD2046082106F071FD2046D9
:103DA0003C2106F0BDF920461221BDE8104007F085
:103DB00079BB000040F6006E41F2263C00216622ED
:103DC000CEF2000EC0F6120C4FF06043DEF8800019
:103DD000C0071CBFDEF800005FEAC07027D10CEB03
:103DE00001025078DEF88040E4071CBFDEF8004096
:103DF0005FEAC4742BD19078DEF88040E4071CBFE2
:103E0000DEF800405FEAC47431D1D078DEF880205B
:103E1000D2071CBFDEF800205FEAC27237D104313E
:103E20001CF801201829D1D145E000BF00BF186857
:103E300050B900BF186838B900BF186820B900BF72
:103E400018680028F2D000BF1A70C8E700BF1C68CD
:103E500054B900BF1C683CB900BF1C6824B900BF3E
:103E60001C68002CF2D000BF1870C4E700BF1C68AB
:103E700054B900BF1C683CB900BF1C6824B900BF1E
:103E80001C68002CF2D000BF1870BEE700BF1A6893
:103E900052B900BF1A683AB900BF1A6822B900BF08
:103EA0001A68002AF2D000BF187004311CF80120F3
:103EB00018297FF48BAFDEF88000C0071CBFDEF846
:103EC00000005FEAC0706FD141F23F3C00216622E2
:103ED000C0F6120C4FF06043DEF88000C0071CBF34
:103EE000DEF800005FEAC0701DD10CEB01025078D3
:103EF000DEF88040E4071CBFDEF800405FEAC474CF
:103F000021D19078DEF88020D2071CBFDEF8002097
:103F10005FEAC27227D103311CF801204529DBD1A9
:103F200034E000BF00BF186850B900BF186838B946
:103F300000BF186820B900BF18680028F2D000BF81
:103F40001A70D2E700BF1C6854B900BF1C683CB9A6
:103F500000BF1C6824B900BF1C68002CF2D000BF51
:103F60001870CEE700BF1A6852B900BF1A683AB994
:103F700000BF1A6822B900BF1A68002AF2D000BF39
:103F8000187003311CF801204529A5D1DEF8800006
:103F9000C0071CBFDEF800005FEAC07018D1EFF365
:103FA000108072B6FEE700BF4FF06040016861B953
:103FB00000BF016849B900BF016831B900BF01689D
:103FC00019B900BF01680029F2D00A2101707BE70E
:103FD0004FF06040016861B900BF016849B900BF96
:103FE000016831B900BF016819B900BF0168002933
:103FF000F2D00A210170D2E742F2A030C1F20000F3
:1040000002F060BF42F2A030C1F2000002F05ABFDD
:1040100070B582B004460020019094F85000012849
:1040200002D1022002B070BD012084F85000204669
:104030000E461546FEF7FEFC616D18B141F0100109
:104040004EE000BF41F202129143023161652168E6
:104050004FF6C073D1F808C0C3F6FE7306F480367D
:1040600005F0804503EA0C032E444FF2FF723344FF
:10407000C2F2C35203F100438B608B68B3F1FF3F80
:104080002ADC019B01330193019B93421DD88B686D
:10409000B3F1FF3F20DC019B01330193019B93426D
:1040A00013D88B68B3F1FF3F16DC019B01330193FA
:1040B000019B934209D88B68B3F1FF3F0CDC019B55
:1040C00001330193019B9342D7D9606D40F01000FA
:1040D00020F00201012003E0616D012262F3010181
:1040E0006165002184F8501002B070BD7047000077
:1040F00070470000704700007047000090F85020A3
:10410000012A04BF0220704710B582B0002342F29A
:10411000083401930093C4F202040368A4F54272C8
:10412000934227D14FF6006ECFF6FF7E54F80E2053
:104130009B681A4352071DD4D1F800C02268BCF115
:10414000000F22F4404323D04A681A4322604FF6FE
:104150000052CFF6FF72A25854F80E301A43D2071D
:1041600026D1226840F61F7389689A43114341EAB9
:104170000C011CE0416D41F020014165012100224C
:1041800080F8502002B0BDE810400846704700BFDC
:104190004FF600512360CFF6FF71615854F80E209E
:1041A0001143C90704D1216840F61F729143216071
:1041B0000021E4E72DE9F041A4B003689F687F0780
:1041C00003D490F85070012F04D1022024B0BDE830
:1041D000F08100BF42F20006C4F20206012780F817
:1041E0005070002506F58077B3424FF00003159517
:1041F000169508BF3B4600930AD0416D41F020015F
:10420000416580F85050012024B0BDE8F08100BF26
:104210000D4690460446FEF74BFC18B96846FEF77B
:1042200047FC28B1002184F8501024B0BDE8F0818B
:104230002268E06C616D40F60173994301F580716D
:10424000616542F6A91142F62D234FF0000CC0F62D
:104250001001C0F61003C4F858C0C0E90F1342F6AD
:104260001521C0F61001C16446F20C31C5F60201F9
:10427000BA424FF01C0706F5437308BF1946176092
:1042800084F850C05768B24208BF194647F010037F
:1042900053602A46434602F0DBF821684FF6C073AC
:1042A0008A68C7F6FF731A4004328A6024B0BDE8FA
:1042B000F08100002DE9F04181B00022009290F8D9
:1042C0005020012A04D10221084601B0BDE8F08146
:1042D0000123076880F85030BC68640700F15E81F4
:1042E000D1E9004294FAA4F5B5FA85F5260308BF92
:1042F000A50E05F01F06FD69B3402B43FB61C2F319
:10430000012307EB83031E6B02F01F021F2595405C
:10431000AE43C4F3846505FA02F232431A63BA6805
:10432000BB6802F0040203F00803D21840F0938047
:104330000A688B68C2F3406607EB86067569C2F3AC
:10434000045207249440A54303FA02F22A437261FF
:1043500041F20002C5F60042126802F07042B2F16A
:10436000805F33D14A69FB680E2606EA530302FADE
:1043700003F30C69042C38D00A6807F1600656F87C
:10438000245002F0F84205F000451A432A4346F84B
:1043900024200A694B7E56F82250012B25F0004557
:1043A00008BF05F1004546F822500A7E0B69013A24
:1043B000B2FA82F252093E69D20203F01F0326F4D8
:1043C000F0469A4032433A6145E000BFFA684B69D3
:1043D000FE68D2064FEA56044CBF04F0080204F00F
:1043E0000E0293400C69042CC6D13A6E0B6802F0A1
:1043F000F8429B069A4217D13A6E22F000423A6682
:104400007A6E02F0F8429A4213D0BA6E02F0F84285
:104410009A4217D1BA6E22F00042BA66FA6E02F0E2
:10442000F8429A4213D016E07A6E02F0F8429A42AD
:10443000EBD17A6E22F000427A66BA6E02F0F84250
:104440009A42E7D0FA6E02F0F8429A4203D1FA6E2D
:1044500022F00042FA66BA68D20753D1CE684FF60E
:10446000FF72D1F80080C0F20F02D7F8C05006F0FA
:10447000180308EA0204DA400023A54302EA08020E
:10448000C4F2FF732A439E42C7F8C02037D18CB1D3
:1044900098FAA8F2B2FA82F2013202F01E03092B56
:1044A00002F01F030FD801229A4003EB430342EAB4
:1044B000035314E0012202EB986202F01E030A2B60
:1044C00002F01F03EFD3012200269A4003EB4303BF
:1044D000CFF6206606EB03531A4342F00073C3F392
:1044E000406607EB86068A687569C3F304530724A0
:1044F0009C40A5439A402A437261D1F80080B8F1EC
:10450000FF3F01DD00214EE042F2000146F2083C8F
:10451000C4F20201C5F6020C01F5807297426246B0
:1045200001F5427308BF1A468F4208BF1A4642F28D
:104530000013D2F800E047F48072C4F202039A42FA
:1045400024D18A68D1F808111143C90726D1002166
:10455000CCF6843188450EF0E07408BF1EF40001EB
:1045600028D00021CCF25271884563D10021B1EBF3
:10457000146F5FD1ACF542718F42C3D1DCF80010EB
:1045800021F0E071214341F0807168E04FF6005165
:10459000CFF6FF715CF80110C907D8D0416D41F02A
:1045A000200141650121002280F85020084601B019
:1045B000BDE8F081ACF542718F42A3D1DCF8001068
:1045C00042F6635221F0E071214341F40001CCF83E
:1045D000001040F27411C1F200010968C0F23E52AD
:1045E0008909A1FB02129109022202EB410100910B
:1045F000009900293FF486AF009901390091009994
:1046000000293FF47FAF00990139009100990029FA
:104610003FF478AF009901390091009900293FF4E7
:1046200071AF009901390091009900294FF0000104
:10463000E2D1B8E7ACF542718F424FF00001B2D140
:104640000022CCF6B872904508BF1EF48002AAD1B1
:10465000DCF8001021F0E071214341F48001CCF836
:1046600000104FE7704700007047000070470000DF
:104670002DE9F04F83B0044642F2000546F20830BF
:104680002668C4F20205C5F6020005F58071D6F869
:1046900000B0D6F804A005F5427901918E4208BF1A
:1046A0004846AE4208BF4846D0F800805FEA8B70AB
:1046B00010D51AF002000DD0606DC00603D4606DF5
:1046C00040F400606065D4F884102046884726686E
:1046D000022030605FEA4B7008F01F00029002D5A4
:1046E0001AF0040005D15FEA0B704FD51AF00800EC
:1046F0004CD0204650F8542FD20603D4026842F41E
:1047000000720260F26812F4406F39D101993246AA
:104710008E4208BF2A4602994F1FB1FA81F3B7FAB9
:1047200087F75B097F093B43A1F10907B7FA87F7D0
:104730007F093B43DB07134618BF3346B24208BF2D
:104740001346DA6892041BD43268120718D5B2688F
:1047500052070BD4726822F00C027260016821F4D7
:10476000807101600168C90406D509E0606D40F000
:104770001000606504F15800016841F0010101601A
:10478000616E2046884726680C2030605FEA8B60A7
:1047900002D51AF0200005D15FEA4B6054D51AF01B
:1047A000400051D0204650F8542FD20603D402685E
:1047B00042F400520260F76CF26801998E42314671
:1047C00008BF294608F01E050B46062D08BF3346D4
:1047D000029D002D08BF3346B14208BF0B46DB687F
:1047E00017F4C07F07D0990124D412F4406108BFA8
:1047F00013F400511ED1316849061BD513F4001182
:1048000018D1B16809070BD4716821F0600171609B
:10481000016821F4805101600168C90506D509E0ED
:10482000606D40F01000606504F15800016841F0CF
:1048300001010160616F20468847266842F2000549
:104840006020C4F2020530605FEA0B600CD51AF0FC
:10485000800009D0606DE16E40F4803060652046D4
:1048600088472668802030605FEACB500DD51AF467
:1048700080700AD0606DE16F40F4003060652046C2
:10488000884726684FF4807030605FEA8B500ED501
:104890001AF400700BD0606DD4F8801040F48020C2
:1048A00060652046884726684FF4007030605FEAF4
:1048B000CB6023D51AF0100020D0206B80B1029875
:1048C000C0B30198864246F20830C5F6020008BF20
:1048D0004846AE4208BF4846006810F4404F0BD02F
:1048E000606D216F40F480606065A06D40F0020053
:1048F000A065204688472668102030605FEA4B504C
:1049000014D51AF4806011D0606DA16F40F480401E
:104910006065A06D4FF4806240F00800A0652046FD
:10492000326003B0BDE8F04F084700BF03B0BDE8F8
:10493000F08F00BFF0688007D2D1DDE770B582B09C
:1049400004460020002C019000F08C80606D00284F
:104950003FD144F2696144F26560C0F61001C0F6CF
:104960001000A166D4F8881044F60D4244F26D633D
:1049700044F2ED0544F2F10C44F2F50E44F2F9066E
:10498000606640F2FD70C0F61002C0F61003C0F67B
:104990001005C0F6100CC0F6100EC0F61006C0F6DA
:1049A0001000E26623676567C4F878C0C4F87CE04D
:1049B000C4F88060C4F8840029B944F6ED41C0F61B
:1049C0001001C4F88810204688470020A06584F8AC
:1049D00050002068816889004FF6C071C5F6FF71EC
:1049E00002D582680A4082608268D2002DD4826833
:1049F00001F18051114041F08051816040F2741109
:104A0000C1F20001096842F663528909C0F23E52C0
:104A1000A1FB0212012101EB921101910199A1B1B7
:104A2000019901390191019979B1019901390191F6
:104A3000019951B1019901390191019929B1019966
:104A40000139019101990029EAD18168C9000DD489
:104A5000616D012541F010016165A16D41F0010119
:104A6000A16504E00125284602B070BD00258168DB
:104A7000626D01F0040102F010028918616D40F0CE
:104A8000938021F48171023161658168C90728D161
:104A900042F2001240F48071C4F20202914242F2EA
:104AA0000001C4F2020140F0A7808A68D1F8083101
:104AB0001A43D20715D101F5807201F5427646F20C
:104AC000080C904232466368C5F6020C18BF0CF51C
:104AD0004072884208BF3246106820F47C101843A8
:104AE000106003F0CBF841F203018842A0684FF058
:104AF0000002A0F11001B1FA81F188BF0122490939
:104B00001140226B237F617D164616BF4E034A0378
:104B10001C2046EA03411143012B41EA000106D162
:104B2000206A0022CFF6FE7202EB40400143606A29
:104B300020B1A26A00F478701043014320684CF25F
:104B40000303C268CFF6F0731A401143C160816855
:104B5000826801F0040102F00802891838D1217D31
:104B6000E26A44F2030342EA8131C2689A43114384
:104B7000C16094F838200169012A1DD14FF61E0248
:104B8000CFF6004204F13C0E01EA020C9EE84C40D4
:104B90000121CFF6FF7101EB024143EA0C02114300
:104BA000314341EA0E0109E041F010000125606542
:104BB000284602B070BD00BF21F00101016101690A
:104BC000626B21F07041114301612046FDF758FEF0
:104BD0002068E168026B012922F00F0102D1A2696D
:104BE000013A11430163606D012161F301006065C9
:104BF000284602B070BD00BF46F20802C5F60202A8
:104C00001268D2073FF457AF6BE700007047B0B5AA
:104C10000446006846F20001C5F6020188424FD002
:104C200042F20011C4F20201884226D042F2000191
:104C3000C4F20201884218BFB0BD42F28C30C1F20A
:104C4000000001680139016007D144F2D840C5F67F
:104C50000200016821F0200101600025C5F602056F
:104C600005F500600C2102F071FE2846402102F09B
:104C70006DFE05F58060012131E042F28C30C1F219
:104C8000000001680139016007D144F2D840C5F63F
:104C90000200016821F0200101600024C5F6020431
:104CA00004F500600C2102F051FE2046402102F084
:104CB0004DFE04F580600121BDE8B04002F046BE23
:104CC00044F2D840C5F60200816821F0807181600D
:104CD0000020C5F6020000F5A0504FF4207102F04C
:104CE00035FEE06CBDE8B04000F0B2BA2DE9F0410D
:104CF00086B0044601A81421FCF7ADF8206846F2FE
:104D00000001C5F60201884200F0F88042F200116D
:104D1000C4F20201884200F08F8042F20001C4F226
:104D20000201884240F0518142F28C31C1F200010F
:104D30000A6844F2E040C5F60200531C0B605AB901
:104D400050F8081C41F0200140F8081C50F8081CDD
:104D500001F02001009100990168002541F0040153
:104D600001600168C5F6020501F004010091009997
:104D7000016801AE41F00101016001684FF00308D4
:104D800001F00101009100990168002741F0020142
:104D900001600068314600F00200009000980C208D
:104DA000019005F50060CDF80880039702F070FED1
:104DB0004020CDE9010828463146039702F068FEFD
:104DC0000120CDE9010805F580603146039702F026
:104DD0005FFE4FF000704FF0007104F0F3FB4FF0F6
:104DE00080704FF0807104F0EDFB7020C4F202007F
:104DF00042F6803500F56870C1F2000509214FF4D4
:104E0000805385E8830005F114004FF480464FF489
:104E1000807C80E848104FF400304FF48062C5E990
:104E200008072846C5E9037200F0DEFF08B1FEF767
:104E3000C1FFE564AC635CE042F28C31C1F2000179
:104E40000A6844F2E040C5F60200531C0B605AB9F0
:104E500050F8081C41F0200140F8081C50F8081CCC
:104E600001F02001009100990168002441F0040143
:104E700001600168C5F6020401F004010091009987
:104E8000016801AD41F0010101600168032601F0F4
:104E90000101009100990168002741F002010160C1
:104EA0000068294600F00200009000980C20019054
:104EB00004F500600296039702F0EAFD402001A984
:104EC000C1C12046294602F0E3FD012001A9C1C16C
:104ED00004F58060294602F0DBFD4FF000704FF0D2
:104EE000007104F06FFB4FF080704FF0807104F0A0
:104EF00069FB122005210022122461E044F2E04007
:104F0000C5F602000168002641F080710160016869
:104F100001F0807100910099016841F02001016069
:104F2000016801F0200100910099016841F004013D
:104F30000160006801A900F00400009000984FF49F
:104F400020700190032002900020C5F6020000F5B9
:104F5000A050039602F09CFD4FF080604FF08061FE
:104F600004F030FB4FF000604FF0006104F02AFBCA
:104F700042F6F8357020C1F20005C4F20200732138
:104F80004FF4006385E8430005F114004FF4005727
:104F90004FF4807C80E888104FF480304FF48062BA
:104FA000C5E908062846C5E9036200F01DFF08B1FF
:104FB000FEF700FFE564AC637F20002100227F2420
:104FC00002F0F6FF204602F0E1FF06B0BDE8F081F6
:104FD00022B1436DDB0707D1436D9BB1816D41F079
:104FE00010018165012070470A29F7D8DFE801F038
:104FF000061E16262A22321A2E0E120042660020A3
:10500000704700BF0A2905D00929E7D1C0F88820D8
:1050100000207047C0F88C2000207047C266002036
:10502000704700BFC0F880200020704782660020D3
:10503000704700BF82670020704700BF02670020F2
:10504000704700BF42670020704700BFC0F884204F
:1050500000207047C2670020704700002DE9F04132
:1050600042F20016076846F20834C4F20206C5F69A
:105070000204A6F5807306F50275B74208BF2C46F8
:105080009F4208BF2C462368BF687F0703D490F86F
:105090005070012F02D10220BDE8F08103F01F07FC
:1050A0000123092F80F850305AD8BB4040F2212507
:1050B0002B4255D00D4690460446FDF7F9FC28B129
:1050C000002084F850000120BDE8F0812168606D67
:1050D00040F601739843224600F5807060650FB179
:1050E000B14203D0506D20F480105065506D42F6EF
:1050F000A916C0044FF0000044BF906D20F00600D8
:105100009065D06C42F62D24C0F61006C0F610044F
:10511000C0E90F6442F61526C0F610060023C664E7
:105120001C26D76A0E6082F850304B68144643F054
:1051300010034B60CB682A4623F003033B43CB604C
:105140004031434601F084F921684FF6C0738A6804
:10515000C7F6FF731A4004328A60BDE8F08100BFD1
:10516000002180F850100120BDE8F081426DD20787
:1051700008D1426DC2B1816D41F0100181650120FD
:10518000704700BF0A29F6D8DFE801F00632224254
:105190004A3A5A2A52121A0044F26561C0F61001C6
:1051A00041660020704700BF0A2909D00929E2D1D1
:1051B00044F6ED41C0F61001C0F888100020704799
:1051C00044F60F41C0F61001C0F88C100020704763
:1051D00044F60D41C0F61001C1660020704700BFC3
:1051E00044F2F901C0F61001C0F8801000207047A9
:1051F00044F26961C0F6100181660020704700BF6B
:1052000044F2F101C0F6100181670020704700BF31
:1052100044F26D61C0F6100101670020704700BFC5
:1052200044F2ED01C0F6100141670020704700BF55
:1052300040F2FD71C0F61001C0F8841000207047E4
:1052400044F2F501C0F61001C1670020704700006C
:105250002DE9F04381B028B30446006801250168B8
:1052600021F00101016040F26F41C4F20201884265
:105270001EDC9F21C4F2020188423DDC5721C4F2AA
:105280000201884262DC1021C4F20201884200F06F
:105290008C802821C4F20201884200F086804021DF
:1052A0007EE000BF0125284601B0BDE8F08300BFC5
:1052B00045F22F42C5F602024FF0000C4FF0100EDF
:1052C0004FF00C08082190424FF0040728DC40F210
:1052D000B742C4F20202904244DC40F27041C4F290
:1052E0000201884261D040F28841C4F20201884242
:1052F0005BD040F2A04153E040F22741C4F20201EA
:1053000088423FDCA021C4F2020188424DD0B8217E
:10531000C4F20201884248D040F2104140E000BF90
:1053200045F26B42C5F6020290424DDC45F2304236
:10533000C5F6020290425BD045F24442C5F6020235
:10534000904255D045F258424CE000BF5821C4F27B
:105350000201884229D07021C4F20201884224D07F
:1053600088211DE040F2B842C4F2020290421CD0F3
:1053700045F20842C5F60202904239D045F21C427D
:1053800030E000BF40F22841C4F2020188420CD054
:1053900040F24041C4F20201884206D040F2584136
:1053A000C4F2020188427FF47EAF0021024642F837
:1053B000041B3F254FF0210C4FF0140E4FF0100846
:1053C0000C21082715E000BF45F26C42C5F6020229
:1053D00090420DD045F28042C5F60202904207D0BD
:1053E00045F29442C5F602029042024601D05AE7C5
:1053F0000246002345F6FC091360C351435040F8B0
:10540000083040F80EC02046C5F60209FEF774FACF
:10541000E26D216845F2574802F01F02C5F6020806
:1054200005FA02F34145C35112DC45F22F40C5F69F
:105430000200814220DC45F20840C5F602008142AC
:1054400034D045F21C40C5F6020081422ED09FE0C8
:1054500045F27F40C5F6020081421BDC45F2584010
:10546000C5F60200814221D045F26C40C5F602002B
:1054700081421BD08CE000BF45F23040C5F60200EF
:10548000814213D045F24440C5F6020081420DD05E
:105490007EE000BF45F29440C5F60200814205D08F
:1054A00045F28040C5F60200814271D101F0FC0056
:1054B0004CF6CD430838CCF6CC43A0FB03031B09C4
:1054C000A9F1FC00A9F17C0700EB830503F01F02A2
:1054D000012606FA02F2C4E918570025A26640F830
:1054E00023507A606068431E072B3FD8414509F17D
:1054F00044020FDC45F22F47C5F60207B94219DC1A
:1055000045F20847C5F60207B94229D045F21C47C3
:1055100022E000BF45F27F47C5F60207B94213DC1F
:1055200045F25847C5F60207B94219D045F26C4713
:1055300012E000BF45F23047C5F60207B9420FD06E
:1055400045F2444708E000BF45F28047C5F6020730
:10555000B94205D045F29447C5F60207B94239D1A0
:1055600001219940002349F820305160C4E91B55BE
:105570006567C4E90F55C4E91155C4E9135565655C
:1055800084F8355084F83450284601B0BDE8F083E3
:1055900001F0F8004AF6AB231038CAF6AA23A0FBA4
:1055A000030740F20F4340F600003D09C4F2020336
:1055B000C4F2020003F1AA0C99422B464FF0080EE8
:1055C00088BF0EEB171300F18007614528BF2B46FB
:1055D0007AE700BF40F60001C4F2020101F1FC09C4
:1055E00001F5A072BCE700002DE9F04782B0002170
:1055F000019140F27411C1F20001856D0B6848F20F
:10560000B517016840F26F49C1F64E372E682A6817
:10561000C4F202094945A3FB073815DC9F22C4F2F6
:10562000020291422CDC5722C4F20202914251DC68
:105630001022C4F2020291427BD02822C4F202025C
:10564000914276D040226FE045F22F43C5F6020327
:10565000994229DC40F2B743C4F20203994245DC87
:1056600040F27042C4F20202914262D040F288429B
:10567000C4F2020291425CD040F2A04254E000BF6A
:1056800040F22742C4F2020291423FDCA022C4F25F
:10569000020291424DD0B822C4F20202914248D097
:1056A00040F2104240E000BF45F26B43C5F60203F2
:1056B000994275DC45F23043C5F60203994200F089
:1056C000828045F24443C5F6020399427BD045F2FD
:1056D000584373E05822C4F20202914229D070224A
:1056E000C4F20202914224D088221DE040F2B84365
:1056F000C4F2020399421CD045F20843C5F60203E6
:10570000994260D045F21C4358E000BF40F2284265
:10571000C4F2020291420CD040F24042C4F20202B2
:10572000914206D040F25842C4F20202914240F047
:105730004783C26D082302F01F02934040F20F4AD4
:105740003342C4F2020A00F0D68051454FF00404FF
:1057500012DC6F27C4F20207B94265DC3F27C4F2AE
:105760000207B94200F394801027C4F20207B9423D
:1057700000F0B5802827ADE0494561DC40F23F47A5
:10578000C4F20207B94200F38B8040F21047C4F222
:105790000207B94200F0A38040F228479AE000BF18
:1057A00045F26C43C5F6020399420CD045F28043A2
:1057B000C5F60203994206D045F29443C5F60203AA
:1057C000994240F0FD820B68C76D042607F01F0761
:1057D000BE40164218BF13F004041BD10226BE407F
:1057E000164218BF13F002043AD1FA40120740F1F2
:1057F000E78213F0080200F0E3820A6822F00E024A
:105800000A60012101FA07F26A600022416580F80E
:105810003420CDE21A046E6034D49A0636D40A6875
:1058200022F004020A6031E09F27C4F20207B94265
:1058300040DC7027C4F20207B94250D0882749E003
:1058400040F29F47C4F20207B9423BDC40F2704786
:10585000C4F20207B94242D040F288473AE000BFA2
:105860001A046E6000F1B0829A0600F1B1820A68F3
:1058700022F00A020A60002180F83410012180F829
:105880003510A5E2D90301D4816C94E2016C92E257
:105890004027C4F20207B94221D058271AE000BFBE
:1058A00040F24047C4F20207B94218D040F25847CC
:1058B00010E000BFA027C4F20207B9420FD0B827FA
:1058C00008E000BF40F2A047C4F20207B94206D088
:1058D00040F2B847C4F20207B94218BF08240F6863
:1058E000274208D00F6827F004070F60AB60436DB4
:1058F00043F0010343650123934033426FD0514588
:1059000010DC6F27C4F20207B9421DDC3F27C4F246
:105910000207B94234DC1027C4F20207B94256D05C
:1059200028274FE049451BDC40F23F47C4F20207FD
:10593000B9422DDC40F21047C4F20207B94246D00A
:1059400040F228473EE000BF9F27C4F20207B94259
:1059500028DC7027C4F20207B94238D0882731E02A
:1059600040F29F47C4F20207B94223DC40F270477D
:10597000C4F20207B9422AD040F2884722E000BFB1
:105980004027C4F20207B94221D058271AE000BFCD
:1059900040F24047C4F20207B94218D040F25847DB
:1059A00010E000BFA027C4F20207B9420FD0B82709
:1059B00008E000BF40F2A047C4F20207B94206D097
:1059C00040F2B847C4F20207B94240F003824F697F
:1059D0003F0604D5AB60436D43F0020343650423E7
:1059E000934033426FD0514510DC6F27C4F2020759
:1059F000B9421DDC3F27C4F20207B94234DC10274C
:105A0000C4F20207B94256D028274FE049451BDCB3
:105A100040F23F47C4F20207B9422DDC40F2104782
:105A2000C4F20207B94246D040F228473EE000BF28
:105A30009F27C4F20207B94228DC7027C4F202078C
:105A4000B94238D0882731E040F29F47C4F20207BC
:105A5000B94223DC40F27047C4F20207B9422AD0AF
:105A600040F2884722E000BF4027C4F20207B94253
:105A700021D058271AE000BF40F24047C4F2020785
:105A8000B94218D040F2584710E000BFA027C4F236
:105A90000207B9420FD0B82708E000BF40F2A04784
:105AA000C4F20207B94206D040F2B847C4F2020776
:105AB000B94240F097810F68BF0704D5AB60436DD2
:105AC00043F004034365102303FA02F2324200F06C
:105AD000828051454FF0080310DC6F27C4F20207A3
:105AE000B9421DDC3F27C4F20207B94234DC10275B
:105AF000C4F20207B94256D028274FE049451BDCC3
:105B000040F23F47C4F20207B9422DDC40F2104791
:105B1000C4F20207B94246D040F228473EE000BF37
:105B20009F27C4F20207B94228DC7027C4F202079B
:105B3000B94238D0882731E040F29F47C4F20207CB
:105B4000B94223DC40F27047C4F20207B9422AD0BE
:105B500040F2884722E000BF4027C4F20207B94262
:105B600021D058271AE000BF40F24047C4F2020794
:105B7000B94218D040F2584710E000BFA027C4F245
:105B80000207B9420FD0B82708E000BF40F2A04793
:105B9000C4F20207B94206D040F2B847C4F2020785
:105BA000B94218BF04230F681F4214D0AA600B68C3
:105BB0000A685B0308D4D20508D40A6822F00802F8
:105BC0000A60016C21B906E0110351D4016C11B1D6
:105BD000044688472046C16D01F01F02202101FACA
:105BE00002F3334200F0AB8001681027514511DC0D
:105BF0006F26C4F20206B1421EDC3F26C4F2020642
:105C0000B14239DC1026C4F20206B1425BD028262C
:105C100054E000BF49451BDC40F23F46C4F2020697
:105C2000B14231DC40F21046C4F20206B1424AD021
:105C300040F2284642E000BF9F26C4F20206B1426D
:105C40002CDC7026C4F20206B1423CD0882635E036
:105C500040F29F46C4F20206B14227DC40F2704691
:105C6000C4F20206B1422ED040F2884626E000BFC0
:105C7000816C0029ACD1AEE74026C4F20206B142E5
:105C800021D058261AE000BF40F24046C4F2020676
:105C9000B14218D040F2584610E000BFA026C4F22E
:105CA0000206B1420FD0B82608E000BF40F2A0467D
:105CB000C4F20206B14206D040F2B846C4F202066F
:105CC000B14218BF02270E683E4238D0AB6090F850
:105CD00035700B68042F19D123F016030B604B6944
:105CE00023F080034B61036C0BB9836C1BB10B6811
:105CF00023F008030B603F219140A960002180F848
:105D00003410012180F83510016D54E00A685B03FE
:105D10000CD4D2050ED40A6822F010020A600021C9
:105D200080F83410012180F8351003E0110301D40C
:105D3000416C00E0C16B11B1044688472046416DBB
:105D400000293DD0416DC90734D0042180F83510B9
:105D500001684FEA98220B6823F001030B60019B56
:105D60000133934201931AD80B68DB0717D0019BCC
:105D700001339342019312D80B68DB070FD0019BCC
:105D80000133934201930AD80B68DB0707D0019BCC
:105D900001339342019302D80B68DB07DFD1002265
:105DA00080F834200968C9074FF0030108BF0121BA
:105DB00080F83510C16C19B102B0BDE8F047084752
:105DC00002B0BDE8F08700BFD90301D4416CF2E70F
:105DD000C16BF0E70B680423934033427FF403AEBA
:105DE00071E600BF0B686EE62DE9F04381B0044612
:105DF00001F04CFF002C00F0AF800546206840F217
:105E00006F48C4F20208404516DC9F21C4F202012B
:105E100088422DDC5721C4F20201884254DC102153
:105E2000C4F20201884200F07E802821C4F20201FF
:105E3000884278D0402171E045F22F41C5F6020139
:105E4000884229DC40F2B741C4F20201884247DCB3
:105E500040F27041C4F20201884264D040F28841AD
:105E6000C4F2020188425ED040F2A04156E000BF79
:105E700040F22741C4F20201884241DCA021C4F271
:105E8000020188424FD0B821C4F2020188424AD0B0
:105E900040F2104142E000BF45F26B41C5F60201FD
:105EA000884200F3B78045F23041C5F602018842CE
:105EB00000F0C38045F24441C5F60201884200F07B
:105EC000BC8045F25841B3E05821C4F20201884237
:105ED00029D07021C4F20201884224D088211DE01B
:105EE00040F2B841C4F2020188421CD045F2084198
:105EF000C5F60201884200F0A08045F21C4197E0FF
:105F000040F22841C4F2020188420CD040F24041E4
:105F1000C4F20201884206D040F25841C4F20201A4
:105F2000884240F01F81002184F83410022184F857
:105F30003510016821F00101016000BF206801688F
:105F4000C9070DD001F0A2FE401B0628F6D3202081
:105F50006065032084F83500012001B0BDE8F083BE
:105F6000016848F23F02CFF61062D4E9026501EA07
:105F70000209D4E9047246EA09063543D4E906C1A8
:105F80003D43D4E9083E2A4311431943BEF1040FAF
:105F900041EA0C0303D1D4E90B1211430B4341F244
:105FA0000001C5F600410968B1F1005F0FD36568D3
:105FB000A5F129061F2E00F2398201213F22B140AE
:105FC000CCF2C032114200F0318243F480130360FE
:105FD0004169BEF1040F21F0070141EA0E0140F0D2
:105FE000DD80D4E90A53002B41EA050100F0D68098
:105FF000BCF5005F00F0B880BCF1000F40F0C0803D
:10600000022D00F0C080012D00F0B480002D00F0C2
:10601000BA80C3E045F26C41C5F6020188420CD05B
:1060200045F28041C5F60201884206D045F294410E
:10603000C5F60201884240F09580002184F83410B2
:10604000022184F8351004F1080C01689CE80C105A
:10605000D4E90595D4E9077EA2F18006B6FA86F662
:106060006FF310117609402A45EA07024FEA863697
:1060700041EAD30142EA090208BF1026314342EA4D
:106080000C0241EAD20141EA1E1140F80819C0B2DF
:10609000CD2148433C2101EA9020E0652046FDF7F0
:1060A0002BFCE16D012201F01F0102FA01F14160B8
:1060B0002068404500F381809F21C4F2020188429C
:1060C00014DC5721C4F20201884227DC1021C4F2FB
:1060D0000201884200F0C7802821C4F202018842F0
:1060E00000F0C1804021C4F20201B9E040F2274132
:1060F000C4F20201884221DCA021C4F202018842DC
:1061000000F0B180B821C4F20201884200F0AB80F7
:1061100040F21041C4F20201A2E000BF5821C4F2D3
:106120000201884200F09F807021C4F2020188427F
:1061300000F099808821C4F2020191E040F22841E8
:10614000C4F20201884200F08E8040F24041C4F265
:106150000201884200F0878040F25841C4F20201F7
:106160007EE000BF4020F3E6032D17D8DFE805F0FE
:106170000E0B0E02A3F1C072B2FA82F2520904E0D1
:10618000032D03D30AD1C3F300623AB14020606506
:10619000012084F8350001B0BDE8F083416120465C
:1061A000FDF7AAFBE16D3F2201F01F0102FA01F1A8
:1061B0008160206840457FF77FAF45F22F41C5F6EB
:1061C0000201884216DC40F2B741C4F20201884263
:1061D00026DC40F27041C4F20201884243D040F212
:1061E0008841C4F2020188423DD040F2A041C4F28D
:1061F000020135E045F26B41C5F6020188421FDC21
:1062000045F23041C5F6020188422CD045F24441A6
:10621000C5F60201884226D045F258411EE000BF73
:1062200040F2B841C4F2020188421CD045F2084154
:10623000C5F60201884216D045F21C410EE000BFAF
:1062400045F26C41C5F6020188420CD045F29441FA
:10625000C5F60201884206D045F28041C5F602012A
:10626000884240F0DB8045F2574CC5F6020C45F6FB
:10627000FC016045C5F602010EDC45F22F42C5F671
:106280000202904218DC45F20842C5F60202904232
:1062900028D045F21C4221E045F27F42C5F60202B9
:1062A000904213DC45F25842C5F60202904219D0E2
:1062B00045F26C4212E000BF45F23042C5F60202E0
:1062C00090420FD045F2444208E000BF45F29442AC
:1062D000C5F60202904205D045F28042C5F60202A0
:1062E000904247D100F0FC024CF6CD43083ACCF680
:1062F000CC43A2FB03231D09A1F1FC03A1F17C0601
:1063000003EB850205F01F03012707FA03F5A368D5
:106310002266802B6666A56604D10020606010604E
:1063200075601FE0D4F804E05FFA8EF31360AEF1FD
:106330000102072A756015D85E1E082E18D2604526
:1063400001F1440238DC45F22F43C5F602039842BE
:1063500042DC45F20843C5F60203984252D045F2AA
:106360001C434BE00020C4E91B00606756E000BFFF
:10637000E06E4EE000F0F8024AF6AB23103ACAF69F
:10638000AA23A2FB032740F20F4540F600033A0977
:10639000C4F20205C4F2020305F1AA06A84215469A
:1063A0004FF0080E88BF0EEB1715B04203F18006C0
:1063B00028BF1546A4E700BF45F27F43C5F6020398
:1063C000984213DC45F25843C5F60203984219D0AF
:1063D00045F26C4312E000BF45F23043C5F60203BC
:1063E00098420FD045F2444308E000BF45F2804395
:1063F000C5F60203984205D045F29443C5F6020360
:1064000098421BD101EB8E000121B140C4E91B026F
:10641000616700210160D4E91C0141600020012175
:10642000606584F8351001B0BDE8F083A5F14F0137
:10643000042938BF43F48013C9E500BF40F60000CB
:10644000C4F2020000F1FC0100F5A072DAE70000DE
:10645000002804BF0120704710B590F83440012C8B
:1064600004BF022010BD012480F8344090F835406C
:10647000012C2BD1022480F8354000244465D0F84B
:1064800000C0DCF8004024F00104CCF800400446D1
:10649000FDF7C8FA206840F20F4CC4F2020C40F23B
:1064A0006F416045C4F2020118DC6F23C4F202039D
:1064B000984225DC3F23C4F2020398423CDC1023BF
:1064C000C4F2020398425ED0282357E0002180F8EE
:1064D00034104FF400614165012010BD88421BDC7F
:1064E00040F23F43C4F2020398422DDC40F21043D5
:1064F000C4F20203984246D040F228433EE000BF77
:106500009F23C4F20203984228DC7023C4F20203E2
:10651000984238D0882331E040F29F43C4F202030E
:10652000984223DC40F27043C4F2020398422AD01E
:1065300040F2884322E000BF4023C4F202039842A5
:1065400021D058231AE000BF40F24043C4F20203B6
:10655000984218D040F2584310E000BFA023C4F284
:10656000020398420FD0B82308E000BF40F2B843BE
:10657000C4F20203984206D040F2A043C4F20203E0
:10658000984240F02F8103680B2262F344030360BA
:10659000226C1AB1082302681A430260884219DC8F
:1065A0009F22C4F20202904232DC5722C4F202025D
:1065B000904259DC1022C4F20202904200F0968010
:1065C0002822C4F20202904200F090804022C4F2DD
:1065D000020289E045F22F42C5F6020290422DDC0C
:1065E00040F2B742C4F2020290424BDC40F27042E9
:1065F000C4F20202904279D040F28842C4F2020210
:10660000904273D040F2A042C4F202026CE000BF9C
:1066100040F22742C4F20202904243DCA022C4F2BC
:106620000202904262D0B822C4F2020290425DD0CF
:1066300040F21042C4F2020256E000BF45F26B4243
:10664000C5F6020290423FDC45F23042C5F6020236
:1066500090424BD045F24442C5F60202904245D0EA
:1066600045F258423EE000BF5822C4F20202904276
:106670003CD07022C4F20202904237D08822C4F289
:10668000020231E040F2B842C4F2020290422DD040
:1066900045F20842C5F60202904227D045F21C425C
:1066A00020E000BF40F22842C4F2020290421DD016
:1066B00040F24042C4F20202904217D040F25842E7
:1066C000C4F2020210E000BF45F26C42C5F60202BD
:1066D00090420BD045F29442C5F60202904205D09A
:1066E00045F28042C5F60202904274D1236E1A68C8
:1066F000D20303D51A6842F480721A60E36E1BB1AC
:106700001A6842F480721A60604511DC6F21C4F28D
:10671000020188421EDC3F21C4F20201884235DCBE
:106720001021C4F20201884255D0282150E000BF58
:1067300088421BDC40F23F41C4F2020188422DDC5A
:1067400040F21041C4F20201884244D040F2284194
:106750003EE000BF9F21C4F20201884228DC702184
:10676000C4F20201884236D0882131E040F29F41D4
:10677000C4F20201884223DC40F27041C4F20201FB
:10678000884228D040F2884122E000BF4021C4F274
:10679000020188421FD058211AE000BF40F2404158
:1067A000C4F20201884216D040F2584110E000BF06
:1067B000A021C4F2020188420DD0B82108E000BF38
:1067C00040F2B841C4F20201884204D040F2A04134
:1067D000C4F202018842016841F001010160002019
:1067E00010BD00BF0268052363F343020260226C00
:1067F000002A3FF4D3AE0423CDE600002DE9F0419A
:1068000040F2A876C1F2000671680446884740F25B
:10681000741843F2C82705460028C1F20008C1F2E7
:10682000000775D1D8F80000820B5DD012F0030389
:10683000A2F1010122D000BF00BF00BF00BF00BF16
:1068400000BF00BF00BF00BF00BF00BF012B084654
:1068500000BF14D000BF00BF00BF00BF00BF00BF1B
:1068600000BF00BF00BF00BF00BF022B00BF40F051
:10687000C580901E032905D236E000BF10460329CB
:1068800032D300BF00BF00BF00BF00BF00BF00BFCA
:1068900000BF00BF00BF00BF00BF00BF00BF00BF00
:1068A00000BF00BF00BF00BF00BF00BF00BF00BFF0
:1068B00000BF00BF00BF00BF00BF00BF00BF00BFE0
:1068C00000BF00BF00BF00BF00BF00BF00BF00BFD0
:1068D00000BF00BF00BF00BF00BF00BF00BF00BFC0
:1068E00000BF043800BFCDD1D7E90001451C41F1FC
:1068F0000000C7E900500BE0D7E90001013041F189
:106900000001C7E90001401BA04228BFBDE8F0819B
:10691000706880470028F6D1D8F80000820BEBD0D1
:1069200012F00303A2F1010120D000BF00BF00BF9D
:1069300000BF00BF00BF00BF00BF00BF00BF00BF5F
:10694000012B084600BF12D000BF00BF00BF00BF30
:1069500000BF00BF00BF00BF00BF00BF00BF022BD1
:1069600000BF3BD1901E032904D2C5E7104603297E
:10697000C2D300BF00BF00BF00BF00BF00BF00BF49
:1069800000BF00BF00BF00BF00BF00BF00BF00BF0F
:1069900000BF00BF00BF00BF00BF00BF00BF00BFFF
:1069A00000BF00BF00BF00BF00BF00BF00BF00BFEF
:1069B00000BF00BF00BF00BF00BF00BF00BF00BFDF
:1069C00000BF00BF00BF00BF00BF00BF00BF00BFCF
:1069D00000BF043800BFCDD18EE700BF00BF00BFAD
:1069E00000BF00BF00BF00BF00BF00BF00BF00BFAF
:1069F00000BFD01E00BF0329BCD27DE700BF00BF8F
:106A000000BF00BF00BF00BF00BF00BF00BF00BF8E
:106A100000BFD01E00BF0329BFF434AF64E70000FD
:106A200090F89830013B012B2CD80068836D0B4205
:106A300030D0836D0B408B4212BF0323C36D43F0F4
:106A40000203C3658B0504D5D0F8E0301343C0F8CA
:106A5000E0304B0504D5D0F8E4301A43C0F8E42008
:106A60004FF6FF72C3F6CF72436D0A401A43426578
:106A70008A0F4AF614010020C4F200010B681A4381
:106A80000A60704700F19C01012002220B681A4342
:106A90000A607047C36D43F00103C3658B05D3D40F
:106AA000D7E7000090F89830022B1DD12DE9F04176
:106AB0000668D6F8C03013F07C5F1DD0D6F8C4301D
:106AC0009B0223D4D6F8C430D1E90075D1F808E090
:106AD0000C69C3F3044C1DB344EA070343EA0E03F5
:106AE00043F0804E20E000BFD0F89C1041F0080138
:106AF000C0F89C1001207047D0F89C1041F0200194
:106B0000C0F89C100120BDE8F08100BFD0F89C10B7
:106B100041F40071C0F89C100120BDE8F08100BF75
:106B200044EA87434EEA030ED1E90757D1E90584C9
:106B300045EA0765CB682C4344EA08041C43836E8E
:106B4000D0F884500CFB03F705EB870345F827E0EA
:106B50005C60CF68B7F5803F0FD341F24015083332
:106B600003320024C0F61205171957F8037C1F5191
:106B7000CF890434EF5DBC42F6D3012101FA0CF158
:106B8000C6F8D010C0F894100020BDE8F0810000D5
:106B90007047000090F89820013A012A0AD880B581
:106BA0000B68CA6873B10B69072A43EA427E17D1A2
:106BB0008B691AE0D0F89C1041F00201C0F89C10DB
:106BC00001207047072A19D10A69D1E906C31204C6
:106BD00042EA032242EA0C0242F0605218E000BF8F
:106BE000D1F808C04B6943EA8C73006F496800EB29
:106BF000C10240F831E05360002080BD8B68D1E9CC
:106C000004CE9B0743EAC26242EA0C4242EA0E0209
:106C1000C06E496840F82120002080BD90F898C0DF
:106C2000BCF1010F0ED19200DDF800C042EA011163
:106C300041EA4301006841EA0C01C0F880100020DD
:106C4000704700BFD0F89C1041F00401C0F89C10C0
:106C50000120704790F89820013A012A30D8006846
:106C60000022CCF23002436D62EA01021A404AF679
:106C7000140C4265C4F2000CDCF800308A0523EAEB
:106C80009173CCF8003044BF0022C0F8E0204905E1
:106C900044BF0021C0F8E410816D426D0A438A426E
:106CA00003D1C26D22F00102C265426D0A421CBFCF
:106CB00000207047C16D21F00201C16500207047BE
:106CC000D0F89C1041F00201C0F89C1001207047E0
:106CD00070470000704700002DE9F04390F898706D
:106CE000022F1DD1402925D10768D7F8A06016F4DE
:106CF000FE0F00F0B180D7F8A460760600F0BE80E9
:106D0000D7F8A460F60148BFD7F8A060D7F8A47000
:106D1000446CC7F3052500F17406AC4631E000BFB2
:106D2000D0F89C1041F00801C0F89C100120BDE88B
:106D3000F08300BF41291BD10768D7F8B06016F473
:106D4000FE0F00F08980D7F8B460760600F09680D8
:106D5000D7F8B460F60148BFD7F8B060D7F8B47080
:106D6000C46CC7F3052500F17806AC4609E000BF06
:106D7000076DB94270D2456D00F17C064FF0000CF2
:106D80000C46376804FB05F657F8265007EB860ECD
:106D900015F08045556057F8265025F0604408BF2F
:106DA000C5F38A44146057F8265005F000559560E5
:106DB00057F8264004F000441461BEF80440D46142
:106DC000DEF8044014F47024D460DEF8044004F4C7
:106DD00080145461DEF8044004F4001494619EF8B9
:106DE000074004F07F041462DEF804404FEAD474D4
:106DF000546228D041F240180024C0F6120800BFA7
:106E00000EEB0406377A651C1F55D78918F80770F2
:106E1000BD4218D2757A1F197D70D58918F8059072
:106E2000A51C4D450FD2B57ABD70D58918F80590CF
:106E3000E51C4D4507D2F57A0434FD70D58918F864
:106E40000550AC42DCD3402910D10068C0F8A8C07E
:106E50000020BDE8F08300BFD0F89C1041F0200175
:106E6000C0F89C100120BDE8F08300BF41290FD17C
:106E70000068C0F8B8C00020BDE8F083D0F89C10CE
:106E800041F48071C0F89C100120BDE8F08300BF80
:106E90001F2909D80122006802FA01F1C0F89810F0
:106EA0000020BDE8F08300BF01F01F01012200684F
:106EB00002FA01F1C0F89C100020BDE8F083000048
:106EC000704700002DE9F04F87B004464AF61000E5
:106ED000C4F2000001684AF61400C4F2000002681F
:106EE00020680A40D0F850B0D0F854A0056D466D27
:106EF000036D0293436D0193036D0693436D0593F8
:106F0000036D0493436D0393D0F85480D0F85090F0
:106F10005FEAC85312D519F480710FD04FF4807115
:106F200001654AF610010020C4F200010860D4F89F
:106F3000C01020461746884720683A460BEA0A0BDD
:106F40005FEA48514FEA827740F156814AF6100ACB
:106F500019F48061C4F2000A11D0D0F8DC1000925C
:106F60004FF48063D0F8E42003650020CAF80000E5
:106F7000D4F8B830114020469847009A2068354030
:106F80000BF470465FB10021016502F00300CAF8FE
:106F90000000D4F8A0202046394690472068DDE95B
:106FA000012101EA020705F00F054EB10665002038
:106FB000CAF80000D4F8A420204631469047206843
:106FC00007F0F0064DB105650020CAF80000D4F8BE
:106FD000A82020462946904720684EB1066500202B
:106FE000CAF80000D4F8AC2020463146904720680B
:106FF0005FEA08510DD519F400610AD04FF4006121
:1070000001650020CAF80000D4F8B0102046884777
:1070100020685FEA885112D519F400710FD04FF43F
:107020000073D0F8D810D0F8E02003650020CAF82B
:107030000000D4F8B43011402046984720685FEA39
:1070400008310DD519F400210AD04FF40021016553
:107050000020CAF80000D4F8BC10204688472068F9
:107060005FEAC8310DD519F480310AD04FF4803170
:1070700001650020CAF80000D4F8C41020468847F3
:1070800020685FEA4831DDE9032101EA02050DD5F8
:1070900019F480210AD04FF4802101650020CAF83C
:1070A0000000D4F8C810204688472068DDE9052193
:1070B0000A405FEA883105F060710ED519F400339B
:1070C0000BD04FF4003303650023CAF80030D4F826
:1070D0009C3043F08003C4F89C3002F0715541B1FC
:1070E00001650020CAF80000D4F8D020204690475F
:1070F000206845B100210565CAF80010D4F89C103D
:107100002943C4F89C10AAF5016188420AD0D4F83A
:107110009C0000286CD0D4F8CC10204607B0BDE805
:10712000F04F0847606881688907F0D0016A426AB9
:107130001140026A436AD0F820801A40D0F82490A7
:10714000D0F820B0466A036A11F00F010693436A33
:1071500002F030050593D0F824A0036A049304D00C
:107160000162D4F8D4202046904708EA090735B1D7
:107170006068D4F8D820056220462946904706EA80
:107180000B065FEA4A6007F4C0750FD5049810F04B
:1071900040000BD06068D4F8DC30C16BC26B402774
:1071A000090C02F03F02076220469847DDE905100E
:1071B00000EA010706F4FC4635B16068D4F8E02027
:1071C000056220462946904707F4F02036B16168F1
:1071D0000E62D4F89C103143C4F89C10002896D05D
:1071E00061680862D4F89C100843C4F89C008EE7DC
:1071F00007B0BDE8F08F00BF4AF6100AC4F2000ADB
:107200003540002F0BF470467FF4BDAEC7E600009A
:10721000002804BF012070472DE9F04F85B00446D7
:1072200000684AF20008C4F20008404504BF08F5AF
:107230008071616094F89810002964D1002084F86E
:10724000990046F6913047F64511C0F61000C0F699
:10725000100147F6E90247F6ED0347F6491704F136
:10726000A00EC0F61002C0F61003C0F610078EE89C
:107270008F0046F6C16047F6391147F6411647F6CA
:107280003D1547F6E50CC0F61000C0F6100147F6B4
:10729000351246F6D14346F6D54704F1C00EC0F686
:1072A0001006C0F61005C0F6100CC0F61002C0F6AD
:1072B0001003C0F610078EE88F00D4F8E410C4E97C
:1072C0002D65C4F8BCC047F6291647F6311547F6B8
:1072D0002D1C47F62510C0F61006C0F61005C0F6A6
:1072E000100CC0F61000C4E93565C4F8DCC0C4F861
:1072F000E00029B947F2C161C0F61001C4F8E410FA
:10730000204688472068816921F01001816100F0E2
:10731000BDFC054620688169090705D500F0B6FC6B
:10732000401B0B28F6D310E0816941F00101816117
:1073300000F0ACFC054600BF20688169C90711D187
:1073400000F0A4FC401B0B28F6D30120D4F89C10BD
:107350000843C4F89C00032084F89800012005B07D
:10736000BDE8F08F816941F002018161217C826971
:10737000012922F0400218BF40328261617C82699B
:10738000012922F4804208BF02F580428261A17C7B
:107390008269012922F4805218BF02F5805282616D
:1073A0008369D4E9021223F440730B438361836938
:1073B00023F0A4038361036923F0100303619AB1EE
:1073C000012A0DD0022A09D08369032A43F08003E1
:1073D0008361036943F01003036105D1202200E0BB
:1073E000042283691A438261D4E90572D4E907361D
:1073F000551E6FF0FF0202EB032343EA4563013E93
:107400001E430023CFF6FF7303EB07473743B1F565
:10741000407FC76110D1D4E90917D4E90B65013F5A
:1074200002EB06223A436FF00F0707EB05173A43CA
:1074300003EB01411143C160236E2BB1616ED0F8A3
:10744000C0201143C0F8C010E16D40F69802D94247
:10745000C0F61202CDE9031309D0D0F8C810A36E0C
:1074600021F0070152F823301943C0F8C810D4F8AE
:107470004090B9F1000F09D0D0F8BC10636C21F036
:10748000070152F823301943C0F8BC10A76C57B15C
:10749000D0F8BC10E36C21F0700152F8233041EABF
:1074A0000311C0F8BC10D4F850A0BAF1000F0AD0F4
:1074B000D0F8BC10636D21F4E06152F8232041EA5A
:1074C0000221C0F8BC10404504D161688A6822F0EE
:1074D00003028A600021C4F89410C4F89C100121B2
:1074E00084F89810D0F884104FF6FC72D4E90DC3DC
:1074F0009143656C41EA8C01E66B0295C0F88410FB
:10750000D0F8841003EB0C0221F47F0141EA03411F
:10751000C0F88410D0F8881002EB46036FF38F0197
:1075200041EA8201C0F88810D0F8881021F4FE01E9
:1075300041EA0641C0F88810D0F8A0106FF38F011F
:1075400041EA8301C0F8A010D0F8A01005FB093370
:1075500021F4FE0141EA0941C0F8A010D0F8B010B2
:107560006FF38F0141EA8301C0F8B010D0F8B0107A
:1075700021F4FE0141EA0741C0F8B010E16CCDF8FA
:107580000490D0F8AC5001FB07336FF38F0545EA48
:107590008305C0F8AC50D4F85480D0F8F05008FB04
:1075A0000A3E6FF38F0545EA8E03C0F8F030D0F83D
:1075B000F050A36D25F47C1545EA0345C0F8F05062
:1075C000D0F8C0504FEAC30909EB8E0E6FF38F0558
:1075D00045EA0E05C0F8C050D0F8C050DDF80CB038
:1075E00025F47C1545EA0B45C0F8C050D0F8C050D2
:1075F000DDF8109025F07C5545EA0965C0F8C050CB
:10760000DDE9015000FB05FE4AF2000001FB07E541
:10761000C4F2000000F5406000EB8C0100EB82003A
:1076200008FB0A5200EBC607206707EB8E0007EB4A
:107630008202C4E91D7002EBC300A36EC4F880206F
:107640000BFB03F200EB8202C4F8840009FB03F099
:10765000C4F8882002EB80004DF2FC32C4F2000234
:1076600007EB85069042E667E166C4F8900001D911
:1076700020206BE681421FD200200A4642F8040B0C
:10768000D4F890309A42BFF46AAE4860D4F89020A3
:1076900001F108039342BFF462AE8860D4F89020F1
:1076A00001F10C039342BFF45AAEC860D4F89020A5
:1076B00010319142E0D352E6002005B0BDE8F08FD2
:1076C0002DE9F041B6B0044631A81421F9F7C3FB07
:1076D00002A8BC21F9F7BFFB20684AF20041C4F2BE
:1076E000000188425ED04AF20001C4F200018842E3
:1076F00040F0A5804FF4004002904FF080501D9064
:1077000002A801F04FF808B1FCF754FB42F29031A7
:10771000C1F200010A6844F2E040C5F60200531CC1
:107720000B6042B9C16841F48071C160C16801F465
:10773000807101910199016831AC41F0080101604B
:107740000168022501F008010191019901680026F4
:1077500041F0800101600068032700F08000019083
:10776000019840F2C470C1F2000000684FF00908AF
:107770002146CDE9315533963497CDF8D48000F0C9
:1077800087F94FF4804031A9E1C140F2C070C1F2E5
:10779000000000682146CDF8D48000F079F9152466
:1077A00013253CE04FF4004002904FF080501D90B4
:1077B00002A800F0F7FF08B1FCF7FCFA42F29031A2
:1077C000C1F200010A6844F2E040C5F60200531C11
:1077D0000B6042B9C16841F48071C160C16801F4B5
:1077E000807101910199016841F002010160006816
:1077F00031A900F002000190019860203190022030
:10780000329000203390032034900920359040F2CC
:107810000040C5F6020000F03BF916241425284666
:107820000021002200F0C4FB284600F0AFFB2046F8
:107830000021002200F0BCFB204600F0A7FB36B080
:10784000BDE8F0819AB190F89830012B0CD107294E
:107850000DD8DFE801F0052D25292131191D00BFC4
:10786000C0F8B0200020704790F8983043B1D0F8AD
:107870009C1041F48071C0F89C100120704700BF3B
:10788000072905D00629F2D1C0F8E420002070476E
:10789000C0F8E82000207047C0F8C82000207047DA
:1078A000C0F8C02000207047C0F8C42000207047F6
:1078B000C0F8BC2000207047C0F8CC2000207047E2
:1078C00039B190F89820012A02BFC0F8A810002012
:1078D0007047D0F89C1041F48071C0F89C100120D2
:1078E00070470000704700007047000070470000BC
:1078F00090F8981001290DD1022180F898100168A4
:107900008A6922F001028A610021C0F89C100020DF
:10791000704700BFD0F89C1041F00401C0F89C10E3
:10792000012070477047000070470000704700005A
:10793000704700007047000070470000704700006B
:10794000704700007047000070470000002908BF22
:1079500070472DE9F04F81B000F1264242F200431A
:1079600002F1FF72C5F602030A2540F2040E4FEA47
:10797000B224984208BF0925C5F6000E00F1200C7C
:10798000092C38BF4FEAB2250022002700240095B9
:1079900027E000BF0568032303FA02F635436FF0C2
:1079A0000303056003EA540307F01C095CF803A015
:1079B0000F2505FA09F52AEA05054CF80350C368B6
:1079C000B343C360436823EA080343608368B34357
:1079D0008360013431FA04F307F1040702F1020273
:1079E0003CD0012303FA04F818EA0109F1D040F26F
:1079F000084324F00305C5F60003ED5807F00C0B0F
:107A00000F2303FA0BFA009B05EA0A0503FA0BF6AB
:107A1000B542BFD1DEF8BC504FF0B04325EA0905AE
:107A2000CEF8BC50DEF8C050A60825EA0905CEF80D
:107A3000C0501D6825EA09051D60DEF8005040F2BF
:107A4000084325EA0905CEF80050C5F6000353F8AF
:107A5000265025EA0A0543F826509BE701B0BDE809
:107A6000F04F704780B584B000210191039101A9C6
:107A7000ADF8080011F052F804B080BDC821C5F679
:107A800000010A68024214BF08607047FFF7EABFAE
:107A90002DE9F04F83B00F68002F00F0D78000F180
:107AA000200200F1264642F20044019206F1FF76E0
:107AB000C5F602040A224FEAB625A04208BF0922F1
:107AC000092D38BF4FEAB62200244FF0010E0026E0
:107AD0004FF0000800920AE00F6808F1010837FA39
:107AE00008F206F1020604F1040400F0AF800EFA79
:107AF00008FC17EA0C09EFD0D1F804A0BAF1120F74
:107B000000F29C800EFA0AF717F0061F00F096802C
:107B100087680322CD6802FA06FE27EA0E07B54001
:107B20003D43856045684FEA1A1225EA0C0502FAC2
:107B300008F24FEA480B6FEA0E0E2A434260C26811
:107B40008D6802EA0E0205FA0BF52A434AF0100589
:107B5000122DC26014D16FF00302019D02EA580297
:107B600055F802C004F01C030F27D1F810A09F4065
:107B70002CEA07070AFA03F33B43AB50D1F804A001
:107B800002680AF0030302EA0E0203FA0BF31A4337
:107B90005FEACA034FF0010E02609DD544F2F44340
:107BA000C5F602031A6840F2084C42F002021A605D
:107BB0001A68C5F6000C02F002020292029A28F03E
:107BC000030252F80C3004F00C070F25BD40AB4304
:107BD000009D4FF0B04A05FA07F73B4342F80C30DE
:107BE00040F2040CC5F6000CDCF8BC204B6842EAFD
:107BF0000907DD0358BF22EA0907CCF8BC70DCF89E
:107C0000C0209D0342EA090758BF22EA0907CCF8C1
:107C1000C070DAF80020DD0242EA090758BF22EA04
:107C20000907CAF80070DCF800209B0242EA090745
:107C300058BF22EA0907CCF800704DE7032202FA88
:107C400006F76FEA070EB34679E700BF03B0BDE859
:107C5000F08F00000069084018BF01207047000045
:107C6000426902EA0103914341EA0341816170479D
:107C7000002A08BF090481617047000041F200003A
:107C8000C5F600400068000C7047000080B540F267
:107C9000A870C1F2000040688047002818BF80BD6E
:107CA00040F27410C1F200000068820B5CD012F048
:107CB0000303A2F1010121D000BF00BF00BF00BF3C
:107CC00000BF00BF00BF00BF00BF00BF00BF012B4F
:107CD000084600BF13D000BF00BF00BF00BF00BFF9
:107CE00000BF00BF00BF00BF00BF00BF022B00BF2E
:107CF00046D1901E032905D236E000BF1046032965
:107D000032D300BF00BF00BF00BF00BF00BF00BF35
:107D100000BF00BF00BF00BF00BF00BF00BF00BF6B
:107D200000BF00BF00BF00BF00BF00BF00BF00BF5B
:107D300000BF00BF00BF00BF00BF00BF00BF00BF4B
:107D400000BF00BF00BF00BF00BF00BF00BF00BF3B
:107D500000BF00BF00BF00BF00BF00BF00BF00BF2B
:107D600000BF043800BFCDD143F2C821C1F20001E9
:107D7000D1E90002013042F10002C1E9000280BDF8
:107D800000BF00BF00BF00BF00BF00BF00BF00BFFB
:107D900000BF00BF00BFD01E00BF0329B2D2E3E77F
:107DA00046F21051C5F602010A6810430860704798
:107DB00046F21051C5F602010A6822EA0000086086
:107DC0007047000046F28041C5F6020151F82000DC
:107DD00040F20011C8F20001401A18BF012070479C
:107DE00008B3F0B581B004460025012606FA05F770
:107DF000274212D009F0BEFA011D002051F82020C0
:107E000012B11268AA4203D001302028F6D12120F5
:107E1000C0B209F06CFABC4302D00135202DE5D187
:107E200001B0BDE8F040704746F21051C5F60201BE
:107E3000C8680A6882430A604860FFF7D1BF000043
:107E400046F2004241F48071C5F6020242F8201069
:107E50007047000041F0004146F2004241F4807159
:107E6000C5F6020242F8201052F82000401A18BF4E
:107E70000120704710B582B044F2D844C5F6020420
:107E80002068812240F480402060206800F4804017
:107E90000190019844F20040C4F20200016862F3CC
:107EA00013210160016841F001010160032000F02D
:107EB000ABF801F0C5FA54F8C01C40F66C12C1F3DF
:107EC0000321C0F61202515C54F8C03C01F01F01BE
:107ED00003F00F03D25CC84002F01F01C84040F21B
:107EE0007811C1F20001086040F27411C1F2000182
:107EF00008600F2000F00AF810B1012002B010BD98
:107F000000F00DF8002002B010BD000080B540F276
:107F1000A870C1F2000000688047002080BD80B5D5
:107F200082B044F2F440C5F60200016841F002015B
:107F30000160016801F0020101910199016841F4B9
:107F400000410160006800F400400090009801F0DA
:107F500043FB022002B0BDE8804001F047BB0000B7
:107F6000002848BF704700F01F01012202FA01F10A
:107F70004EF28012C0F34A10CEF2000242F82010F6
:107F8000BFF34F8FBFF36F8F70470000002848BFCB
:107F9000704700F01F01012202FA01F14EF20012B7
:107FA000C0F34A10CEF2000242F8201070470000E1
:107FB00010B54EF60C5CCEF2000CDCF80030C3F3CA
:107FC000022E8EF00704042C28BF0424BEF1030304
:107FD0004FF0FF3E0EFA04F438BF0023A14399404E
:107FE0000EFA03F39A43114300F00F0200F16043CD
:107FF0000901043A03F564436244002848BF02F1D2
:108000000C03197010BD00004EF60C51CEF20001A9
:108010000A684FF6FF031A4060F30A2242F08060BC
:1080200040F0FD700860704780B544F2304CC5F6F2
:10803000020C5CF808EC5CF8082C5CF8041CDCF81A
:108040000430C2F30512C3F3CC0300EE103AB8EECD
:10805000401A9FED550AC90718BFB0EE410ACAB1D0
:108060000EF00303DFE803F0021C2C065CF8301C62
:1080700089066FD4DCF800109FED4C3A6FF35F2156
:1080800001EE102A02EE101A20EE030A9FED483A84
:1080900024E000BF0021C0E90011816080BD00BF65
:1080A000DCF800109FED413A6FF35F2101EE102ADA
:1080B00002EE101A20EE030A9FED3F3A0EE000BFD9
:1080C000DCF800109FED393A6FF35F2101EE102AC2
:1080D00002EE101A20EE030A9FED363AB8EE411A6E
:1080E000B8EE422A30EE020A20EE030A30EE030A0E
:1080F00080EE010ADCF80010C1F34621013101EEE7
:10810000101AB8EE411A80EE011ABCEEC11A80EDC9
:10811000001ADCF80010C1F30641013101EE101A1B
:10812000B8EE411A80EE011ABCEEC11A80ED011AB8
:10813000DCF80010C1F30661013101EE101AB8EE4F
:10814000411A80EE010ABCEEC00A10EE101A8160DE
:1081500080BD00BF5CF8301C49F20003C1F3C101CF
:10816000C0F2D03323FA01F101EE101ADCF800104E
:108170009FED0E4A6FF35F2103EE101A20EE040A02
:10818000B7EE004AB8EE433A30EE040AB8EE411AB0
:1081900002EE102A30EE030AB8EE422A20EE010A5F
:1081A00080EE020AA6E700BF0000000000000039D0
:1081B0000024744C20BCBE4B0024744A80B544F2A9
:1081C000384CC5F6020C5CF810EC5CF8101CC1F3DE
:1081D00005325CF80C1CDCF80430FAB1DB08C90687
:1081E00003EAE1716FF35F3100EE101A0EF0030144
:1081F000B8EE400ADFE801F018022C02DCF80010AB
:108200009FED4D3A6FF35F2101EE102A02EE101A36
:1082100020EE030A9FED493A28E000BF0021C0E9A3
:108220000011816080BD00BF5CF8381C890659D4FC
:10823000DCF800109FED403A6FF35F2101EE102A49
:1082400002EE101A20EE030A9FED3E3A0EE000BF48
:10825000DCF800109FED383A6FF35F2101EE102A31
:1082600002EE101A20EE030A9FED353AB8EE411ADD
:10827000B8EE422A30EE020A20EE030A30EE030A7C
:1082800080EE010ADCF80010C1F34621013101EE55
:10829000101AB8EE411A80EE011ABCEEC11A80ED38
:1082A000001ADCF80010C1F30641013101EE101A8A
:1082B000B8EE411A80EE011ABCEEC11A80ED011A27
:1082C000DCF80010C1F30661013101EE101AB8EEBE
:1082D000411A80EE010ABCEEC00A10EE101A81604D
:1082E00080BD00BF5CF8381C49F20003C1F3C10136
:1082F000C0F2D03323FA01F101EE101ADCF80010BD
:108300009FED0D4A6FF35F2103EE101A20EE040A71
:10831000B7EE004AB8EE433A30EE040AB8EE411A1E
:1083200002EE102A30EE030AB8EE422A20EE010ACD
:1083300080EE020AA6E700BF000000390024744A5C
:1083400020BCBE4B0024744C80B544F2404CC5F6B2
:10835000020C5CF818EC5CF8181CC1F305525CF8D0
:10836000141CDCF80430FAB1DB08C90503EAE1713A
:108370006FF35F3100EE101A0EF00301B8EE400A01
:10838000DFE801F018022C02DCF800109FED4D3AF6
:108390006FF35F2101EE102A02EE101A20EE030A9D
:1083A0009FED493A28E000BF0021C0E9001181603B
:1083B00080BD00BF5CF8401C890659D4DCF8001071
:1083C0009FED403A6FF35F2101EE102A02EE101A82
:1083D00020EE030A9FED3E3A0EE000BFDCF80010ED
:1083E0009FED383A6FF35F2101EE102A02EE101A6A
:1083F00020EE030A9FED353AB8EE411AB8EE422A54
:1084000030EE020A20EE030A30EE030A80EE010A83
:10841000DCF80010C1F34621013101EE101AB8EE6C
:10842000411A80EE011ABCEEC11A80ED001ADCF888
:108430000010C1F30641013101EE101AB8EE411AE5
:1084400080EE011ABCEEC11A80ED011ADCF80010B2
:10845000C1F30661013101EE101AB8EE411A80EE47
:10846000010ABCEEC00A10EE101A816080BD00BF88
:108470005CF8401C49F20003C1F3C101C0F2D033E3
:1084800023FA01F101EE101ADCF800109FED0D4AFD
:108490006FF35F2103EE101A20EE040AB7EE004AD4
:1084A000B8EE433A30EE040AB8EE411A02EE102A52
:1084B00030EE030AB8EE422A20EE010A80EE020AEC
:1084C000A6E700BF000000390024744A20BCBE4B60
:1084D0000024744C10B584B00146B0F5805F4FF0B5
:1084E000000025DBB1F5004F5ADB00F0AB80B1F5A1
:1084F000803F00F0E780B1F5002F40F0F18044F2BA
:108500000041C5F60201886DC0F301420020DFE89A
:1085100012F0CF000500BD00E70000BF0868800032
:1085200040F12F8101A8FFF70FFF039804B010BDA1
:10853000B1F5806F1CDAB1F5807F5BD0B1F5007FBB
:1085400040F0CE8044F20041C5F60201086DC0F350
:108550008212042A00F2158148F20000C0F2BB002A
:10856000DFE812F09200A600C000BE00940000BF39
:1085700054D0B1F5006F40F0B38044F20041C5F62D
:108580000201886DC0F30262042A00F2FA8048F208
:108590000000C0F2BB00DFE802F0778BA5A37900F2
:1085A000B1F5805F00F05C80B1F5804F40F09880BD
:1085B00044F20044C5F60204A06DC0F30270052821
:1085C00000F2DF80DFE810F00600DA00CC00D40013
:1085D000C200E40000F010FF216A40F66C12C1F303
:1085E0000211C0F61202515C01F01F01C84004B034
:1085F00010BD00BF44F20041C5F60201086D00F055
:108600000702042A00F2BD8048F20000C0F2BB005D
:10861000DFE802F03A4E68663C0000BF44F20041D9
:10862000C5F60201886DC0F34252042A00F2A98007
:1086300048F20000C0F2BB00DFE802F0263A5452D4
:10864000280000BF44F20041C5F60201086DC0F3E6
:1086500001720020DFE802F002187644086898E012
:1086600044F20041C5F60201086DC0F30232042A4B
:1086700000F2878048F20000C0F2BB00DFE802F0A1
:1086800004183230060000BF086823E0CA6C0B688B
:1086900008685B0702F040522ED56ABB49F2000120
:1086A000C0F3C100C0F2D03121FA00F004B010BD17
:1086B0000868000165D501A8FFF780FD019804B0A6
:1086C00010BD00BF44F20040C5F60200C16C006856
:1086D000C9031DD4800154D501A8FFF7A5FC029859
:1086E00004B010BD086880004BD501A8FFF72CFE30
:1086F000019804B010BD00BFC00511D5B2F1805F74
:108700000ED140F60010C0F23D0004B010BD00BF15
:10871000000136D501A8FFF751FD039804B010BD44
:108720000868B2F1005F00F400314FF0000004BFB0
:1087300047F64000C0F27D10002908BF084604B08B
:1087400010BD00BF086800011BD51DE0206840F681
:108750000011C005C0F23D0101EAE07004B010BD97
:10876000206880000DD501A8FFF7EEFDB7E700BF38
:108770002068400705D5206890E700BF2068000109
:1087800002D4002004B010BD01A8FFF717FDA6E732
:10879000206847F640018003C0F27D1101EAE070D5
:1087A00004B010BD2DE9F0470446C07844F22C48CF
:1087B0000007C5F602082DD5606E4FEA3051032937
:1087C0003ED8DFE801F0030B172000BFD8F80010F7
:1087D00041F40031C8F8001015E000BF201D02214F
:1087E00002F092FF064668B16078C00716D13546A0
:1087F00053E000BF04F12400022103F00FF8064605
:108800000028F1D1606ED8F8241021F440110843FB
:10881000C8F8240000266078C007E8D0606D0428FE
:1088200000F278803546DFE800F01B2711030300D3
:108830002F464DB36078800740F1718031E000BF72
:1088400001266078C007D2D0E8E700BF04F1240019
:10885000002102F0E3FF0546002D2F46EAD113E088
:10886000D8F80000354640F40030C8F80000002D6C
:108870002F46DFD108E000BF201D002102F044FF99
:108880000546002D2F46D5D1D8F82400616D20F083
:10889000070008430025C8F82400374660788007A1
:1088A0003DD5A06D4FEAB010042800F27980DFE8D2
:1088B00000F0151F0B0303002E460DB36078400730
:1088C00040F173802FE000BF04F12400002102F08A
:1088D000A5FF0546002D2E46F0D111E0D8F8000086
:1088E00040F40030C8F80000002D2E46E6D107E025
:1088F000201D002102F008FF0546002D2E46DDD187
:10890000D8F82400A16D20F4E07008430025C8F8D1
:10891000240004E00125012760788007C1D43E4689
:108920006078400741D5D4F8A4004FEA705004287D
:1089300000F28080DFE800F016200C04040000BF85
:10894000A9460DB36078000740F17A8031E000BF9E
:1089500004F12400002102F061FF0546002DA94624
:10896000F0D111E0D8F8000040F40030C8F8000061
:10897000002DA946E6D107E0201D002102F0C4FE2B
:108980000546002DA946DDD1D8F82C00D4F8A41056
:1089900020F4600008430025C8F82C0005E000BF63
:1089A0000125012660784007BDD4B14660780007F4
:1089B00046D5D4F8A8004FEA3060042800F21281AE
:1089C000DFE800F01A241004040000BF2F462DB386
:1089D000E078800738D43E466078C00640F1A98030
:1089E00041E000BF04F12400002102F017FF05461A
:1089F000002D2F46ECD111E0D8F8000040F40030F3
:108A0000C8F80000002D2F46E2D107E0201D00210C
:108A100002F07AFE0546002D2F46D9D1D8F82C0059
:108A2000D4F8A81020F0E06008430025C8F82C0016
:108A300006E000BF01254FF0010960780007B8D4B7
:108A40004F46E0788007C6D5A06C4FEA3010032867
:108A500044D8DFE800F003232D0300BF2E467DB38A
:108A60006078C00665D5E06D4FEA3030042800F22A
:108A7000C180DFE800F0434D39030300002D2F468D
:108A80004ED06078800658D43E466078400667D461
:108A900037466078000640F1078175E0D8F800009D
:108AA00040F40030C8F80000002D2E46D8D107E071
:108AB000201D022102F028FE0546002D2E46CFD1B2
:108AC000D8F82000A16C20F0300008430025C8F839
:108AD00020003E466078C0062BD5C4E7012501265C
:108AE0006078C006BFD424E004F12400002102F025
:108AF00095FE0546002D2F46C3D111E0D8F80000A1
:108B000040F40030C8F80000002D2F46B9D107E02E
:108B1000201D002102F0F8FD0546002D2F46B0D1A2
:108B2000D8F82400E16D20F4E04008430025C8F89F
:108B30002400374660788006A6D5206E4FEA304084
:108B4000052800F27380DFE800F0037F5D03030374
:108B5000002D2E4600F08180607840067FF598AFAA
:108B6000D4F8AC004FEA3070052867D8DFE800F091
:108B700004845404040400BF002D2F4600F08580B7
:108B80006078000640F19080E06E58B1B0F1005F6F
:108B900010D0B0F1805F1FD1D8F8000040F4003051
:108BA000C8F800002E466DB1E078C00700F0938051
:108BB0007EE000BF201D012102F0A6FD0546002D2C
:108BC0002E46F1D1D8F82400E16E20F04050084341
:108BD0000025C8F8240067E001250126E078C007D9
:108BE00066D178E001250127E07880073FF52CAFBA
:108BF000F1E600BF01250127607880063FF59DAFB3
:108C000042E700BF04F12400012102F007FE0546FF
:108C1000002D2E46A0D120E004F12400012102F015
:108C2000FDFD0546002D2F46AAD12EE00125012687
:108C3000607840063FF594AF2AE700BF0125012781
:108C400060780006A0D42FE0201D012102F05CFD19
:108C50000546002D2E467FF47FAFD8F82400216E04
:108C600020F4E02008430025C8F824003E46607840
:108C700040067FF50DAF73E7201D012102F044FD92
:108C80000546002D2F467FF47BAFD8F82C00D4F892
:108C9000AC1020F0E04008430025C8F82C0037460F
:108CA000607800063FF570AF3E46E078C00712D00E
:108CB000606C032800F2AC80DFE800F00294A002B0
:108CC000A9464DB9D8F82000616C20F00300084394
:108CD0000025C8F82000B146A078400602D44F46CF
:108CE0001AE000BFD8F8D40340F48070C8F8D40369
:108CF000FEF7CCFF064600BFD8F8D403C00507D462
:108D0000FEF7C4FF801B6428F6D90325032703E080
:108D1000002D2F4600F080802078C00700F0D28020
:108D2000A06F4FEAF000052800F2B480DFE800F001
:108D300004B8A604040400BF002D2E4600F0B9803C
:108D40002078800700F1C38037462078400700F183
:108D5000D3803E462078800600F1E48037462078B4
:108D6000400600F1F7803E462078000600F10A81B7
:108D700037462068010740F11D81D4F88000B0F526
:108D8000805F09D104F12400022102F047FD002890
:108D900018BF0127D4F88000D8F8281021F44051DA
:108DA0000843C8F828002068C10640F10681D4F8BD
:108DB0009400B0F5807F09D104F12400022102F073
:108DC0002DFD002818BF0127D4F89400D8F82C10E6
:108DD00021F440710843C8F82C002068000340F1DA
:108DE0001381ECE0D8F8000040F40030C8F800002F
:108DF000002DA9467FF470AF64E700BF201D02215B
:108E000002F082FC0546002DA9467FF465AF59E7C4
:108E100001254FF001095FE7D8F84410D4F8B000FD
:108E2000414011F4407F11D0D8F84410D8F84420C4
:108E300021F4407142F48032C8F84420D8F844202C
:108E400022F48032C8F84420C8F84410B0F5807F7E
:108E500040F0B682FEF71AFF064641F2883A032533
:108E6000032700BFD8F84400800700F1A782FEF76F
:108E70000DFF801B5045F5D94EE700BF04F12400DB
:108E8000012102F0CBFC0546002D2E467FF458AFA1
:108E90000FE000BF012501262078800717D453E793
:108EA000201D012102F030FC0546002D2E467FF4E6
:108EB00047AFD8F82800A16F20F0380008430025FC
:108EC000C8F828003E46207880077FF53DAF606FE8
:108ED000052800F2CB81DFE810F00700F1018D01D9
:108EE00007000700070000BF002D2F4600F0EF81AC
:108EF000207840077FF52DAFD4F89000052800F2C8
:108F0000BD81DFE810F00700F301830107000700CF
:108F1000070000BF002D2E4600F0F181207880066A
:108F20007FF51CAFD4F88C004FEA3070052800F2B2
:108F3000AD81DFE810F00700F501770107000700B9
:108F4000070000BF002D2F4600F0F3812078400677
:108F50007FF509AFD4F898004FEAB020052800F259
:108F60009D81DFE810F00700F7016B0107000700A3
:108F7000070000BF002D2E4600F0F5812078000686
:108F80007FF5F6AED4F89C004FEA7030052800F269
:108F90008D81DFE810F00700F9015F01070007008D
:108FA000070000BF002D2F4600F0F7812068010761
:108FB0003FF5E3AEC1063FF5FAAE000324D5D4F881
:108FC000A000B0F5003F0FD0B0F5803F06D00028DC
:108FD0004AD1201D002102F097FB04E004F1240097
:108FE000022102F01BFC05462E461DB1A078400769
:108FF0003FD50DE0D8F82C00D4F8A01020F4403074
:1090000008430025C8F82C003E46A078400730D51C
:10901000D4F88400B0F5401F0BD0B0F5001F0FD07E
:10902000B0F5801F70D1D8F8000040F40030C8F8C7
:1090300000002F466DB1A078C0071ED169E000BFC7
:1090400004F12400012102F0E9FB0546002D2F4622
:10905000F1D1D8F82800D4F8841020F44010084347
:109060000025C8F8280004E001250126A078400763
:10907000CED43746A078C0074BD0E06CB0F5803F27
:109080002AD0D8BBD8F8000040F40030C8F800005F
:109090002E464DB3206881003FD4810348D4C102DD
:1090A0005DD4C10065D481026FD4410078D4B0F1A1
:1090B000FF3F40F38680000208D5D8F82800D4F896
:1090C000881020F440000843C8F82800002E18BF7C
:1090D00001263046BDE8F087201D022102F014FB76
:1090E0000546002D2E46D5D1D8F82000E16C20F49D
:1090F000803008430025C8F820000AE00125012639
:1091000020688100C9D508E001250127A078C007A3
:10911000B3D13E4620688100BFD504F1240002216E
:1091200002F07CFB002818BF012620688103B6D519
:10913000E16F6FF0010202EB3122022A0AD34FEAFB
:1091400031223AB1012A07D1D8F8002042F4003286
:10915000C8F80020002D41D00126C102A1D5D8F8C1
:109160002410226F21F000411143C8F82410C100DF
:1091700099D558F81C1CD4F8B42021F4804111432F
:1091800048F81C1C81027FF590AFD8F82410A26E1D
:1091900021F080711143C8F8241041007FF587AF9A
:1091A00058F81C1C21F4004148F81C1CD4F8B810D5
:1091B00058F81C2C114348F81C1CB0F1FF3F3FF736
:1091C0007AAFD8F82010226D21F040511143C8F831
:1091D000201000023FF571AF78E700BFD8F82820D3
:1091E00022F440721143C8F82810C1027FF559AF2C
:1091F000B5E700BF04F12400012102F00FFB054692
:10920000002D2F467FF474AE61E000BF04F124000E
:10921000012102F003FB0546002D2E467FF47EAEB1
:109220006DE000BF04F12400022102F0F7FA0546C8
:10923000002D2F467FF48AAE7BE000BF04F12400AE
:10924000022102F0EBFA0546002D2E467FF496AE81
:1092500089E000BF04F12400022102F0DFFA054694
:10926000002D2F467FF4A2AE97E000BF0125012715
:10927000207840073FF540AE6BE500BF0125012691
:10928000207880063FF54EAE68E500BF0125012736
:10929000207840063FF55EAE65E500BF012501265A
:1092A000207800063FF56EAE62E500BF012501277C
:1092B000206801077FF57EAE5FE500BF201D01211C
:1092C00002F022FA0546002D2F467FF411AED8F8A1
:1092D0002800616F20F0070008430025C8F8280027
:1092E0003746207840077FF534AD05E6201D012183
:1092F00002F00AFA0546002D2E467FF40FAED8F88C
:109300002C00D4F8901020F0070008430025C8F87E
:109310002C003E46207880067FF520AD02E600BF97
:10932000201D002102F0F0F90546002D2F467FF4A4
:109330000DAED8F82800D4F88C1020F0E040084397
:109340000025C8F828003746207840067FF50BAD89
:1093500000E600BF201D002102F0D6F90546002DD1
:109360002E467FF40BAED8F82C00D4F8981020F4D9
:10937000E05008430025C8F82C003E46207800063F
:109380007FF5F6ACFEE500BF201D002102F0BCF920
:109390000546002D2F467FF409AED8F82C00D4F8EE
:1093A0009C1020F4604008430025C8F82C00374684
:1093B000206801077FF5FEADDFE400BFD4F8B00000
:1093C00058F81C1C4FF6CF7300F4407221F47C5106
:1093D000C0F2FF0303EA1013B2F5407F08BF194340
:1093E00048F81C1CD8F844106FF31F3008430025C0
:1093F000C8F84400FFF773BC80B500F021F844F2D0
:109400001841C5F602010A6840F66C13C2F3032244
:10941000C0F612039A5C096802F01F0201F00F0106
:10942000595CD04001F01F01C84040F27811C1F2F0
:109430000001086040F27411C1F20001086080BDB3
:1094400044F23041C5F6020151F8200CC0F3C200CD
:1094500003281DD0022815D000281EBF40F600109A
:10946000C0F23D00704751F8300C800649F2000010
:10947000C0F2D03058BF704751F8301CC1F3C10161
:10948000C840704747F64000C0F27D10704700BFEB
:1094900051F808CC51F8080C51F8043C4A68C0F364
:1094A0000510C2F3CC0200EE102AB8EE401A9FED70
:1094B000400ADA0718BFB0EE410A002804BF0020B6
:1094C00070470CF00302DFE802F01103230300BF32
:1094D00001EE100A08689FED373A6FF35F2002EE45
:1094E000100A20EE030A9FED343A1EE051F8302CAA
:1094F000920635D401EE100A08689FED2E3A6FF3FC
:109500005F2002EE100A20EE030A9FED2D3A0CE0D8
:1095100001EE100A08689FED273A6FF35F2002EE14
:10952000100A20EE030A9FED253AB8EE411AB8EE74
:10953000422A30EE020A20EE030A30EE030A80EEE1
:10954000010A0868C0F34620013001EE100AB8EEA7
:10955000411A80EE010ABCEEC00A10EE100A7047F4
:1095600051F8302C02EE100A086849F200039FED12
:10957000114AC2F3C102C0F2D0336FF35F2023FA65
:1095800002F203EE100A20EE040AB7EE004A01EEE2
:10959000102AB8EE433A30EE040AB8EE411A30EE23
:1095A000030AB8EE422A20EE010A80EE020AC8E75A
:1095B00000000000000000390024744A20BCBE4BAB
:1095C0000024744C40F20442C5F60002136823EAFA
:1095D000000008431060704743F60040C5F60000E5
:1095E000016821F0010101607047000043F600416D
:1095F000C5F600010A6822F00202104308607047B5
:10960000704700007047000070470000704700007E
:1096100090F83C20012A04BF0220704710B5D1E920
:109620000232D1E900CE22F47C5223F470531A4363
:1096300048F2FF73CFF6F07303EA0E0342EA030E1B
:109640000A692CF4772343EA0E0322F476221343AB
:109650004A69D0F800C043EA020E40F200424CF4DE
:109660008063C4F2010293428A6A2EF4742E22F4BB
:1096700070228B6942EA0E0242EA03430FD123F0C3
:109680007C72D1E9073E496A0024CFF6F04404EA2F
:109690000151114323F00072114341EA0E030021EE
:1096A000CCF8443080F83C10002010BD90F83C30DD
:1096B000012B04BF02207047F0B513685D1E072D13
:1096C0002AD827A656F825402DA656F825C034A638
:1096D00056F825703AA656F825E0022924D001292B
:1096E00015D10168082B0D6E566825EA040506FAA7
:1096F00007F604EA060404EB050307D0926823EAA0
:109700000C0302FA0EF202EA0C0213440B6600216B
:1097100080F83C100020F0BD00244FF0000C002722
:109720004FF0000E0229DAD10168082B4D6E566801
:1097300025EA040506FA07F604EA060404EB050325
:1097400007D0926823EA0C0302FA0EF202EA0C0236
:1097500013444B66002180F83C100020F0BD00BF90
:1097600001000000020000000000000004000000F2
:1097700000000000000000000000000000010000E8
:1097800000020000000400000000000000080000CB
:1097900000000000000000000000000000000000C9
:1097A00000000000010000000000000002000000B6
:1097B00000000000000000000000000008000000A1
:1097C000090000000A000000000000000B0000007B
:1097D0000000000000000000000000000000000089
:1097E00070B588B0002869D0044690F83D000D4659
:1097F00070B9002084F83C00204602F09BFAE16F2B
:1098000021B949F6C901C0F61001E1672046884731
:10981000022084F83D002068211D02F08FF92068A5
:109820002968AB68032202F0D3FA20680026816918
:1098300021F00C018161696882691143816141688D
:109840004FF68F7241F0800141608168CFF6CF7290
:109850001140816081684FF6F87241F040018160EB
:109860008168CFF6FE7211408160816841F0040189
:10987000816070210191E968CDE90566CDE90216A4
:1098800001A90796049602F0FFF92068416821F0CB
:1098900070014160416841F050014160012084F84D
:1098A000480084F83E0084F83F0084F8440084F8BF
:1098B000450084F83D00304608B070BD01263046B2
:1098C00008B070BD704700007047000090F83C2061
:1098D000012A4FF0020255D010B580F83D200268F1
:1098E00040F2004E5368D2F808C042F48064C4F2DB
:1098F000010E744503D14C6823F4700323430C68B4
:1099000023F07003234340F6FF34C4F20004A24264
:10991000536013DD4FF6FF73C4F200039A421DDC5F
:1099200040F60043C4F200039A421ED041F6000301
:10993000C4F200039A4218D01CE000BFB2F1804F7D
:1099400013D040F20043C4F200039A420DD040F617
:109950000003C4F200039A4207D00BE0724504D022
:109960000023C4F201039A4204D189682CF08003D9
:10997000194391600121002280F83D1080F83C20BD
:10998000BDE8104010467047002804BF0120704712
:1099900070B5044690F83D00002859D1002084F8A5
:1099A0003C004BF245404BF24941C0F61000C0F676
:1099B00010014BF29D424BF2A1434AF2A91CC0F6A2
:1099C0001002C0F61003C0F6100CC4F88400C4F8EE
:1099D00088104BF271104AF2A5114AF6B9354BF2D4
:1099E0006D16C4F88C20C4F89030C4F894C0C0F64A
:1099F0001000C0F6100149F2096249F20D6304F14A
:109A0000A40CC0F61005C0F61006C0F61002C0F691
:109A100010038CE80F00E16C4AF2AD1EC4E9275632
:109A200049F2056649F20165C0F6100EC0F610064F
:109A3000C0F61005C4F898E0C4F8B460C4F8B85093
:109A400021B949F6BD21C0F61001E16420468847DE
:109A5000022084F83D002068211D02F06FF80120EB
:109A600084F8480084F83E0084F83F0084F8400001
:109A700084F8410084F8420084F8430084F84400EC
:109A800084F8450084F8460084F8470084F83D00D7
:109A9000002070BD016840F20042C4F20102914210
:109AA00018BF08F092BD44F2F041C5F60201086803
:109AB00020F002022C200A60FEF752BA016840F240
:109AC0000042C4F20102914218BF08F0EEBC80B51A
:109AD00082B044F2F040C5F602000168002241F075
:109AE000020101600068002100F00200019001986D
:109AF0002C20FEF75DFA2C2002B0BDE88040FEF776
:109B000045BA000090F83D1001291DD1022180F8CE
:109B10003D10016840F6FF30C4F20000814215DDBF
:109B20004FF6FF70C4F2000081421FDC40F6004097
:109B3000C4F20000814224D041F60000C4F20000CB
:109B400081421ED02AE000BF01207047B1F1804F52
:109B500017D040F20040C4F20000814211D040F61C
:109B60000000C4F2000081420BD017E040F2004038
:109B7000C4F20100814204D00020C4F201008142FD
:109B80000CD188680722C0F201020240062A4FF079
:109B90000000DAD0B2F5803F08BF7047086840F097
:109BA000010008600020704790F83D10012921D184
:109BB000022180F83D10016840F6FF32C868C4F207
:109BC0000002914240F00100C86015DD4FF6FF70C1
:109BD000C4F2000081421FDC40F60040C4F20000E5
:109BE000814224D041F60000C4F2000081421ED020
:109BF0002AE000BF01207047B1F1804F17D040F23A
:109C00000040C4F20000814211D040F60000C4F2CE
:109C1000000081420BD017E040F20040C4F2010086
:109C2000814204D00020C4F2010081420CD1886836
:109C30000722C0F201020240062A4FF00000DAD0EB
:109C4000B2F5803F08BF7047086840F00100086027
:109C5000002070470146006841F21113026A1A425F
:109C600004D00122002081F83D207047026A40F2B2
:109C700044431A42F5D1026822F001020260012237
:109C8000002081F83D2070470146006841F2111321
:109C9000C26822F00102C260026A1A4204D00122A4
:109CA000002081F83D207047026A40F244431A4286
:109CB000F5D1026822F0010202600122002081F841
:109CC0003D20704790F83C20012A4FF0020200F03E
:109CD0009F8080B580F83D20D0F800C08822DCF855
:109CE0000830CFF6CE721A40CCF808200B686F2BE4
:109CF0002ADC2F2B36DD4F2B46DC302B74D0402B4B
:109D000040F07E80D1F804E0C968DCF82030DCF84F
:109D1000202022F00102CCF82020DCF8182022F0CC
:109D2000F00242EA011123F00A0242EA0E02CCF8E4
:109D30001810CCF82020DCF808104FF68872CFF607
:109D4000CF721140473159E0B3F1101F12DB2F21C0
:109D5000C0F210018B423DDCB3F1101F44D0202132
:109D60003EE000BF002B3FD0102B3DD0202B3BD03E
:109D700046E000BF702B6FD0B3F5005F00F080802D
:109D8000B3F5801F30D03BE0502B43D0602B37D150
:109D9000D1F804E0C968DCF8203023F01003CCF8D7
:109DA0002030DCF81830DCF8202023F4704322F057
:109DB000A00243EA013142EA0E12CCF81810CCF8A6
:109DC0002020DCF808104FF68872CFF6CF721140D1
:109DD000673113E03021C0F210018B4204D04021E2
:109DE000C0F210018B420BD1DCF808104FF68872DC
:109DF000CFF6CF721140194341F00701CCF808109B
:109E00000121002280F83D1080F83C20BDE8804010
:109E100010467047D1F804E0C968DCF82030DCF85F
:109E2000202022F00102CCF82020DCF8182022F0BB
:109E3000F00242EA011123F00A0242EA0E02CCF8D3
:109E40001810CCF82020DCF808104FF68872CFF6F6
:109E5000CF7211405731D1E7D1E901E3C968DCF88D
:109E6000082043EA0E0322F47F4243EA0121114312
:109E7000CCF80810DCF8081041F07701BEE700BF0D
:109E8000D1E901E3C968DCF8082043EA0E0322F4B3
:109E90007F4243EA01211143CCF80810DCF8081096
:109EA00041F48041AAE7000010B50446022084F87E
:109EB0003D00206841F21112016A114204D1016A89
:109EC00040F24442114219D0A16F21B94AF25D011A
:109ED000C0F61001A167204688470021002084F8C1
:109EE000481084F83E1084F83F1084F8441084F839
:109EF000451084F83D1084F83C1010BD016821F035
:109F000001010160A16F0029E5D1DFE7002804BF4E
:109F1000012070472DE9F047044690F83D000D46BA
:109F2000002851D1002084F83C004BF245404BF210
:109F30004941C0F61000C0F610014BF29D424BF2B1
:109F4000A1434AF2A91C4AF2AD1E04F18408C0F6EE
:109F50001002C0F61003C0F6100CC0F6100E88E810
:109F60000F504BF271104AF2A5114AF6B9364BF276
:109F70006D17C0F61000C0F6100149F2096249F2EF
:109F80000D6304F1A40CC0F61006C0F61007C0F66D
:109F90001002C0F610038CE80F00616FC4E9276758
:109FA00049F2056749F20166C0F61007C0F61006CF
:109FB000C4F8B470C4F8B86021B94AF26101C0F6BF
:109FC0001001616720468847022084F83D00206820
:109FD0004BF6F8728168CFF6FE7211408160211D48
:109FE00001F0ACFD20684FF6FF7881688269D0F8F7
:109FF00020C0D5E9007ED5E9023A47EA0109AF69F8
:10A0000022EA080243EA07234FF6FC47BB43D5E99F
:10A01000077642EA0A0229691A4342EA072242EA1B
:10A0200001112CF0AA026B6942EA0E0241EA0631E4
:10A0300042EA0312C0F8089081610262012084F8AC
:10A04000480084F83E0084F83F0084F8440084F817
:10A05000450084F83D000020BDE8F087704700000F
:10A060007047000080B590F83E2090F83F3090F89F
:10A0700044E090F845C004290AD0B9B9012A4FF04C
:10A08000010208BFBEF1010F34D0104680BD00BFF1
:10A09000012B4FF0010208BFBCF1010FF5D10221E5
:10A0A00080F83F1080F8451000681EE0012A4FF04C
:10A0B000010208BF012BE8D1BEF1010FE5D1BCF1CF
:10A0C000010FE2D1022280F83E2080F83F2080F884
:10A0D000442080F8452091B10068016A21F0010117
:10A0E0000162016A41F00101016210216FF010026A
:10A0F00009E000BF022180F83E1080F8441000689B
:10A1000001216FF00102036A1A400262026A1143E0
:10A1100001620168002241F001010160104680BD2A
:10A1200002680429136A06D023F0010329B11362DF
:10A13000136A1362136A23F010031362136A136223
:10A14000D2F820C041F211131CEA030F06D1D2F855
:10A1500020C040F244431CEA030F15D0042919D053
:10A1600031B9012180F83E1080F84410002070477A
:10A17000012180F83E1080F83F1080F8441080F8EC
:10A1800045100020704700BF136823F001031360DF
:10A190000429E5D1012180F83F1080F84510002006
:10A1A00070470000704700007047000070470000D3
:10A1B00090F83C30012B04BF02207047F0B50368D3
:10A1C000D1E900C4D1F80CE01D6A082A38D0042A6D
:10A1D0001ED0002A4ED125F001021A621A4641F221
:10A1E000FF7752F8186F1D6AC4F20007BB4261DCAA
:10A1F00040F2FF77C4F20007BB4269DCB3F1804F45
:10A2000000F07E8040F20047C4F2000776E000BF15
:10A2100025F010021A621A4652F8185F24024FF213
:10A22000FF071E6ABC4325F473456EF30F3444EAFE
:10A23000050726F0A0060CF00A0546EA051630E0F0
:10A2400025F480721A621A4652F81C5F1E6A25F0C5
:10A25000F3056EF3071444EA050726F420660CF0B4
:10A260000A0546EA052617601E62136823F00C03F0
:10A27000136055E025F480521A621A4652F81C5FAA
:10A2800024024FF2FF071E6ABC4325F473456EF3A8
:10A290000F3444EA050726F420460CF00A0546EA86
:10A2A000053617601E62136823F4406313608968E3
:10A2B000090236E040F2FF37C4F20107BB4213DC6B
:10A2C00041F60007C4F20007BB4219D0002713E093
:10A2D00040F60007C4F20007BB4211D040F6004729
:10A2E000C4F200070AE000BF44F20007C4F201070D
:10A2F000BB4205D040F20047C4F20107BB4219D16E
:10A3000026F00306344325F00A070CF00A066EF324
:10A31000071437449C611F629F6927F00C079F61F7
:10A320008968136819431160002180F83C100020EF
:10A33000F0BD00BF46F00104E5E7000010B504469B
:10A34000022084F83D00206841F21112016A114296
:10A3500004D1016A40F24442114225D0A16D21B9D5
:10A360004AF2C541C0F61001A16520468847002188
:10A37000002084F8481084F83E1084F83F1084F8D8
:10A38000401084F8411084F8421084F8431084F897
:10A39000441084F8451084F8461084F8471084F877
:10A3A0003D1084F83C1010BD016821F001010160EE
:10A3B000A16D0029D9D1D3E7002804BF012070473F
:10A3C00070B5044690F83D00002859D1002084F86B
:10A3D0003C004BF245404BF24941C0F61000C0F63C
:10A3E00010014BF29D424BF2A1434AF2A91CC0F668
:10A3F0001002C0F61003C0F6100CC4F88400C4F8B4
:10A4000088104BF271104AF2A5114AF6B9354BF299
:10A410006D16C4F88C20C4F89030C4F894C0C0F60F
:10A420001000C0F6100149F2096249F20D6304F10F
:10A43000A40CC0F61005C0F61006C0F61002C0F657
:10A4400010038CE80F00616D4AF2AD1EC4E9275677
:10A4500049F2056649F20165C0F6100EC0F6100615
:10A46000C0F61005C4F898E0C4F8B460C4F8B85059
:10A4700021B94AF20151C0F61001616520468847B2
:10A48000022084F83D002068211D01F057FB0120C7
:10A4900084F8480084F83E0084F83F0084F84000C7
:10A4A00084F8410084F8420084F8430084F84400B2
:10A4B00084F8450084F8460084F8470084F83D009D
:10A4C000002070BD006840F60041C4F200018842DF
:10A4D00018BF704780B544F2E840C5F60200016835
:10A4E00021F00801016041F60040C5F602004FF47A
:10A4F000E051FDF72BFA3220BDE88040FDF730BD7A
:10A5000010B586B0044601A81421F6F7A4FC206813
:10A5100040F60041C4F2000188422ED144F2E040EE
:10A52000C5F60200816841F008018160816801F090
:10A53000080100910099016841F080010160006804
:10A54000002100F08000009000984FF4E05001904E
:10A550000220039103210290CDE9041041F600404E
:10A56000C5F6020001A9FDF793FA32200521002269
:10A57000FDF71EFD3220FDF709FD06B010BD0000FD
:10A5800080B5E9B10A1F4FEAB20E43234FF03F0CEA
:10A59000BEF1040F38BF0CEBB203C25C472308299D
:10A5A00008BF4623042908BF4523012A4FF00102B2
:10A5B00010F803C008BFBCF1010F11D0104680BDD8
:10A5C00090F83E2090F84430012A4FF0010208BF75
:10A5D000012BF3D1022280F83E2080F844202CE0A9
:10A5E000BEF1030F22D8DFE80EF00315090F00BFFC
:10A5F000022280F83F20082911D11CE0022280F8B5
:10A60000412008290BD116E0022280F842200829B7
:10A6100005D110E0022280F8402008290BD004293F
:10A6200014BF80F8472080F8452006E0022280F819
:10A6300043200829F3D180F84620006801F01F016B
:10A640000122036A02FA01F123EA01020262026AAC
:10A65000114340F6FF32C4F200029042016213DD62
:10A660004FF6FF71C4F2000188421DDC40F6004144
:10A67000C4F20001884222D041F60001C4F2000178
:10A6800088421CD029E000BFB0F1804F17D040F2C3
:10A690000041C4F20001884211D040F60001C4F22A
:10A6A000000188420BD018E040F20041C4F20101E1
:10A6B000884204D00021C4F2010188420DD1816892
:10A6C0000722C0F20102114006294FF000023FF4B8
:10A6D00075AFB1F5803F3FF471AF0168002241F0E2
:10A6E00001010160104680BD80B5E9B10A1F4FEA43
:10A6F000B20E43234FF03F0CBEF1040F38BF0CEBFA
:10A70000B203C25C4723082908BF4623042908BFB7
:10A710004523012A4FF0010210F803C008BFBCF125
:10A72000010F17D0104680BD90F83E2090F84430BD
:10A73000012A4FF0010208BF012BF3D1022280F859
:10A740003E2080F844204FEAB1020068032A2BD94A
:10A7500033E000BFBEF1030F00F28480DFE80EF0AB
:10A760000214080E022280F83F20082911D17EE051
:10A77000022280F8412008290BD178E0022280F8DB
:10A780004220082905D172E0022280F840200829E1
:10A790006DD0042914BF80F8472080F845204FEA87
:10A7A000B1020068032A08D841F21013C0F6120360
:10A7B00053F82220C3681A43C26001F01F0101222E
:10A7C000036A02FA01F123EA01020262026A1143FA
:10A7D00040F6FF32C4F200029042016212DD4FF6F1
:10A7E000FF71C4F2000188421CDC40F60041C4F253
:10A7F0000001884221D041F60001C4F200018842E4
:10A800001BD028E0B0F1804F17D040F20041C4F2D5
:10A810000001884211D040F60001C4F200018842D4
:10A820000BD018E040F20041C4F20101884204D08C
:10A830000021C4F2010188420DD181680722C0F2D3
:10A840000102114006294FF000023FF46BAFB1F551
:10A85000803F3FF467AF0168002241F001010160D1
:10A86000104680BD022280F84320082991D180F84B
:10A8700046204FEAB1020068032A95D99DE70000FF
:10A8800010B5026801F01F0E4FF0010C146A0CFAAB
:10A890000EF324EA03031362136A41F211141362E4
:10A8A000136A234204D1136A40F2444423420FD076
:10A8B000A1B10A1F4FEAB202032A33D8DFE802F03F
:10A8C0000222161C012280F83F2008291FD12EE009
:10A8D000136823F0010313600029EAD1012180F8F5
:10A8E0003E1080F84410002010BD00BF012280F807
:10A8F000412008290BD11AE0012280F842200829C2
:10A9000005D114E0012280F8402008290FD0042945
:10A910004FF0010114BF80F8471080F84510002067
:10A9200010BD00BF012280F843200829EFD101218A
:10A9300080F84610002010BD4FEAB10C0268BCF14F
:10A94000030F09D841F22013C0F6120353F82CC0AC
:10A95000D36803EA0C03D36010B501F01F0E4FF06B
:10A96000010C146A0CFA0EF324EA03031362136A4F
:10A9700041F211141362136A234204D1136A40F2A4
:10A980004444234212D0BDE81040B9B10A1F4FEA37
:10A99000B202032A36D8DFE802F00325191F00BFF0
:10A9A000012280F83F20082921D130E0136823F0EC
:10A9B000010313600029BDE81040E7D1012180F8B0
:10A9C0003E1080F844100020704700BF012280F83C
:10A9D000412008290BD11AE0012280F842200829E1
:10A9E00005D114E0012280F8402008290FD0042965
:10A9F0004FF0010114BF80F8471080F84510002087
:10AA0000704700BF012280F843200829EFD10121BF
:10AA100080F846100020704710B5044600680169B0
:10AA2000890744BFC1685FEA817141D40169490760
:10AA300044BFC1685FEA417144D40169090744BF5A
:10AA4000C1685FEA017149D40169C90644BFC168A0
:10AA50005FEAC1614CD40169C9071CBFC1685FEAE4
:10AA6000C17151D10169090644BFC1685FEA016142
:10AA700054D40169C90544BFC1685FEA016157D474
:10AA80000169490644BFC1685FEA41615AD401695E
:10AA9000890646BFC1685FEA816110BD6FF0200181
:10AAA0000161D4F8AC102046BDE81040084700BF53
:10AAB0006FF00201016101212177806980074BD08D
:10AAC00094204EE06FF0040101610221217780693A
:10AAD00010F4407F4CD094204FE000BF6FF008018D
:10AAE000016104212177C06980074DD0942050E096
:10AAF0006FF01001016108212177C06910F4407FD7
:10AB00004ED0942051E000BF6FF001010161D4F8F4
:10AB10008410204688472068A4E700BF6FF08001BA
:10AB20000161D4F8B410204688472068A1E700BF2F
:10AB30006FF480710161D4F8B8102046884720680E
:10AB40009EE700BF6FF040010161D4F88C102046F1
:10AB5000884720689BE700BFD4F89C1020468847B0
:10AB6000A0202158204688472068002121775DE7F2
:10AB7000D4F89C1020468847A020215820468847BA
:10AB800020680021217758E7D4F89C102046884798
:10AB9000A02021582046884720680021217753E7CC
:10ABA000D4F89C1020468847A0202158204688478A
:10ABB0002068002121774EE77047000070470000B1
:10ABC00070470000704700007047000090F83C306C
:10ABD000012B04BF022070474FEAB202052A00F29F
:10ABE00035822DE9F041DFE812F00700BB00570085
:10ABF00095003100FB0000BF036843F6FF761A6A38
:10AC0000C4F2010622F001021A621D6A1A46D3F844
:10AC100004C052F818EF8F68D1F8008025F00205C3
:10AC2000B34245EA070540F3738144F20007C4F2DA
:10AC30000107BB4200F0778144F60007C4F2010728
:10AC4000BB4200F0708144F2004768E1036843F6BC
:10AC5000FF771A6AC4F2010722F480321A621A4698
:10AC6000D3F820C05D6852F8544FD1F800E08E68E8
:10AC7000BB4240F3DB8044F20007C4F20107BB4251
:10AC800000F0DF8044F60007C4F20107BB4200F089
:10AC9000D88044F20047D0E0036840F200481A6AC6
:10ACA00043F4806422F480721A621F6A1A46C4F266
:10ACB00001085D6852F81CCF44458C6827F4007782
:10ACC00047EA042407D1CF6840F2FF463F0224F44C
:10ACD0004064B7433C4343F6FF76D1F800E0C4F24A
:10ACE0000106B34240F3CA8044F20006C4F20106F2
:10ACF000B34200F0CA8044F60006C4F20106B34233
:10AD000000F0C38044F20046C4F20106B34200F0F2
:10AD1000BC80C1E0036843F6FF771A6AC4F20107FA
:10AD200022F480521A621A46D3F820C05D6852F8A5
:10AD30001C4FD1F800E08E68BB4240F3C18044F262
:10AD40000007C4F20107BB4200F0C58044F60007CB
:10AD5000C4F20107BB4200F0BE8044F20047B6E0F7
:10AD6000036840F200481A6A43F4806422F010023B
:10AD70001A621F6A1A46C4F201085D6852F818CFB9
:10AD800044458C6827F0200747EA041408D124F0D2
:10AD9000C007CC686FF0400606EA041646EA0704CE
:10ADA00043F6FF76D1F800E0C4F20106B34240F367
:10ADB000D18044F20006C4F20106B34200F0D18013
:10ADC00044F60006C4F20106B34200F0CA8044F221
:10ADD0000046C4F20106B34200F0C380C8E000BFE1
:10ADE000036843F6FF771A6AC4F2010722F480125F
:10ADF0001A621A46D3F820C05D6852F8544FD1F851
:10AE000000E08E68BB4240F3F58044F20007C4F2D4
:10AE10000107BB4200F0F98044F60007C4F20107C5
:10AE2000BB4200F0F28044F20047EAE00027C4F29F
:10AE30000107BB4205D040F20047C4F20107BB4204
:10AE400004D14F6925F4803545EA07252CF40037F5
:10AE500047EA064724F0700646EA0E065D605E6526
:10AE60004E6809699E651F625F6D47F008075F6560
:10AE70005F6D27F004075F65E3E000BF0026C4F2C2
:10AE80000106B34201D0434506D1D1E9056725F457
:10AE900040553E4345EA06152CF0730747EA0E0776
:10AEA0005D60DF614F680969DF631C62DF6947F03D
:10AEB0000807DF61DF6927F00407DF61C1E000BF39
:10AEC0000027C4F20107BB4205D040F20047C4F29C
:10AED0000107BB4204D14F6925F4804545EA871537
:10AEE0002CF4005747EA063724F4E64646EA0E26D5
:10AEF0005D60DE614E6809691E641F62DF6947F4A8
:10AF00000067DF61DF6927F48067DF6198E000BFD9
:10AF10000027C4F20107BB4205D040F20047C4F24B
:10AF20000107BB4205D1CF6825F00C0527F00407C7
:10AF30003D43B34234DD44F20006C4F20106B3429D
:10AF400039D044F60006C4F20106B34233D044F2CD
:10AF500000462CE00026C4F20106B34201D043456E
:10AF600006D1D1E9056725F440653E4345EA8605EB
:10AF700048F6FF46CFF6FF660CEA060747EA0E27BB
:10AF80005D609F614F6809699F631C629F6947F418
:10AF900000679F619F6927F480679F6150E000BF51
:10AFA0000026C4F20106B34205D040F20046C4F2C6
:10AFB0000106B34206D1D1E905672CF4407426435B
:10AFC00046EA070C4FF68C74CFF6FE740EEA0407BF
:10AFD00047EA0807C3F804C09F614F6809695F63C7
:10AFE0001D629F6947F008079F619F6927F004076A
:10AFF0009F6126E00027C4F20107BB4205D040F262
:10B000000047C4F20107BB4204D14F6925F4003563
:10B0100045EA87252CF4001747EA065724F4E04652
:10B0200046EA0E265D605E654E680969DE651F6250
:10B030005F6D47F400675F655F6D27F480675F654C
:10B040000902136819431160BDE8F041002180F83E
:10B050003C10002070470000002804BF012070470A
:10B0600070B5044690F83D00002859D1002084F8BE
:10B070003C004BF245404BF24941C0F61000C0F68F
:10B0800010014BF29D424BF2A1434AF2A91CC0F6BB
:10B090001002C0F61003C0F6100CC4F88400C4F807
:10B0A00088104BF271104AF2A5114AF6B9354BF2ED
:10B0B0006D16C4F88C20C4F89030C4F894C0C0F663
:10B0C0001000C0F6100149F2096249F20D6304F163
:10B0D000A40CC0F61005C0F61006C0F61002C0F6AB
:10B0E00010038CE80F00616E4AF2AD1EC4E92756CA
:10B0F00049F2056649F20165C0F6100EC0F6100669
:10B10000C0F61005C4F898E0C4F8B460C4F8B850AC
:10B1100021B94BF26911C0F61001616620468847DB
:10B12000022084F83D002068211D00F007FD012069
:10B1300084F8480084F83E0084F83F0084F840001A
:10B1400084F8410084F8420084F8430084F8440005
:10B1500084F8450084F8460084F8470084F83D00F0
:10B16000002070BD7047000070470000704700006D
:10B170007047000080B509B30B1F4FEAB30E43229E
:10B180004FF03F0CBEF1040F38BF0CEBB302825CF2
:10B19000012A1CBF012080BDBEF1030F00F2B88060
:10B1A000DFE80EF002301C26022280F83F204FEA32
:10B1B000B1030268032B2DD935E000BF90F83E2083
:10B1C000012A1CBF012080BD022280F83E204FEAE8
:10B1D000B1030268032B1DD925E000BF022280F8CD
:10B1E00041204FEAB1030268032B13D91BE000BFD3
:10B1F000022280F842204FEAB1030268032B09D9EA
:10B2000011E000BF022280F840204FEAB10302683B
:10B21000032B08D841F21010C0F6120050F823009A
:10B22000D3681843D06001F01F000121136A01FAAE
:10B2300000F023EA00011162116A08434FF6FF7122
:10B24000C4F200018A42106218DC40F2FF70C4F2BE
:10B250000000824230DD40F60000C4F2000082426D
:10B2600043D040F60040C4F2000082423DD041F697
:10B270000000C4F20000824237D043E043F6FF7082
:10B28000C4F20100824240F20040C4F201001DDD20
:10B2900044F20001C4F201018A421ED044F60001CA
:10B2A000C4F201018A4218D044F20041C4F2010103
:10B2B0008A4212D026E000BFB2F1804F15D040F292
:10B2C0000040C4F2000082420FD01BE00021C4F213
:10B2D00001018A4201D0824214D1516C42F4806350
:10B2E00041F40041834251640CD190680721C0F2BF
:10B2F0000101014006294FF0000008D0B1F5803F60
:10B3000008BF80BD106840F001001060002080BDC3
:10B31000022280F843204FEAB1030268032B7FF634
:10B3200079AF80E780B54FEAB10C0368BCF1030F39
:10B3300009D841F22012C0F6120252F82CE0DA6865
:10B3400002EA0E02DA6001F01F014FF0010E1A6AE4
:10B350000EFA01F122EA0101196243F6FF72196A3D
:10B36000C4F201029342196212DD44F20001C4F2F8
:10B3700001018B4217D044F60001C4F201018B4257
:10B3800011D044F20041C4F201018B420BD014E011
:10B390000021C4F201018B4205D040F20041C4F209
:10B3A00001018B4209D1196A41F21112114204D1F3
:10B3B000196A40F2444211420ED0196A41F2111248
:10B3C000114212D1196A40F2444211420DD119685A
:10B3D00021F00101196008E0596C21F40041596421
:10B3E000196A41F211121142ECD0BCF1040F23D8BA
:10B3F000DFE80CF0041C10160A0000BF012180F8E1
:10B400003E10002080BD00BF012180F842100020C6
:10B4100080BD00BF012180F84010002080BD00BF2A
:10B42000012180F84110002080BD00BF012180F87B
:10B430003F10002080BD00BF012180F84310002094
:10B4400080BD00007047000070470000002A04BF64
:10B450000120704790F83C30012B04BF0220704758
:10B4600090F83D30012B07D11C290DD30123002179
:10B4700080F83C101846704790F83D30002B4FF094
:10B480000103F4D10D29F2D800EB81010023CA6435
:10B49000002180F83C1018467047000070470000FB
:10B4A0007047000090F83C20012A04BF022070473A
:10B4B00090F83D20012A07D11C291DD240F6E40254
:10B4C000C0F6120209E000BF90F83D20002A4FF0BC
:10B4D00001020BD10E2909D20AA202EB810201F06E
:10B4E0003F01126800EB8101CA640022002180F84C
:10B4F0003C101046704700BF0122002180F83C102C
:10B5000010467047BD9A1008959A100801A51008BA
:10B51000C5A41008C1AB1008BDAB100869B1100874
:10B5200065B11008C9AB1008C5AB100861A01008C0
:10B530005DA01008C9981008C5981008FCF774BCE5
:10B54000FCF772BC10B542F64C14C1F20004204660
:10B55000FEF780FB20460021FFF792F920461221DA
:10B56000BDE81040FFF79EBF10B54FF6180041F23E
:10B570000004CFF6FF70C5F602044FF0E0712150D1
:10B5800020464FF480710022FCF772FB2046802198
:10B590000022FCF76DFB42F69004C1F20004204645
:10B5A000FEF758FB20460021FFF7BCFE2046042191
:10B5B000FFF7B8FE20460821FFF7B4FE204614210D
:10B5C000FFF7B0FE20460E21BDE81040FFF76ABF2E
:10B5D000B0B542F69004C1F20004204600210025D7
:10B5E000FFF7A0FE20460421FFF79CFE204608211D
:10B5F000FFF798FE2046FEF747FB2068416C21F4D8
:10B6000080514164016E21F00101016642F28431F2
:10B61000C1F200010D800988416342F28631C1F216
:10B6200000010D800988816342F28831C1F2000176
:10B630000D800988C16320460021FFF79BFDF8B902
:10B6400042F69000C1F200000421FFF793FDB8B963
:10B6500042F69000C1F200000821FFF78BFD78B997
:10B6600042F69000C1F200001421FFF783FD38B9C3
:10B6700042F69004C1F200042046FEF795FA18B194
:10B68000FFF772FF0120B0BD41F20005C5F60205CB
:10B6900028464FF480710122FCF7EAFA28468021FF
:10B6A0000122FCF7E5FA2068C16841F08001C16021
:10B6B0000020B0BD40F2C01140EA0040C0F2C0110D
:10B6C000084040F6180180F0E070C5F602010860FD
:10B6D000704742F28433C1F20003188042F2863090
:10B6E000C1F20000018042F28831C1F200010A80FB
:10B6F0001A8842F69003C1F200031B685A6300885F
:10B7000098630888D8637047F0B581B044F22C473D
:10B71000C5F6020757F8042C0C4602F00301032972
:10B7200002D1012001B0F0BD054657F82C0C20F0E5
:10B73000806047F82C0CFCF7A9FA064657F82C0C49
:10B74000000105D5FCF7A2FA801B0228F6D95EE0BD
:10B7500057F8040C95E84E0020F47C3040EA0130A4
:10B760004FF47E4147F8040C501E01EB43216FF368
:10B770005F2089B208444FF4FE0101EB064101F459
:10B78000FE01084429694FF0FE4202EB016101F01D
:10B79000FE410844F8603868696920F0C000084339
:10B7A00038603868A96920F020000843386038689C
:10B7B0004FF6F87120F0100038603869EA69884364
:10B7C00040EAC200386138684FF4001140F01000C0
:10B7D00038603868012C08BF4FF48011002C08BF76
:10B7E0004FF400210843386057F82C0C40F080607B
:10B7F00047F82C0CFCF74AFA044600BF57F82C0C0B
:10B80000000107D4FCF742FA001B0328F6D30320FB
:10B8100001B0F0BD002001B0F0BD0000F0B581B076
:10B8200044F22C47C5F6020757F8042C0C4602F0E8
:10B830000301032902D1012001B0F0BD054657F8EC
:10B840002C0C20F0805047F82C0CFCF71FFA064611
:10B8500057F82C0C800005D5FCF718FA801B02283D
:10B86000F6D95EE057F8040C95E84E0020F07C70A5
:10B8700040EA01504FF47E4147F8040C501E01EBA2
:10B8800043216FF35F2089B208444FF4FE0101EBBE
:10B89000064101F4FE01084429694FF0FE4202EB23
:10B8A000016101F0FE41084478613868696920F45B
:10B8B0004060084338603868A96920F40070084384
:10B8C000386038684FF6F87120F480703860B869D5
:10B8D000EA69884340EAC200B86138684FF0807175
:10B8E00040F4807038603868012C08BF4FF40001C4
:10B8F000002C08BF4FF480010843386057F82C0C27
:10B9000040F0805047F82C0CFCF7C0F9044600BF0B
:10B9100057F82C0C800007D4FCF7B8F9001B03285B
:10B92000F6D3032001B0F0BD002001B0F0BD00004F
:10B9300044F23040C5F6020050F8201CC1F3C202A8
:10B94000032A07D840F60011C0F23D01DFE802F0FB
:10B95000028F0E1450F8301C49F20002C1F3C101ED
:10B96000C0F2D03222FA01F181E000BF47F6400177
:10B97000C0F27D117BE000BF50F808CC50F8081CE5
:10B9800050F8043C4268C1F30511C2F3CC0200EE4A
:10B99000102AB8EE401A9FED430ADA0718BFB0EE3E
:10B9A000410A69B30CF00302DFE802F0022C3A020C
:10B9B00050F8302C02EE101A016849F200039FED96
:10B9C0003A4AC2F3C102C0F2D0336FF35F2123FAC7
:10B9D00002F203EE101A20EE040AB7EE004A01EE5E
:10B9E000102AB8EE433A30EE040AB8EE411A30EEAF
:10B9F000030AB8EE422A20EE010A80EE020A28E08D
:10BA0000002134E001EE101A01689FED273A6FF330
:10BA10005F2102EE101A20EE030A9FED253A0CE09A
:10BA200001EE101A01689FED203A6FF35F2102EEDC
:10BA3000101A20EE030A9FED1D3AB8EE411AB8EE37
:10BA4000422A30EE020A20EE030A30EE030A80EEAC
:10BA5000010A0168C1F34621013101EE101AB8EE66
:10BA6000411A80EE010ABCEEC00A10EE101A50F81E
:10BA7000182C40F66C13C2F30322C0F612039A5C32
:10BA800050F8180CD14000F00F00185C00F01F00B7
:10BA900021FA00F040F27411C1F20001C1E9000086
:10BAA000704700BF000000000000003920BCBE4B02
:10BAB0000024744A4EF61050CEF20000816F41F41B
:10BAC00070018167016841F0100101604FF0016170
:10BAD00040F8081C70470000FEE742F69000C1F2F3
:10BAE0000000FEF799BF42F69000C1F20000FEF799
:10BAF00093BF42F69000C1F20000FEF78DBF42F600
:10BB00004C10C1F20000FEF787BF42F60820C1F2D8
:10BB10000000FEF781BF42F6EC40C1F20000016870
:10BB20000869C0071ABFC8685FEAC07070476FF045
:10BB3000010200200A6107F0D2B9000040F6FF338D
:10BB40000268C4F20003984210DCB0F1804F1ED0AE
:10BB500040F20043C4F20003984218D040F60003BC
:10BB6000C4F20003984212D015E000BF40F6004333
:10BB7000C4F2000398420AD040F20043C4F2010329
:10BB8000984204D00023C4F20103984203D14B68C9
:10BB900022F070021A434FF6FF73C4F2000343F61B
:10BBA000FF7C9842C4F2010C10DD604528DD44F2B0
:10BBB0000003C4F2010398422DD044F60003C4F2FE
:10BBC0000103984227D044F2004320E040F2FF7383
:10BBD000C4F20003984207DCB0F1804F1BD040F262
:10BBE0000043C4F2000314E040F60003C4F2000373
:10BBF000984210D040F60043C4F2000309E000BFB1
:10BC00000023C4F20103984205D040F20043C4F27D
:10BC10000103984203D1CB6822F440721A4310B555
:10BC20004B6922F08002D1F800E08C681A43026070
:10BC3000C4626045C0F828E0BDE8104014DD44F25D
:10BC40000002C4F20102904219D044F60002C4F28C
:10BC50000102904213D044F20042C4F20102904229
:10BC60000DD00121416170470022C4F201029042CF
:10BC700005D040F20042C4F201029042F1D10969BC
:10BC8000016301214161704770B5026A40F20046CC
:10BC900022F010020262036A40F48064C4F20106DA
:10BCA0004268D0F818C0B4428C6823F0200343EAFD
:10BCB000041307D1CC686FF0400523F0C00305EAF8
:10BCC00004152B4343F6FF74D1F800E0C4F20104DD
:10BCD000A04213DD44F20004C4F20104A04214D0D7
:10BCE00044F60004C4F20104A0420ED044F2004421
:10BCF000C4F20104A04208D00EE000BF0024C4F248
:10BD00000104A04201D0B04206D1D1E9054522F498
:10BD100040622C4342EA840248F6FF44CFF6FF64B7
:10BD20000CEA040646EA0E26426086614968816391
:10BD3000036270BD70B54BF24541C0F610014AF286
:10BD4000AD144AF6B9354BF249424BF29D434BF2E2
:10BD5000A14CC0F61004C0F610054BF26D16C0F8E9
:10BD6000841000F19801C0F61002C0F61003C0F66E
:10BD7000100C4AF2A91EC0F6100670C14BF27111E8
:10BD800049F2056549F20164C0F6100EC0F888203A
:10BD9000C0F88C30C0F890C0C0F610014AF2A5126D
:10BDA00049F2096349F20D66C0F61005C0F61004A9
:10BDB00000F1A40CC0F894E0C0F61002C0F6100325
:10BDC000C0F610068CE84E00C0E92D5470BD00008E
:10BDD00010B5D0F820C041F2FF742CF0010CC0F86F
:10BDE00020C0D0F818E0D0F820C0C4F20004A0426F
:10BDF0000EDC40F2FF74C4F20004A04216DCB0F185
:10BE0000804F2BD040F20044C4F2000424E000BF75
:10BE100040F2FF34C4F20104A04213DC41F60004F6
:10BE2000C4F20004A04219D0002413E040F600043C
:10BE3000C4F20004A04211D040F60044C4F2000451
:10BE40000AE000BF44F20004C4F20104A04205D09D
:10BE500040F20044C4F20104A0420DD12EF00304CC
:10BE6000224363F307122CF00A0301F00A0119447C
:10BE70008261016210BD00BF4EF00102F1E70000D7
:10BE800042F680400021C1F2000000228318815256
:10BE90000A32282A997059601972F7D100210022BC
:10BEA00083181032402A19635963F9D1704780B55D
:10BEB00043F2F411C1F2000100200A4642F8040FD7
:10BEC00088600A6049F6AF2040F20002C0F6110017
:10BED000C0F61002F4F786FA4FF64970C0F610006B
:10BEE000BDE8804011F07EBA2DE9F04F89B0CDE970
:10BEF00006230891DDE9171A0546DAF8882005912E
:10BF0000DDE91576DDE9131BDDF84890013238BF15
:10BF1000CAF88820544614F88E3F4FF0FF3044F89A
:10BF20000A0C14F8010C227C94F815E095F800C076
:10BF300084F814E084F815C0E2732074D3B19AF841
:10BF40008F00002800F043819AF89000002800F04C
:10BF50001F819AF89110032900F00581022900F051
:10BF6000EA80012940F014819AF89F00002840F0EF
:10BF700006810DE13846CC22F4F7DCFE28784FF03C
:10BF800001088AF8A2008AF8A3004FF0013020606F
:10BF900002208AF89300002540F2015084F80480C2
:10BFA000CAE90855AAF89400B57135700EF0AEFADA
:10BFB0008AF897800AF1100809EB050041780139E9
:10BFC000052900F28C80DFE801F0034C1D32136775
:10BFD000443090EC030ACDE9007605985B46029068
:10BFE0000898DDE90612CDF80CA002F0A1FF76E07A
:10BFF000083090EC040A0120F0705846514602F0D7
:10C00000C3FF6CE000F154030ECBDAF884408AE8F9
:10C010000E00B0F86000AAF80C0019F805008AF8C4
:10C020008D009AF89B00002840F2637046E0017E84
:10C0300090ED092A90ED0A1A90ED0B0A90F83C0059
:10C0400002295BD0052950D0042948D187F83C004B
:10C05000042087ED092A87ED0A1A87ED0B0A387646
:10C060003DE090F84000DAF884408AF88C009AF8B5
:10C070009400002840F28A30CAF884002DD0CDE91F
:10C08000007605985B4602900898DDE90612CDF827
:10C090000CA003F0CDF820E0D0E91912C06EC8E979
:10C0A0000012C8F8080019F80500DAF884408AF888
:10C0B0008D009AF89B00002840F26470CAF8840052
:10C0C0000BD0CDE9007605985B4602900898DDE933
:10C0D0000612CDF80CA003F0E3FCCAF884407035DA
:10C0E000B5F5E07F7FF468AF14E087ED132A87EDA4
:10C0F000141A87ED150A87F86400F0E787F88C00BA
:10C10000022087ED1D2A87ED1E1A87ED1F0A87F88A
:10C110006800E4E740F2011458461421AAF8984058
:10C12000F4F799FE01208AF89C000020AAF89A40B2
:10C13000AAF8A00032E1089897ED031A90ED010AE1
:10C14000B0EEC00AB4EE410AF1EE10FA20DB032093
:10C150008AF89100012030710020C3F6F0700021B0
:10C16000CAE90A1014E0089897ED031A90ED010A45
:10C17000B0EEC00AB4EE410AF1EE10FA08DA02207D
:10C180008AF891000020CAF82800CAF82C00307103
:10C190009AF89200D8B19AF8931002290BD001298D
:10C1A00015D1BEF1000F12D0BCF1000F0FD19FEDE1
:10C1B000800B022007E0E64518BFBCF1000F06D057
:10C1C0009FED790B01208AF893008AED080B9AF80D
:10C1D000940058B1CDE9007605985B460290089826
:10C1E000DDE90612CDF80CA003F022F89AF89700CA
:10C1F000002800F0BA809AF89800012840F0B58035
:10C2000000250AF11008F57009EB050041780139A5
:10C21000052900F28C80DFE801F0034C1D32136722
:10C22000443090EC030ACDE9007605985B46029015
:10C230000898DDE90612CDF80CA002F079FE76E050
:10C24000083090EC040A0120F0705846514602F084
:10C250009BFE6CE000F154030ECBDAF884408AE8D0
:10C260000E00B0F86000AAF80C0019F805008AF872
:10C270008D009AF89B00002840F2637046E0017E32
:10C2800090ED092A90ED0A1A90ED0B0A90F83C0007
:10C2900002295BD0052950D0042948D187F83C00F9
:10C2A000042087ED092A87ED0A1A87ED0B0A3876F4
:10C2B0003DE090F84000DAF884408AF88C009AF863
:10C2C0009400002840F28A30CAF884002DD0CDE9CD
:10C2D000007605985B4602900898DDE90612CDF8D5
:10C2E0000CA002F0A5FF20E0D0E91912C06EC8E949
:10C2F0000012C8F8080019F80500DAF884408AF836
:10C300008D009AF89B00002840F26470CAF88400FF
:10C310000BD0CDE9007605985B4602900898DDE9E0
:10C320000612CDF80CA003F0BBFBCAF884407035B0
:10C33000B5F5E07F7FF468AF14E087ED132A87ED51
:10C34000141A87ED150A87F86400F0E787F88C0067
:10C35000022087ED1D2A87ED1E1A87ED1F0A87F838
:10C360006800E4E701208AF898009AF8990018B16B
:10C370005846514602F0BEFE9AF89B0070B1CDF8C7
:10C3800054A005985B46CDE913600898DDE90612D4
:10C39000129709B0BDE8F04F03F082BB09B0BDE8C9
:10C3A000F08F00BF00BF00BF000000000000F03FA2
:10C3B00000000000000000002DE9F04F81B02DEDDD
:10C3C000028B84B090468146D41D061DB2EE048ACD
:10C3D0004FF0000A039302910AEB4A0009EB800236
:10C3E00019F820005388CAEB4A1108EB810B08F8B2
:10C3F0002100C3F30221CD1E18BF0D46594601F896
:10C40000015FDDB22D098BF80250557803F00F0360
:10C410008BF80330082D28BF08258BF804501279BB
:10C42000D30902F07F028BF8062000228BF805303A
:10C43000B35CA3540132082AFAD140F25022C1F26F
:10C440000002039B12780BF1100503EB0A1705237A
:10C45000B0EE480ACDE9005701F07AFFCAEBCA00F6
:10C46000029A0101002353549BF8781002EB00104C
:10C4700041700BF13807AECF00F1040C8CE8AE0030
:10C48000DBE904C2DBE90637DBE90815C0E9083758
:10C49000C0E90A15C0E906C2DBF834300BF1280701
:10C4A00086CFC36300F1300386C39BF879100BF18C
:10C4B0004C0780F84010DBF8583086CF036500F158
:10C4C000440386C3DBF86420DBE91713C265C0E9C7
:10C4D0001513BBF868100BF16C03A0F860100ECBBD
:10C4E0000AF1010A64307C34BAF1040F06F10C063B
:10C4F0000EC07FF471AF04B0BDEC028B01B0BDE89B
:10C50000F08F00002DE9F04F84B090ED040AB2EEF8
:10C51000041A20EE011A9FED6D0A037BB4EE401A57
:10C52000F1EE10FA03930ADA9FED692AB4EE421A8B
:10C53000F1EE10FA07DA0023029380230AE0FF23CA
:10C5400002937F2306E0BDEEC11A11EE103A02936A
:10C550009BB21B0A90ED001A9FED5E2A90F81FA077
:10C5600021EE021A047FB4EE401AF1EE10FA0193A4
:10C570000ADA9FED573AB4EE431AF1EE10FA07DAF1
:10C580004FF0000B80230AE04FF0FF0B7F2306E003
:10C59000BDEEC11A11EE10BA1FFA8BF31B0A0093FD
:10C5A00040F24823C1F2000393ED001A90ED023AE5
:10C5B00081EE022A22EE032AB4EE402AF1EE10FAAE
:10C5C0000BDA9FED430AB4EE402AF1EE10FA09DAD5
:10C5D0004FF000084FF0800E0CE04FF0FF084FF0D6
:10C5E0007F0E07E0BDEEC20A10EE108A1FFA88F730
:10C5F0004FEA172E90ED010A9FED372A21EE000A2F
:10C60000B4EE420AF1EE10FA0DDA9FED341AB4EEF0
:10C61000410AF1EE10FA0DDA4FF0800900270025EB
:10C620004FF0000C0FE04FF07F09FF27FF254FF080
:10C63000FF0C08E0BDEEC00A10EE107A3D0A4FEA8A
:10C64000174C4FEA176940F25026C1F200063678BF
:10C6500040F2031343EA06134FF4807040EA0610D9
:10C660004E7809785380039B16701371029B019ECC
:10C67000DBB25B0143EA46369371330ABAF1000F2D
:10C68000D37118BF44F00804D081009811730821B9
:10C690005074002014725170517382F810B082F8F7
:10C6A000128082F813E01775557582F816C082F86B
:10C6B00017905071A2F80900D07290611062D06199
:10C6C0005062D062906204B0BDE8F08F0000004775
:10C6D000000000C700007A440000004F000000CFB7
:10C6E0002DE9F04F93B09278DDE91CE9002A08BFEC
:10C6F000184600F1100B9BE8600C90E89C00CDE917
:10C700000A5600F120050692079308943CCD006B71
:10C710000EAEDDF87880DDF87CC03CC601F1100477
:10C720000997129001F1DC0201F1EC0301F5807729
:10C7300006A82146CDE90CABCDE9007ECDE90298F3
:10C74000CDF810C000F0F8F838464946424601F0EE
:10C75000FDF813B0BDE8F08F2DE9F0418AB0159EC9
:10C760000DF1480806F17807089741F25417C0F612
:10C770001207DDE910CE98E83001CDE9007340F2F0
:10C780007C13C1F20003CDE902CECDE90445079642
:10C79000CDF8188000F003F80AB0BDE8F0812DE96B
:10C7A000F04F91B0219CDDF87CA000274BF652069B
:10C7B000CDE909230122A4464023A046C4F2C817AC
:10C7C000C3F67E760CF8742F48F8683FCAE9007605
:10C7D0008AF80820CAF80C300B91D0E9036190E880
:10C7E0008C004569C4E9036121466561C4E9002301
:10C7F00041F8087FD0E906E2D0E90837D0E90A56C7
:10C80000C4E90837C4E90A56C4E906E2006BDDF85A
:10C8100088B01B9F206304F16C0360464246089178
:10C82000CDF800B001F0B8F87D6997E84F0004F149
:10C83000380CA146A5648CE84E0049F8340FD7E9BE
:10C8400006101C9DC4E91310291D0BF5EE72484615
:10C8500000F0CCFA41F250101A9904F170030BF574
:10C860006B77C0F612004246009701F095F8D4E9C4
:10C870001B012A4628600020C2E9020109990BF534
:10C88000B16000910A9904F154071E9DDDF874808F
:10C8900006900B98209ECDE9011711464A46234683
:10C8A0000395CDF810800596FFF71EFB0BF5C660CB
:10C8B0000BF5D0610DF130090BF5D766CDE900011C
:10C8C0004046394622464B46029600F0B1FD089E8E
:10C8D00008F1050008F106010AF58072CDE9006053
:10C8E00002A81C9E0BF5D8630BF2C4678EC01A9A7F
:10C8F0000BF5E06C304649462B46CDF818C002F0E7
:10C9000027F80AF110002946CC22F4F713FAF2684E
:10C9100096E80B00CAF8E8200AF1DC020BC2636E4D
:10C9200004F1540787CFCAF8FC300AF1EC0387C33F
:10C9300011B0BDE8F08F00002DE9F04F81B02DED72
:10C94000108B82B090ED00AA91ED2C0A0193B4EE09
:10C9500040AAF1EE10FAB8BFB0EE4A0AB6EE00BA3D
:10C960000D4620EE0BDA41F2D8119FED800ADDE989
:10C970001F7BDDE91D8ADDF87090C0F612011646B6
:10C98000043100F114020023B0EE40CAD41894ED33
:10C99000001A11ED012A91ED003A22EE012A23EE50
:10C9A000011A043332EE0CCA31EE000A0C2B01F1ED
:10C9B0000801EBD13CEE001A90ED082A9FED6CFACD
:10C9C00030EE010A9FED6B1A22EE0F9A20EE01EA7B
:10C9D000B0EE490A0EF0B0FCB0EE408AB0EE490A63
:10C9E0000EF024FB95ED0C7A9FED635AB7EE001A1A
:10C9F00027EE052A32EE013AC1EE030A2CEE081AA0
:10CA00002EEE003A99ED014A99F8030033EE411AEF
:10CA1000D5ED094A95ED0A6AD5ED0B3A34EE414A57
:10CA2000CAED020A28B19BF8001001291CBF0121A0
:10CA3000B977B97F24EE243A64EE061A24EE234A2D
:10CA40008BF8000029B1DFEDE02A00213960B977C9
:10CA500001E0D7ED002AFFEE005A32EE252A62EE01
:10CA6000205A25EEA22A34EE422A87ED052A32EE1C
:10CA7000622A20EE822A27EE024A97ED022AD7ED9B
:10CA8000012A73EE026A76EE846AF97F72EEE62A74
:10CA900071EEA21ACAED001A19B1B0EE412A87ED63
:10CAA000021ADFEDCA2A38B197F91C10002903DCFD
:10CAB000B0EE412A87ED021A61EE851A71EE826AA4
:10CAC00096ED002AD5ED281A99F8011022EE0F2ACA
:10CAD0006DEE222A22EE212A6AEE0B1ACAED016AB5
:10CAE00031B133EE263A34EE033A73EE027A0CE0BB
:10CAF00001999FEDB74A91ED043A23EE043A99ED7E
:10CB0000024A23EE213A73EE047AF4EE627A2EEEB4
:10CB1000084A6CEE006AF1EE10FAB0EE623A0ADCF6
:10CB2000B1EE629AF4EE497AB0EE673AF1EE10FA9D
:10CB3000B8BFB0EE493A36EE844A30B19BF80110E6
:10CB400001291CBF012187F8201097F82010F1EE71
:10CB5000446A64EE644A8BF8010079B1DFED9A7A99
:10CB60000021F96087F820100AE000BF00000000F3
:10CB700035FA8E3C3ACD133F62BEBC37D7ED037A0F
:10CB800065EEA75A66EEA33A73EEE53AC7ED063AAC
:10CB900073EEE73A60EEA30AD7ED043A67EE200A97
:10CBA00034EEA37A77EE203AB1EE627AF4EE473AA9
:10CBB000F0EE475AF1EE10FAC8BFF0EE635AF4EE09
:10CBC000623AF0EE627AF1EE10FAB8BFF0EE657AF2
:10CBD00073EEE75A66EE263AF5EE405A0021F1EE82
:10CBE00010FA4FF00002F5EE403AD8BF0122F1EE04
:10CBF00010FAC8BF01215140C907F0EE636AF5EE93
:10CC0000405A9FED716A18BFF0EE466AF1EE10FAD5
:10CC100018BFF0EE663ACAED023A97F8211009B152
:10CC200087ED044A28B197F91D00002801DC87ED43
:10CC3000044AD7ED045A23EE855A75EE253A34EEB0
:10CC4000A35A30EE855AB4EE625AF1EE10FACAEDEC
:10CC5000033A08DCB4EE475AF0EE452AF1EE10FA3A
:10CC6000B8BFF0EE472A99F80200002800F08D8046
:10CC7000B1EE485A23EE055A22EE807A37EE055A75
:10CC800028EE227A23EE000ADFED520A30EE070A80
:10CC900020EE207A65EE0B0A30EE870A77EE602AE6
:10CCA000B1EE400AC3EE210AB4EE625AB0EE627AE7
:10CCB000F1EE10FAB8BFB0EE457AB4EE407AF1EE7C
:10CCC00010FAC8BFB0EE407A35EE475AC5EE0A1AE0
:10CCD0009FED415ADFED413A60EE850AF4EE630ABA
:10CCE000F1EE10FAB8BFF0EE630AF4EE450AF0EE8A
:10CCF000453AF1EE10FAB8BFF0EE603AC8ED003AEE
:10CD000061EE850AF1EE041A70EEA13AF4EE453AAE
:10CD1000F1EE10FAF0EE450A08DCF5EE403AF0EEDE
:10CD2000630AF1EE10FAB8BFF0EE460A32EEC76AB7
:10CD300086EE0A6A26EE056A76EE212AF4EE452A88
:10CD4000F1EE10FAB0EE456A08DCF5EE402AB0EEDE
:10CD5000626AF1EE10FAB8BF9FED1B6A30EE470A27
:10CD600080EE0A0A20EE050A30EE210AB4EE450AEA
:10CD7000F1EE10FA10DCB5EE400AF1EE10FAB4BF95
:10CD80009FED115AB0EE405A06E00020B0EE465A30
:10CD9000F0EE460AC8F80000002033EE420AC8ED63
:10CDA000010A88ED026A88ED035A88ED041A88EDBD
:10CDB000054AC8E9060087ED010A02B0BDEC108BF8
:10CDC00001B0BDE8F08F00BF000000009A99793FE4
:10CDD0000AD7233CD7B35D3F0000C8420000C8C259
:10CDE000034602F178000B6001F096BF2DE9F04F89
:10CDF00081B02DED0A8B9146934659F8302F884625
:10CE0000012A82465BD001260BF5A2708021CBF867
:10CE100030608BF834600BF13C04F4F71CF82046CA
:10CE20004FF480710BF1BC07F4F715F800214FF0B7
:10CE30008440C4F288119FEDDCAACBF83800CBE91E
:10CE40004F100020C4F270104FF083410BF5E074D6
:10CE50000025B0EE008ABFEE00BAB0EE4ACACBE9B8
:10CE6000710100BF00EE105AB8EE400A3AEE409A47
:10CE7000B0EE490AF0EE480A0EF0B8F9B5EE400AF5
:10CE8000F1EE10FA08D100EE106AB8EEC00A84ED97
:10CE9000000A013606E000BF84ED00CAB0EE4C0A7D
:10CEA0003CEE0BCABDEEC00A10EE100A013507EBCE
:10CEB0008000202DA4F1040400ED019AD2D19BED55
:10CEC000500A0BF13C04BDEEC00A10EE100A9AEDB8
:10CED000040A04EB800010ED011A00ED010A9BED3D
:10CEE000503A9BED0E4ABDEEC32AB7EE005A0BF541
:10CEF000A27712EE100A33EE053A34EE054A07EB3C
:10CF00008000B4EE434A10ED012AF1EE10FA8BEDE9
:10CF1000503A04BF4FF07E50CBF840019BED4F3AA2
:10CF2000B4EE432AF1EE10FA09DDB4EE401AF1EE48
:10CF300010FA32EE439A11DA39EE090AFBE0B4EE48
:10CF4000432AF1EE10FA6FDAB4EE410AF1EE10FA6C
:10CF500032EE43BA7CDA3BEE0B0A61E0B5EE409A62
:10CF6000F1EE10FA54DD0BF1BC05B6EE008A00BFFD
:10CF70009BED4FBA29EE080A39EE0BAA0EF0FEF827
:10CF8000BDEECA2A30EE0B1A12EE100A05EB800035
:10CF9000BDEEC13A10ED012A13EE101A05EB810126
:10CFA00011ED013ABDEEC24A14EE102A04EB8202E2
:10CFB000BDEEC35A12ED014A15EE102A04EB8202AF
:10CFC00012ED015AB4EE454AF1EE10FA20DA0438B7
:10CFD000043980ED003A81ED002A90ED002AB5EE8B
:10CFE000400ABDEEC22A12EE100A07EB800000EDE7
:10CFF00001AA91ED002AF1EE10FABDEEC22A12EE5E
:10D00000100A07EB8000B0EE409A00ED011AAFDC89
:10D01000B5EE409AF1EE10FA40F09080BFEE000AB3
:10D02000484602F023FE89E09BED720AB5EE400A05
:10D03000F1EE10FA04D0BFEE000A484602F016FEE8
:10D040009BED710AB5EE400AF1EE10FA71DC75E065
:10D05000B5EE40BAF1EE10FA66DA9FED549A0BF194
:10D06000BC06B6EE00AA00BF2BEE0A8AB0EE480A54
:10D070000DF0A6FF9BED4F3AB5EE408AB0EE491A8F
:10D08000F1EE10FAB8BFB0EE401A31EE032A3BEED3
:10D09000031ABDEEC23A13EE100A06EB8000BDEE95
:10D0A000C14A10ED013A14EE101A06EB810111EDA0
:10D0B000014ABDEEC35A15EE102A04EB8202BDEE02
:10D0C000C46A12ED015A16EE102A04EB820212ED28
:10D0D000016AB4EE465AF1EE10FA25DA0438043942
:10D0E00080ED004A81ED003A90ED003AB5EE408ABD
:10D0F000BDEEC33A13EE100A07EB800000ED012AE3
:10D1000091ED002AF1EE10FABDEEC22A12EE100ADD
:10D1100007EB800000ED011A0BDAB5EE400AF1EEE4
:10D1200010FAB0EE40BA9FDBB5EE40BAF1EE10FA5D
:10D1300004D1B7EE000A484602F050FE9BED4F0ABC
:10D14000BFEE001A30EE011ABDEEC11A0BF1BC00A1
:10D1500011EE101A00EB8101BDEEC00A11ED011AAB
:10D1600010EE101A00EB810010ED010ABDEEC11A9D
:10D17000BDEEC00A11EE101A10EE100A04EB810188
:10D1800004EB800011ED011A10ED010A31EE000AE6
:10D19000B6EE001A20EE010A88ED000ABDEC0A8BFB
:10D1A00001B0BDE8F08F00BF000000420000008029
:10D1B0002DE9F04381B02DED048B1D4616468946BE
:10D1C000D2E900E3D2E90274D2E90421C5E902748C
:10D1D000C5E90421C5E900E3D6E906E2D6E9083746
:10D1E000D6E90A14C5E90837C5E90A14C5E906E213
:10D1F000316BDDF83480296398F80030DDF838C0F1
:10D200000C9A07468BB19CF8010001281CBF3069BD
:10D2100050609CF800008CF80130012808D04FF0D5
:10D220007E5010608CF800300BE000208CF801007C
:10D2300092ED000A8CF80030B5EE400AF1EE10FADB
:10D2400001DD101D01E006F1100096ED030A90EDDE
:10D25000001AB7F99A0030EE410A01EE100A9FED6C
:10D26000218AB8EEC11A30EE082AB4EE410A85EDE3
:10D27000020AF1EE10FAC8BFB0EE402A97F8960005
:10D2800032EE410A01EE100AB8EE411A9FED162A5D
:10D2900020EE019A29EE020A0DF070FF20EE080A36
:10D2A00039EE400AF0EE480A01F070FD97F892005E
:10D2B00085ED080A60B996E89F0005F1180C85E82D
:10D2C0009F0006F118079FCF8CE89F00306B286302
:10D2D00099F8020088F80000BDEC048B01B0BDE8AD
:10D2E000F08300BF0000B443610B363B2DE9F047EB
:10D2F0000D46089916464FF0FF32C1F884201421DC
:10D300009846F3F7A8FD002428461921C6F80340E3
:10D31000346005F11C0785F8404005F1440685F8A6
:10D32000684005F16C0A05F1A009F3F794FD384651
:10D330002121F3F790FD30462121F3F78CFD504673
:10D340002121F3F788FD48462A21C5F89340C5F806
:10D350009040C5F8984085F89C40F3F77CFD404626
:10D360003121F3F778FDBDE8F08700002DE9F04F9B
:10D3700081B0DDE90B588B4682460D9F05F1100008
:10D3800000262B21994614462E73C5E90066AE602F
:10D39000F3F761FD387888F80060D8B1E078E0B143
:10D3A000DBE900120A98A960A1792A60DAF808205E
:10D3B0000239C9B26A6005299ABF0BA2515C0021EB
:10D3C000D9F8002029732A6100782179012647467F
:10D3D0002877E9770120387000E0002688F801609E
:10D3E00001B0BDE8F08F00BF0100060A50A00000A8
:10D3F00000224FF0FF3C0023C0F80B20C0E90022C0
:10D40000826041F803C01033402B00F17C00F3D15F
:10D410007047AFF300800221017740F20211C0F2A1
:10D420000111C0F81D10012180F821107047000083
:10D430002DE9F04F81B02DED0E8B8CB089468079AF
:10D440000968D9E90154D9E903760228C3E900152E
:10D45000C3E902471E6140F05482DDE925B40A9316
:10D460009BED008B9BED020B5AEC185B57EC106B9D
:10D4700007922846514632463B4613F020F8B0FA50
:10D4800080F04FEA50182846514632463B4613F08A
:10D4900016F80028CDF82C9040F0DC80E0780128C8
:10D4A00000F0D580284651462A46534612F0AEFD7C
:10D4B0009FEDA70B06460F4651EC100B2A4653462C
:10D4C00012F00CFB32463B4612F008FB9FEDA20B1C
:10D4D00053EC102B12F09AFD9FEDA10BCDE9081033
:10D4E00051EC100B2A46534612F0F8FA9FED9E0BB2
:10D4F00053EC102B12F08AFD9FED9D0B0546029018
:10D500000C4651EC100B32463B4612F0E7FA9FED09
:10D510009A0B53EC102B12F079FD83460B460191C8
:10D52000284621465A462546CDF80CB012F022FA7C
:10D53000099C089E024605900B4604912046314600
:10D5400012F018FA9FEDF40B53EC102B12F012FAB4
:10D5500081468A46204631464A46534612F0BEFA74
:10D560009FEDEF0B41EC190BCDF81880DDF89080A2
:10D5700053EC102B2046314688ED029B12F046FDFD
:10D580004A46534606460F4612F0A8FA41EC100BE5
:10D590000020C3F6F070002188ED040B88ED060B27
:10D5A00088ED089BC8E90A10DDF80480029C584603
:10D5B000414622462B46AB4612F068FE32463B46B9
:10D5C00012F0D8F99FEDD80B53EC102B12F0D2F9D2
:10D5D0004A46534612F082FA41EC100B2498DDE9DA
:10D5E000043280ED0C0B3046394612F04FFE9FEDB1
:10D5F000D00B53EC102B12F0BDF94A46534612F0F3
:10D600006DFA41EC100B249D039A20465946DDF833
:10D6100094B0434685ED0E0B12F038FE02460B46E1
:10D62000DDE9081012F0A6F99FEDC30B53EC102BA7
:10D6300012F0A0F94A46DDF82C905346269C12F0D1
:10D640004DFA41EC100BDDF8188085ED100B84F8D5
:10D65000038006E09BF8340084F80380002800F083
:10D660005681A078249D012857D095ED040B95EDA7
:10D67000061B95ED029B95ED08AB51EC100B53EC9E
:10D68000112B12F077F953EC1A2B12F073F995ED78
:10D690000C0B95ED0E1B80460C4651EC100B53EC19
:10D6A000112B12F067F995ED100B53EC102B12F0C3
:10D6B00061F956EC197B3A46334612F0A7FC424614
:10D6C000234612F0E3FD9FED9E0B024655EC104BF6
:10D6D0000B462046294612F001FAC84681468A4682
:10D6E0003846314622462B4612F0D0FD4A46249D4C
:10D6F0005346269CC14612F089FC064607980F4601
:10D70000806812F0B1FE02460B463046394612F0F0
:10D710007DFC41EC100B85ED000B217801200129E7
:10D72000A07018BF8BF835009BF83510207039B306
:10D7300095ED009B8BED049B8BED069B95ED00BB5F
:10D74000B0EE49AAF0EE69AA8BED08BB1EE000BF5F
:10D7500076F79CFF81D862C095D626E80B2E113E45
:10D76000025F808515EF2FC0FCA9F1D24D62703F9A
:10D770009894CB52CD3E55C08DEDB5A0F7C6C03EB6
:10D780009BED04AB9BED069B9BED08BBD9F8040019
:10D7900012F06AFE95ED0C0B95ED0EDB95ED10CBBE
:10D7A00055EC1A6B04460F4653EC102B30462946B5
:10D7B00012F02CFC02460B462046394612F066FD5C
:10D7C0000F4651EC19BB044653EC1D2B58460991EA
:10D7D00012F01CFC02460B462046394612F056FD5C
:10D7E000884651EC1B9B074653EC1C2B484608917E
:10D7F00012F00CFC02460B4638464146DDF890A07C
:10D8000012F044FD41EC1B0BDDF89480074688EDD7
:10D810000ABB9AED040B0C469AED02EB9AED06DB7F
:10D820009AED08CB53EC102B3046294612F0EEFB54
:10D8300005460E4651EC1E0B3A46234612F0E6FB17
:10D840002A46334612F096F80D460999044653ECE1
:10D850001D2B584612F0DAFB22462B4612F08AF8AE
:10D860000D460899044653EC1C2B48460B9E12F0BB
:10D87000CDFB22462B4612F07DF812F049F80A99AA
:10D8800098ED0C0A486096ED01CA269AB4EE40CA9B
:10D890000024F1EE10FA4FF0000018BF012088F8C4
:10D8A000340006D05178012903D007998968CAF855
:10D8B00048109AED120A96ED021A3CEE400A80EEEC
:10D8C000010A9FED211A5070B0EEC00AB4EE410A71
:10D8D000F1EE10FAC8BFB0EE401A11EE100A12F0C5
:10D8E000C3FD41EC100B88F8354088ED000B88ED46
:10D8F000028B88ED04BB88ED06AB88ED089B88EDB4
:10D900000CCA0CB0BDEC0E8B01B0BDE8F08F249DAD
:10D910000020A07008E700BF00000000000020C049
:10D920000000000000000840000000000000384037
:10D9300000000000000038C000000000000020408F
:10D94000000000000000F03FCDCCCC3D80B54FF092
:10D95000000CC2F81EC091ED000A9FED0E3A91ED49
:10D96000011A91ED022A20EE030A91ED034A30EEEE
:10D97000010AD2E9053EC07882ED020A22EE030ACE
:10D9800030EE040A13601077C2F80CE082ED040A4E
:10D99000507780BD62BEBC370078002800F0E0827E
:10D9A0002DE9F04F81B02DED108BC8B0DDF88881E6
:10D9B0000F46022840F0D7820CA80430079044A8F4
:10D9C00000F1040A46A8D8F8CC61051D10A80F2E56
:10D9D00000F1040401930EDAC6F10F0008EB860192
:10D9E0000128D8BF012001F5C871820010A8F3F703
:10D9F000A1F9012E08DB10A8A0EB860008F5C8717C
:10DA0000B2003C30F3F796F9386841F258181F908D
:10DA10000220C0F6120801264FF00009419020A80C
:10DA20004146802202974096CDF83C90CDF8389040
:10DA3000F3F780F99FEDBD0A9FEDBD1A46AF44ABE9
:10DA400043A91120B7EE009A0DF5847C01224FF016
:10DA5000000E00BFC1F8009008EB82010439B0EE5F
:10DA6000412AB0EE403A00BF91ED004AB0EEC44A00
:10DA7000B4EE434AF1EE10FA0ADD83EE043A22EEE8
:10DA8000032A22EE032A32EE092AB0EE443A05E0D8
:10DA900084EE034A24EE044A34EE022A0132904214
:10DAA00001F10401E0D1B1EEC22AF10700F110004A
:10DAB0004FF011024FF00006614623EE022A87ED77
:10DAC000002A83ED002A53462F46C3D1009420AC90
:10DAD00004F140000390201D0A9004F13C009DEDEC
:10DAE00043CA049004F1440701209FED90DA9FEDB2
:10DAF00090EA9FED90AA9FED90BA9FED90FA0DF1FC
:10DB00003C0805900F25012100200697CA070B92BB
:10DB10002AD046A901EB80019DED460A91ED011A3C
:10DB20000021B4EE401AF1EE10FAC8BF01211BDD4E
:10DB3000002200BFA3181F6CA658A7500432402A29
:10DB40001E64F7D1059B40AF57F8212047F82130DC
:10DB500046AB03EB810383ED000A449B44AF47F8D7
:10DB60002130069F40920592060100EB00130A98AF
:10DB700004EB830C03F102099CED008A00EB830A9D
:10DB800006F1110B5046B0EE4E0AB0EE4D1A494662
:10DB9000C8F800E090ED002AB0EEC22AB4EE412AA7
:10DBA000F1EE10FA0ADD81EE021A20EE010A20EEF3
:10DBB000010A30EE090AB0EE421A05E082EE012AAF
:10DBC00022EE022A32EE000A0131594500F104002A
:10DBD000E0D3B1EEC00A61EE000AF5EE400AF1EEC4
:10DBE00010FA00F09F80B0EE480ACDF820801C4665
:10DBF000CDF824C001F01EF9B1EE401AB5EE408A0E
:10DC0000F1EE10FAB8BFB0EE401AB0EEC00AB4EEB2
:10DC10004A0AF1EE10FA06F1100880F291804FF0F6
:10DC2000FF300121224600BF0746C1450E460AD8F3
:10DC30005046114690ED000A013120EE0B0AA0EC8F
:10DC4000010A8D42F6D121EE0B1AB0EEC10AB4EEF4
:10DC50004A0AF1EE10FA28EE0B8A04DA781C122F29
:10DC600006F10101E0DB5046B0EE4E0AB0EE4D1A6F
:10DC7000494600BF90ED002AB0EEC22AB4EE412A18
:10DC8000F1EE10FA0ADD81EE021A20EE010A20EE12
:10DC9000010A30EE090AB0EE421A05E082EE012ACE
:10DCA00022EE022A32EE000A0131594500F1040049
:10DCB000E0D3B1EEC00A61EE000AB0EE480A01F00E
:10DCC000B9F8B1EE401AB5EE408AF1EE10FAB8BFDD
:10DCD000B0EE401A31EE480A80EE010A0898C145BC
:10DCE000234680ED000A0ED838EE410A89EE000A7C
:10DCF000184600BF9AED002A013020EE022AAAEC55
:10DD0000012A8542F6D1B7F1FF3F069FDDF824C016
:10DD100020AC4FF0000E35DB013E21EE0A1AFBD19C
:10DD200030E000BFB0EE481A2CE000BF00008014C5
:10DD3000000000000000000C00000073F304B5397F
:10DD400031EE480A80EE010A0898C145234680ED6D
:10DD5000000A05D9DDF824C020AC4FF0000E11E018
:10DD600038EE410A89EE000ADDF824C0E81A20AC3A
:10DD70004FF0000E9AED002A013820EE022AAAEC9C
:10DD8000012AF7D10B988CED001A002800F0C5800D
:10DD90009DED0F0A4FF07E50B5EE400AF1EE10FAFD
:10DDA000CCF8000058D0049A10200F2192ED002AE0
:10DDB000B5EE402AF1EE10FA06D10138A2F10402C4
:10DDC000A1F10101F2D847E0012845DB9DED302AA1
:10DDD000B5EE402AF1EE10FA2AD003990246B0EED1
:10DDE0004ECA00BF91ED002A11ED103A013A23EE20
:10DDF000022A32EE0CCA01F10401F3D1B5EE40CA99
:10DE0000F1EE10FA28D0594220EE4C0A8900224641
:10DE1000531893ED002A92ED103A22EE002A32EECA
:10DE2000032A82ED102A013802F10402F0D113E036
:10DE30001E4600F11002102369B1B7EC012A013926
:10DE4000B5EE402A0133F1EE10FAF5D0069F934269
:10DE50003346C2D3D2E7069F9DED472A9DED450A82
:10DE6000B5EE402AF1EE10FA8CED001A4BD09DED84
:10DE7000301A82EE003AB0EEC11A81EE021A23EE99
:10DE8000033A21EE011A39EE411AB5EE401AF1EECD
:10DE900010FAB8BFB0EE4E1A23EE013AB4EE4F3A84
:10DEA000F1EE10FA04DDB1EEC11A22EE012A2AE0E9
:10DEB0000020B0EE4E0AB0EE4D1A00BF391891EDB9
:10DEC000002AB0EEC22AB4EE412AF1EE10FA0BDDC0
:10DED00081EE021A20EE010A20EE010A30EE090A54
:10DEE000B0EE421A06E000BF82EE012A22EE022ABC
:10DEF00032EE000A04303C28E0D1B1EEC00A21EE37
:10DF0000000AB0EE402A1035012000210DF138083A
:10DF10008DED472A8DED450AF8E59DED208A9FEDB0
:10DF2000D00AB0EEC81A21EE00CA0025012000BFB9
:10DF300005EB051104EB810191ED000AB0EEC0DAAA
:10DF4000B4EE4CDAF1EE10FA1CDDC0074FF001051B
:10DF50004FF00000ECD1009C4FF0020810A9AAE09D
:10DF60000020186070471168002970D00A46D8F860
:10DF7000D001642928BF6422821A38BF643208EBBA
:10DF8000820267E0009C4FF00008C00710A9CDF89E
:10DF90001081CDF8148140F08E809DED30EAB5EE11
:10DFA00040EAF1EE10FA71D0F0EECE0AB0EE480A77
:10DFB00000F040FFB1EE401AB5EE408AF1EE10FAE3
:10DFC000B8BFB0EE401AB0EEC00AB4EE4A0AF1EEA5
:10DFD00010FA5EDA002000BF21EE0B1AB0EEC10A83
:10DFE000B4EE4A0A2EEE0BEA28EE0B8AF1EE10FA96
:10DFF00000F1010603DA013812283046ECDBF0EEBE
:10E00000CE0AB0EE480A00F015FFB1EE401AB5EEA8
:10E01000408AF1EE10FAB8BFB0EE401A31EE480A6D
:10E0200038EE412A80EE010A89EE022AB01EB0F1D4
:10E03000FF3F8DED440A22EE0E0A8DED300A36DBED
:10E0400010A900BF013E21EE0A1AFBD130E0D8F83A
:10E05000D0013A4692ED000A97ED001A622831EE9F
:10E06000400A01EE101AB8EE411A80EE010A9FED47
:10E070007D1A20EE010A83ED000A396848F8201065
:10E080008CBF00200130C8F8D001E1E0B0EE481AA2
:10E090000EE031EE480A38EE412A80EE010A89EEA0
:10E0A000022A8DED440A22EE0E0A8DED300A10A9E7
:10E0B000A8468DED201A00260FAB0CAA01200DF109
:10E0C000380C00BF93ED000AB5EE400AF1EE10FAED
:10E0D00032D08E4691ED001A0A9906EB0613B7006E
:10E0E00001EB83052E463B46B0EE412AE118B6EC23
:10E0F000013A91ED004A043323EE043A33EE022A4A
:10E100003C2BF3D120EE020AB5EE400AF1EE10FAF4
:10E1100012D031EE401A8EED001A00BFB5EC011A94
:10E12000E11991ED002A21EE001A043732EE411A6E
:10E130003C2F81ED001AF1D100211160C007079A30
:10E140004FF001064FF0000063462146BAD1B8F106
:10E15000000F49D04FEA88020CA810A9F2F7EAFD97
:10E16000B4EE4CDAF1EE10FA3EDC0CAD404620A9DC
:10E170002A4600F08BFF9FED390A019A039B44A8C1
:10E18000414600BF90ED001AB5EE401AF1EE10FACC
:10E1900023D0B8F1010FB0EE402A05D193ED002A4B
:10E1A0009DED0D3A22EE032A95ED003A33EE022A58
:10E1B00021EE421AB5EE402A33EE013AF1EE10FAA2
:10E1C00085ED003A09D093ED002A9DED0D3A22EE3F
:10E1D000011A31EE031A8DED0D1A0433043501399D
:10E1E00000F10400CED105E020A90CAA404600F0C1
:10E1F0004DFF019A05990C9846AB03EB810141F85C
:10E20000040C41980D9903EB800040F8041C4698DB
:10E21000629E1060D6F8CC0148F68903411C0A467C
:10E220000E29A8BF0E22821A0F32C8F68803A2FB5D
:10E230000337029B06EB80001B68C0F89031F8089A
:10E240000001A0EBD700101A801A0844C6F8CC01D0
:10E2500048B0BDEC108B01B0BDE8F08F00000000AD
:10E260000000003600007A4400210122017080F88D
:10E27000CC214260C0E90B2102727047B0B50C4658
:10E2800000F1100100250573C0E9005585600846BE
:10E290002B21F2F7E0FD2580B0BD086070470860D3
:10E2A000704740F20111018070472DE9F04381B0C1
:10E2B000DDE9085498468146012000234BF65206BA
:10E2C0000F4685F874004021C4F2C813C3F67E7669
:10E2D00010722046A966C2E90036D16000F02EF81F
:10E2E00004F5EE70FFF7C0FF04F56B7000F026F840
:10E2F00005F1540004F5B16639464A464346009696
:10E30000FEF7F4FF04F5C66004F5D06100F007F8ED
:10E3100004F2C46001B0BDE8F04300F019BD80B55F
:10E32000012281F835200021C3F6F0710022C0E9F6
:10E330000A2130301821F2F78EFD80BD012180F8CE
:10E34000D811C0F8D411704700F2C46000F00DBDC0
:10E350002DE9F04F81B02DED048B82B0DDE9105A2C
:10E3600080464FF0FF308946CAF800000026281D7D
:10E370002121B0EE408A1F46934605F128042E70F5
:10E3800085F85C60F2F767FD20462121F2F763FD16
:10E39000C5F84F60EE646E6585F85860C5E918668B
:10E3A000C5F867609AF80A00002842D09AF80B0076
:10E3B000002800F05682B8F1000F00F052829AF85F
:10E3C0000C00012840F04D8299F8000001283AD055
:10E3D000002840F0468299F80500512872DC082890
:10E3E00000F3C580012800F04781052840F03982FC
:10E3F000BBF1040F00F2358299F80300082840F0C1
:10E400003082D9F80800E862B9F90C0081B200291D
:10E4100000F04782C1F384221F2A00F06882002A9C
:10E4200040F071824EF20000C0F27F0000EA4130FD
:10E4300075E24FF00130CAF80A000220AAF80E0077
:10E44000AAF8086015E299F802000F2840F0098246
:10E45000BBF1040F00F2058299F80300082840F090
:10E4600000820BF07F0009EB4000B0F904009FED43
:10E47000C62A40FA07F100EE101AB8EEC00A80EE84
:10E48000080A01EE100A40F24C209FEDC03AC1F29A
:10E490000000B8EEC11A90ED004ABAF8080021EE6B
:10E4A000022A21EE031A24EE011A013085ED0C1A1E
:10E4B00085ED0D2A85ED0E0AAAF80800052085F8DD
:10E4C0006800CEE1682800F38A80522800F0F080CE
:10E4D000652840F0C681082049465A462B46CDF8AB
:10E4E00000A000F051FE002800F0BB8199F80D005B
:10E4F000012185F82400C0F10F0001FA00F000EEC0
:10E50000100A9FEDA31AB8EE400A20EE010A10EEA1
:10E51000100A11F0A9FF0646B9F907000F4611F0DD
:10E52000D2FC02460B463046394611F06FFD11F021
:10E53000EFF9E860B9F9090011F0C5FC02460B4695
:10E540003046394611F062FD11F0E2F92861B9F95F
:10E550000B0011F0B8FC02460B463046394611F06C
:10E5600055FD11F0D5F9686104202870ECE0092808
:10E5700000F0F080482840F07481082049465A464F
:10E580002B46CDF800A000F0FFFD002800F06981C7
:10E59000B9F908009FEDEC1A00EE100AB8EEC00AB7
:10E5A00020EE010A85ED110AB9F80A0000EE100A02
:10E5B000B8EE400A20EE010A85ED100AB9F80C0009
:10E5C00000EE100ABAF80800B8EE400A20EE010A80
:10E5D000013085ED0F0AAAF8080001206FE76928CD
:10E5E00000F0D880772840F03C81082049465A4600
:10E5F0002B46CDF800A000F0C7FD002800F03181C7
:10E6000099F80700BAF8081000F0010085F84E00EC
:10E6100099F80700C0F3400085F84D0099F807000D
:10E62000C0F3800085F8500099F80700C0F3C000DF
:10E6300085F8580099F80700C0F3001085F84F00DE
:10E6400099F80700C0F3401085F84C00B9F80800AD
:10E65000A5F85400B9F80A00A5F8560099F80C007E
:10E66000400885F8520099F80D0085F85100481CC3
:10E67000AAF80800032022E7082049465A462B46FC
:10E68000CDF800A000F080FD002800F0EA8099F8A5
:10E690000700032805D0022800F00581012840F07A
:10E6A0001681002028666866D9F8080028660AE105
:10E6B000082049465A462B46CDF800A000F064FDDC
:10E6C000002800F0CE8099F80D00012185F8240083
:10E6D000C0F10F0001FA00F000EE100A9FED9B1A46
:10E6E000B8EE400A20EE010A10EE100A11F0BCFE4E
:10E6F0000646B9F907000F4611F0E5FB02460B4646
:10E700003046394611F082FC11F002F9E860B9F99F
:10E71000090011F0D8FB02460B463046394611F08D
:10E7200075FC11F0F5F82861B9F90B0011F0CBFB7D
:10E7300002460B463046394611F068FC11F0E8F805
:10E740006861022028700420BAF8081085F8680073
:10E75000481C84E0022049465A462B46CDF800A0CA
:10E7600000F012FD00287CD099F80700052840F33E
:10E770009380062800F0AD800A2800F0AC80502875
:10E7800040F0D2800620A9E06F12833A00007A445C
:10E7900000000038082049465A462B46CDF800A014
:10E7A00000F0F2FC00285CD099F80D00012185F8FA
:10E7B0002400C0F10F0001FA00F000EE100A9FEDF6
:10E7C000631AB8EE400A20EE010A10EE100A11F0AA
:10E7D0004BFE0646B9F907000F4611F074FB0246DE
:10E7E0000B463046394611F011FC11F091F8E86003
:10E7F000B9F9091008EE100A084611F064FB024648
:10E800000B463046394611F001FC11F081F82861C1
:10E81000B9F90B1009EE100A084611F054FB024634
:10E820000B463046394611F0F1FB11F071F801EE5C
:10E83000100A0520287004209FED430A85F868001F
:10E84000BAF8080028EE002A29EE003A21EE000A64
:10E85000013085ED032A85ED043A85ED050AAAF815
:10E8600008009AF80D0020B140462946524600F0B3
:10E87000D7FBDAF8040048B195F86B100138B1FA0B
:10E8800081F1490985F86B10CAF8040002B0BDECAB
:10E89000048B01B0BDE8F08FF8B1012844D102200B
:10E8A0001CE000203BE0B9F9080000EE100AB8EEC9
:10E8B000C00A85ED180A99F80A0000EE100AB8EEB1
:10E8C000400A85ED190A99F8070085F85C000620D2
:10E8D000F5E5042002E0052000E00120BAF8081068
:10E8E00085F86900481CAAF808000220E7E54EF206
:10E8F0000002C0F27F0202EA413100F00040084409
:10E9000000F178600BE04EF20003C0F27F0370323A
:10E9100003EA413141EAC25100F000400844BAF82C
:10E9200008102863481CC7E59AF80D00DAF8004083
:10E930003221CAF8001020B101202946524600F0C9
:10E940006FFBCAF800408CE76F12833A0000003872
:10E950002DE9F04F81B02DED068B93ED207A9FEDE0
:10E96000E90ADDE9124E27EE001AF7EE000A2478D4
:10E9700031EE202AC0EE822AA51FDDE915C893EDED
:10E98000006A93ED1D3A18BF01258EF8015000254D
:10E990007C26072C88BF0125E6409CF824B0DDE9E1
:10E9A0001079354305F00105B4EB0B0A8EF80250DF
:10E9B00018BF4FF0010A99F8005093F8C990042647
:10E9C000002D08BF0826B9F1000F18BF174697EDB4
:10E9D000002A91ED014A9A1934EE422A92ED004A3A
:10E9E0005C4562EE031A06D098F80020012A1CBF8D
:10E9F0000022CCF8002093ED1F3AD3ED1E3A22EE10
:10EA0000035A62EE234A30EEC11A9CED002A61EEF1
:10EA1000225A25EE821A31EE051A31EE422A9CED79
:10EA2000023A22EE822A67EE023ADCED016A31EE0A
:10EA3000832A33EE822A36EEC22A5C4534EE822ADD
:10EA400088F800A08CED0A1A14D09CF93420002A12
:10EA500004DC9FEDAD3A0022CCF8082098F80120A4
:10EA600022EE002A32EE033A012A1CBF0022CCF823
:10EA70000C2003E022EE002A32EE033A9CED038ADA
:10EA8000DCED047A65EE885A35EE855A75EE485A03
:10EA900062EEA52A67EE222A31EEA77A37EE227AB5
:10EAA00036EEC77A5C4534EE877A88F801A08CEDA3
:10EAB0000B5A08D09CF93520002A04DCDFED927A4D
:10EAC0000022CCF81020F0EEC64A27EE006A032C94
:10EAD00036EE277A06D0022C09D171EE831A73EE36
:10EAE000A12A06E071EE871A72EEA12A01E0DFED9D
:10EAF000862AD1ED021A72EEA12AF4EE642AF1EE12
:10EB000010FA02DDF0EE642A08E0F1EE643AF4EE69
:10EB1000632AF1EE10FAB8BFF0EE632AD3ED163A8D
:10EB2000024663EE806A76EEA04AC0EEA44AB9F1CE
:10EB3000000F18BF0C32D2ED005AD3ED147A32EE2A
:10EB4000E58AD3ED135A93ED159A68EE255A68EECF
:10EB5000277A5C4528EE099A06D098F80220012A07
:10EB60001CBF0022CCF8142070EEE60ADCED056A2A
:10EB700060EEA40A60EEA60A79EE200A9CED078AF0
:10EB800070EEE66A64EEA64A9CED06AA63EEA46AFD
:10EB900075EE883A73EEA63A7AEE633A5C4577EE04
:10EBA000A33A88F802A0CCED0C0A08D09CF93620D4
:10EBB000002A04DC9FED548A0022CCF81C2063EE6E
:10EBC000803A042C73EE884A0EBFD1ED035A75EEDD
:10EBD000A45A76EEA55AF4EE445AF1EE10FACCEDB2
:10EBE000065A06DCB1EE444AF4EE445AF1EE10FA4D
:10EBF00003DAF0EE445A8CED064AB4EB0B0218BF70
:10EC00000122D0ED016AD3ED027A9FED408AB0EE89
:10EC1000E64A37EEC44A67EE887A0020B4EE674AC7
:10EC2000F1EE10FAC8BF01201043B5EE404AF1EEF4
:10EC300010FAD8BF02309CF8392041F2F01602EBEE
:10EC40004002C0F612069CF8385090191499007AC8
:10EC500015B1DCED087A0BE0DFED2B7A40B99CF8BA
:10EC600037502DB9DCED087A24EE008A78EE277A49
:10EC7000271FCEED015A18BF012793ED0A8AF5EE42
:10EC8000406AF1EE675AF0EE676AF1EE10FAB8BF2B
:10EC9000F0EE656A66EE885A72EEE11A33EE022AE9
:10ECA00036EE073A8CEC031A33EEA41ACEED025A74
:10ECB0008CED035A8CED043ACCED050A8CED071A65
:10ECC000C1ED007A8EF800708EF803A08CF8244015
:10ECD0008CF834A08CF835A08CF836A0B15C24EE0A
:10ECE000000A30EE270A8CF8391000218CED080A52
:10ECF0008CF838108CF83700BDEC068B01B0BDE8FD
:10ED0000F08F00BF6F12033A00000000CDCCCC3D65
:10ED100040F201110180704710B5044600F5E06033
:10ED200000F027F804F5D760BDE8104000F00CB8FB
:10ED300080B582B0DDF810C00CF1780ECDE900CEC0
:10ED4000FFF7B3FA02B080BD4FF0013101607047A8
:10ED5000012180F8241040F202218186022180F8EE
:10ED6000361070477830FFF7EFBA012180F838107D
:10ED7000704740F2011101800121817070470168E4
:10ED800009690847016809690847000080B52DED49
:10ED9000068BF5EE400AB0EE608AF1EE10FAB0EEA6
:10EDA000409AB0EE600A02DA0CF00AF901E00CF0C9
:10EDB000E5F9B5EE408AF1EE10FA1BD0B4EE408AC8
:10EDC000F1EE10FA16D089EE080AB0EEC0AAB6EE3F
:10EDD000000A3AEE000A0CF0D1F99FED0E1A3AEE55
:10EDE000400AB0EEC00A2AEE011AB4EE410AF1EE72
:10EDF00010FA09DDB0EE490AF0EE480ABDEC068BC8
:10EE0000BDE880400CF0F2B99FED030ABDEC068B23
:10EE100080BD00BF000000340000000001680969E7
:10EE200008470168096908470168096908470168D6
:10EE300009690847B0EEC00AB0EEE01AB4EE410A24
:10EE4000F1EE10FA0CDA80EE010AB7EE002A20EE9D
:10EE5000000A30EE020AB1EEC00A21EE000A704745
:10EE6000B4EE410AF1EE10FA0ADD81EE001AB7EEB7
:10EE7000002A21EE011A31EE021AB1EEC11A01E0A8
:10EE80009FED021A20EE010A704700BFF304B53F60
:10EE900080B59FED121AB0EEC02AB4EE412AF1EE11
:10EEA00010FAA8BF80BDB6EE001AB4EE410AF1EE2A
:10EEB00010FA09DABEEE001AB4EE410AF1EE10FAC9
:10EEC00007DD9FED070A80BD30EE010A0CF056F910
:10EED00080BD30EE010A0CF073F880BD0000004BDD
:10EEE0000000000080B542F2743C42F27A3E0021FC
:10EEF000C1F2000CC1F2000E30F8212000EB8103BA
:10EF00002CF811205A882EF8112001310329F3D151
:10EF100043F2C020C1F20000036843B1BCF8000016
:10EF2000BCF80210BCF80420BDE88040184780BD42
:10EF3000F0B585B00D9D0A9C95F89F60B0EEC11AA2
:10EF4000B0EEE02AB0EEC00A84ED011A84ED022A88
:10EF500084ED030AA6B9012685F89F6095F89460B0
:10EF6000D5F8847040F2562CC5F884C036B1DDE97E
:10EF70000B6C8DE85010039500F05AF9C5F88470B9
:10EF800005B0F0BD0000000070B52DED028B054608
:10EF900091F895000C469FED202B411E07294FF05C
:10EFA000300024D8B0EE608ADFE801F0330421217C
:10EFB0002107171A11EE100A14E010EE100A11F0D2
:10EFC00053FA41EC100B18EE100A84ED0C0B11F003
:10EFD0004BFA41EC120B782009E018EE100A01E020
:10EFE00011EE900A11F040FA41EC120B302020444F
:10EFF00080ED002B94F89900D4F8846040F2ED3154
:10F00000C4F8841018B12846214600F073F8C4F8FB
:10F010008460BDEC028B70BD0000000000000000A9
:10F02000937B022B07D0012B18BF704702209073EF
:10F030000020108170471368322B07D0782B03D043
:10F04000632B0DD1032002E0012000E0052053686E
:10F0500081F86A00581C506040F20110D08170475E
:10F06000D37B83B9138910B10BB9022002E0022BC4
:10F0700006D30420536881F86A00581C506002E0EF
:10F08000002081F86A000220D081D1E70128B8BFB2
:10F09000704710B5A0F1010C02EB8C0494ED000A4E
:10F0A000B5EE400AF1EE10FA1ED04FEA0C1E01EB4D
:10F0B000800303EB8E0313ED011A022880EE010A90
:10F0C00084ED000A13D392ED000A01EB8E0300BF1A
:10F0D00093ED001A94ED002A022821EE021A30EE78
:10F0E000410A82ED000AF3D101286046D2D8BDE87A
:10F0F0001040704710B52DED028B91F89A20012A2F
:10F100003FD10446D1F8840040F2ED32904203D062
:10F1100040F25722904234D191F89500421E012AC4
:10F1200007D891ED0C0B51EC100B10F0F1FBE060E7
:10F1300027E00338052824D8DFE800F0030323087C
:10F14000141C20461421F1F786FE1AE091ED0C0BF9
:10F1500091ED1E8B51EC100B10F0DAFB606051EC5E
:10F16000180B03E091ED0C0B51EC100B10F0D0FBE1
:10F17000A06006E091ED0C0B51EC100B10F0C8FBF9
:10F180002061BDEC028B10BDB0B58D78049C95421A
:10F1900009D1C97819B1814224BF0120B0BD2568C9
:10F1A000607B632102E02568607B7821216020B1CB
:10F1B000012019462246FFF733FF00202560B0BD2D
:10F1C0002DE9F04385B0119C0F9D074608469846EF
:10F1D00091460E4610F077FE41EC100B84ED0E0BBD
:10F1E00007B30020A870701C4FF0010008BF022078
:10F1F000687094F89400D4F88460002840F25C6051
:10F20000C4F884000BD010980E99DDE90C23CDE9E9
:10F210000015029048464146039400F009F8C4F8EE
:10F22000846001E00120A87005B0BDE8F083000013
:10F230002DE9F04F81B02DED048B82B00193DDF804
:10F240004CA016469AF895200D46511E072900F24B
:10F2500023828146DDE911B4DFE811F00800F400F3
:10F260004A0078003C0023015501C6009AED140BBA
:10F270009FEDDD1B109F53EC112B51EC100B11F087
:10F280001EF9002840F0A0819BF801004FF4807126
:10F290000228ABF8011040F0E8819AED0E0B9FEDCB
:10F2A000D41B55EC106B53EC112B3046294611F052
:10F2B0001BF9002840F0CD819FEDCF0B304653EC79
:10F2C000102B294611F01EF9002800F0C5814FF4DB
:10F2D0000040C5E1DAF8840040F25621884240F04F
:10F2E0005481012004218AF88C008AF89510C0E12D
:10F2F0009AED0A0B9FEDBC1B57EC104B55EC116BB4
:10F300009AF88C902046394632462B4611F0D7F8B1
:10F3100038B1B9F1010F04D19AF89F00002800F02C
:10F320007B81DAF884802046394632462B4611F03C
:10F33000C6F8002800F0B08140F28A30804540F0E5
:10F34000AB81B9F1010F00F08081A5E1DAF884000A
:10F3500040F25C61884240F0248101208AF89500E7
:10F3600004208BF8060096E8AF0004F1180C84E83E
:10F37000AF0006F11807AFCF8CE8AF00306B206309
:10F3800005208AF8960030690025CAF85050CAF85E
:10F39000545011F069F841EC100B46F2666047F6E4
:10F3A000E12241F27B430027C3F6E6704FF066315D
:10F3B000C3F68472C4F2AE73C3F6F0778AED160B0F
:10F3C000CAF88050CAF86030CAF86420CAF86810D9
:10F3D000CAF86C00CAF87050CAF87470CAF848507D
:10F3E000CAF84C50256257E19FED7F1B9AED0A0B3E
:10F3F00054EC115B51EC100B2A46234611F05FF8D8
:10F40000002800F0DC809AED080B2A4651EC100B26
:10F41000234611F054F8002800F01781DAF8840030
:10F4200040F28A31884240F037819AF88C000138E6
:10F43000042800F23181DFE810F0080194002F0168
:10F44000BE01A5019FED681B9AED0A0B54EC117BE0
:10F4500051EC100B3A46234611F031F8002800F029
:10F46000AE809AED080B3A4651EC100B234611F092
:10F4700026F8002800F0E980DAF8840040F28A31AA
:10F48000884240F009819AF88C000138052800F282
:10F490000381DFE810F0DA00660001010101770165
:10F4A00084019FED511B9AED0A0B54EC116B51EC4A
:10F4B000100B3246234611F002F8002800F07F803E
:10F4C0009AED080B324651EC100B234610F0F7FF73
:10F4D000002800F0BA80DAF8840040F28A318842CD
:10F4E00040F0DA809AF88C00062800F05881052850
:10F4F00000F04881042800F05E819AF88C00012811
:10F5000000F0A380C8E09FED381B9AED0A0B54EC85
:10F51000117B51EC100B3A46234610F0D0FF002827
:10F520004DD09AED080B3A4651EC100B234610F0E3
:10F53000C6FF002800F08980DAF8840040F28A31A2
:10F54000884240F0A9809AF88C000138052800F222
:10F55000A380DFE810F07A000600A1003001A100CE
:10F56000240106208AF8950002208BF80600B06876
:10F5700010F07AFF41EC100B0020C3F6F070002170
:10F580008AED0C0BCAE91E1023E19AED0A0B9FEDE0
:10F59000161B51EC100B53EC112B10F090FF70B1B7
:10F5A0007AE09FED111B9AED0A0B54EC115B51ECC4
:10F5B000100B2A46234610F082FF00283CD103207E
:10F5C0008AF89500072054E070696061B069A06115
:10F5D0009AF89600F16901380528E1615CD8DFE806
:10F5E00000F00FB0A58B83B4000000000000000005
:10F5F000000000000000E040000000000000E0C04B
:10F60000DAF88800642805D30020C3F6F0700021E2
:10F61000CAE9141000208FE005208AF89500002028
:10F620008BF806008BF8000002B0BDEC048B01B033
:10F63000BDE8F04F0AF06ABF9AED080B2A4651EC7C
:10F64000100B234610F03BFF60BB04208AF89500A6
:10F650000EE047F6FF7003E03046294610F0D6FB77
:10F66000A7F89A0001208BF800000420AAF8950062
:10F6700001208BF806000AF049FF9AF89900DAF8A1
:10F68000844040F25721CAF8841018B101985146BD
:10F69000FFF730FDCAF8844002B0BDEC048B01B026
:10F6A000BDE8F08F9AF88C000128F5D00AF032FFFF
:10F6B000DAF8840040F28A318842EDD19AF88C0061
:10F6C00002380428E8D8DFE810F00600050007003B
:10F6D0005D006901E0E744E70020CAE90C0004206E
:10F6E0008BF80600022060E19BF801000028D3D0CF
:10F6F0000020C3F6F070F4E09AED120B9FEDC41BEE
:10F7000051EC100B53EC112B10F0D9FE00287FF4B4
:10F7100037AE9AED200AB5EE400AF1EE10FA00F08D
:10F72000DE809BF80100012840F0D98000200121F3
:10F73000CAF888008AF89610CAF83000CAF834006F
:10F74000DEE00020C4F21000CBE09AED200AB5EE16
:10F75000400AF1EE10FA4CD09BF80100022848D183
:10F760009AED100B9FEDA01B51EC100B53EC112BDD
:10F7700010F0A5FEE8B30020C4F208000021CAE999
:10F78000101045E0D9F8000010F06EFE41EC100BAF
:10F7900007208AED0C0B8AF89500052017E02868F1
:10F7A00010F062FE41EC100B08208AF8950006204C
:10F7B0008AED0C0B0BE0D9F8040010F055FE41EC7B
:10F7C000100B02208AED0C0B8AF8950004208BF8B0
:10F7D00006009AF8990040F25721CAF8841018B12F
:10F7E00001985146FFF786FC40F28A30CAF884003F
:10F7F00052E7D9F8000020F0004010F035FE9AEDF5
:10F800001C0B02460B4651EC100B10F07BFE18B19E
:10F810000020CAF8880069E09FED751B9AED1A0B6D
:10F820005BEC115BDAF8889051EC100B2A465B46D2
:10F8300010F0ECFB41EC100B0BF036FB51EC100B15
:10F8400010F014FB804681450BD39AED100B9FED11
:10F850006A1B51EC100B53EC112B10F030FE0028FA
:10F8600068D19AED180B2A4651EC100B5B4610F04C
:10F87000CDFB41EC100B0BF017FB51EC100B10F013
:10F88000F5FA814548D2C14533D39AED100B9FED6F
:10F890005E1B51EC100B53EC112B10F010FE40B31B
:10F8A00096ED020A9FED5D1A9FED5E2A31EE400A49
:10F8B0009FED5B1A0320B4EE420A8AF8960030EE00
:10F8C000011AF1EE10FAC8BFB0EE410A10EE100AAC
:10F8D00010F0CAFD41EC100B8AED0E0BDCE64FF088
:10F8E00080400021CAE91010CAF8881006208AF862
:10F8F0009600786810F0B8FD41EC100B8AED0C0B07
:10F900009AF89900DAF88440002840F25720CAF8A3
:10F9100084007FF4BBAEBDE69AED100B9FED321B69
:10F920005BEC105B53EC112B2846594610F0C7FDD9
:10F93000002846D09FED300B042053EC102B9AED9D
:10F94000120B8AF896009AED168B51EC100B10F002
:10F9500011F841EC100B8AED120B0FF0D9FF96ED68
:10F96000049A206251EC180B0FF0D2FF00EE100A3F
:10F9700039EE400A9FED281AB5EE400A8AED200ABA
:10F98000F1EE10FA18BFB0EE491A11EE100A10F09D
:10F990006BFD41EC100B8AED160B7DE60020CAE9E9
:10F9A0000C0006208BF8060008209AF899108AF8B7
:10F9B0009500002940F25720CAF884007FF410AF68
:10F9C00012E79FED0F0B284653EC102B594610F011
:10F9D00076FD00283FF457AF02208AF896000020F9
:10F9E000206259E600BF00BF000000000000004098
:10F9F0000000000000408F40000000000000F03FC9
:10FA0000000000000000084000000000000010405E
:10FA1000000000000080764000000000000034423A
:10FA20000000B4C30000B44370B52DED028B84B068
:10FA300091ED310A9FED188A9FED181A20EE080A01
:10FA400080EE010A0C460646FFF722FAB4EE480A99
:10FA5000F1EE10FA0ADAB5EE400AF1EE10FAA6BF9E
:10FA6000BDEEC00A10EE105A002501E04FF6FF75FA
:10FA7000B4F9982094F8910094F8921094F8963084
:10FA800094F8C8400295CDE9000430460AF01AFD0A
:10FA900004B0BDEC028B70BD000080470000B44391
:10FAA0002DE9F04F87B0139D894695F89C10DDE94C
:10FAB00011BADDF840801F4614460329064635D0AA
:10FAC00002290DD0012940F0C780D5F8840040F20A
:10FAD0006471884257D040F26371884241D0BBE0E4
:10FAE00095F89D0095F89E10884240F0AF80D5F8BB
:10FAF000840040F26371884233D095F8A01021B1A0
:10FB000095F8A110002940F0908040F2647188427D
:10FB100040F0A280297C6869032900F0A3800229B3
:10FB20003BD0012908BFC8F8A0003FE095F89D0030
:10FB300095F89E10884240F08980D5F8840040F204
:10FB4000637188420DD040F26471884267D1297C8C
:10FB5000686901294CD002291FD003294BD1B0215B
:10FB600047E095E80700C8F89000C8F89410C8F876
:10FB70009820A889A8F89C00032085F89C00012003
:10FB800085F8A10068E0297C6869012915D002295F
:10FB900003D0032914D1B02110E0A969C8F8C4002A
:10FBA00031F0004018BF012088F8C800022085F815
:10FBB0009C00012085F8A0004EE0A02148F801003B
:10FBC000297C686901290FD0022903D003293DD17E
:10FBD000B0210AE0A969C8F8C40031F0004018BF9C
:10FBE000012088F8C80037E0A02148F801002DE086
:10FBF000A02148F80100297C686903292FD0022937
:10FC000004D0012908BFC8F8A000B5E7A969C8F861
:10FC1000C40031F0004018BF012088F8C80095F8F2
:10FC2000A000C8B195F8A100B0B195F88D0041468B
:10FC3000FFF7FAFEA878B5F90A1032464B468DE870
:10FC40009009CDF810A00595FFF7BAFA012085F8C4
:10FC50009C000020A5F8A00007B0BDE8F08FC8F810
:10FC6000B00089E7C8F8B000A0E70000F0B581B0A7
:10FC70002DED068B90ED661AB0EE408AB1EE410A8A
:10FC8000B4EE408AF1EE10FAC0F2A380044600F10F
:10FC90000C0500F18C0600F58A77BFEE009AB6EEEF
:10FCA00000AA00BFB4EE498AF1EE10FA33DAB4EEDE
:10FCB000408AF1EE10FA2EDD94ED431A38EE010A77
:10FCC000BDEEC00A10EE100A06EB800010ED010A2E
:10FCD000BDEEC02A38EE090A30EE011ABDEEC11A97
:10FCE00011EE100A06EB800010ED011A12EE100A58
:10FCF00005EB8000BDEEC11A10ED012A11EE100ACD
:10FD000005EB800010ED011AB4EE412AF1EE10FA75
:10FD1000B8BFB0EE408A28EE0A0AB5EE400AF1EE0E
:10FD200010FA03DA0BF04CF902E000BF0BF026FAF0
:10FD300094ED432A30EE021A38EE020ABDEEC12AD3
:10FD400012EE100A06EB8000BDEEC03A10ED012A5B
:10FD500013EE101A06EB810111ED013ABDEEC24A15
:10FD600014EE102A05EB8202BDEEC35A12ED014AD1
:10FD700015EE102A05EB820212ED015AB4EE454A47
:10FD8000F1EE10FA25DA0438043980ED003A81EDFD
:10FD9000002A90ED002A38EE088ABDEEC22A12EE43
:10FDA000100A07EB800000ED011A91ED001ABDEE7C
:10FDB000C11A11EE100A07EB800000ED010A94ED64
:10FDC000660AB1EE400AB4EE408AF1EE10FABFF6D0
:10FDD00069AFBDEC068B01B0F0BD000090ED651A77
:10FDE000B4EE410AF1EE10FAC8BF7047F0B581B029
:10FDF0002DED068B0446B0EE408A00F10C0500F1B3
:10FE00008C0600F58A77B7EE009AB6EE00AA00BF1E
:10FE1000B4EE498AF1EE10FA33DDB4EE418AF1EE28
:10FE200010FA2EDA94ED431A38EE090A30EE012A60
:10FE3000BDEEC22A12EE100A38EE011A06EB80005F
:10FE4000BDEEC11A10ED012A11EE100A06EB80007A
:10FE5000BDEEC22A10ED011A12EE100A05EB800069
:10FE6000BDEEC11A10ED012A11EE100A05EB80005B
:10FE700010ED011AB4EE412AF1EE10FAB8BFB0EE5F
:10FE8000408A28EE0A0AB5EE400AF1EE10FA03DACB
:10FE90000BF096F802E000BF0BF070F994ED432AE6
:10FEA00038EE021A30EE020ABDEEC12A12EE100A36
:10FEB00006EB8000BDEEC03A10ED012A13EE101AD9
:10FEC00006EB810111ED013ABDEEC24A14EE102A93
:10FED00005EB8202BDEEC35A12ED014A15EE102A5F
:10FEE00005EB820212ED015AB4EE454AF1EE10FA2A
:10FEF00023DA0438043980ED003A81ED002A90EDD0
:10FF0000002A38EE088ABDEEC22A12EE100A07EB6C
:10FF1000800000ED011A91ED001ABDEEC11A11EE3C
:10FF2000100A07EB800000ED010A94ED651AB4EEAB
:10FF3000418AF1EE10FA7FF76BAFBDEC068B01B092
:10FF4000BDE8F0407047000010B588B011460024AD
:10FF500001A8079409F0A8F914A2002109F03DF9BD
:10FF600090E80E000DF1100C8CE80E00C0E9004482
:10FF7000846004A808F0D9F89DF91B00B0F1FF3F98
:10FF800005DC0699049821F000410AF0CEF99DF9AC
:10FF90000F00B0F1FF3F05DC0399019821F000410B
:10FFA0000AF0C3F9079801300790FBE76F73616CA3
:10FFB0005F696E69745F7072655F6D61696E5F74B1
:10FFC0003A3A6F6E5F666174616C2829202D3E207D
:10FFD0000000000000F00CB880B582B00020019055
:10FFE0000198F7F7EFFE0028FAD1012002B080BD9A
:10FFF00042F29C30C1F200000078704780B582B0B8
:020000040811E1
:100000000068009040F2BB00C0F611000190684605
:100010000AF00EFB42F29C30C1F200000121017097
:10002000FFF7DAFF012002B080BD012070470020F9
:10003000704790F90B100268002948BF104600F085
:1000400001B8000018B380B5027840F6006CCEF21B
:10005000000CF2B100214FF0604E00BFDCF88030A0
:10006000DB070B460CD0DCF80010C90708D000BF36
:10007000DEF8001011B900BFFAE700BF8EF80020CB
:1000800010F8012F591C002AE8D1981C02E000202A
:1000900070470120DCF88010C9071CBFDCF8001095
:1000A0005FEAC17100D180BD4FF060410A680AB9B2
:1000B00000BFFBE70A220A7080BD80B508F00EF889
:1000C0004FF47A720023F0F7A3FB80BD2DE9F041D5
:1000D00088B00D46044600F0D0FB1F2C4FF0FF0106
:1000E00056D800680122A240104051D040F254215D
:1000F00004EB8400C1F2000101EBC000E846C469D2
:1001000040462021F0F7A7FE05F00F0606F5E06057
:1001100040F20F710127CDE90410204641460397B4
:100120000297F6F737FD6D4628462021F0F793FE3B
:1001300006F5007040F20F21CDE904102046294653
:10014000019703970297F6F725FD6D462846202173
:10015000F0F781FE0220CDE901070F20CDE904066A
:10016000204629460397F6F715FD6D4628462021BF
:10017000F0F771FE032001904FF48070049040F27C
:100180000F100590204629460397F6F703FD00213E
:1001900048B208B0BDE8F08170B584B040F20341C8
:1001A000C0F2035103910321ADF80A1001218DF82B
:1001B0000810ADF8061003A901EB40040DF1060587
:1001C0002046294601F05BFB0DF10A063046294620
:1001D00001F055FB2046002101F01BFB30460021B9
:1001E00001F017FB0A20F6F709FB04B070BD10B54B
:1001F00042F2A030C1F2000040F201124FF0140EA2
:100200004FF04F0C4AF2004102820122C0E907CEB2
:1002100000F1240CC4F2000108230B248CE81C001C
:100220004FF4A06C0160002103630424C0E90DC3F6
:1002300000F13C03C0E902118174C0E9052E16C328
:10024000C0E91214C0E91424C0E91612C0E918214B
:100250008466F6F7DDFF18B1BDE81040F3F7AABDDC
:1002600010BD1F284FF0000125D842F28C42C1F288
:1002700000021268012383401A401CD010B582B0DE
:1002800040F2542100EB8000C1F2000101EBC004F8
:10029000E0690D21F6F7DEFC606AD0E90012E06942
:1002A000511A091101910D210022F6F7B9FB0199AC
:1002B00002B0BDE81040C8B2704770B58AB00022E5
:1002C0008DF82720044608790B6800046D466FF30B
:1002D000DF23039005F1100001F108061421CDE998
:1002E00000320292F0F7B7FD204629463246F6F773
:1002F000D9FB8DF827009DF827008DF827000AB05C
:1003000070BD0000F0B58FB0C90715D040F254227F
:10031000044600200121C1F2000200BF34B100EB0D
:10032000800302EBC307FB699C4207D0C9074FF06B
:1003300001004FF00001F1D10FB0F0BD42F28C414D
:10034000C1F20001096821FA00F0C007F4D00020D2
:10035000CDE90300CDE9010001A805AE00F10805D3
:1003600030462821F0F777FD2046402132462B46C3
:10037000F6F7B2FC05987C6A6FF3DF200190BDF8B8
:10038000220079788DF80800D4E90050421BB1EBC7
:10039000221F0DD805F11001461A224604D0284626
:1003A0003246F0F7F9FC7A6AA81960605068144682
:1003B000234653F8086FB04205D201AE4ECE00F18D
:1003C00010054EC036E025680121401B01EB2011CD
:1003D000B1F1805F36D20211701B4FF6F076B1EBAF
:1003E000E00FC7F6FF7638BFC110B04205A828BF9E
:1003F0006FF0704109F0DEF801AE07984ECE4EC0A6
:100400000798069B10300790D4E90010421A9D1AF5
:100410002846F0F78FFC20682560079D06906560F0
:100420000790089AA168A2600891059010B1091A76
:1004300009F07BFF6560796900293FF47DAFB869F9
:10044000884779E7204608F0CDFD00002DE9F0410E
:1004500084B040F25422044600200121C1F200027F
:1004600044B100EB800302EBC306374657F81C3F4C
:100470009C4208D0C9074FF001004FF00001EFD1B6
:1004800004B0BDE8F08142F28C41C1F2000109687C
:1004900021FA00F0C007F3D0716809B1B06888474D
:1004A000D6F82080D8E9005085421DD0D5E900213A
:1004B000D5E902630092CDE9011605F11001461A53
:1004C000039303D028463246F0F766FCA819C8F813
:1004D000040038684FF400610022F6F7A1FA69467B
:1004E0002046FFF7EAFECBE701208DF800003868D0
:1004F0000168496DC1F3C0218DF800104FF400610F
:10050000F6F7A8FB9DF80000F1680029B8D0306923
:1005100004B0BDE8F04108472DE9F04784B01F283A
:100520004FF0FF064AD80C4642F28C41C1F200015E
:10053000914609680122824011403FD040F2542286
:1005400000EB8000C1F20002002102EBC00789F835
:100550000010BA465AF81C0FCDE90211CDE900117E
:100560000D21F6F777FB57F8245FD5E90060864246
:100570001AD096E80E108DE80E1006F11001B0EBBF
:10058000010830462A4605D030464246F0F704FCC2
:100590003A68106806EB0801696051680026081A7D
:1005A000000989F8000000E0FF26DAF800000D21BC
:1005B0000022F6F735FA9DE80F000FC470B204B0C0
:1005C000BDE8F0872DE9F04786B08A461F284FF036
:1005D000FF0100F28E8042F28C42C1F200021268EA
:1005E000012383401A4000F0848040F2542900EB3C
:1005F0008005C1F20009012109EBC5078DF804103F
:10060000B84658F81C0F0168496DC1F3C0218DF838
:1006100004104FF40061F6F71DFB9DF804008DF8FF
:1006200003003C6A19F83510D4E90060821BB1EB75
:10063000221F0FD106F11001B0EB0109224604D0B0
:1006400030464A46F0F7A8FB3A6A06EB09006060BC
:1006500050681446234653F8087FB84205D29AE8FA
:100660008E0000F110058EC036E026680121801B47
:1006700001EB2011B1F1805F3FD20211B81B4FF6A0
:10068000F077B1EBE00FC7F6FF7738BFC110B84283
:1006900001A828BF6FF0704108F08CFF03989AE81A
:1006A0008E008EC00398029B10300390D4E9001096
:1006B000421A9D1A2846F0F73DFB20682560039DED
:1006C000029065600390049AA168A2600491019071
:1006D00010B1091A09F029FE65609DF80300012890
:1006E00006D1D8F800004FF400610022F6F798F91F
:1006F000002148B206B0BDE8F087204608F072FC41
:100700002DE9F04F89B00C46054600F0B6F81F2DD4
:100710004FF0FF067DD80068012101FA05F910EAC3
:10072000090076D042F28C48C1F20008D8F80000E7
:10073000002610EA090F6CD100F09FF8294608F056
:1007400044F840F2542C05EB8500C1F2000CD4E9CA
:1007500004A3D4E9001ED4E902B20CEBC0074CF8A4
:1007600030107B61C7E9032AC7E901EBA069B861D2
:1007700000F083F800EB850040680068F8610C2009
:1007800009F0D5FD0546C0E90066866038620C2098
:1007900009F0CDFD2178C0E90066866078622846C0
:1007A00009F09BFA786A617809F097FAF8690126EE
:1007B0000221022200230096F6F730FA01ADFC690F
:1007C00028462021F0F747FB40F2FF7006902046B4
:1007D00029460496F6F7DEF9FC6940F24D42C0F670
:1007E000110220460021F7F72DF840F20531C0F63E
:1007F00011012046F7F764F8F869F7F779F808B1BE
:10080000FF2606E0D8F80000002640EA0900C8F8F4
:10081000000070B209B0BDE8F08F10B582B01F289B
:100820004FF0FF0426D842F28C41C1F20001096862
:100830000122824011401DD001218DF8071040F2A5
:10084000542100EB8000C1F2000101EBC004E0691B
:100850000168496DC1F3C0218DF807104FF40061A4
:10086000F6F7F8F99DF80700E0690D210022002451
:10087000F6F7D6F860B202B010BD40F6D010C0F660
:10088000120070471F284FF0FF0155D842F28C42EA
:10089000C1F200021268012383401A404CD02DE9B6
:1008A000F04186B040F2542100EB8000C1F200011B
:1008B00001EBC00757F81C4F01208DF80400206899
:1008C0004FF40061406DC0F3C0208DF80400204655
:1008D000F6F7C0F99DF804008DF817007E68D6E998
:1008E000005085421AD0D5E900C10DF1080ED5E9B6
:1008F00002238EE80E0005F11001B0EB0108CDF8DF
:1009000004C003D028464246F0F746FA05EB08003B
:10091000706001A92046FFF7D0FC03E09DF81700A6
:10092000012805D138684FF400610022F6F778F805
:10093000002106B0BDE8F04148B2704740F6E8102B
:10094000C0F6120070472DE9F04182B00C46054612
:10095000FFF7F4FF1F2D4FF0FF0151D8006801226F
:10096000AA4010404CD040F2A820C1F20000D0E9CB
:100970000001C5F1200201FA02F2E8401043B5F18E
:10098000200258BF21FA02F0C00701D0002137E051
:1009900020780138012832D8FFF7D0FF294607F028
:1009A00021FFFFF7CBFF00EB850040680678FFF7DB
:1009B000C5FF00EB850040684778FFF7BFFF00EBFD
:1009C00085004068217890F802800120012918BF35
:1009D00002218DF8071008BF02208DF8060030466E
:1009E00000F04CFA58B90DF10701384600F0F9FA59
:1009F00028B90DF10601404600F0F3FA20B1FF21BD
:100A000048B202B0BDE8F08140F2A820C1F2000077
:100A100029460122234600F0DCF8B7E72DE9F04132
:100A200084B03F284ED80C4640F2A821C1F2000104
:100A3000D1E90036C0F1200506FA05F5C3402B4385
:100A4000B0F1200558BF26FA05F3DB073AD023683A
:100A50000026C3B36368B3B30B181E7A93F81080F3
:100A60001B7E1F2807D84FF0010C0D6A0CFA00F707
:100A700025EA07070F6200EB4005D2E9002701EBEA
:100A8000850501EBC00040F6B1419030C0F6110180
:100A9000C5E90C270122CDE9011001A9184685F806
:100AA00038208DF80C2000F04FFB304621464FF0E7
:100AB000FF3200F09BF9064640464FF0FF3100F050
:100AC00065FA00E00026304604B0BDE8F081F0B5DC
:100AD00081B03F2831D840F2A826C1F20006D6E9FD
:100AE0000023C0F1200703FA07F7C2403A43B0F1F0
:100AF000200758BF23FA07F2D2071ED00A68E2B1D6
:100B00004A68D2B1726A1F2817D8012303FA00F786
:100B10003A4012D03218107A147E4FF0FF3200F0B3
:100B20001DF9054620464FF0FF3100F02FFA706A9C
:100B300020EA07012846716200E0002001B0F0BD04
:100B400010B50446FFF7FAFE1F2C0ED800680121ED
:100B5000A140084009D0FFF7F1FE00EB8400406897
:100B60000078BDE8104000F0C5B9002010BD3F2856
:100B700084BF0020704710B540F2A82CC1F2000CD1
:100B8000DCE900E30246C0F1200003FA00F42EFA8B
:100B900002F02043B2F1200458BF23FA04F0C0074A
:100BA0004FF0000014D0DCF820300124202A04FA91
:100BB00002F238BF0120134018BF012300EA0300EE
:100BC00031B128B1DCF820009043CCF8200001209E
:100BD00010BD2DE9F04383B0984617460C460546F4
:100BE000FFF7ACFE1F2C60D80068012101FA04F663
:100BF00030405AD00122C4F12000B4F1200122FA81
:100C000000F058BF02FA01F002FA04F158BF0021C7
:100C1000002FD5E9002307BF23EA000022EA0101E3
:100C200018431143C5E90010FFF788FE00EB84006C
:100C300040682F1900783872FFF780FE00EB8400BF
:100C4000406805F11009407809F80400FFF776FEC6
:100C500000EB8400406805EBC401807804EB44029B
:100C60003876286A05EB8202B0432862686A00235E
:100C7000B043686298F8000001F8904F02284D6078
:100C800087F82800C2E90C3382F838300DD140F6DD
:100C9000B142C0F6110219F80400CDE90021022189
:100CA0008DF80810694600F04FFA03B0BDE8F083F4
:100CB00030B310B5017840681F290BD8421892F85C
:100CC00028202023022A08BF24230122C4588A4056
:100CD0002243C25001EB410100EB810191F8380041
:100CE00060B101F13004216811B160688847207A51
:100CF000012802BF0020C4E900002072BDE81040B6
:100D000070473F2823D810B540F2A82CC1F2000C40
:100D1000DCE900E2C0F1200302FA03F42EFA00F34A
:100D20002343B0F1200458BF22FA04F3DA07BDE8E8
:100D300010400CD000EB4000D1E900230CEB800008
:100D4000C0E90C23097A80F8381001207047002090
:100D5000704740F63C20C0F6120070472DE9F04184
:100D60003F283FD8054642F29040C1F200000C46B1
:100D7000D0E900011646C5F1200201FA02F2E8406E
:100D80001043B5F1200258BF21FA02F0C00729D064
:100D90002068002738B3606828B3FFF7DAFF00EB5C
:100DA00085004068314690F80080404600F018FB0E
:100DB000C0B1FFF7CEFF00EB850040684668FFF743
:100DC000C8FF00EB850040688168D4E90007B9429C
:100DD00038BF0F4631463A46EFF76AFF404600F00B
:100DE000B0FB00E000273846BDE8F0812DE9F04176
:100DF0003F283FD8054642F29040C1F200000C4621
:100E0000D0E900011646C5F1200201FA02F2E840DD
:100E10001043B5F1200258BF21FA02F0C00729D0D3
:100E20002068002738B3606828B3FFF792FF00EB13
:100E300085004068314690F80080404600F0D0FAC6
:100E4000C0B1FFF786FF00EB850040684668FFF7FA
:100E500080FF00EB85004068D4E900178068B84245
:100E600038BF074630463A46EFF722FF404600F0CB
:100E700068FB00E000273846BDE8F08110B5044665
:100E8000FFF767FF01461F2C4FF0FF0027D80968C6
:100E90000122A240114022D042F29040C1F2000053
:100EA000D0E90001C4F1200201FA02F2E04010434F
:100EB000B4F1200258BF21FA02F0C00701D000208F
:100EC0000DE0FFF746FF214607F08DFCFFF741FFDD
:100ED00000EB84004068007800F051FA08B140B29D
:100EE00010BD42F29040C1F200002146012200F004
:100EF00017F8E4E710B50446FFF72BFF01461F2C57
:100F00004FF000000BD809680122A240114008BF31
:100F100010BDFFF71EFF00EB84004068806810BD25
:100F200070B516460C460546FFF713FF1F2C88BF09
:100F300070BD00680121A140084021D00122C4F108
:100F40002000B4F1200122FA00F058BF02FA01F0AB
:100F500002FA04F158BF0021002ED5E9002307BF93
:100F600023EA000022EA010118431143C5E90010F9
:100F7000FFF7EFFE00EB8400406829190078087243
:100F800070BD40F66820C0F6120070473F2884BF4D
:100F90000020704710B540F2783CC1F2000CDCE94B
:100FA0000034C0F1200204FA02F2C3401A43B0F147
:100FB000200358BF24FA03F2D20710D00CEB000232
:100FC000127D02F0FD02012A09D16044047A204614
:100FD00000F006FA204600F0B4FA012010BD00200F
:100FE00010BDB0B50C460546FFF7CBFF01461F2DDF
:100FF0004FF0FF0027D809680122AA40114022D0F3
:1010000040F27830C1F20000D0E90001C5F12002C1
:1010100001FA02F2E8401043B5F1200258BF21FA6C
:1010200002F0C00701D000200DE0FFF7AAFF29461B
:1010300007F0DAFBFFF7A5FF00EB850040680078BA
:1010400000F09DF908B140B2B0BD40F27830C1F275
:10105000000029460122234600F023F8E3E7F8B117
:1010600010B501784068202904D2012203698A4022
:101070001A43026101EB410100EB810191F8240068
:1010800060B101F11C04216811B160688847207AC1
:10109000012802BF0020C4E900002072BDE8104012
:1010A0007047F0B583B01E4617460D460446FFF75D
:1010B00068FF1F2D46D800680121A940084041D093
:1010C0000122C5F12000B5F1200122FA00F058BF3D
:1010D00002FA01F002FA05F158BF0021002FD4E90D
:1010E000002307BF23EA000022EA0101184311434D
:1010F000C4E90010FFF745FF00EB85004068337836
:1011000000786219107204EBC501137505EB4502F6
:1011100003F0FE0301F87C5F04EB82020027022B40
:101120004C60C2E9077782F824700BD141F25F026C
:10113000C0F61102CDE9002102218DF808106946A0
:1011400000F01CFA03B0F0BD3F282AD810B540F2D9
:10115000783CC1F2000CDCE900E2C0F1200302FAA5
:1011600003F42EFA00F32343B0F1200458BF22FA0F
:1011700004F3DA07BDE8104013D00CEB0002127D37
:1011800002F0FE02022A0CD100EB4000D1E900235C
:101190000CEB8000C0E90723097A80F824100120B5
:1011A000704700207047B0B504461F284FF0FF007D
:1011B0001DD842F2A041C1F200010968012202FAE1
:1011C00004F5294013D000F062F8016829421ABFE3
:1011D00000EB840040680020851C00F058F800EB0C
:1011E000840040680178284600F013FB002040B2DC
:1011F000B0BDB0B504461F284FF0FF001DD842F225
:10120000A041C1F200010968012202FA04F5294057
:1012100013D000F03CF8016829421ABF00EB8400AB
:1012200040680020851C00F032F800EB8400406824
:101230004178284600F0EDFA002040B2B0BD70B50C
:10124000044600F024F81F2C4FF0FF011BD8006863
:10125000012202FA04F5284015D042F2A046C1F25C
:101260000006306828420DD1FEF7B4FE68B100F0E8
:101270000EF8214607F0B9FA30682843306020465E
:10128000FFF7B7FF002148B270BDFF21FBE740F632
:101290008C20C0F61200704710B504461F284FF08E
:1012A000FF0011D842F2A041C1F2000109680122F9
:1012B000A240114008D0FFF7EAFF00EB840040682D
:1012C000023000F03EFB002040B210BD10B50446D5
:1012D000FFF7DDFF006801220021202C02FA04F252
:1012E00038BF0121104018BF0120084010BDF0B5E3
:1012F00081B03F283CD8044642F2A840C1F2000029
:10130000D0E900010123C4F1200723FA07F603FA0C
:1013100004F7B4F1200258BF03FA02F658BF0027C1
:1013200031403840084323D042F2A845C1F20005BD
:101330002846214600F0E0F888B1D5E900013140A7
:10134000384008431ABF05EB840080682120012142
:1013500001FA00F001B0BDE8F040F6F721BD04EB62
:10136000440005EB80000021C0E9221180F89010B4
:1013700001B0F0BD40F61830C0F61200704710B54D
:101380000446FFF7F7FF1F2C4FF0FF0125D8006838
:101390000122A240104020D042F2A840C1F2000039
:1013A000D0E90001C4F1200201FA02F2E04010434A
:1013B000B4F1200258BF21FA02F0C0070CD1FFF7A8
:1013C000D9FF214607F02DFA42F2A840C1F20000F1
:1013D0002146012200F05EF8002148B210BD000055
:1013E0003F2884BF002070472DE9F04742F2A8490A
:1013F0000446C1F200090E46D9E900010123C4F1F7
:10140000200723FA07F703FA04F5B4F1200258BFC6
:1014100003FA02F758BF002539402840084336D068
:10142000701C4FF0FF380ED006F058FE10EB060A85
:10143000D9E9000241F1000602EA07012840084309
:1014400005D1212406E04FF0FF3A4FF0FF3609EBBB
:101450008400846820460021F6F7FCFCA0B18AEAEB
:10146000080086EA080140EA010500BF35B106F030
:1014700035FEBAEB000076EB010008D320460021D0
:10148000F6F7E8FC0028F1D10120BDE8F087002044
:10149000BDE8F08770B516460C460546FFF76AFFB3
:1014A0001F2C88BF70BD00680121A140084022D0D8
:1014B0000122C4F12000B4F1200122FA00F058BF4B
:1014C00002FA01F002FA04F158BF0021002ED5E91A
:1014D000002307BF23EA000022EA01011843114359
:1014E000C5E90010FFF746FF00EB8400406805EBFC
:1014F00084010068886070BD3F2984BF0020704768
:1015000010B5D0E90023C1F1200403FA04F4CA4065
:101510002243B1F1200458BF23FA04F2D2070ED0BF
:1015200001EB410100EB810454F8881F09B16068A8
:101530008847207A0238B0FA80F0400910BD0020B8
:1015400010BD3F2888BF704742F2A84CC1F2000C82
:10155000DCE90023C0F1200103FA01F1C24011438C
:10156000B0F1200258BF23FA02F1C90705D00CEBF5
:10157000800080680021F6F763BC70473F2884BF75
:101580000020704710B542F2A84CC1F2000CDCE913
:1015900000E2C0F1200302FA03F42EFA00F3234321
:1015A000B0F1200458BF22FA04F3DA0718D00CEB8C
:1015B000800200EB4000D1E900340CEB8000C0E970
:1015C00022340B7A926880F8903008680123002852
:1015D00003FA02F006D0097A21B1F6F7E1FB03E045
:1015E000002010BDF6F7E4FB012010BD10B500F09F
:1015F00039F88468204600F015F8611C10D0806826
:10160000844298BF10BD4FF68071201AC1F2FF715D
:1016100008404EF6085100F10060CEF2000108606B
:1016200010BD0000B0B5054600F011FA04300021ED
:10163000425832B193689D4203D3D46823449D42FB
:1016400003D304310829F3D1002240F6E840C0F664
:101650001200002A18BF1046B0BD002070470020BD
:101660007047000010B5044600F0F1F90C3000217D
:10167000425812B113789C4203D004313829F7D173
:10168000002240F60050C0F61200002A18BF104693
:1016900010BD81B044F2E040C5F60200016841F09F
:1016A00001010160006800F001000090009801B0A5
:1016B000704781B044F2E040C5F60200016841F095
:1016C00002010160006800F002000090009801B083
:1016D000704781B044F2E040C5F60200016841F075
:1016E00004010160006800F004000090009801B05F
:1016F000704781B044F2E040C5F60200016841F055
:1017000008010160006800F008000090009801B036
:10171000704781B044F2E040C5F60200016841F034
:1017200010010160006800F010000090009801B006
:10173000704781B044F2E040C5F60200016841F014
:1017400020010160006800F020000090009801B0C6
:10175000704781B044F2E040C5F60200016841F0F4
:1017600040010160006800F040000090009801B066
:10177000704781B044F2E040C5F60200016841F0D4
:1017800080010160006800F080000090009801B0C6
:10179000704781B044F2E040C5F60200016841F4B0
:1017A00080710160006800F480700090009801B0C2
:1017B000704781B044F2E040C5F60200016841F490
:1017C00000710160006800F400700090009801B0A2
:1017D000704710B5044600F0AFF821880022B2EB44
:1017E000113F14D1CAB20A2A11D801F00F020B0A14
:1017F00030F8124001219940214208D000EB8200CC
:10180000806920B189B2BDE81040F6F723BA002004
:1018100010BDB0B50C46054600F08EF82A880021B0
:10182000B1EB123F4FF0FF0117D1D3B20A2B14D8FE
:10183000110A02F00F0230F81230012505FA01F109
:10184000194209D000EB8200806928B189B2224692
:10185000F6F70EFA002100E0FF2148B2B0BD81B0DA
:1018600044F2E040C5F60200016841F48061016085
:10187000006800F480600090009801B0704791F813
:1018800000C04A788B78614600F07FB8092A4FF093
:10189000000088BF7047F0B585B00C4601211646A0
:1018A000914040F28732114219D0A0680A9F1D462C
:1018B00000B18047A1880020049000910AA017A1E0
:1018C00050F8260051F82510CDE9010116A050F876
:1018D0002710206803916946F6F7DAF8012005B071
:1018E000BDE8F040704700BF0000000001000000AC
:1018F00011000000020000001200000003000000C0
:10190000030000000000111100002111000031113E
:10191000000012110000221100003211000000002E
:1019200001000000020000000000000001000000B3
:10193000020000000300000040F69C30C0F61200D8
:10194000704710B50446FFF7F7FF22880021B1EB7E
:10195000123F4FF0FF0116D1D3B20A2B13D8110A50
:1019600002F00F0230F81230012404FA01F119429A
:1019700008D000EB8200806920B189B2F6F770F9D7
:10198000002100E0FF2148B210BD2DE9F04184B0F4
:10199000984616460F460446FFF7CEFF22880021E0
:1019A000B1EB123F4FF0FF0130D1D3B20A2B2DD84B
:1019B000110A02F00F0230F81230012505FA01F188
:1019C000194222D000EB82008269406C0192ADF88E
:1019D00008100390CAB101A93A463346CDF80080F9
:1019E000FFF754FF88B160781F280CD8217842F2A5
:1019F000B462C1F20002012352F8217003FA00F030
:101A0000384342F82100002100E0FF2148B204B031
:101A1000BDE8F08110B584B00446FEF7E9FA98B944
:101A2000207A1F2818BFFFF7E1FD60680021CDE98B
:101A3000011040F23300C0F61100039001A806F037
:101A400053FB2046FEF7DAFA012004B010BD40F641
:101A5000A440C0F612007047B0B51F284FF0FF0534
:101A60000FD80C4642F6E841C1F200010968012294
:101A700002FA00F0084004D00020002500F047F8EA
:101A8000206068B2B0BD80B500F093F900F022FF8D
:101A900001F0BEF800F075FF002080BD10B50C46C7
:101AA0001F284FF0FF010DD842F6E842C1F20002B4
:101AB0001268012303FA00F0104003D001F0C0F8CF
:101AC0000021207048B210BD10B584B088790C4652
:101AD00001280ED1208860B1A17851B1ADF80A007B
:101AE0000020ADF80D000DF10A008DF80C1000F08B
:101AF000A2FEE079012807D1207AA18800906846EB
:101B0000ADF8041001F03DF8002004B010BD80B520
:101B100000F00EFF18B1BDE8804000F0F6BE01F005
:101B200095F818B1BDE8804001F084B8002080BD70
:101B300059B180B582B06846CDE9001200F0E7F8EF
:101B4000002002B0BDE8804000E0FF2040B27047B6
:101B50002DE9F04788B00446D1E9000746F6630551
:101B60008004C1F6C67550FB05F08B680113226B2B
:101B700001EBD070D4F804C0D4E906161044BF04B9
:101B8000401857FB05F746F100013E1306EBD777E7
:101B9000666B226A374412EB07084FEA834252FB16
:101BA00005F24FEA2233A76B666A03EBD272D4E9DF
:101BB0000A353A4446F100069F1845F100050CF13C
:101BC0000102A061E161C4E90886C4E90A756260A6
:101BD0006268B2F5806F39D34FF00009CDF81090EC
:101BE000CDF81490CDF80C90CDF80890CDF8049075
:101BF000CDF8009062680023EEF70AFE0DF1100A9E
:101C0000CAE900016268404631460023EEF700FE53
:101C100002AEC6E900016268384629460023EEF7A5
:101C2000F7FD6A46C2E90001DAE90001D6E90013CE
:101C3000D2E9002304F1300307C306A8CDE90699D1
:101C400000F065F80120C4F80490207008B0BDE8E9
:101C5000F087000070B586B00D46044606F03EFAE7
:101C6000401941F1000102ADC5E9000106F036FA64
:101C70006E46C6E90001207878B900BFD6E90001B8
:101C8000D5E90023101A73EB010008D306F026FAF9
:101C9000C6E9000120780128F0D1012508E00025DF
:101CA00004A8CDE9045500F032F8012065602070E9
:101CB000284606B070BD704770B584B040F2384E0B
:101CC000C1F2000E0EF1400538CD091BC01A48F2D2
:101CD000E803521B584359435A43DEF804C0C61761
:101CE000CC17D31700EB963001EB943102EB933213
:101CF000801489149214BCF1000FCDE90101039204
:101D000003D0DEF8080001A9E04704B070BDB0B50B
:101D100042F2E064C1F20004054620460021F3F7D8
:101D200025FA20460121F3F721FAD5E9000140F612
:101D30001052C0F61202002804BF1068516840F229
:101D40003842C1F20002C2E9010143F6D302C0F6F3
:101D5000100220460021F3F73BF943F63702C0F6A4
:101D6000100220460121BDE8B040F3F731B980B53B
:101D700082B0D0E90012806840F23843C1F200031B
:101D800098600020CDE900006846C3E90012FFF723
:101D9000BEFF43F2C02041F6B941C1F20000C0F6D7
:101DA00011010160F1F74DFD013818BF012002B0AB
:101DB00080BD80B582B00020CDE900006846FFF705
:101DC000A6FF012002B080BD70B582B00446006855
:101DD000012829D10020002100220026F9F779FCF2
:101DE0000020F9F767FC40F23845C1F200056E614A
:101DF00005F8106F47F25D40C5E90C00A86305F1D6
:101E000018001821EFF727F841F65130C0F61100FD
:101E1000CDE900056846FFF77AFF6168284602B001
:101E2000BDE87040FFF716BF012002B070BD80B55D
:101E300000F0C7F900F01BF800F0C4FA00F042F817
:101E400000F0BEF800F0EFF900F01CF9BDE88040AA
:101E500000F003BB10B542F60824C1F2000420468E
:101E6000F8F722F82046BDE81040F8F767BA80B5C9
:101E700082B044F2D840C5F602000168002241F069
:101E800002010160016801F00201019101990168FC
:101E900041F0010101600068052100F0010000909F
:101EA00000983820F6F784F83820F6F76FF80F20FE
:101EB00005210022F6F77CF80F2002B0BDE8804033
:101EC000F6F764B810B58AB0002468461C2109945E
:101ED000CDE90744EEF7BFFF42F2E06042F20001B5
:101EE000C1F20000C4F202014FF4802201234FF03E
:101EF000040C80E81600C0E9033C03214FF4A862FB
:101F00004FF4806C4FF4805E848281610377C0E976
:101F10000832C0E90AC1C0E90CE480F83840F2F7A1
:101F20000DFD08B1F1F746FF4FF4004008904FF463
:101F30000060099042F2E0600624C1F2000007A9A7
:101F40000794F2F7DBF808B1F1F734FF0120CDE98F
:101F500000040220029040F2FF70039004200490DD
:101F600000200590ADF8180042F2E060C1F20000D8
:101F70006946F2F79FF908B1F1F71CFF0220C0F2A1
:101F8000304000900C20019042F2E060C1F200006D
:101F90006946F2F78FF908B1F1F70CFF0820C0F697
:101FA000904000901220019042F2E060C1F20000E7
:101FB0006946F2F77FF908B1F1F7FCFE0AB010BDEF
:101FC00070B588B042F2707042F20011C1F20000A8
:101FD000C4F2020100244FF480220123042580E88A
:101FE000160003264FF480510794C0E9033584821C
:101FF000866103770362C0E90B41446380F838408F
:10200000F2F79CFC08B1F1F7D5FE40F20020C2F2D5
:10201000B05001900620CDE9020640F2FF70CDE9F4
:10202000040542F27070C1F2000001A906948DF817
:102030001D40F2F73FF908B1F1F7BCFE41F2000094
:10204000C3F2602001900C20029042F27070C1F245
:10205000000001A9F2F72EF908B1F1F7ABFE42F248
:102060000000C3F2906001901220029042F2707062
:10207000C1F2000001A9F2F71DF908B1F1F79AFECB
:1020800008B070BDF0B587B068461C21EEF7E3FEDE
:1020900042F6000046F20001C1F20000C5F602015E
:1020A0004FF480220024012580E836004FF4B4610B
:1020B000082306274FF48062C0E9085100F1280187
:1020C000036184828761057703234FF480564CC1F6
:1020D000446380F83840F2F731FC08B1F1F76AFE4A
:1020E0000520029040F2FF70CDE9030447F25D4005
:1020F000059042F60000C1F200006946CDE90057A4
:10210000ADF81840F2F7D6F808B1F1F753FE022007
:10211000C0F2304000900C20019004200490002078
:10212000059042F60000C1F200006946F2F7C2F8DD
:1021300008B1F1F73FFE0420C0F6600000901220C5
:10214000019042F60000C1F200006946F2F7B2F8D1
:1021500008B1F1F72FFE0820C0F69040009018203B
:10216000019042F60000C1F200006946F2F7A2F8C1
:1021700008B1F1F71FFE0020CCF6843000904FF438
:10218000807001900620029042F60000C1F200002B
:102190006946F2F78FF808B1F1F70CFE0020CCF693
:1021A000B87000904FF48370019042F60000C1F2C5
:1021B00000006946F2F77EF808B1F1F7FBFD07B0C1
:1021C000F0BD2DE9F04385B040F60004C5F60204E9
:1021D0004FF0000920464FF4E0710022CDF8109036
:1021E0004FF4E076F5F744FD04F5006528464FF41A
:1021F000C07100224FF4C078F5F73AFD00966E46A4
:10220000012720463146CDE901790397F5F740FCD7
:1022100028463146CDE90087CDE90297F5F738FC2D
:1022200005B0BDE8F08370B59CB00BAE002530461C
:102230001C211B95CDE91955CDE91655CDE914554D
:10224000CDE91255EEF707FE68462C21EEF703FEA6
:1022500042F690000021C1F20000C4F201012022E8
:102260008024C0E9001500F1080140F2DC532CC1C4
:10227000C0E90554F7F788FB08B1F1F79BFD4FF46F
:102280008050189042F69000C1F2000018A9F7F7AC
:1022900019FD08B1F1F78EFD42F69000C1F2000081
:1022A000F8F7DAFE08B1F1F785FD202015904FF41C
:1022B000100016900020179042F69000C1F2000026
:1022C00015A9F7F703FB08B1F1F774FD0120CDE97B
:1022D0001200149042F69000C1F2000012AA0121EF
:1022E000F7F7E4F908B1F1F765FD42F69000C1F2A5
:1022F000000012AA0221F7F7D9F908B1F1F75AFD47
:1023000060200B90301D1821EEF7A5FD42F69000DD
:10231000C1F2000031460022F8F758FC08B1F1F78D
:1023200049FD42F69000C1F200000BA90422F8F723
:102330004DFC08B1F1F73EFD42F69000C1F20000FD
:102340000BA90822F8F742FC08B1F1F733FD702021
:102350000B9040F24D400C9042F69000C1F200000C
:102360000BA91422F8F732FC08B1F1F723FD4FF462
:10237000805104914FF400514FF4006005910F21FA
:1023800000904FF4806006914FF080710190002022
:1023900007914FF00071CDE90200CDE908100A90D5
:1023A00042F69000C1F200006946F7F731F908B132
:1023B000F1F700FD42F69000C1F2000000F055F97F
:1023C0001CB070BD10B58CB042F64C1040F6000247
:1023D0000021C1F20000C4F20002C8234FF6FF74CE
:1023E0000B91CDE909110391CDE90111C0E9002359
:1023F000C0E9021401618161F7F7C6FA08B1F1F78B
:10240000D9FC4FF48050089042F64C10C1F2000005
:1024100008A9F7F757FC08B1F1F7CCFC0024042019
:10242000CDE9060442F64C10C1F2000004A9CDE942
:102430000444F7F7D5F908B1F1F7BCFC502001903E
:1024400042F64C10C1F2000001A90394F7F73EFADE
:1024500008B1F1F7AFFC0CB010BD10B584B042F676
:10246000C42041F20001C1F20000C4F200010024C6
:1024700040F2CF7280E8160080210294C0E9032464
:102480008161F7F781FA08B1F1F794FC20200190FF
:1024900042F6C420C1F2000001A90394F7F716FA2E
:1024A00008B1F1F787FC04B010BD10B586B0044642
:1024B00001A81421EEF7CFFC206840F60001C4F219
:1024C0000001884250D041F20001C4F2000188426C
:1024D0003CD00021C4F20101884274D144F2E040B2
:1024E000C5F60200016941F001010161016901F0D5
:1024F000010100910099016841F04001016001680B
:1025000001F0400100910099016841F01001016063
:102510000068002100F01000009000981020019049
:102520001220029001200390CDE9041040F60040F3
:10253000C5F6020000F5406001A9F5F7A9FA1A20D6
:1025400005210022F5F734FD1A203AE044F2E0407C
:10255000C5F60200816841F010018160806800F0DA
:102560001000009000982EE044F2E040C5F6020012
:10257000816841F004018160816801F004010091EB
:102580000099016841F0080101600068002100F035
:102590000800009000984FF4E04001900220039161
:1025A00003210290CDE9041040F60040C5F6020078
:1025B00001A9F5F76DFA1E2005210022F5F7F8FCB8
:1025C0001E20F5F7E3FC06B010BD10B5006840F61C
:1025D0000001C4F20001884231D041F20001C4F28E
:1025E0000001884222D00021C4F20101884218BFB4
:1025F00010BD44F2E840C5F602008168002421F0D5
:102600000101C5F60204816020464FF4C061F5F770
:102610009DF904F5C0501021F5F798F904F58050A4
:102620004FF40071F5F792F91A201AE044F2E840ED
:10263000C5F60200016821F01001016010BD44F2EE
:10264000E840C5F60200016821F0040101600020A5
:10265000C5F6020000F540604FF4E041F5F776F969
:102660001E20BDE81040F5F77BBC2DE9F04387B094
:10267000044602A81421EEF7EEFB20680021C4F204
:102680000101884238D144F2E040C5F602000168F9
:10269000002441F0010101600168C5F6020401F067
:1026A000010101910199016802AD41F01001016041
:1026B00000684FF0020800F01000019001984FF4FC
:1026C000C06002904FF000090326012720462946EA
:1026D000CDF80C80CDF8109005960697F5F7D8F94F
:1026E0004FF4007002A981E8010304F580502946E7
:1026F000CDE90567F5F7CCF907B0BDE8F083000038
:10270000B0B590B002B280EAE233A3EBE23212B28B
:1027100092FBF1F1102303EAD02408B20DF0D3FBB1
:102720009FED370B53EC102B0DF024F99FED360B7A
:1027300053EC102B0DF01EF90DF098FB42F608211A
:10274000C1F2000140F600420025C4F20002C1E9D6
:10275000024008460695CDE90455CDE90255CDE97C
:102760000055C1E900250D618D61F7F725FE08B11F
:10277000F1F720FB0320CDE907050120CDE909058C
:102780000421CDE90D0542F60820CDE90B150F9186
:10279000C1F2000007A9F7F7B9FB08B1F1F70AFB8E
:1027A00042F608200024C1F2000004A90494069413
:1027B000F7F78CF808B1F1F7FDFA0120CDE9010433
:1027C0000820039042F60820C1F200006946082262
:1027D0000094F7F7EDFC08B1F1F7ECFA0220CDE92F
:1027E00000000020039042F60820C1F20000694674
:1027F0000C22F7F7DDFC08B1F1F7DCFA10B0B0BD40
:10280000000000000000E03F000000000000F0BFFA
:1028100040F61C50C0F61200704710B50446F1F7A0
:10282000B1FA40F28841C1F200010020226808702C
:1028300001204A6010BDB0B50446008800284FF062
:10284000000039D0A178B9B340F28845C1F2000543
:102850002878012804D1F1F795FA002028706860E3
:102860002068A860217900B22973A97A0A0492FB32
:10287000F0F26A61FFF744FF42F60824C1F2000457
:1028800043F63752C0F6100220461221F8F7DEFD5B
:1028900008B101200FE020680021416220463C2160
:1028A000F7F7E0FB48B142F60820C1F20000122120
:1028B000F8F7F8FD00202870B0BD42F60824C1F2F8
:1028C000000420460821F7F75BFE20460C21F7F7AD
:1028D0000BFFDEE710B542F60824C1F200042046E3
:1028E0000C21F8F729F820460821F7F7C9FF204600
:1028F0003C21F7F715FCFFF7ADFA40F28841C1F231
:102900000001002201200A7010BD40F28840C1F28F
:102910000000017851B142F60821C1F200010968B6
:10292000496AD0E9040202FB0100704780697047E0
:1029300040F28840C1F200000078704742F67043D0
:10294000C1F200035B78002B1EBF00200021002293
:10295000F8F7BFBE10B5006842F67044C1F200043B
:10296000606000206070F8F733FE0120207042F6AE
:102970009000C1F200000068C16821F08001C160D0
:1029800010BD42F67040C1F2000000210170F8F75E
:10299000EBBD002818BF4FF4E070F8F78BBE0000C5
:1029A000B5EE400AF1EE10FA0FDD9FED2D2AB4EEE0
:1029B000420AF1EE10FA08DA9FED2A2A20EE020A06
:1029C000BDEEC00A10EE100A09E09FED252AB4EE14
:1029D000420AF1EE10FAACBF40F2DB500020F5EEF7
:1029E000400AF1EE10FA0FDD9FED1D0AF4EE400AE9
:1029F000F1EE10FA08DA9FED1B0A20EE800ABDEE18
:102A0000C00A10EE101A09E09FED150AF4EE400A14
:102A1000F1EE10FAACBF40F2DB510021B5EE401AE6
:102A2000F1EE10FA10DD9FED0E0AB4EE401AF1EE51
:102A300010FA09DA9FED0B0A21EE000ABDEEC00A7A
:102A400010EE102AF8F745BE9FED050AB4EE401AC5
:102A5000F1EE10FAB4BF002240F2DB52F8F739BEB3
:102A60000000C8420AD76F4142F67040C1F2000030
:102A700040789FED062A00281EBFB0EE420AF0EE15
:102A8000420AB0EE421AFFF78BBF00BF0000000001
:102A900010B5044607F0F3FCE16801291CBF00F003
:102AA000070010BD00F0010100F0020241EA4201FE
:102AB000022202EA5000084410BD10B50446FFF798
:102AC000E7FF0146204600F017F898B1607E40F617
:102AD000305200F00700C0F61202218A32F81000CE
:102AE000A2680844012A606102BF40F28841C1F235
:102AF0000001886110BD000080B54A1E062A07D279
:102B0000827E012A09D1002282764176017609E08F
:102B1000042007F0C4FC002080BD427E41768A423A
:102B2000027601D1012080BD501E052807D805A0DE
:102B3000805C8142F6D005A0805C8142F2D0062004
:102B4000E7E700BFFF05030106040200FF030602DA
:102B50000501040010B50446F8F7F4FC40F2A44166
:102B6000C1F20001002008704860C8600882486116
:102B7000088301208876D4E90020886001204A601B
:102B800010BDB0B5818840F2A444C1F20004218296
:102B90000068E0602046FFF790FF42F64C15C1F256
:102BA00000052846F7F756F828460021F7F768FE93
:102BB00042F65942C0F6110228461221F8F746FCA7
:102BC00008B101251EE042F64C10C1F20000F6F7F4
:102BD00099FF38B142F64C10C1F200001221F8F70B
:102BE00061FC0EE042F64C10C1F200000021F7F744
:102BF0007BFD0028E5D042F64C10C1F20000F7F74B
:102C000029F8002520462570FFF757FF2846B0BD5C
:102C100080B540F2A440C1F2000000210170416083
:102C2000C16001824161018301218176F8F78AFC4C
:102C3000012080BD40F2A440C1F20000406970470D
:102C400040F2A440C1F20000407E704740F2A44030
:102C5000C1F200000078704740F2A440C1F20000C9
:102C6000FFF72BBF2DE9F0410C460546FFF7D0FDDD
:102C70001F2D4FF0FF0735D80068012101FA05F636
:102C800030402FD042F6E848C1F20008D8F80000E2
:102C9000304202D00020FEF7F6FEFFF7B9FD2946CC
:102CA00005F038FF42F6804105EB8500C1F20001D6
:102CB00001EB400021460922EDF7B5FF0020002777
:102CC00000F0B6F8D8F8000021883043C8F80000BA
:102CD00019B9A07808B9A08820B12846214600F08B
:102CE0007FF8002778B2BDE8F081B0B50D46044604
:102CF000FFF78EFD1F2C24D801680120A040014061
:102D00001FD042F67C41C1F20001B5B142F67843D2
:102D1000C1F200030A681B68024303420A6004D040
:102D2000002000210022FFF709FE0020FFF731FEFE
:102D30002046002100F008F803E00A6822EA0000BB
:102D400008604FF0FF30B0BDB0B51F284FF0FF0551
:102D500028D842F6E842C1F200021268012303FAC1
:102D600000F002401ED042F67C42C1F2000212681E
:102D700000250240B2FA82F2520901EA020442F648
:102D80007841C1F20001012C0A6814BF22EA000058
:102D900010430860002000210022FFF7CFFD2046ED
:102DA000FFF7F7FD68B2B0BD00F094B91F284FF0EF
:102DB000FF0213D842F67843C1F20003D3F800C0F3
:102DC000012303FA00F010EA0C0007D080B591EC63
:102DD000030AFFF749FE0022BDE8804050B2704769
:102DE000B0B51F284FF0FF0520D80C4642F6E84149
:102DF000C1F20001096801228240114016D02188E9
:102E000019B9A17809B9A18881B142F6804100EBD6
:102E10008000C1F2000101EB400021460922EDF7DC
:102E200002FF002021460025FEF74EFE68B2B0BD2D
:102E300010B584B0FFF7A5FD002468460294CDE9E3
:102E40000044FEF794FF68460094FFF7E6FC6846EE
:102E5000CDE90044FFF77EFE68460094FFF77AFD57
:102E600041F68020C0F206000190012000906846E3
:102E7000FEF7AAFF684600F0D5F8002004B010BDA8
:102E800010B504461F284FF0FF0021D842F6A85184
:102E9000C1F2000109680122A240114018D000F0DF
:102EA00019F800EB840040684068F6F7EDFE40F248
:102EB000C04304EB4402C1F2000303EBC2010C7DEA
:102EC0000020032C03F832001EBF012008750020EB
:102ED00040B210BD40F65450C0F612007047B0B575
:102EE0001F2818D8044642F6A850C1F20000006816
:102EF0000121A140084008BFB0BD40F2C04104EB31
:102F00004400C1F2000101EBC005E96809B128697C
:102F10008847287A00B1B0BD032120462975BDE855
:102F2000B040FFF7ADBFB0B542F6AC5CC1F2000CEB
:102F30004189DCE900E30CEB83039A68AEEB020203
:102F4000CCF800209960DCE900234FF0000E11441A
:102F5000013301F14002802BC2F3CF1228BF734628
:102F6000CCE900138AB142F6E071C1F200010978A0
:102F700040F27073C0F23D0300291CBF4BF66C3366
:102F8000C0F2C443B3FBF2F201E040F6E44240F287
:102F90004261C1F200010A8042880B885A4302EB69
:102FA000C20240F24463C2F3CF32C1F200031A807E
:102FB000B0F90000B1F9001042F6E472C1F200026B
:102FC0004843D2E9005100EB800002EB81014FEA57
:102FD000400C40F380708B680CEB90308414EB1A3B
:102FE00013608C60D2E9001301EBA040591C8029CA
:102FF00038BF8E46C2E9000E403040F24061C00941
:10300000C1F200010880B0BD42F6C070C1F20000FC
:10301000FFF789BF42F6C070C1F200000C30FFF725
:1030200082BF000010B542F6C420C1F20000F6F7DE
:1030300069FD08BB42F60000C1F20000002140F229
:10304000FF72F0F7E5FFB8B942F6000043F209025B
:10305000C1F20000C0F611020121F1F7B9FF58B921
:1030600042F6000043F21502C1F20000C0F6110260
:103070000021F1F7ADFF00B110BD42F6E070C1F2E2
:1030800000000121017042F6AC500021C1F20000A5
:1030900040F6E44200EB8103013180299A60F9D1C6
:1030A00047F2002142F6C074C0F206010022C1F2CC
:1030B0000004C0E9001220462021EDF7CCFE42F6C4
:1030C0000000C1F2000021460C22BDE81040F1F7DB
:1030D000C5BF000040F24460C1F2000000889FEDCF
:1030E000041A00EE100AB8EE400A20EE010A7047FA
:1030F0006F12833A2DE9F0410D46044600F06FF857
:103100001F2C4FF0FF0167D80068012202FA04F774
:10311000384061D043F2EC18C1F20008D8F8000042
:10312000384258D1FCF756FF48B340F2486CC1F220
:10313000000CD5E90036D5E902020CEB04114FEA88
:10314000041E4CF80E30C1E90160CA6000F047F877
:103150002146064605F0E1FC2878042836D80921E6
:10316000DFE800F003180F20200006EB8400406821
:103170000021C27801300123FEF707FC26E0FF2181
:103180002AE006EB8400406807210078012808BF88
:10319000082107E006EB8400406808210078012838
:1031A00008BF072106EB840460680123C278013060
:1031B000FEF7EBFB60680021B0F904000022F4F791
:1031C000F7FE6068B0F90400F4F7E0FED8F80000FC
:1031D0003843C8F80000002148B2BDE8F08140F64D
:1031E000A050C0F6120070472DE9F0411F2850D8BA
:1031F000044643F2EC10C1F200000068012101FA1C
:1032000004F7384045D040F24866C1F2000620017C
:10321000305C06EB0415411E032905D26968C1B371
:10322000A868BDE8F0410847042832D1D6F80081EB
:10323000204600F03FF818EA070F2CD0002818BFEE
:10324000BDE8F081D6F80001B843C6F8000104F0EB
:1032500045FF06EBC40646F8C00F344654F8402D2F
:1032600056F83C7C831A61EB07025F1E72F100077F
:1032700071600CDBEF68FB1A4FF0000373EB020286
:1032800005D26A681AB1A8689047D6E90001C4E976
:103290000001BDE8F0810028FBD0D6F800013843DA
:1032A000C6F8000104F01AFF06EBC402C2E92001CF
:1032B000BDE8F081B0B582B004461F284FF0000091
:1032C00020D843F2EC11C1F2000109680122A240AA
:1032D000114017D0FFF783FF00EB84004068B0F87F
:1032E0000100ADF806000DF10600FEF772FA054682
:1032F000FFF775FF00EB840040680078401BB0FAD0
:1033000080F0400902B0B0BDB0B504461F284FF0B0
:10331000FF001DD843F2F011C1F20001096801223B
:1033200002FA04F5294013D000F03CF80168294264
:103330001ABF00EB840040680020851C00F032F8C2
:1033400000EB8400406841782846FEF762FA0020CE
:1033500040B2B0BD70B5044600F024F81F2C4FF009
:10336000FF011BD80068012202FA04F5284015D09D
:1033700043F2F016C1F20006306828420DD1FCF786
:1033800029FE68B100F00EF8214605F0D9FB30683F
:10339000284330602046FFF7B7FF002148B270BDD8
:1033A000FF21FBE740F6D450C0F612007047002022
:1033B0007047B0B542F21030C1F20000007843F21D
:1033C0003425C007C1F20005BFF35F8F01D0286824
:1033D000B0BD42F21030C1F2000007F04AF90028F7
:1033E000F5D0082006F0A3FF044640F68460C0F63E
:1033F0001200083020600C2006F099FF0021C0E97F
:1034000000118160606042F21030C1F200002C6057
:1034100007F045F9DBE70020704700207047704750
:1034200010B5044600F0EAFF6168886060682146D4
:10343000806800F088FF60680121017110BD40685C
:1034400000687047426801201160704740688068DA
:1034500000F0D9BF0020704710B5044640F68460E4
:10346000C0F612000830206060680021616010B171
:103470000C2106F05AFF20460821BDE8104006F056
:1034800054BF10B5044640F68460C0F61200083000
:10349000206060680021616010B10C2106F045FFDA
:1034A000204610BD00207047B0B542F21430C1F282
:1034B0000000007843F23825C007C1F20005BFF3D1
:1034C0005F8F01D02868B0BD42F21430C1F2000015
:1034D00007F0CFF80028F5D0082006F028FF0446B2
:1034E00040F6C060C0F61200083020600C2006F0E4
:1034F0001EFF0021C0E900118160606042F21430BB
:10350000C1F200002C6007F0CAF8DBE7002070472A
:1035100000207047704710B5044600F06FFF6168E7
:10352000886060682146806800F00DFF60680121B6
:10353000017110BD40680068704742680120116049
:10354000704700207047002070474068012141719A
:10355000704710B5044640F6C060C0F6120008304F
:10356000206060680021616010B10C2106F0DDFE72
:1035700020460821BDE8104006F0D7BE10B504462D
:1035800040F6C060C0F6120008302060606800217C
:10359000616010B10C2106F0C8FE204610BD00206D
:1035A000704700207047B0B5044640680D468173EF
:1035B000243000F0F4FD606829468068BDE8B04022
:1035C00000F0B8BE00F002B870470000F0B581B05E
:1035D00004464068D0E90425D0E9076712B12046C7
:1035E00029469047304600F00CFF014620462A4607
:1035F000B847F7E710B50446806838B1616800F055
:10360000CAFEA06800F0A4FD0020A06004F1240020
:1036100000F0D7FD204610BD4B69D3B370B582B022
:103620000446088800284FF0000030D08B7873B330
:10363000606891E80850D1E903564969C360C0F851
:1036400010C0C0F814E0C0E906560162636843F296
:10365000CD519889C0F61101C61D26F0070098814A
:1036600003F12400002A18BF11469B7B4FF6F87225
:1036700016402246009600F089FD6068243000F074
:1036800043FD61688860214600F05DFE012002B0C4
:1036900070BD002070474068006870474268012094
:1036A000116070474068806800F0ADBE0020704730
:1036B00070B5044640F6FC60C0F612000830206089
:1036C000282006F034FE00260546C0E90066866024
:1036D0004020A8810820A8730AA043F2C95205F12E
:1036E00018034FF0FF31C0F6110207C305F12400A3
:1036F000C5E9046600F056FD2046C5E9014665604F
:1037000070BD00BF65767454687265616400000026
:1037100080B500F005F80821BDE8804006F005BE40
:1037200010B5044640F6FC614068C0F6120108314D
:10373000216020B1FFF75EFF282106F0F6FD20464C
:1037400010BD10B542F21830C1F20000007843F20B
:103750003C24C007C1F20004BFF35F8F01D0206892
:1037600010BD42F21830C1F2000006F082FF0028BE
:10377000F5D0042006F0DBFD00F01DF9206042F2D8
:103780001830C1F2000006F08AFFE8E7F0B581B01A
:10379000FFF7D7FF0446FFF70CFE21680546D1E985
:1037A00006744E6AFFF73CFE17B128462146B8471B
:1037B000002EFDD028462146B047F9E786B00A68BA
:1037C000002A4BD004468888002847D088790028F2
:1037D00044D0888A002841D0887D00283ED0D1E995
:1037E00000CED1E90235D1E90420C4E90235C4E9AB
:1037F0000420C4E900CED1E906C2D1E90835D1E9F7
:103800000A01C4E90835C4E90A01C4E906C2A0886E
:1038100043F65F0E43F28D73226804F13C0543F6D4
:10382000850CC0F6110EC0F61103A18AC0F6110C6A
:103830004FF400668DE84300CDE9033E284600239F
:10384000CDF814C000F018FD284600F083FC0120DC
:1038500084F8300000F0CBFCFEE700BFFEE710B5B7
:10386000FFF722FE0446FFF756FEFFF76AFF0068E7
:10387000826812B1C168204690472046BDE81040DA
:10388000FFF763BEF0B58DB015460F460646FFF74D
:1038900058FF04460068002EC0E90D756DD0304613
:1038A00000F086FD58B106460068C168304688477A
:1038B00028B13068C16830468847064603E041F2C7
:1038C0002136C0F6120630A101A805F0EDFC314604
:1038D00005F03BFC90E80E000DF1100C00268CE882
:1038E0000E00C0E9006686602CA104A805F02DFC3E
:1038F00090E80E000DF11C0C8CE80E00C0E900668B
:10390000866007A8294605F020FC90E80E000DF11E
:10391000280C8CE80E00C0E9006686600AA804F056
:1039200004FC9DF93300B0F1FF3F05DC0C990A98C7
:1039300021F0004106F0F9FC9DF92700B0F1FF3FAE
:1039400005DC0999079821F0004106F0EEFC9DF98D
:103950001B00B0F1FF3F05DC0699049821F00041FF
:1039600006F0E3FC9DF90F00B0F1FF3F05DC039981
:10397000019821F0004106F0D8FC2068816A09B165
:10398000C06A88470DB0F0BD66726F6D206F733AE4
:103990003A5468726561642000000000202D3E20CA
:1039A00000000000006890F83020012A01D100BF1B
:1039B000FEE7FFF703FFF0B581B00027044607607C
:1039C000402006F0B4FC05464FF47A7040F2004106
:1039D000C0F2080185E883004FF480606F61A8821F
:1039E0000820A87505F118001921C5E90377C5E974
:1039F0000D7705F13C06EDF72EFA304600F05EFC3F
:103A00002046294685F8307005F016FB204601B0A7
:103A1000F0BD10B5416804464FF0000079B122684E
:103A20006AB1086802680846904701281CBF002058
:103A300010BDD4E90010026852699047012010BD02
:103A40004068C06800F0CBBB00207047B0B50446AA
:103A500040680D4681742C3000F0A1FB6068294657
:103A60008068BDE8B04000F065BC00F001B8704768
:103A70002DE9F04180464068D0E90526C568076A0F
:103A8000846A1AB140463146904700BF28463946FD
:103A900000F0A0FB014640463246A047F6E710B5CD
:103AA0000446806838B1616800F075FCA06800F0D9
:103AB0004FFB0020A060E06818B100F042FC00203D
:103AC000E06004F12C0000F07CFB204610BDF0B556
:103AD00081B015468A6904464FF00000E2B30A7DC2
:103AE000D2B3088800284FF0000035D08A789AB306
:103AF00060684E6901F10807D1E900CE8CCF4662BB
:103B000000F118068CC6C0E904CE8969816261683B
:103B1000088A073020F0070291F824000A8200F09A
:103B20005CFB626843F67121C0F61101D060002D84
:103B300018BF2946937C178A02F12C002246009771
:103B400000F024FB60682C3000F0DEFA61688860C9
:103B5000214600F0F8FB012001B0F0BD406800688C
:103B600070474268012011607047002070470020B4
:103B70007047000070B5044640F63870C0F6120079
:103B800008302060302006F0D2FB00260546C0E950
:103B90000066C0E90266402028820820A8740CA0B4
:103BA0004FF0FF31C5E90701022085F8240043F6F4
:103BB0006F20C0F61100A86205F12C00C5E905666A
:103BC00000F0F0FA2046C5E90146EE60656070BD80
:103BD0006D736754687265616400000080B500F021
:103BE00005F80821BDE8804006F09FBB10B50446EB
:103BF00040F638714068C0F612010831216020B1EA
:103C0000FFF74DFF302106F090FB204610BDB0B508
:103C1000426805464FF000008AB10C46296871B130
:103C2000106801681046884706281CBF0020B0BDF8
:103C3000D5E900100268D369224698470120B0BD3B
:103C4000002070470B681BB14068C06800F001BBE2
:103C500000207047B0B5044640680D4681742C3092
:103C600000F09DFA606829468068BDE8B04000F029
:103C700061BB00F001B870472DE9F04784B082467F
:103C8000406843F67744C568D0E90526076A806A2C
:103C9000C0F61104002818BF0446002003900290CB
:103CA00012B1504631469047E8460DF1080900BF71
:103CB000404629463A4600F0A5FADDE90010039097
:103CC000029101B18847504649463246A047EFE786
:103CD0000B7DD3B370B582B00446088800284FF03E
:103CE000000030D015468A786AB3D1E9032691E8FE
:103CF00001504B69C4E9072604F11002636282E8AF
:103D000001500730896920F007002082D8B2A162F3
:103D100000F08BFA43F67941C0F61101E060002D06
:103D200018BF29466268A37C268A04F12C05284620
:103D3000009600F02BFA284600F0E6F96168A060D2
:103D400000F001FB012002B070BD0020704710B5EB
:103D50000446806838B1616800F01DFBA06800F07F
:103D6000F7F90020A060E06818B100F0FBFA00202D
:103D7000E06004F12C0000F024FA204610BD4068F9
:103D8000FFF7A6BF406800687047426801201160D5
:103D900070470020704700207047000070B504464F
:103DA00040F67470C0F6120008302060302006F033
:103DB000BEFA00260546C0E90066C0E9026640205A
:103DC00028820820A8740CA04FF0FF31C5E9070134
:103DD000022085F8240043F67740C0F61100A8625F
:103DE00005F12C00C5E9056600F0DCF92046C5E9BF
:103DF0000146EE60656070BD63626B546872656118
:103E00006400000080B500F005F80821BDE880409E
:103E100006F08BBA10B5044640F674714068C0F6DF
:103E200012010831216020B1FFF791FF302106F027
:103E30007CFA204610BDB0B5426805464FF0000040
:103E40008AB10C46296871B110680168104688472C
:103E500003281CBF0020B0BDD5E90010026893699B
:103E6000224698470120B0BDB0B542F21C30C1F2E5
:103E70000000007843F24025C007C1F20005BFF3FF
:103E80005F8F01D02868B0BD42F21C30C1F2000043
:103E900006F0EFFB0028F5D0042006F048FA0446AF
:103EA0000C2006F044FA3221C0F2004101600821E2
:103EB000818000218160206042F21C30C1F200004C
:103EC0002C6006F0ECFBDDE7002914BF08467047C4
:103ED00000F041BB70B588B004460068866856BBE8
:103EE000082006F024FAFFF745FE216801AD88603E
:103EF00028461821ECF7AFFF206803940178027977
:103F00008DF8061041888DF81820ADF804104FF098
:103F1000FF3105910021029143F6C961C0F61101FC
:103F2000079107A180684EF623620491C0F6100243
:103F30002946FFF7CCFDB6FA86F0400908B070BDFF
:103F400074544D526D616E0070B50468A4B105469D
:103F500080680E46214668B10168096888470428D0
:103F600006D1A868324601680B6A2946984703E0E3
:103F7000296809B168688847002C18BF01242046C9
:103F800070BDB0B542F22030C1F20000007843F2BB
:103F90004425C007C1F20005BFF35F8F01D0286838
:103FA000B0BD42F22030C1F2000006F062FB0028F2
:103FB000F5D0042006F0BBF904460C2006F0B7F952
:103FC00031220821C0F200420023C0E900218360B1
:103FD000206042F22030C1F200002C6006F05FFB4E
:103FE000DDE7000070B588B00446006886684EBB07
:103FF0008A88828009680160082006F098F9FFF736
:10400000CDFE216801AD886028461821ECF723FF1A
:1040100020680021027807918DF8062042880379F4
:10402000ADF804204FF0FF320592029108A180689C
:104030004EF61D620491C0F6100229468DF8183024
:10404000FFF79DFEB6FA86F0400908B070BD00BFCC
:104050007443424B6D616E0070B584B043F204242A
:10406000C1F20004217809B1012143E0D0E9001236
:1040700011433ED0018900294FF000013AD0827AE5
:10408000C2B3018B00294FF0000133D0827E8AB386
:10409000D0E900CED0E90231D0E9042540F25076D3
:1040A000C1F20006C6E90425C6E90231C6E900CE20
:1040B000D0E906CED0E90835D0E90A21C6E90835AD
:1040C000C6E90A21C6E906CE016B316390F83400D7
:1040D0000021019144F2BF6186F83400C0F611015D
:1040E0008DF80C0001A80291FDF794FC01212170CC
:1040F00000E00021084604B070BD80B509F098F8D2
:10410000B0FA80F0400980BD006809F021BB0321AE
:1041100009F0EEBB80B586B0DDF820C04FF0FF3E61
:10412000CDE902EE0492002918BF01218DF8141088
:10413000CDE9003C02A96A46032309F08DFBB0FAE1
:1041400080F0400906B080BD09F050B809F0EEB823
:1041500009F0E0B970B582B0044600680026051D7C
:1041600001A92846019608F0BDFD019810B108F09C
:1041700013FE06462846314608F01EFC43F2002195
:10418000C1F2000101200C6002B070BD0068DDF8D2
:1041900000C0C0E900120372A0F80AC070470068AE
:1041A0000172704710B504460C2008F0F5FD014679
:1041B0000020C1E9000001200872488120462160EA
:1041C00010BD10B50446006810B10C2106F0ADF822
:1041D000204610BD032208F095BE08F0C1BE80B590
:1041E000032308F033FFB0FA80F0400980BD43F2AA
:1041F0000020C1F20000006818B10068806B09F06F
:10420000F9B8704770B50D46096814460646084669
:104210001146032208F076FE6968306008462146A0
:10422000032208F06FFE706070BDB0B504460C202C
:1042300008F0B2FD054608F06FFFA860204608F0C0
:104240008FFE2860204608F08BFE014628466960F4
:10425000B0BD70B50C4605460068096803231646D4
:1042600008F0F4FE686861683246032308F0EEFE49
:10427000B0FA80F0400970BD2DE9F0470668DDE92D
:104280000B98DDF834A0099D089F06F114001C214D
:104290001446ECF7E0FD40F2011040F27411C0F258
:1042A0000F10C1F20001321D096813C237827582F6
:1042B000C6E90CA9C6F83880BDE8F087F0B581B032
:1042C00004463C2008F068FD002705468761077713
:1042D00000F1280604301121ECF7BDFD3046142111
:1042E000C5F82270C5F81E70ECF7B5FD2C602046AD
:1042F000256001B0F0BD10B50446006810B13C2146
:1043000006F013F8204610BD80B508F06FFD0228B6
:1043100003D1BDE8804009F06BB80020002180BDCA
:1043200080B508F0B3FFB0FA80F0400980BD0321EA
:1043300008F0DABF80B509F015FAB0FA80F040094C
:1043400080BD08F0A5BD80B584B0CDE9000143F281
:10435000F4116A46C1F2000102A8134605F076FC8A
:1043600004B080BD10B5044680684FF0FF3108F0FE
:104370005FFF206808F08CFD606808F089FDA06888
:1043800008F034FFA06808F08DFE20460C21BDE83F
:10439000104005F0CABF80B582B0019043F2F4101E
:1043A000C1F2000001A905F0FFFB02B080BD0000D2
:1043B00010B380B543F2F41CC1F2000CE6465EF87F
:1043C000042F8AB10CF1040E734600BF11698142BB
:1043D0002CBF134604321268002AF7D1734503D06C
:1043E0001969884228BF9E460CF10400864514BF17
:1043F000DEF81400002080BD00207047032009F083
:10440000C9B808F0CBBC80B5024608461146032265
:1044100008F0E0FCB0FA80F0400980BD08F07CBEF6
:1044200009F0CAB970B542F22430C1F20000007838
:1044300043F248260C46C007C1F20006BFF35F8F67
:104440001CD0206A216B6568012201310128A286F7
:10445000216304D060B9012084F8350008E0E06AE7
:10446000814205D3A068012184F83510FFF74FFE83
:1044700030682946BDE8704004F0E0BB42F22430C9
:10448000C1F2000006F0F5F80028DAD0FFF7ECFCE6
:10449000306042F22430C1F2000006F000F9D0E7AB
:1044A000F0B581B00E46096851B10446301D15467D
:1044B00004F0D4FB20B17069012805D1B06918B9A6
:1044C0000025284601B0F0BD204650F8281F002DD9
:1044D0004FF0000508BF0129F3D0D6E900CED6E998
:1044E0000231D6E90472C4E90531C4E90772C4E9AE
:1044F00003CEB169C0E90055616285608581216A9A
:10450000D4E9020244F22543C0F61103002918BF82
:1045100001210094FFF7FEFD0028D2D0D4E9080164
:104520000125012818BF0021C4E90A51C9E710B5C7
:104530000068044654F8281F012907D18068FFF756
:10454000E6FD0020A081C4E90000A060012010BDAC
:104550000068FFF7A5BFB0B50546006890F8344085
:10456000012C10D110304FF0FF3100F081F8286895
:10457000002190F8352080F83410012A02BF81868E
:10458000C0E90A1101632046B0BD70B50446382069
:1045900005F0CDFE054640F6F850C0F61200286042
:1045A00005F10C00142105F12006ECF754FC30460F
:1045B00016216C60ECF74FFCFFF732FFA860204635
:1045C000256070BD43F20420C1F20000007801288C
:1045D00010D140F25071C1F20001D1E90002024352
:1045E00008D00A8932B18A7A22B10A8B12B18A7E46
:1045F0000AB900BFFEE796B001F1080E9EE80C5024
:1046000001F11807F0CF019205AA0293F0C2D1E997
:104610000A23CDF80CC0CDE90920DDE90520CDF84D
:1046200010E001AFCDE90F20C5CF0DF12C0C096BC7
:104630008CE8C500099ADDE907071591CDE9110756
:10464000CDE91323FFF77DF80AA9FFF7ABF90122A3
:104650000260D1E90012C0E9011270470322026032
:104660008B68D1E90021C360C0E9012170470000D7
:10467000B0B50C46054604F0F1FA60B1286801387F
:10468000032808D8DFE800F00215090F281DBDE84F
:10469000B040FFF7BEB90020B0BD281D2146BDE8DF
:1046A000B040FFF751BC281D2146BDE8B040FFF7E0
:1046B000AEBA281D2146BDE8B040FFF7BCBBFFF7EE
:1046C00023BE7047096802680120002908BF11460F
:1046D00051607047B0B542F22830C1F20000007856
:1046E00043F24C25C007C1F20005BFF35F8F01D034
:1046F0002868B0BD42F22830C1F2000005F0B9FFD1
:104700000028F5D0042005F012FE0446082005F02C
:104710000EFE40F6B071C0F6120108310022C0E969
:104720000012206042F22830C1F200002C6005F037
:10473000B6FFDDE72DE9F0418EB00E4607460020BA
:10474000FE2101AC8DF80400ADF8080003918DF84E
:10475000100005908DF8180004F1180011219846FA
:104760001546ECF778FB204641460C968DF8345000
:1047700003F012FF786801684A6A04F12801904743
:10478000204603F036FF0EB0BDE8F08170B58CB066
:104790000C4605460020FE2101AE8DF80400ADF860
:1047A000080003918DF8100005908DF8180006F1AF
:1047B00018001121ECF74FFB3046214603F0CAFCEC
:1047C00068680168CA6906F12801904700200CB0AA
:1047D00070BD2DE9F04196B00646FE2006AD0F46AD
:1047E0000024089005F11800112190468DF818401A
:1047F000ADF81C408DF824400A948DF82C40ECF75D
:104800002AFB28463946CDE9044403F01EFD7068B2
:1048100004AF01683A468B6905F128019847706832
:104820000394CDE9014400940168896888470246F1
:10483000694628463B4603F014FD054600284AD049
:10484000434653F8080F53F8041C814205D29DE8F3
:104850008D0001F110048DC13BE0D8F80070CA1B37
:10486000012101EB2211B1F1805F38D2C01B4FF65C
:10487000F077B1EBE00FC7F6FF774FEA221238BFAF
:10488000C110B84211A828BF6FF0704104F04AFF70
:1048900013989DE88E008EC01398129B10301390D1
:1048A000D8E90010421A9E1A3046ECF743FAD8F8BD
:1048B0000000D8F80810DDE9134212901390C8E9FF
:1048C0000064C8F808201491119010B1091A05F07D
:1048D0002CFDC8F80440284616B0BDE8F0814046DB
:1048E00004F09EFB70B58CB00C4605460021FE20FE
:1048F00001AE8DF80410ADF8081003908DF810107B
:1049000005918DF8181006F11800ADF82E10112140
:10491000ECF7A1FA3046214603F076FC686801689E
:104920008A6A06F128019047304603F08CFC0CB0EF
:1049300070BD2DE9F04198B00646FE2008AD0F4647
:1049400000240A9005F11800112190468DF82040AE
:10495000ADF824408DF82C400C948DF83440ECF7E1
:104960007AFAFF2005900120069028463946ADF8D6
:104970001C408DF81E4003F001FC706805AF016813
:104980003A46CB6805F12801984770680494CDE950
:1049900002440194016889688847024601A92846B3
:1049A0003B4603F0F7FB054600284AD0434653F840
:1049B000080F53F8041C814205D201AF8DCF01F1DD
:1049C00010048DC13BE0D8F80070CA1B012101EB37
:1049D0002211B1F1805F38D2C01B4FF6F077B1EBF6
:1049E000E00FC7F6FF774FEA221238BFC110B84276
:1049F00013A828BF6FF0704104F094FE01AF159822
:104A00008ECF8EC01598149B10301590D8E90010E9
:104A1000421A9E1A3046ECF78DF9D8F80000D8F803
:104A20000810DDE9154214901590C8E90064C8F833
:104A300008201691139010B1091A05F076FCC8F8F9
:104A40000440284618B0BDE8F081404604F0E8FA7A
:104A50002DE9F04399B00546FE200DF11C080C46E7
:104A60000026099008F118001221994617468DF882
:104A70001C60ADF820608DF828600B968DF83060D2
:104A8000ECF7E9F9FF20CDE90406404649461294C7
:104A90008DF84C708DF8186003F0ADFD686804ACBB
:104AA000016822464B6908F1280198476868039617
:104AB000CDE9016600960168896888470246694623
:104AC0004046234603F0C7FD0446002847D0209DFA
:104AD0002B4653F8080F53F8041C814206D29DE878
:104AE0008D0081E88D0001F1100737E02F68CA1BA7
:104AF000012101EB2211B1F1805F34D2C01B4FF6CE
:104B0000F077B1EBE00FC7F6FF774FEA221238BF1C
:104B1000C110B84214A828BF6FF0704104F002FE23
:104B200016989DE88E008EC01698159B1030169032
:104B3000D5E90010421A9E1A3046ECF7FBF82868B7
:104B4000A968DDE9167215901690C5E90067AA609C
:104B50001791149010B1091A05F0E7FB6F60204619
:104B600019B0BDE8F083284604F05AFA2DE9F04F59
:104B70009FB08346FE200FAE89460027119006F1B4
:104B80001800122192468DF83C70ADF840708DF8F7
:104B9000487013978DF85070ECF75DF908200DF10F
:104BA0001C088DF8660040462021ECF754F9304689
:104BB000494603F07DFBDBF80400424601680B69BF
:104BC00006F128019847304603F06FFB002806974E
:104BD000CDE9047703976BD081460AF108004FF0C6
:104BE00000080FAD03AE07AC00270290CDF804908B
:104BF000DBF8040001688968884702462846314688
:104C0000234603F068FB00284ED0DAE901039842FE
:104C100006D203AF8ECF80E88E0000F1100740E08F
:104C2000DAF800700121C01B01EB2011B1F1805FA7
:104C300043D20211D81B4FF6F073B1EBE00F38BF2F
:104C4000C110C7F6FF73984228BF6FF07041029BF6
:104C50001AA8D94604F066FD03AF1C988ECF8EC00B
:104C60001C981B9B10301C90DAE90010421AA3EB31
:104C7000020B5846ECF75EF8DAF80000DAF8081094
:104C8000DDE91C721B901C90CAE900B7CAF8082025
:104C90001D911A9010B1091A05F047FBCB46DDF8BB
:104CA0000490CAF80470012708F10108C8459FD391
:104CB00007F001001FB0BDE8F08F504604F0B0F9D6
:104CC00070B594B00C4605460020FE2101AE8DF86B
:104CD0000400ADF8080003918DF8100005908DF8E0
:104CE000180006F118001121ECF7B5F830462146FE
:104CF00003F02EFB686801680A6A06F128019047F4
:104D0000002014B070BDF0B581B00546406816466D
:104D100003680C469A6890470146204603F06BFBF7
:104D200060B3204603F05DFB0746204603F031FDEB
:104D30000146C7B1022F0FD0072F1FD10D294FF009
:104D400000001DDCB1B30C293FD00D2930D128461D
:104D50002146FFF7B5FF2AE01C291DD032290DD1CD
:104D60002846022105E05B291AD0322906D12846BF
:104D7000002132222346FFF7DDFC18E0002017E077
:104D80000E291CD0322926D0FF2911D128462146D0
:104D90003246FFF7CEFD0AE0284602211C2202E03F
:104DA000284600215B2223460096FFF751FE012092
:104DB00001B0F0BD28462146FFF7E8FCF7E728469A
:104DC00021463246FFF705FDF1E7284621463246E7
:104DD000FFF7CCFEEBE728462146FFF783FDE6E729
:104DE0000068FFF790BF0120704701207047012045
:104DF0007047012070470020704700207047002056
:104E0000704700207047042105F08FBA02680978C6
:104E1000012011707047B0B542F22C30C1F2000091
:104E2000007843F25025C007C1F20005BFF35F8F41
:104E300001D02868B0BD42F22C30C1F2000005F06C
:104E400018FC0028F5D0042005F071FA0446102063
:104E500005F06DFA012101700021C0E90211206006
:104E600042F22C30C1F200002C6005F018FCE0E7A3
:104E700010B542F23030C1F20000007843F2542401
:104E8000C007C1F20004BFF35F8F01D0206810BDDE
:104E900042F23030C1F2000005F0EBFB0028F5D003
:104EA000042005F044FA00F056F8206042F2303059
:104EB000C1F2000005F0F3FBE8E770B590B00546DD
:104EC00008460C46FCF702FA90B301201F2C00FAAA
:104ED00004F602D8696831402BD1FBF77BF838B370
:104EE0002046FCF7ACF91F2C02D868683043686094
:104EF0006E4606F118002021FF22EBF765FC2046E4
:104F0000FCF777F940F6EC70C0F61200083002901A
:104F1000002005F10801CDE904000EA83246334611
:104F20008DF800408DF80C4004F0DCFD012000E01D
:104F3000002010B070BD000070B54D684DB10E6816
:104F4000044600BF16F8011B2068FFF7B6FF013DBD
:104F5000F8D1012070BDB0B582B0002504460560CF
:104F60001C2005F0E4F941F2D002C0F6120201461D
:104F700040F80C5F0832C1E904521F22C1E9015018
:104F800020460A760D70019504F065F801A800210D
:104F900004F061F8204602B0B0BD10B50446C06808
:104FA00001688968884721680C22002818BF0822F8
:104FB00089582046BDE8104008470168096908473C
:104FC0000079FCF7F0B80079FCF713B910B5044686
:104FD000806828B1FFF7ABFA2068C168204688478F
:104FE000E06850B10168096988470020E06004F179
:104FF00010002021FF22EBF7E7FB10BDF0B58BB0CE
:105000000446806815460E4628B9042005F08FF93D
:10501000FFF7BBFAA06030684168304688472168D6
:105020000746896920468847AFB3306804F110010C
:10503000C3683046202298470127E060002D08BF52
:105040000227FEF79EFF03F006FE44F69B71C0F6B2
:10505000110102900020CDE90014079007A86946CD
:10506000FFF7FCFAE068016849688847E16806468E
:105070000A68084612689047009607AE00FB05F1E3
:105080004DCE0DF1040C8CE8CD00A0680691694668
:105090000022FFF75DFA0BB0F0BDF0B58BB004460F
:1050A000806815460E4628B9042005F040F9FFF740
:1050B0006CFAA060FFF73BFA2068C1682046884779
:1050C00016B30127002D08BF0227FEF75AFF03F091
:1050D000C2FD44F6BB71C0F6110102900020CDE97B
:1050E0000014079007A86946FFF7B8FA700807ABE5
:1050F00000900FCB0DF1040C8CE88F00A06869467E
:1051000000220695FFF724FA0BB0F0BD0079FCF7FA
:10511000C3B8302105F009B980B5006800F056F831
:10512000012080BD10B542F23430C1F20000007899
:1051300043F25824C007C1F20004BFF35F8F01D0CF
:10514000206810BD42F23430C1F2000005F091FA3F
:105150000028F5D0042005F0EAF800F0E3FC206018
:1051600042F23430C1F2000005F099FAE8E700207D
:105170007047006800F009BB006800F06ABB036874
:10518000187828B1C1EB412103EB810181F854204B
:1051900070470368187860B1C1EB412103EB8101CE
:1051A00045F24373C0F61103002A18BF1346C1F835
:1051B000503470470368187838B1C1EB412CD2E9FC
:1051C000002103EB8C03C3E9182170472DE9F04F50
:1051D0008FB081460078002840F0AD800D460F4624
:1051E00005F1080657F8040F09685CCE09F10C0CAC
:1051F0008CE85C00C9E9011005F118065FCE09F1E1
:105200001C0C8CE85F00D5E90C02A96BC9E90D0202
:1052100009F1480B00204FF0010828264FF0010A41
:10522000C9F83C102A78C0EBC00307EB830137F8BC
:1052300023308DF81920D1E90124ADF81A30282A3D
:1052400028BF324607920A7B282C28BF34464300E9
:105250008DF824200222013302EB4002DBB2D2B2ED
:1052600008FA03F308FA02F20A934B690B920A69EF
:1052700089698DF81800C0EB40200C920E910BEB61
:10528000800006A94A4608940D9300F09DF85FEA55
:10529000CA704FF0000A4FF00100C3D199F8050021
:1052A00044F240258DF81A0045F27330C0F6110023
:1052B000CDE9070922A0099045F25130C0F611004E
:1052C0004FF48054C0F20F050B900820ADF8184041
:1052D0000A9505F02CF8FEF7EBF94EF67F52C0F672
:1052E000100206A9C9F84000FEF796F999F80600E1
:1052F000ADF800408DF8020045F2AF30C0F6110065
:10530000CDE9010910A0CDE9030545F28D30C0F6C5
:1053100011000590082005F00AF8FEF7C9F94EF6CD
:105320008552C0F610026946C9F84400FEF774F9C8
:10533000012089F8000001200FB0BDE8F08F00BF08
:1053400074525869636300007454586963630000C1
:1053500071B170B5154648320C46064600F0A4F807
:1053600005F6440230462146BDE8704000F09CB886
:105370007047B0B50C464831054600F03EF904F6DA
:1053800044012846BDE8B04000F037B971B170B5AE
:10539000154648320C46064600F054F905F644021C
:1053A00030462146BDE8704000F04CB97047B0B5BA
:1053B0000C464831054600F09CF904F644012846A5
:1053C000BDE8B04000F095B9B0B584B04262044683
:1053D000D1E900CED1E90230D1E90452C4E902306A
:1053E000C4E90452C4E900CE01F1180207CA04F16D
:1053F000180307C3A078E17884F8380084F80C1407
:10540000FBF79EFB94F80C04FBF79AFB94F838002A
:10541000FBF796FB8008F02804D841F25121C0F632
:1054200012010AE094F80C04FBF78AFB8008F028CC
:1054300015D841F2B921C0F6120101A803F034FFDA
:1054400002F073FE9DF90F00B0F1FF3F05DC0399F8
:10545000019821F0004104F068FF002021E0A168DC
:1054600004F2DC7004F069FCD4F8DC07C4F8E0074F
:10547000FEF7D4FF6168C4F8E80704F1280004F0DF
:105480005CFCA06AE062FEF7C9FF6063206A45F237
:105490004371C0F61101002818BF01460120C4F86D
:1054A000081404B0B0BD00002DE9F04B8EB0002907
:1054B00000F09D80506914460140884240F097807A
:1054C0000020E06394F8380004F58061FBF7FFFAF0
:1054D000E56B606BA8464FF0FF31282D28BF4FF0D9
:1054E0002808FEF70AFE002D76D004F12800E66AAF
:1054F0004AF6AB2904F14005019004F130000DF1AA
:105500000C0BCAF6AA290290584629461822EBF736
:105510008AFBA76AA068F11BC91001FB09F181424F
:1055200009D307F11801761A03D038463246EBF753
:10553000BFFB3E44E66202980068864206D23046CF
:1055400059461822EBF76FFB18363EE001994AF6F0
:10555000AA270B68C0F6AA27F11AC91001FB09F2A5
:10556000511CB94246D8C01AC01000FB09F045F2E0
:105570005553B1EB400F38BF4100C0F2555398422C
:1055800028BF3946029B09A804F048F80B9E5946EB
:1055900030461822EBF747FB06F118000B90D4E9D0
:1055A0000A100A9B421A9F1A3846EBF73CFBA06A86
:1055B000216BDDE90B620A900B90099009A8C4E900
:1055C0000A7622630C9104F04CF8B8F1010805F159
:1055D0001805E66298D100E0E66A606BA56AFEF7FE
:1055E000B3FDAE4203D0A16909B1E06988470EB0AE
:1055F000BDE8F08B019803F005FDB0B584B0FF2045
:105600008DF80F0091F838000C4602250DF10E01BF
:105610008DF80E50FBF797F98DF80F0045F24771A2
:1056200094F83800C0F61101CDE9001469468DF8F0
:105630000850FBF766FB9DF80F008DF80F0004B0D3
:10564000B0BD000010690140884218BF70472DE9C5
:10565000F04182B0D2F8E8074FF000084FF0FF3178
:105660001446C2F81084FEF748FDD4F8DC17D4F8CD
:10567000E0274AF6AB23501AC010CAF6AA235843B3
:10568000282828BF28208A42C4F8100414D00128F2
:1056900098BF012000EB400004F21446C70000252B
:1056A000D4F8DC07182241197019EBF7BCFA183549
:1056B000AF42F5D1D4F8DC17D4F8E807C4F8E01706
:1056C000FEF742FD84F8EC8794F8EC0704F2D471FD
:1056D00084F8ED0745F25570C0F61100CDE90004DD
:1056E00094F80C046A46FBF799F902B0BDE8F04162
:1056F0007047B0B582B0FF208DF807000C4691F8D6
:105700000C0401218DF806100DF10601FBF71BF9C1
:105710008DF807009DF8070000218DF80700022092
:105720000025FEF713FDC4F8F007C4F8F457C4F8D9
:10573000F85784F8EC5794F8EC0784F8ED0702B0BA
:10574000B0BD01207047416A0A6C41691368104678
:105750005B69184710B5044690F80C040121FBF76B
:1057600006FA84F8EC0794F8EC0784F8ED07D4F80F
:10577000F41721B1D4F8F807BDE810400847D4F871
:10578000F007BDE81040FEF7D2BD2DE9F04F87B01D
:1057900098460378002B3ED0C1EB412100EB8105F8
:1057A00002A813211446EBF756FBE86F4FF0FF31C8
:1057B00005F14809FEF7A1FCD5E91C76F51B18BFD9
:1057C0000125BE4229D07888CDF8048097F800A042
:1057D00097F8018097F804B00090791D02A8132271
:1057E000EBF721FA07F11801761A384605D038464A
:1057F0003246EBF75DFAD9F82800B919C9F82C1030
:10580000081A4AF6AB21C010CAF6AA2148430199EA
:10581000009E086008E0002517E000264FF0000B0E
:105820004FF000084FF0000AD9F83400FEF78CFC66
:1058300004F805AB02A92046132204F8048C24F8CE
:10584000036C04F801BCEBF7EEF9284607B0BDE89D
:10585000F08F2DE9F04F85B005460078A0B3C1EB7D
:10586000412005EB8004D4F830088A461946994651
:105870009346FEF742FC38B304F14807D7F8DC67DB
:10588000D7F8E0474AF6AB28A01BC010CAF6AA28F2
:10589000B96800FB08F088420AD306F11801641ABF
:1058A00003D030462246EBF703FA3444C7F8E0470A
:1058B000D7F8E467B44209D2204659461822EBF7DC
:1058C000B2F904F118064DE000205AE007F2DC704E
:1058D000D0F800C04AF6AA21A4EB0C02D21002FBB9
:1058E00008F2C0F6AA21541C8C424DD8A6EB0C003D
:1058F000C01000FB08F045F25556B4EB400FC0F263
:105900005556E84607F2E47338BF4400B0424046BB
:1059100038BF214603F082FE029C594620461822D9
:10592000EBF781F904F118000290D7F8DC17D7F8EB
:10593000E007019B421A9C1A2046EBF774F9D7F84E
:10594000DC07D7F8E417DDE90262019002900090CD
:105950004046C7F8DC47C7F8E067C7F8E42703917B
:1059600003F07FFED7F8E807C7F8E067FEF7ECFB27
:10597000387B08B1012004E0284651464A4600F031
:1059800005F805B0BDE8F08F03F03CFB70B50546A7
:105990000078E0B1C1EB412005EB800000F1480642
:1059A0002846144603F0DFF998B1686C00210268BC
:1059B000C6F8F417C6F8F817316952699047D6F857
:1059C000F0072146FEF7ACFC96F8ED0704E0002056
:1059D00002E0012086F8ED0700F0010070BD000034
:1059E0002DE9F04F81B000248046047004303C2142
:1059F000EBF731FA43F23650A8F8050001202021D8
:105A0000002200BF08EB02031C32382A9C605C6154
:105A10005872C3E90311C3E906441C62F2D108F1CC
:105A200040004FF48051EBF716FA48250026444613
:105A30004FF0000A4FF0807008EB050948F80500A8
:105A40002020C9E9010002270420C9E9047009F1F6
:105A50001800202189F80C60EBF7FDF9CB4689F896
:105A600038704BF83C6F4FF47077CDF800A000BF52
:105A700008EB0A0101F18D00C1F8886081F88C60A3
:105A80001321EBF7C6F9183F0AF1180AF0D145F2D5
:105A90004370C0F61100C9F800B44FF4717BC9F827
:105AA0000804032009F5826A0027C9F804B489F8BC
:105AB0000C04C9F8107400BFE11901F26140C1F88B
:105AC0005C6481F860641321EBF7A3F91837B7F52C
:105AD000707FF1D1C9F8D4A7C9F8D8B7C9F8DC6785
:105AE000C9F8E067C9F8E467C9F8E86789F8EC67BE
:105AF00089F8ED67DDF800A005F2FC750AF2FC7A82
:105B0000B5F5825F04F2FC74C9F8F067C9F8F46770
:105B1000C9F8F8678ED1404601B0BDE8F08F006843
:105B2000FFF734BFB0B50446002020604FF4825028
:105B300004F0FDFB4FF482510546EBF78CF9284643
:105B4000FFF74EFF2168256011B1204603F0D6F91A
:105B50002046B0BDB0B504461F2008760D46D4E9F6
:105B60000731C5E90731627F142A28BF14226A77FA
:105B70006870AB70EA7011B1281DEBF799F8207EC0
:105B800006286ED8DFE800F0046D2C216D6D43000F
:105B9000207FFE2852D0FF283BD102F09FFA43F22B
:105BA00060220123C1F200022B7640F6FF03C2E916
:105BB0000001C5E9073208224FF601736A77A5F89C
:105BC0000130EA70C5E901014BE0207FFE2822D1B7
:105BD000206A43F268210068C1F20001086040E0D9
:105BE000207FFE2815D1206A43F268210068C1F2A7
:105BF000000140F2FE4308600422C5E907314FF678
:105C000004612A766A77A5F80110EA7028E004207A
:105C100002E0052000E01F202876D4E90731C5E91D
:105C20000731627F142A28BF14226A776870AB702C
:105C3000EA70B1B1281DEBF73BF812E0012028769D
:105C400043F26820C1F2000040F2FE41C5E90710AE
:105C5000006804214FF601626977A5F80120E97018
:105C60006860207E1F3818BF0120B0BD80B5006875
:105C700000F032F8012080BD10B542F23830C1F298
:105C80000000007843F26C24C007C1F20004BFF3A7
:105C90005F8F01D0206810BD42F23830C1F20000A1
:105CA00004F0E7FC0028F5D0042004F040FB00F0ED
:105CB0005BF9206042F23830C1F2000004F0EFFCE2
:105CC000E8E7026845F65533C0F6110301200029C4
:105CD00018BF0B469360704710B582B00446007839
:105CE00010BBD1E90001C4E9010121B945F65530E5
:105CF000C0F61100A06002200021FEF727FAE06044
:105D000045F63160C0F61100CDE90004FFF70AFA4C
:105D100021796A46FFF74EFAFFF704FA217900224B
:105D2000FFF72DFA01202070012002B010BD000005
:105D30002DE9F04389B003AE0D4681463046182167
:105D4000EBF789F8FFF7EEF999F8041003F02CF857
:105D500000284FF0000840D0CDF80880FFF7E2F9A6
:105D600099F8041003AA02ABFFF703FA9DF80C00A0
:105D70000238B0FA80F01AD1711C02232B700B8804
:105D80008978321DA5F80130E97092E88A00D2E9DD
:105D90000362C5E90237C5E904622A4642F8041FD6
:105DA0006978AB782976E9782B7769772A62029946
:105DB0004FEA501889B1002703AD01AE002400BF9F
:105DC0000197FFF7AFF999F804102A463346FFF719
:105DD000D0F9029801348442F2D3404609B0BDE8BC
:105DE000F083F0B587B00D46097E1F2901D1002050
:105DF0001CE017460646FFF795F92A78EB788DF8F0
:105E00000420B5F8012031792E1DADF805208DF85C
:105E100007304CCED5E904450DF1080C8CE84C0058
:105E200001AA3B46CDE90545FFF7A6F907B0F0BD4D
:105E30002DE9F04389B004460227064611301721A8
:105E400006F8107FEAF7E5FFA1461F2009F8347F26
:105E500004F1380784F82800002538461421A58568
:105E60002563EAF7D6FF0520A04628F8350F84F809
:105E70004C0020463146C4E9145584F83750FFF7EA
:105E800057FF00286DD094F82800062869D8DFE86D
:105E900000F00A040A1104041800E06809B0BDE823
:105EA000F043FEF744BAA26830464946904794F85A
:105EB000346020E0A2683046494609B0BDE8F043AE
:105EC0001047D4E90B310420C3F30722142A84F8C5
:105ED0004C00C4E9143128BF142284F8512084F8FE
:105EE000350084F8363084F8372011B13846EAF7A7
:105EF000DFFE99F800606D4628461821EAF7ABFFEF
:105F00001F208DF818000020022E0890079022D143
:105F100002208DF80000B8F8000098F80210ADF8E3
:105F200001008DF80310A16BE26B01919DF8011047
:105F3000236C676CA66C02929DF802208DF81810F5
:105F40009DF80310281D0393049705968DF81C20D7
:105F50008DF81D100890694620464FF0FF32FFF77C
:105F600040FF09B0BDE8F0832DE9F0410446582018
:105F700004F0DDF950210546EAF76DFF0120002607
:105F8000C5E901061F274FF0020805F1110017218E
:105F900085F8287085F81080EAF73BFF05F1350099
:105FA000172185F84C70C5E9146685F83480EAF746
:105FB00030FF20462560BDE8F0810068D1E900127D
:105FC00000F04AB870B542F23C30C1F200000078EF
:105FD00043F27026C007C1F20006BFF35F8F01D005
:105FE000306870BD42F23C30C1F2000004F041FB69
:105FF0000028F5D0042004F09AF904464C2004F05F
:1060000096F92C210546EAF726FF2020C5E908006D
:1060100005F12C002021EAF71EFF42F23C30C1F2CC
:1060200000002560346004F03AFBD9E780B50068D1
:1060300000F062F8012080BD006800F034B900680B
:1060400000F077B980B5DDE902EC0068CDE902EC3B
:10605000BDE8804000F0DEB970B584B0044690F829
:10606000280008B101202BE00E4616A101A8154614
:1060700003F01AF902F059F89DF90F00B0F1FF3F53
:1060800005DC0399019821F0004104F04EF94FF02E
:106090000000AEB1A5B1C4E90865FEF7BFF9E06242
:1060A000FEF7BCF9216AE06304F1300003F0F6FF6B
:1060B000616A04F1400003F0F1FF012084F8280038
:1060C00004B070BD656D626F743A3A6170703A3AAF
:1060D000626C64633A3A7468654D534762726F6BE1
:1060E00065723A3A496D706C3A3A696E69746961E1
:1060F0006C697365282900002DE9F04385B01546C9
:1061000004468146A9B159F83C0F4FF0FF31FDF725
:10611000F4FF234653F8486F53F8042CB2421ED2C2
:1061200095E88B002E6982E88B00166102F1140657
:106130005EE059F82C0F4FF0FF31FDF7DEFF2346EC
:1061400053F8386F53F8042CB24253D295E88B00C1
:106150002E6982E88B00166102F1140692E0A3F129
:106160000800D0F800C04CF6CD4EA2EB0C02921005
:10617000CCF6CC4E4CF6CC4102FB0EF2C0F6CC4134
:10618000571C8F4200F28D80A6EB0C00801000FBA4
:106190000EF046F26666B7EB400FC0F26666E84660
:1061A00038BF4700B042404638BF394603F078FA5E
:1061B000029895E88E002E6980E88E0006610298AC
:1061C000019B14300290D4E91010421A9D1A2846FF
:1061D000EAF7B0FD206CA16CDDE90262019002904B
:1061E00000904046C4E91056A264039103F07BFA84
:1061F000666449E0A3F10800D0F800C04CF6CD4E2B
:10620000A2EB0C029210CCF6CC4E4CF6CC4102FB29
:106210000EF2C0F6CC41571C8F4242D8A6EB0C00C0
:10622000801000FB0EF046F26666B7EB400FC0F23E
:106230006666E84638BF4700B042404638BF394638
:1062400003F02EFA029895E88E002E6980E88E0001
:1062500006610298019B14300290D4E90C10421A96
:106260009D1A2846EAF766FD206BA16BDDE9026204
:106270000190029000904046C4E90C56A26303913D
:1062800003F031FA6663103420464FF0FF31FEF719
:10629000EFF9D9F80000FDF757FF012005B0BDE880
:1062A000F08302F0B7FE2DE9F04782B0D2E9008713
:1062B000B84537D01546A7EB080A4CF6CD4206463E
:1062C0004FEAAA00CCF6CC4200FB02F981B1344679
:1062D00054F83C0F4FF0FF31FDF70FFF2A68A1681B
:1062E000201D0AEB0203CDF8009003F0E7FD11E05A
:1062F000344654F82C0F4FF0FF31FDF7FEFE2A68AC
:10630000A168201D0AEB0203CDF8009003F0D6FD32
:10631000A4F11C0630464FF0FF31FEF7A9F92068C2
:10632000FDF712FFB8EB070018BF012002B0BDE86F
:10633000F0872DE9F04385B004461F4691460020C2
:106340002646106059B356F83C0F4FF0FF31FDF769
:10635000D4FED6E90101451A18BF0125884252D062
:10636000D0E900C2D0E902310069C7E900C2C7E93B
:1063700002313861CDE90123D4E91072039107F1AC
:1063800014010490B2EB0108384604D03846424666
:10639000EAF702FD206C07EB080161642AE056F879
:1063A0002C0F4FF0FF31FDF7A8FED6E90101451A89
:1063B00018BF0125884226D0D0E900C2D0E90231B9
:1063C0000069C7E900C2C7E902313861CDE901239C
:1063D000D4E90C72039107F114010490B2EB0108A7
:1063E000384604D038464246EAF7D6FC206B07EB25
:1063F00008016163081A4CF6CD418010CCF6CC41FF
:106400004843C9F800003068FDF79EFE284605B0F5
:10641000BDE8F0832DE9F04F81B00446DDE90AB70D
:106420004CF6CD4A994690460020CCF6CC4A2646FA
:106430001060CBF8000079B356F83C0F4FF0FF31F5
:10644000FDF75BFED6E90110401A801000FB0AF050
:10645000B84238BF0746002F3D46CBF8007018BF42
:10646000012559D007EB870001EB800248463B46E7
:1064700003F0C0FCDBF80010D4E9107001EB8101DF
:10648000890043D03944B0EB010935D038464A463B
:10649000EAF782FC216C30E056F82C0F4FF0FF3108
:1064A000FDF72BFED6E90110401A801000FB0AF020
:1064B000B84238BF0746002F3D46CBF8007018BFE2
:1064C000012529D007EB870001EB800248463B46B7
:1064D00003F090FCDBF80010D4E90C7001EB8101B3
:1064E000890013D03944B0EB01090AD038464A4636
:1064F000EAF752FC216B05E0394607EB09006064BE
:1065000003E0394607EB090060630F46C01B8010AB
:1065100000FB0AF0C8F800003068FDF715FE2846B9
:1065200001B0BDE8F08F70B51446054639B12E466E
:1065300056F83C0F4FF0FF31FDF7DFFD08E02E4627
:1065400056F82C0F4FF0FF31FDF7D7FDA6F11C05D3
:1065500094E80F00EB6007C53068FDF7F5FD0120FA
:1065600070BD80B50068FFF7DEFF012080BD10B56B
:1065700042F24030C1F20000007843F27424C007B8
:10658000C1F20004BFF35F8F01D0206810BD42F25A
:106590004030C1F2000004F06CF80028F5D004206F
:1065A00003F0C5FE00F026F9206042F24030C1F24F
:1065B000000004F074F8E8E743F27820C1F200002C
:1065C000016801310160704780B5FDF7BAF843F208
:1065D0007C21C1F20001BDE8804002F0FFBA70B535
:1065E0008AB0506814468047218F628F2D23ADF802
:1065F0001A104CF25031E0648DF81830CDE90710D4
:10660000ADF8242000F025F906A900F01FF9B4F830
:106610004450E66C00F01DF92C238DF800304FF447
:106620007A73CDE9013603ABD4E90F12ADF802500D
:1066300007C300F09AFD694600F086FD00F095FD65
:10664000044600F006F90146204600F090FE0AB02C
:1066500070BD000092B004460FA80FAD0EC02846D2
:1066600002F0A5FB08B900BFFEE7204629464C22F0
:10667000EAF760FBD4E90B0846F2B9552168A68910
:10668000B4F81CB0D4E908A9C0F61105A768002821
:1066900018BF0546884737228DF80A2046F2EF6278
:1066A000C0F611020021CDE903240122CDE90071D9
:1066B000ADF808600591ADF818B08DF81A20CDE955
:1066C00007A9CDE9091540F64C61D4E90C23C0F6C1
:1066D0001201B8F1000F04BF0A684B688DF834004E
:1066E0006846CDE90B23FDF7B7FCFDF76BFF70B5EE
:1066F00084B00C46FDF7B8FB4FF080653221CDF831
:106700000A508DF80A1008260DF10A01ADF80E6046
:10671000FDF7E0FBFDF735FC312101958DF8041004
:1067200001A9ADF80860FDF75DFCFEF7A1FB41F2A1
:106730000811C0F612010546FEF7FEFB28460021AF
:1067400002F0CEFA016800224B6940F60011C0F257
:106750003D0198472246FFF742FF04B070BD90B05C
:1067600001F10C02006852F8044B6B4643F8044BED
:1067700052F8044B43F8044B52F8044B43F8044BD3
:1067800052F8044B43F8044B52F8044B43F8044BC3
:1067900052F8044B43F8044B52F8044B43F8044BB3
:1067A00052F8044B43F8044B52F8044B43F8044BA3
:1067B00052F8044B43F8044B52F8044B43F8044B93
:1067C00052F8044B43F8044B52F8044B43F8044B83
:1067D00052F8044B43F8044B52F8044B43F8044B73
:1067E00052F8044B43F8044BD1E900C28B68614670
:1067F000FFF730FF70B50446502003F098FD2021CC
:106800000546EAF728FB4FF47A70A8603720A87392
:106810004FF48050A88301204FF4C056A87705F1AB
:1068200020001821AE81EAF716FB41F20000C2F207
:106830002000A86300206864C5E90F00C5E91200C4
:106840002046A5F84460256070BD7047406800F0A0
:1068500057B810B542F24430C1F20000007843F25C
:106860008024C007C1F20004BFF35F8F01D020680D
:1068700010BD42F24430C1F2000003F0FAFE0028DD
:10688000F5D0082003F053FD00F018FC206042F220
:106890004430C1F2000003F002FFE8E710B50C46F7
:1068A000FFF790FB01212246BDE81040FFF7BEBB79
:1068B00010B50C46FFF786FB01212246BDE81040CB
:1068C000FFF7BABBB0B514460D46FFF77BFB0021BE
:1068D0002A462346BDE8B040FFF7B1BBF0B583B010
:1068E000089F1C4615460E46FFF76CFB00213246FA
:1068F0002B46CDE90047FFF7A5FB03B0F0BD000034
:1069000070B58CB0044690F8340008B10125AFE0B2
:106910000E4659A106A802F0C7FC01F006FC9DF93D
:106920002300B0F1FF3F05DC0899069821F00041F3
:1069300003F0FBFC70880025B0F5806FC0F09880F4
:106940007068B0F57A7FC0F09380307B002800F04B
:106950008F80707B002800F08B80D6E90012B06831
:10696000C4E90912E062B189218610B904F11C0062
:10697000E062016849688847E16A207608688268B1
:1069800008469047217E60761F2908BF072184F8BA
:106990003A1001F00701020141EA001184F83B00BE
:1069A000002584F83910032184F83700D01C84F8BE
:1069B0003C5084F8361084F8385084F83500FEF7DF
:1069C0002AFA617E8DF8181006A9FEF71FFAE08CEE
:1069D000A26AADF8180046F6A150C0F61100CDE944
:1069E000070431A0CDE9090246F6B12094F824103D
:1069F000C0F611000B9008208DF81A1003F097FCD8
:106A0000FCF756FE2062FDF765FEE16A029102A9DD
:106A1000FDF758FEFFF7D6FA2021CDE9021102A9B1
:106A2000FFF7CBFA206A0421029502ADCDE90010F0
:106A300069462846FDF70BFEFFF7C4FA01212A46F6
:106A40000125FFF78EFD206A4EF62962C0F610027E
:106A500006A9FCF7E1FDFEF70BFA002102F040F970
:106A600001680022CB6904F14001984784F8345052
:106A700028460CB070BD00BF656D626F743A3A6114
:106A800070703A3A626C64633A3A746865434F4D89
:106A90004D3A3A496D706C3A3A696E697469616C45
:106AA000697365282900000074434F4D4D000000B4
:106AB000002900F066812DE9F04F97B09346884693
:106AC0008146C8075CD0FEF72DFB0021002502F0AF
:106AD0006BF910AE074630461821EAF7BCF9002FD3
:106AE0004ED007ACCDE9029806F1080A04F104097A
:106AF0000BF10C081695FEF715FB0021324616AB7C
:106B0000FEF737FB80B39DF8401000200129CDE946
:106B10000E000D900C9015D111999AE82C00A44606
:106B20003446DAF80C604FF6FF700DF1300E21EAB2
:106B300000008EE82C0000250F96264664460A4683
:106B400003E000BF07224FF4E06101F47F410843F6
:106B5000D1B208430CAB07900FCBCDE9004889E8D0
:106B60000F00584600F08CF9013FC3D11698DDE9BB
:106B7000029828B1D9F8000001214269484690479F
:106B80005FEA887055D59BF81800F9F76AFB002674
:106B900000280A96CDE9086607964AD007AF054651
:106BA00007F10800069010A8093004900BF10C00C2
:106BB00016AC4FF0000ACDE9029805909BF818003A
:106BC000394622468DF85860F9F7A6FC18BB9DF8A7
:106BD0002080DDF81C90B8F1080F28BF4FF008089E
:106BE00004980699068086700CA84246CDE90C668A
:106BF000EAF7A0F8DBF83900059ACDE91009DDE9DC
:106C00000C108DF84880CDE91310584610A9CDE935
:106C1000001200F035F90AF1010AAA45CED39DF819
:106C200058000028DDE9020803D001684A69022102
:106C300090475FEA48700FD5002010900790FFF74B
:106C4000C1F90BF10C0340F2E73707AE10AA01219E
:106C5000CDE90067FFF7F6F9DBE90310884200F0A1
:106C60008980401A4CF6CD418010CCF6CC4100FB17
:106C700001F510A9481C0590481D0490012041F21F
:106C8000001A01F10809012D98BF05460026C0F63B
:106C9000120A4FF00008002400200690DBF80C00D8
:106CA00040444178072941D01AF8011002291BD02D
:106CB000E1BB4368027A00F10C011093082A28BF57
:106CC000082204988DF8442006604660C0F80760EA
:106CD0004846E9F7EDFF9BF8180010A9F9F772FC98
:106CE00006980130069021E0031D0ECB006957463F
:106CF000DBF835A00DF11C0C8CE80E000A90FEF7B5
:106D000011FA01218DF840100599CDF844A0BA463A
:106D100007AF0E808E708ECF002689E88E0010AAF5
:106D2000002140F6B833FEF727FA0444013D08F18C
:106D30001408B3D1C4B1FEF7F5F9002140F6B8321A
:106D4000FEF7EDFE80B90FA110A802F0ADFA01F038
:106D5000ECF99DF94B00B0F1FF3F05DC129910985A
:106D600021F0004103F0E1FA069818B19BF81800F1
:106D7000F9F788FDDBF80C00CBF8100017B0BDE880
:106D8000F04F704774686549434373657276696371
:106D9000652063616E6E6F7420666C7573680000A9
:106DA000F0B589B00C460546FEF7BCF940F6106117
:106DB000C0F61201FEF7B0F946F67360C0F6110096
:106DC000CDE90705FEF7AEF907AA00210026FEF778
:106DD000F1F9FEF7A7F9002101220127FEF7CFF90B
:106DE000FEF7A0F945F26F12C0F611020021FEF77E
:106DF000D0F9FEF741FF6946CDE90076FEF736FF90
:106E0000FEF73AFF47F2F171C0F61101FEF759FFA4
:106E100094F83010CDE900668DF8011046F66761F0
:106E2000207E94F83120C0F61101CDE905156946A0
:106E3000CDE9026604968DF80020F9F761FC207E0A
:106E4000617EF9F743F994F8311004F10C0003F076
:106E500025F994F83110204603F059F9207EF9F70E
:106E6000DCFC09B0F0BD18B101684A690221104785
:106E7000704718B101684A69012110477047000046
:106E80002DE9F04F89B005460068129C6860FDF757
:106E900021FC261D31462A46FDF7A2FF98B930464F
:106EA00001F0A6FA78B9129C2846214600F081F834
:106EB000607895F83D10884205D1FFF783F8129A63
:106EC0000021FFF7B3F8D5E9007847456BD0DDF82E
:106ED0004CA04CF6CC4CDAF804B04CF6CD45C0F6DC
:106EE000CC4C0AF10809CCF6CC4500BF12980468D6
:106EF00097E847000292CDE90001D9F80000039617
:106F0000834509D2CBF800409DE847000BF104030C
:106F100047C30BF1140B41E0DAF80060ABEB06015C
:106F2000891001FB05F2511C61453FD8801B801080
:106F3000684346F26666B1EB400FC0F2666638BF42
:106F40004100B04204A84B4628BF614602F0A8FBAE
:106F500006989DE84E00E0E802414CC00698059B6B
:106F600014300690DAE90010421A9C1A2046E9F71C
:106F7000E1FEDAF80000DAF80810DDE906B2059063
:106F80000690049004A8CAE9004BCAF808200791AB
:106F900002F0A9FB4CF6CC4CC0F6CC4C1037474560
:106FA000CAF804B0A2D109B0BDE8F08F504602F093
:106FB00031F82DE9F0410E1D804630460D4601F0B6
:106FC00058FA98F819400746304601F00AFAA742E5
:106FD00008BF002801D0BDE8F081687898F83D101E
:106FE000884208BFBDE8F08188F83D00FDF740FF0A
:106FF000002101F075FE98F83D106822022938BF83
:107000005422036808EB0201DB690022BDE8F0416D
:107010001847B0B518210446E9F71DFF40F20110EA
:10702000208340F6B070C0F612000830E06104F131
:1070300020001421E9F70FFF2C2084F824004FF4DE
:107040008050E0844CF25030A06242F22000208652
:1070500043F20030C0F20330606340F23110C0F2FE
:107060000300C4F83900072084F83D0041F2B00065
:107070001E2345F2555C0021C0F6120048F2A06EB6
:10708000C4E9123C05230830C0F2010E4DF2900213
:10709000C4E9183104F16803C0F203020A25C4E907
:1070A000100EC4E914104FF0010C83E8251020469F
:1070B00084F83810C4E91625A167B0BD70B5044640
:1070C00041F21C00C0F61200083020600020254666
:1070D00045F8040F7C2003F02AF97C210646E9F7E5
:1070E000BAFE3046FFF795FF29682E6011B1284699
:1070F00001F035FF204670BD10B5044641F21C007A
:10710000C0F6120008302060204650F8041F00220C
:10711000026009B101F023FF20460821BDE81040BC
:1071200003F003B910B5044641F21C00C0F612008A
:1071300008302060204650F8041F0022026009B188
:1071400001F00DFF204610BDB0B584B0D1E900C2FA
:107150000068D1E9023ED1E904456146CDE900E489
:10716000029500F027F804B0B0BD10B542F24830E7
:10717000C1F20000007843F28424C007C1F2000489
:10718000BFF35F8F01D0206810BD42F24830C1F2DA
:10719000000003F06EFA0028F5D0042003F0C7F8D1
:1071A00000F0EDF8206042F24830C1F2000003F038
:1071B00076FAE8E7F0B587B0044690F8400008B1E9
:1071C000012050E00D4629A101A81E46174602F0F5
:1071D0006BF800F0AAFF9DF90F00B0F1FF3F05DC4E
:1071E0000399019821F0004103F09FF8B5F1806FF9
:1071F0004FF0000028BFB7F5FA7F34D30E9991B352
:10720000DDE90C02C4E90A57C4E90C60A263E1633A
:1072100008B9201D60634FEA154006B92463ADF834
:10722000040047F20330C0F61100CDE902041BA0B0
:1072300004904CF25030059047F2A520C0F61100A2
:10724000069008208DF8065003F071F8FCF730FA2C
:107250004EF62F62C0F6100201A92062FCF7DCF99D
:10726000012084F8400007B0F0BD00BF656D626F7B
:10727000743A3A6170703A3A626C64633A3A74688C
:10728000654354524C3A3A496D706C3A3A696E69AA
:107290007469616C69736528290000007443545255
:1072A0004C000000C80708BF7047F0B583B0164611
:1072B00056F8140F174635467060306A55F80C1DA5
:1072C000026846F8081C0021D468029101914FF031
:1072D000040C01A902AB3246CDF800C0A047B26A47
:1072E00030462946904756F8080C2968884204D051
:1072F000786B01684A682946904703B0BDE8F040C2
:10730000704770B58CB00C46054601F108000421A9
:1073100002F0C4FE04F11400042102F0BFFE0420B8
:1073200003F005F8FDF731F960620120CDE90105B0
:10733000002608A801A90896FDF789F9E16A08ADB9
:1073400001912ECD0DF1080C606A8CE82E0002210F
:10735000CDE9061601A90022FDF7FAF8A56B25B1C3
:10736000206B016889688847A8470CB070BD09B1D7
:1073700000684163002918BF012108467047B0B575
:107380000446442002F0D3FF05460020286440F65E
:10739000B07041F23C01C0F61200C0F61201083094
:1073A0000831C5E9000105F108002421E9F753FD82
:1073B0002C2085F828004FF4C05068854FF47A706F
:1073C000E86205F130001121E9F745FD204625600E
:1073D000B0BD00207047002070470020704700209B
:1073E0007047042102F0A1BF70477047042102F0EA
:1073F0009CBF80B5406800F077F8012080BD10B5D3
:1074000042F24C30C1F20000007843F28824C007F9
:10741000C1F20004BFF35F8F01D0206810BD42F2BB
:107420004C30C1F2000003F024F90028F5D0082008
:1074300002F07DFF00F030F9206042F24C30C1F2E2
:10744000000003F02CF9E8E740680123C16CC2E9B1
:107450000013B0F8441090F8463001201181937267
:10746000704710B5144600F039FE02460120C4E909
:10747000002110BD80B5416810461C312022E9F77B
:1074800017FC012080BD4168CB6C1360B1F844301B
:1074900091F84610938091714068B0F84710012030
:1074A000A2F8071070470020704780B50B7840683D
:1074B0004A88194600F054F8002080BD0A78012A55
:1074C00008D180B5406801311C302022E9F7F0FB7B
:1074D000BDE880400020704780B5406809780022F0
:1074E00000F03EF8002080BD2DE9F0470446D1E9C8
:1074F0000065D1E902020969C4E902022161E07A6A
:10750000656094F8059094F80680E77994F808A0EF
:107510002169207604F11C0020222660667684F81A
:107520003C5084F83D9084F83E8084F83F7084F8A5
:1075300040A0E9F7BDFBA07AE664022828BF1F201F
:1075400084F85000012084F8445084F8459084F871
:10755000468084F8477084F848A0BDE8F0870000B2
:107560002DE9F04190F818800446FF291AD00D4605
:107570004FF00000A5B10F2D08BFBDE8F081A84570
:1075800009D094F850001F2803D02946F8F79EFD33
:1075900010BBA8462576A5EB0800B0FA80F040099C
:1075A000BDE8F08148F2010042EA00074FF6FF70A3
:1075B000874211D0002600BFFAF74FF80546FAF7C8
:1075C0004EF8281A00F00F0527FA05F0C007CFD0B3
:1075D000F82E06F10106EFD90020BDE8F081000089
:1075E0002DE9F04F0222C0F233321521C0F80720F6
:1075F000032221A60160C272D6E9017206F10C05D0
:10760000D6E906164FF0000C0FF254084DF6AD699E
:1076100038CD4FF0010EC8F68809C0E903C800F163
:107620001408C0E908724FF00072C0E90D16152168
:10763000A0F804C080F806E041F2035ADFF838B041
:1076400088E8000E8362C0E90B45C0E90F2CC0F842
:1076500044C080F848C0C16480F850E0BDE8F08FB5
:1076600068656C6C6F2C206920616D20616E2061F3
:107670006D633263000000006920616D206120614C
:107680006D63326300000000000000000000000095
:107690000000000000000000B0B5044641F2740094
:1076A000C0F6120008300021C4E90001542002F0A5
:1076B0003EFE0546FFF794FF6068656010B15421F7
:1076C00002F033FE2046B0BD10B5044641F274000E
:1076D000C0F612000830206060680021616010B1BF
:1076E000542102F022FE20460821BDE8104002F09D
:1076F0001CBE10B5044641F27400C0F612000830FA
:10770000206060680021616010B1542102F00DFE1C
:10771000204610BDB0B50C46054600F031F92946AB
:107720002246BDE8B04000F05BBC10B582B0044614
:1077300000F026F90DF107018DF8074000F01AF965
:1077400002B010BD70B586B043F28C24C1F20004C3
:107750002078B0BB43F23020C1F200000126067051
:1077600043F2D02040F20041C1F20000C0F6100107
:107770008022E9F7DFFA40F60000C0F6100090E83A
:107780000E00C06840F2B075C1F2000585E80E0039
:10779000E860FFF734FE1521019140F60341C0F285
:1077A0000021029100218DF80C1040F23111C0F23D
:1077B0000301CDF80D1005A1059101A9FFF719FEF0
:1077C0002670FFF71CFE06B070BD00BF6920616D1A
:1077D00020616E20616D6332632040204943433154
:1077E0003A332F43414E323A3300000008207047AD
:1077F000B0B504461F2008760D46D4E90731C5E927
:107800000731627F142A28BF14226A776870AB7030
:10781000EA7011B1281DE9F74BFA207E062800F224
:10782000A480DFE800F004A23126A2A24800207F55
:10783000FC38032841D8DFE800F00282566A0120B4
:10784000287640F29070C1F2000041F2FC01C5E9D7
:10785000071010214FF601426977A5F80120E97061
:1078600090E80E00C06805F1040C8CE80E00286159
:107870007BE0207FFE2822D1206A43F29821006815
:10788000C1F20001086070E0207FFE2815D1206A57
:1078900043F298210068C1F2000140F2FE43086003
:1078A0000422C5E907314FF604612A766A77A5F804
:1078B0000110EA7029E0042002E0052000E01F200A
:1078C0002876D4E90731C5E90731627F142A28BF39
:1078D000142200296A776870AB70EA7045D0281DC1
:1078E000E9F7E6F941E00120287643F29820C1F259
:1078F000000040F2FE41C5E90710006804214FF680
:1079000001626977A5F80120E97068602DE000F058
:10791000E5FB43F290220123C1F200022B7640F6F0
:10792000FF03C2E90001C5E9073208224FF60173DF
:107930006A77A5F80130EA70C5E9010115E043F264
:10794000A0200122C1F2000000212A7640F6FD02AB
:10795000C0E90011C5E9072008204FF601526877F9
:10796000A5F80120E870C5E90111207E1F3818BF75
:107970000120B0BD80B5006800F028F8012080BD6E
:1079800010B542F25030C1F20000007843F2A82452
:10799000C007C1F20004BFF35F8F01D0206810BDA3
:1079A00042F25030C1F2000002F063FE0028F5D030
:1079B000042002F0BCFC00F019FB206042F25030C1
:1079C000C1F2000002F06BFEE8E700002DE9F04193
:1079D00084B00446407A002840F0A980087856A177
:1079E0002072684601F060FC00F09FFB9DF90B00DF
:1079F000B0F1FF3F05DC0299009821F0004102F050
:107A000094FC042002F093FC41F25C01C0F61201E8
:107A100001F1080505602060042002F088FC056083
:107A20006060F8F704FBA074F8F7FFFA04F128058A
:107A3000E07428460521052702F0DFFB0021A07C29
:107A40006E46E1628DF80010CDE9011103913146D7
:107A5000FBF750FBA07CFBF72DFC8DF800002846BF
:107A6000314602F001FC013FF4D1E26A4FF0010817
:107A7000D2B1A06A510900EB810102F01F0200257A
:107A8000076808FA05F6374018BF01270DD01F2DEB
:107A900008BF0430B5F11F0318BF6B1C93421D468D
:107AA00008BF8842ECD100E001272775207D0C2516
:107AB0006075217D0020002918BF08250026FBF7EE
:107AC00014F9FDF7D5F9E17C01F00AF9016849598B
:107AD00088470020FBF73EFC0120FBF73BFCEBF75F
:107AE00051F8207D42F27411C1F2000181F8340096
:107AF00069460020ADF80860CDE90066FBF7B2F8F2
:107B000047F64D41C0F6110100202246FAF710F861
:107B1000207A40F25021C1F2000108700020C4F226
:107B20002010A66384F84480206484F80980012032
:107B300004B0BDE8F08100BF656D626F743A3A61D0
:107B400070703A3A626F6172643A3A616D6332639F
:107B50003A3A7468654D42443A3A496D706C3A3A23
:107B6000696E697469616C69736528290000000099
:107B70002DE9F04186B08046C06A08F12805052845
:107B800016D3D8F82810420900F01F04002001EB9A
:107B9000820305900DF1100C02A801220491CDE999
:107BA000004C01F0D9FDD8F82C000138C8F82C00A1
:107BB00098F81200FBF77EFB8DF8100004A9284608
:107BC00002F052FBD8F82C300120DBB1D8F8281095
:107BD0005A0901EB820203F01F0300270C6800FA28
:107BE00007F6344018BF01240DD01F2F08BF043101
:107BF000B7F11F0518BF7D1C9D422F4608BF91425B
:107C0000ECD100E0012488F8144098F8140042F206
:107C10007411C1F2000181F8340098F814000128B1
:107C200008D100F05BFAC8E9060100200121FBF74A
:107C30005CF807E000200021FBF757F800F04EFA4F
:107C4000C8E9080106B0BDE8F0810000002800F096
:107C5000808000297DD02DE9F0472DED028B86B084
:107C6000D1E900A9D1F8088000250DF11701002005
:107C70008DF81750F9F712FF9DF8170042F27414AF
:107C8000C1F2000484F8300004A900200495F9F73B
:107C9000E3FE42F25430C1F20000007843F2AC2619
:107CA000C007C1F20006BFF35F8F53D042F2DC156C
:107CB00004983168C1F2000595F8B620411A43F2E4
:107CC000B027012A98BF0122C1F2000709B291FB37
:107CD000F2F13A6800EE100A9FED278A01EE10AA31
:107CE0009FED262A03EE109A04EE108AB8EEC00A21
:107CF000B8EEC11AB8EEC33AB8EEC44A02FA81F13E
:107D000020EE080A21EE021A23EE023A24EE022A9D
:107D10003060396084ED051A84ED063A84ED072A57
:107D200084ED080AEBF782FA97ED000A2A1D07CACC
:107D3000B8EEC00A01AB20EE080A07C301A9002073
:107D400084ED020AFBF732F806B0BDEC028BBDE809
:107D5000F047704742F25430C1F2000002F089FC53
:107D60000028A3D00498306042F25430C1F20000E1
:107D700002F095FC9AE700BF0000B43B6F12833A13
:107D80002DE9F04F81B02DED028B8CB08A46D1E900
:107D900000130292994204461CBF487884F83400CC
:107DA00060680168096888472046FFF7E1FE607D4A
:107DB000217D42F2741B8842C1F2000B11D0207D5C
:107DC0006075207D8BF83400257DFDF751F8E17C4E
:107DD00000F086FF01680C22002D18BF0822895888
:107DE0008847DAE900214CF6CD43881A8010CCF69A
:107DF000CC43584300230027039400BF0BEB070636
:107E00000C37302F86F83630F8D1914227D004282D
:107E100028BF04204FF00109012898BF484600EB15
:107E20004000860000250027DAF800000BEB05046F
:107E3000C1190A7A04F13A00D1F804800C3184F8AF
:107E40003720082A28BF0822E8F732FF0C35AE4257
:107E500007F11407A4F8388084F83690E4D1FAF7D3
:107E6000A3FF039D95ED0E1AB4EE401AF1EE10FA41
:107E700002D195ED0F0A0BE095ED108A85ED0E0A03
:107E800020EE080A03F00AFA80EE080A85ED0F0AD0
:107E9000DDF808908BED000AEAF7C8FE09F108004A
:107EA00000244FF00008019042F2DC10C1F2000003
:107EB000404490F8041101297ED190F80571B0F882
:107EC00006A100F58471082F28BF082704A83A46A8
:107ED000CDE90444E8F72EFF95F83400297A00F044
:107EE000070242EA0112090441EA0023D9E901101C
:107EF000D2B2DDF810B0059E814203EB02050BD231
:107F0000C1E9005A0F72A1F80940CC72C1E903B669
:107F100001F114054DE000BFD9F800304CF6CD4416
:107F2000C91A8910CCF6CC44029601FB04F24CF637
:107F3000CC46511CC0F6CC46B1424ED8C01A801077
:107F4000604346F26663B1EB400F38BF4100C0F2B8
:107F50006663984228BF314607AE019B304601F068
:107F60009FFB09980024C0E9005A0772A0F8094055
:107F7000C4720999029A089BC0E903B201F1140086
:107F80000990D9E90010421A9F1A3846E8F7D2FE44
:107F9000D9F80000D9F80810DDE9095208900990D5
:107FA00007903046C9E90075C9F808200A9101F028
:107FB0009AFBC9F80450039D08F10C08B8F1300F82
:107FC0007FF472AF686801684968884701200CB087
:107FD000BDEC028B01B0BDE8F08F484601F01AF805
:107FE00080B50068FFF7CCFE012080BDB0B5044627
:107FF000482002F09CF938210546E8F72CFF0120C3
:1080000028720021E8740720E960C5F80F1029756F
:108010006975C5E90611C5E9081185F834002046DF
:10802000C5E90A112963C5E90E11C5E910112560DA
:10803000B0BD70470189B1B180B54289531CB3FB13
:10804000F1FCB2FBF1FE0CFB11330EFB112143815D
:10805000C1F34A1200EB8200C06801F01F01C84062
:1080600000F0010080BD0020704710B582B00446CA
:1080700041F2B000C0F612000830214641F80C0B66
:108080000020009101906846402101F03AF9204615
:10809000142102F04AF902B010BDB0B582B0044616
:1080A00041F2B000C0F612000830206004F10C006C
:1080B0000090002568464021019501F022F9656095
:1080C0002046A56002B0B0BD70477047704770474A
:1080D000704770477047082102F027B940F2887056
:1080E000C1F2000000680047B0B543F20C25C1F2B0
:1080F0000005297809B10120B0BD0446406890B15F
:10810000216811B18847606820B140F28871C1F2DE
:1081100000010860A06843F20821C1F20001086074
:1081200001202870B0BD0020B0BD43F20821C1F28B
:108130000001096801B108470020704743F2B82CDC
:10814000C1F2000CDCE90001431C41F10002CCE962
:1081500000327047B0B50D46044600F0BEFA28461E
:1081600000F017FB30B921690978002918BF0121F7
:1081700084F82810B0FA80F04009B0BD10B50C4664
:1081800000F0ABFA204600F004FBFF38B0FA80F0B4
:10819000400910BD2DE9F04186B00646D3E900073D
:1081A0000C468DF81100187AB3F809104FF000084A
:1081B0008DF81200ADF81310052520461146002257
:1081C0008DF81780ADF81580002F08BF042500F04A
:1081D00041F904203379002F08BF03200DF111016C
:1081E000CDE9001020460721FF22CDF80880CDF808
:1081F0000C8000F053F920462946002200F01AF9BD
:10820000012006B0BDE8F081B0B50D46044600F08F
:1082100064FA284600F0BDFA32280FD12169002304
:108220000A78638584F828202A79032A06D18A7877
:1082300013026385497841EA022161853238B0FA38
:1082400080F04009B0BD0020704710B50C4600F02A
:1082500044FA204600F09DFA0E38B0FA80F040094A
:1082600010BD70B586B00C460546D3F803001968FA
:10827000CDF813000491204611460022002600F09C
:10828000E9F82B79072004A9CDE900102046072141
:108290000E220296039600F001F9204608210022E2
:1082A00000F0C8F8012006B070BD90F82A007047B1
:1082B000B0B50D46044600F010FA284600F069FA01
:1082C0000C28A0F10C00B0FA80F04FEA501004BF67
:1082D00000212185B0BD2DE9F04387B090F82970C9
:1082E00090F82A60B7422CD204460D460846114643
:1082F000002298464FF0000900F0ACF894F82900ED
:10830000237958F820108DF81500CDF816100520A7
:108310000DF11501CDE90010284607210C22ADF81A
:108320001A90CDF80890CDF80C9000F0B7F82846D8
:108330000621002200F07EF894F82900013084F82C
:1083400029000020B74238BF012007B0BDE8F08304
:108350002DE9F04381B00D46044600F0BEF92846F1
:1083600000F017FA0D280BD127693E78072E07D8A1
:1083700043F20D28C1F200083EB198F800900FE0DA
:108380000025284601B0BDE8F08343F210204FF0ED
:108390000009C1F20000202184F82890E8F75BFD75
:1083A000012505FA06F0C0B2D7F8011043F21022F9
:1083B00040EA0900C1F2000242F826100021FF281D
:1083C00088F8000084F82810DBD143F2102104F172
:1083D0002900C1F200012022E8F725FC84F828508A
:1083E000CFE70068C0F30220062808BFFE207047D0
:1083F0000078000970470068C0F302235A1E062B5C
:1084000008BF6FF00202062A07D2D2B23D2323FA38
:1084100002F2D2071CBF0020704700F00F000F28A7
:108420000FBF012001F00F01401AB0FA80F018BF11
:108430004009704708290B46844628BF082382F06C
:10844000010009294FF0000138BF012108438CF8D1
:10845000043070470368844661F3071321F00F016D
:10846000B1FA81F182F0010049090843CCF80030EB
:1084700070470068C0F30222511E062A08BF6FF041
:108480000201062907D2C9B23D2222FA01F1C90729
:108490001CBF0F20704700F00F007047FE2904BF7B
:1084A000002070472DE9F04381B0064600680F4672
:1084B00020F4E06001F00F0140EA0124072F34604E
:1084C00056D801201546DDF82C90DDE90812B84099
:1084D000984610F07A0F0AD065F30304346001B3B4
:1084E000FAB106F10800082A28BF082217E068F34D
:1084F0000304072F346006D03FB90A9805F07F03C4
:1085000043EAC01003E0284601E005F07F00307226
:1085100039B132B1072A28BF072206F10900E8F76E
:10852000C7FBB9F1000F21D0C4F302200628014691
:1085300008BFFE218F421BD16FF00201062808BF41
:108540006FF0010051FA80F1042902D3C1B2012970
:1085500019D104F00F018D420AD10138C0B20628AA
:108560000AD23D2121FA00F0C00705D0012000E029
:10857000002001B0BDE8F08304F00F00B8EB00006C
:1085800018BF0120F5E704F4E062317AB2F5E06F3C
:1085900018BF01F07F01DEE7B0B50D46044600F0DC
:1085A0009CF829686FF00203C1F3022294F83000AE
:1085B000062A08BF6FF0010253FA82F3042B02D39C
:1085C000D2B2012A0CD101F00F01884203D12269F5
:1085D000127884F82820401AB0FA80F04009B0BD23
:1085E00001F4E062297AB2F5E06F18BF01F07F0173
:1085F000EBE700207047B0B50D46044600F06DF87B
:1086000029686FF00203C1F3022294F83000062AB1
:1086100008BF6FF0010253FA82F3042B02D3D2B2E7
:10862000012A0FD101F00F01884206D12269137887
:1086300084F82830527884F82920401AB0FA80F063
:108640004009B0BD01F4E062297AB2F5E06F18BFCD
:1086500001F07F01E8E7B0B586B00D4609684FF03C
:10866000000E62F307111A6829608DF81120B3F823
:1086700005201979ADF813201A7A8DF81210D979DE
:108680005FFA82FC8DF8162090F8282090F8294097
:108690008DF81510891AB1FA81F1E2B249099445B1
:1086A0004FF00002037928BF012201EA0204C16AE7
:1086B00090F830208DF8174007200DF11104CDE916
:1086C00000402846CDF808E0CDF80CE0FFF7E6FEC4
:1086D00008210120297106B0B0BD10B5D1E90032E2
:1086E000D1E902C1C0E90632C0E908C1C3F30221E1
:1086F0000A46062908BFFE2282606FF0020208BF08
:108700006FF0010152FA81F2042A5FFA81FC02D370
:10871000BCF1010F33D103F00F024C1E0273DAB229
:10872000E4B21209062C027106D23D22E240D207C1
:1087300002D04FF00F0E01E003F00F0E037F80F820
:1087400005E043B1062C09D240F65412C0F61202DD
:1087500052F8242003E0002303610CE021226FF093
:10876000020454FA81F102440429026103D3BCF1EA
:10877000010F18BF013B01210375017010BD03F407
:10878000E06E90F82020BEF5E06F18BF02F07F0287
:10879000C3E701686FF00203C1F30222062A08BF93
:1087A0006FF0010253FA82F3042B02D3D2B2012AF2
:1087B00002D101F00F00704701F4E061007AB1F5D9
:1087C000E06F18BF00F07F00704751B110B50C4644
:1087D000012901D1F7F70BFD2046BDE81040F7F75E
:1087E000DBBC704770477047704781B044F2E0408F
:1087F000C5F602000268002342F0800202600068B1
:10880000002200F080000090009840F68C20C0F616
:10881000120000EB810040680121023001B0F9F73D
:10882000B4B810B582B042F2B060C1F20000017875
:1088300071B944F2E041C5F602010A6842F00072E3
:108840000A60096801F0007101910199012101702C
:1088500042F2B164C1F20004207888B97D20002181
:108860000022EFF7A5FB7D20EFF790FB7E20002193
:108870000022EFF79DFB7E20EFF788FB01202070A0
:1088800002B010BD80B58A88B2F5007F0FDA1F2ACA
:108890001CDC531E072B44D84FF0000EDFE803F01A
:1088A0005D043E493E3E3E464FF0010E55E0B2F5B6
:1088B000005F14DAB2F5006F25DAB2F5007F41D01F
:1088C000B2F5806F2AD14FF00A0E46E07F2A12DC03
:1088D000202A31D0402A21D14FF0060E3DE0B2F5DA
:1088E000004F17DAB2F5005F2FD0B2F5804F15D1E7
:1088F0004FF00E0E31E0802A21D0B2F5807F0DD1ED
:108900004FF0080E29E023D0B2F5805F06D14FF07A
:108910000C0E22E01FD04FF6FF739A424FF01F0E4D
:108920001BE0102AFAD14FF0040E16E04FF0030EB0
:1089300013E04FF0020E10E04FF0050E0DE04FF087
:10894000070E0AE04FF0090E07E04FF00D0E04E0AD
:108950004FF00B0E01E04FF00F0E096849B100F126
:108960001803002053F820208A4203D001300B283E
:10897000F8D11F20C0B240EA0E2080BD70B50E466F
:1089800009680446096830461546884758B1D6E953
:108990000310B1FBF0F18D4205D2B16800FB051167
:1089A000C4E9006106E000214FF0FF304FF0FF35D1
:1089B000C4E90010C4E9020570BD70B50D46096830
:1089C0000446096828461646884778B1A9688E4249
:1089D0000CD3E8680844864208D22869721AB2FBB0
:1089E000F0F202FB0011C4E9005106E000214FF053
:1089F000FF304FF0FF32C4E90010C4E9020270BD3D
:108A00002DE9F04F85B0054608680C46296860607E
:108A100009682846884700285AD06869002857D036
:108A2000D4F804A004F108090026E846A9682F69D3
:108A3000D9F8000007FB061B824507D2CAE9005B94
:108A4000CAE902760AF1100A3CE000BF236801215E
:108A5000AAEB030201EB2211B1F1805F3BD2C01AF5
:108A60004FF6F073B1EBE00FC7F6FF734FEA221237
:108A700038BFC110984240464B4628BF6FF0704146
:108A800000F0B2FD0298C0E9005B02998760C66001
:108A900001F110000290D4E90010019B421A9F1AC4
:108AA0003846E8F747F92068A168DDE902A201909D
:108AB0000290C4E9007AA2600391009010B1091AF3
:108AC00001F033FC686901368642C4F804A0ADD3D6
:108AD00005B0BDE8F08F204600F08CFA027901461F
:108AE000022A4FF0000014D01F2A12D088680130EB
:108AF00004BF00207047C868013810F1030F4FF021
:108B0000000088BF70470969013911F1020F38BFB1
:108B1000012070470020F9F78AB9704780B540F608
:108B20009C30C0F61200FFF7ADFE00F47F40B0F5B8
:108B3000706F18BF80BD0020BDE88040FAF754BBBD
:108B400082B044F2E040C5F602000268022342F01F
:108B500001020260026802F001020092009A0268BB
:108B600042F0040202600068002200F0040001905C
:108B7000019840F6D450C0F6120000EB8100406826
:108B80000121023002B0F8F700BF01207047000059
:108B900000A070477449444C4500000065207047B0
:108BA0003720704700A0704774494E4954000000B8
:108BB000642070474068807B70470000406881698E
:108BC00002A0002918BF0846704700BF4576656EB1
:108BD0007454687265616400012070470068D0E9D0
:108BE0000D200A6070474068807C70474068C1690A
:108BF00002A0002918BF0846704700BF4D65737377
:108C00006167655468726561640000000320704705
:108C10004068807C704700004068C16902A000295C
:108C200018BF0846704700BF43616C6C6261636B9C
:108C300054687265616400000420704700688068B1
:108C400030B180B50268936900229847012080BD49
:108C50000846FBF780BC00688068704780B5014615
:108C600000680138032830D8DFE800F0021F0D1239
:108C70008A6800205AB1496849B1106801681046F5
:108C8000884701381DE04868002818BF012080BDD2
:108C90008A680020002AFAD049680029F7D01068B5
:108CA00001681046884706380BE08A680020002AD1
:108CB000EDD049680029EAD010680168104688475D
:108CC0000338B0FA80F0400980BD002080BD40F636
:108CD0000B60C0F6120070470020704701207047FB
:108CE00080B5D0F800C0E6465EF80C2F73468AB116
:108CF000704600BF137C8B422CBF104604321268B2
:108D0000002AF7D17045734604D0027C914238BFE7
:108D10007046034603F11800734508BF0CF11400B8
:108D200080BD007970470079F8F7D0BA10B50278A5
:108D3000B2B1C1EB412100EB8104E06F4FF0FF3194
:108D4000FBF7DBF9D4E91C12E06F511A4AF6AB22AB
:108D5000C910CAF6AA2201FB02F4FBF7F5F900E0FC
:108D60000024204610BD10B50278D2B1C1EB4121DC
:108D700000EB8104D4F830084FF0FF31FBF7BDF968
:108D8000D4F82418D4F82828D4F83008511A4AF610
:108D9000AB22C910CAF6AA2201FB02F4FBF7D4F9F0
:108DA00000E00024204610BD0068FFF7BFBF014669
:108DB000406800284FF000001ED00A68E2B18868C1
:108DC000B0F5FA7F4FF0000016D38A89B2F5806FB4
:108DD00012D3088FB0F5806F4FF000000CD391F8DC
:108DE0003A20042A08D391F83B20042A04D3B1F88E
:108DF0004400800A18BF0120704740684430704723
:108E0000406890F8500070474068007E70470089C5
:108E1000704710B5044609B1142A03D2142001F09A
:108E200086FA0146208941F2B0036268D4E903EC76
:108E30006489C0F612030833C1E9003208814C810D
:108E4000C1E903EC08B901200881084610BD40685B
:108E5000704700797047002070470000F0B5DDF8DA
:108E600014E0D2E900151E68DEF80440B14202D1D8
:108E70005E68B5422FD04FF0010C00BF0F68DEF8DE
:108E8000006027FA05F5ED070CFA04F435680CBF0D
:108E900025EA04042C43346054681F2C11BF611C64
:108EA0000431116000215160DEF804101F2907D140
:108EB000DEF8001000240431CEF8001001E000BFFD
:108EC0004C1CCEF80440D2E900151E68B142D5D141
:108ED0005E68B542D2D1DEF80020C0E90015C0E9D5
:108EE0000224F0BD41F2C730C0F6120000F001FDCF
:108EF00041F2C730C0F6120000F002FD71B32DE957
:108F0000F0414FF208058846CFF6FF754FF407662B
:108F100040F66C0708EB0704D4F8B40730B1D4F876
:108F2000BC17C4F8B807091A01F0FFF958F8070090
:108F300028B148F80600A168091A01F0F6F905F20F
:108F4000FC75A6F2FC76002DA7F2FC77E2D1404634
:108F50004FF48251BDE8F04101F0E7B970470029B4
:108F60003FD070B582B041F2B000C0F6120000F1FF
:108F7000080601F174000C468E66009000256846D4
:108F80004021019500F0BDF904F16000CDE9000534
:108F900068464021C4E91B55666500F0B2F904F14A
:108FA0004C00CDE9000568464021C4E91655266409
:108FB00000F0A7F9E0686564A56420B161692061EB
:108FC000091A01F0B2F9206820B1A1686060091A9D
:108FD00001F0ABF920467C2101F0A7F902B0BDE811
:108FE0007040704701A000F084FC00BF7665637498
:108FF0006F72000001A000F07CFC00BF7665637416
:109000006F72000001A000F074FC00BF766563740D
:109010006F72000041F24A20C0F6120000F069FCB5
:1090200041F24A20C0F6120000F063FC41F24A20EF
:10903000C0F6120000F05DFC10B5046801604CB190
:1090400004F13C00FBF757F920464021BDE81040F1
:1090500001F06BB910BD10B5046801606CB100205F
:10906000E1682070606004F1080000F08BFD20468C
:109070001C21BDE8104001F058B910BD2DE9F04F9A
:1090800081B00E464FF6F671C7F6FF711F468B1B77
:109090009A42044656D894F90B00DDF8288000283F
:1090A0004FF6F270D4F80090C3F6FF7058BFA14697
:1090B00086420DD89019B0EB460F98BF700040F073
:1090C000070101F1010B0B2838BF4FF00B0B01E03A
:1090D00001F1010B584601F02AF9B8F1000F0546DD
:1090E00004D0284649464246E7F7E2FDDDE90BA2F7
:1090F0002AB10D9905EB0800E7F795FD0C9A0AEBEC
:1091000008003F1A0AD009EB080000EB0A0105EB42
:10911000080010443A46E7F7CBFD0C9A711C0B2966
:1091200003D0484601F001F90C9A4BF0004002EBE5
:1091300008013944A0600020C4E90051685401B01E
:10914000BDE8F08F2046FFF7CDFEB0B505460846D6
:109150000C46E7F749FD024628462146BDE8B040E7
:10916000AFF30080F0B585B01646D0E90152044651
:1091700090F90B0022F000420A2300284CBF531E36
:1091800005465A1BB2428C460DD2A819C21A0020BD
:10919000CDE90050204619462B460296CDF80CC06A
:1091A000FFF76CFF16E0AEB12768002858BF2746CE
:1091B000781961463246E7F77BFD94F90B00B0F170
:1091C000FF3F05EB0600C6BF00F07F01E172606063
:1091D00000213954204605B0F0BD70B50646104652
:1091E00014460D46E7F700FD034630462946224661
:1091F000BDE87040AFF300802DE9F04385B0044630
:1092000090F90B006668002858BF06468E4248D386
:109210000F46A168904621F000420A21002848BF6D
:10922000511E8A1B1D469A420CD27019421A002008
:10923000CDE90070204633460295CDF80C80FFF74B
:109240001DFF2AE04DB3D4F80090002858BFA14676
:10925000BE420ED009EB06008045404609EB0701EF
:1092600038BF2844F21B884528BF80464819E7F7D5
:109270001FFD09EB070041462A46E7F719FD94F95F
:109280000B00B0F1FF3F06EB0500C6BF00F07F0109
:10929000E1726060002109F80010204605B0BDE8C9
:1092A000F0832046FFF724FE2DE9F04104460846EE
:1092B0008846E7F799FC05464FF6F870C7F6FF7049
:1092C00085421BD20B2D03D22746E57265B910E00B
:1092D00045F00700461C304601F029F8074646F0E5
:1092E0000040C4E90075A060384641462A46E7F7C9
:1092F000DFFC002120467955BDE8F0812046FFF7CC
:10930000F1FDF0B581B00546D0E900400E46A0B1B0
:10931000C0F120010A468E4238BF32464FF0FF337B
:10932000891A03FA00F023FA01F12368084023EABE
:10933000000044F8040BB61A2C60770903D0B9007A
:109340002046E7F788FD16F01F000ED004EB8701DA
:109350002960C0F120004FF0FF3154F8272021FA96
:1093600000F022EA000044F8270001B0F0BD000040
:10937000F0B5D1F800C00B46BCF1000F06D04A682A
:109380000B4642B113461268002AFBD1D3F804C041
:10939000BCF1000F05D09C684FF0000ECCF80840DF
:1093A00004E09C684FF0000C4FF0010E22689342DD
:1093B00002D0C4F804C007E08342C4F800C001D062
:1093C000626801E0002260461C7B8B4214D08D68ED
:1093D0002E4656F8047B9D60B94208BF2E46336086
:1093E000D1E900651E60B3605D6005B1AB600D7BC7
:1093F00088421D7308BF1846002872D0002C70D018
:10940000BEF1000F6AD04FF0000E4FF0010C00BF0C
:109410009368147B19688A422CD0C4B9596882F8C1
:109420000CC00C6883F80CE05C6004B1A3609C681D
:10943000254655F8046B8C60B34208BF2546296069
:109440000B601468A04208BF1046626899601368F8
:1094500013B1197B012948D1516811B10C7B012C42
:1094600045D1916882F80CE081423BD00A7B62BB17
:1094700038E000BFBCB94C6882F80CC083F80CE03F
:109480001C6004B1A3609C68254655F8046B8C6091
:10949000B34208BF254629604B605468A04208BF0C
:1094A000104622689960116811B10B7B012B4DD1D8
:1094B000536813B11C7B012C4BD1916882F80CE0EE
:1094C0000A7B012A0ED181420CD08A68134653F8D8
:1094D000044BA14218BF13461A6899E701208CF883
:1094E0000C00F0BD01200873F0BD516811B1087B7C
:1094F000012814D1012018735868002111731060DD
:1095000000B182609068014651F8047B9860BA42CD
:1095100008BF01460B6011465A60936000E0134695
:1095200098680127027B1A734268077313680F73E8
:10953000436003B1986081680B4653F8047B9160E7
:10954000B84208BF0B461A60106031E02BB1536877
:1095500005E021B1087BC007F9D1134613E00120D3
:109560001873186800211173506000B18260906810
:10957000014651F8047B9860BA4208BF01460B606F
:109580001A609360114698680127027B1A7302687B
:10959000077353680F73036003B1986081680B46CB
:1095A00053F8047B9160B84208BF0B461A605060C4
:1095B0008260F0BD70B516460D4604460020C4E931
:1095C000030329B1B5F1805F0CD2280100F0AFFE92
:1095D00000EB061100EB0512C4E900012046A16072
:1095E000E26070BD00F07CFE70B516460D46044684
:1095F0000020C4E9030329B1B5F1805F0CD2280132
:1096000000F095FE00EB061100EB0512C4E9000125
:109610002046A160E26070BD00F062FE70B51646A3
:109620000D4604460020C4E9030351B14AF6AB20BD
:10963000C0F6AA20854212D205EB4500C00000F01A
:1096400076FE06EB460100EBC10105EB450200EB9F
:10965000C202C4E900012046A160E26070BD00F0D2
:109660003FFE10B50446D0E90110814210D0411AE6
:109670004AF6AB221839CAF6AA22A1FB02231A091C
:1096800002EB4202A1EBC202511A08441838A06052
:10969000206818B1E168091A00F047FE204610BDA5
:1096A00070B516460D4604460020C4E9030351B1C7
:1096B0004CF6CD40C0F6CC40854212D205EB850079
:1096C000800000F034FE06EB860100EB810105EB23
:1096D000850200EB8202C4E900012046A160E2603D
:1096E00070BD00F0FDFD10B50446D0E901108142C7
:1096F00010D0411A4CF6CD421439CCF6CC42A1FB25
:1097000002231A0902EB8202A1EB8202511A0844D9
:109710001438A060206818B1E168091A00F005FE4D
:10972000204610BD70B516460D4604460020C4E91B
:10973000030329B1B5F1805F0CD2280100F0F7FDD9
:1097400000EB061100EB0512C4E900012046A16000
:10975000E26070BD00F0C4FD2DE9F04F099F5B1A77
:10976000BF1A07EBC30EDDF828C0BEF1000F53DDB2
:10977000002A54D0C2F120031D469E45B8BF75464D
:109780004FF0FF385B1BDCE9007408FA02F628FA98
:1097900003F303EA0609C4F120032E46AB4238BFA7
:1097A0001E469B1B08FA04F428FA03F323403C6886
:1097B000D1F800A024EA030BC7F800B0DCF804409D
:1097C00009EA0A09131B29FA03F3A41A88BF09FA44
:1097D00004F343EA0B033B60DCF80430AEEB050E08
:1097E0009C196309AD1B07EB830304F01F07012DD0
:1097F000CCE900370EDBC5F120041F6828FA04F419
:10980000324427EA040429FA02F222432F461A605E
:10981000CCF80450043104E0DCF8003063E0DCE90B
:109820000037BEF1200FC7F1200820DB4FF0FF34D6
:10983000BC401E68E54300BF2E4051F8047B1E600B
:10984000DCF80420BEF13F0F07FA02F242EA0602FA
:109850001A6053F8042F27FA08F602EA040246EACF
:109860000206AEF1200E1E60E6D8CCF80030BEF144
:10987000010F38DB7546DCF804604FF0FF34F0452B
:10988000B8BF4546A8EB050704FA06F624FA07F721
:109890003E401F68CEF1200227EA060609681E60D6
:1098A00024FA02F2DCF80470114001FA07F23243A4
:1098B0001A60DCF804202A44560903EB860302F000
:1098C0001F06AEEB0502012ACCE900360BDBC2F124
:1098D00020071E6824FA07F726EA0707E9403943FC
:1098E0001960CCF80420DCF80410C0E90031BDE8B0
:1098F000F08F014641F20820C0F6120000F007F890
:10990000014641F28530C0F6120000F000F884B044
:10991000844601A80EC040F62C2001AAC1F2000026
:1099200061460092E6F764FFE7F704FC10B58CB0DF
:109930000446D1E90001D2E9002CCDE90501D3E9C3
:1099400000010392CDF810C0CDE901010DF1040C26
:1099500008A80DF11F0105AA03ABCDF800C0FFF761
:109960007DFA08AB0FCB0FC40CB010BD0A1AB2FAC7
:1099700082F24FEA52120A7308BF7047B0B54FF037
:10998000010E00BF8B681A7B002A40F08D80D3F84F
:1099900008C0DCF80020934206D0DAB112F80C4F70
:1099A000012C144607D115E0DCF80440BCB114F8D2
:1099B0000C5F012D13D0BCEB0001B1FA81F14FEA2D
:1099C000511183F80CE08CF80C10614684F800E02B
:1099D000D8D169E0186881421DD018462EE0186879
:1099E000814247D05868194602685A6022B1936094
:1099F000D3F808C0DCF80010C0F808C08B4218BFCC
:109A00000CF1040CCCF800009860D0F808C003609A
:109A1000DCF800202FE04168196011B18B60D3F8A9
:109A200008C0614651F8042BC0F808C0934208BF33
:109A3000614608609860D0F808C043600121017356
:109A4000DCF80400002201688CF80C20CCF804102B
:109A500009B1C1F808C0DCF808100A4652F8043B06
:109A600081609C4508BF0A461060C0F800C0CCF871
:109A7000080019E0184601210173506800218CF894
:109A80000C10CCF8000008B1C0F808C0DCF80800E1
:109A9000014651F8043B90609C4508BF01460A60AE
:109AA000C2F804C0CCF80820BDE8B040704710B53B
:109AB0004168044600F0FFF8204610BD10B504468A
:109AC0000020C3E90000996013602068006808B1B5
:109AD0002060136860681946FFF748FFA0680130EE
:109AE000A06010BD2DE9F04F83B08A465AF8046F8C
:109AF0001F460346554696B1107800BF327C354666
:109B0000904205D22E68AA46002EF7D107E000BF8A
:109B1000824231D26E68002EF0D105F1040A48204D
:109B2000CDE9011300F003FC39780446017440F6D6
:109B3000EC70C0F612000830009007F10C0ED7E967
:109B4000086BD7E90A89D7E90C079EE80E50C4E9EB
:109B50001007009804F1180787E80F50019829466C
:109B600052462346C4E90E89C4E90C6BFFF7A6FFF1
:109B7000029B0120254600E000201D60187103B003
:109B8000BDE8F08F79B1B0B50C4609680546FFF71E
:109B9000F9FF61682846FFF7F5FF20464821BDE838
:109BA000B04000F0C2BB704784465CF8043F93B1FC
:109BB00010B50968644600BF1A698A422CBF1C466A
:109BC00004331B68002BF7D1644502D0226991420F
:109BD00003D2002010BD00207047214600F01AF883
:109BE0002046182100F0A1FB012010BD10B504464D
:109BF0000020C3E90000996013602068006808B184
:109C00002060136860681946FFF7B0FEA068013055
:109C1000A06010BD10B54A682AB100BF1446126892
:109C2000002AFBD105E00A46946823689A4222463E
:109C3000FAD102688A4208BF0460D0E90123013BDF
:109C400083601046FFF794FB204610BD2DE9F043DA
:109C500081B00D460F4655F8041F984681462E46A2
:109C600081B110680E460969884205D231683546CF
:109C70000029F7D106E000BF814214D271680029A3
:109C8000F0D1351D182003F087F8D8E900120446FA
:109C9000C4E90412384631462A462346FFF7A6FF98
:109CA0000120264600E00020C9F8006089F8040081
:109CB00001B0BDE8F08379B1B0B50C46096805463E
:109CC000FFF7F9FF61682846FFF7F5FF20461821E6
:109CD000BDE8B04000F029BB7047B0B586B0034680
:109CE000044653F8082F0068121AB1EB221F1FD93F
:109CF000B1F1805F1ED26268101A021101A8FFF74D
:109D000059FCD4E90010029B421A9D1A2846E7F735
:109D100011F82068A168DDE9032302900390C4E9EB
:109D20000052A3600491019010B1091A00F0FDFAED
:109D300006B0B0BD2046FFF755F970B586B00346B2
:109D4000044653F8082F0068121AD6104AF6AB22C0
:109D5000CAF6AA225643B14223D94AF6AB26C0F628
:109D6000AA26B1421FD2666801AD301AC010424324
:109D70002846FFF753FCD4E90010029B421A9E1AB2
:109D80003046E6F750FF2068A168DDE90323029022
:109D9000039001902846C4E90062A3600491FFF794
:109DA00060FC06B070BD2046FFF72CF9B0B54CF64C
:109DB000CD42C0F6CC42914204460AD201EB810565
:109DC000A80000F0B4FA00EB8501C4E90000A1602E
:109DD000B0BD2046FFF71EF910B50446006840B13B
:109DE000A1686060091A00F0A0FA0020C4E9000030
:109DF000A06010BD2DE9F0470446076880684CF666
:109E0000CD45C01B8010CCF6CC4568431E4690461D
:109E100083428A4627D94CF6CC472046C0F6CC4729
:109E2000FFF7DAFFBE4246D82068A168081A801002
:109E3000684346F26661B6EB400FC0F2666138BF18
:109E40004600884238BF374620463946FFF7AEFF06
:109E50006668B8EB0A0704D0304651463A46E6F742
:109E60009BFFF01924E0D4F80490A9EB07029010AE
:109E70006843864213D902EB0A062AB13846514696
:109E8000E6F78AFFD4F80490B8EB060504D04846FC
:109E900031462A46E6F780FF09EB050008E0B8EBFB
:109EA0000A0604D0384651463246E6F775FFB8191F
:109EB0006060BDE8F0872046FFF7ACF82DE9F04F71
:109EC00087B0109F8A46012FC0F2E1800546814687
:109ED00055F8080F4CF6CD4C55F804ECCCF6CC4CAC
:109EE000A0EB0E01891001FB0CF190468F4269DD59
:109EF000D9F80020AEEB0201891001FB0C734CF67F
:109F0000CC41C0F6CC418B4200F2C580801A801053
:109F1000AAEB020400FB0CF046F26662B3EB400FC2
:109F2000C0F2666238BF430090424FEAA40038BFD7
:109F3000194600FB0CF202A82B46FFF7B1FB04996F
:109F400007EB870201EB8200920000BFD8E90037DF
:109F5000D8E90254D8F81060C1E90037C1E90254C9
:109F60000E611431143A08F11408EFD1D9F8041035
:109F7000039DA1EB0A0251460490E6F7DBFED9E906
:109F80000010DDE90332A0EB0A001044AAEB010245
:109F90009C1A04902046C9F804A0E6F7CBFED9F835
:109FA0000000D9F80810DDE9042303900490029022
:109FB00002A8C9E90042C9F808300591FFF793FBF0
:109FC000AA4664E0AEEB0A01881000FB0CF0874261
:109FD00007EB870023DD08EB0106009008469E4250
:109FE000CDF804A01FD0A8EB0A01F346774600BFC6
:109FF00001EB0B0202F1040C126951F80B509CE8C2
:10A0000010140BF1140B3A6101EB0B02C7E9005479
:10A01000C7E902AC9A4207F11407E9D104E008EB62
:10A020008006F34606E0F3460128C9F804B02CDBAD
:10A03000DDE9000AABEB80020AEB800C7245594661
:10A040000FD25946D2E90075D2E9024310691432A1
:10A05000C1E90075C1E902430861724501F11401CB
:10A06000F0D3E345C9F8041006D0ABEB0C02ABEB20
:10A0700002005146E6F790FE464508D0A6EB0802DE
:10A0800050464146E6F788FE01E0DDF804A0504660
:10A0900007B0BDE8F08F4846FEF7BCFF70B586B04C
:10A0A0000346044653F8082F0068121A96104CF61F
:10A0B000CD42CCF6CC425643B14223D94CF6CD46E4
:10A0C000C0F6CC46B1421FD2666801AD301A80108E
:10A0D00042432846FFF7E4FAD4E90010029B421AF3
:10A0E0009E1A3046E6F726FE2068A168DDE90323C4
:10A0F0000290039001902846C4E90062A360049195
:10A10000FFF7F1FA06B070BD2046FEF783FFB0B549
:10A1100086B00346044653F8082F0068121AB1EBC4
:10A12000221F1FD9B1F1805F1ED26268101A02117E
:10A1300001A8FFF7F7FAD4E90010029B421A9D1A12
:10A140002846E6F7F7FD2068A168DDE903230290C1
:10A150000390C4E90052A3600491019010B1091A60
:10A1600000F0E3F806B0B0BD2046FEF759FFB0B5E9
:10A17000B1F1FF3F044609DD481E012101EB5015F6
:10A18000A80000F0D4F8002123C4B0BD2046FEF79B
:10A190004DFF10B58AB0D0F804C06344BCF1000F85
:10A1A000436006D0ACF1010E5C1E84EA0E04202C44
:10A1B0000AD3D0F800E05C1E6409212B4FF00003A5
:10A1C00038BF00244EF824300068D1E90013D2E9EA
:10A1D000002E4FEA5C1400EB84000CF01F04CDE964
:10A1E0000813CDE9062ECDE90404684608A906AA9D
:10A1F00004ABFFF79BFB0AB010BD70B588B00446F6
:10A200008068B1EB401F2AD9B1F1FF3F29DD05ADD0
:10A2100000262846CDE905660796FFF7A8FFD4E992
:10A22000000301AA5909CDE9030600EB810003F000
:10A230001F01CDE9010103A92846FFF7AAFFD4E9D0
:10A240000002A168DDE90536079DCDE90502C4E9F4
:10A250000036A560079110B1890000F066F808B0DB
:10A2600070BD2046FEF7E2FEB0B50446D0E901021B
:10A270000D46B0EB421F1BD1411CB1F1FF3F2BDD5E
:10A280004FF6FE71C3F6FF7188420BD84FF6E071AE
:10A29000C3F6FF71084000F12001B1EB821F38BF07
:10A2A000910101E06FF000412046FFF7A6FF6068D2
:10A2B000411C61602B782168420900F01F000125D4
:10A2C00005FA00F0012B51F8223014BF23EA0000F8
:10A2D000184341F82200B0BD2046FEF7A7FE00005B
:10A2E00001A0FFF714FB00BF6261645F61727261DD
:10A2F000795F6E65775F6C656E67746820776173F0
:10A30000207468726F776E20696E202D666E6F2DD7
:10A31000657863657074696F6E73206D6F64650036
:10A32000002808BF704702F0DBBCFFF7F9BF02F05E
:10A3300033BD10B540F28C74C1F20004207802F0F5
:10A34000B5FA0021217010BD02F0F2BA02F0FCBA99
:10A3500002F028BB002070474FF0FF30704700200C
:10A360007047012070474FF0FF3070470020704762
:10A370007047704743F2C421C1F20001087808B168
:10A38000002013E04EF6FC50CEF200000068C00141
:10A390000BD540F60060CEF20000D0F88020D20746
:10A3A00003D00068B0F1FF3F02DDFF2040B27047EC
:10A3B0007C20CEF2000001220A7000BF0168002953
:10A3C000FCD04AF27331C0F6110101600168002926
:10A3D000FCD040F20111018001680029FCD001216C
:10A3E000017040F2A070C1F200000170C8E70000E7
:10A3F000B0B543F2C422C1F2000212780D46044601
:10A400000AB9FFF7B7FF7C20CEF2000001680029EF
:10A41000FCD0056001680029FCD004F58071018042
:10A42000B0BD000043F2C42140F2A072C1F20001AD
:10A43000C1F200020B781178012B107006D17C223A
:10A44000CEF200021368002BFCD010700846704753
:10A45000B0B543F2C422C1F2000212780D460446A0
:10A460000AB9FFF787FF7C20CEF2000001680029BF
:10A47000FCD0056001680029FCD00480B0BD40F626
:10A480001040C5F602000068C0F302307047FCF7C8
:10A490006EF840F68011C0F61201FCF760F942F246
:10A4A0009831C1F200010A680123834012EA0300D7
:10A4B00042EA030218BF01200A607047E6F714B9A8
:10A4C000E6F758B980B584B0DDE9060E0029DDF85D
:10A4D00020C018BF0121002818BF0120BEF1000FC5
:10A4E00018BF4FF0010E8DF80C108DF80D000DF116
:10A4F00006010020ADF806208DF80830ADF80AC03E
:10A500008DF80EE0F8F76CFC04B080BD002000214F
:10A51000F8F71ABC00200121F8F716BC40F27410BD
:10A52000C1F200000068820B5CD012F00303A2F1BC
:10A53000010121D000BF00BF00BF00BF00BF00BFAE
:10A5400000BF00BF00BF00BF00BF012B084600BF17
:10A5500013D000BF00BF00BF00BF00BF00BF00BFDF
:10A5600000BF00BF00BF00BF022B00BF46D1901E3E
:10A57000032905D236E000BF1046032932D300BFBD
:10A5800000BF00BF00BF00BF00BF00BF00BF00BFD3
:10A5900000BF00BF00BF00BF00BF00BF00BF00BFC3
:10A5A00000BF00BF00BF00BF00BF00BF00BF00BFB3
:10A5B00000BF00BF00BF00BF00BF00BF00BF00BFA3
:10A5C00000BF00BF00BF00BF00BF00BF00BF00BF93
:10A5D00000BF00BF00BF00BF00BF00BF00BF043806
:10A5E00000BFCDD143F2C821C1F20001D1E9000280
:10A5F000013042F10002C1E90002704700BF00BF14
:10A6000000BF00BF00BF00BF00BF00BF00BF00BF52
:10A6100000BFD01E00BF0329B2D2E3E7704700009D
:10A6200080B5EDF727FCBDE88040F1F781B9000067
:10A6300041F20021C0F61201002818BF0146D1E9FD
:10A64000002140F2A870C1F20000C0E9002122B947
:10A650004AF21D62C0F611020260002902BF4AF2EE
:10A660001D51C0F61101416080B5FFF7D9FF0020F0
:10A6700080BD017809B1002070474178012903D0DD
:10A680008A0705D402224270481E18BF0120704775
:10A6900080B541F2D430C0F6120000F004F8012178
:10A6A000017041707047E6F745FD5FEA400C08BF56
:10A6B00091F0000F4FEA8C234FEAC12243EA515137
:10A6C0004FEA1C5018BF00F5F0404FEA300018BFA9
:10A6D00041F000415FEA6C5C00F02980BCF1FF3F73
:10A6E00008BF40F080407047130C06BF12044FF0C3
:10A6F000100C4FF0000C130E04BF12020CF1080CEA
:10A70000130F04BF12010CF1040C930F04BF92004D
:10A710000CF1020CD30F04BF52000CF1010C1146D6
:10A720004FF00002A0F11F00A0EB0C00704711F0E9
:10A73000004F08BF704731F000413FF4D5AF0B0C1C
:10A7400006BF09044FF0100C4FF0000C0B0E04BFB5
:10A7500009020CF1080C0B0F04BF09010CF1040CE9
:10A760008B0F04BF89000CF1020CCB0F04BF490012
:10A770000CF1010CCCF1200322FA03F341EA0301AE
:10A7800002FA0CF2A0EB0C0000F10100704700008F
:10A7900023F07F4720F07F4C80EA030000F0004068
:10A7A000ACEB070303F57C5303F1FF032DE980496C
:10A7B00009B44FEA144324EA03484FEA154B25EA4B
:10A7C0000B4E0FF2042606EB13273E7803FB0667B9
:10A7D000C7F5000707FB06F64FEAD64606F1020664
:10A7E0004FEA543707FB066CCCF1005C4FEA1C477C
:10A7F0002CEA074C0CFB06F507FB06F404EB1546A8
:10A800004FEA961649085FEA320234BF00204FF043
:10A8100000404FEAD13706FB07FC4FEA1C4C0CFB0B
:10A820000BF7D21B03FB0CF761EB07010CFB0EF7D8
:10A83000B0EB074072EB17420CFB08F734BFA2EBFA
:10A840000742B2EB074261EB17414FEA0C444FEA73
:10A85000910706FB07FC4FEA1C4C0CFB0BF7B0EB17
:10A86000C74072EB573203FB0CF734BFA2EBC74271
:10A87000B2EBC74261EB57310CFB0EF7B0EBC700F0
:10A8800072EB57720CFB08F734BFA2EBC702B2EBB6
:10A89000C70261EB57714FEA816141EA92114FEAB9
:10A8A000826242EA90124FEA806004EBCC04039F7C
:10A8B0004FEAD13706FB07FC4FEA1C4C0CFB0BF7A9
:10A8C000D21B03FB0CF761EB07010CFB0EF7B0EB9F
:10A8D000074072EB17420CFB08F734BFA2EB0742AC
:10A8E000B2EB074261EB17414FEA8C5504EB9C2415
:10A8F0004FEA910706FB07FC4FEA1C4C0CFB0BF7D9
:10A90000B0EBC74072EB573203FB0CF734BFA2EB3E
:10A91000C742B2EBC74261EB57310CFB0EF7B0EB0D
:10A92000C70072EB57720CFB08F734BFA2EBC702EB
:10A93000B2EBC70261EB57714FEA816141EA9211B4
:10A940004FEA826242EA90124FEA806015EB4C2592
:10A9500044F100044FEAD13706FB07FC4FEA1C4CD8
:10A960000CFB0BF7D21B03FB0CF761EB07010CFB95
:10A970000EF7B0EB074072EB17420CFB08F734BF41
:10A98000A2EB0742B2EB074261EB17414FEA81317C
:10A9900041EA92414FEA823242EA90424FEA8030E5
:10A9A0004FEA0C7615EB1C1544F1000448EA03430A
:10A9B0004EEA0B484FF0000EB2EB080C71EB0307A8
:10A9C00024BF624639464EEB0E0E4FF0000B0018C6
:10A9D000524149414BEB0B0BB2EB080C71EB0307F7
:10A9E0007BF1000B24BF624639464EEB0E0E4FF052
:10A9F000000B0018524149414BEB0B0BB2EB080C1A
:10AA000071EB03077BF1000B24BF624639464EEB26
:10AA10000E0E51EA020718BF46F0010616EB0E763D
:10AA200055F1000254F1000103D5BDE88901BDE8EC
:10AA30000088BDE88901BDE80048B619524141EBE4
:10AA40000101A3F10103704780807F7E7D7C7B7ACA
:10AA50007978777676757473727171706F6E6E6DCA
:10AA60006C6C6B6A6A696868676666656464636370
:10AA700062616160605F5F5E5E5D5D5C5C5B5B5AF6
:10AA80005A59595858575756565555555454535363
:10AA900052525251515050504F4F4F4E4E4D4D4DBE
:10AAA0004C4C4C4B4B4B4A4A4A4949494848484709
:10AAB0004747474646464545454444444443434347
:10AAC00043424242424141419C46002B30D47700F0
:10AAD0002BD04FEA37071CB503B44FF010004FF0EE
:10AAE0001001BAF1000F06D0BCF1000FDCBF40F03E
:10AAF000080040F008014FF000000FBCBDE8104016
:10AB00000BF1010BBBF1010F08BF5FEA170722BF72
:10AB100012F1010211F101014FF0004143F1000374
:10AB200000F0004043EA00007047F9D35708D0E72F
:10AB300046EA06464FEA164613F1400F1FDD13F1B1
:10AB4000200FDFBF16430A46002120335B42BED0F0
:10AB5000C3F1200746EA06464FEA164602FA07F70F
:10AB600046EA070622FA03F2C3F1200701FA07F7C3
:10AB700042EA070221FA03F14FF00003A7E746EA91
:10AB8000020646EA06464FEA164646EA0106BCBFFA
:10AB900046EA0646360C4FF000034FF000024FF035
:10ABA000000194E72DE9804C70B49A46934691E8F1
:10ABB000380007C831EA400C48BF34EA430C03D5DB
:10ABC000FFF7E6FDFFF780FFF0BCBDE8008C2DE944
:10ABD000804C70B49A46934691E8380007C810F04C
:10ABE000804F08BF13F0804F03D100F005F8FFF746
:10ABF0006BFFF0BCBDE8008C20F07F4723F07F4C5A
:10AC000080EA030000F0004007EB0C03A3F57C533F
:10AC1000A3F1FE0392F0000F00F0B38095F0000F57
:10AC200000F077802DE901494FEA114021EA004800
:10AC30004FEA144624EA064700FB06FC08FB06F62A
:10AC400007FB08F818EB06484CEB164C00FB07F71F
:10AC500018EB07484CEB17404FEA124B22EA0B4E19
:10AC60004FEA154625EA06470BFB06FC0EFB06F6E7
:10AC700007FB0EFE1EEB064E4CEB164C0BFB07F7CC
:10AC80001EEB074E4CEB174B18EB0B0840F1000086
:10AC900018EB0E0B58EB000840F100008F1A4FF034
:10ACA00000014FF000063CBFC943661B14BFB5EB63
:10ACB000040C00213CBFC943F61B4FEA174427EAA6
:10ACC00004454FEA1C472CEA074C04FB076205FBCE
:10ACD00007F70CFB05F616EB074642EB174204FBA1
:10ACE0000CFC16EB0C4642EB1C421BEB060658EB29
:10ACF000020241414EEA8E0E46EA9E0601D5BDE8AB
:10AD00000189B619524141EB0101A3F10103BDE8EC
:10AD100001894FEA144524EA05464FEA114721EA22
:10AD2000074C05FB07F406FB07F70CFB06F111EBDC
:10AD3000074144EB174405FB0CFC11EB0C4144EBC1
:10AD40001C444FEA124722EA074C05FB07F206FBB8
:10AD500007F70CFB06F616EB074642EB174205FB1E
:10AD60000CFC16EB0C4642EB1C456A1854F1000132
:10AD700048BF7047B619524141EB0101A3F10103ED
:10AD8000704795F0000F37D04FEA114221EA024692
:10AD90004FEA144724EA074C02FB07F106FB07F7CA
:10ADA0000CFB06F414EB074441EB174102FB0CFCCF
:10ADB00014EB0C4441EB1C414FEA154725EA074CC4
:10ADC00002FB07F506FB07F70CFB06F616EB07463A
:10ADD00045EB174502FB0CFC16EB0C4645EB1C4201
:10ADE000121951F1000148BF7047B619524141EBA9
:10ADF0000101A3F1010370474FEA144524EA054617
:10AE00004FEA114721EA074C05FB07F106FB07F75C
:10AE10000CFB06F212EB074241EB174105FB0CFC61
:10AE200012EB0C4251EB1C414FF0000648BF70473B
:10AE3000921841EB0101A3F10103704700000000EB
:10AE400000210160818081717047002101604160B3
:10AE5000704703B401984100009850EAC12018BF20
:10AE600004204A0D18BF40F0010040F2FF72B2EB1F
:10AE7000515F08BF40F00200012808BF052002B062
:10AE800070474100080218BF04200A0E18BF40F0A6
:10AE900001004FF07F4232EA010108BF40F002009A
:10AEA000012808BF052070472DE9F0412DED020B68
:10AEB0009FED3D0B2DED028B9FED3D8BDDE90254A7
:10AEC000C4F30A50A0F2FF36142E37DA002E18DA37
:10AED00053EC102B9DED020B51EC100B04F04AFDCE
:10AEE00053EC182B05F090F957D2002CBCBF4FF053
:10AEF0000044002551DB54EA050018BF2E4C1BD13D
:10AF00004BE02E4820FA06F704EA070028431FD03A
:10AF100053EC102B9DED020B51EC100B04F02AFDAD
:10AF200053EC182B05F070F937D2002C03DD4FF4E9
:10AF30008010F0400444BC4300252EE0332E07DC93
:10AF4000A6F114004FF0FF3121FA00F73D4206D17F
:10AF50009DED020BBDEC028B02B0BDE8F08153EC1D
:10AF6000102B9DED020B51EC100B05F083F953EC07
:10AF7000182B05F049F910D2002C0DDD142E08BF56
:10AF8000641C09D0C6F13400012101FA00F0284404
:10AF9000A84238BF641C0546BD43CDE902549DED6F
:10AFA000020BD7E7000000009C7500883CE4377E68
:10AFB00000000000000000000000F03FFFFF0F0055
:10AFC00010EE100AC0F3C7517F391729A8BF704788
:10AFD000DFED140A002970EE200A0CDAF5EEC00A43
:10AFE000F1EE10FA1ADD0028C8BF4FF07E50B8BF4E
:10AFF0004FF0004012E00C4A22FA01F2104208BF62
:10B000007047F5EEC00AF1EE10FA07DD002804DD06
:10B010004FF4000323FA01F10844904300EE100AB4
:10B0200070470000CAF24971FFFF7F0010EE101A4E
:10B0300008B5444A6846B2EB410F28D94FF0E640C4
:10B04000B0EB410F94BF00204FF0FF30009000980C
:10B05000002861DB60EE000A10F0010F45D010F00F
:10B06000020FDFED391A9FED391A00EEA11ADFED5C
:10B07000381A40EE811A21EEA01AF0EE400A40EE96
:10B08000010A08BFF1EE600AB0EE600A08BD314B5C
:10B0900021F0004293423CD911F0004FDFED2E0A1F
:10B0A00020EE201ADFED2D0A19BF31EE601A71EE85
:10B0B000200A31EE201A71EE600ABDEEE01A11EEA0
:10B0C000100A9FED271A00F0030000EEC10A9FED61
:10B0D000251A009000EEC10A9FED231A00EEC10A66
:10B0E0009FED221A00EEC10AB1E79FED211A9FEDF4
:10B0F000210A10F0020F00EE810A9FED1F1A00EEE8
:10B10000801AB7EE000A00EE810A18BFB1EE400ABD
:10B1100008BD00F0EDF99AE710EE100A4000B0F11A
:10B120007F4F3CBFB7EE000A08BD07D14FF00100CA
:10B13000E5F76BFFBDE8084000F0CAB9BDE808407C
:10B1400000F0C2B9B61F927E336D4CB9DA82083C6A
:10B15000A0AA2ABE490E494683F9223F0000004BAF
:10B160000000C93F00A0FD390020A2331A61342C31
:10B17000B93AB2BACA9F2A3DDDFFFFBE10EE100AEF
:10B18000C0F3C7517F391729A8BF7047DFED140AF4
:10B19000002970EE200A0DDAF5EEC00AF1EE10FA81
:10B1A0001ADD0028A8BF002016DAB0F1004F18BF42
:10B1B0000C4811E00C4ACA40104208BF7047F5EE37
:10B1C000C00AF1EE10FA07DD002804DA4FF400039C
:10B1D00023FA01F10844904300EE100A7047000082
:10B1E000CAF24971000080BFFFFF7F0010B52DED4E
:10B1F000028BF0EE408A18EE900AB0EE608A20F0E2
:10B200000040C0F1FF40C00F07D118EE100A20F037
:10B210000040C0F1FF40C00F2BD018EE101A18EEFE
:10B22000900A05F0C9F900EE100A10EE100A6FEA54
:10B23000D05010F0FF0F04BFBDEC028B10BD18EE14
:10B24000900A00F0004110EE100A00F00040814228
:10B2500004BFBDEC028B10BD18EE101A10EE100AE0
:10B26000BDEC028B61F31E0000EE900A30EE600A26
:10B2700010BD18EE900A4FF07F41B1EB400F1CBF9C
:10B2800018EE100A5FEA4000C7D10120E5F7BDFEC5
:10B29000BDEC028BBDE8104000F01AB910B52DEDE1
:10B2A000028BB0EE408A18EE100A05F005FA01EEA6
:10B2B000100A18EE100AB7EE000A78EE410A10F0F4
:10B2C000004F4FF07F4010EE901A12D0B1F13F4F77
:10B2D00024BF10EE901AB0EB410F12D210EE901A6C
:10B2E000B1F17C5F1CDD10EE901AB0EB410F17D36B
:10B2F00014E0B1F13F4F07D910EE901AB0EB410FB7
:10B3000002D331EE401A0BE010EE901AB1F17C5FDF
:10B3100006DB10EE901AB0EB410F01D331EE001AAC
:10B3200018EE100ABDEC028B11EE101A61F31E002C
:10B3300000EE100A10BD000000B510EE101A2DED41
:10B34000028B81B0524A6846B2EB410F2ED94FF0C2
:10B35000E640B0EB410F94BF00204FF0FF3000906B
:10B360000098B0EE408A00286ADB10F0010F4BD045
:10B3700068EE080A9FED471A9FED470A00EE810A22
:10B380009FED461A10F0020F00EE801AB7EE000A89
:10B3900000EE810A02BF01B0BDEC028B00BD00BF10
:10B3A00001B0B1EE400ABDEC028B00BD3C4B21F078
:10B3B0000042934241D911F0004FDFED3A0A20EEEE
:10B3C000201ADFED390A19BF31EE601A71EE200A3A
:10B3D00031EE201A71EE600ABDEEE01A11EE100A8D
:10B3E0009FED321A00F0030000EEC10A9FED301A03
:10B3F000009000EEC10A9FED2F1A00EEC10A9FEDEA
:10B400002E1A00EEC10AABE728EE080A9FED2B1AB0
:10B41000DFED2B0A10F0020F40EE010A9FED291A12
:10B4200000EE201A61EE000AB0EE480A08EE200A8B
:10B43000B6D101B0BDEC028B00BD00F059F88FE72A
:10B4400018EE100A4000B0F17F4F0DD218EE100A2E
:10B45000FFF717FD042808BF00F042F8B0EE480AD5
:10B4600001B0BDEC028B00BD09D10120E5F7CDFD97
:10B4700001B0BDEC028B5DF804EB00F029B801B01F
:10B48000B0EE480ABDEC028B5DF804EB00F01CB88E
:10B49000B61F927EB93AB2BACA9F2A3DDDFFFFBEFF
:10B4A000490E494683F9223F0000004B0000C93F86
:10B4B00000A0FD390020A2331A61342C336D4CB941
:10B4C000DA82083CA0AA2ABE30EE000A70470000CB
:10B4D000DFED020A80EEA00A7047000000000000C5
:10B4E0009FED020A20EE000A7047000000000010E5
:10B4F0002DE9F0014FF07F42B2EB410F9FBF4FF0BB
:10B50000FF310160BDE8F00170474FF0004242EAB0
:10B510000123C1F3C752783A551112F01F0C434C66
:10B52000CCF120067C44C1F3C752A2F178024FEA65
:10B53000621204EB820254F8254008BFD2E901569A
:10B5400012D0556804FA0CF425FA06F73C439768C4
:10B5500005FA0CF527FA06F8D26807FA0CFCF24057
:10B5600045EA08054CEA0206A4FB034CA5FB03527E
:10B57000A6FB03631D449D4234BF01260026131918
:10B58000334416B1934202D903E0934201D201221F
:10B5900000E00022624402F1200C9206DC0C42EA38
:10B5A000443200EE102A5B03DFED210AF8EEC01AE8
:10B5B00000EE103A4FEA9C1C11F0004FB8EE400A22
:10B5C000C0F800C020EE201A00EE105ADFED190A74
:10B5D000B8EE400A20EE200A71EE810A70EE800A71
:10B5E00010EE902A02F500626FF30B0200EE902A33
:10B5F00070EEE11A31EEC11ADFED101A30EE411A89
:10B600009FED0D0A20EE800A01EE210A9FED0C1A33
:10B6100000EE810A04BFBDE8F0017047CCF1805113
:10B620000160BDE8F001B1EE400A704734520000FD
:10B63000000000360000802C22AAFD29DB0FC92F54
:10B640000000C92F12F0004F1FBF22F00042D21D90
:10B6500022F00703102202BFD21C22F003030C22A7
:10B660001BB103EB020C8C4501D901207047024449
:10B6700001448360C0E90021C91AD01888429CBFE8
:10B6800010600246F9D900201060704730380A284F
:10B6900001D201207047002070478A68002A02DC2E
:10B6A0000022E6F745BE521E8A604A68C0B2531CAB
:10B6B0004B601070704710B50246080008BF10BDFF
:10B6C000114603F0BBFCBDE8104003F0A7BC00002E
:10B6D000002808BF70472DE9F047284E0F46B0F10B
:10B6E000FF3F32D0264C00213568E2680B46002A25
:10B6F00008BF4FF0000C38D0214AD2F814C01A46C7
:10B70000BCEB000871EB030810D204E0D4F80C8005
:10B71000B8F1000F29D0E468D4F8148018EB0C0CB1
:10B720004A41BCEB000872EB0308EFD3E168E96023
:10B73000E5602C61E968002918BF0D61BCEB0000D1
:10B7400068616169A1EB000060610E480078012822
:10B7500004BF112000F056FE306847700A4802F01E
:10B76000C1F9BDE8F04703F063BDE960E5602C6115
:10B77000B0EB0C0060616961E7E70000A800001011
:10B78000D8080010B0000010C00800102DE9F041EA
:10B790001D4DE868002808BFBDE8F08168690026F3
:10B7A000401EDFF86880012768616869002818BFBB
:10B7B000BDE8F081EC68002C08BFBDE8F081A0680E
:10B7C00038B161684160606810B1A16881606660ED
:10B7D000A66021460E4803F065FC606968616078E8
:10B7E000042806D1A069D8F80010D8F80420401821
:10B7F00060616770E068E860E06800281CBF056170
:10B80000E6602661D1E70000D80800109000001023
:10B81000C008001001480068006A7047A8000010C6
:10B8200010B50C0008BF10BDE1690143E161627809
:10B83000206A062A19D0052A18BF10BD014208BF88
:10B8400010BD01402162E16921EA0000E06120466B
:10B8500003F0A5FC012060700221204603F096FC55
:10B860002046BDE8104002F0ADB830EA0101EAD050
:10B8700010BD00008C460F4910B50B68D9696AB13C
:10B8800030EA010206BF21EA0000D86106210ED08D
:10B8900018626046FFF71CFF012010BD11EA00028C
:10B8A0001ABF21EA0000C3E907020521F0D00220F7
:10B8B00010BD0000A800001061220270002242703A
:10B8C00082704260028142818281C18170470000A2
:10B8D00070B5164642680D4612B1417801290FD065
:10B8E0008189C3894FF0000C994229D1002E04BFF1
:10B8F000012070BD1F4C216892B103F0D3FB17E00B
:10B9000002F0F0F80446406A04210560204603F086
:10B910003DFC204603F043FC204602F053F826E0AD
:10B9200041602168C1F804C021688860022141702B
:10B930002068082145623046FFF7CAFE012070BD2D
:10B94000018900EB81010D6100F10C01D1E85F2F4D
:10B95000521C93B2C1E8523F002AF7D10189491C19
:10B9600089B20181C289914208BFA0F808C00020B5
:10B9700070BD0000A80000102DE9F0410446808948
:10B98000002790460D4600283AD0608904EB8000DD
:10B99000006908606089401C80B26081E18988424A
:10B9A00008BF6781606810B1607802280DD004F18B
:10B9B0000C0000BFD0E85F1F491E8AB2C0E8512FBB
:10B9C0000029F7D10020BDE8F081204602F08AF876
:10B9D0000546002103F0DAFB2189686A04EB810146
:10B9E00008612089401C80B22081E189884208BF1B
:10B9F0002781284603F0D3FB284601F0E3FFE1E767
:10BA0000B8F1000F04BF0120BDE8F0810B4E606863
:10BA1000316818B1204603F045FB06E061603068EC
:10BA20004760306884600120607008214046FFF75D
:10BA30004FFE306845620120BDE8F081A80000108B
:10BA400070B5194D0E4604464188286839B1A16881
:10BA5000814209D16088401C6080002070BDA060D8
:10BA6000816AE1608462F5E7002E04BF012070BDA9
:10BA70008A788078824203D28870A06803F03EFB07
:10BA8000606820B12046296803F00CFB06E02868B6
:10BA90006060296800204860286884600921304679
:10BAA000FFF716FE012070BDA80000108A4288BF73
:10BAB0000A4662230370002343608270C17070479E
:10BAC00010B5416869B102F00DF80446032103F096
:10BAD0005DFB204603F063FB204601F073FF00206E
:10BAE00010BD8178C27891421ABF491C8170FF2035
:10BAF000F5D110BD10B50C46817819B1491E817081
:10BB0000002010BD002C04BF012010BD094A43686D
:10BB1000116813B103F0C6FA05E041601368002113
:10BB200059601168886007212046FFF7D1FD012088
:10BB300010BD0000A8000010002819BF4378012B99
:10BB4000FF20704710B501234370D1E9003CC0E9E4
:10BB5000063C8B688360CB68C360D1E90031C0E9E3
:10BB600004311168016251684162022103F066FAF2
:10BB700003F054FA002010BD38B18178002904BFC9
:10BB8000002070474178012901D1FF20704710B58E
:10BB900001214170002103F051FA03F03FFAFF2028
:10BBA00010BD10B504468089002808BF10BD60890B
:10BBB00004EB800000690860606840B1607802288A
:10BBC00005D10021204603F039FA03F027FA04F1E9
:10BBD0000C00D0E85F1F491E8AB2C0E8512F00292F
:10BBE000F7D16089401C80B26081E189884204BF3E
:10BBF00000206081042010BD10B503F01FFABDE8DD
:10BC0000104003F00BBA10B5002103F017FABDE89D
:10BC1000104003F003BA0000EFF3058000281CBFBA
:10BC20000020704708480078012803D1DFF81CC0C5
:10BC300000DF704710B502F04BF801F085FF0446B5
:10BC400002F047F8204610BD7800001029F51108D1
:10BC500010B510B10378652B03D00F2000F0D2FB94
:10BC60000FE0002918BF002A0BD000BFEFF30583B7
:10BC70001BB1FFF761FFC0B210BD054B1B78012B54
:10BC800001D0FF2010BDDFF80CC000DF10BD0000A8
:10BC9000780000103DF5110810B510B10178652944
:10BCA00004D00F2000F0AEFBFF2010BD0021EFF309
:10BCB000058119B1FFF760FFC0B210BD04490978D2
:10BCC00001290ABFDFF80CC0FF2000DF10BD000013
:10BCD000780000105DF51108EFF3058018B90548EC
:10BCE0000078012801D000207047DFF80CC000DF89
:10BCF000704700007800001075F5110810B511B1FB
:10BD00000A78602A04D00E2000F07CFBFF2010BDD2
:10BD10000022EFF305821AB1FFF7CDFC002010BD21
:10BD2000044A1278012A0ABFDFF80CC0FF2000DFA6
:10BD300010BD00007800001089F51108EFF30583AD
:10BD40001BB9054B1B78012B01D0FF207047DFF892
:10BD50000CC000DF7047000078000010A3F5110848
:10BD6000FEF7ACBBFEF7ACBB002808BF7047427CB7
:10BD7000131C1FBF134602EB83035B00DB1C10B4D4
:10BD80005B1C1A440A80837C9B004B801A44C37C52
:10BD90005B008B801A4493B290F814C0C28A0CFBEB
:10BDA00002F4002C14BF02EB8C020022CA801A4459
:10BDB000837C90F813C08469634490F814C092B2F5
:10BDC000A44413EB0C0318BF04230B811A44037C17
:10BDD0004FF0150C03EBC3030CEB43034B811A44E8
:10BDE000037A4FF0010C0CEB43038B81007C1A4467
:10BDF000801CC881104400220A8210BC80B27047A7
:10BE0000002808BF70478069C01DC0F3CF000880BC
:10BE100000224A807047002808BF7047007C00EB72
:10BE20004000C0000880704770B5002808BF70BD92
:10BE3000EFF3058100291CBF002070BD0B49097874
:10BE400001290ED0054601F043FF284602F098F87C
:10BE500004001CBF2946FFF72FFD01F03AFF2046E2
:10BE600070BDDFF80CC000DF70BD0000780000106E
:10BE7000C9F5110870B510B10178612904D00F20FF
:10BE800000F0C0FAFF2070BD0021EFF3058100290A
:10BE90001CBFFF2070BD0B49097801290DD0044655
:10BEA00001F016FF204602F009F80546204602F090
:10BEB0003DF901F00EFFE8B270BDDFF80CC000DF05
:10BEC00070BD000078000010E9F5110810B510B140
:10BED0000378612B03D00F2000F094FA10E00029C2
:10BEE0000ED000BFEFF3058333B1FFF75AFE0028F1
:10BEF0000CBF0120002010BD044B1B78012B01D08A
:10BF0000FF2010BDDFF808C000DF10BD7800001072
:10BF100007F6110810B510B10378612B04D00F207B
:10BF200000F070FAFF2010BD0023EFF305831BB172
:10BF3000FFF762FE002010BD044B1B78012B0ABFE7
:10BF4000DFF80CC0FF2000DF10BD000078000010FB
:10BF500027F6110810B5002804BFFF2010BD00BF50
:10BF6000EFF3058119B906490978012903D002F0D8
:10BF700005F8002010BDDFF80CC000DF10BD000088
:10BF80007800001047F611082DE9F0010023002881
:10BF900056D000BFEFF3058CBCF1000F1EBFFF2091
:10BFA000BDE8F001704790F80AC0BCF1010F04BF72
:10BFB00013800B8040D090F810C000230CEB4C0491
:10BFC00003EBC404437C1C441BB103EB83035B0001
:10BFD000DB1C5B1C2344847CC57C03EB840303EBE8
:10BFE00045039FB2037DC68A03FB06F8B8F1000F34
:10BFF00014BF06EB830600263E4425448469B6B28E
:10C000002344EB1818BF042333440CEBCC0403EB9C
:10C010004403047A153303EB4403DB1C63444FF6FB
:10C02000FF7C0CEA83030B80008B0021C01D01EB19
:10C03000D0000CEAC0001080BDE8F001002070477D
:10C0400013800B80BDE8F001FF207047EFF30581FE
:10C0500000291CBF0020704704490978012901D03C
:10C0600001F0F6BFDFF808C000DF7047780000106D
:10C0700051F61108002804BFFF2070472DE9F04752
:10C080000446807A17460D46002803D0EFF305805A
:10C09000F0B904E0002D18BF002FF7D118E0184EBA
:10C0A0003078012814D094E80E17164880E80E174F
:10C0B0001549706001200870E4F730FAA07A50B199
:10C0C000012815D0102000F09DF90020BDE8F08770
:10C0D000FF20BDE8F0873561207C00EB400005EBD8
:10C0E0004010C6E9020702F03FF801F0D9FFECE783
:10C0F00000203061B060F060204601F001FEE4E70E
:10C10000780000105C0800105001001010B50028E5
:10C1100008BF10BDEFF3058119B102F003F8044622
:10C1200006E009490978012909D001F0FBFF04461E
:10C13000002C04BF0C2000F065F9204610BDDFF88C
:10C140000CC000DFF3E700007800001069F611086A
:10C1500070B588B0344D4FF000040294EFF30580C1
:10C160000394002851D00020CDE90400EFF31080A3
:10C1700000F0010072B60690A869E969CDE90401F2
:10C180004FF0E02081690091284909680191C1F3CD
:10C19000806159B1806900990190884206D2DDE939
:10C1A0000410491C40F10000CDE90410069800B9C4
:10C1B00062B60020CDE90600CDE906006869009965
:10C1C0002646401AD5E90812A0FB013C04FB01C138
:10C1D00000FB0210CDE90630DDE90601144A002318
:10C1E000E4F716FBCDE906016868DDE90431406833
:10C1F000A0FB032C06FB03C300FB0133DDE90601B2
:10C2000010185941CDE9020107E02878012804D12E
:10C2100003A902A8DFF81CC000DFDDE90201201835
:10C2200008B0614170BD00007800001004ED00E02E
:10C2300040420F0071F61108EFF3058000281CBF83
:10C24000002070470A480078012803D1DFF824C095
:10C2500000DF704710B501F03BFD01F0B9FE0400AE
:10C2600018BF02F04BFE01F034FD204610BD000067
:10C270007800001039F7110870B510B10178632902
:10C2800004D00F2000F0BEF8FF2070BD0021EFF3B6
:10C29000058100291CBFFF2070BD0B4909780129C9
:10C2A0000DD0044601F014FD204602F0CBFD0546FA
:10C2B000204601F045FF01F00CFDE8B270BDDFF84B
:10C2C0000CC000DF70BD00007800001053F71108AB
:10C2D00010B510B10178632904D00F2000F092F856
:10C2E000FF2010BD0021EFF3058119B90449097839
:10C2F000012901D0FF2010BDDFF808C000DF10BD0C
:10C300007800001071F7110810B510B10278632A97
:10C3100004D00F2000F076F8FF2010BD0022EFF3CC
:10C3200005821AB9044A1278012A01D0FF2010BDF3
:10C33000DFF808C000DF10BD7800001089F7110891
:10C3400070B5002808BF70BDEFF30582002A1CBF3E
:10C35000002070BD0B4A1278012A0FD005460E4608
:10C3600001F0B6FC01F054FE040003D03246294629
:10C37000FFF79CFB01F0ADFC204670BDDFF808C064
:10C3800000DF70BD78000010A5F7110810B510B1DE
:10C390000178622904D00F2000F034F8FF2010BD8E
:10C3A0000021EFF3058119B1FFF72DFC002010BD2E
:10C3B0000449097801290ABFDFF80CC0FF2000DF1B
:10C3C00010BD000078000010C7F7110810B510B1BB
:10C3D0000278622A04D00F2000F014F8FF2010BD6C
:10C3E0000022EFF305821AB9044A1278012A01D01B
:10C3F000FF2010BDDFF808C000DF10BD780000107E
:10C40000DFF711089AB0122880F03780DFE800F0DB
:10C41000090D1115353535353535191D21212529DC
:10C420002D311BA1D02002F077FF1DA1E52002F0E5
:10C4300073FF21A1F02002F06FFF2BA1F12002F089
:10C440006BFF34A1F22002F067FF3DA1F32002F060
:10C4500063FF45A1E22002F05FFF49A1F42002F052
:10C460005BFF55A1F52002F057FF61A1F62002F015
:10C4700053FF6CA1F72002F04FFF034676A2642120
:10C480006846E4F781F96946E02002F045FF0000C4
:10C490006F73616C3A20756E6B6E6F776E00000083
:10C4A0006F73616C3A20737461636B206F76657291
:10C4B000666C6F77000000006F73616C3A206B6EE2
:10C4C0006F776E206572726F722066726F6D207268
:10C4D000746F7320286973726669666F6F76657210
:10C4E000666C6F77290000006F73616C3A206B6E89
:10C4F0006F776E206572726F722066726F6D207238
:10C50000746F7320286D62786F766572666C6F77D2
:10C51000290000006F73616C3A206B6E6F776E209C
:10C520006572726F722066726F6D2072746F732005
:10C53000287374646C69627370616365290000001C
:10C540006F73616C3A206B6E6F776E206572726FDD
:10C55000722066726F6D2072746F73202873797306
:10C560006D757465782900006F73616C3A206D6594
:10C570006D6F7279206973206D697373696E6700DE
:10C580006F73616C3A206B6E6F776E206572726F9D
:10C59000722066726F6D2072746F732028757365D8
:10C5A0006420616E20696E76616C69642074736BBF
:10C5B00070747229000000006F73616C3A206B6E1A
:10C5C0006F776E206572726F722066726F6D207267
:10C5D000746F7320287573656420616E20696E76B0
:10C5E000616C6964206F626A7074722900000000D7
:10C5F0006F73616C3A206B6E6F776E206572726F2D
:10C60000722066726F6D2072746F73202875736567
:10C610006420616E20696E76616C6964207061725D
:10C62000616D29006F73616C3A206B6E6F776E20BD
:10C630006572726F722066726F6D2072746F7320F4
:10C64000287573656420616E20696E76616C69641B
:10C650002063616C6C2900006F73616C3A20657215
:10C66000726F7220307825782066726F6D20727438
:10C670006F73000070B5174E05460C4630780128E0
:10C6800026D000BFEFF3058010BB002D18BF002C93
:10C690001ED0286800281CBF6889002818D0E868C8
:10C6A00000281CBF2068002812D0608900281CBF09
:10C6B000E06800280CD0E3F731FF0120307001F072
:10C6C000FBFA21462846DFF810C000DF002070BDCD
:10C6D000FF2070BD78000010FBF71108EFF3058113
:10C6E00019B905490978012901D0FF207047DFF801
:10C6F0000CC000DF002070477800001015F811080A
:10C7000082B0EFF3058171B900281CBF01680029D0
:10C7100009D0C16800291CBF4189002903D00C4AF7
:10C720001278012A02D0002002B07047ADF8021042
:10C73000017A8DF8001001690191D0E900C1C26849
:10C7400060466B46DFF80CC000DF02B070470000A7
:10C750007800001031F8110810B510B10178602987
:10C7600004D00E20FFF74EFEFF2010BD0021EFF396
:10C77000058119B904490978012901D0FF2010BDAC
:10C78000DFF808C000DF10BD7800001059F811086C
:10C7900010B510B10178602904D00E20FFF732FEE9
:10C7A000002010BD0021EFF3058119B90449097873
:10C7B000012901D0406B10BDDFF808C000DF10BDBB
:10C7C0007800001071F8110810B510B101786029D7
:10C7D00004D00E20FFF716FE002010BD0021EFF35D
:10C7E000058119B905490978012903D0BDE8104030
:10C7F00002F0C6B9DFF808C000DF10BD78000010F5
:10C8000083F81108EFF3058008B102F007BA044875
:10C81000007801280ABFDFF80CC0002000DF704755
:10C820007800001087F8110810B510B10278602A5E
:10C8300004D00E20FFF7E6FDFF2010BD0022EFF32D
:10C8400005821AB9044A1278012A01D0FF2010BDCE
:10C85000DFF808C000DF10BD780000109BF8110859
:10C8600001281CBF0228032804D0042805D000207A
:10C87000FFF7C8BDC0B2FFF7C5BD1120FFF7C2BDAD
:10C88000074801684FF0E0204161002181610721E4
:10C8900001610448016841F07F4101604017704721
:10C8A0004C01001020ED00E07047000070B51B4CFB
:10C8B000012804D0A07802282AD2194870BD00258A
:10C8C000A562E56225636563A563E5632564656428
:10C8D000A564E56425656565A565E5652566656608
:10C8E000A566E56625676567A560A570E560A58016
:10C8F00065612570657025620A486562FEF7A0FAD9
:10C900000948FEF79DFAE5700848FEF79EFAD4E75D
:10C91000FFF778FFBDE87040FFF756BF000000103A
:10C9200024090010E0070010EE070010A800001016
:10C9300004498978022938BF704700684FF0FF31F9
:10C94000FFF7E2BC0000001070B50B490546C8783F
:10C95000082803D309A1F32002F0DEFC00EB40021B
:10C960000F4B401C03EB8204C870204602F0C6FA4D
:10C9700001202C6070BD00000000001061726D632A
:10C9800039397374646C69623A206E6F7420656E15
:10C990006F75676820737973206D75746578000012
:10C9A000FC07001003498978022938BF70470068E6
:10C9B000FFF78EBC000000102DE9F04782B04FF069
:10C9C000000688460400ADF80060ADF804600AD0A7
:10C9D000607850EA08000AD0207801280BD07CA1AA
:10C9E000E42002F099FC80A1E12002F095FC87A1EF
:10C9F000E32002F091FCE078012803D093A1E42029
:10CA000002F08AFC9A4DA878022818BF032809D0A2
:10CA1000A06A00281CBFA0780F2807D995A1E020A4
:10CA200002F07AFC9FA1E02002F076FCB4E88F16B9
:10CA30004435A5E88F16B4E80F1085E80F10A64816
:10CA400054F8301C0127016054F82C1C41608021EF
:10CA50000172477214F8331C343C643D002918BF3E
:10CA600001218172217CC1726169C160217E0174E2
:10CA7000217F4174617F6A46491C8174A17FC17422
:10CA8000E17F0175218CC182618B816101A992488E
:10CA9000FFF77AFABDF80400BDF80010014304BFA7
:10CAA00000210A4605D0C01D20F00700414600EBDA
:10CAB00008028948FFF7DEFA607800283ED0A08996
:10CAC000FFF724FBE860A189A980EE22E3F78FFC41
:10CAD000607800283FD0E089FFF718FB2861E189E2
:10CAE000E980EE22E3F783FCBDF80400BDF80010F6
:10CAF000C01D20F00700C91D404421F00701084473
:10CB0000A189DFF8D881C91D21F007010844E18916
:10CB1000C91D21F00701084498F8011000291CBF25
:10CB20006E612E7029D06E704FF000002CD12878E5
:10CB3000002892BF304668696F702AE0BDF8040093
:10CB4000BDF80010C01D20F00700C91D404421F0B1
:10CB500007010844B6E7BDF80400BDF80010C01D89
:10CB600020F00700C91D404421F007010844A189B5
:10CB7000C91D21F007010844B0E7686198F8180062
:10CB800000F102002870CEE7012904BF1020FFF752
:10CB9000BDFAE86198F80110002029B1012904BF0D
:10CBA0001020FFF7B3FA0AE069782878814228BF9D
:10CBB000304604D2686900EB0110491C6970A86115
:10CBC000A0682862AF7002B00020BDE8F0870000C6
:10CBD0006F73616C3A20756E737570706F727465E7
:10CBE000642072746F7300006F73616C3A204E554D
:10CBF0004C4C2063666720696E206F73616C5F69BF
:10CC00006E697469616C6973652829006F73616C62
:10CC10003A204E554C4C206D656D6F727920696ECF
:10CC2000206F73616C5F696E697469616C697365AB
:10CC3000282920666F7220737461746963206D65A2
:10CC40006D6F7279206D6F64656C00006F73616C3D
:10CC50003A206366672068617320612077726F6E87
:10CC600067206370752066616D696C790000000053
:10CC7000000000106F73616C3A206966207573655F
:10CC8000642C207072696F206D757374206265204A
:10CC90006265747765656E203020616E6420313581
:10CCA000000000006F73616C3A2063616C6C656416
:10CCB000206F73616C5F696E697469616C6973651B
:10CCC0002829206166746572206F73616C5F7374CC
:10CCD0006172742829000000280000104400001030
:10CCE000FFF738B930B583B004004FF000000D46AF
:10CCF000ADF80000ADF8040031D02648616801604D
:10CD0000A16841608021017201214172617800298E
:10CD100018BF01218172217CC1726169C160217ECD
:10CD20000174217F4174617F6A46491C8174A17F2F
:10CD3000C174E17F0175218CC182618B816101A980
:10CD40001448FFF721F9BDF80400BDF80010C01D1C
:10CD5000C008C91D00EBD1006178A9B905E0002D1C
:10CD600018BF0860002003B030BDA189E289C91D49
:10CD7000C908D21D01EBD201227E272303EB021248
:10CD800001EBD2010844C000002D18BF286003B099
:10CD900030BD000028000010FFF7B8B910B5B0F1A1
:10CDA000FF3F08BF4FF0FF3106D000280FBF002122
:10CDB0000749096AB0FBF1F10022501EFEF7BEFFE1
:10CDC00002281CBF002010BDBDE81040FEF784BF44
:10CDD00000000010002904BF6FF00100704710B57B
:10CDE0000968FEF78BFF002010BD00000148807825
:10CDF000704700000000001070B5FFF71DFA002812
:10CE000029D01E4D04461C4E6878012818BF2046C4
:10CE100025D01B4C0646A06850B14FF0FF3100F002
:10CE200007FA1848C188491CC180A06800F0DEF9E3
:10CE3000A660FFF7E7FCA1690860AA6A1AB1A978A1
:10CE40006FF004009047606A8047FFF7DBFCBDE8A5
:10CE50007040FFF781BC0C49E22002F05DFA082027
:10CE6000FFF754F9002818BFC0E90046D1D107499F
:10CE7000E22002F051FA0000664523014400001050
:10CE800000000010EE07001084D11108B8D111087D
:10CE9000002804BF6FF00100704770B5164E154AA8
:10CEA000002571780446012907D000BFFEF7E2FF94
:10CEB0007178204601290ED109E0016821B160682E
:10CEC000904208BF0846F1D04FF0FF3070BD0560BA
:10CED0004560FFF73FF8094C4FF0FF31A06800F0C4
:10CEE000A7F907484189491E4181A06800F07EF9F1
:10CEF000002070BD554523014400001000000010C3
:10CF0000EE07001008B500220092002808BF08BDF7
:10CF1000104B114A5278012A12D000BFB1F1FF3FE5
:10CF200008BF4FF0FF3206D000290FBF00220B4A86
:10CF3000126AB1FBF2F26946FEF7C8FF009808BD1D
:10CF4000026822B14068984208BF1046E6D000202F
:10CF500008BD0000554523014400001000000010EA
:10CF600070B505001ED0FEF75FFF00281ED00446F6
:10CF70001748164E4078012818BF20461AD0154E83
:10CF800004464FF0FF31B06800F052F91248418971
:10CF9000491C4181818929448181B06800F026F9CA
:10CFA000204670BD0DA1E32002F0B6F917A1E220E2
:10CFB00002F0B2F90820FFF7A9F8002818BFC0E96D
:10CFC0000046DCD12049E22002F0A6F955452301B4
:10CFD0004400001000000010EE0700106F73616C39
:10CFE0003A20696E636F727220706172616D2069A0
:10CFF0006E206F73616C5F6D6573736167657175CA
:10D000006575655F6E657728290000006F73616C38
:10D010003A206D697373696E67206D656D20666F68
:10D02000722072746F73206F626A20696E206F7352
:10D03000616C5F6D65737361676571756575655F5B
:10D040006E65772829000000B8D11108002804BFB8
:10D050006FF00100704710B5104BDFF83CC05B78F3
:10D06000012B0FD0B2F1FF3F18BF002A03D00C4BA9
:10D070001B6AB2FBF3F2FEF74DFF002818BF6FF0FA
:10D08000020010BD036823B14068604508BF184620
:10D09000E8D04FF0FF3010BD55452301440000108B
:10D0A00000000010002804BF6FF00100704770B549
:10D0B000164E154A002571780446012907D000BF95
:10D0C000FFF7DAF87178204601290ED109E00168EE
:10D0D00021B16068904208BF0846F1D04FF0FF30A0
:10D0E00070BD05604560FEF735FF094C4FF0FF311C
:10D0F000A06800F09DF80748C188491EC180A0685B
:10D1000000F074F8002070BD664523014400001053
:10D1100000000010EE07001070B5FFF78DF8C0B1E9
:10D1200004461548134D4078012818BF204614D0F6
:10D13000124D0446A86850B14FF0FF3100F078F866
:10D140000F48C188491CC180A86800F04FF82046EC
:10D1500070BD0CA1E22002F0DFF80820FEF7D6FF38
:10D16000002818BFC0E90045E2D113A1E22002F077
:10D17000D3F80000664523014400001000000010B1
:10D18000EE0700106F73616C3A206D697373696EFE
:10D1900067206D656D20666F722072746F73206FEB
:10D1A000626A20696E206F73616C5F6D757465785B
:10D1B0005F6E6577282900006F73616C3A206D6996
:10D1C0007373696E67206D656D20666F72206F7373
:10D1D000616C206F626A65637420696E206F736191
:10D1E0006C5F7878785F6E657728290010B5002825
:10D1F00004BF6FF0010010BD0B4A0C4949780129AA
:10D2000009D000BFFFF764F8FF281CBF002010BD45
:10D210004FF0FF3010BD01680029F9D040689042FE
:10D2200008BF0846EED0F3E766452301440000102E
:10D2300010B5002804BF6FF0010010BD104B114A5B
:10D240005278012A12D000BFB1F1FF3F18BF002968
:10D2500003D00D4A126AB1FBF2F1FFF755F800282E
:10D2600016BF052800206FF0020010BD026822B131
:10D270004068984208BF1046E6D04FF0FF3010BD1E
:10D2800066452301440000100000001010B500287E
:10D2900004BF6FF0010010BD104B114A5278012AF3
:10D2A00012D000BFB1F1FF3F18BF002903D00D4AD3
:10D2B000126AB1FBF2F1FFF789F8002816BF0328C4
:10D2C00000206FF0020010BD026822B14068984251
:10D2D00008BF1046E6D04FF0FF3010BD7745230160
:10D2E0004400001000000010002804BF6FF001008F
:10D2F000704710B50C490B4A4978012909D000BF85
:10D30000FFF744F8002808BF10BD00BF4FF0FF3002
:10D3100010BD01680029F9D04068904208BF084656
:10D32000EED0F3E7774523014400001070B508B153
:10D33000814203D91749E32001F0EEFFFFF700F81F
:10D34000B8B104461548144D4078012818BF20464E
:10D3500013D0134D04464FF0FF31A868FFF768FF64
:10D3600010480189491C0181A868FFF73FFF20464A
:10D3700070BD0DA1E22001F0CFFF0820FEF7C6FE30
:10D38000002818BFC0E90045E3D11549E22001F0AB
:10D39000C3FF00004C081208774523014400001029
:10D3A00000000010EE0700106F73616C3A206D6989
:10D3B0007373696E67206D656D20666F722072747D
:10D3C0006F73206F626A20696E206F73616C5F7388
:10D3D000656D6170686F72655F6E65772829000002
:10D3E000B8D111080149C86270470000440000101C
:10D3F000FEF7AEBE30B524498BB08A78012A08D03A
:10D400001AB122A1E02001F087FF28A1E02001F05D
:10D4100083FF02228A70486280B3CA6900203323E6
:10D42000106013715071B1F806C0A2F806C00C6903
:10D43000C2E902402B4DCDE90550CDE908428DF8F7
:10D440001C00ADF81EC08A69274C10601371FE23C2
:10D450005371B1F804C0A2F806C0C968C2E902104D
:10D46000CDE900408DF80830ADF80AC0CDE90312CF
:10D4700005A96846FFF7FEF80BB030BDFFE71BA11A
:10D48000E32001F049FF0000000000106F73616CA1
:10D490003A2063616C6C6564206F73616C5F7374B8
:10D4A000617274282920616761696E006F73616C15
:10D4B0003A2063616C6C6564206F73616C5F737498
:10D4C000617274282920772F6F7574207072696FCC
:10D4D00072206F73616C5F696E697469616C6973E6
:10D4E0006528290079F31108F9CD11086F73616C73
:10D4F0003A20696E636F7272656374207061726145
:10D500006D20696E206F73616C5F73746172742833
:10D5100029000000002804BF6FF00100704770B5BB
:10D52000194D04464FF0FF31A868FFF781FE2668C9
:10D5300016B12079332805D0A868FFF757FE4FF0C1
:10D54000FF3070BD11484188491E418010494A781A
:10D55000012A03D10288E388D21A028000202060C9
:10D5600020716071E080A060E06049782046012968
:10D5700008BFFEF7EFFCA868FFF738FE3046FFF75C
:10D58000EBF8002070BD000000000010EE07001056
:10D590004400001010B5FFF735F9BDE81040FFF763
:10D5A000F7B800002DE9FF4F85B01E009046814678
:10D5B00017D0B8F1020F14D3B8F1FB0F11D8B9F19D
:10D5C000000F0ED02F4D4FF0FF31A868FFF730FE4F
:10D5D00005F144004FF0000A407830B101280ED028
:10D5E00044E029A1E32001F097FE69782878814280
:10D5F0003CD2686900EB0110491C697002E0102000
:10D60000FEF784FD040031D03046FEF71FFD5FEACF
:10D61000000B2FD0264F3888304438800698019070
:10D6200001208DF80800CDF80090ADF80A60CDE932
:10D6300003B46846FFF764F85FEA00091ED07888F3
:10D64000401C78803320C4F80090207184F8058055
:10D65000E680C4E902BAA868FFF7C8FD414648461B
:10D66000FFF7E2F809B02046BDE8F08F11A1E220F3
:10D6700001F052FE1DA1E22001F04EFE27A1E220A2
:10D6800001F04AFE000000106F73616C3A20696E71
:10D69000636F727220706172616D20696E206F73AA
:10D6A000616C5F7461736B5F6E65772829000000A1
:10D6B000EE0700106F73616C3A206D697373696EC9
:10D6C00067206D656D20666F72206F73616C5F748B
:10D6D00061736B5F7420696E206F73616C5F74613E
:10D6E000736B5F6E65772829000000006F73616CB3
:10D6F0003A206D697373696E67206D656D20666F82
:10D700007220737461636B20696E206F73616C5F4C
:10D710007461736B5F6E6577282900006F73616CAD
:10D720003A206D697373696E67206D656D20666F51
:10D73000722072746F73207461736B20696E206F36
:10D7400073616C5F7461736B5F6E6577282900008D
:10D75000002808BF70474389027A41680068FFF7D4
:10D7600021BF0000002804BF6FF00100704770B5B2
:10D770000446881E0D46FA2824BF4FF0FF3070BDC6
:10D780004FF0FF310B4EB068FFF752FD206810B12B
:10D790002179332905D0B068FFF728FD4FF0FF301D
:10D7A00070BD65712946FFF73FF8B068FFF71EFDB1
:10D7B000002070BD0000001070B5FEF72DFAB8B162
:10D7C00004461448124D4078012818BF204613D053
:10D7D000114D04464FF0FF31A868FFF729FD0F48AF
:10D7E0008188491C8180A868FFF700FD204670BD34
:10D7F0000BA1E22001F090FD0820FEF787FC002835
:10D8000018BFC0E90045E3D11249E22001F084FDD0
:10D81000444523014400001000000010EE070010F2
:10D820006F73616C3A206D697373696E67206D6503
:10D830006D20666F722072746F73206F626A206948
:10D840006E206F73616C5F74696D65725F6E657772
:10D8500028290000B8D11108002819BF0029002A82
:10D860006FF001007047F0B516461F4A0D461D497E
:10D87000527887B0012A18BF044629D01B4AD5E93F
:10D880000001176AC24372EA010204BF4FF0FF3081
:10D89000014603D03A460023E2F7BAFFCDE9000182
:10D8A000A868B0FBF7F00290287B002818BF029808
:10D8B0000390306804907068059004AA6946204679
:10D8C000FEF7C6F9FF281EBF002007B0F0BD04E038
:10D8D000046814B140688842D0D007B04FF0FF30E0
:10D8E000F0BD00004445230144000010000000107A
:10D8F000002804BF6FF00100704710B50C490B4AB7
:10D900004978012909D000BFFEF7C6F9FF281CBFDE
:10D91000002010BD4FF0FF3010BD01680029F9D084
:10D920004068904208BF0846EED0F3E74445230123
:10D930004400001010B50022427091B1022914D0A9
:10D94000032918BF10BD04468178012908BF01F0E2
:10D95000C3FD12480068E0B12146BDE8104000F068
:10D960005FB8BDE8104001F0B7BD0D498369C269D9
:10D970000B604A6082688A60C268CA600949026AAC
:10D980000A60426A4A600A46BDE81040044901F054
:10D9900003BD2046BDE8104000F0F0BAE4000010DE
:10D9A00008090010C400001050E8001F31B10B68D6
:10D9B00040E80032002AF7D108467047BFF32F8FA6
:10D9C000FAE700002DE9F041134D04004FF0020684
:10D9D00010D02868A17801278278914214D901F0EB
:10D9E00083FB286847706C606670E078BDE8F041A2
:10D9F00000F070B9094800F075F868604670C078AA
:10DA0000BDE8F04100F066B967702146BDE8F0411D
:10DA1000024801F047BB0000A8000010C008001039
:10DA2000814224BF42688A429CBF0120704702683D
:10DA30000A60BFF35F8F50E8003F0A689A4204BF54
:10DA400040E80012002AF2D14FF0000070470000B9
:10DA5000214810B4214A0168A9B3214852780088AE
:10DA600002F1010C431C63452AD9801A4FF0010CC6
:10DA7000401E2CEA000C501C0CEB0204621C82427B
:10DA80000CD900BF01EB800C5CF804CCBCF1000F9A
:10DA900004BF10BC7047401C8242F3D8104683423A
:10DAA0000ED900BF01EB800252F8042C002A04BFFB
:10DAB00010BC704751F820205AB1801C9842F1D315
:10DAC00010BC00207047FFE75068411C516010BC3B
:10DAD000704710BC401C704718010010A0000010D7
:10DAE000380100100146406842684A600B78002205
:10DAF000622B18BF612B03D0632B1CBF42607047A1
:10DB00004368002B1CBF9960426082607047000030
:10DB1000094900204860886008490968002918BF41
:10DB2000887007480068002808BF70472822054908
:10DB30000988FDF787BD000018090010E0000010FB
:10DB4000E4000010E80000100D4810B5006810B1A6
:10DB5000FFF72AFF02E0282000F0E4FA002808BFBF
:10DB600010BD6521017000214170817041608160AC
:10DB7000C160C0E904118161C0E90711416210BDB3
:10DB8000E40000100348416800290CBF4FF0FF304B
:10DB9000806870471809001001F0FEBB01F09CBCC2
:10DBA0002DE9F047424E7068002808BFBDE8F087B5
:10DBB000B0680024401EDFF8FC806527B0606DE08F
:10DBC000A868B060686870606878002866D12A6AC2
:10DBD00012B12846696A9047EA68002A52D0D5E90E
:10DBE0000603C14371EA03012DD02146801843EB9F
:10DBF0000102C5E90602D8F80030D8F80490B0EB6D
:10DC0000030C2B4862EB09092346826805E0504665
:10DC1000DAF808A01AEB02025941B2EB0C0A71EBD8
:10DC2000090A04D2D0F804A0BAF1000FEFD141687C
:10DC30006960B2EB0C01A96045608168AA68A1EB3C
:10DC4000020181602AE01A4B2146986805E04B46A4
:10DC5000D9F8089019EB00006141B0EB020971EBB3
:10DC6000040C04D2D3F80490B9F1000FEFD1596835
:10DC7000801AC5E901105D609868A968A0EB0100F1
:10DC800098600BE02F706C70AC706C600020AC6022
:10DC9000C5E90400A861C5E907046C62B068002802
:10DCA00018BFBDE8F0877568002D89D1BDE8F08701
:10DCB000180900109000001010B5FCF75BFB034939
:10DCC00000280CBF01200020887010BDA0000010AB
:10DCD00070477047FF280CBF0120401CC0B20649A6
:10DCE0008978002908BF704704494A6809688A4250
:10DCF00008BF7047FCF796BBA0000010A8000010FA
:10DD00002DE9F04100282DED048B04BF0020FEF723
:10DD100079FB002442484449048042480568687AF7
:10DD200000060860E87A002818BF01203F49087003
:10DD30003F49E8680860686802F0DCF80F4606466C
:10DD400047EC180B286802F0D5F853EC182B02F0BA
:10DD50005DF99FED399B53EC192B01F0BFFE02F0EA
:10DD600085F83749421E0A603649086002F0C2F859
:10DD700047EC106B41EC180B53EC192B51EC100BCA
:10DD800002F044F953EC182B01F0A8FE02F06EF8F3
:10DD90002D49C1E900042D49012008702C4968680B
:10DDA00008602C48384904602B4804602B480480E4
:10DDB0002B4804602B4804802B4804602B480480C7
:10DDC0002B4804602B4804802B4804602B480460D7
:10DDD0002B4804802B480460287A0870042101EB4A
:10DDE000C0000121FDF7BCFF2849086028480460F5
:10DDF0002848048028480460284804802848046093
:10DE000028480460284804602848046028480470B2
:10DE10002848047028480470BDEC048BBDE8F081EC
:10DE2000380100107C0000103C0100104801001077
:10DE300044010010000000000000000080842E411A
:10DE40004C0100108C0000109800001050010010D0
:10DE50005401001058010010E0000010E80000100C
:10DE6000E4000010F0000010EC000010F8000010BA
:10DE7000F400001000010010FC000010040100106C
:10DE80000C01001008010010140100101001001016
:10DE900018010010200100101C01001028010010C2
:10DEA00024010010300100102C010010340100107A
:10DEB000B0000010B1000010B20000102DE9F041D8
:10DEC000044640680027002818BF04F10C053BD029
:10DED0006078012805D0022826D060680028F7D194
:10DEE00032E02046FFF7FEFD0646A089002804BF69
:10DEF000706A076015D06089716A04EB8000006960
:10DF000008606089401C80B26081E189884208BF56
:10DF10006781D5E85F0F401E81B2C5E8501F002819
:10DF2000F7D11021304604E02046FFF7DBFD06461E
:10DF3000102101F02BF9304601F031F93046FFF79E
:10DF400041FD60680028C8D10A48406870B10A4D98
:10DF5000807829688A78904208D9064801F0A2F8AA
:10DF60002968012048700020FFF72CFD2770002051
:10DF7000BDE8F081C0080010A8000010FDF7F2BE57
:10DF8000104910B50B6883B1DFF83CC0DCF808100D
:10DF900001EB8002D01A0D4B10301B8898420BD930
:10DFA0000D20FEF72FFA002010BD1021BDE8104013
:10DFB00001EB800000F0B6B8084602F11001CCF881
:10DFC000081010BDFC000010CC0000100001001073
:10DFD0000C4810B5016881B10B4A0C4B10681B88C6
:10DFE000411A103199429EBF00F11001116010BD1D
:10DFF0000D20FEF707FA002010BDBDE810401020EC
:10E0000000F090B8EC000010CC000010F000001000
:10E010000C4810B5016881B10B4A0C4B50681B8845
:10E02000411A083199429EBF00F10801516010BDAC
:10E030000D20FEF7E7F9002010BDBDE810400820D4
:10E0400000F070B8F4000010CC000010F8000010D0
:10E0500070B51049C01DC008096879B10E4A0F4B50
:10E06000D4681B8804EBC000411A994298BFD06065
:10E070000DD90D20FEF7C6F9002070BDC500284659
:10E0800000F050F8044611222946E2F7B0F9204684
:10E0900070BD000024010010CC0000102801001009
:10E0A00010B51648164C006820B116492060098842
:10E0B000E2F7D1FE1448006820B114496060098875
:10E0C000E2F7C9FE1248006820B11249A060098831
:10E0D000E2F7C1FE1048006828B11049E060112243
:10E0E0000988E2F784F90E480068002808BF10BDCF
:10E0F0002061BDE8104000F001BF0000EC000010FE
:10E10000CC000010F0000010F4000010F800001027
:10E11000FC00001000010010240100102801001074
:10E12000040100100121FDF71BBE0000034909682E
:10E13000002918BF7047FFF721BF0000FC00001046
:10E1400003490968002918BF7047FFF717BF00008F
:10E15000EC00001003490968002918BF7047FFF759
:10E160000DBF0000240100102DE9F04FB84F00242E
:10E170002DED048B8BB0A1463868002804BF002029
:10E18000FEF740F9B34EDFF8D0A2DFF8D0B2306826
:10E1900000281FBFDAF800000028DBF80000002884
:10E1A00003D14FF00000FEF72DF904A93868FDF700
:10E1B000DBFD09A93868FDF723FED7F80080A849E0
:10E1C00098F81000801C088098F80910090641EAA8
:10E1D0000040A449086098F80B00002818BF0120EF
:10E1E000A1490870A149D8F80C000860D8F80400CB
:10E1F00001F080FE054641EC180B0291D8F80000B2
:10E2000001F078FE53EC182B01F000FF9FED989B76
:10E2100053EC192B01F062FC01F028FE9649421ED6
:10E220000A609649086001F065FE41EC180B0299FE
:10E2300053EC192B41EC105B51EC100B01F0E6FE96
:10E2400053EC182B01F04AFC01F010FE8C4900251C
:10E25000904BC1E900058B490120DFF83CE20870D2
:10E260008949D8F80400086088480560BDF8101096
:10E270008748D1B1326898F811C0026082F800C0B6
:10E2800000684FF0040808EB8C0180F80180BDF8AD
:10E290001000C1EB80021A8004EB91013268044641
:10E2A00002EB8101CEF8001003E005601D80CEF87E
:10E2B0000050BDF81210794A794B4FF6FF700029D3
:10E2C00004BF15801D6009D000EA810CA2F800C0CF
:10E2D0003268214402EB84028CB21A60BDF814103B
:10E2E000704A714B002904BF15801D6009D000EAF7
:10E2F000810CA2F800C03268214402EB84028CB287
:10E300001A60BDF8161051B1684B00EA8102214431
:10E310001A803268664B02EB84028CB21A60BDF838
:10E320001810644A002908BF156005D033682144DD
:10E3300003EB84038CB21360BDF81A105E4A5F4B86
:10E34000002904BF15801D6009D000EA810CA2F8E5
:10E3500000C03268214402EB84028CB21A60BDF81E
:10E360001C305749574A002B04BF0D7015600BD065
:10E37000D7F800C09CF808C081F800C0316801EBF4
:10E380008401116019198CB2BDF81E104E4A002983
:10E3900008BF156005D03368214403EB84038CB2B9
:10E3A0001360BDF820304949494A002B04BF0D8055
:10E3B000156006D000EA83030B80316801EB84010D
:10E3C0001160BDF82410434A434B002904BF158057
:10E3D0001D6006D000EAC1001080DAF8000089460E
:10E3E0001860BDF826203D483D49002A04BF05605D
:10E3F0000D6006D0D2000260DAF8000000EBC90020
:10E40000086038680024002808BF2C460CD001A9F9
:10E41000FDF701FDBDF8040030B1DBF800401CB988
:10E420000421FDF79DFC04462E48002C046004BF27
:10E430000020FDF7E7FF2C4805702C4805702C489C
:10E4400005700BB0BDEC048BBDE8F08F0000000040
:10E450007C00001080000010840000108800001074
:10E46000380100103C010010480100104401001068
:10E470000000000080842E414C0100108C00001030
:10E4800098000010500100105401001058010010B5
:10E49000E0000010E8000010E4000010F0000010A0
:10E4A000EC000010F8000010F40000100001001053
:10E4B000FC000010040100100C0100100801001005
:10E4C00014010010100100101801001020010010AC
:10E4D0001C01001028010010240100103001001060
:10E4E0002C01001034010010B0000010B100001029
:10E4F000B20000102DE9F041384C20684578807852
:10E50000002818BF012664D0206800EBC5014868C8
:10E510000278602A06D0612A28D0652A2AD0622A89
:10E520002CD042E007468968C0690843F8617A78D0
:10E53000396A062A02D0052A04D036E031EA000002
:10E5400033D103E0084230D008403862F86988438C
:10E55000F861384600F023FE7E700221384600F054
:10E5600015FE39461E4800F09DFD1EE0896800F04A
:10E57000F7FB1AE08968FFF7DDF916E0416871B131
:10E58000FFF7B0FA074600F00AFE38467E70032116
:10E5900000F0FCFD3946124800F084FD05E081786A
:10E5A000C27891423CBF491C817020686D1CC078C4
:10E5B000854208BF00252068801CD0E84F1F491EF7
:10E5C000C9B2C0E8421F002AF5D12068807800282F
:10E5D0009AD120684570BDE8F0810000100100105C
:10E5E000C00800102DE9F84F074682480025DFF8E3
:10E5F00008820560A8F10800C8F800507F4AC8F8F2
:10E60000045045700E46156055607D480560858054
:10E610007C480168C9B17C4BB3F800C0BCF1000F65
:10E6200013D000201CF001021CBF0D6001206245C8
:10E630000BD200BF41F82050401C921C41F82050E2
:10E64000B3F800C0401C6245F4D3704C206820B180
:10E650006F4948220988FCF7F5FF6E48006840B111
:10E660006D49098889B241F000426C490968FCF79C
:10E67000E9FF6B48006820B16A4908220988FCF765
:10E68000E1FFDFF8A4A14FF0FF0900218AF8039011
:10E69000F068CAF840007089AAF83A007068CAF8B1
:10E6A00024003069CAF834005046326800F0BCFAE1
:10E6B0005E486421017045605D480170C560056178
:10E6C0004561DAF83C002030E1F722FF0220C8F86B
:10E6D00000A08AF801005748574900680570457046
:10E6E0000978C17055485649056009680161FFF70E
:10E6F0000FFA5448016841F47F01016000684FF04F
:10E700007F4101EA00205049C043B0FA80F0096817
:10E71000C0F10800C1F30221814228BF481C4B49C7
:10E720000A686FF0807303FA00F062F31700086064
:10E73000FEF7A6F84649002808600EDB00F1E0214C
:10E7400081F8009400F01F01012202FA01F1400952
:10E75000800000F1E020C0F8001100F05FFC3E7A7C
:10E76000B7F80A80D7F810B038680090D7F804A03E
:10E77000D7F80C90FFF76CF9070008BFBDE8F88FD9
:10E78000002E08BF0126206840B1FFF70DF90400F4
:10E790000CD1BDE8F84F0D20FDF734BE4820012113
:10E7A000FDF7DEFA040008BFBDE8F88FC4F840901A
:10E7B000C4E90C5BA4F83A80C4F824A03146009A5E
:10E7C00000F032FA0F48006800281CBF00EB8700F9
:10E7D00040F8044CF8B21F49E070897821B1401C20
:10E7E000C0B2616CFBF704FE2046BDE8F84FFFF7AE
:10E7F000E9B80000B8000010A80000109000001058
:10E80000BC000010180100103801001008010010B1
:10E810000C0100102C0100103C0100103001001010
:10E820001C0100102001001078080010C008001022
:10E83000D80800101001001014010010F00800109A
:10E840004001001020ED00E00CED00E01CED00E0C8
:10E85000B4000010A000001038B54FF6FF74012876
:10E8600028D14FF0E025286900901848DFF860C0F3
:10E87000184902680120184B002A09DA05222A618A
:10E880008CF80000086802EA90601870400610E0FA
:10E8900002F01F0500FA05F55211920002F1E02284
:10E8A000C2F880518CF800000868C0F3007018703E
:10E8B000C00608600948C168002918BF4469FFF70D
:10E8C00061F9A04288BF204638BD0000B4000010A6
:10E8D000B000001004ED00E0B2000010D8080010F5
:10E8E0002DE9F05F1D4691468A4683461E78B3F8AF
:10E8F0000280FFF7ADF8071E08BFBDE8F09F002EAD
:10E9000008BF01261D48006838B1FFF74DF8040024
:10E9100009D10D20FDF776FD2CE048200121FDF7FF
:10E920001FFA040026D0002020636868C4F84090D5
:10E930006063A4F83A805A4631462046C4F824A0C1
:10E9400000F072F90E48006800281CBF00EB870039
:10E9500040F8044CF8B20B49E070897821B1401CB2
:10E96000C0B2616CFBF744FD2046FFF72BF8204650
:10E97000BDE8F09F0020BDE8F09F000008010010F6
:10E9800018010010A0000010002804BFFF207047ED
:10E990002DE9F05FDFF8D4B1054690F80390DFF879
:10E9A000C8A10027DBF800004FF00108B9F1000F03
:10E9B0001CBFC17849456DD14770E1F7ACFDDBF86C
:10E9C0000010C86300F01AFCDBF80000846A0CB386
:10E9D0006068C0B12046FFF785F80646052100F0C3
:10E9E000D5FB304600F0DBFB86F8018031466048FD
:10E9F00000F058FBE168A4F80280A660B06AE0600D
:10EA0000B4620C4604E0E0686780A760E7600446F3
:10EA1000002CDDD1DAF8000030B1DBF80010C97845
:10EA200000EB810040F8047C5248006828B1DBF814
:10EA30000010096CFEF7F4FF04E0DBF80000006C46
:10EA4000FFF788FBDBF800004B490764897831B198
:10EA5000C178491CCAB2416C1046FBF7F9FCDBF8DF
:10EA6000000007704548006828B12F63DBF80010EC
:10EA7000FEF7D6FF08E0286B10B1FDF773F92F639E
:10EA8000DBF80000FDF76EF90020CBF80070FEF710
:10EA900099FF66E0284600F099FB284600F07FFBCE
:10EAA000AC6AFCB16068B8B12046FFF71BF80646B7
:10EAB000052100F06BFB304600F071FB86F8018009
:10EAC00031462B4800F0EEFAE068A4F80280A66018
:10EAD000B16AE160B46203E0E0686780A760E76064
:10EAE0000400DFD1DAF8000000281CBF00EB890029
:10EAF00040F8047C1F48006818B1296CFEF790FFAD
:10EB000002E0286CFFF726FB1B482F64807828B1B1
:10EB1000E878696C401CC0B2FBF79AFC17482F706C
:10EB2000006820B129462F63FEF77AFF07E0286BC3
:10EB3000002808BFFDF716F92846FDF713F90C4821
:10EB400040688178DBF800008278914209D980F82A
:10EB500001800748DBF8001000F0A4FA0020FEF75F
:10EB600031FF0020BDE8F09F18010010A800001040
:10EB7000C00800102C010010A000001008010010B7
:10EB800010B5040008BF10BD206B00281CBF206B0F
:10EB900010BD0848006838B1E17801EB410100EB95
:10EBA00041106038206310BD60200121FDF7D8F8C6
:10EBB000F8E700003401001070B5040004BFFF2026
:10EBC00070BD144D2868A04211D18170286880F86A
:10EBD0002C10114840688078884219D90E4829685D
:10EBE00000F060FA29680120487000200EE0A17052
:10EBF00084F82C102868A042EBD0204600F07EFA62
:10EC00006078012804D10448FEF76CFFFEF7DAFEB5
:10EC1000002070BDA8000010C00800100148006866
:10EC200070470000A800001070B5044660202070F6
:10EC300001206070A17084F82C1000206060A0603A
:10EC4000E0602061A0626061A061E061206284F800
:10EC50003800206C154600281CBF608F002803D1A7
:10EC60004FF01100FDF7CEFB29462046BDE870406D
:10EC7000AFF3008030B4428F374C930804BF228832
:10EC8000C2F38D03026C02EB830212F0040F18BF73
:10EC9000121F4FF0807C42E9021C4FF0000C42F83A
:10ECA00040CDC2F804C0C2F808C0C2F80CC0C2F817
:10ECB00010C0C2F814C0C2F818C0C2F81CC0C2F814
:10ECC00020C0C2F824C0C2F828C0C2F82CC0C2F8C4
:10ECD00030C0C2F834C0D0F824C0C2F820C0C2632B
:10ECE0004164216811F0805F18BF112B2FD9103BB0
:10ECF0004FF0FF3101EB53054FF0010C4FF0CC31D9
:10ED0000BCEB530F1ED04FF0000C15F0010F05D0D7
:10ED100042F8041C42F8081C4FF0010C6B100FD095
:10ED2000CCF1000402EBC4045B1E44F8041C44F85C
:10ED3000081C44F80C1C44F8101C0CF1020CEFD118
:10ED4000A2EBC502036C121F9A4288BF11600349EF
:10ED5000006C016030BC70473C010010A52E5AE2E7
:10ED60002DE9F0410446406800260F4604F10C05E9
:10ED7000002845D060784FF0010801282BD00228E8
:10ED800018BFBDE8F0812046FEF7ACFE0746002123
:10ED900000F0FCF92189786A04EB8101C1F81000C8
:10EDA000D5E85F0F401C81B2C5E8501F0028F7D19D
:10EDB0002089401C80B22081E189884208BF2681D9
:10EDC00087F80180384600F0EAF93946BDE8F0419D
:10EDD0001B4800F067B92046FEF784FE0446406AEF
:10EDE00004210760204600F0D1F984F80180204614
:10EDF00000F0D5F92146BDE8F041114800F052B9C4
:10EE0000A089E189884215D2208904EB800007613E
:10EE1000D5E85F0F401C81B2C5E8501F0028F7D12C
:10EE20002089401C80B22081E189884208BF268168
:10EE3000BDE8F0810320BDE8F041FDF711BD000001
:10EE4000C00800102DE9F04104464088294E0028F2
:10EE500026D0A068816AA14206BFE16881620029CC
:10EE600007D0CA68A24202D1E268CA6001E011007C
:10EE7000F7D190F82C10826A4AB15368002B1CBF5E
:10EE80009B788B4288BF1946D268002AF5D18278D8
:10EE90008A4205D081703168814218BF00F02EF996
:10EEA0000127606888B12046FEF71CFE0546002158
:10EEB00000F06CF9284600F072F96F7029460E4890
:10EEC00000F0F0F860680028EDD10B48406860B1B0
:10EED000316880788A78904207D9074800F0E2F8D4
:10EEE000306847700020FEF76DFD00202070BDE8FF
:10EEF000F0810000A8000010C0080010632101701C
:10EF00000021418041608160C16070472DE9F0417E
:10EF10000446408820B1344DA1682A68914202D04D
:10EF2000FF20BDE8F081401E0004000C608057D136
:10EF30002968886AA04206BFE0688862002807D076
:10EF4000C268A24202D1E268C26001E01000F7D1BB
:10EF500091F82C20886A48B14368002B1CBF9B782D
:10EF6000934288BF1A46C0680028F5D18A70DFF83E
:10EF70007C806068012728B32046FEF7B3FD064673
:10EF8000052100F003F9304600F009F96780A6601A
:10EF9000B06AE060B4622968D8F804208878927872
:10EFA000904228BF304619D2104800F07BF8314615
:10EFB0000E4800F077F82868477077700020FEF759
:10EFC00001FD0DE0D8F8040029688078904207D947
:10EFD000064800F067F8286847700020FEF7F2FC4A
:10EFE0000020BDE8F0810000A8000010C00800105B
:10EFF000084810B5026801215170006800F074F8EB
:10F00000FFF778FA0448FEF76DFDBDE8104000F008
:10F010000FB90000A8000010C008001005480178D2
:10F0200000291EBF0121417070474FF080500249F6
:10F0300008607047B000001004ED00E0F0B4184D17
:10F040002B6803F1020CDC78DCE84F2FA24210D1D0
:10F05000BFF32F8F2B6893F803C0944581BF03EB58
:10F06000C202C2E90101F0BC70470220F0BCFDF70A
:10F07000F7BB521CD6B2CCE8426F002AE4D100BFE5
:10F08000D3E84F2F02F1010CA44508BF4FF0000C4C
:10F090000CF0FF06C3E84C6FBCF1000FF0D1D9E7CC
:10F0A0001001001010B402784FF0000C622A1ABF51
:10F0B000612A632A4FF0010C8B78426822B1947860
:10F0C0009C4228BF1046F8D24A604160BCF1000F54
:10F0D00001BF0020886010BC7047002A18BF9160F3
:10F0E000886010BC7047000003494A6842600022F3
:10F0F0008260486070470000C008001010B4836848
:10F1000023B11A781946602A07D00AE0417801290C
:10F110000EBF1D4910BC704703E089680A78602A59
:10F12000FBD0002B08BF184A07D042685A604268DB
:10F13000002A1CBF8368936007E05368834202D1B2
:10F140004368536001E01A00F7D10A780023622A6D
:10F150001ABF612A632A012390F802C04A6822B1CB
:10F160009478644528BF1146F8D242604860002B6D
:10F1700001BF0021816010BC7047002A18BF906059
:10F18000816010BC70470000C008001090F8382063
:10F19000C06B002A14BF60302030016070470169E5
:10F1A000002908BF7047C268CA60C3680022002BEC
:10F1B00008BF4A6107D04B69D0F814C063444B6163
:10F1C000C3681961C260026170470000816800294C
:10F1D00008BF094907D042684A60416800291CBF3E
:10F1E0008068886070474A68824202D140684860FF
:10F1F00070471100F7D17047C00800100948407AE5
:10F20000002808BF704708480068D0E90F10814205
:10F2100004D300680549884208BF70470120FDF704
:10F220001FBB00005C080010A8000010A52E5AE2C9
:10F230000349486002214170C078FEF74BBD0000D1
:10F24000A800001038B52D480121026851700068EF
:10F25000FFF74AFF2A482B4C007828B32A482B494D
:10F2600003684A68002193420DD002600269236856
:10F27000D4F804C0D21841EB0C03B2F1010C43F1F5
:10F28000FF32C0E902C2D0E9025C226863686A40CA
:10F290008CEA03031A4307D101601C48FEF722FCE5
:10F2A00001461A48FFF7FEFE19480168491C016033
:10F2B000EFF3108000F0010072B6009020686168E2
:10F2C000401C41F1000120606160009800B962B605
:10F2D000FCF75CFAFEF764FC0E4C206810F0805FCF
:10F2E00005D0FFF707F9206840F00060206007486C
:10F2F000FEF7F8FBBDE83840FFF79ABFA800001002
:10F300004801001090000010F0080010C008001024
:10F31000B800001004ED00E0104E0D460446B17830
:10F320000020022902D0032905D008E00020FDF7C3
:10F33000D5F90320B070FDF765FAFDF729FA084BFF
:10F34000214625B1DB6A2A463BB19847FEE7DB6AD6
:10F3500004A20BB19847FEE7FEE7FEE700000010AD
:10F3600044000010756E737065636966696564209A
:10F370006D65737361676500FDF744FA0449C969F7
:10F3800008600448006B08B18047FEE7FEE7000014
:10F3900000000010440000102DE9F05F5FEA000853
:10F3A0000E4692461BD0D6E90045DFF8249100278F
:10F3B000E04370EA05000ED0B268A118D9F8002029
:10F3C00045EB0700D9F80430511A73EB000009D35C
:10F3D000F06838B903E0D6E90201C84202D1FF2043
:10F3E000BDE8F09FE14371EA05004AD0B06800280B
:10F3F00008BFF0682418D9F800007D41D9F804103E
:10F40000001B71EB050017D3D6F80CB0D9F800003B
:10F41000D9F80410001B61EB05013C465A46002355
:10F42000E1F7F6F9D9F80000D9F804101BEB000059
:10F430006141841A61EB0305D9F80000D9F8041082
:10F44000B4EB000965EB010B98F80200012804BF3A
:10F45000404600F041F8012088F80200F068C8E951
:10F460000304C8E90554C8F81C50DAF80000C8F8CD
:10F470002000DAF80400C8F8240016483A468168EB
:10F480000CE0D6F80890B9F1000F08BFD6F80C9040
:10F49000BB46D9E718469B6859185741B1EB090399
:10F4A00077EB0B0302D24368002BF3D14268B1EB38
:10F4B0000901C8E90121C0F804808168D8F8082052
:10F4C000A1EB020181604FF00000BDE8F09F000059
:10F4D00090000010180900108178002904BF002056
:10F4E000704710494A68824204D0110018D04A6817
:10F4F0008242FAD142684A608A6883681A448A6004
:10F50000652101700021417081704160816041611D
:10F51000C0E903118161C0E90711416208467047E3
:10F52000FF2070471809001010B5FEF7D1FBFEF759
:10F530000BFB0446FEF7CDFB204610BD70B514460C
:10F540000D460646FEF7C4FB224629463046FEF726
:10F5500023FB0446FEF7BDFBE0B270BD10B50446C8
:10F56000FEF7B6FB2046FEF719FB0446FEF7B1FB9B
:10F57000E0B210BD10B5FEF7ABFBFCF74BF904464B
:10F58000FEF7A7FB204610BD70B50C460546FEF7FA
:10F590009FFB21462846FCF743F9FEF79AFB002023
:10F5A00070BD70B514460D460646FEF791FB012C62
:10F5B0000CBF0122002229463046FCF75BF90446C5
:10F5C000FEF787FBE0B270BD70B50546FEF780FB25
:10F5D0002846FEF7D5FC04001CBF2946FCF76CF951
:10F5E000FEF777FB204670BD70B50546FEF770FB51
:10F5F0002846FEF763FC04462846FEF797FDFEF713
:10F6000068FBE0B270BD70B514460D460646FEF7C5
:10F610005FFB224629463046FCF7AEF90446FEF76A
:10F6200058FBE0B270BD70B514460D460646FEF7B5
:10F630004FFB224629463046FCF74AF90446FEF7BE
:10F6400048FBE0B270BD10B5FCF78CFB002010BD8C
:10F6500010B50446FEF73CFB2046FEF7F9FC0446D5
:10F66000FEF737FB204610BD0121FCF779BB0000F7
:10F67000F0B587B00E460746FEF72AFB0020CDE91D
:10F6800002000546EFF3108000F0010072B6274C2F
:10F690000490A069E169CDE902014FF0E0208169A1
:10F6A0000091234909680191C1F3806159B18069D2
:10F6B00000990190884206D2DDE90210491C40F110
:10F6C0000000CDE90210049800B962B60020CDE92F
:10F6D0000400CDE9040060690099401AD4E90812D9
:10F6E000A0FB013C05FB01C100FB0210CDE9043089
:10F6F000DDE904010F4A0023E1F78AF8CDE90401AE
:10F700006068DDE902324068A0FB031C05FB03C30F
:10F7100000FB0233DDE904208A1843413A6033607C
:10F72000FEF7D7FA07B00020F0BD00007800001007
:10F7300004ED00E040420F0010B5FEF7C9FAFEF7F5
:10F7400047FC040018BFFFF7D9FBFEF7C2FA2046BA
:10F7500010BD70B50546FEF7BBFA2846FFF772FBF1
:10F7600004462846FEF7ECFCFEF7B3FAE0B270BDA3
:10F7700010B50446FEF7ACFA2046FFF7C7FB044677
:10F78000FEF7A7FAE0B210BD70B50C460546FEF7CD
:10F790009FFA21462846FCF753F90446FEF799FAEA
:10F7A000E0B270BD70B50D460646FEF791FAFEF761
:10F7B0002FFC040003D02A463146FCF777F9FEF708
:10F7C00088FA204670BD10B50446FEF781FA20463F
:10F7D000FCF776F90446FEF77CFAE0B210BD70B58E
:10F7E0000C460546FEF774FA21462846FCF782F9D6
:10F7F0000446FEF76EFAE0B270BD70B50C460546E1
:10F80000FEF766FA21462846FEF7ECFEFEF761FA9F
:10F81000606870BD10B50446FEF75AFA0120FFF784
:10F820001BF8002C18BF2060FEF753FA002010BD13
:10F830002DE9F0411C4615460E460746FEF748FAEC
:10F8400023462A4631463846FFF74AF80446FEF773
:10F8500040FA2046BDE8F08110B50446FEF738FABC
:10F860002046FFF791F80446FEF733FAE0B210BDE8
:10F8700010B50446FEF72CFA646BFEF72AFA204610
:10F8800010BDFFF77DB910B5FEF722FAFFF7C6F9F4
:10F890000446FEF71EFA204610BD70B50C4605461C
:10F8A000FEF716FA21462846FFF786F90446FEF7CA
:10F8B00010FAE0B270BD000010B500290AD0087837
:10F8C000002807D005487844E2F75AFF002801D005
:10F8D000002010BD0248784410BD0000C21B00008B
:10F8E000BA1B000010B500290AD00878002807D0FC
:10F8F00005487844E2F744FF002801D0002010BDFD
:10F900000248784410BD0000A61C00009E1C0000A8
:10F9100021F0004201F00043A2F16052B2F5801FD5
:10F9200028BFD2F17F6C0BD95FEA001C43EAC20208
:10F9300042EB507018BF704728BF20F0010070479D
:10F94000B2F5801FBCBF184670474FEA410C1CF54A
:10F95000001F02D2084600F0A9BE70B500F000FCFE
:10F9600000000089FFF7F6BF4FF00040A0F58000CF
:10F970007047000010B591EA030F48BF83F00043C1
:10F9800000F18C84841A71EB030C05D2121943EB3D
:10F990000C03001B61EB0C014FEA1154A4EB135C48
:10F9A000DFF81CE11EEA430F18BF9EEA445F00F037
:10F9B000748021EA045123EA0E0343F48013DCF13E
:10F9C000200E32D322FA0CFE10EB0E0023FA0CFEAE
:10F9D00041EB0E01CCF1200E03FA0EFE10EB0E00EF
:10F9E000CCF1200E51F10001B1F5801F32D201EBB4
:10F9F000045112FA0EF2BDE8104058BF7047401C87
:10FA000038BF5FEA420218BF7047002814BF20F0D9
:10FA1000010041F100014FEA410313F5001F38BF17
:10FA20007047A1F1C04100F0E9BB012A43EB03029A
:10FA3000ACF1200CDCF11F0E32BF4FF0000E23FAA8
:10FA40000CF310EB030041EB0451B4EB115FD0D089
:10FA5000A1EB045101F58011490801EB04515FEA63
:10FA600030000ED350F1000038BF12FA0EFE08D15C
:10FA7000BDE81040C9E7401C38BF5FEA4202CAD166
:10FA8000C3E7BDE810404FEA410313F5001F38BF3C
:10FA90007047A1F1C04100F0B1BB9EEA445F08D0BD
:10FAA00011EA5E0FBDE8104004BF01F000410020E4
:10FAB0007047BDE8104070B500F052FB64FBBE3EDD
:10FAC0000000E0FF491058BFC1F140415B1058BF32
:10FAD000C3F140438B42EFF3008070472DE9C041F2
:10FAE00030B4DFF8A8C23CEA111418BF3CEA131482
:10FAF00000F0F0801CEA111481EA030544EAD57491
:10FB000018BF1CEA131500F0CB80A4EB050404F128
:10FB10007F7404F500344FF0004545EAC12145EA01
:10FB2000C32341EA505143EA52534FEAC0204FEAFF
:10FB3000C222994208BF904200F0A0804FEA1365AC
:10FB40000FF24816765D4FEA134506FB05F7C7F13D
:10FB5000807706FB07F74FEAD737A7FB03687642A3
:10FB6000A7FB06CEC8F5803838BFA8F1010807FB0F
:10FB700008E6A6FB028C4FF0000EE6FB03CED8F1A0
:10FB800000086FEA0C0C5CF1000C6FEA0E0E4EF1EF
:10FB9000004EA6FB0C584FF00007E6FB0E87A1FBBA
:10FBA00008C6A0FB07CE16EB0E064FF0000545F188
:10FBB0000005E1FB076515F1E04E7EBFA4F580343A
:10FBC0005FEA46066D4116F1800745F100054FEAF0
:10FBD000172747EA05674FEA15254FEA0666A6F19B
:10FBE000DE46B6F1805F20D9384605EBC47124F0BB
:10FBF000010C01EB0C11BCF1FE6F02D8F0BCBDE8AA
:10FC0000008124425CBF01F5801E9EEAC47F02D4BD
:10FC1000F0BCBDE80081244200F13980A1F1C0416F
:10FC2000F0BCBDE8004100F0E9BA4FEAD02040EA5C
:10FC300041504FEAD1214FEAD22242EA43524FEAE1
:10FC4000D323A7FB028607FB036605FB02661EEAB9
:10FC50000E0F58BFA6EB0056B6EB00564FEA520EF9
:10FC60004EEAC37E18EB0E0E56EB530EBCD518EBC6
:10FC700002085E417F1C55F10005B5E74FF4801581
:10FC80004FF000074FF000064FF00008ACE701F11D
:10FC9000C04101F000414FF00000F0BCBDE8008120
:10FCA0000CEA131511EA0C1F00D00CE013EA0C1F2C
:10FCB00000F025804FF0000081EA030101F00041CF
:10FCC000F0BCBDE80081F0BCBDE8004181EA030161
:10FCD00000F094BAF0BCBDE8004170B500F040FA05
:10FCE000097EFC3E00F007B84FF0000081EA0301F6
:10FCF00001F00041704781EA030100F07FBAF0BCD7
:10FD0000BDE8004122494FF000007047FFFDFBF9BC
:10FD1000F7F5F4F2F0EEEDEBE9E8E6E4E3E1E0DE3E
:10FD2000DDDBDAD8D7D5D4D3D1D0CFCDCCCBCAC8B0
:10FD3000C7C6C5C4C2C1C0BFBEBDBCBBBAB9B8B7D7
:10FD4000B6B5B4B3B2B1B0AFAEADACABAAA9A8A8CA
:10FD5000A7A6A5A4A3A3A2A1A09F9F9E9D9C9C9B98
:10FD60009A99999897979695959493939291919043
:10FD70008F8F8E8E8D8C8C8B8B8A898988888787D4
:10FD80008685858484838382828181800000FF0749
:10FD90000000F87F51EA030C17D41CF5801F58BFF0
:10FDA000BCF5801F00F10680994218BF704708BF5C
:10FDB0009042704707D711F5801F58BF13F5801F79
:10FDC00019D499427047894270471CF5801F08D5A5
:10FDD000BCF5801FF7D58B4218BF704708BF824221
:10FDE00070474FF4001C1CEB410F38BF1CEB430F56
:10FDF00001D28B42704770B500F0B2F992244900ED
:10FE00004FF000514FF08053FFF75CBE4FEA4103C3
:10FE10004FEA5353A3F58063D3F11E03C8BFD3F158
:10FE2000210C0CDD4FF0004242EAC12242EA50525E
:10FE300032FA03FC8CEAE17CACEBE1707047102BEA
:10FE4000C4BF0020704703F5787CBCF1FF3F04D0AD
:10FE50006FF0004282EA2100704770B500F080F92F
:10FE60004992248000207047F2E700004FEA1153C6
:10FE7000A3F58063D3F11E03A8BFD3F1200C08DBE8
:10FE80004FF0004242EAC12252EA505232FA03F0E5
:10FE9000704709420BD4102BC4BF0020704703F5F4
:10FEA000787CBCF1FF3F05D04FF0FF3070474FF03A
:10FEB0000000704770B500F053F900BF49922480EC
:10FEC00000207047F0E710F0004248BF4042B0FA0F
:10FED00080F310FA03F10AD0C3F11D0303F5806328
:10FEE00002EB03524FEA415002EBD12170474FF031
:10FEF00000007047B0FA80F310FA03F10AD0C3F1A2
:10FF00001D0303F580634FEA03524FEA415002EBB1
:10FF1000D12170474FF000007047000051EA030CF8
:10FF200017D41CF5801F58BFBCF5801F00F1068058
:10FF3000994218BF704708BF9042704707D711F524
:10FF4000801F58BF13F5801F19D49942704789420A
:10FF500070471CF5801F08D5BCF5801FF7D58B4274
:10FF600018BF704708BF824270474FF4001C1CEB5B
:10FF7000410F38BF1CEB430F01D28B42704770B565
:10FF800000F0EEF8922449004FF080514FF00053FA
:10FF9000FFF798BD51EA030C17D41CF5801F58BF1A
:10FFA000BCF5801F00F10680994218BF704708BF5A
:10FFB0009042704707D711F5801F58BF13F5801F77
:10FFC00019D499427047894270471CF5801F08D5A3
:10FFD000BCF5801FF7D58B4218BF704708BF82421F
:10FFE00070474FF4001C1CEB410F38BF1CEB430F54
:10FFF00001D28B42704770B500F0B2F892244900EC
:020000040812E0
:100000004FF000514FF08053FFF75CBD70B5DFF843
:1000100048C11CEA111E1EBF1CEA13159EEA0C0FF4
:1000200095EA0C0F00F06F8081EA03044EEAD47E5B
:10003000AE4421EA4C1123EA4C1341F4801143F4FD
:100040008013AEF17F7EA1FB024CA0FB0365361945
:1000500055EB0C05A1FB034C4CF10003A0FB021C6B
:1000600016EB0C06654153F10003094218BF46F038
:10007000010613F4007F0BD14FEA03314FEA05303C
:1000800041EA155140EA165034036FF003020AE0CA
:100090004FEAC3214FEAC52041EA555140EA565084
:1000A000F4026FF0020202EB2E4201EB025585EAE8
:1000B000CE710AD05FEA440C18BF24F0004450F11E
:1000C000000041F1000120EAD47040F2FE7C62455C
:1000D00000D270BDA84214BF4FF080444FF040449E
:1000E000002E08BF0024BEF1806FA8BFA1F1C0415F
:1000F000BDE8704080F2828001F1C04101F0004112
:100100004FF0000070470CEA13159EEA0C0F18BF61
:1001100095EA0C0F06D081EA030E4FF000000EF0B6
:10012000004170BD00F01CF88900013E00F007B8E6
:1001300000F009B84FEA430C5FEA5C5C08D081EA42
:10014000030100F05BB84FEA410C5FEA5C5CF6D15A
:1001500002494FF0000070470000FF070000F87FE1
:100160000EF1020E2EF0030E5EF8046B364205D43B
:10017000012A43EB030515F5001F12D8012841EBB6
:10018000010C1CF5001F0CD80ED14FEAD17C0CEBF2
:100190004C0C0CF1020C15F5001F08BF4CEBD37C86
:1001A00004E04FF0080C01E04FEAD37C0CEB4C0567
:1001B00026FA05F606F00706B6F1040C06D20EEB99
:1001C000860CBDE870404CF0010C6047DFE80CF095
:1001D000090B02024FF00041A1F500214FF0000091
:1001E00070BD19461046012851EB010418BFD4F523
:1001F000001484BF002001F0004170BD0808A0F584
:1002000000114FEA3101704753EA010C17D41CF575
:10021000801F58BFBCF5801F00F106808B4218BFBD
:10022000704708BF8242704707D713F5801F58BF39
:1002300011F5801F19D48B4270479B4270471CF503
:10024000801F08D5BCF5801FF7D5994218BF7047AD
:1002500008BF904270474FF4001C1CEB430F38BF9F
:100260001CEB410F01D2994270470FB40CBC03BC88
:10027000FFF7C1BE10B591EA030F81F000413FF5D1
:1002800081AB83F0004300F009B8000010B591EA9B
:10029000030F48BF83F000433FF574AB841A71EB42
:1002A000030C07D28CF0004C121943EB0C03001B1B
:1002B00061EB0C014FEA1154A4EB135CDFF8A4E1ED
:1002C0001EEA430F18BF9EEA445F00F0B48021EAA3
:1002D000045123EA6E035242C3EB6E0338BF5B1E28
:1002E000DCF1200E25D322FA0CFE10EB0E0043FAAF
:1002F0000CFE41EB0E01CCF1200E03FA0EFE10EBCA
:100300000E00CCF1200E51F1000129D401EB045173
:1003100012FA0EF2BDE8104058BF7047401C1CBFD7
:10032000B2F1004F704700280CBF491C20F00100BB
:10033000704712EB020E43EB030218BF4FF0010EA1
:100340004EEA4202ACF1200CDCF11E0E56D943FA03
:100350000CFE10EB0E00CCF11E0E51F1FF31D5D585
:100360000EF1010E12FA0EFE404141EB010101EBCC
:10037000445C5FEA5C5C10D901EB045110EBDE7069
:1003800038BFBEF1004FBDE8104018BF70470028CD
:100390000CBF491C20F00100704734D24FEAD42C26
:1003A00024F4006411F500111BD0B1FA81F20B3A6C
:1003B000A41AA41ED2F12003914030FA03F319438A
:1003C000904001EBCC7101EB0451002CBDE81040D2
:1003D000A8BF704701F1C04101F000414FF000009B
:1003E0007047B0FA80F310FA03F102D1BDE8104073
:1003F0007047E41A173C4805C90AE2E701EB0451CB
:10040000BDE81040704749104FEA300001EB04513D
:10041000BDE8104002E04FF0000170474A0008BFFD
:100420000042F8D0B2F5001F28BF704701F000412C
:100430004FF0000070479EEA445F07D011EA5E0F5C
:10044000BDE8104004BF002100207047BDE8104007
:1004500070B5FFF785FE00BF40DFF63E104683F023
:10046000004170470000E0FF43004FEAD30C4FEA21
:100470003C0C43401FBF40070CF1605113F0FE4F8E
:1004800070471CF0006F03D10CF000410020704752
:100490000CF0004343EA507040EACC0010B500F085
:1004A00038F800BF000000924FEA0001FFF7A6BE37
:1004B0004FF00041A1F500214FF00000704710B54A
:1004C000FFF768FC0CBF0120002010BD10B5FFF73E
:1004D00061FC14BF0120002010BD10B5FFF71EFD08
:1004E0008CBF0120002010BD10B5FFF717FD2CBFF9
:1004F0000120002010BD10B5FFF74CFD94BF012076
:10050000002010BD10B5FFF745FD34BF01200020CD
:1005100010BD0EF1020E2EF0030E5EF8044B2442C5
:1005200004D44FEA4102B2F17F4F11D84FEA4003A1
:10053000B3F17F4F0CD80ED14FEAD07C0CEB4C0CB2
:100540000CF1020CB2F17F4F08BF4CEBD17C04E000
:100550004FF0080C01E04FEAD17C0CEB4C0324FA7D
:1005600003F404F00704B4F1040C06D20EEB840C7F
:10057000BDE810404CF0010C6047DFE80CF00708C4
:1005800002024FF00040A0F5800010BD0846420076
:1005900018BFD2F1807288BF00F0004010BDF1EEAC
:1005A000100A4FF6FF71C0F2C03120EA010040F09E
:1005B0004070E1EE100A70474FF07F4C3CEA410377
:1005C00018BF3CEA400200F062804FF47F0C0CEA56
:1005D000D11310F0004F18BF43F005031CEAD012EE
:1005E00018BF13EA0C0F00F057804FF0004C4CEA94
:1005F00000204CEA0121A3F580339A4210DD23F05C
:100600000203B0F1004F06D343F00203401ABCBF0F
:10061000404283F001034FEA4000A2F58032ECE74C
:100620004FEA224CBCEB234F08DB884206D31CD098
:10063000A0EB4100C0F1000083F0010340001DD297
:1006400017D40DD0B0FA80FC0CF1010C00FA0CF0BC
:10065000A2EB0C42D2F1000C12DB4FEAC3707047E0
:100660004FEA437000F00040704713F0020FE5D0EE
:10067000DEE74FEA4000B2F58032EBDD002AE9DD2B
:100680004FEAC21242EA502040EAC370704710B5E8
:10069000FFF73FFFEDFFFF3E1CEAD11F02D000F045
:1006A00000407047004870470000C07FFF2141EACA
:1006B000D050C005704700005FEA400C5FEA1C6C38
:1006C000BCF17F0314D4D3F1170240F31C804FF028
:1006D000010C0CFA02FCACF10103034020EA030018
:1006E000B3EB5C0208BF10EA0C0F88BF6044704790
:1006F000B3F1FF3F28BF5FEA002C00F0004088BF45
:1007000040F07E507047BCF1FF0FB8BF704710B586
:10071000FFF7FFFE40DBB6BEE0F7A6BEE1F748BA42
:100720003031323334353637383941424344454627
:100730004030580030313233343536373839616221
:100740006364656640307800040000080000000023
:100750000000000200010000100000000000000086
:100760006E83F9A22915444ED15727FCC0DD34F51C
:10077000999562DB4190433CAB6351FE0000000061
:10078000000000003A7474003A7474003A74740003
:1007900030313233343536373839616263646566F7
:1007A000787000303132333435363738394142438E
:1007B000444546585000000002400000000000A0E0
:1007C0000000000005400000000000C8000000001C
:1007D0000C4000000000409C000000001940000098
:1007E0000020BCBE0000000034400000BFC91B8ECA
:1007F00000000004B5400000504BCFD06607E2CFA8
:10080000010000006C4100003E8251AADFEEA734D7
:1008100001000000D9420000DCB5A0E23A301F9789
:10082000FFFFFFFFB4450000FD25A0C8E9A3C14FAD
:10083000FFFFFFFFFF3F00000000008000000000FE
:10084000FF3F000000000080000000006F73616C3B
:100850003A2076616C7565206F66206D6178746FE3
:100860006B656E73206F7220746F6B656E732061A1
:10087000726520696E636F727265637420696E20A1
:100880006F73616C5F73656D6170686F72655F6EC9
:10089000657728290000000000000000000000002B
:1008A0000000000000000000000000000100000047
:1008B000020000000300000004000000000000002F
:1008C0000500000000000000000000000000000023
:1008D0000600000000000000000000000000000012
:1008E00007000000BD9A1008959A100801A510088D
:1008F000C5A41008C1AB1008BDAB100869B1100841
:1009000065B11008C9AB1008C5AB100861A010088C
:100910005DA01008C9981008C598100845B41008C3
:1009200049B410089DB41008A1B41008A9A110087A
:10093000ADA11008B9AB10086DB1100871B1100865
:10094000A5A11008099610080D9610080596100824
:100950000196100820000000210000002000000087
:100960002000000020000000200000000000000027
:100970000102030401020304060708090001000044
:10098000ED77110845771108E803000000183700DB
:100990000000000000000000000000000010010046
:1009A0000000000000000000000000000000000047
:1009B0000000000000000000001020202B7711082C
:1009C000157711080018000000000000A023001097
:1009D0000200000000000000CC0912080000010124
:1009E00002030204050306070F000000DC091208D9
:1009F000DF091208E2091208E509120800000000E8
:100A000000000000000000000000000008000000DE
:100A10000000003800040000090000000004003855
:100A2000000400000A000000000800380004000074
:100A30000B000000000C0038000400000F00000054
:100A40000C0A1208180A1208240A1208300A12089E
:100A50000000000000000000000000000000000096
:100A6000040506070C0D0E0FFF000000600A1208B7
:100A7000610A1208620A1208630A1208640A12085C
:100A8000650A1208660A1208670A120803000000C5
:100A9000B40A1208B00A12080000000000000000AA
:100AA0000000000000000000000000000000000046
:100AB000000107050001070F01000000020000000F
:100AC0000300000004000000050000000600000014
:100AD0000700000008000000090000000A000000F4
:100AE0000B0000000C0000000D0000000E000000D4
:100AF0000F000000100000001100000012000000B4
:100B00001300000014000000150000001600000093
:100B10001700000018000000FFFFFF00B80A1208CD
:100B2000BC0A1208C00A1208C40A1208C80A12082D
:100B3000CC0A1208D00A1208D40A1208D80A1208DD
:100B4000DC0A1208E00A1208E40A1208E80A12088D
:100B5000EC0A1208F00A1208F40A1208F80A12083D
:100B6000FC0A1208000B1208040B1208080B1208EA
:100B70000C0B1208100B1208140B120800000000D6
:100B80000000000000000000000000000000000065
:100B9000000000000000000000000000FFFFFFFF59
:100BA000FFFFFFFFFFFFFFFFFFFFFFFFFFFFFFFF55
:100BB000FFFF00000000025800040258000802581D
:100BC000000C025800100258001402580018025875
:100BD000001C025800200258002402580028025825
:100BE00093161108B3161108D3161108F31611083D
:100BF0001317110833171108531711087317110829
:100C000093171108B31711085F18110807000000A7
:100C10006C0C120800000608000008000800000024
:100C2000880C1208000010080000080009000000ED
:100C30006C0C120800000E08000002000A00000000
:100C4000880C1208000018080000080005000000C9
:100C50006C0C1208000000080000020006000000F2
:100C60006C0C12080000020800000400740E120848
:100C7000000000000000000800001000000002005A
:100C80000800000008000000740E120801000000B7
:100C90000000100800001000000002000800000022
:100CA00008000000020000006C0C1208880C1208FA
:100CB0004C0C12085C0C12080C0C12082C0C1208BC
:100CC0001C0C12083C0C1208000000000000000080
:100CD0000000000000000000000000000000000014
:100CE00000000000000000005C0E12081F00000061
:100CF000FFFFFFFFFFFFFFFF00000000FFFFFFFF00
:100D00001F00000000000000FFFFFFFF00000000C8
:100D1000B71C1108000000000000000001000000E6
:100D2000180D120800000000000000000000000084
:100D30000000AAAA55550080000055D5AA2A000037
:100D400000040140EC2C00101F00000000C2EB0B5F
:100D50000001000001000000400D1208000000002A
:100D60000000000000000000000000000000000083
:100D70000000000000000000000000000000000073
:100D80000000000000000000000000000000000063
:100D9000000000000000000001040F002800000017
:100DA00001000000980D1208000000000000000083
:100DB0000000000000000000000000000000000033
:100DC0000000000001000005010000080100020011
:100DD0000100020D0F000000C40D1208C80D12081A
:100DE000CC0D1208D00D1208000000000000000019
:100DF00000000000000000006F733A3A54696D650E
:100E0000723A3A4A6F686E446F6500000001000153
:100E10000136350001000000200000002000000025
:100E200001000000000000000000000000000000C1
:100E3000030200002000000020000000010000006C
:100E4000000000000000000000000000C96511085B
:100E5000000000000000000000000000DD8A110812
:100E6000BB891108018A11087D8911080000000062
:100E700000000000DD8A1108BB891108018A1108F1
:100E80007D89110800000000000000009D8B110802
:100E90008B8B11081B341108918B11081F3411081A
:100EA0004D341108AF3311085534110817341108A7
:100EB000453411083F34110883341108593411089E
:100EC0000000000000000000B18B1108A18B110888
:100ED00011351108A58B1108153511084335110876
:100EE000A5341108473511080D3511083B35110897
:100EF000353511087D351108533511080000000003
:100F000000000000D98B1108B58B1108A735110816
:100F1000BD8B1108C5351108A53611089F3511087C
:100F2000AD361108A33511089D3611089736110802
:100F300021371108113711080000000000000000DF
:100F40000D8C1108E78B11084D3A1108ED8B110833
:100F50006B3A11086B3B1108413A11086F3B1108BD
:100F6000493A1108633B11085D3B1108ED3B11083C
:100F7000DD3B11080000000000000000398C110862
:100F8000118C1108553C1108198C1108733C11087B
:100F9000933D1108413C1108973D1108453C11084B
:100FA0008B3D1108853D1108153E1108053E1108BD
:100FB0000000000000000000CF8C1108D98C11083F
:100FC000DD8C1108E74D1108EF4D1108F34D1108A4
:100FD000EB4D1108F74D1108FF4D1108034E110894
:100FE000FB4D1108C3461108074E11080000000010
:100FF00000000000278D1108238D1108C14F110832
:10100000C74F11080D5111089B501108CD4F110801
:10101000FD4F1108C980110813511108000000008C
:10102000000000009D681108B1681108C56811082A
:10103000DD68110825711108F97011080000000021
:1010400000000000D3731108D7731108DB73110877
:10105000DF7311084B681108E373110800000000EA
:1010600000000000EB731108E973110833801108C8
:10107000ED7311080000000000000000FB8D110856
:10108000018E1108098E1108497411087574110830
:101090008774110863741108A7741108BD741108CE
:1010A000D9741108AB741108F3761108C9761108C8
:1010B00000000000000000000F8E11084F8E110884
:1010C00035801108138E11089B8011086B80110860
:1010D0000000000000000000578E1108538E110818
:1010E000CB801108CD801108D5801108D38011085C
:1010F000CF801108D1801108C9801108D78011084C
:1011000000000102020303047C091208020000002F
:1011100002000000040000000800000010000000B1
:10112000FDFFFFFFFBFFFFFFF7FFFFFFEFFFFFFFED
:10113000FFFDFFFFFFFBFFFFFFF7FFFFFFEFFFFFDD
:101140000001020304050607080C101418203040A3
:101150000000000000000000000000006F12833A51
:101160006F12033BA69B443B6F12833B0AD7A33B02
:10117000A69BC43B4260E53B6F12033CBC74133C2E
:101180000AD7233C5839343CA69B443CF4FD543CDC
:101190004260653C8FC2753C0000803F0000803F8C
:1011A0000000803F0000803F0000803F0000803F43
:1011B0000000803F0000803F0000803F0000803F33
:1011C0000000803F0000803F0000803F0000803F23
:1011D0000000803F0000803FABAA2A3FABAAAABE16
:1011E000ABAAAABEABAA2A3FABAAAABEABAAAABE0A
:1011F00000010000010100000100010100000000E9
:101200001DA611081DA511086C656E6774685F65E1
:1012100072726F7220776173207468726F776E20BC
:10122000696E202D666E6F2D657863657074696FC9
:101230006E73206D6F64652077697468206D6573C7
:1012400073616765202225732200766563746F726F
:1012500000656D626F743A3A6170703A3A6574680D
:101260003A3A6963633A3A7468654943437365720D
:10127000766963653A3A496D706C3A3A696E697499
:1012800069616C69736528293A2074686520525831
:10129000206C74722063616E6E6F7420686F6C6472
:1012A0002074686520436F6E6669673A3A6D6178AD
:1012B000636170616369747900656D626F743A3A55
:1012C0006170703A3A6574683A3A6963633A3A749D
:1012D0006865494343736572766963653A3A496D57
:1012E000706C3A3A696E697469616C697365282932
:1012F0003A20746865205458206C74722063616EC3
:101300006E6F7420686F6C642074686520436F6E24
:101310006669673A3A6D617863617061636974798F
:10132000006E6F6E6500666174616C206572726F2D
:101330007220696E2053544D33322048414C006670
:101340006174616C206572726F7220696E205354F3
:101350004D33322048414C3A20205F5F646973610D
:10136000626C655F697271282920616E6420656E08
:10137000746572696E6720696E66696E697465204E
:101380006C6F6F70006F75745F6F665F72616E6710
:101390006520776173207468726F776E20696E20A4
:1013A0002D666E6F2D657863657074696F6E73203E
:1013B0006D6F64652077697468206D65737361670C
:1013C0006520222573220062617369635F73747202
:1013D000696E67005F5F6378615F67756172645F04
:1013E00061637175697265206465746563746564B1
:1013F0002072656375727369766520696E697469B8
:10140000616C697A6174696F6E3A20646F20796FDC
:1014100075206861766520612066756E6374696FFA
:101420006E2D6C6F63616C207374617469632076D8
:1014300061726961626C652077686F736520696E9F
:10144000697469616C697A6174696F6E2064657032
:10145000656E6473206F6E20746861742066756EAB
:101460006374696F6E3F0000C01512080000001021
:10147000E0070000FC021008A0161208E0070010A8
:10148000703B02005C0310081001000043000000E4
:10149000F8FFFFFF00404040404040404040414195
:1014A0004141414040404040404040404040404039
:1014B00040404040400502020202020202020202D3
:1014C00002020202022020202020202020202002D0
:1014D0000202020202029090909090901010101060
:1014E00010101010101010101010101010101010FC
:1014F0000202020202028888888888880808080890
:10150000080808080808080808080808080808085B
:101510000202020240000000000000000000000083
:1015200000000000000000000000000000000000BB
:1015300000000000000000000000000000000000AB
:10154000000000000000000000000000000000009B
:10155000000000000000000000000000000000008B
:10156000000000000000000000000000000000007B
:10157000000000000000000000000000000000006B
:10158000000000000000000000000000000000005B
:1015900000000000000000001C00000043000000EC
:1015A000F8FFFFFF0C0000000E0000000F0000001D
:1015B0002E000000CDA8FEFFF7A8FEFF00000000EF
:1015C00001320A1001120910130149295B09595F00
:1015D00001763C90D00304200C401C473333B33ECB
:1015E0003333333F13803F627DE204224063FA438A
:1015F000C32041D2054BA0C1044183C842320A0234
:1016000028024201021B0717C0413333CF411B8020
:101610008790138041246047443AF0941C610B3654
:101620001434B43B030326080809262801940A3D14
:101630001F0809FDBC118B5D7404011802210149CA
:10164000220B14E8032C09FD18096318E7E803E4EA
:101650000C5046CBA08626096E10017C73E803E38C
:101660000408E910B1321F2D3D811108C61515334C
:10167000030323030C22026DE9C7B035DA900C1D79
:10168000A611081DA51108FE070715E6470DA214AF
:101690001C02581A0C040117000000000000000092
:040000050810029944
:00000001FF
