:020000040802F0
:10000000D887001091050208635102084D3F02088D
:100010004B5102082F3F02086F51020800000000F8
:100020000000000000000000000000004904020879
:10003000473F0208000000000105020865050208AC
:10004000AB050208AB050208AB050208AB050208C8
:10005000AB050208AB050208AB050208AB050208B8
:10006000AB050208AB050208AB050208AB050208A8
:10007000AB050208AB050208AB050208AB05020898
:10008000AB050208AB05020881180508D11A05085E
:10009000C51A0508AB050208CB1A0508AB0502080E
:1000A000652C0508AB050208B12C0508AB05020854
:1000B000AB050208AB050208AB050208AB05020858
:1000C000AB050208AB050208AB050208BD28050810
:1000D000C3280508AB050208AB050208AB050208FA
:1000E0005923050869510208AB050208AB0502084F
:1000F000AB050208292D0508AB050208AB0502086F
:10010000AB050208AB050208AB050208C9280508C3
:10011000AB050208AB050208D92C0508012D05081E
:10012000AB050208AB050208AB050208AB050208E7
:10013000AB050208F1210508AB050208E31A050822
:10014000D71A0508AB050208DD1A0508AB05020839
:10015000AB050208AB050208AB050208AB050208B7
:10016000AB050208AB050208AB050208AB050208A7
:10017000AB050208AB050208AB050208AB05020897
:10018000AB050208AB05020800F002F800F018F910
:1001900014A696E8000CB244B344DA4501D100F04D
:1001A0000FF9BAE80F000FA696E83000A5EB04059A
:1001B00004EB0607AAEB0704A7F101074FEA1515A0
:1001C0004FEA3414A4F10104AC4201D300F0F8F872
:1001D00013F0010F18BFFB1A43F0010300F001F800
:1001E000DBE7184794C30400C4C30400704710B58C
:1001F000002003F0BBF803F04DF810BD14F090BBE5
:10020000020203DCEA677139000002080000060000
:1002100000000020C0FF01000000000000000000FE
:100220000761454D533030616C6C000000000000E8
:1002300001000100010000004558540000000000CA
:100240004A756E20313820323032362031363A331A
:10025000313A3439000000000000000000000000C6
:10026000000000000000000000000000000000008E
:10027000000000000000000000000000000000007E
:100280000A444FF0000C10F8013B13F0070408BFBC
:1002900010F8014B1D1108BF10F8015B641E05D05A
:1002A00010F8016B641E01F8016BF9D113F0080F0F
:1002B0001EBF10F8014BAD1C0C1B09D16D1E58BFA1
:1002C00001F801CBFAD505E014F8016B01F8016BD8
:1002D0006D1EF9D59142D6D370470000002300244B
:1002E00000250026103A28BF78C1FBD8520728BF46
:1002F00030C148BF0B6070476E2902F03C84702902
:1003000001F06183662901F034A4652901F031A46C
:10031000672901F02EA4612901F02DA403681B0AAE
:1003200028BF41F08001692901F09482642901F01D
:100330009182752901F08E826F2902F0F18478296B
:1003400001F02D83E92901F0C182E42901F0BE8288
:10035000F52901F0BB82EF2902F0EE84F82901F0C3
:100360002C830368DB0928BF41F08001632902F078
:100370001C83732902F02183E32903F0EB81F32925
:1003800003F0F081002070471FB541F09CFB9DE811
:10039000030001F032FF02F097FB0400002000216F
:1003A00040F004FD401C60600020002140F0E8FCAB
:1003B000E06003F00DF802F0F5FE01F0EBFE1FBD6A
:1003C00003F01BF81146FFF7DFFF2BF0BDF803F039
:1003D000F1FA03B4FFF70BFF03BC02F067FB000068
:1003E00080F309887047EFF309807047684680F30F
:1003F000098804480078C00714BF0220032080F356
:100400001488704700040010DFF818C0EFF305836C
:100410001B0618BF6047EFF31483DB0708BF604774
:1004200000DF70475DD60508DFF818C0EFF30583DD
:100430001B0618BF6047EFF31483DB0708BF604754
:1004400000DF7047D5D60508EFF30980816911F800
:10045000021CE1BB90E80F1010B5E047BDE810406A
:10046000EFF3098C8CE80700214B93E806009142DA
:1004700008BF704741B91EF0100F16D11D4908681A
:1004800020F00100086010E01EF0100F06BF2CEDF8
:10049000108A0120002081F838002CE9F00FC1F803
:1004A0003CC00CB43EF0FEFD0CBC1A60D2F83CC05F
:1004B000BCE8F00F92F8380000280EBF6FF0020E73
:1004C0006FF0120EBCEC108A8CF30988704710B5DF
:1004D000094A1268914209D8084C54F8214090E822
:1004E0000F10A047EFF3098C8CE80F0010BD00003F
:1004F0007403001034EF00E0C0170508C0170508AA
:1005000010B53EF0C9FCBDE81040154B93E806005D
:10051000914208BF7047EFF3098C1EF0100F06BF21
:100520002CED108A0120002081F838002CE9F00F12
:10053000C1F83CC00CB43EF0B5FD0CBC1A60D2F85A
:100540003CC0BCE8F00F92F8380000280EBF6FF0F6
:10055000020E6FF0120EBCEC108A8CF30988704703
:100560007403001010B53EF0C1FDCCE710B53BF0B0
:1005700031FE3EF0BBFDC6E700487047003000008A
:100580000048704700FC0100401EFDD1704700008C
:100590000948804709480047FEE7FEE7FEE7FEE717
:1005A000FEE7FEE7FEE7FEE7FEE7FEE70448054953
:1005B000054A064B70470000BD2B0508890102085B
:1005C00000000020D887001000FC0120D857001040
:1005D000F7B514466E46002914BF0125002588484A
:1005E0000078E8B100F07AFA2946304633F0DAFABA
:1005F000C5B2012C0DD183480099834CC0F8261058
:10060000014620684022001D01F030FC206800F007
:1006100040FE00F06DFA012D02BF002003B0F0BDD6
:100620004FF0FF3003B0F0BD38B56C4600900029A4
:1006300014BF012500257248007860B100F04EFA21
:100640002946204633F0AEFAC4B200F051FA012C2C
:1006500004BF002038BD4FF0FF3038BD2DE9F3470F
:1006600067480D46E94600784FF0FF37F0B1674E16
:100670003088D8B100F032FA30880024002888BFD2
:10068000DFF88C810FD900BFC4EBC40008EB400039
:10069000042249460A3001F09EFB60B1601CC4B2DE
:1006A00030888442F0D300F023FA11E002B04FF01A
:1006B000FF30BDE8F087C4EBC40008EB4000041D28
:1006C00000F016FA00271DB120682860A088A880D5
:1006D00002B03846BDE8F0872DE9F1434848E846C6
:1006E0004FF0FF360078E8B1484D2888D0B100F0CF
:1006F000F5F928880024002888BF454F0FD900BF8E
:10070000C4EBC40007EB4000042241460A3001F06C
:1007100062FB58B1601CC4B228888442F0D300F058
:10072000E7F919E04FF0FF30BDE8F883C4EBC400EF
:1007300007EB4000041D00F0DBF906223549204696
:1007400001F049FB58B106223349204601F043FB32
:10075000002818BF002602D03046BDE8F8834FF0CD
:10076000FF36F9E7002070470020704710B5254C90
:10077000FF21204632F0FEFD28484FF4C1634FF0C0
:10078000080C0169C4F80610828A6281A3814FF4C3
:100790008073E381A4F810C04FF0060C84F812C0F7
:1007A0004FF0040C84F813C0A382C4F816106283BF
:1007B0008069E06104F1200032F0CFFD0020C4F830
:1007C0002600C4F82A00C4F82E00C4F83200C4F889
:1007D00036000D4AC4F83A00E08704F14001116088
:1007E0002A220A80488010BD90F82010202984BF5A
:1007F0004FF0FF30704710B500F0F5FC002010BD41
:1008000008020010E821001000020010460300104A
:10081000442500107A1B0608801B06087022001071
:10082000B84A126F02B11047FEE770B50C46B8B176
:100830000546FFF797FF0646284600F091FC064460
:10084000284600F029FA0644284600F06CFA0644CF
:10085000284600F067FC3044002C18BF206070BDB3
:10086000E120A84AA8A1126F12B19047002070BDE4
:10087000FEE710B5A34C606F002808BF10BD80478D
:100880000028AB49086018BF10BDE020226FA9A165
:1008900012B1BDE810401047FEE770B5A44D416F9E
:1008A00081B1816F974C00291FBFC16F0029D0F81B
:1008B000800000280DD0606F002818D08047286085
:1008C00080B114E000218167C167C0F88010296001
:1008D0000DE0226FE320A7A11AB190474FF0FF303F
:1008E00070BDFEE7226FE02092A112B19047002078
:1008F00070BDFEE710B5D821824801F0DFFB8C49BE
:100900000020086010BD2DE9F0417E4C88460500AE
:1009100007D02A6F2267287850B1E420A0A132B115
:100920002EE0226FE120ABA1002A29D1FEE7FEE7ED
:10093000B1480078012804D02846FFF755FF20B1C0
:100940001AE0E020ADA1DAB9FEE7D8216D4801F048
:10095000B5FB774F002628463E6000F01FFC58B9D3
:10096000284600F09FF938B9284600F0E2F918B996
:10097000284600F0DDFB40B1AA49226FE3205AB1BE
:1009800090474FF0FF30BDE8F08141462846FFF721
:10099000EBFE002875D100E0FEE72846FFF7E2FEF7
:1009A00020F0030080444146284600F0DBFB00288D
:1009B00067D1284600F0D4FB20F003008044414674
:1009C000284600F06BF900285BD1284600F064F956
:1009D00020F0030080444146284600F0A6F9002894
:1009E0004FD1284600F09FF920F0030000EB0801EA
:1009F000284600F099FB002843D1284600F092FBDE
:100A0000D82229463F4801F0B8FA3E4D2846FFF764
:100A1000ADFE002835D1686F60B1A96F00291FBFF6
:100A2000E96F0029D5F88010002909D08047386087
:100A300068B111E0AE67EE67C5F880603E600BE01C
:100A4000226FE3204BA10AB190471AE0FEE7226F24
:100A5000E02038A12AB19047284600F085FB80B9F4
:100A600000E0FEE7284600F01BF950B9284600F0E8
:100A70005EF930B9284600F059FB002808BFBDE8F0
:100A8000F0814FF0FF30BDE8F08170B504000D46F5
:100A900016D0FFF767FE0646204600F061FB0644CD
:100AA000204600F0F9F80644204600F03CF90644E0
:100AB000204600F037FB3044002D18BF286070BD81
:100AC000E120104A10A1126F12B19047002070BDB2
:100AD000FEE718E7002070470020704714480068C0
:100AE000002808BF7047074AD2F88010926F10475D
:100AF0000F480068002808BF70470249C96F0847BF
:100B000000687047702200106970616C5F626173E9
:100B1000655F6D656D6F72795F67657473697A651E
:100B20002829206E65656473206120636667000074
:100B3000040200106970616C5F626173655F6869CF
:100B4000645F7468726561647361666574795F6916
:100B50006E697428293A2063616E6E6F7420616C2F
:100B60006C6F6361746520746865206D7574657859
:100B7000000000006970616C5F626173655F696E9F
:100B8000697469616C6973652829206E6565647391
:100B9000206F73616C2066756E6374696F6E73008D
:100BA0006970616C5F626173655F696E69746961C8
:100BB0006C69736528293A20756E737570706F7251
:100BC000746564207463702F697020737461636B43
:100BD000000000006970616C5F626173655F696E3F
:100BE000697469616C69736528293A206D6973734A
:100BF000696E672063666700080200106970616CA7
:100C00005F626173655F696E697469616C69736560
:100C100028293A20616C726561647920737461726D
:100C200074656400C825060831B524486C46007810
:100C300038B1234890F82C0018B19DF80000EF2837
:100C400002D04FF0FF3038BDFFF748FF204639F0A3
:100C5000D1FD002814BF00244FF0FF34FFF748FFF8
:100C6000204638BD31B515486C46007888B1144827
:100C700090F82C0068B1FFF731FF204639F0E2FD13
:100C800000280CBF4FF0FF340024FFF731FF20464F
:100C900038BD4FF0FF3038BD00207047002070474E
:100CA0000020704790F82D10062984BF4FF0FF30C8
:100CB000704710B500F019FB002010BD08020010AD
:100CC00070220010224810B5406848B121480178D0
:100CD00001290CD0012101703AF068F8002010BD04
:100CE0001DA1E120FFF79CFD4FF0FF3010BD24A1B6
:100CF000E020FFF795FD4FF0FF3010BD10B5FFF776
:100D0000EDFE3AF06FFABDE81040FFF7F1BE10B506
:100D1000FFF7E4FE3FF010FFBDE81040FFF7E8BE2C
:100D20000B48406870470020704700207047002043
:100D300070470189B1F5C05F84BF4FF0FF30704745
:100D400010B50021034A117000F027FB002010BDF0
:100D500070220010080200106970616C5F73797373
:100D60005F737461727428293A206D697373696EB8
:100D70006720636F6E66696775726174696F6E0074
:100D80006970616C5F7379735F7374617274282921
:100D90003A2063616E6E6F742073746172742061A7
:100DA0006761696E0000000008B1062801D90020C3
:100DB0007047F0B515460A46E64900EB400085B09D
:100DC00001EBC000A0F1180450F8080C0A9F1E4661
:100DD00098B11046FFF794FE0346E06820B19842B0
:100DE00004BF2089A84208D10396ADF80870009589
:100DF000D4E904C002AA2146E04705B00020F0BDB6
:100E00004107090EC0F3C00241EA0211C0F300120B
:100E100010B541EAC201C0F3401041EA8004CE4857
:100E20000078002808BF10BDFFF758FECB4A01210B
:100E300020463FF0A5FEC0B1C64900EB400201EBE1
:100E4000C20404F8180C002024F8160C44F8140C02
:100E500024F8100C44F80C0C44F8080C44F8040C6A
:100E6000FFF746FEA4F1180010BDFFF741FE002079
:100E700010BD70B504001CBF2078002821D0FFF7FA
:100E80002DFE6088002518B120783FF05BFE65805C
:100E900020783FF0D7FE06462078AE4900EB4000B0
:100EA00001EBC00000F8185C257065806560258145
:100EB000E56025616561FFF71BFE002E1CBF002069
:100EC00070BD4FF0FF3070BD70B515460E46040082
:100ED0001DBF20780028002D4FF0FF3008BF70BDE7
:100EE000FFF7FCFD608820B120783FF02BFE00204A
:100EF00060809849002000BF00EB400201EBC20275
:100F00005288AA4210D0401CC0B20628F4D32078E0
:100F100029463FF059FE10F0FF0F05D0658066604E
:100F2000FFF7E6FD002070BDFFF7E2FD4FF0FF3058
:100F300070BD2DE9F04790460F46040019BF207898
:100F400000284FF0FF30BDE8F087FFF7C7FD60884D
:100F500050BB207800264546002818BF002D2DD014
:100F6000FFF7BCFD60884FF0000920B120783FF00A
:100F7000E9FDA4F802907749002000BF00EB400291
:100F800001EBC2025288AA4216D0401CC0B2062809
:100F9000F4D3207829463FF017FE10F0FF0F0BD056
:100FA00065806660FFF7A4FDA4F80880E760FFF79E
:100FB0009FFD0020BDE8F087FFF79AFDFFF798FD41
:100FC0004FF0FF30BDE8F08710B5040019BF20785E
:100FD00000284FF0FF3010BDFFF780FD002020817A
:100FE000E060FFF785FD002010BD2DE9FF4182B0D4
:100FF00098460C46050004AF1CBF2878002828D06E
:101000006888002818BF002C23D0606800281CBF07
:10101000208800281DD0FFF761FD20883FF0A8FD43
:1010200006001BD02288616800F020FF2088009015
:1010300028783346424639463FF01CFE00280CBF54
:101040004FF0FF340024FFF753FD06B02046BDE803
:10105000F08106B04FF0FF30BDE8F081FFF748FDAA
:1010600006B04FF0FF30BDE8F0812DE9F04383B0CA
:101070000C4605001CBF688800283CD0E8680028A2
:101080001CBF2889002836D0FFF728FDE8680190AA
:101090002878B5F808900DF104084FF0FF360028C5
:1010A0001CBF6888002820D0002C1FBF6068002863
:1010B0002088002819D0FFF711FD20883FF058FD47
:1010C000070010D02288616800F0D0FE20880090D0
:1010D00028783B464A4641463FF0CCFD00280CBFED
:1010E0004FF0FF360026FFF703FDFFF701FD03B0C9
:1010F0003046BDE8F08303B04FF0FF30BDE8F08329
:10110000002812BF00294FF0FF30704770B5164617
:101110000D460446FFF7E2FCC4E90456FFF7E8FC7D
:10112000002070BD002070470020704700207047ED
:1011300010B5044690F83000062884BF4FF0FF3009
:1011400010BD9021034800F0B9FF204600F08AF955
:10115000002010BD4823001008020010A90D02084D
:10116000002070470020704710B5D0F88C1000297F
:101170001CBFD0F89010002908D0D0F89410002996
:101180001FBFD0F898000028002010BD06A14FF026
:10119000E100FFF745FB4FF0FF3010BD10B500F048
:1011A00095F8002010BD00006970616C5F6574687F
:1011B0005F6869645F696E697428293A206D697394
:1011C00073696E67206574682066756E6374696FF5
:1011D0006E730000A94890F82200012818BF7047DC
:1011E000002032F001BE10B504464FF4E071A4486F
:1011F00000F064FFA34894F82010C180A249626AFD
:10120000B2FBF1F2028194F821200270A26AB2FBD3
:10121000F1F14170002010BD9848D0F89C000028E2
:1012200008BF7047004700291CBF0020704732F0FC
:1012300039BE10B5954A84B09069D2E90812CDE95B
:1012400002128E4A0090907A8DF80000904801902A
:10125000904890F803C0818883784FEA0C6441EA93
:101260001C214FEA134C44EA034341EA0C0490F872
:1012700001C0007843EA0C2344EA1C611843CDE91D
:101280000201D2F88C10684688477E49487104B044
:1012900010BD7A49D1F89810084710B5774CD4F8AA
:1012A00090008047D4F88800002808BF10BDBDE832
:1012B0001040004710B5714CD4F88400002818BFC6
:1012C0008047D4F89400BDE8104000476D4902699A
:1012D0004A61808A088300207047684991F82C1081
:1012E000012918BF70473CF0C7B8654A0021664B1A
:1012F000C2F8C011C2F8C411C2F8C811C2F8CC11AA
:10130000C2F8D011C2F8D411C2F8D811C2F8DC1159
:10131000C2F8E01142685B49B3FBF2F290F82D008D
:10132000488192B24CF6CD405043800C887000202A
:101330007047062806D2584901EB4011F030C0B280
:10134000FFF76EBA55A1E020FFF76ABA10B539F081
:101350005DFD4A4C94F82C00012808BF39F068FD67
:1013600094F82F00012808BF39F08AFD94F8220074
:10137000012818BF10BD0020BDE8104032F034BD78
:1013800010B53DF037FF3D4890F82C00012818BFFC
:1013900010BDBDE810403DF085BF2DE9F041384D4E
:1013A00000260446C5F8E461C5F8E861C5F8EC61BB
:1013B000C5F8F061C5F8F461C5F8F861C5F8FC61DD
:1013C000C5F80062C5F80462C5F80862C5F80C6289
:1013D000C5F81062C5F81462C5F818624FF4C05120
:1013E00005F50870C5F81C6200F068FE05F5C057E9
:1013F000C022C7F82862C7F82C62A169C5F8E411B9
:10140000E169C5F8EC1105F5F271A8230A734B7375
:101410008E734FF0FE0C81F80FC00A744B748E74FB
:1014200081F813C00A714B71184A8E7181F807C098
:10143000D2E90012C7E9881212480121124AC1708C
:10144000218901616168B2FBF1F18181C6810020CF
:10145000BDE8F081094991F82F10012918BF7047A4
:101460003CF04AB810B504464821124800F026FE68
:10147000044894F830100171002010BD7022001053
:10148000442500104003001040420F00A81D06082C
:10149000B01D060854030010D01D0608756E6B6E53
:1014A0006F776E2073797374656D206572726F72D9
:1014B00000000000743F0010004870470042001018
:1014C00070B5A0FB01400021D4F1FF3271EB0000A8
:1014D0003CBF002070BD204600F007FF05001CBF88
:1014E000214600F0C9FD284670BD70B516460D4670
:1014F000041F002808BF70BD002E1CBF05F10800A6
:10150000AFF300802B465868002818BFA04238BFB0
:101510000346F8D31968CA18A24218BF5C6003D109
:1015200022681C461144196021680A19824218BFBA
:10153000606004D142686260006808442060002E48
:101540001CBF05F10800AFF3008070BD10B5044664
:1015500000F036FE01682046BDE810400122C4E7D5
:101560000844401E491E884370470821001DF7E7C4
:101570002DE9F0410F468046041F00F021FE066869
:1015800007B3B8F1000F384622D0FFF7EEFFB8429C
:1015900005463CBF0020BDE8F08106F10800AFF32E
:1015A00000802268AA4238BF314615D3511B082952
:1015B00031D36019002240F8041B31462560FFF743
:1015C00094FF28E04046FFF7C1FF0020BDE8F0810E
:1015D000BDE8F04100F089BE4868002818BFA0426D
:1015E00038BF0146F8D3131983421BD103681A444C
:1015F000954217D8531B082B0AD3436862195360CE
:10160000236800681844401B106025604A6002E0AF
:1016100022604068486006F10800AFF30080201D9A
:10162000BDE8F08100223146384600F01DFE05007D
:101630000AD041462068021F284600F09EFC002286
:101640003146201DFFF751FF06F10800AFF300807F
:101650002846BDE8F08153EA020C00F069802DE9CC
:10166000F04B4FF00006002B1FBFB3FA83F503FACF
:1016700005F424FA05F65E4012BF1643B2FA82F56D
:1016800002FA05F4C5F120051EBF22FA05FC44EA62
:101690000C04203556EA044C4FEA144418BF641C6D
:1016A0004FF000084FF00009904271EB030C39D362
:1016B000002919BFB1FA81F701FA07F6B0FA80F7ED
:1016C00000FA07F6C7F120071EBF20FA07FC46EA1A
:1016D0000C062037B6FBF4FCA7EB0507103F07F01C
:1016E0001F0BCBF120062CFA06F60CFA0BFB44BFBD
:1016F000B3460026202FA4BF5E464FF0000B5BEAE6
:10170000060C08BF4FF0010B19EB0B0948EB06085C
:10171000ABFB027C06FB02CC0BFB03CCC01B71EBCA
:101720000C01C1E70B46024641464846BDE8F08B36
:1017300013B5084318BF4FF0FF300146AFF30080E8
:10174000BDE81C40704700000FB41CB5084B06AA4A
:101750007B4469460090059801F0FDF8044600209E
:10176000694601F00BF920461CBC5DF814FB000033
:10177000291200000FB41CB50C0007AA009007D076
:101780004142A14202D32044401E01E04FF0FF300D
:10179000074B7B4469460190069801F0DCF8002174
:1017A000002C01D0009A11701CBC5DF814FB0000E5
:1017B000F111000070B5044685690068C10601D5C5
:1017C000302600E02026C00707D070BDD4E90121F3
:1017D00030469047206A401C20626D1EF6D570BDD1
:1017E00070B5044685690078C00707D170BDD4E99B
:1017F000012120209047206A401C20626D1EF6D5F2
:1018000070BD70B50C460546012A05D028788006C3
:1018100000D5EA69002302E0012305E05B1C934246
:1018200002D2E05C0028F9D1A869E618C01AA861C4
:10183000286A184428622846FFF7BCFF04E0D5E96F
:10184000012114F8010B9047B442F8D32846FFF762
:10185000C7FF70BD2DE9F0410646002410687529C8
:10186000314616A510D001F074F9002802DA404282
:1018700013A507E031688A0701D512A502E04907E0
:1018800004D511A5012401E001F06CF900210A2220
:1018900006F1240709E0B0FBF2FCB0FBF2F302FB17
:1018A0001C00303078541846491C0028F3D12346D8
:1018B0002A463046BDE8F04100F0E0BD00000000DF
:1018C0002D0000002B000000200000002DE9F04159
:1018D0008046D21D22F007020025D2E90002F52938
:1018E00015A614D0011E72F1000106DA0023D0EB18
:1018F000030063EB020211A608E0D8F800108B0782
:1019000001D50FA602E0490701D50EA60125114613
:10191000002408F1240704E000F05BFD30323A5562
:10192000641C50EA0102F7D12B463246214640465C
:10193000BDE8F04100F0A2BD000000002D00000055
:101940002B00000020000000F0B40D4601880905BE
:1019500002D5214C7C4402E01F4C7C440E34002113
:1019600000F1240608E002F00F071209E75D42EAE1
:1019700003721B097754491C52EA0307F3D102781A
:101980000023120704D5702D06D009B102231134AB
:101990002246F0BC00F072BD01231034F8E770B5A8
:1019A00004460D462146106801F0DCF8024629463F
:1019B0002046BDE870400023C6E7D21D22F0070391
:1019C000D3E90023C0E70368126843F020030360F3
:1019D0000823C3610023B7E70A0B04002DE9F05F79
:1019E000894604464FF0000ADFF874B1FB44C0F8A2
:1019F00020A02046E1688847002874D0252806D01A
:101A0000D4E901219047206A401C2062F1E70026BA
:101A10005F462046E16888472028054607DB312DD0
:101A200005D2781910F8200C08B10643F1E7B00789
:101A300001D526F00406C4F81CA00027C4F818A09D
:101A40002A2D09D0284631F02FFF38B304EB870840
:101A5000303DC8F8185019E059F8041B204604EB33
:101A600087029161E1688847012F054618D1E06936
:101A7000002820DA26F020061DE0D8F8180000EB38
:101A8000800005EB40003038C8F818002046E168B7
:101A90008847054631F008FF0028EED1012F0AD013
:101AA0002E2D08D12046E16888477F1C0546022F6D
:101AB00046F02006C4DBA069002803DA404246F065
:101AC0000106A061F00701D026F010066C2D0BD0A6
:101AD000682D09D04C2D39D06A2D35D0742D35D0D4
:101AE0007A2D33D016E038E0E1682F46204688474B
:101AF000B842054609D16C2F26D04FF48060E168CA
:101B0000064320468847054604E06C2F1AD04FF460
:101B1000807006430DB3A5F14100192802D8203585
:101B200046F400664A462946204626604E46FEF7A1
:101B3000E3FB80B101280BD0F61D26F0070000F171
:101B4000080956E74020E4E78020D8E70020D6E7E0
:101B500006F104094DE7284652E7206ABDE8F09FE8
:101B60009A0A04000FB400B58DB010A90990009135
:101B70000B904FF0FF300A9000200C9006487844FC
:101B80000690064878446A4607900F9909A800F025
:101B90002DFF0DB05DF814FB8B0E0000A30E0000AE
:101BA0002DE9FF5F1D464FF0FF3B91464FF00008C7
:101BB0005F46D5E90146A96901987F1C8847296AD3
:101BC000824688470028F6D1BAF1FF3F0CD0002E9C
:101BD00024F4C06419DD600614D5BAF12B0F09D0C6
:101BE000BAF12D0F0ED103E0584604B0BDE8F09FC6
:101BF00044F48064A96901987F1C8847761E824658
:101C0000002E02DDBAF1300F03D0B9F1000F26D05B
:101C100032E0A969761E01987F1C44F4007488475D
:101C2000002E824605DDBAF1780F06D0BAF1580FC2
:101C300003D0B9F1000F10D01EE0B9F1000F02D0AF
:101C4000B9F1100F18D1A969761E01987F1C24F4F0
:101C5000007488478246102002E0082000E00A2035
:101C6000814609E0A96908FB0908761E01987F1CD6
:101C700044F4007488478246002E05DD49465046EC
:101C800000F09FFE0028EDDAE96901988847A00579
:101C900002D46FF00100A8E7E00725D1600613D554
:101CA000600502D5C8F1000000E0404629680A1D21
:101CB0002A600968220501D5087015E0220701D5C0
:101CC000088011E008600FE02868011D29600068A5
:101CD000210502D580F8008006E0210702D5A0F892
:101CE000008001E0C0F8008038467EE72DE9FF5F04
:101CF0004FF000089946144646469169D2E901A77B
:101D0000DDF838B001988847054659EA0B0005D040
:101D100009E0A1690198761C88470546216A284692
:101D200088470028F5D1681C03D05FEACA7005D047
:101D300015E04FF0FF3004B0BDE8F09F2068011DB2
:101D40002160D0F800800AE05FEACA7001D108F88B
:101D5000015BA169761C01987F1E88470546002F0C
:101D60001ADD681C18D0B9F1000F0DD0E81705EB8B
:101D7000D060421120F01F0059F822102A1A0120C9
:101D800090400142E0D107E0BBF1000FDCD12846D2
:101D9000216A88470028D7D0E16901988847BBF1BC
:101DA000000F07D1002E05DD5FEACA7002D10021C5
:101DB00088F80010A068B84203DDBBF1000F03D023
:101DC00017B16FF00100B6E73046B4E70B460146A5
:101DD000184600F047BE40EA010310B59B070FD13B
:101DE000042A0DD310C808C9121F9C42F8D020BA8B
:101DF00019BA884201D9012010BD4FF0FF3010BD43
:101E00001AB1D30703D0521C07E0002010BD10F810
:101E1000013B11F8014B1B1B07D110F8013B11F8D6
:101E2000014B1B1B01D1921EF1D1184610BD10B5FC
:101E3000431C02E010F8011B71B18107FAD14FF089
:101E4000013202C88C1A8C4314EAC211F9D0C01AAC
:101E50000A0603D0C01E10BDC01A10BD0A0401D06E
:101E6000801E10BD0902FCD0401E10BD032A40F2A6
:101E7000308010F0030C00F0158011F8013BBCF12C
:101E8000020F624498BF11F801CB00F8013B38BF44
:101E900011F8013BA2F1040298BF00F801CB38BF52
:101EA00000F8013B11F0030300F06780083AC0F02E
:101EB000088051F8043B083A51F804CBA0E8081018
:101EC000F5E7121D5CBF51F8043B40F8043BAFF34B
:101ED0000080D20724BF11F8013B11F801CB48BFA5
:101EE00011F8012B24BF00F8013B00F801CB48BFDB
:101EF00000F8012B7047431A28BF9A427FF6B6AF0D
:101F000010441144032A40F2268010F0030F1EBF34
:101F100011F8013D521E00F8013D10F0030F7FF44F
:101F2000F6AF11F0030300F06D80083AC0F00B80AB
:101F300051F8043D083A51F804CD40F8043D40F80A
:101F400004CDFFF7F3BF121D5CBF51F8043D40F80C
:101F5000043DAFF30080D20724BF11F8013D11F812
:101F600001CD48BF11F8012C24BF00F8013D00F855
:101F700001CD48BF00F8012C704710B5203AC0F0E1
:101F80000B80B1E81850A0E81850B1E81850A0E84C
:101F90001850203ABFF4F5AF5FEA027C24BFB1E8E5
:101FA0001850A0E8185044BF18C918C0BDE8104028
:101FB0005FEA827C24BF51F8043B40F8043B08BF31
:101FC0007047D20728BF31F8023B48BF11F8012BF8
:101FD00028BF20F8023B48BF00F8012B7047431A86
:101FE00028BF9A427FF6C9AF1044114410F0030F86
:101FF0001EBF11F8013D521E00F8013D10F0030F05
:102000007FF4F6AF103AC0F00A8010B531E91850ED
:1020100020E91850103ABFF4F9AFBDE8104053075B
:1020200024BF31E9081020E9081044BF51F8043DED
:1020300040F8043D12F0030F08BF7047D20728BFD5
:1020400031F8023D48BF11F8012C28BF20F8023DAD
:1020500048BF00F8012C704702F0FF0343EA032257
:1020600042EA024200F00AB802F0FF0343EA032208
:1020700042EA024200F024B84FF000020429C0F006
:10208000128010F0030C00F01B80CCF1040CBCF1AA
:10209000020F18BF00F8012BA8BF20F8022BA1EBFC
:1020A0000C0100F00DB85FEAC17C24BF00F8012BE1
:1020B00000F8012B48BF00F8012B70474FF00002D9
:1020C00000B5134694469646203922BFA0E80C502E
:1020D000A0E80C50B1F12001BFF4F7AF090728BF09
:1020E000A0E80C5048BF0CC05DF804EB890028BF85
:1020F00040F8042B08BF704748BF20F8022B11F0AE
:10210000804F18BF00F8012B70470000000000004E
:1021100030B44FF0013C50F8042B51F8043BCCFA9A
:1021200052F4D51A20D1FCB950F8042B51F8043BD5
:10213000CCFA52F4D51A17D1B4B950F8042B51F88F
:10214000043BCCFA52F4D51A0ED16CB950F8042BDA
:1021500051F8043BCCFA52F4D51A05D1002CDAD050
:1021600030BC4FF00000704729BAB1FA81F111F08C
:102170001801D1F120008440F2D1CA40CB4012F0C6
:10218000FF0213F0FF0330BCD01A7047704770474E
:102190007047000008487CB57844009007487844B0
:1021A000009C0546019004E02046016808448047F1
:1021B000241DAC42F8D17CBD38A5040036A504002E
:1021C00010B5FFF779F9083010BD704770477047B8
:1021D000704738B504460A4600206946AFF30080D0
:1021E000002808BF38BD02460099204600F086FC52
:1021F000012038BD012001F0F8B8F8B5AFF3008038
:10220000054600200C460C2000BF0646A819A04237
:102210000DD9324669460020AFF30080070008BFA1
:1022200001F0E3F80098A04218BF0546C419FFF773
:10223000C7FF05600746F01D20F007004619284635
:1022400000F04CFCB44208BFF8BDA21B3146386810
:10225000BDE8F84000F052BC0844401E491E8843C7
:1022600070470821001DF7E72DE9F04117460E469B
:102270000446FFF7F6FFA042054633D9002F1CBFE6
:1022800006F10800AFF3008030467468F4B12168AD
:10229000A94217D305F1080291423CBF6168416031
:1022A00007D3626861194A602268521B0A60416064
:1022B0002560002F1CBF06F10800AFF30080201D31
:1022C000BDE8F08120466468002CE0D12946304604
:1022D000FFF77FFF0028D7D1002F1CBF06F10800B1
:1022E000AFF300800020BDE8F08110B50446FFF791
:1022F00067FF01682046BDE810400122B4E70844AA
:10230000401E491E884370470821001DF7E72DE94C
:10231000F04791460C468046FFF752FF0668604240
:1023200034EA000001D1042C02D20520BDE8F08778
:10233000601E40F007074846FFF7E6FF48450546A0
:102340009CBF0620BDE8F08706F10800AFF30080CF
:1023500074683046002C2FD02368211D494207EABB
:102360000102934224D9991A8D4221D84AB12146BB
:1023700014440B689B1A23604B6863600A604160D9
:102380000846226805F108018A4205D36119521BEB
:102390000A602560416008466168416006F10800F6
:1023A000AFF30080241D0020C8F80040BDE8F0878E
:1023B00020466468002CCFD129463046FFF709FF3C
:1023C0000028C5D106F10800AFF300800620BDE863
:1023D000F08730B5B0F10A0271F100034FEA900EB8
:1023E0004EEA817EB0EB0E0061EB91014FEA101EC8
:1023F0004EEA017E10EB0E0041EB11114FEA102E58
:102400004EEA016E10EB0E0041EB11214FEA104E27
:102410004EEA014E10EB0E0041EB1141401841F124
:1024200000014FEAD00040EA41704FEAD1014FEA83
:10243000810444EA907410EB800544EB01046D19AB
:1024400044EB0404521BA3414FF0000348BF0A327F
:1024500000D530BD401C41F1000130BD10B5FDF785
:10246000CDFE006810BD10B50446FDF7C7FE046040
:1024700010BD0B460146184601F018BD2DE9F04786
:102480000D4699469246044600F1240801688806E4
:1024900004D5E06921F01001216000E00120A8428C
:1024A00001DD471B00E00027A1697A1902EB090052
:1024B000081AA0612078C00602D42046FFF77AF9F6
:1024C000002608E0D4E901211AF806009047206AA6
:1024D000401C761C20624E45F4DB2078C0060AD5ED
:1024E0002046FFF767F906E0D4E901213020904744
:1024F000206A401C2062381EA7F10107F4DC07E0C7
:10250000D4E9012118F805009047206A401C206298
:10251000281EA5F10105F3DC2046FFF761F92078BC
:10252000000602D50220BDE8F0870120FBE72DE977
:10253000FF4F0C461E464FF0FF378BB0D2E900012B
:10254000DDF860800A908A46C1F30A5505B93D4618
:10255000002108464FF00000BAF1000F00F44000DF
:1025600005DA00EB80004FF4400101EA50004FEA29
:102570009059B9F1010F00DDB9460A9850EA4A00B6
:102580000ED044F61050A5F2FF3545432F14B8F194
:10259000000F1ED07542291E1EDDC9F100021CE08D
:1025A000B8F1010F4FF0000001D0302103E0F243F9
:1025B00005E02154401CB042FBDB304600220021E4
:1025C00021540B99C1F80880C1E900200FB0BDE883
:1025D000F08FBD1B6D1CDEE74A4600DA694206A893
:1025E00000F06EFD06AB93E8070003AB83E807003D
:1025F00050460A992EF01CFD8DE80700A0F500500A
:102600001F3800900398002D0ADD42F21F014A4650
:102610000844002303A9039068462EF085FF09E0D3
:10262000A0F500504A461F38002303A903906846CE
:102630002EF08FFF8DE807000004000C03D04FF050
:10264000FF30410800E01046B8F1000F03D000222F
:10265000009215461EE0751E05D4FFF7BAFE303213
:1026600062556D1EF9D5B3460122084302D00022FF
:102670007F1C04E02078302801D100227F1E002A30
:10268000099784D01DE0112D07DAFFF7A2FE303242
:1026900062556D1C50EA0102F5D1084302D0009842
:1026A000C8B10EE00021681E05E0235C625C635443
:1026B0002254401E491C8142F7DBAB46A81B401E3A
:1026C0000990002004F80B000B98099AC0F80880C4
:1026D000C0E9002B7AE711264FF0000857E72DE9F3
:1026E000F04F88460446D21D22F0070191B0D1E98F
:1026F0000001CDE90A0130F045FE02460B98C00FFB
:1027000001D02D2007E02068810701D52B2002E0B1
:10271000202101EAC000032A099001D0072A05DB25
:1027200003464146204600F03BFA0BE12078800644
:1027300001D5E06900E00620B8F1650F814606D0BA
:10274000B8F1660F18D0B8F1670F70D131E00020F2
:10275000B9F1110F009001DB112301E009F1010330
:102760000AAA01A90CA8FFF7E2FEDDE90C70002619
:1027700009F10105834647E001204B4600904FF0E8
:1027800000470AAA01A90CA8FFF7D1FEDDE90DB0A8
:102790000C995D46002610B909F101000D18B9EB3E
:1027A000050003D4C0F1FF3609F10105A5EB0900CE
:1027B0002BE0B9F1010F01DA4FF001090020B9F166
:1027C000110F0090484601DD112300E003460AAADC
:1027D00001A90CA8FFF7ABFEDDE90C704D46002601
:1027E0008346207800070AD4AB4500DA5D4601A88D
:1027F000012D04DD411911F8011C302907D04F4586
:1028000002DA17F1040F04DA012082460FE06D1E90
:10281000EEE7002F02DCED1B3E4403E0781CA842EB
:1028200000DD7D1CB81B00F1010A4FF00047207845
:10283000000703D4AA4501DB4FF0FF3A0021B7F1AE
:10284000004F0DF143088DF8431024D002202B23B4
:10285000002F01DA7F422D230A21021EA0F1010080
:1028600000DC5FB197FBF1FC97FBF1F201FB1C7CF4
:1028700017460CF1300C08F801CDEEE7A8F1010085
:1028800003702188090501D5452100E06521A0F1EB
:10289000010800F8011C09980FA9A1EB0807FF1D0A
:1028A00000B10120411901EBEA70A1693844081A0E
:1028B000401EA0612078C00602D42046FEF77AFFB1
:1028C000099828B1D4E901219047206A401C206270
:1028D0002078C00622D52046FEF76CFF1EE0002EB1
:1028E00004DBB34502DD01A8805D00E03020D4E9BF
:1028F00001219047206A401C2062761CAAF1010049
:102900005FEA000A0AD100F0DFF8C0680168405CA5
:10291000D4E901219047206A401C2062281EA5F1BD
:102920000105DCDC07E0D4E9012118F8010B904730
:10293000206A401C2062381EA7F10107F3DC204604
:10294000FEF74EFF032011B041E6000001694A1C6A
:1029500002610878704700B58FB0CDE901310021E0
:10296000059105497944CDE9031011466846FFF702
:1029700035F80FB000BD0000E5FFFFFF0A6802F860
:10298000010B0A607047D1E900239A4202D2531C1E
:102990000B601070704710B5436913B1AFF300803E
:1029A00001E0FEF72EFF012010BD127800F1240196
:1029B0000A7000224A700122EDE711684FF0FF32E1
:1029C000E9E73A2800D2303820F02002412A01D32A
:1029D000A2F13700884201D34FF0FF30704700006A
:1029E000026811441378016018467047D1600549A8
:1029F0007944516104497944116200211161114601
:102A000000F0A4B9EDFFFFFF47010000426842B1AA
:102A1000016811F8013B23B1521EC0E900121846AB
:102A200070470121C160881E704742685AB1C3686F
:102A3000016843B983688B4205D0491E521CC0E926
:102A40000012002070474FF0FF30704710B5002093
:102A500000F0C4FCFDF7CBFBBDE81040012000F006
:102A600025B800002DE9F041074615460E46102016
:102A7000FFF73BFC040013D06760C4E90265094816
:102A8000AFF3008000F025F801682160064904607A
:102A9000002008600348AFF300800020BDE8F0810B
:102AA0000120FBE70C050010080500100149182063
:102AB000ABBEFEE72600020010B500F005F8001DD1
:102AC00010BD00BFE9E2030010B5FEF7F5FC2030B1
:102AD00010BD10B5FEF7F0FC383010BD002140F8F5
:102AE000041B40F8041B11F026BF0C207047801A0D
:102AF0000844401E491E88431044704770B5144670
:102B000005468C464368002B18BF634538BF1846FE
:102B1000F8D302681044604508D066466046042237
:102B20000821FFF7E4FF811B8446641A2946CCF88C
:102B30000040BDE8704000220CF10400FEF7D5BC57
:102B400010B50446FFF7B8FF0068005D00F0010013
:102B500010BD09684A0501D540B27047C905FCD5CA
:102B600000B2704709684A0501D5C0B27047C9056F
:102B7000FCD580B2704711680268006A530501D520
:102B800008700AE0D30501D5088006E0130603D5D6
:102B9000C217C1E9000200E0086001207047000090
:102BA0002DE9F0411F46044603260168072A01F477
:102BB000006004DB08B116A505E016A503E008B126
:102BC00015A500E015A521F010002060A069C01E29
:102BD000A0610FB1401EA0612046FEF7EBFD4FB192
:102BE000D4E9012138469047206A401C2062C01C6D
:102BF000206206E0206AFAE7D4E9012115F8010B0A
:102C00009047761EF8D22046FEF7EAFDBDE8F08137
:102C10004E414E006E616E00494E4600696E660080
:102C20002DE9FF5F15468A460446DFF8AC80F8447C
:102C30000027D8E900103E46CDE9001010E03AF830
:102C400016106A4602A800F091FE411C07D02178B8
:102C5000890603D5E269391891420DD80744761CDC
:102C60002078800602D5E069B84205DDAE42E6DB99
:102C70003AF816000028E2D1A069C01BA0612046E6
:102C8000FEF798FDD8E90010CDE90010002017E00C
:102C90003AF818106A4602A800F068FEB0F1FF3F4B
:102CA00081460BD000250DF1080B05E0D4E9012188
:102CB0001BF8050090476D1C4D45F7D308F1010046
:102CC000B0428046E4DB206A384420622046FEF7AA
:102CD00087FDBDE8FF9F0000C6F8030030B4002167
:102CE00000F1240408E002F00705D208303542EA7A
:102CF0004372DB086554491C52EA0305F3D10468AA
:102D0000002310A2250708D504F020040C4304D0AA
:102D1000C46901230CA2641EC46130BCFFF7AEBBC2
:102D200010B5044621461068FFF71CFF02462046F6
:102D3000BDE810400023D1E7D21D22F00701D1E900
:102D40000023CBE700000000300000002DE9F34F26
:102D50004FF0000A0C4656468DB001200C9001F150
:102D60000C000B9062690B9801219047051E2DD035
:102D7000252D2CD0216A8847C0B162690B980121AA
:102D80009047216A88470028F7D16269411E0B9855
:102D9000904700E0761CA1690D988847216A884712
:102DA0000028F7D1E1690D988847DBE7A1690D9804
:102DB0008847A842074601D1761CD3E7E1690D9800
:102DC00088477F1C02D1BAF1000F6FD06BE16269B6
:102DD0000B9800273D46394690472A2804D162695E
:102DE0000B98012190470125DFF8D08262690B988A
:102DF00001219047A0F130010A290AD24745E5DCBC
:102E000007EB870100EB4107303FDFD445F01005A9
:102E1000ECE7E90601D46FF000476C280AD04C2893
:102E200014D0682815D06A280DD074281CD07A28B0
:102E30001AD01DE062690B98012190476C2802D0DE
:102E400045F0040514E045F002050DE045F02005CD
:102E50000AE062690B9801219047682802D045F08A
:102E6000080505E045F4006562690B98012190476B
:102E7000C4E9015765283DD019DC58287AD00CDC0C
:102E8000452837D004DC252826D041289ED131E0C2
:102E900046282FD0472899D12CE05B2877D061288D
:102EA00028D063287CD0642823D15AE0F6E06F282C
:102EB00048D008DC66281DD067281BD0692821D09F
:102EC0006E2816D127E0702845D0732868D0752861
:102ED00047D078280DD14DE0A1690D988847252865
:102EE00005463FF469AFE1690D9888476D1C3FF4D2
:102EF0006AAFD8E00D9923466A466FF00100AFF340
:102F00000080C5E045F0400023464FF000026060BD
:102F1000A80736D43EE0E8077FF447AF2068011DDC
:102F200021600068290501D506701BE7290701D536
:102F3000068017E7A90703D5F117C0E9006111E77B
:102F400006600FE745F0400023464FF0080260603E
:102F5000A80716D41EE040F60E0125EA01006060C5
:102F600016E045F0400023464FF00A026060A807D3
:102F700007D40FE045F040006060A80708D523465D
:102F800010220D996FF00100AFF3008080E007E0A0
:102F9000102223460D996FF00100FEF701FE77E045
:102FA0004FF0000963284F46C8464B46CB4602D037
:102FB0005B2806D038E0E80601D40120A060012794
:102FC00032E06269D4F80CB00B98012190475E287A
:102FD00007D14FF0010949466269D4F80CB00B984B
:102FE0009047216939B900210A4603AB43F82120F3
:102FF000491C0829FADBD8B3216949B308F1010853
:1030000062690B98012190475D28F4D1B9F1000F56
:1030100009D0002003A951F82020D24341F82020F4
:10302000401C0828F7DB03AB2069002820794FEA11
:1030300040701ED05B462246CDF80080CDE9019756
:103040000D9900286FF0010020DAAFF300801FE037
:10305000C11703AA00EBD1614B1121F01F0102EB54
:103060008302411A13680120884003431360C7E7B5
:1030700019E00D99224600286FF00100009702DA4E
:10308000AFF3008004E0FEF731FE01E0AFF3008013
:1030900000280ADA401C06D10C9820B14FF0FF300E
:1030A0000FB0BDE8F08F5046FAE7E90701D10AF109
:1030B000010A064400200C9054E60000CCCCCC0C55
:1030C0002DE9F047814616468AB0354878440DC848
:1030D0008DE80D0032487844801C03AC0DC884E8AC
:1030E0000D0041F69B300844372190FBF1F290FB34
:1030F000F1F5A5F1800501FB12041B3C02D56442E9
:10310000012000E00020DFF898A080460027FA4464
:10311000AAF1BE0A0EE0E0070AD03246684607EB85
:10312000470101230AEB81012EF013FA8DE8070015
:1031300064107F1C002CEED1194F7F44AE3F19E084
:10314000E80715D007EB04100DF1180A90E80E00FF
:103150008AE80E00C068F04201D198190890324602
:10316000012306A903A82EF0F4F903AB83E80700B6
:103170006D10641C002DE3D14FF001033246694607
:10318000B8F1000F03A802D02EF0CEF901E02EF026
:10319000E0F9C9E90001C9F808200AB0BDE8F087E4
:1031A000ACF4030010B565485421FEF787FF64486E
:1031B0005421FEF783FF63485421FEF77FFF6248E6
:1031C0005E49624A624B01605D4810605D4A1A6068
:1031D000431C0B65511C01650120106557484C309C
:1031E00011F0A9FB56484C3011F0A5FB55484C3066
:1031F00011F0A1FB574811F09EFB58484F4A56A1C9
:10320000784400F067FB20B9544878440A3800F04D
:10321000F7FB54484A4A52A1784400F05BFB20B9BE
:10322000504878440A3800F0EBFB4F48454A4CA11F
:10323000784400F04FFB20B94B4878440A3800F03E
:10324000DFFB40233D48DC000021224600F0B4FAB9
:1032500020B142487844543800F0D2FB3848224626
:103260004023002100F0A8FA20B13E4878445438A9
:1032700000F0C6FB334822461023002100F09CFAE0
:10328000002806D038487844BDE81040563800F091
:10329000B7BB10BD2B482DE9F041006D2D4E20F03D
:1032A00001043046AFF30080244D4C352846AFF37F
:1032B0000080224800F05AFA2846AFF300802846E2
:1032C000AFF300801E4D4C352846AFF300801C48FC
:1032D00000F04CFA2846AFF300802846AFF3008098
:1032E000184D4C352846AFF30080164800F03EFAE2
:1032F0002846AFF300802846AFF3008014E0206D2D
:1033000020F0010504F14C000746AFF30080204691
:1033100000F02CFA3846AFF300803846AFF3008057
:103320002046FEF713F92C46002CE8D13046AFF3C7
:1033300000800848AFF30080BDE8F08160420010D3
:10334000B442001008430010FC04001000050010F7
:1033500004050010100500107200000090F3030037
:10336000770000007CF3030068F303002DE9F843C5
:1033700006461548AFF30080FFF7ABFB134F8146BD
:10338000E8464D4616E026B1E068B04201D0254639
:1033900010E0206828600C48C7F80080AFF3008078
:1033A000D4E9010188470848AFF3008039684145F6
:1033B00000D04D462C68002CE5D100203860024832
:1033C000AFF30080BDE8F8830C050010080500107D
:1033D000014811F0B0BA00000C05001010B500F063
:1033E000F7FABDE8104000F0EEBA10B500F010FB9F
:1033F000BDE8104000F0E7BA70477546FEF75CF88C
:10340000AE4605006946534620F00700854618B0D1
:1034100020B5FDF7CBF8BDE820404FF000064FF097
:1034200000074FF000084FF0000BAC46ACE8C009B5
:10343000ACE8C009ACE8C009ACE8C00921F007015C
:103440008D4670472DE9F04F04460D46D21D22F0FF
:10345000070089B0D0E90097484639462FF092FF1F
:103460000246F80F01D02D2307E02068810701D51F
:103470002B2302E0202101EAC0038DF820300BB19C
:10348000012000E00020032A824601D0072A04DB45
:1034900029462046FFF784FB3FE12078800601D4CF
:1034A0000D2500E0E569C7F30A560D2D49DA002124
:1034B0004FEA175B08464FF00000002F00F4400071
:1034C00007DA00EB80004FF4400100EBD07001EA16
:1034D00060008115012901DD4FF0FF3100224FEA24
:1034E000850CBCF1180F06D31346ACF118004FF051
:1034F0008052C24003E04FF4801323FA0CF30CF126
:103500000C0CBCF1200F04D3ACF1200C09FA0CF028
:1035100001E007FA0CF000294FF0004801DD18B96E
:103520000FE00ED140450CD319EB02095F4121B9E0
:10353000404502D19F4329EA0209BBEB175F00D047
:10354000761C2088000502D57B48784402E07A4842
:103550007844193808AA302302F80A30037C0AF1AB
:103560000101002E0AF1020A53546A4602DC4FF0B0
:10357000300101E04FF031014FF001088DF80010EB
:1035800002D0A6F2FF3603E059EA470100D06B4EA5
:10359000002D02DC2178090704D54FF002082E2106
:1035A0008DF80110C44600210BE0C7F303433F012F
:1035B000C35C491C6D1E02F80830052908F101089A
:1035C00001DA002DF1DC00210CE000EB1973491C3D
:1035D0001B786D1E082902F808304FEA091908F116
:1035E000010801DA002DF0DC21688B0602D516E017
:1035F000A8F10108E04505DD02EB080313F8013CE2
:10360000302BF5D0B8F1000F09DD02EB080313F8F9
:10361000013C2E2B03D1090701D4A8F10108002D8C
:1036200005DD3E2102F808106D1E08F10108407CFE
:10363000002E02F8080008F1010804DA2D20764275
:1036400002F8080002E02B2002F808000A214FF4DB
:103650007A70864208F101080BDB96FBF0F33033F9
:1036600002F8083096FBF0F308F1010800FB13663E
:1036700001E0642E0CDB642096FBF0F3303302F89B
:10368000083096FBF0F308F1010800FB136601E037
:103690000A2E06DB96FBF1F0303002F8080008F144
:1036A000010896FBF1F001FB1060303002F80800D1
:1036B000A16908F1010808EB050202EB0A00081AEB
:1036C000A0612078C00602D42046FEF773F8216A74
:1036D00008AE01EB0A00206204E0D4E9012116F8EB
:1036E000010B9047BAF1010AF7D22078C00602D543
:1036F0002046FEF75FF86E4609E016F8010B3E28FB
:103700000FD0D4E901219047206A401C2062B8F113
:103710000108F2D22046FEF763F809B00320BDE8A5
:10372000F08F206A2844206203E0D4E90121302090
:1037300090476D1EEBD3F8E765F0030002FCFFFF36
:1037400010B5436913B1AFF3008001E0FFF768FAE9
:10375000012010BD128800F1240182840022C2845D
:103760000122EDE711684FF0FF32E9E72DE9F0475C
:1037700004464FF0FF380026C568D4E90497A8072F
:1037800018D0204600F01AFB384611F0D6F8002871
:1037900000DA4646280502D54846FDF7D7FE4C21FB
:1037A0002046FEF78BFC206D20F00100206530469E
:1037B000BDE8F0874046FBE72DE9F04704461E468A
:1037C00090460D46C7684C308146AFF30080B8077D
:1037D00014D0780212D44046B8F5807F09D0B0F5F5
:1037E000007F06D0B8F5806F08D1012604F12405CA
:1037F00006E0701E6FF07F41884201D3012409E08A
:103800002561E6616560E06820F4706040EA0800C8
:10381000E06000244846AFF300802046BDE8F08712
:103820002DE9F04716468846070010D006F14C00F7
:103830008146AFF300803046FFF798FF18F8010B80
:1038400061280DD0722805D0772841D105E00020ED
:10385000BDE8F0870125002405E00225042402E0EC
:10386000082448F2020518F8010B2B2806D062281C
:1038700009D018F8010C74280AD00BE045F00305B4
:1038800044F00204EFE745F0040544F00104EAE7E0
:1038900044F010043846214611F056F8411C17D068
:1038A0000021316171604FF40071F560F161706168
:1038B000200704D530460222002100F0C3F9306D04
:1038C00040F0010030654846AFF300803046BFE766
:1038D0000026F8E72DE9F04115460E460746214C33
:1038E0002046AFF300802A4631463846FFF798FF5E
:1038F00005462046AFF300802846BDE8F0812DE95B
:10390000F0410E468046174D2846AFF30080164C16
:10391000206DC10704D0410804D020F00104F7E76E
:10392000224612E05420FEF7E0FC070017D0206D7D
:1039300047F001010843542120653846FEF7BEFBDD
:1039400007F14C0010F0F7FF3A4631464046FFF7CA
:1039500067FF04462846AFF300802046CDE70024E9
:10396000F8E7000010050010604200102DE9F0415A
:1039700016460C460546FFF79FF8036893F80101C9
:10398000012807D0FF2C12D8185D80B101202C70BF
:10399000BDE8F081D3F807013246214603F2071350
:1039A000C7182846BC46BDE8F041002360474FF0E9
:1039B000FF30EDE710B50446AFF300802046BDE8C8
:1039C0001040FCF706BD002801D0FFF76FB8704724
:1039D00010B5002102A000F035FA012010BD000052
:1039E000534947414252543A2041626E6F726D61B1
:1039F0006C207465726D696E6174696F6E00000091
:103A000010B500F039FABDE81040FFF7DCBF000048
:103A100010B5012805D0002103A000F013FA012001
:103A200010BD09A1F8E7000053494752544D454DD8
:103A30003A204F7574206F662068656170206D654F
:103A40006D6F7279000000003A2048656170206D4A
:103A5000656D6F727920636F727275707465640042
:103A60002DE9F05F054617460C46C86820F4201083
:103A700040F48000C860800602D5084600F0C1F915
:103A8000E06841F282014FF0FF3A0140022903D081
:103A9000204600F053F9B9E000F42041B1F5004FA1
:103AA0000FD1C00306D56168E06A884200D8084695
:103AB000606006E02069E0626060606910F03FFFCE
:103AC000A061A0680022EEB200280DDAE1688B0543
:103AD0000AD4C043A06041F490302260E060606886
:103AE000411C61600670AAE0E0689146226040F4E3
:103AF0000050E060206978BB606910F023FF04F19A
:103B000024054FF00108A8B1A08910F4407F08D027
:103B1000E069FEF7EAFB206118B1E06840F400605C
:103B200017E0C4F81C802561E06820F4407040F480
:103B300080600EE0E069FEF7D8FB00282061F0D03D
:103B4000E06840F4006010F4407FE06002D140F48F
:103B50008070E06020696060E06825696FF0010BAB
:103B6000C1051ED56168E06A884200D80846411B3D
:103B700004D02246284600F0EBF8E8BB1FB1E5620E
:103B8000C4E9015959E0681CE0626060E069401EC8
:103B9000A060E06840F48030E06030462E70BDE800
:103BA000F09F17B100F480320AE06068411C616048
:103BB0000670E0680A2E40F48030E06006D00022F3
:103BC000E16A6068814203D90B4602E00122F7E70F
:103BD0000346B4F80CC05B1B5FEA4C5C04D4D4F819
:103BE0001CC09C4500DD02B3814200D80146002B79
:103BF000A1EB0008E56200E008E0C4E9015907DD37
:103C000022461946284600F0A3F808B15046C6E7F8
:103C1000B8F1000F09D0A169E5626560A1EB080069
:103C2000A061E06840F01000E06047B16168A06901
:103C3000E562491B08446560A0615846AFE730461D
:103C4000ADE700002DE9F041044616460D464769F0
:103C5000007B80072ED0384610F074FE50BB3EB378
:103C6000012E02D0022E25D104E0204600F03EF9BC
:103C700005441DE0384610F062FEE168002841F07E
:103C80001001E16005DA204600F058F80120BDE897
:103C9000F081C9030BD56268E16A914200D81146F0
:103CA000A26911442269891A814200DD084605444F
:103CB000002D01DA0220EAE7E16A6068E2688142E9
:103CC00006D29103E06203D522F4003141F01002E4
:103CD000A6690027AE4213DCE16A814201D90B4696
:103CE00000E0034603EB060C2369ACEB030CAC4588
:103CF00006DD814201D98C4600E084469C4505D111
:103D0000A760276042F02000A5620DE0AD1BE669C8
:103D1000AE1B8142A66000D90846C01A281A20604E
:103D20005819606022F0200003490840E06000203C
:103D300084F84870ABE70000BFCFD7FFC16821F41B
:103D4000001141F08001C160002181600160704775
:103D50002DE9F74F15460C464FF0FF3B3848D76822
:103D6000D2F814A0074209D05046A96910F0EEFD20
:103D7000002819DB3248C0430740EF604FF000498C
:103D80006FF000484C4501D3464600E026460099B6
:103D90003B465046324610F0DCFDA96920F0004257
:103DA000B21A1144A96128B12846FFF7C7FF584647
:103DB000BDE8FE8FA41BE5D10020F9E770B50446ED
:103DC0000569C06A6168884200D80846E16821F444
:103DD0002011E160C90312D5A84208D02246411B38
:103DE0002846FFF7B5FF10B14FF0FF3070BD00203F
:103DF000E562C4E90150E06820F48030E060002012
:103E000070BD10B50446C06820F02000E060A16AD3
:103E1000A06988420DD02046FFF7D0FFE06820F46B
:103E2000405040F01000E060A06AA0612069E062AC
:103E3000606044F24001E0688843E06010BD00002B
:103E40001000020070B505460C460A2000E06D1C0B
:103E500010F081FD35B128780028F8D102E0641C0B
:103E600010F079FD14B120780028F8D1BDE8704039
:103E70000A2010F070BD000010B5014602A0FFF747
:103E8000E1FF012010BD0000534947525452454400
:103E90003A2052656469726563743A2063616E27E3
:103EA00074206F70656E3A20000000002DE9F0412B
:103EB00014460D46074601F14C063046AFF300802C
:103EC000094B7B44224629463846FEF744FD04460A
:103ED000287B000601D54FF0FF343046AFF3008059
:103EE0002046BDE8F08100007700030010B50146D0
:103EF000C268900703D0900607D5886A0AE0FCF7ED
:103F00007DF901210160881E10BD8B694868184445
:103F10000B69C01A91F848301BB191F84910401A4A
:103F200010BD1103FCD50028FADD401E10BD042091
:103F30007146084202D0EFF3098001E0EFF30880F8
:103F4000816901F0F2B80A2027F0CDBA0420714649
:103F5000084202D0EFF3098001E0EFF308808169A5
:103F600001F0E7B810B545F2CC72C1F20002136857
:103F70008C4693F84E10D3E9092E0029014609D04A
:103F8000187B98244843135C13FB04E393F85F30D9
:103F900013B110BD187B4843105C982210FB02E05F
:103FA0006246BDE8104002F0B5BC00002DE9F04FBC
:103FB0009FB0044645F2CC702178C1F20000D0F8E1
:103FC00000B0481E0E288BF84D102DD80C94DFE859
:103FD00000F01F2B30082B2B2B2B2B2B082B2B39D6
:103FE000120004F10C0013F000F90E90A07B0021E8
:103FF0000D9124212FE004F10C0013F0F6F80E903F
:1040000013F0F4F824220B92012201210D9224E0F6
:1040100004F10C0013F0E9F800210E90A07B0D9143
:1040200024210B91012118E0FF208BF84D0000F0B6
:104030000DBC201D13F0D9F80E90A07900210D9130
:104040001C2108E004F11C0013F0CFF80E90A07FB3
:1040500000210D9134210B9102219BF84D208BF80A
:104060000100FF2A8BF800008BF802008BF84C103F
:1040700000F0EC83002800F0058100254FF0010AD4
:104080004FF40C7700244FF000094FF0000800BFF8
:104090005FFA88F60E98314613F0A5F8817801F0A2
:1040A000E001202902D1012106E000BF017901F0E1
:1040B000E001202918D10321415C01390C2913D8D2
:1040C000DFE801F007121E4C12125527353E077A21
:1040D0007100DBF834104C2308FB031208FB03F3D8
:1040E00001F803A073E000BFDBF834104C2308FB99
:1040F000031208FB03F382F83DA001F803A068E077
:10410000DBF834104C2308FB031208FB03F30327EE
:104110005AE0DBF834100022214400BF8B1801F86C
:1041200002A04C32E42A83F83D50F7D151E0DBF88D
:1041300034104C2308FB031208FB03F3092743E068
:10414000DBF83410002249448B1801F802A04C32ED
:10415000B2F5987F83F83D50F6D13AE0DBF83410A1
:104160004C2308FB031208FB03F304272CE0DBF8C5
:10417000341098224FEA480C08FB021308FB02F7A0
:104180000CF101024FF04C0C83F83D5002FB0C1374
:1041900002FB0CF201F807A04FF40C7701F802A023
:1041A00083F83D5015E0DBF834104C2308FB031274
:1041B00008FB03F30D2707E0DBF834104C2308FB62
:1041C000031208FB03F30C27CF544FF40C7782F84B
:1041D0003D509BF84C20DBF82C10931E08FB071178
:1041E000B3FA83F3012A4FEA531318BF5A00012A86
:1041F0004A7013D0022A40F029830A7802F0F802AC
:1042000002320A70DBF82C1008FB07F28B5C007896
:1042100003F00F0343EA00101BE000BF0D9B027880
:1042200023B10A7016E000BF000000000B7802F016
:10423000010203F0F8031A440A70DBF82C1008FBA3
:1042400007F200788B5C00F01E0003F00F0343EAD6
:10425000C000885413F04AFA314613F065FADBF8CF
:1042600030104FF4157208FB021108F10108C1F873
:10427000E8019BF8010009F59879804504F1E40410
:10428000FFF406AFDDE90B1000EB010945F2CC703D
:10429000C1F20000D0F800800020002119F80020B1
:1042A000CBB29A4288BF1346FF2A00F1010018BF23
:1042B00019460428F2D1D8F84840481C09F1D40521
:1042C000002688F8020000BF002700BFE85912F05E
:1042D00005FE54F8260038440437182F80ED000AF4
:1042E000F4D10136042E05F11805EDD1D8F83C00C3
:1042F00009F1040108F0B4FFD8F8380009F14405C9
:10430000294608F0ADFFD8F84000294608F0A8FF7C
:10431000CDF83480D8E910180DF13C0A002253463C
:10432000002700BF51F8270058F82760002500BF7C
:10433000445972515C510435102DF9D10137042FC5
:1043400003F11003EED100204FF07E5158F8002009
:10435000115004301028F9D11FED4D1A0AF1100C3C
:104360000026BFEE000A5146D64600BF4FF0FF328E
:104370007346B0EE412A374693ED003A103323EEF0
:10438000033AB4EE423AF1EE10FAC4BFB0EE432A5B
:104390003A460137042FEFD1501C00F0B68058F890
:1043A0002640B2420FD058F822000AEB0212002336
:1043B000D558CF58CD50D750C558E758E550C750BD
:1043C0000433102BF4D10AEB061000EB860090EDBD
:1043D000002A624680EE022A334600BF01330AEB10
:1043E000031000EB860090ED003A58F8237022EE9F
:1043F000033A0025481990ED004A501990ED005AF3
:1044000023EE044A34EE054A80ED004A601990ED2F
:10441000004A781990ED005A23EE044A043534EE30
:10442000054A102D80ED004AE4D1032B02F1100261
:10443000D4D101360EF1140E1031032E0CF1100CF4
:1044400094D10AF1200C0AF130024FF0030E00BFA4
:104450000AEB0E1000EB8E0090ED001A58F82E605B
:1044600080EE011A614673461F46013B0AEB0310BA
:1044700000EB8E0090ED002A58F8235021EE022A1E
:10448000002000BF141894ED003A0C1894ED004A77
:1044900022EE033A33EE043A84ED003A341894EDF8
:1044A000003A2C1894ED004A22EE033A043033EE21
:1044B000043A102884ED003AE4D1012FA1F1100153
:1044C000D2DCBEF1010EACF1100CA2F11002BFD88B
:1044D0000021B7EE000A00BF0AEB011000EB8100DB
:1044E00090ED001A58F8210080EE011A002200BF5A
:1044F000831893ED002A043221EE022A102A83ED5C
:10450000002AF5D101310429E6D145F2CC78C1F277
:104510000008D8F80050DDE90DA7002019F80010B8
:10452000FF2903D02A6A1154EA6911540130042882
:10453000F4D16878E8B10024002600BFE1B2384623
:1045400012F051FE407823F075FC012898BF01203D
:1045500019F80420F1B250FA86F000BF6B6A0136F8
:104560005A54F1B28842F9D8697801348C4206462F
:10457000E4D338460021002412F035FE407823F0C1
:1045800059FC012898BF01206978AA78287348430C
:1045900028704AB1002000BFA9680C54A9780130E6
:1045A0008842F9D328780C46000610D0002000BFBE
:1045B000696AAA68095CAB69575C53F821307E1CB4
:1045C0005654D855297801308842F1D3AC784FF051
:1045D000000044B1002100BF6A685054AA7801313C
:1045E0009142F9D31046697881B10020296A6A683E
:1045F000095C6B69575C53F821307E1C5654D855C2
:10460000697801308842F1D3A87800E0002140B1F8
:10461000002000216A685054AA7801319142F9D3F0
:10462000697879B1002000BFE9696A68095C2B6983
:10463000575C53F821307E1C5654D85569780130A8
:104640008842F1D39AF80200E0B309F18C04002506
:10465000002600BF14F8040CDAF8281000F00F024E
:104660004819826314F8041C0909C16314F8071C73
:1046700001F00F01416314F8071C0909016414F8E3
:10468000061C01F00F01416414F8061C090981643D
:1046900014F8051C01F00F01C16414F8051C090988
:1046A000016514F8081CC1F3400180F85E10214632
:1046B00005F0B0F89AF8020001369835864204F108
:1046C0001404C7D3D8F8009099F80280B8F1000F0D
:1046D00057D0D9F828E000234FF0980C4FF4157507
:1046E000012400BF03FB0CE191F8621001292FD0D7
:1046F000032917D0022941D1D9F80470F95C0029A7
:104700003CD0D9F81000D9F8306050F823200021AF
:10471000505C013110FB056080F8C641F85C8142B5
:10472000F6D32BE0D9F80470F85C38B3D9F8100050
:10473000D9F8306050F82320002100BF505C0131CF
:1047400010FB056080F8C641F85C8142F6D315E0A5
:10475000D9F80470F95C89B1D9F81010D9F8306033
:1047600051F82320002100BF505C013110FB05608F
:1047700080F8C641F85C8142F6D300BF013343455F
:10478000B0D1DBF8487001200021B7EE000A00BF6D
:1047900057F82120002602EB810300BFB14205D16A
:1047A00093ED001AB4EE401A04E000BF92ED001A37
:1047B000B5EE401AF1EE10FA06F1010618BF00201E
:1047C000082E02F10402E9D101310429E0D10028C8
:1047D00018BF00279BF802000B97B8B3DDF82C90A8
:1047E00000250026DBE90A01DBE904380D91DBF83E
:1047F000381000EB050EDBF818000C91DBF83C10CC
:1048000058F8268050F82600DBE90C7A0E91DBE997
:10481000104CDBE9011253F82630CDE900800D98E9
:104820000297CDE9030A0C980E9F31443244CDE93A
:1048300005047046CDE908C9079701F04FFC9BF8C5
:1048400002000136864205F19805CBD31FB0BDE8C2
:10485000F08F00002DE9F04F83B045F2CC76C1F225
:10486000000637680446386B4FF4157804FB0800DF
:104870000D4604F0D9FF30684FF40C76C06A05F19C
:10488000500104FB060004F072FEF86A95F8C610A9
:1048900004FB060003F0B4FCF86A05F1A40C04FB69
:1048A000060095ED270AD5ED280A9CE80E10D5F8EC
:1048B000B460CDE900C604F09FF9386B5FFA84F963
:1048C00004FB080049462A4600F0C4FF387B90B339
:1048D0004FF04C0A002604FB0AFB4FF0000800BF13
:1048E00097F84D10042908D1796B604300FB0A103A
:1048F000304406F079F8B8B9387B796BD5F8982050
:104900000BFB001095ED320A3044494601F0E6FCFD
:1049100045F2CC70C1F20000006895ED330A406B9F
:1049200004FB0A0006F057F8387B08F101088045BF
:1049300006F14C06D4D303B0BDE8F08F45F2CC723B
:10494000C1F2000212684FF41573126B00FB0320D2
:1049500003F03ABC45F2CC73C1F200031B6800EED1
:10496000101AD3F830C04FF4157300FB03C001EEEA
:10497000102AB8EEC00AF8EEC10A01F055BC45F2A3
:10498000CC72C1F2000212684FF41573126B00FB77
:10499000032004F049BF0A4645F2CC71C1F2000180
:1049A00009684FF40C73C96A00FB0313C1B21846BF
:1049B00001F012B845F2CC72C1F2000212684FF455
:1049C0000C73D26A00FB032004F016B810B582B055
:1049D00045F2CC72C1F2000212684FF40C73D26A35
:1049E00091EC020A00FB0320D1E902C2D1E9043EA6
:1049F0008C696146CDE900E404F0FEF802B010BD18
:104A000045F2CC71C1F2000109684FF40C72C96A19
:104A100000FB021004F038BF45F2CC72C1F2000274
:104A200012684FF40C73D26A00FB032004F0FAB949
:104A300000F07EB870B545F2CC74C1F20004226873
:104A4000907858B100250026906A284400F0D2FDE5
:104A500022680136907898358642F5D3D06A51782D
:104A600092F84C20BDE8704001F0FAB945F2CC72E2
:104A7000C1F2000213680246186B4FF4157302FB73
:104A800003000B4611461A4601F042BB45F2CC70BA
:104A9000C1F20000006890F84E00704745F2CC72F9
:104AA000C1F2000212684FF40C73D26A00FB0320BB
:104AB00001F053BBF0B581B045F2CC77C1F20007ED
:104AC00016463A680446106B4FF4157204FB020058
:104AD0000D4603F03DFB40B138684FF40C71C06ADD
:104AE00004FB0100294603F08EFB46B138684FF401
:104AF0000C71C06A04FB0100D0F89C00286101B071
:104B0000F0BD000070B545F2CC74C1F2000420681D
:104B1000817861B100250026806A0D21284405F0C6
:104B200069FF20680136817898358E42F4D370BDD4
:104B3000F0B581B02DED048B45F2CC70C1F20000D0
:104B40000468002C00F07F8060789FED419A012579
:104B50000026B7EE008A4FF41577A070257300BFCA
:104B6000606800228555E0698655606A865520692F
:104B700050F826000670206CA16B50F8260051F802
:104B8000261000BF9642B0EE490A02F1010208BFAA
:104B9000B0EE480AA0EC010AA1EC010A042AF1D106
:104BA000A06C002150F826008E42B0EE490A01F1B7
:104BB000010108BFB0EE480AA0EC010A0829F3D1B0
:104BC000206B06FB070000F022FBA0688555A0695A
:104BD00050F8260006700136042EC1D100254FF48E
:104BE0000C7600BF206A00224555606950F8250008
:104BF0000570606CE16B50F8250051F8251000BF7E
:104C00009542B0EE490A02F1010208BFB0EE480A2F
:104C1000A0EC010AA1EC010A042AF1D1E06A05FB2B
:104C2000060000F08AFB0135042DDBD1002500BF12
:104C3000606B284401F02FFA4C35B5F5187FF7D199
:104C4000FF2084F84D00BDEC048B01B0F0BD00BF27
:104C500000000000F0B581B045F2CC75C1F200054E
:104C60002A68137B8BB10C46516B58434C2200FBD6
:104C700002100026214600F14C0701F0FEFD2868D5
:104C80000136007B86423846F4D301B0F0BD45F2D0
:104C9000CC72C1F2000212684FF40C73D26A00FBAE
:104CA000032004F0EBBD45F2CC72C1F200021268A1
:104CB0004FF40C73D26A00FB032006F017B845F2DC
:104CC000CC72C1F2000212684FF40C73D26A00FB7E
:104CD000032006F052BA45F2CC72C1F2000212680B
:104CE0004FF40C73D26A00FB032004F0AFB845F216
:104CF000CC72C1F2000212684FF40C73D26A00FB4E
:104D0000032004F034BC45F2CC71C1F20001096803
:104D10004FF40C72C96A00FB021003F077BF000069
:104D2000F0B581B045F2CC77C1F200073C680E4681
:104D300005465CB916F08AFB04215022012316F0C7
:104D40008FFB04460028386000F0DF8004202670C6
:104D50006570A57000F048FDA06216F077FB042195
:104D60000122042316F07CFB606016F06FFB042127
:104D70000122042316F074FBA06016F067FB0421E7
:104D80000422042316F06CFB206116F05FFB042163
:104D90000422042316F064FB606116F057FB042123
:104DA0000422042316F05CFBA06116F04FFB0421E3
:104DB0000122042316F054FBE06116F047FB0421A6
:104DC0000122042316F04CFB206216F03FFB042165
:104DD0000122082316F044FB6062042008F00AFA5E
:104DE0002063042008F01EFAE062082001F0CCF8ED
:104DF000606316F02BFB04210422042316F030FB21
:104E0000A06316F023FB04210422042316F028FBE0
:104E1000206416F01BFB04210422042316F020FB5F
:104E2000E06316F013FB04210422042316F018FBA0
:104E3000606416F00BFB04210422042316F010FB1F
:104E40000025A06416F002FB04210122042316F0C1
:104E500007FB216941F8250016F0F8FA0421042225
:104E6000042316F0FDFAA16B41F8250016F0EEFAC6
:104E700004210422042316F0F3FA216C41F82500E2
:104E800016F0E4FA04210422082316F0E9FAA16CD2
:104E900041F825000135042DD4D1002516F0D6FAAD
:104EA00004210122042316F0DBFA616941F8250090
:104EB00016F0CCFA04210422042316F0D1FAE16B97
:104EC00041F8250016F0C2FA04210422042316F04A
:104ED000C7FA616C41F825000135042DDED10025AB
:104EE00016F0B4FA04210122082316F0B9FAA169D8
:104EF00041F825000135042DF2D1002084F84E0040
:104F0000FFF716FE204601B0F0BD0024FAE745F297
:104F1000CC72C1F200021268D369926A185C9823BD
:104F200010FB032005F066BD45F2CC72C1F2000211
:104F30001268D369926A185C982310FB032006F06C
:104F400047B945F2CC71C1F2000109684FF41572FE
:104F5000096B00FB021001F0ABBA45F2CC71C1F253
:104F6000000109684FF41572096B00FB021001F093
:104F7000B4BA45F2CC71C1F2000109684FF4157260
:104F8000096B00FB021001F0D6BA45F2CC71C1F2F8
:104F9000000109684FF41572096B00FB021001F063
:104FA000F9BA45F2CC71C1F2000109684FF41572EB
:104FB000096B00FB021001F002BB45F2CC71C1F29B
:104FC000000109684FF41572096B00FB021001F033
:104FD0000BBB45F2CC71C1F2000109684FF41572A8
:104FE000096B00FB021001F02EBB45F2CC71C1F23F
:104FF0000001096881F84E00704745F2CC71C1F29A
:10500000000109684FF41572096B00FB021000F0F3
:105010008AB9000070B545F2CC74C1F20004216871
:105020000A7B7AB1496B50434C2200FB02100025E9
:1050300000F14C0601F052FC20680135007B8542EE
:105040003046F5D370BD0000F0B581B045F2CC76A6
:10505000C1F200063268137B8BB10C46516B58438A
:105060004C2200FB0215002734F82710284601F0D7
:1050700059F930680137007B4C358742F4D301B0D1
:10508000F0BD45F2CC71C1F2000109684FF4157210
:10509000096B00FB021006F03FB945F2CC71C1F27A
:1050A000000109684FF41572096B10FB021004F03F
:1050B00057BA45F2CC72C1F2000212684FF40C7379
:1050C000D26A00FB032004F0E3BB45F2CC72C1F2CC
:1050D000000212684FF40C73D26A00FB032006F042
:1050E00071B945F2CC72C1F2000212684FF40C7330
:1050F000D26A00FB032003F0CDBC45F2CC72C1F2B2
:10510000000212684FF40C73D26A10FB032003F004
:10511000A3BE45F2CC72C1F2000212684FF40C73C8
:10512000D26A00FB032006F043B80146082026F0AF
:10513000F2B90146062026F0EEB90146072026F016
:10514000EAB90146092026F0E6B904207146084272
:1051500002D0EFF3098001E0EFF308808169FFF7E7
:10516000ECBF052026F0BFB90B2026F0BCB9042007
:105170007146084202D0EFF3098001E0EFF30880A6
:105180008169FFF7DEBF70B544F27034C1F20004EC
:1051900020464FF4A871FCF791FF40F2FF10C0F2D7
:1051A000023020644FF6FF700125A4F8610004F17D
:1051B0007000902184F85450FCF780FF002604F51D
:1051C000967084F8286184F8296184F82A610EF0C9
:1051D00094F94FF47A70C4F838014FF4C8704FF462
:1051E0002F716423C4E9500140F2ED7040F20002D7
:1051F00084F83061A4F83251C0F60300C0F6020210
:105200002146C4F84831BDE87040FCF7DFBD2DE908
:10521000F0474FF0000A0446C0F864A08C30122119
:1052200004F1A00504F58278FCF748FF28466021C8
:10523000FCF744FF404600F09BFE04F588794846A1
:1052400000F096FE04F58E76304600F091FE04F5EF
:105250009477384600F08CFE04F59A75284600F0E5
:1052600087FE4046642105F0D7FE4846642105F0DC
:10527000D3FE3046642105F0CFFE3846642105F0A8
:10528000CBFE2846642105F0C7FE404600F0FBFE39
:10529000304600F0F8FE484600F0F5FE384600F0D3
:1052A000F2FE284600F0EFFE04F5A0700021002277
:1052B000002300F06AFF201D07F097FF0B2004F584
:1052C000DC75A4F8A8012846A4F8C4A184F8AAA112
:1052D00000F04EFE04F5D676304600F049FE284632
:1052E00041F2883105F098FE304641F2883105F0F0
:1052F00093FE284600F0C7FE304600F0C4FE04F1DD
:105300006C00202104F5F27584F8C6A184F868A029
:10531000FCF7D4FE28462821FCF7D0FEFF2084F8B5
:105320000802BDE8F08790ED320A00F5A070BDEEEE
:10533000C00A10EE101A00F047BFB0B54FF40C7160
:105340000446FCF7BBFE4FF07E50606040F2011057
:10535000A4F800014BF2B000A4F81C01002504F5EC
:10536000907084F80451C4E94255C4E9445500F0F2
:10537000FFFD04F5A27000F0FBFD04F5967014210A
:10538000FCF79CFE04F5B8702A21C4F8A45184F8F7
:10539000A851FCF771FE0AF0A1FF0020C4F2C8205A
:1053A0004DF20A7147F2A40204F5AC73C3F623412F
:1053B000C3F67D7227C384F86851C4F86C51B0BD40
:1053C000B0B52DED0A8B0D4691F82410012202FA9A
:1053D00001F100EE101AB8EEC00AB7EE008A88EEAE
:1053E000009A95ED000A95ED033AA96995ED011A29
:1053F00095ED022A04460160142120EE09AA29EE47
:10540000030A80ED01AA80ED040A143029EE02BAE5
:1054100029EE01CAFCF752FE95ED070A95ED081A30
:1054200029EE000A84ED0D0A29EE010A84ED0E0A28
:105430009FED200AB2EE041A2BEE000A2AEE011AA2
:1054400031EE001A80EE011A28699FED192A696968
:10545000A06200202CEE022AB5EE400A9FED163A1B
:10546000C4E9141084ED032AF1EE10FA4FF00001A4
:10547000B5EE40AA38EE412AA06584F85C0084EDC0
:10548000020A18BF0121F1EE10FA18BF012020EE28
:10549000020AB0EE432A08401CBFB0EE412AB0EE2B
:1054A000403A84ED0B2A84ED0C3ABDEC0A8BB0BD7A
:1054B0006F12033A00007A440000000090ED081AD1
:1054C00090ED033A90ED094A30EE015A23EE055A69
:1054D00090ED0A3A90ED012A35EE044AB4EE434AC3
:1054E00020EE022AF1EE10FA80ED094A06DCB1EE58
:1054F000433AB4EE434AF1EE10FA03DAB0EE434A0F
:1055000080ED093A32EE042A90ED074A90ED0B5AED
:1055100090ED0C6A30EE411A25EE044A26EE011A8F
:1055200090ED003A31EE041A32EE014A90ED142A61
:1055300080ED071A34EE031AB4EE421AF1EE10FAB7
:1055400080ED080A02DDB0EE421A08E0B1EE420A30
:10555000B4EE401AF1EE10FAB8BFB0EE401A90F86F
:105560005C10B0EE410A013903292ED8DFE801F0C2
:10557000021D0B1490ED160A90ED152A9FED193AB5
:105580009FED194A19E090ED160A90ED152A9FED4E
:10559000113A9FED114A10E090ED160A90ED152A90
:1055A0009FED123A9FED124A07E090ED160A90ED3A
:1055B000152A9FED0A3A9FED0A4A31EE000A20EEC5
:1055C000030A22EE042A32EE000A80ED150A80ED6D
:1055D000161A70471F4C243B68B77E3F75B2613B7B
:1055E0009B3C7E3F72FA183C2C387B3F8F90CD3A23
:1055F0006F327F3F2DE9F047044602F029FE204636
:1056000004F042F894F85F0020B12046BDE8F0476E
:1056100002F046BB94F86810FF2904D1002084F8FA
:105620005F00BDE8F087D4F80080E26E98F800A033
:1056300047F230539A4218DA606890F80080501CA4
:10564000E066C81E01220B2884F85F2000F26D80FE
:10565000DFE800F007068606067E82768A7A8E727A
:10566000DCE7204605F0B8FF85E0FE2921D1BAF13C
:10567000000F53D0A168626900234FF4157E4FF4E8
:105680000C7C5546CE5C16FB0E2696F80872062F4B
:105690000CD106F5F675E668A769F65C686916FB35
:1056A0000C76F063A869306498F800500133AB427F
:1056B000E8D3FF2084F868004FF00B080020BAF10F
:1056C000000F84F85A8084F85F0025D000274FF43B
:1056D00015794FF40C7600BFD4E90201D4E9052313
:1056E000C05D10FB092080F8A881C85D002110FB77
:1056F000063001F05BF8E068A169C05D10FB0610A0
:1057000000F09BFCE068A169C05D10FB061001F091
:1057100093F80137BA45DFD1BDE8F087FF2084F860
:1057200068000B2084F85A0078E7FE297FF476AFF2
:10573000204607F03BF91EE0204606F095FC1AE0F3
:10574000204606F0EDFA16E0204606F055FC12E081
:10575000204605F07FFF0EE0204606F0ABF80AE099
:10576000204605F055FF06E0204606F085FB02E0E6
:10577000204606F05DFC002884F85F0008BFBDE805
:10578000F087B8F1000F0ED000274C262069E169A0
:10579000C05D10FB061003F071FF00283FF43EAF20
:1057A0000137B845F2D1FF2084F86800204602F0A6
:1057B0004FFD0020BAF1000F84F85A000DD0A16807
:1057C00062694FF4157300BF11F8017BBAF1010A49
:1057D00017FB032787F8A801F6D120460121BDE871
:1057E000F04705F007B900002DE9F04F81B00546FC
:1057F00015F02CFE042198222B46982615F030FE39
:1058000004461DB305FB06FB00264FF00B084FF0C6
:1058100001094FF0FF0A0027E51905F114002021C6
:10582000E651C5E90166EE60FCF748FC05F134007D
:105830002021C5F85A80FCF741FC9837BB45A5F8F4
:105840005E90A5F8616085F868A0E5D1204601B0BA
:10585000BDE8F08F2DE9F047044690F89D0015460D
:10586000217050B19FED551A9FED553A9FED552A85
:10587000DFED550A9FED550A13E095ED1F1A95EDE2
:105880001E0A95ED202A95ED213AF8EEC10A95ED14
:10589000251AB8EEC00AB8EEC22AB8EEC33AB8EE7E
:1058A000C11A04F18C0080EC030A49F2806084ED97
:1058B000280AC4ED290A84ED2A2A84ED2B3AC4F67D
:1058C000183095ED222AC4F89800D5F89000B7EE6C
:1058D000003AD5F88C10DFED3F1A83EE023AC4F897
:1058E000F400B5EE402A04F5A070C4F8FC1084ED75
:1058F0003E2A9FED374AF1EE10FA08BFB0EE443A67
:1059000084ED403A04F038F8B5F8BC1004F58E790F
:10591000484605F081FBB5F8BE1004F59A7840467C
:1059200005F07AFBB5F8C01004F5947A504605F0FE
:1059300073FBB5F8C21004F58877384605F06CFBA8
:10594000B5F8C41004F58276304605F065FB48468C
:1059500000F099FB384600F096FB504600F093FBB0
:10596000404600F090FB304600F08DFB002095F89B
:10597000D410C4F80001D5F8D000606684F868102F
:10598000D1B1D5F8E010D5E936026167C4E91B0250
:10599000D5F8EC10D5E93902C4F88010C4E91E022C
:1059A000D5E93C01C4F8840004F50370C4F88810FC
:1059B000BDE8F0470AF09DB8BDE8F08700008046DA
:1059C0005575D8465575D8C65555D5465555D5C67D
:1059D000000000008096184B2DE9F0412DED068B5C
:1059E0009AB081700446906F4FF0FF31606092F87A
:1059F0008D001546C0F340002074D06FB0F1FF3F1A
:105A0000C8BF0121616592ED240A92ED051A84ED6B
:105A1000160AB2F89A00BDEEC11A6082D2F89C0054
:105A2000E063D2F8A0002064D2F8800084ED1B1A55
:105A3000E065B2F98800A067B2F98600E067B2F9C4
:105A400084006278C4F88000B5F99810022A88B200
:105A500000F07A81012A40F0958100B2B0F5FA4F4A
:105A6000A8BF4FF4FA40A061A5F89800002084F880
:105A7000500195F88D00C0F3800084F8500195F82E
:105A80008D10CA0704D0023084F8500195F88D10AB
:105A90000A0704D5083084F8500195F88D108A075C
:105AA00005D540F0040084F8500195F88D10CA0621
:105AB00004D5103084F8500195F88D10490644BF84
:105AC000203084F85001E86FB2EE041AA4F85101B6
:105AD000B5F88A0020EE010AA4F8530195F88C006D
:105AE000BDEEC00A84F8550110EE100A84F8560184
:105AF0002046294608F008FA05F12801204608F05A
:105B00009DFA95F87400012606FA00F000EE100ADE
:105B1000B8EEC00AB7EE001A81EE000A95ED141A2D
:105B200021EE00AAB5EE40AAF1EE10FAC0F2A9806B
:105B300095ED151A21EE009AB5EE409AF1EE10FAA5
:105B4000C0F29F8095ED161A21EE001AB5EE401AAC
:105B5000F1EE10FAC0F2958095ED171A20EE018A49
:105B6000B5EE408AF1EE10FAC0F28B802078002763
:105B7000020300F007013FFA82F242EA01210844E1
:105B800015900320ADF85800ADF85F0015A88DF80A
:105B90005A70CDF85B708DF8617019970DF050F860
:105BA00020788DF84670020300F007013FFA82F278
:105BB00042EA01210844109040F20320ADF844006D
:105BC0001AEE101AADF84B0010A8CDF847108DF85A
:105BD0004D708DED14AA0DF033F820788DF83270E9
:105BE000020300F007013FFA82F242EA0121084471
:105BF0000B9040F20330ADF8300019EE101AADF8FA
:105C000037000BA8CDF833108DF839708DED0F9A51
:105C10000DF016F820788DF81E70020300F00701D1
:105C20003FFA82F242EA01210844069040F20370F2
:105C3000ADF81C0018EE101AADF8230006A8CDF838
:105C40001F108DF825708DED0A8A0CF0F9FF207871
:105C50008DF80A70020300F007013FFA82F242EA6F
:105C600001210844019040F20310ADF80800ADF89E
:105C70000F0001A8CDF80B708DF8117005970CF08E
:105C8000DFFF2078B5F89A20030300F007013FFA00
:105C900083F343EA012108440B900BA8ADF83020B0
:105CA0000CF043FF2078D5F88420070300F00701AB
:105CB0003FFA87F747EA0121B5F888300844CDE973
:105CC000100210A8ADF848300CF01BFF207840F20D
:105CD0000073020242EA0032C0F20F031A40D5F804
:105CE000941010441590002715A88DF85860CDF831
:105CF0005910ADF85D700CF0A0FE2078D4F850215A
:105D0000060300F007013FFA86F646EA012108443F
:105D100015A9D4F854310DC115A80CF0B6FE04F540
:105D2000A2763046322105F077F9304600F0ABF923
:105D300004F590763046322105F06EF9304684F84D
:105D40001D7100F0A0F92FE000B2B0F5526FA8BFAE
:105D50004FF45260A06195ED250AA5F89800B5EEC4
:105D6000400AF1EE10FA11D095ED031AB5EE401A83
:105D7000F1EE10FA0AD0B7EE002A82EE011A84ED95
:105D8000670A08E0A161A5F898000DE09FED331ABD
:105D90000020C4F89C012178002084F81C01080927
:105DA00084ED681A2FF00CFD0020C4F8A40195EDD5
:105DB000290AB5EE400AF1EE10FA47DD10EE100A9E
:105DC0003BF0B6FD41EC100B05F1A80884ED700B1B
:105DD00098E8C1013BF0ACFD41EC100B304684ED7E
:105DE000720B3BF0A5FD41EC100B384684ED740BB3
:105DF0003BF09EFD41EC100B404684ED760B3BF0F2
:105E000097FD41EC100B84ED780BD5F8B8003BF012
:105E10008FFD41EC100B84ED7A0BD5F8BC003BF004
:105E200087FD41EC100B84ED7C0BD5F8C0003BF0F6
:105E30007FFD41EC100B84ED7E0BD5F8C4003BF0E8
:105E400077FD41EC100B012084ED800B84F8A80154
:105E50001AB0BDEC068BBDE8F08100BF0000000069
:105E6000B0B58AB00C46012A14D0022A4AD1002CBF
:105E700048D000F19C0500BF296815F89C0C45F836
:105E8000801C000909B22FF0C9FF013C05F50C7513
:105E9000F2D137E0002140F207720891019100929F
:105EA000CDE90221CDE90421CDE906218DF82110AB
:105EB0002CB300F19C01EC46042C28BF042400BF45
:105EC000002814BF11F89C3C07239DF82050032D97
:105ED00011D81A033FFA82FE03F007024EEA0222AB
:105EE00002EB030E6B1C0A688DF820300CEBC50327
:105EF0004CF835E05A60013C01F50C71E0D1684680
:105F00000CF02CFD0AB0B0BDB0B5044640780128B5
:105F100003D194F81421D2071AD14A1E91B2042950
:105F200016D8D2B2172323FA02F2D20710D00EA24B
:105F3000555C02280ED001280AD12046294607F0D8
:105F400025FF04F5907084F81D5100F09CF809E0DD
:105F50000020B0BD30F028F8207800092FF0C8FCF0
:105F600084F81C510120B0BD500A06500B000000FF
:105F70004CF60021C3F69A310022C0E9001282607B
:105F8000704721F095BE000070B5044615F05EFA2A
:105F900004214C2223464C2515F062FA5CB304FB25
:105FA00005F100224FF0010C6FF0802E4FF07E5370
:105FB000002400BF051995F8406000F804C006F001
:105FC000F0064C340736A142A5F83B2085F83D2069
:105FD00085F83A202A87C5E90122C5E90322C5E9E7
:105FE0000622C5E90832C5E90A22C5E90C2E6A6411
:105FF00085F84060DED170BDB0B5D0E90B3CD0E98A
:1060000002E5A3EB0C0403630EF1010305EB040CA2
:106010009342C0E9023C0DD9BCF1000F48BFCCF15E
:10602000000C00228C454FF00001B8BF0121C0E9EF
:10603000022200E000210846B0BDB0B50446407819
:1060400002280FD0012818BFB0BD2046002100252E
:1060500007F09CFE04F5907084F81D51BDE8B04037
:1060600000F011B8207800092FF0AAFB94F81C0169
:106070002A21A0281CBF002084F81C0104F5B87058
:10608000FBF7FAFFB0BDD0E90021914238BF0160B3
:106090008168416070470122002102706FF0802208
:1060A000C0E90C1290F840204FF07E53A0F83B104E
:1060B00080F83D1080F83A100187C0E90111C0E96D
:1060C0000311C0E90611C0E90831C0E90A114164B1
:1060D00002F0F001073180F8401070472DE9F04FD1
:1060E000DDE911ECDDE90F98DDE90DBADDE90B54CE
:1060F000DDE9097680E88E00C0E90465C0E9064B59
:10610000C0E908A8C0E90A9EC0F830C0BDE8F08F19
:10611000B0B50446B0F8A8011546908404F5A07007
:1061200001F06EFD002818BF012094ED320A94EDB5
:10613000331A94ED342A85F82600D4F8D400BDEE45
:10614000C00ABDEEC11ABDEEC22A85ED000A85ED7A
:10615000011A85ED022AE860B0BD10B50C46D0F8F2
:106160001CC0826A416F436B4FF0000E84E80C4004
:10617000A181A4F810C006F0BBFA28B143F2881040
:10618000C0F606000068606110BD80B500EE101A10
:1061900001EE102A02EE103AB8EEC00AB8EEC11AAB
:1061A000B8EEC22A002200F1300180ED050A80ED30
:1061B000061A80ED072AC0E9082280F82820084640
:1061C0001421FBF77BFF80BD90ED000A90ED011AD2
:1061D00002EE101AB4EE410AF1EE10FAB8EEC22A3D
:1061E0000ED0B4EE420AF1EE10FA0BDCB4EE421A15
:1061F000B0EE420AF1EE10FAB8BFB0EE410A01E08B
:10620000B0EE420A10B500F1180180ED040A80EDED
:10621000050A00F1300408461121FBF74FFF204624
:106220001421FBF74BFF10BD014690F89D009FED38
:106230000B1A9FED0B2A002804BFB0EE401AB0EEF7
:10624000602A81ED231A9FED071A01F5A070F0EE88
:10625000411A81ED242A03F08FBB00BF5555D5C6E6
:106260005555D5460000000010B504464078022878
:1062700011D0012816D12046092107F087FD002002
:1062800084F81D0104F59070FFF7FDFE04F5A2707F
:10629000FFF7F9FE06E0207800092FF091FA0020C0
:1062A00084F81C01002084F80401C4E94400A4F827
:1062B0000601A4F84001A4F8020110BD90F81C11D9
:1062C00001200B2905D800FA01F212F4446F18BF1F
:1062D000704750291CBF00207047704710B5044616
:1062E00090F83D0084F83B1048B194F840204FF0FE
:1062F0007E500121C4E9071022F004000DE04FF0A8
:10630000FF30B2F1FF3FC8BF0120E061204684EDBD
:10631000090A05F007F994F8400000F0FE0084F83F
:10632000400010BD002800F0B98070B586B004466A
:1063300090F83D00002840F0AE8094F84000C2077D
:1063400040F0A98000224307226313D4B4F934003B
:106350006282A289A18130B18A1A12B2824242DCE1
:10636000404290423FDCE2892046914220D150F8E1
:106370002C1F3EE022780D2A00F28B80012303FAC5
:1063800002F243F602631A4272D094F83C20002ACB
:1063900006BFA1810B46A389B4F934605B1AB342EE
:1063A0001ADB7642B34217DC002084F83C0070E030
:1063B00050F82C3F8A1A20F81E1C50F8041C20F8B4
:1063C0001A2C01FA82F140F8041CC3EBC3014FF40C
:1063D0007A7313FB02110EE0013253B20A2B84F8D8
:1063E0003C2048DA55E0204650F82C1F82890132C3
:1063F0008281C1EBC101C910016020F051F920F088
:1064000058F905460E4620F04BF920F059F902469E
:10641000284631460023FBF71EF952EA03003AD121
:10642000208FC0B394F93B100025ADF80E10CDE9D4
:10643000040502200A21ADF80C501FF00DF802905F
:1064400011F0C0FB02AE032100220023009611F0E0
:1064500096FB208FE18E884208D994F8440040F0E2
:10646000100084F84400012084F83A00258712E0E7
:1064700012F0180F0DD0228AA181E181891A89B208
:10648000A162002100F0FA00618284F83C1084F8D7
:1064900040000020E06206B0BDE87040704790F810
:1064A0002C0100F003000138B0FA80F04009704779
:1064B00010B52DED028B044600F59A70B0EE408ABF
:1064C000FFF7E1FD94F8A801062806BF84ED2D8AA8
:1064D00001200020BDEC028B10BD90F8A811092905
:1064E0001CBF00207047B0EE401A90ED230A90EDDB
:1064F000242AB4EE420AF1EE10FA0ED0B4EE401A9D
:10650000F1EE10FA0BDBB4EE421AB0EE410AF1EEF6
:1065100010FAC8BFB0EE420A01E0B0EE410A80B501
:10652000002180ED2E0AC0F8BC1000F5A07002F02A
:106530005BFD012080BD90F8A8210021082A27D802
:10654000012303FA02F212F4C17F21D090ED231A45
:1065500090ED242AB4EE421AF1EE10FA0ED0B4EE09
:10656000410AF1EE10FA0BDBB4EE420AB0EE401A2B
:10657000F1EE10FAC8BFB0EE421A01E0B0EE401AD8
:1065800080B5B0EE410A06F00EFF0121BDE8804063
:106590000846704710B52DED028B044600F5947047
:1065A000B0EE408AFFF76FFD94F8A801502806BFAF
:1065B00084ED2D8A01200020BDEC028B10BD10B5AA
:1065C0002DED028B044600F58870B0EE408AFFF78F
:1065D0005AFD94F8A801032806BF84ED318A0120F2
:1065E0000020BDEC028B10BD10B52DED028B0446D2
:1065F00000F58E70B0EE408AFFF745FD94F8A801D3
:106600000E2809D194ED250AB4EE408AF1EE10FA75
:1066100004DDB0EE408A0AE0002011E0B1EE400A4D
:10662000B4EE408AF1EE10FAB8BFB0EE408A04F53D
:10663000A070B0EE480A84ED2F8A02F063FD0120BD
:10664000BDEC028B10BD10B52DED048B044600F59A
:106650008E70B0EE608AB0EE409AFFF714FD94F8A9
:10666000A81100200E2947D8012202FA01F144F2B4
:106670008412114240D094ED250AB4EE409AF1EE16
:1066800010FA02DDB0EE409A08E0B1EE400AB4EE36
:10669000409AF1EE10FAB8BFB0EE409A94ED260A97
:1066A000B4EE408AF1EE10FA02DDB0EE408A08E066
:1066B000B1EE400AB4EE408AF1EE10FAB8BFB0EE87
:1066C000408AB5EE408A84ED2F9A84ED308AF1EE4F
:1066D00010FA04F5A07407D1204603F060F92046B3
:1066E0000021FFF771FD06E02046B0EE490AF0EE0A
:1066F000480A02F0A5FC0120BDEC048B10BD90F807
:10670000021109B1012070474178022906D0012900
:106710000AD190F8140100F0010006E080B52FF0D6
:106720007BF9BDE8804000E00020002818BF012070
:10673000704780B586B0C2B200F0F00160F30A2263
:1067400042EA0130019040F20170ADF808000021EA
:1067500010EE102AADF80F0001A88DF80A10CDF840
:106760000B208DF811108DED050A0CF069FA06B0BA
:1067700080BDD0E90F3293420AD0D0F828C0B1F1E1
:10678000FF3FD8BF9C450CDB0129A8BF944508DC1E
:10679000C26E53429142B8BF0A469942B8BF1A46E8
:1067A00000E000220267C0F89C207047D0E90F3259
:1067B00093420AD0D0F828C0B1F1FF3FD8BF9C4522
:1067C0000CDB0129A8BF944508DC82695342914241
:1067D000B8BF0A469942B8BF1A4600E000220262DA
:1067E000C0F89C2070470000D0E90F3293420AD0D5
:1067F000D0F828C0B1F1FF3FD8BF9C4515DB012977
:10680000A8BF944511DC00EE101A90ED011AB8EE05
:10681000C00A9FED082A21EE000A80EE020A0166F6
:10682000BDEEC00A10EE101A01E000210166C0F8AA
:106830009C10704700007A4441780122012980F8B9
:10684000012118BF704780B584B00078020300F0C2
:1068500007013FFA82F242EA012108440090002039
:106860008DF80400029068460CF037F904B0BDE8DA
:106870008040704780F85C10704710B190F83D2060
:1068800002B1704790F84020D307FAD11229F8D00E
:1068900012F00202F5D1028E332A39BF013202868C
:1068A000012280F83A2002294FF0020204DC71B183
:1068B000022908BF012205E0032902D00F2906D0D2
:1068C00000E0082290F84410114380F844100021A1
:1068D00080F83C10704790F83D00704710B190F878
:1068E0003D1001B1704790F840108907FAD1418EF0
:1068F000332939BF01314186012180F83A1090F8DF
:10690000441041F0040180F84410002180F83C104C
:10691000704700002DE9F04F81B02DED048BAAB037
:10692000044640690D464FF41571164615FB0101EA
:10693000FE2291F8A8B194F85AA081F8A82100216C
:1069400084F85A2084F85F103178CA1E0B2A00F2AE
:106950003484DFE812F0080232042B022002920194
:106960000C000C00D60048028900B902110194F80D
:1069700068208A4200F02184002284F86810A1680F
:106980006265E2660F784FF4157517FB0507FE2365
:106990002269D4F81CC087F8A8314F7817FB050787
:1069A00087F8A831897811FB050080F8A8311078A4
:1069B0004C2510FB05C004F002F82069E16940781D
:1069C00010FB051003F0FBFF2069E169807810FBE4
:1069D000051003F0F4FF7068A1692067B0684FF4F8
:1069E0000C75A067F0686067E068007810FB051020
:1069F000FFF722FFE068A169407810FB0510FFF760
:106A00001BFFE068A169807810FB0510FFF714FFF9
:106A1000E068A169007810FB05100121FFF774FA06
:106A2000E068A169407810FB05100121FFF76CFABE
:106A3000E068A169807810FB05100121FFF764FA76
:106A4000E068A169027812FB0512926CE267427855
:106A500012FB0512926CC4F88020807810FB0510A0
:106A6000806CC4F88400A8E310F040FE294610F0C2
:106A700068FED6E90121002A00D5524200EE102A14
:106A800090ED331AB8EE400A21EE000ABDEEC00ABE
:106A900010EE102A48F20003D0F89800CFF6FF73EA
:106AA000B2F5004FB8BF4FF4004300280FF6640062
:106AB000C8BF043090ED000A03EB020880EE010A23
:106AC00046F6C9120DF15809C0F606022B46BDEE76
:106AD000C00A10EE100A0F1848465021CDE9008771
:106AE000FAF748FE00234846294600220093019306
:106AF00004F070FAE0694C2115FB010041463A466A
:106B000037E10A2184F868100021E1664FF415711D
:106B100015FB010002F08CFEA0694FF40C7715FB09
:106B20000700002104F098F9A069012115FB070076
:106B3000FFF7EAF9D4E90601726815FB07004C2754
:106B4000426215FB0710FFF7C6FE002800F0F18136
:106B5000E06915FB070003F032FFB068C4F88C0051
:106B60007068C4F8880042F6E060C4F890004FF402
:106B70007A70C4F8940020E396ED020A4FF415777A
:106B8000B8EEC00A15FB070080ED7C0A6069B169A8
:106B900015FB0700C0F8F4114FF000090E20C4F8EF
:106BA0006C9084F868006069317815FB070080F804
:106BB0000812012180F8EC1160690DF1580815FBED
:106BC000070080F8ED9140464621FBF777FA6069AF
:106BD00015FB0700D0F8F0013AF0AAFE41EC100BCB
:106BE00070680FF2A0620290404646218DED000BC6
:106BF000FAF7C0FD404629460022CDF80090CDF8B6
:106C0000049004F0E7F916F033FE17F0D3F80028EB
:106C100000F0AD810DF1580840464621FBF74EFAD1
:106C2000D6F804C0B7690FF28062404646212B4671
:106C3000CDE900C7FAF79EFD404629460022CDF86F
:106C40000090CDF8049004F0C5F9D6E904783846F0
:106C500021F000F9814600F0FE000E2840F02F825E
:106C600016AC20464621FBF729FA46F60222C0F66A
:106C70000602204646214B4616E2FE224FF41579C5
:106C8000002184F8682015FB09000722E16680F8DE
:106C9000082280F8ED1160694FF0010815FB09002A
:106CA00080F8EC816069D6E9031215FB0900D0F881
:106CB000E8A1501A00EE100ADAE91E02B8EEC00A86
:106CC000121A01EE102AB8EEC11A80EE018A00EE07
:106CD000101AB8EEC00A01EE100AB8EEC11A80EE22
:106CE000080A30EE410ABDEEC09A0BF062FD0E219B
:106CF0008DF810508DF811108DED168A8DED179AC4
:106D0000016816AA4B6A04A99847E0694C2715FB4D
:106D10000700B0EE480A04F00FFAE06915FB07001F
:106D200090F8401041F0040180F8401096ED030AFD
:106D30009AED1E1AB8EEC00A80EE080AB8EEC11A23
:106D4000606915FB090030EE410AB8EEC91A30EE51
:106D5000410ABDEEC00A80ED7C0A606915FB09009E
:106D600080F8ED8129E2E0694C23D6E9031215FB96
:106D7000030004F01FFAA0694FF40C7715FB07001D
:106D8000002104F069F8A069B4F9401015FB070070
:106D9000FFF7BAF8C9E0318B012900F00A814FF6FC
:106DA000FF72914240F078810C2103E10020E066FF
:106DB000A0694FF40C71331D15FB01000ECBD21AE4
:106DC00005F05EFC6169002800F0EE804FF415705C
:106DD00015FB001002F02CFDE0694C2115FB0100B1
:106DE00003F0EDFDA1E0E069E42115FB0107F8697E
:106DF0007168C0EBC032384604F0DCF9BA6EB16895
:106E000007F14C00C2EBC23204F0D4F9D7F8B42039
:106E1000F16807F19800C2EBC23204F0CBF92046CA
:106E200001F016FAA0694FF40C7715FB070000215A
:106E300004F012F8A069012115FB0700FFF764F8C0
:106E4000A06915FB0700FFF7F7FC60694FF41571A7
:106E500015FB01004FF4F851C0F8D011716990EDA5
:106E6000321A9FEDE92AC0F8D41131EE021A3169C5
:106E700090ED240ABDEEC12AB8EEC21AC0F8E011A6
:106E80004FF46171B4EE410AC0F8D811F1EE10FA76
:106E900080ED772ABEBFBDEEC00A80ED770AB8EE5E
:106EA000C01A90ED230AB4EE410AF1EE10FAC4BF05
:106EB000BDEEC00A80ED770A307884F868000120C2
:106EC00060650020E06678E1E0694FF4987115FB99
:106ED0000107F8697168C0EBC032384604F06AF9FE
:106EE000BA6EB16807F14C00C2EBC23204F062F92D
:106EF000D7F8B420F16807F19800C2EBC23204F071
:106F000059F9D7F80021316907F1E400C2EBC23228
:106F100004F050F9204601F09BF9A0694FF40C7180
:106F200015FB0100002103F097FF307884F868001A
:106F300043E1B068E169C4F88C007068C4F8880067
:106F40004FF47A70C4F89000C820C4F8940015FB80
:106F5000071004F003F9E069B16815FB07002AB0D7
:106F6000BDEC048B01B0BDE8F04F06F00BB84CF25D
:106F70001450C0F6060090E88E00D0E90464D0F802
:106F800018C0808B0DF1100E8EE88E00ADF82C002D
:106F900004A829460022CDE90864CDF828C0CDF820
:106FA0000090CDF8049087E04FF4157015FB0010A9
:106FB000DAE01021314491ED000AFE214FF41578FA
:106FC000002784F8681015FB08000621E76680F8A2
:106FD0000812012180F8EC116069B8EEC09A15FB27
:106FE000080080F8F871606915FB0800D0F8E89196
:106FF00013F026FB13F0A1FD002800F0BA80D6E9BB
:107000000301081A00EE100AD9E91E01B8EEC00A01
:10701000081A01EE100AB8EEC11A80EE018A0BF0D0
:10702000C8FB0E218DF810508DF811108DED168AC9
:107030001797016816AA4B6A04A99847E0694C277C
:1070400015FB0700B0EE480A04F076F8E06989EE17
:10705000081A15FB070090F8401041F0040180F871
:10706000401096ED030A99ED1E2AB8EEC00A80EE94
:10707000080AB8EEC22A606915FB080030EE420A21
:10708000BDEEC02A80ED7F2A606931EE400A15FB13
:10709000080080ED7C0A7FE046F6EB1216AC0BB2DE
:1070A000C0F6060220464621FAF764FB002320467C
:1070B000009329460022019303F08CFF7DE081219B
:1070C00007EB0800C8F2080151FB00019FED811A8F
:1070D000CA1302EBD171C1EB0131C0EB011000EE1C
:1070E000100AB8EEC00A20EE010AB2EE041A20EE31
:1070F000018AB9F1040F28BF4FF00F0916F0B8FB51
:10710000337BBDEEC80A29464A468DED000A16F0CB
:1071100099FA002857D00DF1580808F121002521CF
:10712000FAF7AAFF6C480DF15C0916906AA0071DDA
:107130008ECF00F1140E90F820009EE8405089E8B0
:107140008E008DF878000023404629460022CDE9C4
:107150001B6CCDF874E00093019303F03BFF606972
:107160004FF4157115FB010080F8A8B184F85AA0FE
:1071700023E016F07DFB16F01DFE002846D0606966
:107180004FF4157115FB010080ED7C9A606915FBC9
:1071900001000021C0F8FC1196ED020A60694FF46D
:1071A0001571B8EEC00A15FB010080ED7D0A60691B
:1071B00015FB0100012180F8F8112AB0BDEC048B09
:1071C00001B0BDE8F08FD4E905104FF4157715FB39
:1071D000071191ED7C0A4FF40C727168BDEEC00A84
:1071E00015FB020010EE102A05F04AFA80B3606920
:1071F00015FB070002F01CFB6069012115FB07006D
:1072000080F8ED11D9E700BF000061444CF2345022
:10721000C0F6060090E88E00D0E904640DF158082D
:10722000D0E906CE88E88E0000F12007CDE91A6487
:10723000DECFCDE91CCE0DF1780C90F838008CE84B
:107240005E00002323978DF89000009316A830E786
:1072500016AE30464621FAF731FF28A230464621C5
:1072600000234FF00008FAF785FA3046294600223D
:10727000CDF80080CDF8048003F0ACFE606915FB0A
:10728000070071E7476F696E6720746F206861724D
:107290006473746F70506F733A252E326620772FA7
:1072A0002050574D3A2564004D6F76652068726412
:1072B0005F737470206D6F746F723D256420776901
:1072C00074682070776D3D256420616E6420637A58
:1072D0003D2564000000B43B4572726F7220696EF8
:1072E00020726563616C69627261746520504F53EE
:1072F00020656E636F646572000000004572726FF6
:107300007220696E207365742068733A2072657408
:107310003D256400000000C700000047B0B582B002
:10732000044690F8A8010B282BD0FE2829D094ED14
:10733000230A94ED241AB4EE410AF1EE10FA20D09B
:1073400094ED2A1A9FED9D2A94ED320A31EE021A2D
:10735000B4EE410AF1EE10FA0ADB94ED2B1A9FED20
:10736000982A31EE021AB4EE410AF1EE10FA08DD65
:1073700094F8E50140F0020084F8E5010A2084F861
:10738000A80194F8C511002900F0F58004F5827079
:1073900001F0C7FE002800F0EC800020C4F8D40003
:1073A000C4F8C400C4F8EC00012094F8E5110843C7
:1073B00084F8E5010A2084F8A801B4F8E60141F256
:1073C0008832013081B29142A4F8E60105D900204B
:1073D000A4F8E60184F8E50101E094F8E50194F8E9
:1073E000E411884200F0C280227844F2D045C1F214
:1073F0000005EA800022C007C5E90222AA8017D052
:1074000011F0010014D1022007211EF025F8286098
:1074100010F0D8FB042100220023009510F0AFFBF0
:1074200010F064F9217810F0D3F908B129684161AE
:1074300094F8E50180061CD594F8E401800618D480
:1074400000200121C5E90210022014211EF004F8D9
:10745000286010F0B7FB042100220023009510F0F3
:107460008EFB10F043F9217810F0B2F908B12968C9
:10747000416194F8E501C0061CD594F8E401C0060A
:1074800018D400200221C5E90210022014211DF0A9
:10749000E3FF286010F096FB0421002200230095F2
:1074A00010F06DFB10F022F9217810F091F908B17D
:1074B0002968416194F8E50100071CD594F8E401BE
:1074C000000718D400200321C5E90210022014216E
:1074D0001DF0C2FF286010F075FB0421002200237C
:1074E000009510F04CFB10F001F9217810F070F9C4
:1074F00008B12968416194F8E501800718D594F82E
:10750000E401800714D4022010211DF0A5FF28609B
:1075100010F058FB042100220023009510F02FFBEF
:1075200010F0E4F8217810F053F908B129684161AE
:1075300094F8E5010021C5E90201022003211DF0B4
:107540008BFF286010F03EFB0421002200230095F1
:1075500010F015FB10F0CAF8217810F039F908B1D5
:107560002968416194F8E50184F8E401012002B042
:10757000B0BD94F8A801502811D0062808D00328DF
:1075800016D104F5887001F0CCFD78B120200CE70D
:1075900004F59A7001F0C5FD40B1102005E704F52F
:1075A000947001F0BEFD08B10820FEE694F8A80131
:1075B0000A283FF402AF0020D9E700BF0080E3C4EF
:1075C0000080E34410B504460020A4F8E40104F56B
:1075D0008E70FEF758FD04F58870FEF754FD04F533
:1075E0009470FEF750FD04F59A70FEF74CFD04F51B
:1075F0008270BDE81040FEF746BD10B50446043069
:1076000005F027FE94ED320A04F5A070BDEEC00A25
:1076100010EE101AFEF7D8FDD4F8C800D4F8D41034
:107620000022C4E92D20C4E92F22C4F8C410C4E903
:107630003922C4E93B2210BD2DE9F047044690F8F9
:107640001C01A02804BF012084F8020160780228F0
:107650000BD12EF0E1F994F8141100F0010001F0C3
:10766000FE01084484F8140101E094F8140110F0BC
:1076700001001CBF002184F81D116178012950D13F
:1076800094F81C1194F81D21914204D094F8021131
:10769000084300F03B814FF0000804F5907084F837
:1076A0000481FEF7F0FC04F5A27001F03AFD002819
:1076B00007BF4FF0000A84F803A14FF0010A84F8D5
:1076C00002A194F81801C10704D0B4F80A110131DD
:1076D000A4F80A11410704D5B4F80C110131A4F83B
:1076E0000C11000704D5B4F80E010130A4F80E0106
:1076F000B4F8080142F21172013081B29142A4F84B
:10770000080112D3D4F80A21B4F80E3152EA03006A
:1077100003D0A0780B2105F0C0FD0020C4E9420091
:1077200003E04FF000084FF0000A94F81401C0077E
:1077300002D194F8020198B36078022803D120782E
:1077400000092EF03DF8B4F8060141F2883201300C
:1077500081B29142A4F8060108D900200021A4F8C2
:107760000601C4F81001A4F8030102E0D4F81011D6
:10777000C8B2D4F81451A94200F0C080EFB2F907A2
:1077800015D010F001003E4612D1A0780021002251
:10779000002305F082FD07F0FE0694F8147107E05F
:1077A0000020C4F81001A4F80301BDE8F0873E46AC
:1077B00038074FEA15490BD594F81001000707D494
:1077C000A07801210022002305F067FD06F0F706EE
:1077D00094F8160180070BD594F81201800707D49E
:1077E000A07802210022002305F057FD09F0FD09D1
:1077F00094F81401410603D594F81011490605D5F3
:10780000C1060DD594F81011C90609D4A07803213A
:107810000022002305F041FD94F8140106F0AF06A4
:1078200040B2B0F1FF3F4FEA15270BDC94F910018D
:10783000002807D4A07804210022002305F02DFDA4
:1078400006F07F0694F8150141060ED594F8111143
:1078500049060AD4B4F91420A078D317122105F0F0
:107860001CFD94F8150107F0BF0740B2B0F1FF3FCF
:107870000BDC94F91101002807D4A0781321002211
:10788000002305F00AFD07F07F07BAF1000F08D0CA
:1078900094F8030128B9A07806210022002305F0FE
:1078A000FCFCB8F1000F05F07F4508D094F8040106
:1078B00028B9A0780F210022002305F0EEFC5FFA22
:1078C00089F045EA0040F9B240EA012050EA060595
:1078D00005D0A0780E212A46002305F0DEFCD4F85E
:1078E000140140B1A0780E212A46002305F0D5FCF2
:1078F000D4F8140100E00020C4F8100194F802014B
:1079000084F8048184F803A1BDE8F08704F5907041
:1079100001F007FC00281ABF4FF0010884F802812B
:107920004FF00008BFE6A03005F093BC80B586B0EC
:10793000C2B200F0F00160F30A2242EA0130019085
:107940004FF4E060ADF80800002110EE102AADF809
:107950000F0001A88DF80A10CDF80B208DF811103A
:107960008DED050A0BF06CF906B080BD90ED081A9C
:1079700090ED090AB4EE410AF1EE10FA30DA90ED1A
:10798000113A90ED167A90ED156A20EE033A27EE43
:10799000037A90ED145A37EE066A26EE036A90EDEC
:1079A000134A36EE055A25EE033A9FED945A90EDB0
:1079B000062A33EE043A23EE054A90ED051A34EE1A
:1079C000022A22EE054A34EE011A30EE050A80ED55
:1079D000051A80ED062A80ED073A80ED090A03E0DA
:1079E0004FF0000CC0E906CC90ED0F1A90ED100A94
:1079F000B4EE410AF1EE10FA42DA90ED123A90ED4F
:107A0000195A20EE030A90ED186A25EE005A90EDFF
:107A1000173A35EE065A25EE000A9FED785A90ED9A
:107A20000D4A30EE030A20EE053A90ED0C2A33EEB3
:107A3000043A90ED051A23EE054A34EE022A80ED51
:107A40000E0A32EE010A80ED0C2A80ED0D3A81ED2E
:107A5000000A90ED060A90ED0D1A30EE010A82ED53
:107A6000000A90ED070A90ED0E1A30EE010A83ED40
:107A7000000A90ED100A30EE050A80ED100A2FE0A2
:107A800090F828C0BCF1000F1ED090ED0D1A9FEDAC
:107A90005B2A90ED0C3A90ED050A21EE021A31EEC8
:107AA000031A4FF0000C31EE000AC0F838C080ED28
:107AB0000C1A81ED000A90ED060A90ED0D1A30EED9
:107AC000010A82ED000A07E0D0F814C0C1F800C036
:107AD000D0F818C0C2F800C0D0F81CC0C3F800C06D
:107AE00080B590ED001A90ED010AB4EE401AF1EE67
:107AF00010FA0BD091ED002AB4EE412AF1EE10FA03
:107B000007DDB4EE402AF1EE10FA3FDA4FF0000E36
:107B100039E092ED000AB5EE400AF1EE10FA25DAEE
:107B200090F828C0BCF1000F08D190ED0F0A90ED3D
:107B3000101AB4EE401AF1EE10FA13DA90ED050ABD
:107B400090ED0C1A4FF0000C31EE000A80F828C0BE
:107B5000C0F83CC0C0F840C080ED050AC0E90DCCBB
:107B6000C0E90BCC4FF0000CC2F800C093ED000A46
:107B70004FF0FF0EB5EE400AF1EE10FA01DA0022E6
:107B80001A60006808604FFA8EF080BD92ED000A1E
:107B900000F1040CB5EE400AF1EE10FA23DD90F886
:107BA00028E0BEF1000F08D190ED0F0A90ED101AF9
:107BB000B4EE401AF1EE10FA13DA90ED050A90EDEA
:107BC0000C1A4FF0000E31EE000A80F828E0C0F8E1
:107BD0003CE0C0F840E080ED050AC0E90DEEC0E9E8
:107BE0000BEE0020106093ED000A4FF0010EB5EE91
:107BF000400AF1EE10FA6046C1DCC2E76F12833A28
:107C000090ED080A90ED091A0020B4EE401AF1EE4A
:107C100010FAA8BF0120704780B5B0F912E0D0E992
:107C200001C39E440CF101039342C0E9013E0DD90A
:107C3000BEF1000F48BFCEF1000E00228E454FF07E
:107C40000001B8BF0121C0E9012200E0002108467F
:107C500080BDC169826A90ED081A514300EE101A86
:107C6000B8EEC00A80EE010A90ED061AB8EEC11A0D
:107C700030EE410ABDEEC00A10EE100A7047C1692D
:107C8000C26A90ED081A514300EE101AB8EEC00A0D
:107C900080EE010ABDEEC00A10EE100A7047000027
:107CA0002DE9F04F81B02DED048B86B08346B0F8FE
:107CB00058000138042800F23A82DFE800F0A903F6
:107CC000B26A0300DBF8000090F80090B9F1000FF1
:107CD0004BD000254FF41576DBF80800DBF81410C4
:107CE000405D10FB061000F021FD0135A945F3D1E0
:107CF0009FEDC88A00264FF415774FF40C7800BF2B
:107D0000DBF80C00DBF82C3010F806C0D3B1DBF840
:107D10000810DBF8142053F82C304D46B0EE480A1A
:107D200011F8014B013D03EB840090ED001A14FBA8
:107D3000072090ED3C2A21EE021A31EE000AEFD125
:107D400006E000BFDBF814001CFB070090ED3C0AC6
:107D5000DBF81800BDEEC00A1CFB080010EE101A7C
:107D6000FEF742FD01364E45CAD19BF8620001285C
:107D700000F0E381022800F0D181032840F0D78190
:107D8000584606B0BDEC048B01B0BDE8F04F07F0DB
:107D900075BADBF800000778002F00F0C881DBF827
:107DA0000800DBF814104FF4157200233D4600BFA5
:107DB00010F8016B013D16FB0216C6E92E33C6F81A
:107DC000C430C6E93933C6F8EC30C6F8F030EFD12C
:107DD00000244FF40C7600BFDBF80C00DBF8181021
:107DE000055D15FB06100021FEF7C3FCDBF818004B
:107DF000002115FB0600FEF7D9FCDBF81800002176
:107E000015FB0600FEF7F0FC0134A742E4D18EE139
:107E1000584606B0BDEC048B01B0BDE8F04F01F050
:107E2000E1B9DBF8000002780020002A01928BF80B
:107E3000610000F06D8100264FF41574012700BF2A
:107E4000DBF80800DBF81410805D10FB04152846F1
:107E500004F054FA9BF85D0018B99BF85A00062804
:107E600005D1284600F0ACF908B18BF86170019893
:107E70000136B042E4D19FEDB58A4FF0000A4FF4CD
:107E800015784FF40C7400BFDBF80C009BF85D20F4
:107E9000DBF8201010F80A90002A41D000295BD0AE
:107EA000DBF82400DBE905C44FF40C7350F82950CB
:107EB00019FB0340DBF8082090ED012A019CB0EE8D
:107EC000481AB0EE480AF0EE480A00BF12F8017BEB
:107ED000013C51F8276017FB08C306EB890696EDB5
:107EE000003A93ED314A93ED355A23EE044A05EBFF
:107EF000870734EE000A23EE053A93ED334A97EDF7
:107F0000005A73EE200A25EE043A23EE023A33EECD
:107F1000011ADBD100F096FD4FF40C7436E000BF7F
:107F200069B3DBF80800DBF81420019BB0EE480AC7
:107F300010F8017B013B51F8276017FB082706EB7F
:107F4000890696ED001A97ED3C2A21EE021A31EED1
:107F5000000AEDD11AE000BFDBE9050119FB0802B8
:107F600019FB041090ED011A92ED332A92ED310ABB
:107F7000D2ED350A22EE011A00F064FD06E0DBF8CE
:107F8000140019FB080090ED3C0A00BFDBF8180054
:107F9000BDEEC00A19FB040010EE101AFEF7E9FB53
:107FA00001980AF1010A82457FF46EAF9BF86100E7
:107FB000002800F0AD809FED658A4FF000094FF476
:107FC0000C770DF1080A4FF4157800BFDBF80810A4
:107FD000DBF82C0011F80950F0B1DBF80C10DBF8DD
:107FE0001820019BB0EE489A11F8014B013B50F864
:107FF000246014FB072406EB850694ED1C0A96ED1D
:10800000001AB8EEC00A21EE000A30EE099AEBD150
:108010000AE000BF00000000DBF8180015FB0700B5
:1080200090ED1C0AB8EEC09ADBF814000AEB850448
:1080300015FB080084ED009A00F0C2F860B3DBF88D
:108040001400002115FB080090ED2C0A0022B5EE6B
:10805000400AF1EE10FAB4EE490AC8BF0121F1EE70
:1080600010FA00F5DC70B8BF0122514018BFB0EE25
:10807000409A84ED009A01F054F868B1DBF81400DE
:1080800015FB080004F08BFFDBF8140015FB08005B
:1080900000F5DC70FDF7F7FF019809F10109814552
:1080A00094D19FED2A8A00254FF40C76DBF80C0062
:1080B000DBF82010405DC9B1DBF80820019BB0EE71
:1080C000480A00BF12F8017B013B51F827400AEB38
:1080D000870704EB800494ED001A97ED002A21EE47
:1080E000021A31EE000AEDD104E000BF0AEB800174
:1080F00091ED000ADBF81810BDEEC00A10FB061067
:1081000010EE101AFEF735FB019801358542CDD1EE
:108110009BF86200012810D0022808D1584606B00A
:10812000BDEC048B01B0BDE8F04F06F0F9B906B024
:10813000BDEC048B01B0BDE8F08F584606B0BDEC35
:10814000048B01B0BDE8F04F06F0B4B800000000A9
:1081500090F8C42162B190ED2E0ABDEEC00A81ED07
:10816000000A90ED390ABDEEC00A10EE102A01E0B7
:1081700000220A6010B58A6090F8C52162B190EDC6
:10818000310A4FF0010EBDEEC00A10EE103A4FF06A
:108190000C0CEC22042407E000234FF0100CF0221A
:1081A0000C244FF0000E4B600B51104490ED000A70
:1081B0007046BDEEC00A10EE102A41F80C2010BD2A
:1081C00090F9AA017047000091ED000AD1E9012160
:1081D000B7EE001A9FED092AB5EE400A81EE001AAB
:1081E00080ED3E0AC0F8FC20C0F8F410F1EE10FA61
:1081F00018BFB0EE412A80ED402A70470000000011
:10820000A030FEF737BB90ED240ABDEEC00A81ED29
:10821000010A90ED260ABDEEC00A81ED030AD0F8EE
:108220009C000861704790F80101B0FA80F04009A5
:10823000704780B5DDE902EC00F13C0780ED050AEE
:10824000C0ED060A87E80E40C0F84CC080BD0000B3
:108250002DE9F04F81B02DED048BA6B00168D0F868
:1082600028B091F800A0BBF1000F09904FD0BAF1EF
:10827000000F70D0D0E90212D0E905079FED540A33
:10828000CDE906214FF40C71002405900798059A5A
:10829000005D4FF4157310FB03231A46002642F8C5
:1082A000DC6FC3F8E0605BF820C093F868E0DDF8AD
:1082B00018905546B0EE401AB0EE402A089000BF24
:1082C00019F8010BBEF1000F10FB01780CEB8006D2
:1082D00098ED123A96ED004AB8EEC33A24EE033A0E
:1082E00033EE022A82ED002A0BD198ED193A96ED71
:1082F000004AB8EEC33A24EE033A33EE011A83ED96
:10830000381A013DDCD101345445BFD123E0BAF124
:10831000000F20D08768D0E905214FF40C7C4FF482
:108320001570554617F8013B13FB0C1613FB002480
:1083300096ED120A089394F86830B8EEC00A84EDFE
:10834000370A2BB996ED190AB8EEC00A84ED380A3F
:10835000013DE7D1FFE7099E706A00284CD0BAF1D1
:10836000000F69D09FED1A8A9FED1A9AAAF10108B1
:108370004FF0000B4FF40C744FF41579D6E902015D
:10838000B26910F80BC001250023B0EE480A00BF07
:10839000C85C10FB042696F8A8711FB901339A45F2
:1083A000F6D119E0099F96ED692A7F6A984557F83A
:1083B000200003F1010300EB8C0090ED001A4FF058
:1083C000000521EE021A31EE000AE1D106E000BFFD
:1083D0000000000000247449E80707D1099820EE46
:1083E000090A40691CFB090001F0BAF80BF1010B06
:1083F000099ED345C2D11FE0BAF1000F1CD09FEDFA
:10840000C98A00244FF40C754FF41577F068B169F0
:10841000005D10FB051090F8A81151B1B1687269A8
:10842000095D90ED690A11FB072020EE080A01F0B2
:1084300097F80134A245E9D1306B0028049000F090
:10844000B78070680078002807904AD000244FF465
:1084500015780AAD4FF04C0B1AAF00BFD6E90401F6
:1084600010F8049019FB0810D0F8DC00F16945F809
:10847000290019FB0B10FEF72EFA38B1706919FBB1
:108480000800D0F8DC1047F8291012E0F06919FB59
:108490000B00FFF7DEFB00EE100A96F85E00B8EE68
:1084A000C00A07EB890181ED000A70B1706919FB00
:1084B000080090ED380A079912A8013400EB8900F2
:1084C000A14280ED000AC9D109E0F06919FB0B0057
:1084D000FFF7D5FB00EE100AB8EEC00AEBE7306BF1
:1084E0000490BAF1000F60D009989FED8D0A816861
:1084F0004069069105901AA812A90022069B4FF424
:1085000015779C5C059B002614FB07339C464CF8B2
:10851000C86F079DE6464EF8046F002D22AD089403
:1085200045F824603ED0089D22AC04EB8508099CE8
:1085300093F86870D4F81090049C079B54F825B009
:10854000B0EE401AB0EE402AB0EE403A19F8015BA6
:108550000BEB850600EB850496ED004A94ED005A7E
:1085600001EB850424EE054A34EE033A8CED003A23
:1085700096ED004A94ED005A24EE054A34EE022AA4
:108580008EED002A67B10AAC04EB850496ED004A33
:1085900094ED005A24EE054A34EE011A88ED001AD3
:1085A000013BD3D101325245A8D1DDE9085656E04E
:1085B000089DBAF1000F52D0706900274FF415746E
:1085C0000DF188084FF04C094FF40C7B3169CD5DFB
:1085D000F16915FB0400D0F8DC0048F8250015FB14
:1085E0000910FEF778F938B1706915FB0401D1E97B
:1085F0003723C1E932232FE0F06915FB0900FFF7AB
:1086000028FB00EE100A7069B8EEC00A15FB0401E1
:1086100081ED320A96F85E2022B1D1F8E020C1F84F
:10862000CC2019E0F06915FB0900FFF728FB00EEEC
:10863000100AD6E90501B8EEC00A15FB040282ED66
:10864000330A15FB0B1191ED011A21EE000ABDEE64
:10865000C00A81ED0D0A00BF0137BA45B6D1706975
:108660004FF4157105FB010191F86810B1B396F84C
:108670005E1099B30021BAF1000FCDE91B111A91D8
:1086800047D000244FF4157B0DF188080DF16809DF
:10869000B1680F5DCDF80C9017FB0B0505F188064E
:1086A00005F5037005F1680108EB870205F16C031D
:1086B00005F1780C84350096099ECDE901C507F0D7
:1086C0001DFA70691B9917FB0B02C2F8CC101C999C
:1086D0000134A245C2F8D010DAD11AE0BAF1000F85
:1086E00017D0B1689FED100A4FF4157211F8013BD5
:1086F000BAF1010A13FB020393ED331A93ED362A04
:1087000083ED361A31EE422A22EE002A83ED342A16
:10871000ECD126B0BDEC048B01B0BDE8F08F00BFFA
:10872000000000000024744900007A4470B590F8FD
:10873000A811044600200E2984F8AA0100F2A7809F
:1087400001228A4044F284131A4209D004F58E7043
:1087500000F0E7FC40B104F5A07001F020F903E05F
:1087600040F202231A425ED004F5A07604F1BC0563
:1087700004F1B80104F1C00330462A46FFF7F6F8C9
:1087800094ED2E2A94ED2F0A94ED321A94ED333A9B
:1087900094F8A90132EE412A30EE433A84ED392AA9
:1087A00084ED3A3A08B394ED234A94ED243AB4EEBA
:1087B000434AF1EE10FA09D0B4EE441AF1EE10FA81
:1087C0005BDDB4EE431AF1EE10FA74DA94ED351A6B
:1087D00094ED403A94ED024A23EE011A31EE021A6A
:1087E00024EE011A31EE000A72E094F8A80100218B
:1087F0000828C4F8C410C4F8EC1055DC411E022946
:1088000002D3082840F08B80B5EE400AF1EE10FA52
:1088100063D194ED190AB4EE402AF1EE10FA6BDD43
:1088200032EE400A73E0032931D194ED231A94ED1E
:10883000240A94ED312A94ED353AB4EE401A32EE22
:10884000433AF1EE10FAC4F8B800C4E9390084EDF7
:108850003B3A0DD094ED322AB4EE412AF1EE10FAF3
:1088600040F39780B4EE402AF1EE10FA80F29F8038
:1088700094ED400A20EE430AA6E094ED020A9FED33
:108880005C2AFF2020EE020A34EE411A1CE09FED24
:10889000590AC4E92E00C4F8C400C4E93900C4F878
:1088A000EC00C4F8F00070BD0E2821D0092836D1A4
:1088B00094ED020A2FE094ED020A9FED4D2A01206B
:1088C00020EE020A33EE411A84F8AA0121EE000AD2
:1088D00094ED251A84ED2F0A48E094ED023A94EDC8
:1088E000054A22EE032A24EE000A30EE020A14E0C2
:1088F0000020C4F8E40012E0B1EE403AB4EE432A9E
:10890000F1EE10FAB4BF32EE000A9FED3A0A94ED90
:10891000022A84ED390A22EE000A84ED2F0A94ED32
:10892000233A94ED242AB4EE423AF1EE10FA1BD029
:10893000B4EE431AF1EE10FA0ADDB4EE421AF1EE8B
:1089400010FA11DBB5EE400AF1EE10FA05DC0BE08F
:10895000B5EE400AF1EE10FA06DA304601F01FF8E3
:108960009FED240A0020286094ED251AB4EE410AF8
:10897000F1EE10FA06DCB1EE411AB4EE410AF1EE66
:1089800010FA03DA85ED001AB0EE410A84ED3C0AD4
:1089900070BD94ED020A9FED163AFF2020EE030A07
:1089A00031EE421A84F8AA0121EE000A0CE094ED9F
:1089B000021A9FED0F3A012021EE031A30EE420A0F
:1089C00084F8AA0120EE010A94ED251A84ED2F0AFD
:1089D000B4EE410AF1EE10FA06DCB1EE411AB4EE43
:1089E000410AF1EE10FAD1DA84ED2F1ACCE700BF7C
:1089F000CDCCCC3D0000000043784FF0FF32B1F108
:108A0000FF3FC8BF0122012B426518BF704780B5E8
:108A100084B00278A0F85111130302F00701D0F8D6
:108A200050C1D0F854013FFA83F343EA01211144C5
:108A3000039001A8CDE9011C0AF027F804B0BDE8B5
:108A400080407047B0B52DED048BB0EE418A30EE1A
:108A5000601A00F1900100F1A005044681EC030AC0
:108A60002846B0EE410AFCF729FDD4ED240AB0EE09
:108A7000409A2846B0EE480A00F078F839EE000A2D
:108A8000BDEC048BB0BD90ED590ABDEEC00A10EEEE
:108A9000100A704770B5C26A48F200058C1ACFF60A
:108AA000FF7514F5004FD8BF2C461444641A4FF6D6
:108AB000FF7E744424EA0E0421448C1A4FF40043D0
:108AC000B4F5004FB8BF23461344C91A71446FF37D
:108AD0000F01631A991801EE101A90ED010AB8EE11
:108AE000C11A81EE001A90ED0E2A4FF47A7CB8EE8E
:108AF000C22A046D03FB0CF2C1624FF400414263D1
:108B000031EE421ABDEEC11A11EE102A1CB9002333
:108B1000144680F80031436D141B04FB03F616F570
:108B2000004FC8BF354604FB1355866C754425EAD3
:108B30000E0504FB03530265B3F5004FB8BF194699
:108B4000591A71446FF30F01591A721801EE102A65
:108B5000B8EEC11A20EE010A01FB0CF1BDEEC00A0D
:108B60008264416680ED0A0A70BD000090ED132A10
:108B7000B1EE421AB4EE410AF1EE10FA19DD90EDB1
:108B8000061AB4EE420AF1EE10FA29DD90ED112A30
:108B90009FED173A90ED0F4A22EE032A90ED043A2A
:108BA00020EE040A32EE000A23EE202A32EE000AFA
:108BB0001AE090ED102A90ED123A20EE020A9FED95
:108BC0000D2A90ED041A23EE022A90ED064A30EEAB
:108BD000020A21EE201A31EE000A24EE000A704744
:108BE00090ED040A20EE800A21EE000A704700BFD3
:108BF00000247449002474C980B5DDE902ECA0307A
:108C0000CDE902ECBDE88040FFF713BB10B5044688
:108C1000007800092CF0D4FD94F8160140F0020011
:108C200084F81601A02084F81C0110BD50B140F654
:108C3000086CC1F2000C9CF8010028B1062906D985
:108C4000FF2002E0FE2000E0002040B27047DCF888
:108C5000D00101F0BBB810B504460078042807D154
:108C600011F0EEFC11F069FF10B9012084F83A0010
:108C700094F83A0078B1B4F8460041F288320130F5
:108C800081B29142A4F8460007D90020A4F846001A
:108C900084F8450003E0002010BD94F8450094F8E6
:108CA000442090422ED0C10702D112F0010109D117
:108CB000810702D412F0020104D100070AD412F095
:108CC000080007D094F83B000821002304F049FB7A
:108CD00094F84420500708D594F83B00092100225D
:108CE000002304F03EFB94F84420D00608D594F805
:108CF0003B000A210022002304F033FB94F84420B7
:108D000084F84520012010BD2DE9F04186B090F88F
:108D1000A821CDB2AA4201D1012006E00446FE2AD4
:108D20004FF0000018BF0B2A02D106B0BDE8F08159
:108D30000A2A05D10D2DF8D12046FEF743FC0DE09F
:108D40000E2D13D80FF20401DFE805F025250B1ACC
:108D50000A0A201825250A0A0A080B0000251AE02D
:108D6000E3E704F58E70FDF78EF914E0502DDCD1A9
:108D700004F59470FDF787F950250CE008250AE00A
:108D800004F58870FDF77FF9032504E004F59A7077
:108D9000FDF779F9062527780420012184F8A851E8
:108DA0004FF001081CF058FB002602908DF80C6073
:108DB0008DF80D70ADF80E50CDE904560EF002FF9F
:108DC00002AF14A20221002300970EF0D8FE94F8FF
:108DD000A8110E2910D808FA01F044F28632104288
:108DE0000AD00120032984F8C4010AD094F8A9010B
:108DF000012805D1012004E0032984F8C461F9D0D9
:108E0000002084F8C5012046FEF7F7FB204602F05B
:108E100083FA81E753455420434F4E54524F4C4DF3
:108E20004F44450002464078022807D001280AD165
:108E3000B1F5FA4FA8BF4FF4FA4104E0B1F5526F13
:108E4000A8BF4FF4526108B2906170474278012A7E
:108E500018BF704705F0F2B8B0B5054600F5A2702E
:108E60000C46FDF710F96068C5F8140120786178A8
:108E700085F81C01B4F9020085F81811E861C1F306
:108E8000001085F80101B0BD90F8281041B990EDAF
:108E90000F1A90ED102AB4EE412AF1EE10FA10DA12
:108EA00090ED051A90ED0C2A002132EE011A80F89F
:108EB0002810C163016480ED051AC0E90D11C0E9F5
:108EC0000B1190ED001AB4EE410AF1EE10FA0ADB34
:108ED00090ED012AB0EE401AB4EE420AF1EE10FA1B
:108EE000C8BFB0EE421A90ED020AF4EE400AF1EE6D
:108EF00010FA02DDF0EE400A08E0B1EE400AF4EEAE
:108F0000400AF1EE10FAB8BFF0EE400A90ED050A03
:108F1000F5EE400A31EE400AF1EE10FA4FF0000192
:108F2000B5EE400AC8BF0121F1EE10FA4FF0000281
:108F3000B1EE602AC8BF0122514018BFF0EE420ACC
:108F400030EEA02A80EE020A9FED253A002180ED46
:108F5000041AB4EE430AF1EE10FA80ED080A07DABB
:108F60009FED200A80ED051AC0E90611016233E089
:108F7000B7EE001A81EE001A90ED063A90ED074A1E
:108F800033EE422AB6EE086AB1EE400A23EE015AE9
:108F9000B8EE0E3A22EE032ABFEE043A80ED111A23
:108FA00035EE045A24EE033A22EE011AB6EE002AF8
:108FB00025EE065A31EE031A24EE022A32EE453A25
:108FC00032EE012AB1EE422A80ED133A80ED142AE6
:108FD00080ED155A80ED161A80ED090A704700BF22
:108FE0006F12833A0000000090ED001A90ED012A04
:108FF000B4EE421AF1EE10FA0ED0B4EE410AF1EEE0
:1090000010FA0BDBB4EE420AB0EE401AF1EE10FAA1
:10901000C8BFB0EE421A01E0B0EE401A10B500F140
:10902000180180ED041A80ED051A00F1300408469D
:109030001121F9F743F820461421F9F73FF810BD44
:1090400090ED0D1AF5EE400A30EE412AF1EE10FADD
:109050004FF00001B5EE402AC8BF0121F1EE10FA31
:109060004FF00002B1EE601AC8BF0122514018BF94
:10907000F0EE410A30EEA01A82EE012A9FED1F3A6F
:10908000012180F82810002180ED0B0AB4EE432A5C
:10909000F1EE10FA80ED0F2A08DA9FED191AC1637C
:1090A00080ED0D0A3821B0EE410A20E0B7EE000A4B
:1090B00080EE023AB1EE420A90ED0E2AB6EE084A70
:1090C00021EE041A642180ED123ABEEE003A22EE3F
:1090D000032AB6EE003A22EE033A31EE031A80ED8F
:1090E000171A32EE011AB1EE411A80ED182A014426
:1090F00081ED001A80ED100A704700BF6F12833AAD
:10910000000000000021C0E908110163C0E90E1150
:109110000164012180ED0B0A80ED0D0A80F8281012
:109120007047816819B1416819B101394160002067
:1091300070470120704700284FF0FF0047D0B0B5BE
:1091400082B00C4606293FD80020012A88BF0120A2
:10915000B2F10E0118BF012108424FF0FF0033D1D8
:109160001D468BB300208DF807008DF8060001F036
:10917000E8FD0DF107020DF10603214602F0C0FDE6
:109180009DF80700042816D09DF80610042912D077
:10919000032818BF032916D101F0D3FD95ED000A6D
:1091A000214603F0BCFF78B901F0CBFD6A68214687
:1091B00003F016FF08E001F0C4FD95ED000A21461A
:1091C00003F07FFF00E0FF2002B0BDE8B04040B2F6
:1091D0007047002180F83A10A0F84410016301871D
:1091E000704700002DE9F04F81B02DED048B86B063
:1091F0008346006802780020002A01928BF8610003
:1092000000F0828100244FF415760127DBF8080076
:10921000DBF81410005D10FB0615284603F06EF80D
:109220009BF85D0018B99BF85A00502805D12846D4
:10923000FEF7C6FF08B18BF8617001980134A042B7
:10924000E4D10198002800F05C819FEDC48A4FF0C2
:10925000000A4FF415784FF40C7400BFDBF80C00D3
:109260009BF85D1010F80A90002943D0DBF820C06D
:10927000BCF1000F5CD0DBF82400DBE905354FF4CE
:109280000C7150F8294019FB0150DBF8082090EDD3
:10929000012A019DB0EE481AB0EE480AF0EE480AE5
:1092A00012F8017B013D5CF8276017FB083106EBE3
:1092B000890696ED003A91ED314A91ED355A23EE4B
:1092C000044A04EB870734EE000A23EE053A91EDD9
:1092D000334A97ED005A73EE200A25EE043A23EE46
:1092E000023A33EE011ADBD1FFF7ACFB4FF40C74FA
:1092F00038E000BFDBF824206AB3DBF80800DBF8B5
:10930000141052F82920019BB0EE480A10F8017B96
:10931000013B02EB870617FB081796ED001A97ED45
:109320003C2A21EE021A31EE000AEFD11AE000BF0A
:10933000DBE9050119FB080219FB041090ED011A85
:1093400092ED332A92ED310AD2ED350A22EE011A5E
:10935000FFF778FB06E0DBF8140019FB080090ED3E
:109360003C0A00BFDBF81800BDEEC00A19FB040080
:1093700010EE101AFDF71AFA01980AF1010A824557
:109380007FF46CAF9BF86100002800F0BD8001986D
:10939000002800F0B9809FED718A4FF000094FF46A
:1093A0000C770DF1080A4FF4157800BFDBF80810B0
:1093B000DBF82C0011F8095000B3DBF80C20DBF8C7
:1093C0001830019C0AEB850CB0EE489A12F8011B8C
:1093D000013C50F8216011FB073106EB850691ED49
:1093E000080A96ED001AB8EEC00A21EE000A30EE27
:1093F000099AEBD18CED009A0CE000BFDBF8180065
:1094000015FB070090ED080A0AEB8500B8EEC09A3C
:1094100080ED009ADBF8140015FB0800FEF7D0FE83
:1094200078B3DBF81400002115FB080090ED2C0A3E
:109430000AEB8502B5EE400AF1EE10FAB4EE490AE5
:10944000C8BF0121F1EE10FA4FF0000300F5D6700D
:10945000B8BF0123594018BFB0EE409A82ED009A80
:10946000FFF75FFE68B1DBF8140015FB080003F09E
:1094700096FDDBF8140015FB080000F5D670FCF72C
:1094800002FE019809F1010981458FD10198D8B3F5
:109490009FED328A00254FF40C7600BFDBF80C00FC
:1094A000DBF82010405DC9B1DBF80820019BB0EE6D
:1094B000480A00BF12F8017B013B51F827400AEB34
:1094C000870704EB800494ED001A97ED002A21EE43
:1094D000021A31EE000AEDD104E000BF0AEB800170
:1094E00091ED000ADBF81810BDEEC00A10FB061063
:1094F00010EE101AFDF75AF9019801358542CDD1C9
:1095000002E09BF8610000289BF86200012815D05A
:1095100003280AD002281AD1584606B0BDEC048BA5
:1095200001B0BDE8F04F04F0FBBF584606B0BDECFB
:10953000048B01B0BDE8F04F05F0A0BE584606B060
:10954000BDEC048B01B0BDE8F04F04F0B3BE06B033
:10955000BDEC048B01B0BDE8F08F00BF000000003F
:10956000014600F5827081ED350AFCF78CBDA03014
:10957000FBF726BF4178022907D0012912BF00203E
:1095800090F8140100F0010070472CF045BA48B182
:1095900090F82810012903D090F83000012801D15B
:1095A000002070470120704748B140F60860C1F2C2
:1095B000000043782BB1062906D9FF2002E0FE20E7
:1095C00000E0002040B27047D0F8D00101F032BD79
:1095D0002DE9F0418CB000284FF0FE074AD00C4630
:1095E000002947D020461D4616460DF0FFFD0428F1
:1095F00001D9FF273EE040F60867C1F20007D7F81F
:109600008001DDF8488018F07DFF20464146C7E91B
:109610000167BD70C7F8D48104F0F4FDD7F8D0011C
:1096200001F098FB04AD28462021F8F747FD21F012
:109630006DF921F074F94EF205310346C0F60201CE
:10964000284622460BF0EFFC43F62C42C0F60602F9
:10965000D7F8B80143F618411768C0F60601D1E9FA
:10966000002307EB870189000027CDE90017029549
:1096700018F0D4FE78B20CB0BDE8F08190F840004C
:10968000012121EA500070472DE9F04F81B00446D6
:10969000D0E90001002590F8008091F80090B8F121
:1096A000000F84F8605034D04FF4157A01274FF43E
:1096B0000C764FF0000B00BFA068616910F80B003A
:1096C00010FB0A10FDF72AFE0028E068A16910F8D7
:1096D0000B0018BF3D4610FB0610FDF7ADFF48B16B
:1096E000A068616910F80B00012510FB0A100A211F
:1096F00080F8A811E068A16910F80B0010FB0610B3
:10970000FFF738FF08B184F860700BF1010BD84502
:10971000D2D1B9F1000F27D000264FF04C0A4FF0FC
:10972000010B00272069E169805D10FB0A10FFF73B
:1097300092FA002806F101061CBF5F465D46B1455E
:10974000F0D18FB1B8F1000F0ED0A06861694FF46D
:1097500015720A23474600BF10F8016B013F16FB44
:10976000021686F8A831F7D1280623D0B8F1000FE9
:109770001ED000264FF415794FF40C77A06861696C
:10978000805D10FB09100021FFF7BEFAE068A169B7
:10979000805D10FB0710FCF791FD30B1E068A16916
:1097A000805D10FB0710FCF748FC0136B045E5D1A1
:1097B0000A2026E094F8600040B3B8F1000F1FD0F3
:1097C00000264FF415794FF40C7700BFA06861694B
:1097D000805D10FB09100021FFF796FAE068A1698F
:1097E000805D10FB0710FCF769FD30B1E068A169EE
:1097F000805D10FB0710FCF720FC0136B045E5D179
:10980000002084F85A000020A4F85C00E8B201B0FF
:10981000BDE8F08F91ED010A0A78BDEEC00A80F82C
:10982000622080ED190A70470430FBF7C9BD0000C3
:109830000146012081F89C0091F89D009FED0C1AD3
:109840009FED0C2A91ED2A0AD1ED2B0A002804BFC6
:10985000B0EE401AB0EE602A81ED231A9FED061A91
:1098600001F5A070F0EE411A81ED242A00F084B8D1
:109870005555D5C65555D546000000004278012AF9
:1098800018BF704704F040BB80ED010A704700002C
:1098900070B590ED680A0646B5EE400AF1EE10FA92
:1098A00018DD96ED671AB5EE401AF1EE10FA11DDEB
:1098B00096ED0D3A96ED072AB8EEC33AB8EEC22AF5
:1098C00021EE031A32EE411A20EE010ABDEEC00A63
:1098D00010EE101AB6F9980146F2676206EB4000E6
:1098E000A0F87011B6F99801C6F26662013050FB1B
:1098F00002F2D30803EBD27202EB8202A0EB8200E9
:10990000A6F8980148F2010047F6FF730022B82537
:109910001BB236F91540994200B2B8BF0B468142DE
:1099200005F10105C8BF0846CC2D2244F0D119B27B
:1099300001FA80F048F63961101AC3F6E30150FBD2
:1099400001F0811001EBD07005B2002D284600D542
:109950006842B16F88420CDD307800092BF030FF8F
:1099600096F8140140F0080086F81401A02086F84B
:109970001C012846756770BDB5EE401AF1EE10FA6D
:10998000F5EE401A80ED000AC0ED010A18BF80ED27
:10999000021AF1EE10FA18BFC0ED031A704790EDED
:1099A000050A90ED0C1A002131EE000A80F828100B
:1099B000C163016480ED050AC0E90D11C0E90B1116
:1099C000704700002DE9F04F87B000284FF0FE04EB
:1099D00000F0F7810E46002900F0F3818046304602
:1099E00091460DF003FC072801D9FF24E9E1304638
:1099F0000DF0FBFB40F6A831C1F2000149780646A4
:109A0000012902D1404601F035FA30460DF0EEFB57
:109A10004FF0000788F80800CDF80090A8B10025A5
:109A2000E9B230460DF0DFFB48B1B0F8011008EBA9
:109A30008502A2F80910B0F80300A2F80B0098F80C
:109A400008400135A542EBD300E0002408F1250AC7
:109A500008F129000121FF224FF0FF330025ADF866
:109A6000107003970AEBC706C9072AF83720B570AC
:109A7000F57040F837304FF001074FF00001F1D199
:109A8000002CCDF8088000F0D08008F10C080020F0
:109A9000012343F20221019018F8039CB9F10D0F44
:109AA0002DD803FA09F0084229D018F8020C00F06A
:109AB0001F071F2F23D002984568E819C678FF2E8C
:109AC0001DD0484605F0FEFE03AA0AF83600A81984
:109AD000D25D40780AEBC60188700AB101230CE020
:109AE0004A780123824205D203A8C355881801325F
:109AF0004A70077101980130019043F2022118F871
:109B0000017C0D2F32D803FA07F008422ED098F8C6
:109B1000000000F01F0BBBF11F0F27D00298456813
:109B200005EB0B00C678FF2E20D0384605F0CAFEA4
:109B300003AA0AF83600A81912F80B2040780AEB9D
:109B4000C60188700AB101230EE04A7801238242DF
:109B500007D203A800F80B30881801324A7080F849
:109B600004B001980130019043F20221A9F10700ED
:109B7000012825D818F8020C00F01F051F2D1FD052
:109B800002984068284490F803B0BBF1FF0F17D04B
:109B9000484605F097FE03AA525D01230AEBCB016C
:109BA0000AF83B008B7042B9487818B903A84355AE
:109BB0004B700D7101980130019043F2022100BFFA
:109BC000F81F012822D898F8000000F01F051F2D6B
:109BD0001CD0029840682844C678FF2E16D038461C
:109BE00005F070FE03AA525D01230AEBC6010AF8D4
:109BF00036008B7042B9487818B903A843554B70AA
:109C00000D7101980130019043F20221013C08F1ED
:109C100004087FF441AFDDF808800199D8F804000A
:109C2000C9B20078814200F2748003AE301D4EF25A
:109C300035074EF2FD2801900124C0F60207C0F658
:109C4000020800201AF83010052958D80AEBC0097C
:109C5000DFE801F0151E0303302805208DF80C0005
:109C60008DF81810002199F80400ADF819108DF83E
:109C70001B103146CDE904792DF06CF83FE0052149
:109C80008DF80C1001990022C1E900228A6019E0C8
:109C900005218DF80C100021CDE904110121C7F236
:109CA00076710EE0052200218DF80C20CDE904111B
:109CB000069207E005218DF80C100021CDE9041172
:109CC0000421069102994FF0000B01EBC00500BF83
:109CD00005EB0B0191F82900FF280BD011F82A2F72
:109CE000FF2A424604BF3A464946CDE9042131469F
:109CF0002DF030F80BF1010BBBF1030FE8D101207F
:109D0000E1074FF000049DD1DDF8088098F80800C5
:109D1000B8B1002408EB8405687A052804D1A87A34
:109D200000F01F002CF010FBE87A052804D1287BF6
:109D300000F01F002CF008FB98F808000134844262
:109D4000E8D3009E40F6A837C1F20007F0B2330A0C
:109D50000122310C87F8C330002304287A7087F879
:109D6000C260A7F8C41087F8C0300AD002280DD10D
:109D700043F62C43C0F606031B6887F8C0205943FE
:109D800002E0002187F8C020C7E932110338B0FA99
:109D900080F04FEA50104FF000044FF0000108BF70
:109DA0000F21C8E90F40FF2088F8381088F84400D8
:109DB00088F8460008F150001421A8F84840F8F748
:109DC0007DF960B207B0BDE8F08F00002DE9F04FDB
:109DD00081B02DED068BA0B0804600284FF0FE002C
:109DE00018BF002A00F0BF85002B00F0BC851CA81E
:109DF00000F1080908EB81000E468F0000F10B010D
:109E000000F10905CDE91E1300F1680184300890C6
:109E100008F1A000059040F6A830C1F2000000EB68
:109E200046000A9100F5B171079100F5AA710991F8
:109E300000F5A3710B9100F5957100F58070069007
:109E4000C6EBC60008EB800000F5CE70119008F15B
:109E50006000109030010E9008F150000D900E201F
:109E60009FEDDBAAB840CDE91C52B6EE008AB2EEF7
:109E7000049A0F97049000271CA80F2401254FF087
:109E8000000B12911396CDF8308000BFD0E900A6E8
:109E90009AF800001DF0CEFF70749AF801001121AD
:109EA0004009B0743046F8F709F99AF8000028B173
:109EB0009AF8010000F01F001D2803D1347400F04F
:109EC0003ABD00BFCDE91A7719979AF80000129FA2
:109ED00001384C464FF000090C2800F27481DFE88D
:109EE00010F00D007201AE0087007A007201580078
:109EF0006500C500D9003C012C0139009AF8010029
:109F000019A900F01F001AAA2CF0DCFD002840F06F
:109F10001F81199800210022A146317420FA01F313
:109F2000DBB20131122982EA0302F7D1D10713997A
:109F30004FF00F0440F0E28200F03802202A40F097
:109F400022849AF80120C0F38B10520904F03BFFE1
:109F500000F091BC45F2C870C1F2000000680168D1
:109F6000096888479AF8010019A900F01F001AAA89
:109F70002CF0A8FD002800F02D81388840F6A83884
:109F80000130388013200027C1F20008A146307448
:109F90002EE29AF8010019A900F01F001AAA2CF06D
:109FA00091FD002800F03C810720D2E000271697A1
:109FB000CDE914779AF8010014A900F01F001AAA3D
:109FC0002CF080FD002800F05B8108204FF6FF7721
:109FD000A1463074DCE19AF8010000F01F002CF07B
:109FE0007FF9411C199000F091819AF80110BDE1B0
:109FF0009AF801900DF07AFB002100270DF0BEFBCE
:10A00000002800F0858109F01F010629A14600F211
:10A01000D78300F108070F24DFE811F00700D90308
:10A02000BE03C703BB03E403F60338460021002741
:10A030000BF017FB002840F0B68300F005BC9AF83F
:10A04000010000F01F002AF0B7FA411C199000F03F
:10A0500061810899A14691ED000AB5EE400AF1EE42
:10A0600010FA40F09E8140F6B830ABE19AF801005A
:10A0700019A900F01F001AAA2CF024FD002800F0F6
:10A080004F810920139F307400204FF00008A14633
:10A09000039083E29AF801700DF028FB00210DF087
:10A0A000B5FB0028A1464FF00F0400F08F808179A6
:10A0B000062940F08B8007F01F01012900F0298359
:10A0C000002940F08380B0F90810B0F90A2000EEB2
:10A0D000101AB8EEC00AB0F90C30B0F90E0080EEDC
:10A0E000090A01EE102AB8EEC11A81EE091A02EE31
:10A0F000103A03EE100AB8EEC22AB8EEC33A82EE66
:10A10000092A83EE093A042120EE0A0ABCEEC00AAD
:10A1100086ED000A21EE0A0ABCEEC00A86ED010AAD
:10A1200022EE0A1A23EE0A0ABCEEC11ABCEEC00ADD
:10A1300086ED021A10EE100A0AE39AF8010019A936
:10A1400000F01F001AAA2CF0BDFC002800F00981C5
:10A1500001204FF6FF773074E0E09AF80100C6F86E
:10A1600000900390012070740DF0C0FA00210DF0F2
:10A170003FFB0028A1464FF00F0400F0C481071DEB
:10A1800038460BF009FB0E2840F0BD81039800F023
:10A190001F01072980F0B48138460BF062FA0028CD
:10A1A00000F0B181B0F9000000EE100AB8EEC00A6C
:10A1B00080EE090A012020EE0A0ABCEEC00A86EDF4
:10A1C000000A707458E30E203074D4E00A209BE13A
:10A1D000610B36439DF86C0040F6A838139F410789
:10A1E000C1F20008A14608D51022327408EB4702DC
:10A1F000B2F80E310133A2F80E31820700F1E4808B
:10A20000C20740F0ED80002900F1F0809AF80110BB
:10A2100019984A09394604F0D6FD30600027E7E076
:10A22000199F86F810901FFA87F948460CF017FF1F
:10A23000C00740F0AF804FEA174840460CF00FFFD0
:10A24000C00740F0A7804846012101270CF0F4FE2A
:10A250000128A14600F0A0804046012101270CF012
:10A26000EBFE012800F0988019984FF6F07101EA92
:10A2700080003060199801EA90307060002140E25F
:10A28000DDE9140916991FFA80F8404603913774E6
:10A290000CF0E5FEC00772D11FFA89F738460CF0C2
:10A2A000DEFEC0076BD103981FFA80F948460CF018
:10A2B000D6FEC00763D140460121CDE902974FF099
:10A2C00001080CF0B9FE0128A1465BD003980121DA
:10A2D0004FF001080CF0B0FE012853D00298012184
:10A2E0004FF001080CF0A8FE01284BD014984FF64F
:10A2F000F07101EA800030601598002701EA8000C3
:10A300007060169801EA8000B0603FE0042002E02F
:10A31000A14698E2052030744FF0FF3700212CE071
:10A320009DF86800139F03284FF00008A14600F035
:10A33000ED80022840F01181BDF86C10481E022803
:10A340000B98C0F007810998082900F0038109984B
:10A35000042900F0FF800B990888013008800998D3
:10A36000F8E019989AF80110C0F34D004A091399C2
:10A3700004F029FD306000210027A146C4E14FF020
:10A380000208A146BDF8507086F81080DDF83080D4
:10A390000F24FCE10227A1463774BDF86470002148
:10A3A000B0E101EE100AB0EEC00AB8EE411A81EE3B
:10A3B000000A0598139950F82100BCEEC00A10EE6F
:10A3C000101A081A0F2456E21121317408EB4701C4
:10A3D000B1F81C21C30702F10102A1F81C2105D02C
:10A3E0001221069A317411880131118000F007079B
:10A3F000139842F2117208EB4008B8F838010130A6
:10A4000081B29142A8F8380167D3129A139B108841
:10A41000002100289DF86C00159100F007001491B0
:10A42000ADF85630CDE9161004D004200390062173
:10A4300014463AE0B8F80E01B0B1012003211BF038
:10A440000BF8B8F80E11169A149042EA0100169013
:10A450000DF0B8FB04210022002314AC00940DF091
:10A460008EFB0020A8F80E01B8F81C01B0B1012045
:10A4700004211AF0F1FFB8F81C11169A149042EA60
:10A48000010016900DF09EFB04210022002314AC65
:10A4900000940DF074FB0020A8F81C01069C208895
:10A4A000B8B1069C01200521039001201AF0D4FFC9
:10A4B0002188169A149042EA010016900DF082FB52
:10A4C000039900220023A44614AC009464460DF0C6
:10A4D00056FB00202080A8F8380145F2C870C1F270
:10A4E000000000680168496888479DF86C009DF885
:10A4F000681000F0070040EA014103E1022143E156
:10A500000020306070740B203074B5E11B9840F669
:10A51000A83310F0060FC1F2000306D003EB470189
:10A52000B1F88C210132A1F88C21010706D503EB8B
:10A530004701B1F87E210132A1F87E21410606D5FE
:10A5400003EB4701B1F870210132A1F87021000638
:10A55000079802D5018801310180FE2001210022E7
:10A560003B461EF039F990ED330A199830EE080A8F
:10A57000BDEEC00A10EE101A402905D089B220297C
:10A5800008BFC0F34D0001E06FF39F309AF801104F
:10A5900003904A09394604F016FC306044F2E04268
:10A5A000C1F2000232F8170042F21173013081B299
:10A5B000994222F8170072D30B98CDE914880088CD
:10A5C000ADF85670CDF85C80CDF8588010B9099878
:10A5D000008800B3012007211AF03EFFDDF8249027
:10A5E000DDF82C801490B9F80000B8F80010CDE91F
:10A5F00016100DF0E7FA14AF032100220023009794
:10A60000139F0DF0BCFA0020A8F80000A9F8000084
:10A61000A1464FF000080798008870B940F6A830AE
:10A62000C1F2000000EB4700B0F8701129B9B0F892
:10A630007E1111B9B0F88C0158B3012008211AF02D
:10A640000BFF1490139840F6A831C1F2000101EB02
:10A650004004B4F86201B4F87011B4F87E21B4F883
:10A660008C3141EA004043EA0241CDE916100DF079
:10A67000A9FA03210022002314AF00970DF07FFAFE
:10A68000139FA4F86281A4F87081A4F87E81A4F8D5
:10A690008C8144F2E040C1F2000020F8178040F6BF
:10A6A000A8311B98C1F200019DF8682091F8C010F4
:10A6B000C3B2002943EA024123D0012F4FF0000723
:10A6C0004FF00F0422D89AF80030092B1ED140F623
:10A6D000A833139FC1F2000303EB870C039B032AEB
:10A6E000CCF8D03037D0DDF8308040F6A833022ADD
:10A6F000C1F200033FD103EB4702B2F8D820104368
:10A7000035E00027DDF830800F24B7E0DDF8308039
:10A71000B4E0B0F91010B0F9120000EE101A01EE1A
:10A72000100AB8EEC00AB8EEC11A80EE090A81EE2E
:10A73000091A00200221B06020EE0A0A21EE0A1A4E
:10A74000BCEEC00ABCEEC11A86ED000A86ED011A05
:10A75000F060717490E040F6A833C1F2000303EB9F
:10A760004702B2F8D820DDF8308042EA002003EB3F
:10A770004702A2F8D800D81990F8DC20002701324F
:10A7800080F8DC207AE003213174C0F38B170021BC
:10A7900074E03846062101E0384603210AF061FFE3
:10A7A000002800F0DD8007784EE0384604210AF0EA
:10A7B00058FF002814BF04780024384605211BE008
:10A7C0004FF0FF3706201997307400219CE7384678
:10A7D00001210AF046FF002814BF047800243846FF
:10A7E000022109E0384607210AF03BFF002814BF88
:10A7F00004780024384608210AF033FF002814BFEB
:10A800000078002007191EE038460E210AF029FFC3
:10A81000002814BF90F800804FF0000838460C2143
:10A820000AF01FFF002814BF0478002438460D21C9
:10A830000AF017FF002814BF0078002004EB08017D
:10A84000DDF830800F180F240A9802EE107A90ED90
:10A85000000AB8EE422AB0EEC01A82EE011AB5EE36
:10A86000400A1997F1EE10FABCEEC11A11EE100A67
:10A8700008BF40F6B830306000210027119B1998BE
:10A8800003EBCB0243F83B0098F838005160139972
:10A890000CF030FB01284DD19AF80000092829D18D
:10A8A0009DF86800002845D0109F0F9B00F00F0115
:10A8B00037F81B20994011431B9A0E9B62F30F201F
:10A8C000C3F1200220FA02F227F81B10B3F1200195
:10A8D00058BF00FA01F200FA03F058BF00200D9EA5
:10A8E00006EBCB0156F83B704B6838431A4346F8E9
:10A8F0003B001EE0307C0F282AD80121814040F621
:10A90000FE52114220D0109B0F9A33F81B1090403A
:10A91000084323F81B00B8B20E990D9F884007EB3F
:10A92000CB014A6857F83B3002EAE072184047F81A
:10A930003B004A600027E8074FF0010B4FF000058D
:10A9400048467FF4A3AA0DE048F201000142F1D18C
:10A950001099049A31F81B00104321F81B00E9E715
:10A96000002771E7002040B220B0BDEC068B01B09B
:10A97000BDE8F08F00284FF000001ED0F0B581B088
:10A980000D46062916D81446012A13D800208DF842
:10A9900003008DF8020000F0D4F90DF103060DF16B
:10A9A0000207294632463B4601F0AAF9002C08BFAF
:10A9B0003746387801B0BDE8F040C0B2704700219A
:10A9C00001828161C18990F84020816202F0F50125
:10A9D00080F84010704790F83D1080ED080A00297B
:10A9E00018BF704700F09EBD90F84000012121EA99
:10A9F000900070472DE9F04F81B08A4690F85A10C8
:10AA00000446BAF10D0F32D1A04658F85A0B0A2964
:10AA100090F800904F4647D16068057865B10026F0
:10AA20004C2700BF2069E169805D10FB0710FEF72D
:10AA3000D0FB0136B542F5D1B9F1000F33D0002576
:10AA40004FF40C764FF41577E068A169405D10FB78
:10AA50000610FBF709FCA0686169405D10FB071058
:10AA60000D21FEF751F90135A945EDD119E00B296A
:10AA70004FF0000000F03781FE2900F03481BAF178
:10AA8000030F03D1606B002800F00281A04658F844
:10AA90005A0B0A2990F8009003D1BAF10D0FBBD0E0
:10AAA000F6E04F4600E0002794F85B202046514630
:10AAB00002F02AFC002800F0EB80BAF10E0FA4F897
:10AAC000580078D8012000FA0AF044F28631084292
:10AAD0003ED0002F00F0CF8000264FF40C754FF4CD
:10AAE000157B00BFE068A169805D10FB0510FCF7D5
:10AAF0001AFFA0686169805D10FB0B10FCF77DFDFB
:10AB0000E068A269805DB4F9581010FB0520FBF7DE
:10AB1000FBF9002800F0BC800136B145E2D194F881
:10AB200062000428504608BF0920002F00F0A380CF
:10AB300000254FF4157746B2A0686169405D10FBAF
:10AB400007103146FEF7E0F80135A945F4D192E04F
:10AB500010F0480F32D1012000FA0AF042F2010150
:10AB6000084228D0002F00F0868000264FF40C7792
:10AB70004FF41575E068A169805D10FB0710FCF7C4
:10AB8000D2FEA0686169805D10FB0510FCF735FD01
:10AB9000E068A169805D10FB0710FBF74EFAA06822
:10ABA0006169805D10FB05105146FEF7ADF8013676
:10ABB000B145DFD15FE0BAF1500F69D17FB3002614
:10ABC0004FF40C754FF4157BE068A169805D10FBB4
:10ABD0000510FCF7A8FEA0686169805D10FB0B10F2
:10ABE000FCF70BFDE068A269805DB4F9581010FB1A
:10ABF0000520FBF789F900284AD00136B145E3D199
:10AC00006FB100254FF41576A0686169405D10FBB7
:10AC100006105146FEF778F80135A945F4D1BAF18E
:10AC20000D0F37D0BAF1070F2BD0BAF1060F39D17B
:10AC300097B300254FF415774FF40C7BD4E902014C
:10AC4000D4E90523405D495D10FB072611FB0B305D
:10AC5000FDF719FF00EE100AB8EEC00A3046FBF708
:10AC600027FCA0686169405D10FB071000F054FBF1
:10AC70000135A945E2D1BAF10D0F0BD0BAF1070F9A
:10AC800010D1082084F85A00012084F85C001AE0F2
:10AC9000002028E04FF0000A002084F85AA084F831
:10ACA0005C001CE0BAF10E0F88F800A011D801205A
:10ACB00000FA0AF144F2863211420AD0BAF1030FC7
:10ACC00084F85C000CD094F85B00012807D10120C7
:10ACD00006E00020BAF1030F84F85C00F7D00020F2
:10ACE00084F85D00012001B0BDE8F08FB1F802C02A
:10ACF000B1F904300FFA8CF2C26742780988012A50
:10AD00000AB28367C0F8802018BF704780B584B04E
:10AD100000781FFA83FE020300F007033FFA82F275
:10AD200042EA03221044019001A8ADF80810ADF8E2
:10AD30000AC0ADF80CE007F0E4FE04B0BDE88040C6
:10AD4000704740F6A830C1F200000178012918BF11
:10AD500000207047D8B1F0B581B000F1250400257E
:10AD600001260127002100BF04EBC1010879CD7045
:10AD7000FF2802D0CE702CF0E5F800200121FA0760
:10AD80004FF00007F0D101B0BDE8F04000E0FE2038
:10AD900040B27047F0B581B0064600284FF0FE0083
:10ADA00026D00D4621B3284614460CF01FFA04287D
:10ADB00001D9FF201CE040F60867C1F2000778784F
:10ADC000012802D1304600F053F907F5D07029462A
:10ADD0001822F7F74BF828462146C7F8D44103F06C
:10ADE00011FAD7F8D001FFF7B5FF012078700020E5
:10ADF00040B201B0F0BD90F8A9218A422AD080B5B6
:10AE000090F8A83180F8A9110E2B12D84FF0010E3E
:10AE10000EFA03FC44F286321CEA020F09D0032B1F
:10AE200080F8C4E10FD001290BD1012180F8C511B0
:10AE30000EE00022032B80F8C42102D14FF0010E56
:10AE400001E04FF0000E80F8C5E109B9FCF7D5FB31
:10AE5000BDE8804001207047427881630021022ACA
:10AE60004FF00102016580F8002108BF80F8011150
:10AE70007047000000283ED02DE9F04740F6A83882
:10AE8000C1F20008814698F80100B0B309F1250A23
:10AE900009F129070020012507EBC004002600BFA7
:10AEA000A05DFF2818BF2BF0C7FD0136032EF7D198
:10AEB0000120E9074FF00005EED100200121FF221B
:10AEC0004FF0FF33002600BF0AEBC605C9072AF87A
:10AED0003620A870E87047F836304FF001064FF082
:10AEE0000001F1D109F108001D21F7F7E7F8002072
:10AEF000A8F8010002E0FE2002E00020BDE8F047D3
:10AF000040B2704770B540F6A834C1F20004207812
:10AF1000012854D0082026F055FC41F20801C1F266
:10AF2000000107F0EFFF45F2C871C1F200010860AF
:10AF30000020A0702CF0C8F8002860603ED004F11A
:10AF400008001D21F7F7BAF800200121FF224FF079
:10AF5000FF330025C90704EBC5064FF001054FF08C
:10AF60000001A6F8252086F8270086F82800C6F8F4
:10AF70002930EFD143F62C40C0F606000068FA21D4
:10AF800048430026C4E932000420052184F8C0604B
:10AF9000C4E93466C4F8D860A4F8DC601AF05CFA3E
:10AFA000C4E9380604200621C4E93A661AF054FAC6
:10AFB000C4E93C06C4E93E66257000E00024204652
:10AFC00070BD40F60860C1F200000178012918BF89
:10AFD000002070472DE9F04186B00D46DDE90C8771
:10AFE00006460420012114461AF036FA0290002089
:10AFF0008DF80C008DF80D50ADF80E40CDE90487AA
:10B000000CF0E0FD02AF02213246002300970CF065
:10B01000B6FD06B0BDE8F0814FF47A72514344F6B4
:10B02000D352C1F26202A1FB02129109C0E90011E0
:10B03000816070474FF0FE03C0B1BAB1B0B5C1EB4B
:10B04000C10100EB8100D0F8B04100F5D275D0E924
:10B0500067CE2ACD546102F108042AC4C2E900CEA9
:10B06000D0F8B40100239061BDE8B04058B27047F9
:10B07000C8B170B540F60865C1F2000504466878AD
:10B0800058B1D5F8800117F03DFAD5F8D001002667
:10B0900085F8D461FFF7EEFE6E700120207300206A
:10B0A000BDE8704000E0FE2040B27047B0B540F609
:10B0B0000864C1F200042078012820D017F03AF982
:10B0C000C4F8B801FFF71EFFC4F8D00104F5D07230
:10B0D0000420052104250AF0EBFA17F02BF9C4F837
:10B0E000800184F8985100250520212184F88D5194
:10B0F0001AF0B2F9C4F8880101202080E57040F60A
:10B100000860C1F20000B0BD10B582B080B1044645
:10B110000CF058FD94F8981104F5C47242F2407393
:10B120000092C0F60603002200240CF028FD00E087
:10B13000FE2460B202B010BD90F83D1021B14FF076
:10B140007E510162012107E04FF0FF31B5EE400A68
:10B15000F1EE10FAA8BF0121C16170470021C0E9DA
:10B160000111704710B5044600F5F6702021F6F77E
:10B17000A5FFFF2084F8080210BD42780988012A43
:10B18000418218BF704780B582B00078ADF80410D6
:10B19000030300F007023FFA83F343EA022210445C
:10B1A0000090684607F0C1FC02B0BDE880407047DF
:10B1B000818270478261C2890182511A90F84020D1
:10B1C00089B2816202F0F50180F8401070470000FA
:10B1D0002DE9F04381B0044690F85B0081426DD0C8
:10B1E00094F95A60884620463146424602F08CF86F
:10B1F000002863D0F1B20E2984F85B80A4F85800CF
:10B2000012D8012000FA01F244F286331A420BD020
:10B21000032984F85C000FD0B8F1010F0BD121682D
:10B2200084F85D000E7827E00020032984F85C0094
:10B2300001D1012000E00020216884F85D000E7833
:10B24000B8F1000F18D1BEB100254FF40C794FF4BE
:10B25000157700BFE068A169405D10FB0910FCF79D
:10B2600062FBA0686169405D10FB0710FCF7C5F93F
:10B270000135AE42EED100E006B300274FF40C7565
:10B280004FF41579E068A169C05D10FB0510FBF76C
:10B2900015F840B1E068A269C05DB4F9581010FB20
:10B2A0000520FAF731FEA0686169C05D10FB091046
:10B2B0004146FFF7A0FD0137BE42E3D101B0BDE832
:10B2C000F08390ED391A90ED370AB5EE401AF1EEA1
:10B2D00010FA09DA90ED721AB8EEC11AB4EE410A0A
:10B2E000F1EE10FA14DB15E090ED731AB8EEC11A06
:10B2F000B4EE410AF1EE10FA0ADC90ED740A90ED1A
:10B30000351AB8EEC00AB4EE401AF1EE10FA01DDBB
:10B310000120704700207047B0B52DED028B00F57D
:10B32000A0750446284600F0E5FC2846B0EE408AA9
:10B3300000F0E3FC94F8A811481E0D281FD8DFE8A0
:10B3400000F00E07300E07371111291B1B1B1B07BE
:10B35000D4F8E801BDEEC00A80ED4A0A0CE0D4F84A
:10B36000E80105E0D4F8E801BDEEC00A80ED4A0A24
:10B37000BDEEC80A80ED480ABDEC028BB0BD502975
:10B38000FAD194ED2D0AD4F8E801BDEEC00A80EDA3
:10B390004E0AF1E7D4F8E801BDEEC80A80ED490A8B
:10B3A000EAE7D4F8C400D4F8E811C1F83401E3E7BF
:10B3B00094ED2D0AD4F8E801BDEEC00A80ED4F0AE5
:10B3C000DAE70000B0B52DED068B84B0044600F539
:10B3D000A2700D46FAF757FEB5F902104FF47A72D3
:10B3E000514394ED018A616300EE101A6968B8EE6A
:10B3F000C09A89EE081A00EE101AB8EEC02A82EE42
:10B40000083AB5F9000094ED580A94ED594A05EE52
:10B41000100A94ED576A20EE044AB8EEC50A26EEEB
:10B42000005A35EE044A84ED594A94ED0E4ABDEEB9
:10B43000C11A84ED191AB8EEC41A606733EE413AA6
:10B4400021EE081A94F8A80132EE411ABDEEC33A73
:10B45000BDEEC11A0028E16284ED123A84ED0A1AA9
:10B4600041D09FED231A20EE010A10EE100A36F0AB
:10B470005FFA9FED200A41EC1A0B29EE000A10EE4C
:10B48000100A04F5D87584ED6CAB36F051FA41EC36
:10B49000100BB5EE408AF1EE10FA84ED6E0B17DA60
:10B4A0008DED00AB9DF8070080F080008DF807005F
:10B4B0009DED001B84ED6C1B8DED020B9DF80F00C4
:10B4C00080F080008DF80F009DED020B84ED6E0B77
:10B4D000284605F005F894ED820B51EC100B35F081
:10B4E0007BFCC4F8A40104B0BDEC068BB0BD00BF6A
:10B4F0006F12833AC3F5C83870B140F60860C1F2E4
:10B500000000417851B180B5D0F8D001FFF722FC9E
:10B510000020BDE8804002E0FE2000E0002040B2B4
:10B5200070470000027800210D2A4ED80123934075
:10B5300013F4385F14D113F4C17F20D090ED090AC1
:10B540009FED231A9FED232A20EE010A80EE020AC6
:10B55000BDEEC00A10EE101A1029D8BF102123E04A
:10B5600090ED090A9FED1A1A9FED1A2A20EE010AA2
:10B5700080EE020ABDEEC00AB8EEC00A18E00C2A3E
:10B580004FF000021ED190ED090A9FED111A9FEDB8
:10B59000112A20EE010A80EE020ABDEEC00A10EE6A
:10B5A000101A0429D8BF042100EE101AB8EE400A80
:10B5B00090ED081A47F6FF7221EE000ABDEEC00AB0
:10B5C00010EE101A8186C28670470022FAE700BF8B
:10B5D00000FF7F470000B443F0B581B00446006827
:10B5E0000125007888B100264FF40C77E068A16946
:10B5F000805D10FB0710FCF716FE2168002808BFCD
:10B600000546087801368642F0D3E8B201B0F0BDB5
:10B61000F0B581B00446006801260078B8B1002575
:10B620004FF40C77E068A169405D10FB0710FAF752
:10B6300036FF38B1E068A169405D10FB071000F0EB
:10B64000CBFA00262068013500788542EAD3F0B2B3
:10B6500001B0F0BD2DE9F04F81B02DED048B84B029
:10B66000044600680078002800F0D2804FF00008FF
:10B670004FF40C7640F2DB5A01AD6FF00049002721
:10B6800000200090E06810F807B0A0690BFB06F1FD
:10B69000405C000928F090FFA16950451BFB061093
:10B6A00098BF80F80181FCF7BEFDA16960B11BFB6A
:10B6B00006100021FBF77AF8206845F827900078FB
:10B6C00001378742DED310E01BFB061004EB870135
:10B6D000806CC96F401A216845F827000878013747
:10B6E00087424FF00100CCD303E00098C00700F080
:10B6F0008F80DDE90120002A00D5524203990028FD
:10B7000000D54042002900D549421346904238BF37
:10B710000346994238BF0B46D21A94ED1E1A00EE2A
:10B72000102AC01AB8EEC00AB8EEC11A02EE100A0A
:10B73000C81A80EE010AB8EEC22A03EE100A82EEA1
:10B74000012AB8EEC33A83EE011A206F4FF40C754C
:10B7500003EE100AB8EEC33AB1EE434A002848BFE0
:10B76000B0EE443AB7EE004A34EE400A23EE000A47
:10B77000B5EE400A34EE422A23EE028A34EE411A34
:10B7800023EE019AF1EE10FAB5EE408A9FED481AC9
:10B79000B8BFB0EE410AF1EE10FAB5EE409AB8BF6C
:10B7A000B0EE418AF1EE10FAB8BFB0EE419AB1EEB8
:10B7B000401AB1EE482AB1EE493A002842BFB0EE35
:10B7C000439AB0EE428AB0EE410AE068A16900787F
:10B7D000BDEEC00A10FB051010EE101AFAF7E6FFD6
:10B7E000E068A1694078BDEEC80A10FB051010EEB4
:10B7F000101AFAF7DBFFE068A1698078BDEEC90A8C
:10B8000010FB051010EE101AFAF7D0FF002048E0E8
:10B81000E068A16907784FF40C7217FB0217636F99
:10B82000BE6CBD6BF61A2E44BE63477817FB021739
:10B83000BE6CBD6BF61A2E44BE63877817FB0217E9
:10B84000BE6CBD6BF61A2E44BE63077817FB021759
:10B85000BB64477817FB0217BB64877817FB021796
:10B86000BB640378002713FB021383F8007143784D
:10B8700013FB021383F80071837813FB021383F820
:10B880000071037813FB02139F6C1F65437813FB51
:10B8900002139F6C1F65807810FB0210816C01659C
:10B8A000012004B0BDEC048B01B0BDE8F08F00BFF7
:10B8B000000000002DE9F04F81B02DED048B86B023
:10B8C0000446406DF9281ED8E068A2690078216F0F
:10B8D0004FF40C7510FB0520FAF768FFE068A269C9
:10B8E0004078216F10FB0520FAF760FFE068A2693D
:10B8F0008078216F10FB0520FAF758FF606D002556
:10B90000013060655DE12068002100788DF80A1043
:10B910000028ADF8081000F0F58004F17C00002745
:10B920004FF40C760DF1080A03AD6FF0004B4FF0A9
:10B9300000080190E068A16910F8079019FB061053
:10B94000FCF771FC0AF8070038B1206845F827B009
:10B95000007801378742EDD311E0A069019919FB06
:10B960000600806C51F827102268401A45F827001D
:10B970001078013787424FF00108DBD303E05FEA1C
:10B98000C87000F0BF80DDE90320002A00D55242D4
:10B990000599002800D54042002900D549421346A8
:10B9A000904238BF0346994238BF0B46D21A94EDF5
:10B9B0001E1A00EE102AC01AB8EEC00AB8EEC11A5C
:10B9C00002EE100AC81A80EE010AB8EEC22A03EE8F
:10B9D000100A82EE012AB8EEC33A83EE011A206FF4
:10B9E0009FED7C5A03EE100AB8EEC33AB1EE434A1B
:10B9F000002848BFB0EE443AB7EE004A34EE400AA1
:10BA000023EE000AB5EE400A34EE422A23EE022A63
:10BA100034EE411A23EE011AF1EE10FAB5EE402A87
:10BA20009FED6B3AB8BFB0EE430AF1EE10FAB5EEF7
:10BA3000401AB8BFB0EE432AF1EE10FAB4EE402A35
:10BA4000B0EE404AB8BFB0EE431AF1EE10FAB8BFFC
:10BA5000B0EE424AB4EE441AF1EE10FAB8BFB0EEBE
:10BA6000414AB4EE454A35EE446AF1EE10FAB8BFE9
:10BA7000B0EE463A31EE038A32EE039A30EE030A14
:10BA8000B1EE401AB1EE492AB1EE483A002842BF61
:10BA9000B0EE438AB0EE429AB0EE410AE068A16986
:10BAA00000784FF40C769DF80820BDEEC00A10FB1C
:10BAB000061010EE101A0025002A18BF2946FAF7C2
:10BAC00075FEE068A16940789DF80920BDEEC90ABD
:10BAD00010FB061010EE101A002A18BF2946FAF7BC
:10BAE00065FEE068A16980789DF80A20BDEEC80A6D
:10BAF00010FB061010EE101A002A18BF2946FAF79C
:10BB000055FE5EE0E068A16903784FF40C7613FB04
:10BB10000613626F9F6C9D6BBF1A2F449F6343781F
:10BB200013FB06139F6C9D6BBF1A2F449F63837892
:10BB300013FB06139F6C9D6BBF1A2F449F63037802
:10BB400013FB06139A64437813FB06139A648378F5
:10BB500013FB06139A640278002312FB061282F884
:10BB60000031427812FB061282F80031827812FB13
:10BB7000061282F80031027812FB0612936C1365EC
:10BB8000427812FB0612936C1365827812FB061240
:10BB9000936C1365007810FB06100021FAF706FE7F
:10BBA000E068A169407810FB06100021FAF7FEFD5D
:10BBB000E068A169807810FB06100021FAF7F6FD15
:10BBC0000125284606B0BDEC048B01B0BDE8F08F1E
:10BBD0000000000000C05A452DE9F041ACB0044619
:10BBE00090F82C01C00771D06078022806D0012897
:10BBF00008D194F8140100F0010001E029F00CFFD5
:10BC0000002863D1B4F8320104F59675013081B291
:10BC1000B1F5966FA4F832011DD9A06CD4F8381193
:10BC2000884213D194F830010130C1B2642984F8FC
:10BC3000300110D194F82C11002084F83001A4F8C0
:10BC4000320141F0020084F82C0104E0002184F864
:10BC50003011C4F838012878800704D4D4F83401AE
:10BC6000C4F89C0032E0A06CD4F83C310DF10A0815
:10BC7000C61A0120002784F8000116A2404696212A
:10BC8000C4F89C70A663A3642765CDE90036F5F778
:10BC900071FDA6780420012119F0DEFB28908DF8B3
:10BCA000A4708DF8A560ADF8A670CDE92A770BF0E9
:10BCB00089FF28AE02214246002300960BF05FFF69
:10BCC0002846142184F80171F6F7F8F92CB0BDE884
:10BCD000F08100BF4877206C696D207265616368F0
:10BCE00065643A206370256420637A256420636F5D
:10BCF0002564000090ED040A704790ED0B0A704730
:10BD00004FF0FE0C48B142B13BB100EB8100417AEB
:10BD1000C07A4FF0000C117018704FFA8CF0704719
:10BD20002DE9F04FA3B0044600680078002800F029
:10BD30009580002501274FF40C7600BFE068A169CB
:10BD4000405D10FB0610FCF76EFA2168002808BF62
:10BD50000746087801358542F0D3002F1CBF012724
:10BD600000287CD04FF0000A01274FF04C094FF417
:10BD70000C754FF0000800BFD4E90301E26911F827
:10BD8000081010F808B011FB09263046FAF7A3FD99
:10BD900080B3A0691BFB0500416AFAF707FDA069A3
:10BDA000D4E924121BFB0500FAF726F900284DD030
:10BDB000A069D4F88C101BFB0500826C836B521AAF
:10BDC0001A4429A38263816480F800A10165264892
:10BDD000D3E90112CDF800A0CDE9030198890592BD
:10BDE000ADF8180003A800210022CDF804A0FFF749
:10BDF000F1F823E0304601F0B3F8F8B196F84000CE
:10BE000040071BD4A0691BFB0500416AFAF7CEFC72
:10BE1000D4E924123046FBF7FFFEB8B1304600F0FB
:10BE20009FFDCDE903AA06F0C4FC026896F83B101A
:10BE3000566B002203ABB04709E000BFA0690021A8
:10BE40001BFB0500FAF7B2FC01E000BF00272068E9
:10BE500008F10108007880458ED300E00127F8B290
:10BE600023B0BDE8F08F00BF43414C4942524154DA
:10BE700045442121210000002DE9F04F81B02DED36
:10BE8000028B044600680078002800F0AC804FF078
:10BE900000084FF0010B4FF415794FF40C7AB7EE10
:10BEA000008A0027E068A169C05D10FB0A1595F8BB
:10BEB000010178B3A0686169C05D10FB0916606D6F
:10BEC00096ED350A60B3D6F8D001C11700EB1170BA
:10BED000001101EE100AB8EEC11AB4EE410AF1EEFB
:10BEE00010FA0EDCD6F8D80196ED370AA8EB400020
:10BEF00001EE100AB8EEC11AB4EE410AF1EE10FAE2
:10BF000056DDD6F8D40141422846FAF74FFC4FF0EF
:10BF1000000B61E028460021FAF748FC5CE000BF16
:10BF2000D6F8D001C11700EB9170801001EE100A15
:10BF3000B8EEC11AB4EE410AF1EE10FA0DDC96ED3E
:10BF4000770A96ED321AB8EEC00AB4EE401AF1EE56
:10BF500010FA02DAD6F8D411D6E728460021FAF70B
:10BF600025FC96ED230A96ED321A96ED242A31EE41
:10BF7000401A32EE400A81EE000A96ED781A96EDEC
:10BF8000372AB8EEC11A85F8018120EE013A38EE61
:10BF9000400A20EE010A32EE433A30EE020ABDEECC
:10BFA000C33ABDEEC00A86ED723A86ED730A13E01D
:10BFB000284600214FF0000BFAF7F8FB96ED760AC1
:10BFC00096ED321AB8EEC00A31EE000ABDEEC00A94
:10BFD00086ED770AC4F854B02068013700788742AC
:10BFE000FFF460AF01E04FF0010B5FFA8BF0BDECA6
:10BFF000028B01B0BDE8F08FF0B581B00446006857
:10C000000125007888B100264FF40C77E068A1691B
:10C01000805D10FB0710FCF706F92168002808BFB7
:10C020000546087801368642F0D3E8B201B0F0BD8B
:10C03000F0B581B0044600680125007888B100267B
:10C040004FF40C77E068A169805D10FB0710FCF7E6
:10C05000EAF82168002808BF0546087801368642BC
:10C06000F0D3E8B201B0F0BD2DE9F04F81B02DED75
:10C07000048BB0B0002104460026FFF7A9F819A8E8
:10C080005A21F6F71BF820680078002800F0C280DB
:10C090009FED858A9FED859A0DF1640A00204FF08F
:10C0A00000080490A068616910F808004FF4157248
:10C0B00010FB021B9BF8ED01032800F08780D4E9F8
:10C0C0000312D4E9063711F808104FF40C7511FB70
:10C0D000053512F808104C22022811FB02792DD0E8
:10C0E000012840F097802846FCF79DF8002800F0D2
:10C0F000858050465A21F5F7E1FFA86BD5F83C1131
:10C10000AB6CB9F80E7046F67912CDE900105046C6
:10C110005A21C0F606020297F5F72CFB9BF8001097
:10C120005046002200960196FEF754FFDBF8F421FA
:10C1300048460021FFF73EF8022044E04846FBF75E
:10C1400088FD074650465A21F5F7B8FFD9F8186020
:10C1500050465A214DA23B4600960026F5F70AFBB1
:10C160009BF800105046002200960196FEF732FF21
:10C170009BED241A00EE107AB8EEC00A31EE081AD0
:10C18000B4EE401AF1EE10FA47DB9BED231A31EEC4
:10C19000091AB4EE401AF1EE10FA3EDC50465A216C
:10C1A000F5F78CFFD5E90F3750465A2140A200978A
:10C1B000F5F7E0FA9BF80010504600220096019631
:10C1C000FEF708FF03208BF8ED011BE02A482AA3A5
:10C1D0001A1D8BF8EC61059007CA0892CDE906019B
:10C1E000187C00228DF824009BF8001005A800960A
:10C1F0000196FEF7EFFE0120049003E02846FFF7CA
:10C20000EBFC00BF206808F1010800788045FFF4CE
:10C2100049AF29E00020049026E019AC0026204612
:10C220005A218BF8EC61F5F749FFDBE9235035F033
:10C230007FFB41EC180B284635F07AFB41EC100BE4
:10C2400024A220465A213B468DED008B8DED020B3A
:10C25000F5F790FA9BF80010204600220023009684
:10C2600004930196FEF7B6FE0498C0B230B0BDEC60
:10C27000048B01B0BDE8F08F43616C696220436FAD
:10C280006D706C657465642E00000000456E636F10
:10C2900064657220706F733A256420616E64207A41
:10C2A00065726F3A25640000008C6346008C63C69B
:10C2B0004E6577204D7472206C696D6974733A20F5
:10C2C0006D5F6D696E3D2564206D5F6D61783D2504
:10C2D0006400000063616C69622031343A6F7574E8
:10C2E0004C696D3A2063703A2564206D783A252EAA
:10C2F0003166206D6E3A252E3166000070B5044619
:10C30000051D90F8A8010022411E0D2984F8AA21DC
:10C3100012D8DFE801F02E07BAABAB16AB072EAB95
:10C32000ABABABB504F58E70FCF7FBFE08B304F5C0
:10C33000A070FDF734FB1CE0FE281AD0502840F016
:10C34000958094ED231A94ED240AD4F8B410B4EE39
:10C35000401A0020F1EE10FAC4E92E00C4F8C4001F
:10C36000C4E93900C4F8EC00C4F8F01040F0A5802E
:10C37000AFE094F80802072800F00181062804D1F4
:10C3800094F8EC01002800F0FA8004F5A07604F19E
:10C39000B80104F1BC0204F1C0033046FBF7E6FA31
:10C3A00094F89D0094ED2E0A94ED321A30EE410A75
:10C3B000F8B19FED982AB4EE420AF1EE10FA08DDCA
:10C3C0009FED953A30EE030AB4EE420AF1EE10FA10
:10C3D000F8DC9FED922AB4EE420AF1EE10FA08DA88
:10C3E0009FED8F3A30EE030AB4EE420AF1EE10FAF6
:10C3F000F8DB94ED2F2A94ED334A94F8A91132EE2C
:10C40000442A002984ED390A84ED3A2A64D094ED57
:10C410003E7A94ED3D6AD4ED3F0A94ED233A94EDD3
:10C42000242A27EE000A94ED355A30EE060A20EE53
:10C43000844A30EE440AB4EE423A30EE454AF1EE18
:10C4400010FA84ED310A84ED3B4A84ED3C0A0BD0AE
:10C45000B4EE431AF1EE10FA40F3A480B4EE421A9F
:10C46000F1EE10FA80F2B980002032E00020C4E939
:10C470002E00C4F8C400C4E93900C4F8EC007FE021
:10C4800004F5A070FDF78BFA79E094ED231A94ED92
:10C49000240A94ED312A94ED353AB4EE401A002086
:10C4A00032EE433AF1EE10FAC4E92E00C4E9390045
:10C4B00084ED3B3A84ED3C2A0BD094ED322AB4EE65
:10C4C000412AF1EE10FA5EDDB4EE402AF1EE10FAE8
:10C4D0006FDAC4F8B0008AE094F89C200021C4F818
:10C4E000C410C4F8EC104AB394F8A811FE2925D062
:10C4F00094ED280AB4EE401AF1EE10FA1EDDD4EDE8
:10C50000290AB4EE601AF1EE10FA17DA00219FED55
:10C51000451A9FED452A84F89C10002804BFB0EE10
:10C52000401AB0EE602A84ED231A9FED401A30467F
:10C53000F0EE411A84ED242AFDF71EFA94ED230A49
:10C5400094ED241AB4EE410AF1EE10FA1ED094EDE7
:10C550002A1A9FED372A94ED320A31EE021AB4EE10
:10C56000410AF1EE10FA0ADB94ED2B1A9FED312A05
:10C5700031EE021AB4EE410AF1EE10FA06DD0020A7
:10C58000C4F8F00033E031EE420A0DE094ED190AF0
:10C5900094ED391AB4EE401AF1EE10FA0CDD31EEDA
:10C5A000400A12E033EE410A2846F8F787FFFF20E1
:10C5B00019E030EE420A12E0B1EE402AB4EE421A1F
:10C5C000F1EE10FA16DA31EE000A84ED390A284647
:10C5D000F8F774FF84ED3C0A09E032EE410A284680
:10C5E000F8F76CFF012084ED2C0A84F8AA0194ED81
:10C5F0003C0A70BD94F8C6010026C4F8E46028B176
:10C60000284600F026FEC4F8F060F0E79FED070A28
:10C61000DDE700BF00000047000080C7000000C742
:10C62000000080475555D5C65555D5460000000039
:10C630000080E3C40080E34490F8A811FE291DD1D6
:10C6400090F80812062919D190F8EC11B1B180B513
:10C6500090ED241A90ED232AB4EE410AF1EE10FA7F
:10C66000B4EE420AC8BFB0EE410AF1EE10FAB8BF0C
:10C67000B0EE420A00F097FE012080BD0020704716
:10C680002DE9F0410E460121144605464FF0010800
:10C69000F9F73AFC2846FAF7CFFF2846FAF72FF8C1
:10C6A0004FF0000708BB05F1A000C5E90777C5E911
:10C6B0000A77C5E90D77C5E91877AF66C5E911773F
:10C6C000C5E9137700F0C5FD40F20110A5F800019F
:10C6D000A86CC5F89C70C5E94B77AF630127C5F816
:10C6E000346185F82C81C5E94E043846BDE8F081F7
:10C6F000B0B50546FAF703F880F001040AF0F6FF3A
:10C70000A9780BF02BF820B190F824000A3808BF64
:10C7100004462046B0BD0000002800F01E812DE92F
:10C72000F04F87B040F6A839C1F20009019099F89E
:10C73000C000002800F09C80002701244FF0000B6F
:10C7400009EB0B0090F8DC00C00715D109EB4B0A90
:10C7500099F8C200BAF8D850042815D109EB8B001B
:10C76000D0F8D0600AF0C2FF5FFA8BF10AF0F6FF52
:10C77000C0E91565AAF8D8704FF0010BE0074FF03B
:10C780000004DDD174E000BF0228F3D1002DF1D008
:10C7900044F21851C1F2000131F81B00AAF8D87018
:10C7A000013021F81B001EF085FB1EF091FB44F2C6
:10C7B0000853C1F2000303EBCB0253F83B3009EB03
:10C7C0008B085668D8F8C870C31A61EB0606DB1BE5
:10C7D0004FF0000776F10003CCDBC2E9000144F220
:10C7E0001850C1F2000030F81B0089F8F5B089F844
:10C7F000E5B0A9F8E650A9F8F6000AF077FF5FFA6D
:10C800008BF631460AF0E4FF05460AF06FFF314629
:10C810000AF0A4FF25B1B5F90C20B5F9101001E01C
:10C8200000220021D8F8D0300028C9E93A2314BFEB
:10C8300000680020C9E93E010BF0C4F909F1E007E6
:10C8400004210022002300970BF099F90BF0BAF9AC
:10C8500009F1F00704210022002300970BF08FF963
:10C8600044F218500027C1F2000020F81B7081E745
:10C87000019C94F8380000284FF0000069D0B4F80B
:10C880006010CDE904000390029019B9B4F8620079
:10C89000002858D0D4F84600012128F047FD0DF0BB
:10C8A000B9FA94F844100DF018FB58B90DF0B2FA2B
:10C8B00043F62442C0F6060294F84410126801239D
:10C8C0000DF05AFBB4F8600018B9D4E9140108431C
:10C8D00018D00420072118F0BFFD02900020ADF809
:10C8E0000C00B4F86000D4E91412ADF80E00CDE9E4
:10C8F00004120BF067F902AF042100220023009715
:10C900000BF03DF9B4F8620018B9D4E916010843F8
:10C9100019D00420072118F09FFD02904FF4807079
:10C92000ADF80C00B4F86200D4E91612ADF80E00B0
:10C93000CDE904120BF046F902AF042100220023D6
:10C9400000970BF01CF904F150001421F5F7B6FB29
:10C95000002007B0BDE8F04F00E0FE2040B2704775
:10C96000C169826A90ED081A514300EE101AB8EEC0
:10C97000C00A80EE010A90ED051A00210182B8EE8E
:10C98000C11A90F8401001F0F50180F8401030EE27
:10C99000410ABDEEC00A80ED060A704740F6086005
:10C9A000C1F20000D0F8D001FFF7B6BE2DE9F04F7C
:10C9B00081B02DED0A8BCAB0002105464FF0000969
:10C9C000FEF706FC2868007800288DF8D70000F0F4
:10C9D000438208A89FED278A9FED279A9FED27AAFB
:10C9E00029304FF415744FF0010B4FF000080490FC
:10C9F000A868696910F8080010FB041A9AF8081270
:10CA0000FF2900F0B981286907291BD0062937D1F1
:10CA10009AF8F8110139032932D8EA6910F80800A8
:10CA20004C2710FB0720DFE801F002E94ED5DAF8C9
:10CA3000FC2100210027FEF7BDFB02208AF8F80147
:10CA40009BE100BF9AF8ED1103293AD010F80800D5
:10CA5000EA694C23022910FB032014D001290FD1CD
:10CA6000DAF8F02100210027FEF7A4FB02208AF863
:10CA7000ED0182E1008C6346008C63C60080364481
:10CA8000FF2600277AE1FBF7E4F8074600EE107A6C
:10CA9000B8EEC01A9AED240A9AED23BA30EE082AAD
:10CAA000B4EE412AF1EE10FAC0F2F9803BEE092A09
:10CAB000B4EE412AF1EE10FA00F3F18003208AF877
:10CAC000ED01002698E02846FCF78CFB9AED320A2F
:10CAD0009AED7C1A31EE400AB0EEC00AB4EE4A0A72
:10CAE000F1EE10FA00F3488104208AF8F801E868B2
:10CAF000A96910F808004FF40C7610FB0619D9F854
:10CB0000480008ACC9F838000020C9F84800C9F846
:10CB10005000012089F8000120465021F5F7CEFA97
:10CB2000D9F83870D9F84830204650210FF2F03249
:10CB30000097F4F71FFE99F8021000232046002208
:10CB4000009301930024FEF745FA89F80141286813
:10CB5000CDF81C900078E0B1002700BFD5E90201B4
:10CB6000AA69CC5D10F8079014FB0620FAF7DBFEEB
:10CB700068694FF4157119FB0100FAF73EFDA869C9
:10CB800014FB0600F9F759FA286801370078874244
:10CB9000E4D3DAF80002079E08ACF063DAF8040286
:10CBA000502130642046F5F789FAD6E90F37204640
:10CBB0005021E3A20097F4F7DDFD9AF8001000275A
:10CBC0002046002200970197FEF704FA00264FF056
:10CBD0000009B2E0CE48CEA2002604328AF8EC6109
:10CBE000369007CA37AB07C39AF8001036A8002260
:10CBF00000960196FEF7EEF90127BFE0E968AF69FC
:10CC000011F80860FBF725F804469AED24CA00EEF7
:10CC1000104AB8EEC00A3CEE081A9AED23BAB4EEF8
:10CC2000401AF1EE10FA5EDB3BEE091AB4EE401A40
:10CC3000F1EE10FA57DC28684FF40C790078CDF843
:10CC40001CA0CDE90576E0B1002600BFD5E90201C0
:10CC5000AA698F5D845D17FB09204FF4157AFAF7F6
:10CC600062FE686914FB0A00FAF7C7FCA869012193
:10CC700017FB0900F9F748F9286801360078864261
:10CC8000E4D3079E4FF40C7196F8A8014FF4157485
:10CC90000A2855D1FF2600274FF000096EE010EE5C
:10CCA000100A34F045FE41EC1C0B1BEE100A34F068
:10CCB0003FFE41EC100B08AC204650218BA23B46B6
:10CCC0008DED00CB8DED020BF4F754FD9AF80010BA
:10CCD00000272046002200974FF415740197FEF7B5
:10CCE00079F9FF264AE008AE0027304650218AF83D
:10CCF000EC71F5F7E3F91CEE100A34F019FE41EC83
:10CD00001C0B1BEE100A34F013FE41EC100B46F620
:10CD1000A31230465021C0F6060223468DED00CB0B
:10CD20008DED020BF4F726FD9AF800103046002234
:10CD300000970197FEF74EF9FF264FF415741DE09A
:10CD4000DDE905204FF0000910FB012ADAF83C006C
:10CD5000C6F80002DAF84000C6F80402CAE90F99E2
:10CD600096ED7C0AD6ED7D0A3046FFF765FC88B16A
:10CD7000032086F8F80100BF002700262968002E4E
:10CD800008780BEA070B3FD108F101088045FFF452
:10CD90002FAE39E004982721F5F76EF94CF2E84000
:10CDA000C0F60600D0E900E100F108070591C1696D
:10CDB0008CCF06910599CDF820E00DF1240ED0E935
:10CDC000054C8EE88E00D0E90821069B90F82800DB
:10CDD0000D94CDF838C0CDE90F3211918DF848008F
:10CDE0003178002708A800224FF4157400970197A6
:10CDF000FEF7F0F8D6F80002CAF83C00D6F80402B4
:10CE0000FF26CAF84000B9E756B3FF204FF00A08E2
:10CE100085F8680085F85A80087800B300274FF439
:10CE200015794FF40C7600BFA8686969C05D10FBE6
:10CE3000091080F8A881FEF795F9E868A969C05D36
:10CE400010FB0610F9F7F9F82868013700788742D7
:10CE5000EAD34FF0000903E04FF0010B14E000208B
:10CE6000BBF1000F39D078B100264FF4157700BF21
:10CE7000A8686969805D10FB0710FEF773F92868E0
:10CE8000013600788642F3D34CF2B040C0F606007B
:10CE900090E88E00D0E904650DF1200E8EE88E003A
:10CEA00000F12007D0E906C4CDE90C658ECF066BF2
:10CEB00090F834000DF1400E8EE88E008DF854008D
:10CEC00008A800210022CDE90EC41496CDF80090E8
:10CED000CDF80490FEF77EF801E04FF0000B5846C5
:10CEE0004AB0BDEC0A8B01B0BDE8F08F63616C699C
:10CEF00062373A6F75744C696D3A2063702564200F
:10CF00006D78252E3166206D6E252E31660000006D
:10CF100043616C696220436F6D706C657465640079
:10CF200063364D3A706F7320726561636865643A69
:10CF30002063703D256420636F3D25640000000080
:10CF40004D7472206C696D6974733A206D5F6D6900
:10CF50006E3D2564206D5F6D61783D2564000000A5
:10CF600090F84000C0F3C000704748B140F6086038
:10CF7000C1F20000417819B1D0F8D001FCF707BB2D
:10CF80000020704700220282C0E90512C18990F892
:10CF90004020816242F00A0180F84010704710B5CD
:10CFA00086B004460220152118F056FA029000209F
:10CFB0002178ADF80C00D4F8C800ADF80E1034F0AC
:10CFC00095FD94F8A811CDE904100AF0FBFD02AC20
:10CFD00003210022002300940AF0D1FD06B010BD09
:10CFE00048B100EB8100417A032906BFC0F8A020B8
:10CFF0000020F12000E0FE2040B270471AF058BE39
:10D000001AF056BE1AF054BE10B504460078C0F1AE
:10D010000100C0B227F0D0FA40F2DC51884244F25D
:10D02000E441C1F2000101D2012004E040F6AD521A
:10D03000904202D300202278885494ED390AB5EE4C
:10D04000400AF1EE10FAA4BF002010BD2078085C61
:10D05000002818BF012010BD80B582B00FF008F97C
:10D060000FF00EFB0DF0ECFA0DF07DFC14F016F94C
:10D0700014F084FA03F09CFD04F056FE04F0E1FE87
:10D0800005F026FB11F02CFA11F03AFB10F0F0FB42
:10D0900010F0FEFC00208DF807008DF8060009F066
:10D0A00086FB0DF107010DF1060209F0E7FD19F00D
:10D0B000F7FA9DF807109DF8062019F0C0FC02B0A1
:10D0C00080BD70B100EB810212F8093F042B02D041
:10D0D0009278042A07D100EB810080ED1A0A002023
:10D0E00002E0FE2000E0F12040B2704710B586B0AB
:10D0F00000201521002418F0AFF9CDE90204CDE994
:10D1000004440AF05FFD46F23D7302ACC0F606032C
:10D110000321002200940AF032FD06B010BD48B190
:10D1200000EB8100417A032906BF80ED210A00202F
:10D13000F12000E0FE2040B2704710B586B000201C
:10D140001621002418F088F9CDE90204CDE9044441
:10D150000AF038FD46F23D7302ACC0F60603032127
:10D16000002200940AF00BFD06B010BD80B508F057
:10D1700006FC08F087FE09F01AFBBDE8804009F0C4
:10D1800045BC704710B519F08BFA19F080FA0446C7
:10D1900012F02EFF214613F065F90BF077FF2146C0
:10D1A0000CF06AF814F014FD214614F0FFFD0AF0AB
:10D1B0004DFD0AF0FFFD09F0FAFA40F6B831BDE87E
:10D1C000104009F06DBD704744F67C01C1F20001CA
:10D1D0008A683AB190F90B300168002B58BF0146BC
:10D1E0000846104700207047704780B56021F4F76B
:10D1F00065FF80BD70B504460EF028F904214FF498
:10D20000157223460EF02CF9054644B12E4600BF98
:10D210003046F7F7FCFF013C06F51576F8D12846B5
:10D2200070BD000070B504460EF010F904214FF4F3
:10D230000C7223460EF014F9054644B12E4600BF89
:10D240003046F8F77AF8013C06F50C76F8D1284616
:10D2500070BD0021C0E907114162C0E91511704796
:10D26000F0B581B00C460546002600BF002700BF80
:10D27000E05909F033FE55F8260038440437102FE2
:10D2800080ED000AF4D10136042E04F11004EDD132
:10D2900001B0F0BD20211AF011BDB0B582B044F24A
:10D2A000E845C1F200050446E8800020A88002207D
:10D2B000C5E9022318F0D0F828600AF083FC0421A5
:10D2C0000022002300950AF05AFC0AF00FFA2146CA
:10D2D0000AF07EFA08B12968416102B0B0BD0000D1
:10D2E00010B50446012898BF012400BF2046F4F77A
:10D2F000FCFF002818BF10BD07F08DFA08B1804769
:10D30000F4E7002010BD00004FF0040321B10D2907
:10D3100002D01AB113E04358184670474A1E0D2A2E
:10D320004FF000030FD80FF20601DFE802F01614E9
:10D33000080707180A0A120707070710ECE7342145
:10D34000E9E74821E7E75029E6D13821E3E7502112
:10D35000E1E74C21DFE74421DDE74021DBE73C2129
:10D36000D9E7B0B582B044F2F845C1F200050446F1
:10D37000E8800020A8800220C5E9022318F06CF89C
:10D3800028600AF01FFC04210022002300950AF007
:10D39000F6FB0AF0ABF921460AF01AFA08B129683F
:10D3A000416102B0B0BD90ED251AF4EE410AF1EEF4
:10D3B00010FA02DDF0EE410A08E0B1EE411AF4EE97
:10D3C000410AF1EE10FAB8BFF0EE410AF5EE400A5C
:10D3D000F1EE10FA80ED2E0AC0ED2F0A08BF70475B
:10D3E00000F5A070FBF750BD10B586B043F6404085
:10D3F000C0F6060090E80E5040698DE80E5005908A
:10D4000004208DF8010000200321002201230024C4
:10D410001AF060FDCDE9010418F0E5F8694618F04E
:10D4200010FB06B010BD416851B1017A032907D83D
:10D4300040F21850C1F2000000F2646009F066BDCD
:10D4400070470000F0B581B00C460546012898BF32
:10D450000125042998BF04240027684621462A464E
:10D460000097F4F754FF009878B96E4607F0D3F9A7
:10D4700050B18047304621462A460097F4F747FFCF
:10D4800000980028F2D000E0002001B0F0BD0000BC
:10D49000F0B581B00C46FE2905460CD328694FF43F
:10D4A000A0610182FF218474A0F8131001B0BDE8CF
:10D4B000F040FFF799BF00208DF803008DF80200BF
:10D4C00018F091F80DF1020118F080F8092C1ED81F
:10D4D000DFE814F00A002A01F2000401CC003D014B
:10D4E000500117016301DF000EF0C2FE0FF052F889
:10D4F00006460EF0BDFE0DF10302002100270EF0DE
:10D5000093FF2F750EF0B4FE0EF0A8FD57E1802CAE
:10D5100040F056810EF0ACFE0FF03CF80EF0A8FE85
:10D520000021002200260EF07FFF2E750EF0A0FED7
:10D530000EF094FD0DF084F80DF0F5F90DF080F883
:10D54000002100220DF083F9AE750DF079F80DF091
:10D550001CF813F0A3FE13F0E4FF13F09FFE00216C
:10D56000002213F0A3FF6E7513F098FE13F00DFE6A
:10D5700003F01EFB04F0D2FB03F01AFB0021002293
:10D5800003F013FB2E7703F013FB03F0FAFA04F019
:10D5900058FC05F097F804F054FC0021002204F038
:10D5A0004DFC6E7704F04DFC04F034FC12F020FDCD
:10D5B00012F028FF12F01CFD0021002212F08FFE55
:10D5C000EE7512F015FD12F0ABFC0BF05FFD0BF0E9
:10D5D00034FE0BF05BFD002100220BF004FE2E76E2
:10D5E0000BF054FD0BF0EBFC14F0F2FA14F0BFFB5F
:10D5F00014F0EEFA0021002214F08FFB6E7614F086
:10D60000E7FA14F080FA10F06BFF11F041F810F017
:10D6100067FF0021002210F0F5FFAE7610F060FFEA
:10D6200010F0EEFE10F024F910F0FAF910F020F9E5
:10D630000021002210F0AEF9EE7610F019F910F08A
:10D64000A7F808F0AEF808F0BEF815F0E2F808F018
:10D65000A8F808F0B8F815F0B4F88DF8030017F042
:10D66000C2FF002118F092F90646A8E00BF00EFD6B
:10D670000BF0E3FD06460BF009FD0DF1030200215E
:10D6800000270BF0B0FD2F760BF000FD0BF097FCA0
:10D6900095E004F0D6FB05F015F8064604F0D1FB42
:10D6A0000DF103020021002704F0C8FB6F7704F09E
:10D6B000C8FB04F0AFFB82E00CF0C2FF0DF033F9C1
:10D6C0000CF0BEFF0DF10302002100260DF0BFF8A3
:10D6D000AE750CF0B5FF0CF058FF73E012F088FC4B
:10D6E00012F090FE064612F083FC0DF103020021B9
:10D6F000002712F0F4FDEF7512F07AFC12F010FC26
:10D700005DE010F0B5F810F08BF9064610F0B0F8B7
:10D710000DF103020021002710F03CF9EF7610F024
:10D72000A7F810F035F84AE013F0B8FD13F0F9FE51
:10D73000064613F0B3FD0DF103020021002713F09C
:10D74000B5FE6F7513F0AAFD13F01FFD37E014F05E
:10D750003FFA14F00CFB064614F03AFA0DF10302FE
:10D760000021002714F0D9FA6F7614F031FA14F082
:10D77000CAF924E010F0B4FE10F08AFF064610F05B
:10D78000AFFE0DF103020021002710F03BFFAF7642
:10D7900010F0A6FE10F034FE11E003F009FA04F0D8
:10D7A000BDFA064603F004FA0DF10302002100273A
:10D7B00003F0FBF92F7703F0FBF903F0E2F90EB168
:10D7C000002018E005F11400002100BF425C012A8E
:10D7D00010D001310A29F9D117F005FF00210026E8
:10D7E00018F0D4F89DF80210022918BF8DF80260D5
:10D7F0000028E5D101202969087405204874FF201C
:10D800008C74C874FFF7F0FD01B0F0BD10B51DF0C9
:10D8100051FB1DF05DFB44F27034C1F200040122A3
:10D82000C4E92A01204684F8612084F8C820FFF763
:10D8300013FC94F8600068B994F8410029F0C7FC23
:10D84000022803D194F8410029F0C7FC94F8420063
:10D8500029F0C3FC1DF02EFB1DF03AFB024601200F
:10D860000B4600F016FF40F2FF110220A4F86110F1
:10D87000BDE8104000F030BB2DE9F04782B01DF04C
:10D8800019FB1DF025FB44F27034C1F20004D4E909
:10D890001A234FF00009013243F10003012584F8F7
:10D8A0006190C4E91A23C4E91E0184F89850C4E9C0
:10D8B00042012046C4F84490FFF763FCA08DCDF8E8
:10D8C0000490ADF8025078B30DF1040A0DF1020690
:10D8D000E846002519F045FA5146324619F0FDFA9E
:10D8E0000746C8B9ADF8009019F09AFB0199424675
:10D8F000002319F01EFC18B119F092FBFFF71DFC74
:10D90000BDF80000B4F846100844B4F84410A4F878
:10D910004600481CA4F84400BDF8020020B11FB91D
:10D92000A08D01358542D5D32046FFF71FFC94F822
:10D93000600018B994F8410029F04FFC1DF0BAFAC4
:10D940001DF0C6FA024600200B4600F0A2FEFF20A2
:10D95000A4F86100012000F0BFFA02B0BDE8F08732
:10D960002DE9F04F8FB01DF0A5FA1DF0B1FA44F289
:10D970007034C1F200040222C4E93601012084F8A7
:10D98000612084F8F8000025204684F84D50A564F5
:10D99000FFF719FCE08D0A95ADF81C5070B119F035
:10D9A0003FFB04F155030AA907AA19F0E4FA00287D
:10D9B00000F09D8019F034FBFFF7BFFB2046FFF716
:10D9C000E1FB94F84D0080B141F68C30C0F60600C2
:10D9D000056800BF206D29462FF000F994F84D002E
:10D9E0000138010684F84D00F4D11DF063FA1DF0F2
:10D9F0006FFA054602202A460B460E4600F049FE05
:10DA0000D4E9460104F58073C4E948010FCBC4F89A
:10DA10001051AD1A66EB03020023281AC4F81461F2
:10DA2000C4E9465272EB010084F8283124BF01207A
:10DA300084F82A01B4F83471B4F832A1002F3846C2
:10DA40000AF0100118BF0120002F00EA111C00F09D
:10DA5000C8801AF0080000F0C48044F22050C1F2DF
:10DA60000000D0E9001044F2285B44F2305E51EA35
:10DA70000002C1F2000BC1F2000E06954FD044F235
:10DA80003856C1F200066346D6E900ECDBE90082B5
:10DA900011F1010B1FFA85F9CDF808A040F1000A39
:10DAA0001EEB090001924CF1000144F22055C1F235
:10DAB0000005CDE90310C6E90001CDF81480B9EBEB
:10DAC0000806D84601984FF0000244F2305E9C46AA
:10DAD00044F2285B5346C5E9008ADDF808A0C1F28C
:10DAE000000EC1F2000B72EB000631D334E0BDF83A
:10DAF0001C0000283FF462AF19F033F90A9944F68C
:10DB00004032C0F24C0219F010FA002800F02C81CB
:10DB100044F27030C1F20000FFF7E8FA4EE744F239
:10DB2000385244F2205300211FFA85F9C1F2000255
:10DB30004FF00108C1F200030020CEE90011C2E954
:10DB400000910390C3E90081CDF8109000220023DA
:10DB5000CBE90092CDF81490DEE900B607EB870719
:10DB6000BBEB090596414FEA47073CBFCEE900925F
:10DB7000CB46BEB2B8EB0607069D73F1000730D363
:10DB8000DDE90310424644F22058C1F20008CDF806
:10DB900010C0F3F760FD0599C0EA01494CF6CD418C
:10DBA0004FEA0B40714340EAD1474FF440300B90AD
:10DBB0000026002040210A9617F04EFC0A90CDE97D
:10DBC0000C7909F0FFFF42F20C730AAFC0F60603AE
:10DBD00001210022009709F0D2FFDDF810C0C8E94A
:10DBE0000066BCF1000F1FFA8AF859D0AAB204F5FA
:10DBF000967528460023002705F0DBFBB4F83401B6
:10DC000000EB8006284605F09DFFD0E90001B0EB4F
:10DC1000460071F1000043D307A92846FF22CDE951
:10DC20000777099705F032FF284605F056FC07985C
:10DC300000250430002600BF50F8041BC7F1200364
:10DC400021FA03F3B7F1200258BF01FA02F301FAF7
:10DC500007F107F1080758BF00211E43402F45EA8E
:10DC60000105E9D14FF47A000B90002042210A907F
:10DC700017F0F2FB0A90CDE90C5609F0A3FF42F22F
:10DC80000C730AAFC0F6060301210022009709F0C9
:10DC900076FF079820B109990890091A06F03EFE10
:10DCA0005FEA48702BD594F82A01012827D100207B
:10DCB00084F82A01CDE90A00D4F8B800D4F8181184
:10DCC000B4F88820B4F8E830B4F8005142EA0146CC
:10DCD00043EA00470020412117F0BEFB0A90ADF84F
:10DCE0002E50CDE90C7609F06DFF42F20C730AAFAD
:10DCF000C0F6060303210022009709F040FF94F8C4
:10DD0000600040B140F2FF21606BA4F86110012176
:10DD100019F0CCFF25E094F8410029F058FA0228C8
:10DD200003D194F8410029F058FA94F8420029F000
:10DD30004EFA022803D194F8420029F04EFA94F8E2
:10DD4000430029F04AFA4FF6FF70A4F8610094F8F6
:10DD50004050FF2084F8400017F045FC294617F09A
:10DD600044FE0FB0BDE8F08FBDF81C00B4F84A10B7
:10DD70000844B4F84810A4F84A00481C94F84D1020
:10DD8000A4F84800481C84F84D0017E6002814BF8A
:10DD90000078072080B582B002033FFA82F200F0DB
:10DDA000070342EA03221044009068468DF80410ED
:10DDB00004F057FE02B080BDF0B581B015460C46A8
:10DDC00006460020FE298DF8030010D33169002D8E
:10DDD00008744FF006008C7408BF07204874FF20B9
:10DDE000A1F8130001B0BDE8F040FFF7FDBA092C1F
:10DDF0004FF0FF0750D8DFE804F005371F270F3F2B
:10DE0000472F51170EF034FA0DF10302002D4DD0BB
:10DE100029460EF0B3F84CE00BF038F90DF103028F
:10DE200029460BF0E0F944E004F00BF80DF1030291
:10DE3000294604F003F83CE00CF002FC0DF103026B
:10DE400029460CF004FD34E012F0D2F80DF1030283
:10DE5000294612F044FA2CE00FF00AFD0DF10302FE
:10DE600029460FF097FD24E013F018FA0DF1030294
:10DE7000294613F01BFB1CE013F0AAFE0DF1030270
:10DE8000294613F04AFF14E010F02AFB0DF10302BB
:10DE9000294610F0B7FB0CE0FF200AE002F088FEF4
:10DEA0000DF10302294602F080FE02E000210EF08F
:10DEB000BBFAC0B2B0FA80F031694009087406209C
:10DEC0008C74002D08BF07204874CF74085D087556
:10DED000FFF78AFA01B0F0BDB0B544F270350446E0
:10DEE000C1F2000540B195F84C0028B905EB84005B
:10DEF000406B022119F0DAFE05EB8400406B012132
:10DF0000BDE8B04019F0D2BE91F82420012303FAF5
:10DF100002F200EE102AB8EEC00AB7EE001A81EE47
:10DF2000000A91ED001A21EE001AB5EE401AF1EE4A
:10DF300010FA7BDB91ED012A22EE002AB5EE402A91
:10DF4000F1EE10FA72DB91ED023A23EE003AB5EEF3
:10DF5000403AF1EE10FA69DB91ED034A20EE040A33
:10DF6000B5EE400AF1EE10FAB8BF70472DE9F04166
:10DF700084B0B4EE412AB0EE414A0446F1EE10FA04
:10DF8000C8BFB0EE424AB4EE443A00200121F1EE9F
:10DF900010FAC8BFB0EE434A01FA00F205EE102AAB
:10DFA000B8EE455AB4EE454AF1EE10FA08DB0130FE
:10DFB0001028F1D14FF000080026002700251BE0B3
:10DFC0009FED1B4AC0F10F0521EE041A81EE051AE0
:10DFD00022EE042A82EE052A23EE043A83EE053A65
:10DFE000BDEEC11A11EE108ABDEEC21A11EE106A12
:10DFF000BDEEC31A11EE107A2078F9F797FC20785D
:10E00000020300F007013FFA82F242EA01210844CC
:10E010000190E8B2C7EA0040C8EA0641CDE9021023
:10E0200001A804F0F6FC04B0BDE8F041704700BF61
:10E03000000000470021C1707047000091F82420C3
:10E04000012303FA02F200EE102AB8EEC00AB7EE7E
:10E05000001A81EE000A91ED001A21EE001AB5EEC9
:10E06000401AF1EE10FA7BDB91ED012A22EE002A34
:10E07000B5EE402AF1EE10FA72DB91ED023A23EE92
:10E08000003AB5EE403AF1EE10FA69DB91ED034A41
:10E0900020EE040AB5EE400AF1EE10FAB8BF704760
:10E0A0002DE9F04184B0B4EE412AB0EE414A044675
:10E0B000F1EE10FAC8BFB0EE424AB4EE443A002086
:10E0C0000121F1EE10FAC8BFB0EE434A01FA00F2A6
:10E0D00005EE102AB8EE455AB4EE454AF1EE10FAB4
:10E0E00008DB01301028F1D14FF00008002600278E
:10E0F00000251BE09FED1B4AC0F10F0521EE041A1D
:10E1000081EE051A22EE042A82EE052A23EE043A55
:10E1100083EE053ABDEEC11A11EE108ABDEEC21AA9
:10E1200011EE106ABDEEC31A11EE107A2078F8F7DE
:10E1300000FB2078020300F007013FFA82F242EA76
:10E14000012108440190E8B2C7EA0040C8EA06414C
:10E15000CDE9021001A804F0ACFC04B0BDE8F04128
:10E16000704700BF0000004780B509F02BFD42F268
:10E170000C7203A1C0F60602BDE8804009F046BD5E
:10E1800063616C6C6564205F7461736B444F5F7393
:10E1900074617274757028290000000080B509F060
:10E1A00011FD42F20C7203A1C0F60602BDE88040E8
:10E1B00009F02CBD63616C6C6564205F7461736BE6
:10E1C00052585F73746172747570282900000000E2
:10E1D00080B509F0F7FC42F20C7203A1C0F606020A
:10E1E000BDE8804009F012BD63616C6C6564205F1E
:10E1F0007461736B54585F737461727475702829FD
:10E200000000000070B540F60866C1F2000606F591
:10E21000D0750C46014628461822F3F727FE2846FB
:10E2200008F0E3FF054608F0E1FFD6F8D0110346F9
:10E2300008462946224686F8BC31BDE87040FBF707
:10E24000C1BB007D022808BF012904D0FE200121A6
:10E25000002219F0D8BE4FF26342C0F60202FE203F
:10E26000012119F0D0BE10B544F27034C1F200049F
:10E2700094F8410028F0ABFF022803D194F8410044
:10E2800028F0ABFF94F8420028F0A1FF022803D148
:10E2900094F8420028F0A1FF94F8430028F097FF7B
:10E2A000022818BF10BD94F84300BDE8104028F0C4
:10E2B00094BF00002DE9F041044600680078D8B111
:10E2C0004FF000084FF415764FF40C77002500BF8F
:10E2D000A0686169405D10FB0610FCF7F2FF30B1E9
:10E2E000E068A169405D10FB0710C0F89C802068C1
:10E2F000013500788542EBD3BDE8F081007828F045
:10E3000021BE00002DE9F04F91B040F60868C1F23F
:10E310000008044698F8BC0100260028C8F8CA6125
:10E32000C8F8C661C8F8C261C8F8BE6144D04FF0F1
:10E33000010B0DF120090DF10C0A0027D8F8D001CE
:10E34000FDB229464A4653468DF830608DF81C6070
:10E35000FBF73CFD9DF830109DF81C0008EB070210
:10E3600082F8C01182F8C70151B10F2908D008F511
:10E37000DF70294608F0CAFD9DF81C004FF0000B25
:10E3800040B10F2806D008F2BF10294608F0BEFDA4
:10E390004FF0000B98F8BD1198F8BC01013701311E
:10E3A000874288F8BD11C9D3ABF10101B1FA81F1FF
:10E3B0004FEA5119064601E04FF0010998F80200B2
:10E3C000012807D1D8F8D42140462146FCF7E2FCC9
:10E3D00098F8BC6198F8BF2198F8BE31310362F318
:10E3E000071103F00F0200201144C8F88C01A8F8AF
:10E3F0008E11C8F89401C8F89001F6B110210022DE
:10E40000002300BF032813D808EB000595F8C0715E
:10E4100095F8C75107F00F07A1F1100405F00F059B
:10E42000A7408D402F433A4343EAE573C8E964238C
:10E430000130864201F10401E4D108AD28462021D3
:10E44000F3F73CFE1CF062FA1CF069FA4FF2C521AA
:10E450000346C0F602012846002206F0E4FDB9F1A9
:10E46000000F1ED0022088F898010520152116F013
:10E47000F3FFC8F8880108F5C47409F0A3FB98F805
:10E48000981142F24073C0F606030022009409F08E
:10E4900076FB98F89A0178B3D8F8841161B3142701
:10E4A0001AE00520162116F0D7FFC8F888010420CD
:10E4B00008F5C47488F8980109F084FB98F898115D
:10E4C00042F24073C0F606030022009409F057FBA5
:10E4D000D8F8841181B1FF2743F61842C0F606022E
:10E4E000D8F88001D2E9002388F899710127CDE995
:10E4F0000017029513F092FFD8F804202AB140F6D5
:10E500000860C1F200000121904711B0BDE8F08F12
:10E5100044F27030C1F20000406B022119F0CEBB12
:10E520002DE9F04F81B08268436992F800C092F8FB
:10E5300001904FF4157780461CFB073090ED320AAE
:10E54000947819FB073292ED321ABDEEC00A14FB23
:10E55000073210EE106ABDEEC10A92ED321A10EECB
:10E56000107ABDEEC10A06FB06F210EE105A07FB48
:10E570000722AB1905FB06F103FB071105FB05227A
:10E58000D8F86430511A99427DDBD8F80C10009409
:10E59000D8F818E00B784C7890ED020A89784FF49F
:10E5A0000C7213FB02E314FB02E4B5EE400AD3F84D
:10E5B0009C30D4F89CB011FB02E1F1EE10FAB5EEFC
:10E5C000400AD1F89CA0BCBF5B42CBF1000BF1EE3E
:10E5D00010FAB8BFCAF1000ABE42D8BFAE420DDD84
:10E5E000BE42A8BFAE420DDA4FF40C711CFB01E134
:10E5F0000022C1F89C20F6F796FE05E0B3F1FF3F3C
:10E6000002DCEDE7012BEFDAAF42D8BFB74216DDEF
:10E61000BE4204DCAF4202DBBBF1010F12DBD8E9E2
:10E6200005014FF40C7219FB02110022C1F89C2065
:10E630004FF4157119FB0100F6F775FE02E0BBF10E
:10E64000FF3FE5DD009BB542D8BFBD4218DDB542B6
:10E6500004DBAF4202DCBAF1010F14DBD8E905019B
:10E660004FF40C7213FB02114FF4157213FB0200EE
:10E670000022C1F89C2001B0BDE8F04FF6F753BE70
:10E68000BAF1FF3FE3DD01B0BDE8F08FC0F30060F9
:10E6900070472DE9F04F8FB044F2703900EB400124
:10E6A000C1F2000909EB011A514651F870CF4FF041
:10E6B000000BD1E901E6CD68D1E90647B2EB0608C7
:10E6C000C1E9042363EB0502B8EB0C03C1E9084779
:10E6D000C1E9068272EB0E0381F828B024BF012342
:10E6E0008AF89A30B9F83461B9F83291334609F0B2
:10E6F0000207CDF838B0CDE90CBBCDE90ABB002E3E
:10E7000018BF012303EA5704012CCDF824B054D1DB
:10E7100044F25053C1F20003029403EB401447014A
:10E72000DD59676806EB860655EA0703CDF80CA0AD
:10E7300004D0D4E902CED4E9063A1EE040F6E473F0
:10E74000C1F200031F5C0025012F04BF0DF130074B
:10E7500057F820504FF0000E44F2402C09AFC0F2A1
:10E760000F0C47F8205003F800E0002700234FF07B
:10E77000000AC4E902CEC4E904EE13EB08034FEA31
:10E78000460B4AEB0206C4E906366B1C47F100054E
:10E79000B8EB0C0772EB0E07C4E9003538BFC4E9CB
:10E7A0000282D4E90437DDF80CA0B3EB080377EB61
:10E7B000020338BFC4E90482029C1FFA89F244F2C2
:10E7C000485900230228C1F20009CDE90633CDE9FA
:10E7D000043348D0012840F08B80D00727D091F82F
:10E7E0002A00012823D144F24050C1F20000016800
:10E7F00041F288334A1C9942026018DB0021016013
:10E8000000200C2116F028FE0490D9E90001ADF893
:10E810001680CDE9060109F0D5F942F20C7304AF78
:10E82000C0F6060303210022009709F0A8F9002C86
:10E8300000F0C58044F25054C1F2000454F8200F97
:10E840000A99636801EB0B02821A73F10002C0F0AF
:10E85000B680CDF80CA004F1100604F1080A04F10A
:10E860001807012279E0D00728D091F82A00012862
:10E8700024D100200D2116F0EFFD44F27031C1F2D9
:10E880000001049091F8580091F85910D9F800202F
:10E8900040EA0120B9F80410ADF8168041EA0040C2
:10E8A000CDE9062009F08EF942F20C7304AFC0F6F0
:10E8B000060303210022009709F061F9002C7ED0A5
:10E8C00044F25054C1F2000454F8400F0B996368AD
:10E8D00001EB0B02821A73F1000270D3CDF80CA089
:10E8E00004F1100604F1080A04F11807022234E0CA
:10E8F000D0071AD091F82A00012816D100200B2148
:10E9000016F0AAFD0490D9E90001ADF81680CDE912
:10E91000060109F057F942F20C7304AFC0F6060382
:10E9200003210022009709F02AF9002C47D044F275
:10E930005054C1F200040999D4E9000301EB0B0221
:10E94000821A73F100023AD3CDF80CA004F110063C
:10E9500004F1080A04F1180700220292421AD7E9CA
:10E96000000163F10003F2F776FE49F69A11C1F651
:10E970009911ABFB0112DAF800103368C0EA0140CC
:10E9800012EB034640F1000700204021002516F05D
:10E9900063FD04900298CDE90667ADF8160009F012
:10E9A00011F942F20C7304AFC0F6060301210022F4
:10E9B000009709F0E4F8DDF80CA0C4E90055002048
:10E9C0008AF89A00D9E90001090441EA1041C8EA2D
:10E9D0000040C9E900010FB0BDE8F08F80B561B11A
:10E9E00040F68030C1F20000006940F60301C0F239
:10E9F0001041C0F81110012116E002F0D9F802F020
:10EA0000C6F802F0D5F802F0BCF840F68031C1F249
:10EA10000001086940F60302C0F21052C0F811204C
:10EA2000092281F8252000210174BDE88040FEF70D
:10EA3000DBBC80B561B140F68030C1F200000069F6
:10EA400040F60311C0F21141C0F81110012116E087
:10EA500003F0F7F903F0E4F903F0F3F903F0DAF95E
:10EA600040F68031C1F20001086940F60312C0F29D
:10EA70001152C0F811200A2281F8252000210174CA
:10EA8000BDE88040FEF7B0BC80B561B140F6803093
:10EA9000C1F20000006940F20371C0F20D41C0F8FC
:10EAA0001110012116E00EF0E3FE0EF050FF0EF003
:10EAB000DFFE0EF06DFE40F68031C1F20001086904
:10EAC00040F20372C0F20D52C0F81120082281F802
:10EAD000252000210174BDE88040FEF785BC80B58B
:10EAE00061B140F68030C1F20000006940F203617C
:10EAF000C0F20C41C0F81110012116E00FF0F0FC3B
:10EB00000FF05DFD0FF0ECFC0FF07AFC40F6803169
:10EB1000C1F20001086940F20362C0F20C52C0F871
:10EB20001120072281F8252000210174BDE88040D2
:10EB3000FEF75ABCF0B58FB001291DD140F2185430
:10EB4000C1F20004207D0E286DD14FF2A970657DC1
:10EB5000E68AC0F60200CDE9040403F02AFED4F8E8
:10EB6000081602680D9145EA06410E9116680DA936
:10EB700004AB0122B04756E040F21855C1F200053F
:10EB800005200C46287310F0EBFC2A7B00210026A0
:10EB900010F0D6FCC5E96366C5F8946104AE304652
:10EBA0002021F3F78BFA1BF0B1FE1BF0B8FE4FF2F9
:10EBB000A3410346C0F6020130462A4606F033FA66
:10EBC00005204E2116F048FCC5F88801042005F503
:10EBD000C47785F8980108F0F5FF95F8981142F28E
:10EBE0002A73C0F606030022009708F0C8FFD5F884
:10EBF000841181B143F61842C0F60602FF27D5F80A
:10EC00008001D2E9002385F899710127CDE9001729
:10EC1000029613F003FC6A682AB140F21850C1F260
:10EC20000000214690470FB0F0BDF0B58FB001292C
:10EC30001AD140F21854C1F200044FF28D60657D84
:10EC4000E68AC0F60200CDE9040403F0B2FDD4F870
:10EC5000081602680D9145EA06410E9116680DA945
:10EC600004AB0122B04756E040F21855C1F200054E
:10EC700005200C46287310F073FC2A7B0021002627
:10EC800010F05EFCC5E96366C5F8946104AE3046D9
:10EC90002021F3F713FA1BF039FE1BF040FE4FF270
:10ECA000A3410346C0F6020130462A4606F0BBF9EE
:10ECB00005203C2116F0D0FBC5F88801042005F59D
:10ECC000C47785F8980108F07DFF95F8981142F215
:10ECD0002A73C0F606030022009708F050FFD5F80B
:10ECE000841181B143F61842C0F60602FF27D5F819
:10ECF0008001D2E9002385F899710127CDE9001739
:10ED0000029613F08BFB6A682AB140F21850C1F2E8
:10ED10000000214690470FB0F0BD80B561B140F6CC
:10ED20008030C1F20000006940F20321C0F20541C9
:10ED3000C0F81110012116E00BF082FC0BF0F6FC7C
:10ED40000BF07EFC0BF021FC40F68031C1F200019B
:10ED5000086940F20322C0F20552C0F811200222D5
:10ED600081F8252000210174BDE88040FEF73CBBFE
:10ED700080B561B140F68030C1F20000006940F218
:10ED80000331C0F20741C0F81110012116E011F063
:10ED90002FF911F0A3F911F02BF911F0C1F840F699
:10EDA0008031C1F20001086940F20332C0F207521B
:10EDB000C0F81120032281F8252000210174BDE84C
:10EDC0008040FEF711BB10B50B46022A044609D05D
:10EDD000012A1CD1FE200121002219F0FDFCC0B146
:10EDE000983006E0FE200121012219F0F5FC80B1E7
:10EDF0007C300268002A0FD04FF6FF70A4FB0001A0
:10EE00004FF0000348BF5242F2F725FC10BD00202E
:10EE100010BD4FF4FA6010BD40F6B83010BD70B5AB
:10EE20008EB040F21854C1F2000401290DD1207DAA
:10EE3000022862D106F0A3FDD4F8A81104F5D67219
:10EE40000EB0BDE8704006F0EDBE0520207310F056
:10EE500087FB227B0021002510F072FB207D1A2603
:10EE6000022808BF1226C4E96355C4F8945104ADC2
:10EE700028462021F3F722F91BF048FD1BF04FFD37
:10EE80004FF2A3410346C0F602012846224606F08F
:10EE9000CAF80520314616F0DFFAC4F888010420CC
:10EEA00004F5C47684F8980108F08CFE94F8981163
:10EEB00042F22A73C0F606030022009608F05FFEB5
:10EEC000D4F8841181B143F61842C0F60602FF2639
:10EED000D4F88001D2E9002384F899610126CDE9B4
:10EEE0000016029513F09AFA6268E2B140F21850E7
:10EEF000C1F200000021904715E04FF6E500657D66
:10EF0000E68AC0F60200CDE9040403F052FCD4F80E
:10EF1000081602680C9145EA06410D9116680CA985
:10EF200004AB0122B0470EB070BDF0B58DB040F219
:10EF300018551446012AC1F2000510D10320287388
:10EF400010F00EFB2A7B002110F0FAFAA8780128B5
:10EF50000DD105F1140128460CF082FD07E00520D3
:10EF6000287310F0FDFA2A7B002110F0E9FA002046
:10EF700004AFC5E96300C5F8940138462021F3F7D2
:10EF80009DF81BF0C3FC1BF0CAFC4FF2A3410346E3
:10EF9000C0F6020138462A4606F045F8012C1DD17C
:10EFA000022085F8980105200D2116F055FAC5F8C4
:10EFB000880105F5C47608F005FE95F8981142F22F
:10EFC0002A73C0F606030022009608F0D8FD95F8D3
:10EFD0009A6176B3D5F88411E1B92AE04CBB0520DB
:10EFE0000E2116F039FAC5F88801042005F5C4761B
:10EFF00085F8980108F0E6FD95F8981142F22A7319
:10F00000C0F606030022009608F0B9FDD5F8841179
:10F0100079B1FF2643F61842C0F60602D5F8800102
:10F02000D2E9002385F8996101268DE8C20013F02A
:10F03000F5F96A682AB140F21850C1F20000214681
:10F04000904700200DB0F0BDF0B58DB040F21855DE
:10F050001446012AC1F2000510D10320287310F0D4
:10F060007FFA2A7B002110F06BFAA87801280DD1D5
:10F0700005F1140128460CF0F3FC07E00520287385
:10F0800010F06EFA2A7B002110F05AFA002004AF2B
:10F09000C5E96300C5F8940138462021F3F70EF85E
:10F0A0001BF034FC1BF03BFC4FF2A3410346C0F6BF
:10F0B000020138462A4605F0B6FF012C1DD1022078
:10F0C00085F898010520102116F0C6F9C5F88801C9
:10F0D00005F5C47608F076FD95F8981142F22A738A
:10F0E000C0F606030022009608F049FD95F89A61E3
:10F0F00076B3D5F88411E1B92AE04CBB0520112183
:10F1000016F0AAF9C5F88801042005F5C47685F83B
:10F11000980108F057FD95F8981142F22A73C0F64D
:10F1200006030022009608F02AFDD5F8841179B173
:10F13000FF2643F61842C0F60602D5F88001D2E950
:10F14000002385F8996101268DE8C20013F066F965
:10F150006A682AB140F21850C1F200002146904777
:10F1600000200DB0F0BD80B561B140F68030C1F235
:10F170000000006940F20311C0F20641C0F811100E
:10F18000012116E012F08AF812F0FEF812F086F86B
:10F1900011F0FBFF40F68031C1F20001086940F236
:10F1A0000312C0F20652C0F81120012281F8252076
:10F1B00000210174BDE88040FEF716B9B0B5C5B2B4
:10F1C00044F2703C6B00C1F2000C421E53FA80F016
:10F1D0000CF1700303EB0011D1E90204002D08BF0C
:10F1E00002222043D0B24FEA400050FA82F003EBF3
:10F1F000001090F828009CF8623091F828E00AD0BE
:10F2000048B983EA020040EA0E00C0B2B0FA80F0CA
:10F21000400908BFB0BD0CEB8500406B0221BDE882
:10F22000B04018F04BBD80B561B140F68030C1F2FE
:10F230000000006940F20341C0F20841C0F811101B
:10F24000012116E009F022FF09F0AAFF09F01EFFD4
:10F2500009F0B5FE40F68031C1F20001086940F2C4
:10F260000342C0F20852C0F81120052281F825207F
:10F2700000210174BDE88040FEF7B6B82DE9F041E9
:10F28000044600680078D8B14FF000084FF41576B6
:10F290004FF40C77002500BFA0686169405D10FB4A
:10F2A0000610FDF7B1FE30B1E068A169405D10FBCA
:10F2B0000710C0F89C802068013500788542EBD3A8
:10F2C000BDE8F081B0B582B008F07CFC40F608657E
:10F2D000C1F2000595F8981142F2407305F5C47427
:10F2E000C0F606030022009408F049FC95F8990145
:10F2F000FF2804D00138010685F8990101D002B039
:10F30000B0BDD5F8800102B0BDE8B04013F0FAB846
:10F3100070B58CB001290ED106F031FB40F21852C5
:10F32000C1F20002D2F8A81102F5D6720CB0BDE805
:10F33000704006F077BC40F21854C1F2000405207A
:10F34000207310F00DF9227B0021002510F0F8F851
:10F35000C4E96355C4F8945104AD28462021F2F75E
:10F36000ADFE1BF0D3FA1BF0DAFA4FF2A3410346CD
:10F37000C0F602012846224605F055FE05200F2161
:10F3800016F06AF8C4F88801042004F5C47684F8FD
:10F39000980108F017FC94F8981142F22A73C0F60D
:10F3A00006030022009608F0EAFBD4F8841181B12C
:10F3B00043F61842C0F60602FF26D4F88001D2E9CF
:10F3C000002384F899610126CDE90016029513F017
:10F3D00025F862682AB140F21850C1F200000021FD
:10F3E00090470CB070BD0A7C0F2A00D170478B7C0F
:10F3F000022B06D0012B18BF70472AB11146F5F732
:10F4000029BC0968F5F76DBEF5F71EBE80B561B180
:10F4100040F68030C1F20000006940F20351C0F2B2
:10F420000941C0F81110012116E012F0D1FB12F0D1
:10F4300051FC12F0CDFB12F066FB40F68031C1F2B8
:10F440000001086940F20352C0F20952C0F81120CD
:10F45000062281F8252000210174BDE88040FDF7D7
:10F46000C3BFB0B5054618F02BFD284618F02AFD9D
:10F470000446284618F02CFD012C01460CD04CB94E
:10F480000E2907D8012000FA01F144F2740211425A
:10F4900018BFB0BD0020B0BD481FB0FA80F04009D1
:10F4A000B0BDB0B582B00446D0E9640104F5C475BE
:10F4B000013041F10001C4E9640108F083FB94F8D4
:10F4C000981142F22A73C0F606030022009508F054
:10F4D00056FBD4F8880115F0ABFF0E2804D028683D
:10F4E00015F0A6FF112803D106F049FA06F083FBB8
:10F4F00094F89901FF2804D00138010684F8990195
:10F5000001D002B0B0BDD4F8800102B0BDE8B04077
:10F5100012F0F8BF80B571B140F68030C1F2000042
:10F5200090F8261000690322C1740421017501219D
:10F53000A0F8112017E00CF09BFE0CF01EFF0CF061
:10F5400097FE0CF08BFD40F68032C1F2000292F87B
:10F55000261010690323C174052101750021A0F84C
:10F56000113082F825100174BDE88040FDF73CBFE2
:10F57000F0B58DB040F218550C460129C1F20005D6
:10F5800010D1032028730FF0EBFF2A7B00210FF02E
:10F59000D7FFA87801280DD105F1140128460CF0F9
:10F5A0005FFA07E0052028730FF0DAFF2A7B0021BD
:10F5B0000FF0C6FF002004AFC5E96300C5F8940151
:10F5C00038462021F2F77AFD1BF0A0F91BF0A7F9CD
:10F5D0004FF2A3410346C0F6020138462A4605F021
:10F5E00022FD012C1DD1022085F898010520132150
:10F5F00015F032FFC5F8880105F5C47608F0E2FA87
:10F6000095F8981142F22A73C0F60603002200967C
:10F6100008F0B5FA95F89A6176B3D5F88411E1B996
:10F620002AE04CBB0520142115F016FFC5F888010F
:10F63000042005F5C47685F8980108F0C3FA95F81A
:10F64000981142F22A73C0F606030022009608F0D1
:10F6500096FAD5F8841179B1FF2643F61842C0F620
:10F660000602D5F88001D2E9002385F899610126C8
:10F670008DE8C20012F0D2FE6A682AB140F218503A
:10F68000C1F20000214690470DB0F0BDF0B58DB03D
:10F6900040F218550C460129C1F2000510D1032093
:10F6A00028730FF05DFF2A7B00210FF049FFA87837
:10F6B00001280DD105F1140128460CF0D1F907E01D
:10F6C000052028730FF04CFF2A7B00210FF038FF34
:10F6D000002004AFC5E96300C5F894013846202135
:10F6E000F2F7ECFC1BF012F91BF019F94FF2A341F1
:10F6F0000346C0F6020138462A4605F094FC012C68
:10F700001DD1022085F8980105203A2115F0A4FEAC
:10F71000C5F8880105F5C47608F054FA95F89811F3
:10F7200042F22A73C0F606030022009608F027FA78
:10F7300095F89A6176B3D5F88411E1B92AE04CBB0B
:10F7400005203B2115F088FEC5F88801042005F549
:10F75000C47685F8980108F035FA95F8981142F2C8
:10F760002A73C0F606030022009608F008FAD5F8BE
:10F77000841179B1FF2643F61842C0F60602D5F887
:10F780008001D2E9002385F8996101268DE8C20045
:10F7900012F044FE6A682AB140F21850C1F200002B
:10F7A000214690470DB0F0BDF0B58DB040F2185530
:10F7B0000C460129C1F2000510D1032028730FF077
:10F7C000CFFE2A7B00210FF0BBFEA87801280DD1C7
:10F7D00005F1140128460CF043F907E005202873D1
:10F7E0000FF0BEFE2A7B00210FF0AAFE002004AF1E
:10F7F000C5E96300C5F8940138462021F2F75EFCA4
:10F800001BF084F81BF08BF84FF2A3410346C0F6BF
:10F81000020138462A4605F006FC012C1DD10220C3
:10F8200085F8980105204C2115F016FEC5F88801D1
:10F8300005F5C47608F0C6F995F8981142F22A73D6
:10F84000C0F606030022009608F099F995F89A612F
:10F8500076B3D5F88411E1B92AE04CBB05204D21DF
:10F8600015F0FAFDC5F88801042005F5C47685F881
:10F87000980108F0A7F995F8981142F22A73C0F69A
:10F8800006030022009608F07AF9D5F8841179B1C0
:10F89000FF2643F61842C0F60602D5F88001D2E9E9
:10F8A000002385F8996101268DE8C20012F0B6FDAB
:10F8B0006A682AB140F21850C1F200002146904710
:10F8C0000DB0F0BD0138C0B20C288EBFFF2001A1E1
:10F8D000085C704700FFFFFFFFFF020301FFFF040A
:10F8E00005000000F0B58DB040F218550C46012916
:10F8F000C1F2000510D1032028730FF031FE2A7BDE
:10F9000000210FF01DFEA87801280DD105F114018A
:10F9100028460CF0A5F807E0052028730FF020FE1C
:10F920002A7B00210FF00CFE002004AFC5E9630024
:10F93000C5F8940138462021F2F7C0FB1AF0E6FF23
:10F940001AF0EDFF4FF2A3410346C0F6020138461C
:10F950002A4605F068FB012C1DD1022085F898018C
:10F960000520182115F078FDC5F8880105F5C47645
:10F9700008F028F995F8981142F22A73C0F60603A8
:10F980000022009608F0FBF895F89A6176B3D5F856
:10F990008411E1B92AE04CBB0520192115F05CFD6A
:10F9A000C5F88801042005F5C47685F8980108F0AB
:10F9B00009F995F8981142F22A73C0F6060300225D
:10F9C000009608F0DCF8D5F8841179B1FF2643F6EB
:10F9D0001842C0F60602D5F88001D2E9002385F866
:10F9E000996101268DE8C20012F018FD6A682AB1FB
:10F9F00040F21850C1F20000214690470DB0F0BD12
:10FA000010B586B00F4944F2703201910DA1C1F2D8
:10FA100000028968136952FA80F4CDE902314FF28D
:10FA2000BD1194F84120C0F602010491059001A98E
:10FA30001046002227F084FB94F8410027F0C0FB19
:10FA400006B010BDFF000000000000000201000031
:10FA5000000000000000000044F2B050C1F20000BD
:10FA6000017801B1704780B501210170FE200021AD
:10FA700025F0D8FF24F0E6FA24F008FBBDE880402A
:10FA800024F082BCB0B54C680520C0F2010084426D
:10FA900028D18D681BF00EFA1BF01AFAD5E9002365
:10FAA000121A63EB0100511E70F1000106DB43F6F0
:10FAB0002C41C0F606010968511A0AE043F62C43AE
:10FAC000C0F606031B6851424FF0000262EB0000D3
:10FAD000C91A70F1000005D31BF0ECF9D5E9002339
:10FAE0001BF0FCF9A4F580300538B0FA80F040092D
:10FAF000B0BD40F201118187704700002DE9F04F41
:10FB000081B02DED068BBEB00978519F00290446C7
:10FB100000F0428394F83E00509F4F9E0DF1200B61
:10FB200004F10C0ACDE9013228B940F20110A08796
:10FB3000012084F83E001AADDDF83881281D1C2113
:10FB4000F2F7BCFA96ED001A96ED012A96ED023A0C
:10FB5000B5EE401AF1EE10FAB5EE402A9FED110A0B
:10FB6000D8BFB0EE401AF1EE10FAB5EE403A8BED88
:10FB7000121AD8BFB0EE402A8BED162AF1EE10FA19
:10FB8000D8BFB0EE403A97ED008A11A844F6286E2F
:10FB90004FF0000CC0F6060E024600238BED1A3A19
:10FBA00004E000BF00000000000000340EEB8C07F2
:10FBB00097ED0A1A97ED0B2A97ED0C3A002700BF34
:10FBC000E91991ED004A91ED035A91ED066A21EE93
:10FBD000044A22EE055AD61935EE044A23EE065A97
:10FBE000043735EE044A0C2F86ED004AE8D1013384
:10FBF0000CF1030C032B02F10C02D7D171460DF16D
:10FC0000680944F678654FF0000E23AAC0F6060591
:10FC100001F1180C4F4600BF05EB8E0393ED0C1A53
:10FC200093ED0F2A93ED123A00256346B0EE404A59
:10FC3000461996ED005A96ED016A96ED027A25EE88
:10FC4000015A26EE026A36EE055A27EE036A791942
:10FC500036EE055A91ED006AB3EC017A561986ED3D
:10FC6000005A26EE075A0C3535EE044A242DDFD112
:10FC70000EAE06EB8E010EF1010E44F678650437E8
:10FC8000BEF1030F02F10402C0F6060581ED004A41
:10FC9000C2D19BED060A9BED071A9BED082A0020B6
:10FCA0002A1892ED0C3A92ED0F4A92ED125A23EE79
:10FCB000003A24EE014A0BEB000134EE033A25EE44
:10FCC000024A043034EE033A0C2881ED003AE7D1C1
:10FCD00044F62860C0F6060090ED099A98ED00AA57
:10FCE00009F104001C21F2F7E9F91FED511AB5EEF4
:10FCF000408AF1EE10FAB0EE410AB5EE40AAC8BF54
:10FD0000B0EE480AF1EE10FAC8BFB0EE4A1A94F805
:10FD10003C008BED121A8BED161A8BED1A1A98B166
:10FD20001AAF8FCFDDE91F65DDF884C08AE88F0048
:10FD3000CAF8185044F678652298CAF814600EAED6
:10FD4000C0F60605CAE907C030EE093A1FED6B0A96
:10FD50000DF1440CCDF80CA000224FF00C0805F179
:10FD6000240A6146B0EE401A05EB820595ED002AA3
:10FD700095ED034A95ED065A06EB820E00274046A4
:10FD80005646B0EE406A00BF231893ED007AF6ECB9
:10FD9000010AE31927EE207A37EE066A93ED037A1B
:10FDA000D3ED040AD3ED051A27EE027A60EE840A39
:10FDB00030EE877A61EE850ACB190C3730EE877A00
:10FDC000242F00F1040083ED007ADDD195ED092A9E
:10FDD000013226EE022A44F6786532EE011A043129
:10FDE000032A08F10C08C0F606050EAE8EED006A77
:10FDF000BAD133EE010A00200BA900BF0CEB0002C0
:10FE000092ED001A0BEB000292ED002A221831EE5F
:10FE1000021A81EE001A92ED032A321882EE002AAD
:10FE200082ED001A0A1804300C2882ED002AE5D170
:10FE30009BED032A9BED041A9BED050A0DF1D40EF0
:10FE4000002201200EF10408CDF81B2006928DF847
:10FE500017008DF81B008DF81F00B1EE424AB1EE7D
:10FE6000415AB1EE406A0DF117034646504600BFB5
:10FE70009F569D18F0EC010A07EE107A95F9017073
:10FE8000B8EEC77A64EE201A31EE877A01EE907AE6
:10FE900095F90270F8EEE11A65EE202A72EEA11AC9
:10FEA00002EE907AF8EEE22A66EE200A70EEA20ADE
:10FEB000033206ED017AC6ED001AC6ED010A092AE1
:10FEC00006F10C06D4D10DF1B00B0EF10C0000259B
:10FED00011AB5F46049000BF0EEB850090ED004A29
:10FEE000E81C0EEB800696ED005AAE1D0EEB860167
:10FEF00091ED006A4FF0000C04EB0C0292ED037AD6
:10FF0000D2ED040AD2ED051A27EE047A60EE850AD6
:10FF100007EB0C0130EE877A61EE860A0CF10C0CCF
:10FF200030EE877ABCF1240F81ED007AE4D10BEB3F
:10FF300080000BEB850190ED005A0BEB860091EDF4
:10FF4000004A90ED006A049E002000BF96ED007A02
:10FF500056ED030AD6ED031A64EE200A25EE077A61
:10FF6000191837EE207A66EE210A0C3030EE877AC7
:10FF7000242806F1040681ED007AE7D10135043723
:10FF8000032D03F10403A7D144F6786223EE024A5D
:10FF900023EE015A23EE006A0020C0F606020BABE6
:10FFA000191891ED007A043064EE070A67EE051A1D
:10FFB00027EE067A48ED010AC8ED001A88ED017AAD
:10FFC0000C2808F10C08EBD1002011AB191891EDA9
:10FFD000004A0EEB000191ED005A09EB00010430DC
:10FFE00034EE054A242881ED004AEFD108A890EDAF
:10FFF000004A90ED015A90ED026A84EE034A85EEC4
:020000040803EF
:10000000035A86EE033A0020B1EE446AB1EE457A17
:10001000F1EE430AFAEC011A1118D1ED003A66EE3E
:10002000212AD1ED014AD1ED025A72EEA32A0EEB3C
:10003000000167EE213A60EEA11A0C3073EEA43A8B
:1000400071EEA51A2428C1ED002AC1ED013AC1EDD7
:10005000021ADFD10EF11808002523A811AB5A4669
:100060000EEB8501EE1C91ED006A0EEB8601AF1DD3
:1000700091ED007A0EEB8701D1ED000A002100BF5F
:1000800009EB010ADAED001ADAED012ADAED023A9B
:1000900061EE861A62EE872A02EB010C72EEA11A5B
:1000A00063EEA02A0C3172EEA11A2429CCED001ABD
:1000B000E6D10BEB860191ED006A0BEB850191ED2A
:1000C000007A0BEB8701D1ED000A0027464600BFFE
:1000D00056ED062A56ED033AD6ED001A67EE222AAF
:1000E00066EE233AC11973EEA22A60EEA11AD1ED91
:1000F000003A71EEA21AD9190C3771EEA31A242F07
:1001000006F10406C1ED001AE2D1013504320430D3
:10011000032D03F10403A3D123AE301D002108AB4E
:100120005A1892ED006A043124EE067A65EE060A4A
:1001300023EE066A00ED017AC0ED000A80ED016A47
:100140000C2900F10C00EBD1039A44F6286700203B
:10015000C0F6060711AD00BF291891ED003A31181D
:1001600091ED004A09EB0001043033EE443A2428B3
:1001700081ED003AF0D194F83D00B8B1019890EDCE
:10018000003A84ED0C3A90ED014A84ED0D4A90ED71
:10019000025A84ED0E5A0FE094F83E00002800F059
:1001A0009180002084F84000E0878BE094ED0C3AC9
:1001B00094ED0D4A94ED0E5A40F20110A4F83F0060
:1001C000029897ED136AD0ED000ADDE91C9770EEF6
:1001D000C33A21EE231A73EE061AD3ED072A31EE45
:1001E000041A20EE230ADDE91E6593ED066A93EDFD
:1001F000087A22EE232A30EE050A84ED011ADDE9A1
:100200001A1ADDE920CEDDF88880C2E9029730EEC7
:10021000E11A44F6786732EE032A84ED020A0020E0
:10022000C2E9046521EE220AC0F606070EAE84ED8F
:10023000002A84F83C00C2E9001AC2E906CEC2F8DE
:10024000208084F83D0000BF3A1892ED002AD2EDDC
:10025000030AD2ED061A22EE032A60EE840A311850
:1002600030EE822A61EE850A043030EE822A0C28B4
:1002700081ED002AE8D144F62860C0F6060026EE9B
:10028000012A90ED003A93ED066A21EE071A90EDEF
:10029000014A93ED077A90ED025AD3ED080A33EE46
:1002A000063A32EE032A34EE073A30EE030A35EE10
:1002B000203A31EE031A519F84ED0C2A84ED0D0A89
:1002C00084ED0E1A2068386060687860A068B860B5
:1002D0003EB0BDEC068B01B0BDE8F08F704700006A
:1002E0002DE9F04F81B02DED108B8CB0B0EE40BAFF
:1002F000F0EE60BA9FED760B59EC115B56EC107B7B
:10030000B0EE47EAB0EE46CAB0EE458AB0EE44DA47
:10031000B0EE439AB0EE42AA1C460493CDE9071210
:10032000DDF89C800990284649463A463346F0EE6F
:1003300067EAF0EE66CAF0EE658AF0EE64DAF0EE97
:10034000639AF0EE62AA31F041FB28AA2AA900289C
:1003500018BF0A4692ED00FB284649463A46334606
:1003600031F034FB5AEC1EBB002818BFC246269859
:100370004FEAD678494618BF834668F3DF7153ECDD
:100380001D2B2846CDE9052331F0A4F894ED000B90
:1003900053EC104B2246039331F09CF8CDE9011049
:1003A00053EC1F2B5846514631F0D4F906460F4600
:1003B00053EC1C2B2846494630F0F4FD68F3DF71FE
:1003C00041EC100B8DED0A0B9DF82F0080F08000A2
:1003D0008DF82F009DED0A0B22F0EEFF53EC102B51
:1003E0003046394631F076F85A46534631F0B2F984
:1003F00002460B46DDE9011030F0D4FD02460B4603
:100400002846494630F01AFD9FED330B064653EC63
:10041000102B8A4631F05EF8039B224630F00EFD29
:1004200041EC100B049F51EC1B0B53EC1A2B87ED86
:10043000000B31F04FF8CDE9020141EC100B0798A9
:1004400053EC192B80ED000B2846494631F042F859
:1004500097ED000B83468846DDE9050153EC102B30
:1004600031F038F807460C4651EC180B324653462B
:1004700031F030F805460E46584641463A46234686
:1004800030F0DCFC02460B462846314630F0D6FC04
:1004900041EC100B08985A4680ED000BDDE9020193
:1004A000434631F057F93A46234631F053F92A468C
:1004B000334631F04FF941EC100B099880ED000BF9
:1004C0000CB0BDEC108B01B0BDE8F08F00BF00BFD9
:1004D0000000000000000000FCA9F1D24D62503F76
:1004E00080B52DED068B86B090EC160B00F1580C04
:1004F00000F1600100F1680200F1700360468DECCC
:10050000048B8DED04ABFFF7EBFE06B0BDEC068B64
:1005100080BD0000F0B589B00446083009220D46C0
:10052000F1F7A4FC16F0A6FE88B907F04BFB43F2E6
:10053000180746F20B6242F6E813C0F60607C0F64B
:100540000602C0F606030521009707F018FB287A7B
:10055000AE88012809D117F0A5F8297AEF8801297A
:10056000054604D117F09EF802E0AF79002500207F
:1005700040F20121CDE90010F0B2FBB280212A4601
:10058000802510F0B3FA606117F08CF8C4F82402EB
:1005900017F088F8C4F8280280200CF03AFEE061D9
:1005A000002000260CF035FE0021A0610CF060FE5A
:1005B00004F50F7006A9CDE90665089602F07FFDE7
:1005C00045F683732068C0F60203217A628944F6F7
:1005D000FF05049344F6E90308A7C0F60305CDE937
:1005E0000206C0F603030120CDE90056059717F077
:1005F000B1F901460120616009B0F0BD646961672D
:100600006E6F737469630000B0B58CB004AD0446BE
:1006100028462021F1F752FD62682846012104F0A6
:100620000EFD6069B4F83A12002403220023CDE9DC
:100630000045029410F0EAFA07F0C4FA42F6E81214
:1006400003A1C0F6060207F0E1FA0CB0B0BD00BF8E
:1006500063616C6C6564205F7461736B5F7374615C
:10066000727475702829000010B586B00446002108
:10067000C0690591ADF8121005A90DF112020CF038
:10068000E8FD0A20C6F6010003900598BDF8121097
:100690004FF68523CDE9010104F50F70C0F6020382
:1006A00003A901AA02F013FD012006B010BD10B588
:1006B00082B043F63842C0F606020446C16940697A
:1006C00012680023ADF8063010F0DAF910B92046B0
:1006D000FFF7CAFF60690DF1060110F085FBBDF858
:1006E000060018B16068012117F0E0FA02B010BDF1
:1006F000B0B5054610460121144606F092FC0128CB
:1007000002D12846FFF7D3FF20460221BDE8B040C2
:1007100006F087BC10B544F25C30C1F200000078EE
:10072000BFF35F8FC00704D044F2B450C1F20000A1
:1007300010BD44F25C30C1F2000020F05DFC0028E6
:10074000F2D044F2B454C1F20004204600F012F892
:1007500040F2DD7040F20002C0F60300C0F6020273
:100760002146F1F733FB44F25C30C1F2000020F087
:1007700059FCD9E710B5044643F62C40C0F60600F4
:100780000068642148430021C4E900012920207247
:100790004FF40230C4F80A000120E0812074A074F4
:1007A0007F20C4E9891184F82C12C4F81310C4F80E
:1007B0001710C4F81B10E177C0F200100A2142F6AE
:1007C000F82204F50C73C6F60101C2F6F82207C33D
:1007D00004F50F7002F07EFC204610BD10B50446F3
:1007E00000F50F7002F093FC204610BD10B50446D2
:1007F00000F5967002F094FE204610BD026801F0EC
:100800000103C1F343004FF0010C32F813100CFA4E
:1008100000F0084347F6FE710140012022F8131052
:100820007047026801F00103C1F343004FF0010C6F
:1008300032F813100CFA00F08143012022F8131053
:10084000704700002DE9F04182B08046007E00280C
:1008500000F0FE8002F098FB08F12007D8F8042091
:10086000F0CFD8F80C30121945F100059B1947F16B
:1008700000071B1A77EB01034FF0000C38BF4FF055
:10088000010C121A75EB01021DD2B8F83A20B8F823
:10089000383092B21A4398F84130B2FA82F2012B02
:1008A0004FEA5212C8E908011ED142B30022D8F81B
:1008B000003088F8192098F80820C8E90E33012381
:1008C00088F841300AE098F81930032B00F2C08014
:1008D00098F80820DFE803F002283A28033AB2FA31
:1008E00082F25209002338E012B3D8F80020032323
:1008F00088F81930C8F83C204FF0010C0CE0D8F80B
:100900003870D8F8002001234FF0000C88F8193017
:10091000C8E90C01C8F83C70C8F8382098F80820DD
:1009200088F841C04FF0010C002A18BF012214E0E2
:100930000222D8F83830D8F8007088F8192098F8D2
:100940000820C8E90E73002388F8413002F0FE0247
:10095000023AB2FA82F252090223002A00F07880A9
:10096000BCF1000F74D0C8E90A01DFE803F00254BB
:100970001B3398F81400B8F83C10B8F83E20A8F8DB
:100980004E0042EA01400021C8E9140100203C2148
:1009900014F062FD48F8480F07F014F958F8383C95
:1009A000012150E0D8E90C32C01A91414FF47A721B
:1009B0000023F0F750FE98F81410B8F83C20B8F86F
:1009C0003E30A8F84E1043EA0241C8E91410002056
:1009D0003E212FE0D8E90C32C01A91414FF47A72CF
:1009E0000023F0F738FE98F81410B8F83C20B8F857
:1009F0003E30A8F84E1043EA0241C8E91410002026
:100A00003F2114F029FD48F8480F07F0DBF858F8AB
:100A1000383C032117E098F81400B8F83C10B8F8F7
:100A20003E20A8F84E0042EA01400021C8E9140126
:100A300000203D2114F010FD48F8480F07F0C2F8DF
:100A400058F8383C04210022CDF8008007F097F8D0
:100A5000012002B0BDE8F081B0B544686CB1054634
:100A60000068C5E90E00012085F84100288302F0E6
:100A70008BFAC5E90801C5E90A01002C18BF012459
:100A80002046B0BD01680022012081F841200A8380
:100A9000C1E90822C1E90A228A63CA63704780B5A6
:100AA0000068FFF7CFFE012080BD0068FFF7D4BFCC
:100AB0000068027E8AB101F0010230F812C0C1F371
:100AC0004301012303FA01F111EA0C0F05D000EBF9
:100AD0004200028F22EA010101870120704710B510
:100AE000026891E809500C6982E809501461087D98
:100AF0000021107582F84D00012082F84110C2E9F2
:100B00000811C2E90A11C2E90E1182F84C101183D2
:100B1000A2F84E101165516510BD000070B5044675
:100B2000582020F04FFE48210546F1F7C7FA48F259
:100B3000A060C0F20100686049F28060C0F29800D5
:100B400009A1C5E90301FE202875002605F1200052
:100B500022216E76F1F7B2FA2046C5E91266C5E9A0
:100B60001466256070BD00BF64756D6D790000006E
:100B700010B50446006810B1582103F0CFFE20469E
:100B800010BD80B5006800F03BF8002080BD80B546
:100B9000006800F0C9F8002080BD80B500680968D1
:100BA000016000F0E1F8002080BD006800F064B949
:100BB00010B544F26030C1F20000007844F2F474E1
:100BC000C007C1F20004BFF35F8F01D0206810BDE1
:100BD00044F26030C1F2000020F00EFA0028F5D097
:100BE000042020F0EFFD01F0BAF8206044F26030FC
:100BF000C1F2000020F016FAE8E7006800F062B9E0
:100C00002DE9F047804606F0DDFF42F6382242A18A
:100C1000C0F6060206F0FAFF98F8090000286FD027
:100C200098F80B00012802D1404600F0A1FD404693
:100C3000002100224FF0000900F01EF905F091FBA1
:100C4000D8F8AC310221062205F0C8F905F089FB7D
:100C5000D8F8A81105F074FC42F6002140F6012CEA
:100C600008F5E67EC0F60601C0F2001C002300BFB6
:100C70005EF80340FCB1D1E90067D1E90225C4E97F
:100C80000267C4E90425D1E90427D1E90865C4E96C
:100C90000627D1E90A20D1E906A7C4E90C20D1E949
:100CA0000C20C4E90A65C4E908A7C4E90E205EF86F
:100CB0000300C0F800C04EF803900433102BD7D1C6
:100CC0004FF0FE30C8F8DC0108F11C004FF4B4719D
:100CD000F1F7F4F9D8F8A801FF2188F81C1012F0F8
:100CE000E9FBD8F8AC0112F0E5FBD8F8B00104F04C
:100CF00029FDD8F8880111F005FC002088F80900CA
:100D0000012088F814000EF02BFC082101220EF0BF
:100D100017FC0020BDE8F0873A3A446561637469C6
:100D2000766174652829000010B582B0044606F08B
:100D300049FF94F8A01142F6382304F5C87CC0F6A8
:100D400006030022CDF800C006F019FFD4F8900188
:100D500014F06EFB532803D104F011FE04F04BFF96
:100D6000002002B010BD000070B586B004460079C6
:100D7000002864D133A103A803F06DF802F02BF929
:100D80009DF91700B0F1FF3F05DC0599039821F0AC
:100D9000004103F0C3FDFF2020770025042004213B
:100DA00000220023CDE90055042612F0C3FBC4F84D
:100DB000A80102200421002200230095019512F0D1
:100DC000B9FBC4F8AC0104200A21002204F070FC35
:100DD000C4F8B00104200421002204F069FCC4F826
:100DE000C40111F0A7FAC4F888010520542184F841
:100DF000A06184F8955114F02FFB0126C4F89001EE
:100E00002681E57226750EF0ABFB082101220EF05B
:100E100097FB4FF0FE30C4F8DC0104F5F0700421BC
:100E2000C4E97355C4E9755503F068FB11F082FA03
:100E3000C4F8F40104F5FC70C4F81802267100200F
:100E400006B070BD656D626F743A3A6170703A3A7F
:100E50006574683A3A746865465473657276696376
:100E6000653A3A496D706C3A3A696E697469616CB9
:100E7000697365282900000070B514460D460646C2
:100E800006F0A0FE42F638220AA1C0F6060206F0DD
:100E9000BDFE707A58B1D6F8C40141F2D302C0F653
:100EA000030229462346BDE870400EF0CDBA00206B
:100EB00070BD00BF3A3A536574526567756C6172D4
:100EC000732829002DE9F04385B00D7A0C46052DD5
:100ED00080462DD1606801AE0368827900F1080177
:100EE000002506F108000193082A28BF08228DF882
:100EF0000820CDF80950CDF80D500495F0F7FBFF10
:100F0000304602F07DF8032808D0022810D160682E
:100F1000007A1838B0FA80F0450909E06068006886
:100F200000F00F000A3805289ABF39A10D5C002592
:100F3000012D04D14046214600F022FA63E098F8E2
:100F4000090000285FD06168207809781E2200F02F
:100F5000010002EAD101084400F1400705F001FA5E
:100F600039460222062305F03AF9FF2842D0064608
:100F700008F50C703946FFF79BFD08EB8600D0F8AA
:100F8000CC91B9F1000F35D0A81E022834D2AB1E87
:100F900018BF0323606899F8001009EB830209EB7E
:100FA00043039FED1D0A18323033002500EB45073F
:100FB0003F890129A7F5004701EE107AB8EEC11A62
:100FC00009D133F8157002EE107AB8EE422A21EEFC
:100FD000021A21EE001A0135A2EC011A032DE5D107
:100FE00001F0D2FFC9E9020140462146324600F035
:100FF000E5F908E0FF2007E0042D04D16068B0F8AF
:101000000900A9F81600002040B205B0BDE8F08341
:101010000203000000040000000000380B4600EB53
:101020008101D1F8CC1129B3B0B582B0097800257F
:10103000002908BF032540F20271002A08BF0125DC
:10104000A0F8BC110DF1070100F5DE74C0F8C01165
:10105000022006211A46FF238DF8075016F03AFFAA
:10106000054605F0A4FB21462A4605F05CFD02B0CA
:10107000BDE8B040704770B582B000F5E676054631
:1010800056F8210018B30C463AB12846214600F024
:101090006EF856F82400C07800E000208DF80700B4
:1010A00043F60220A5F8BC010DF10700C5F8C00108
:1010B000022006212246FF2305F5DE7616F00AFF00
:1010C000044605F074FB3146224605F02CFD02B0C3
:1010D00070BD0021C0F206210840401AB0FA80F02D
:1010E00040097047B0B582B00B4640F60201A0F847
:1010F000BC110DF107018DF8072000F5DE74C0F872
:10110000C011022006211A46FF2316F0E3FE054611
:1011100005F04DFB21462A4605F005FD02B0B0BDA5
:10112000F0B581B001218DF8031040F2027100F595
:10113000DE74A0F8BC110DF1030100F5E67600277E
:10114000C0F8C01156F8270060B1FAB2022006219B
:10115000FF2316F0BFFE054605F029FB21462A466F
:1011600005F0E1FC0137042FECD101B0F0BDF0B582
:1011700081B0054600EB8100D0F8CC01F0B1002031
:101180000DF103060C468DF803003046002105F0F2
:10119000BDFE43F60210A5F8BC010220062122463E
:1011A000FF2305F5DE77C5F8C06116F093FE04460F
:1011B00005F0FDFA3946224605F0B5FC01B0F0BD58
:1011C000F0B581B043F60221002600F5DE74A0F8E8
:1011D000BC110DF1030100F5EE778DF80360C0F846
:1011E000C01100BFB85D0C280CD1F2B2022006215C
:1011F000FF2316F06FFE054605F0D9FA21462A4670
:1012000005F091FC0136042EECD101B0F0BD10B513
:1012100082B0044606F0D6FC94F8A01142F63823BA
:1012200004F5C87CC0F606030022CDF800C006F025
:10123000A6FCD4F8900114F0FBF8532803D104F075
:101240009EFB04F0D8FC94F8A101FF2804D00138DB
:10125000010684F8A10101D002B010BDD4F88801C4
:1012600002B0BDE8104011F04DB900002DE9F04F7B
:1012700087B0044601F10800CDE90032029105F083
:10128000B4FF054605F0B2FFD4F8B011039404464C
:10129000084604F057FA12F0C9FB002844D004A80D
:1012A00000F106084FF000094FF0000B5FFA8BF0D9
:1012B000ADF81890CDE9049912F0B0FB0746FE2076
:1012C0008DF81000CDF8169034B300264FF0000AC8
:1012D000F1B2284605F087FF0178B9420FD1818825
:1012E0008279ADF81410016802F00100049108EB56
:1012F0004000C2F3430105F0ABFE4FF0010A013696
:10130000F0B2A042E4D3BAF1010F05D1039804A9C9
:10131000D0F8B00104F0FBF90BF1010B5FFA8BF68A
:1013200012F084FB8642C1D3039DD5F8B00104F0CE
:1013300033FA98B1029805F5DA74C5F8C80141F698
:101340005500C0F60300C5E96D0504F018FBD5F89B
:10135000B011224604F066FC00200DE0052028753F
:101360000EF0FEF8082105220EF0EAF8019A12B1FB
:10137000009800219047FF2040B207B0BDE8F08FF1
:1013800090F8EE21012A16D180B50A7849681E230B
:1013900091F800E002F0010C03EADE039C444B8963
:1013A0004A7A1BBA00F5F0700CF140011B0C01F0F9
:1013B000E3FCBDE880400020704700002DE9F043C9
:1013C00087B0894600EB8200D0F8CC3144F6580C47
:1013D000D9F80400C1F2000C5CF8221087795B7820
:1013E0000131072F4CF8221040F08F80807B0028BD
:1013F00000F08B8099F80870032F0DD0022F40F079
:101400008480C0F38107012F11D0022F1AD144F636
:101410002807C1F200070EE0C0F38107012F3CD07E
:10142000022F45D144F62807C1F2000739E044F203
:10143000F877C1F2000702EB420637F82650013573
:1014400027F82650C0F3011744F2F876012FC1F2B5
:10145000000606D0022F0CD144F62807C1F200077F
:1014600000E0374602EB420507EB85077D88013532
:101470007D808009022806D0012846D102EB420077
:1014800006EB800007E044F6280702EB4200C1F2B9
:10149000000707EB8000043034E044F2F877C1F233
:1014A000000702EB420607EB8607FE880136FE8046
:1014B000C0F3011744F2F876012FC1F2000606D0FE
:1014C000022F0CD144F62807C1F2000700E037468E
:1014D00002EB420507EB85073D8901353D81800917
:1014E000022806D0012810D102EB420006EB800052
:1014F00007E044F6280702EB4200C1F2000707EBC1
:1015000080000A30078801370780002B4ED04FF447
:10151000FA605843814249D344F2F87102EB420029
:10152000C1F2000101EB800644F62801C1F200017E
:10153000002501EB80070DF1080800244CF822502B
:1015400037F81400CDE904550395029510B936F823
:10155000140040B399F80000D9F8041000284FF0A7
:10156000020008BF012009788DF80C0008098DF8E9
:101570000D000120022113F06FFF029037F81400D4
:1015800036F81410ADF80E40CDE9041006F01AFB41
:10159000042100220023CDF8008006F0F0FA27F89D
:1015A000145026F814500134062CC9D107B0BDE8F8
:1015B000F08370B58CB00446D0F8C8510320207574
:1015C0000DF0CEFF082103220DF0BAFFA07A01280A
:1015D00003D12046294600F007FB002004ADC4E9F2
:1015E0006500C4F89C012846202104F5C876F0F770
:1015F00065FD19F08BF919F092F941F20F210346BC
:10160000C0F603012846224603F00DFD022084F8AF
:10161000A0010520522113F01FFFC4F8900106F02D
:10162000D1FA94F8A01142F63823C0F6060300223E
:10163000009606F0A4FA94F8A21191B1D4F88C6146
:101640007EB143F61842C0F60602D4F88801D2E90A
:10165000002384F8A1110121CDE90061029510F069
:10166000DDFEE26812B12069012190470CB070BD27
:1016700070B58CB00446052020750DF071FF08216F
:1016800005220DF05DFF002004ADC4E96500C4F83B
:101690009C012846202104F5C876F0F70FFD19F0CB
:1016A00035F919F03CF941F20F210346C0F6030168
:1016B0002846224603F0B7FC0520572113F0CCFE44
:1016C000C4F89001042084F8A00106F07BFA94F895
:1016D000A01142F63823C0F606030022009606F059
:1016E0004EFAD4F88C1181B143F61842C0F60602C6
:1016F000FF26D4F88801D2E9002384F8A1610126ED
:10170000CDE90016029510F089FEE26812B1206959
:10171000002190470CB070BDF0B581B005464FF088
:10172000000012B30C46697AF9B105F5E67757F86F
:101730002400C8B1164682421CBF3168016072782D
:1017400028462146FFF7CEFC291991F8DC113078A4
:1017500057F824200C2982F83C0003D12846214662
:10176000FFF705FD012000E0002001B0F0BD000002
:1017700010B5044606F026FA42F638220FA1C0F64C
:10178000060206F043FA607AA8B1E07A98B104F54F
:101790000C70FFF777F92046FFF7C2FC2046FFF7F1
:1017A0000FFD0020E072042020750DF0D9FE082105
:1017B00004220DF0C5FE002010BD00BF3A3A53745C
:1017C0006F7028290000000010B586B0044606F0AE
:1017D000F9F942F638221CA1C0F6060206F016FA04
:1017E000607A70B3E07A01282BD00120E0720620E5
:1017F00020750DF0B5FE082106220DF0A1FE42F67F
:101800004820C0F606008168D0E904020291CDE9C3
:1018100004020020009094F820004FF47A714843AD
:101820000190608C94F82120484304F50C740390D7
:10183000694620468DF80820FFF751F92046FFF74A
:1018400034F9002006B010BD3A3A5374617274281E
:10185000290000002DE9F04F8FB0012A814655D1B3
:10186000D9E97812D9F8C801914209F5F07B06D080
:10187000002300BF22F8083D8A425360FAD14FF09E
:10188000000A0830C9F8E411C9F8ECA189F8F0A100
:1018900005F0ABFC064605F0A9FC08B307460DF1C0
:1018A00010080025ECB23046214605F09CFCC179B9
:1018B000FF2911D0807902218DF81100FE20062227
:1018C00023468DF81050CDF814A016F085FF059032
:1018D0005846414601F0FCF90135E8B2B842E1D37F
:1018E00041F2B350C0F60300CDE9040941F2716042
:1018F000C0F6030048F2A063CDE90D0904A90DAAC2
:10190000C0F20103584601F084FA51E0052089F83D
:1019100014000DF025FE082105220DF011FE002017
:1019200004ADC9E96500C9F89C012846202109F5E4
:10193000C874F0F7C3FB18F0E9FF18F0F0FF41F2AC
:101940000F210346C0F6030128464A4603F06BFB0D
:101950000520532113F080FDC9F89001042089F877
:10196000A00106F02FF999F8A01142F63823C0F62D
:1019700006030022009406F002F9D9F88C1181B117
:1019800043F61842C0F60602FF27D9F88801D2E9CB
:10199000002389F8A1710127CDE90017029510F005
:1019A0003DFDD9F80C201AB1D9F81000002190475C
:1019B00000200FB0BDE8F08F2DE9F04F85B01F4635
:1019C00016468A46834606F0FDF842F638224AA1BA
:1019D000C0F6060206F01AF9BAF1000F6AD09AF8BA
:1019E0000000102858D19BF809000E9C012802D154
:1019F0005846FFF705F902208BF814000DF0B0FDF2
:101A0000082102220DF09CFDDBF8880110F07AFD20
:101A10000AF10800CBE903678BF80A4005F0E5FB03
:101A2000054605F0E3FBB8B30446CDE9027600268F
:101A30000DF110084FF00109049600BFF1B22846DD
:101A400005F0D1FB0746807900F0010148EA410129
:101A50000988C0F3430021FA00F0C00739D1387873
:101A600011F0CBFFA8B3B879013600F0010148EAC4
:101A70004101C0F343000A8809FA00F01043F2B2B2
:101A8000A2420880DAD3DDE90232002758465146E7
:101A90000097FFF7EBFB2BE005208BF814000DF00F
:101AA0005FFD082105220DF04BFD06B338460021ED
:101AB000B0471CE005208BF814000DF051FD082103
:101AC00005220DF03DFD16B138460021B047FE203D
:101AD0000EE005208BF814000DF042FD08210522D0
:101AE0000DF02EFD039A12B1029800219047FF20BD
:101AF00040B205B0BDE8F08F3A3A56657269667932
:101B000028290000F0B583B00446002A4FF00000F9
:101B100042D00D46617A00293ED004EB8500D0F812
:101B2000CC01A0B317780430824218BF0770781E2A
:101B3000B0FA80F04609204629463246FFF76EFA91
:101B4000601990F8DC010C2804D120462946324661
:101B5000FFF791FA0026022006212A46FF238DF87E
:101B60000B6016F0B7F9054604F0FBFB0DF10B0214
:101B700029460023009604F093FB60B99DF80B10F2
:101B8000012F04F50C7004D1FEF738FE03E00020AD
:101B900002E0FEF746FE012003B0F0BDA9B170B52A
:101BA000044688680D4690B1686816F08EF9696839
:101BB0000646084616F08CF901280AD070B9AA68C2
:101BC00020463146FFF7A8FD08E0FE2009E0FE2090
:101BD00005E0AA6820463146FFF794FF0020BDE8E3
:101BE000704040B2704700002DE9F04F83B00C46C2
:101BF000824605F0E7FF42F6382244A1C0F606020D
:101C000006F004F8002C7AD02078102879D19AF8C0
:101C10000900012802D15046FEF7F2FF0AF11C002C
:101C200021464FF4B472F0F7A8F904F1080005F06A
:101C3000DCFA054605F0DAFA002844D006460AF533
:101C4000EE7B4FF002084FF0000900BF5FFA89F405
:101C50002846214605F0C7FA88B30746007811F0F8
:101C6000CCFE01282BD10020B9790290387868F396
:101C70005F118DF80910B9888DF80800DAF8A8010D
:101C8000ADF80A1002A911F052FDB8790DF1060164
:101C900068F35F108DF80600DAF8AC018DF8079054
:101CA00011F045FDFE2002210622234616F094FD88
:101CB0003A780BEB890141F8100C0BF8092009F177
:101CC00001094E45C2D104F04CFBDAF8A81104F02A
:101CD000E7FB04F046FBDAF8AC310221062204F0FF
:101CE000EFF801208AF8090004208AF814000DF0AA
:101CF00037FC082104220DF023FC002002E0FE2026
:101D000000E0FF2040B203B0BDE8F08F3A3A4163F3
:101D100074697661746528290000000080B5006848
:101D2000FFF726FD002080BD0068417A41B1C17AED
:101D300031B180B500F50C70FEF7B1FEBDE8804012
:101D40000020704780B50068FFF73EFD002080BD91
:101D50000068DDF800C0CDF800C0FFF72DBE2DE90A
:101D6000F04381B04FF000088146C0F800804FF486
:101D700010701FF027FD4FF41071054600F10806A2
:101D8000F0F79CF942F68821C0F6060130464FF480
:101D9000BE72F0F7F2F842F60070C0F6060090E866
:101DA000CE00D0E9054CC06905F5C47E8EE8CE00B2
:101DB000C5F8A40105F5D4703421C5E9674CF0F7E6
:101DC0007DF94FF0FE3105F5F070C5F8DC111121F9
:101DD00005F5FA76F0F772F930463821F0F76EF92A
:101DE00048F2A060C0F20100C5F82C0205F50C70A5
:101DF000FEF794FE48462946C5E98E88CDF8008056
:101E000001F0C4FE6846002101F0C0FE484601B062
:101E1000BDE8F08380B5006800F03CF8002080BD8C
:101E200080B5006800F09AF8002080BD80B5006899
:101E30000968016000F0B2F8002080BD006800F081
:101E400025B910B544F26430C1F20000007844F6C0
:101E50006804C007C1F20004BFF35F8F01D020689F
:101E600010BD44F26430C1F200001FF0C5F8002834
:101E7000F5D004201FF0A6FC00F041FC206044F2E5
:101E80006430C1F200001FF0CDF8E8E7006800F010
:101E900023B90000B0B5044605F094FE42F6602276
:101EA0002AA1C0F6060205F0B1FE607A002842D0F1
:101EB000E07A012802D1204600F0EAF9204600210C
:101EC0000022002500F0E2F804F04BFAD4F8AC311F
:101ED0000221072204F082F804F043FAD4F8A81192
:101EE00004F02EFBD4F8CC0138B108302021F0F7F3
:101EF000E5F8D4F8CC0164210160FE2084F8D0011B
:101F000004F11C004FF4B471C4F8CC51F0F7D6F8CA
:101F1000D4F8A801FF21217711F0CCFAD4F8AC0154
:101F200011F0C8FAD4F8B00103F00CFCD4F8880121
:101F300010F0E8FA6572012020750DF011FB227D8A
:101F400009210DF0FDFA0020B0BD00BF3A3A44650A
:101F500061637469766174652829000010B582B0E8
:101F6000044605F02FFE94F8A01142F6602304F514
:101F7000C87CC0F606030022CDF800C005F0FFFDC6
:101F8000D4F8900113F054FA592803D103F0F7FC68
:101F900003F031FE002002B010BD0000F0B585B0A6
:101FA00004460079002854D12BA102A801F053FF68
:101FB00001F011F89DF91300B0F1FF3F05DC049921
:101FC000029821F0004102F0A9FCFF2020770025B3
:101FD0000420012100220023CDE900550427012619
:101FE00011F0A8FAC4F8A801022001210022002360
:101FF0000095019511F09EFAC4F8AC0101200A2168
:10200000002203F055FBC4F8B00101200421002296
:1020100003F04EFBC4F8C40110F08CF9C4F8880139
:1020200005205A2184F8A07184F8955113F014FA10
:10203000C4F890012681E57226750DF091FA227D93
:1020400009210DF07DFAFE20C4F8CC5184F8D001AE
:102050002671002005B0F0BD656D626F743A3A617B
:1020600070703A3A6574683A3A74686542415473DC
:102070006572766963653A3A496D706C3A3A696E91
:10208000697469616C6973652829000070B514462C
:102090000D46064605F096FD42F660220AA1C0F6FE
:1020A000060205F0B3FD707A58B1D6F8C40142F2C9
:1020B0002122C0F6030229462346BDE870400DF0F8
:1020C000C3B9002070BD00BF3A3A536574526567CA
:1020D000756C617273282900F0B581B00546407AAD
:1020E00000284BD00C46087849681E22097800F079
:1020F000010002EAD101084400F1400105F5EA704F
:10210000FEF7D6FCD5F8CC6166B3207A02282ED033
:10211000012829D0B0BB6768F88900EB8000400037
:102120003082B88900EE100AB8EE400A86ED080A3F
:10213000B7F90A002FF02BF99FED130B54EC105B4D
:102140002A4623462FF0C6F92EF046FEF061388964
:102150002FF034F92A4623462FF0BCF92EF03CFE2E
:10216000B0610BE0FF200AE06068007A01E060687F
:102170000089B08200F008FFC6E90201002040B2E9
:1021800001B0F0BDF120FAE79A9999999999B93F70
:102190000B4600EB8101D1F8CC11F9B1B0B582B09A
:1021A00082F001018DF8071040F20271A0F8BC1115
:1021B0000DF1070100F5DE74C0F8C01102200721FF
:1021C0001A46FF2315F086FE054604F0F0FA214674
:1021D0002A4604F0A8FC02B0BDE8B0407047B0B594
:1021E00082B00121D0F8CC218DF8071040F20271A5
:1021F000A0F8BC110DF10701C0F8C01172B100F5D3
:10220000DE74022007210022FF2315F063FE05463D
:1022100004F0CDFA21462A4604F085FC02B0B0BD98
:102220000021C0F207210840401AB0FA80F04009AE
:10223000704710B582B0044605F0C4FC94F8A011B4
:1022400042F6602304F5C87CC0F606030022CDF8F0
:1022500000C005F094FCD4F8900113F0E9F8592877
:1022600003D103F08CFB03F0C6FC94F8A101FF2816
:1022700004D00138010684F8A10101D002B010BDDC
:10228000D4F8880102B0BDE8104010F03BB900005E
:1022900010B5044605F096FC42F660220DA1C0F68A
:1022A000060205F0B3FC607A90B1E07A80B104F5E3
:1022B000EA70FEF7E7FB2046FFF791FF0020E0728F
:1022C000042020750DF04CF9227D09210DF038F91C
:1022D000002010BD3A3A53746F70282900000000A6
:1022E00010B586B0044605F06DFC42F6602218A1D8
:1022F000C0F6060205F08AFC607A28B3E07A01286D
:1023000022D00120E072062020750DF029F9227DEF
:1023100009210DF015F942F67020C0F6060000F113
:10232000040C40699CE80E100DF1040E059000208D
:1023300004F5EA748EE80E10009069462046FEF718
:10234000CEFB2046FEF7B1FB002006B010BD00BF5B
:102350003A3A537461727428290000002DE9F04163
:102360008CB01F4615460E46044605F02BFC42F67F
:1023700060224CA1C0F6060205F048FC002E71D088
:10238000307811287CD1607A012802D12046FFF7ED
:1023900081FD4FF0020884F814800DF0E1F8227DF1
:1023A00009210DF0CDF8D4F8880110F0ABF8032026
:1023B000E560A77220750DF0D3F8227D09210DF09C
:1023C000BFF8A07A012803D12046314600F0DEF89C
:1023D000002004ADC4E96500C4F89C012846202112
:1023E00004F5C876EFF76AFE18F090FA18F097FA3D
:1023F00042F233210346C0F603012846224602F08A
:1024000012FE0520582184F8A08113F025F8C4F8A5
:10241000900105F0D7FB94F8A01142F66023C0F6B6
:1024200006030022009605F0AAFB94F8A21191B1D0
:10243000D4F88C717FB143F61842C0F60602D4F886
:102440008801D2E9002384F8A1110121CDE90071AE
:1024500002950FF0E3FFE26812B1002001219047DE
:1024600000201AE0052020750DF07AF8227D092160
:102470000DF066F815B100200021A847FE200CE001
:10248000052020750DF06CF8227D09210DF058F81B
:1024900015B100200021A847FF2040B20CB0BDE8D4
:1024A000F08100BF3A3A56657269667928290000C2
:1024B000F0B583B004464FF00000B2B30D46617A28
:1024C00099B304EB8500D0F8CC0148B316780430FA
:1024D000824218BF0670701EB0FA80F04209204692
:1024E0002946FFF755FE0027022007212A46FF2331
:1024F0008DF80B7015F0EEFC054603F032FF0DF180
:102500000B0229460023009703F0CAFE60B99DF82C
:102510000B10012E04F5EA7004D1FEF76FF903E009
:10252000002002E0FEF77DF9012003B0F0BDF9B113
:1025300070B5044688680D46E0B1686815F0C5FCC2
:1025400069680646084615F0C3FC012814D0C0B9D6
:10255000A9680020B1B1627AA2B104EB8600D0F87C
:10256000CC21002072B191420CD00868106008E0C4
:10257000FE2009E0FE2005E0AA6820463146FFF76C
:1025800097FF0020BDE8704040B270472DE9F04F42
:1025900083B00C46824605F015FB42F6602245A149
:1025A000C0F6060205F032FB002C7BD02078112803
:1025B0007AD19AF80900012802D15046FFF76AFC47
:1025C0000AF11C0021464FF4B472EFF7D6FC04F177
:1025D000080004F00AFE054604F008FE002844D076
:1025E00006460AF5E87B4FF002084FF0000900BFED
:1025F0005FFA89F42846214604F0F5FD88B30746C2
:10260000007811F0F3F901282BD10020B97902905C
:10261000387868F35F118DF80910B9888DF80800D3
:10262000DAF8A801ADF80A1002A911F080F8B8791B
:102630000DF1060168F35F108DF80600DAF8AC01C1
:102640008DF8079011F073F8FE200221072223462F
:1026500016F0C2F83A780BEB890141F8040C0BF83C
:10266000092009F101094E45C2D103F07AFEDAF8DA
:10267000A81103F015FF03F074FEDAF8AC31022163
:10268000072203F01DFC01208AF8090004208AF8C3
:1026900014000CF065FF9AF8142009210CF050FF8B
:1026A000002002E0FE2000E0FF2040B203B0BDE8C1
:1026B000F08F00BF3A3A41637469766174652829E6
:1026C0000000000080B50068FFF7E2FD002080BD3B
:1026D0000068417A41B1C17A31B180B500F5EA7044
:1026E000FEF7DDF9BDE880400020704780B5006846
:1026F000FFF7F6FD002080BD0068FFF72FBE2DE933
:10270000F04381B04FF000088146C0F800804FF4DC
:10271000F0701FF057F84FF4F071054600F108060D
:10272000EFF7CCFC42F60441C0F6060130464FF408
:10273000BE72EFF722FC42F62070C0F6060090E869
:10274000CE00D0E9054CC06905F5C47E8EE8CE0008
:10275000C5F8A40105F5D4702821C5E9674CEFF749
:10276000ADFCFE2085F8D00105F5EA70FEF7D6F93C
:1027700048462946C5E9768801F01CFA484601B06A
:10278000BDE8F08380B5F8F71CFCF8F771FCB0FAEF
:1027900080F0400980BD80B5F8F713FCF8F7B4FC71
:1027A000B0FA80F0400980BD80B5F8F77FFC0120C9
:1027B00080BDB0B544F26830C1F20000007844F644
:1027C0006C05C007C1F20005BFF35F8F01D0286818
:1027D000B0BD44F26830C1F200001EF00DFC0028CC
:1027E000F5D00C201EF0EEFF044642F67060C0F6F5
:1027F000060000F108014830C4E9001001201EF075
:10280000E1FFA06044F26830C1F200002C601EF0CD
:1028100009FCDCE70020704780B5F8F7D2FBF8F739
:102820006BFEB0FA80F0400980BD80B5F8F7C9FBB7
:10283000FAF7B4F8B0FA80F0400980BD80B5F8F737
:10284000C0FBFAF792FB0138B0FA80F0400980BD76
:1028500010B582B0D2E900020C46CDE90002F8F7CB
:10286000B0FB217862786B46F6F765FCB0FA80F031
:10287000400902B010BD70B51C4615460E46F8F76B
:10288000A0FB31462A462346F6F7D0F9B0FA80F08D
:10289000400970BDFFF7DCBFB0B514460D46F8F730
:1028A00090FB29462246F6F77FFEB0FA80F04009F9
:1028B000B0BD70B582B01C4615460E46F8F781FBD8
:1028C0002268D6E900162B460096F6F781FEB0FA8C
:1028D00080F0400902B070BD10B50C46F8F771FBEE
:1028E00021786278BDE81040F8F744B810B50C467E
:1028F000F8F767FBD4E90012F8F74CFAB0FA80F069
:10290000400910BD10B5044642F67060C0F60600DE
:1029100000F1080148306060A06821600021A160DA
:1029200010B1012101F0FAFF20460C21BDE8104052
:1029300001F0F4BF10B5044642F67060C0F6060020
:1029400000F1080148306060A06821600021A160AA
:1029500010B1012101F0E2FF204610BD2DE9F04346
:1029600099B00446002012AE40F207713150043095
:102970001C28FBD10DF1100840463821EFF79EFBD3
:1029800094F8211000224FEA011C4FEA014E00BFCB
:1029900004EBC2077B78072B14D0BD78681E032890
:1029A00010D803F0070040EA0C004EEA0321C0B241
:1029B000084346F82300786808EBC30101EB4501A2
:1029C00021F8020C0132042AE2D144F2392900250F
:1029D00004AF40F60178C0F604096C46002000BF41
:1029E00006EB85014978072909D056F82500ADF88E
:1029F000048000902046CDE9027900F00AF9013503
:102A0000072D07F10807EBD100F0010019B0BDE870
:102A1000F08380B584B050F8041B029044F6C930AE
:102A2000C0F6040000914FF4CA4103906846ADF827
:102A3000041000F0EEF804B080BD80B584B050F80A
:102A4000041B029044F65360C0F6040000914FF45A
:102A5000807103906846ADF8041000F0DAF804B015
:102A600080BD80B584B050F8041B029044F66930F4
:102A7000C0F6040000914FF4106103906846ADF871
:102A8000041000F0C6F804B080BD80B584B050F8E2
:102A9000041B029044F61F60C0F6040000914FF43E
:102AA000EE4103906846ADF8041000F0B2F804B0AF
:102AB00080BD80B584B050F8041B029045F24100FF
:102AC000C0F6040000914FF4D24103906846ADF87F
:102AD000041000F09EF804B080BD80B584B050F8BA
:102AE000041B029044F2FD70C0F6040000914FF404
:102AF000806103906846ADF8041000F08AF804B0D5
:102B000080BD80B584B050F8041B029044F6953027
:102B1000C0F6040000914FF4904103906846ADF870
:102B2000041000F076F804B080BD80B584B050F891
:102B3000041B029044F6B370C0F6040000914FF4F9
:102B4000F24103906846ADF8041000F062F804B05A
:102B500080BD70B588B004464878D2E900250128C8
:102B60000595049205D8897801F00F0140EA4100EB
:102B700009E00338C0B2012804D888781E2101EA90
:102B8000400000E000208DF818000026694604A8E7
:102B9000CDE90266CDE9006601F108059847009885
:102BA0009DF80620206004F108002946082A28BF65
:102BB00008222271C4F80560C4F80960E660EFF7E6
:102BC000DCF908B070BDB0B584B0034640780C465F
:102BD00001280ED8997801F00F0140EA410503F071
:102BE000E6FD21462A4603F0E7FFB0FA80F04009EF
:102BF0000DE00338C0B2012808D89446684619464B
:102C000022466346FFF7A5FF012000E0002004B044
:102C1000B0BD10B582B0044600F093FC00284FF020
:102C200000000BD0A188ADF80200ADF80010D4E987
:102C30000212204601916946FFF7C5FF02B010BDA0
:102C400080B584B050F8041B029044F6B760C0F61B
:102C5000040000914FF4FA4103906846ADF8041067
:102C6000FFF7D7FF04B080BDB0B584B005460020A3
:102C7000039041F6020002900DF107000C468DF81A
:102C80000720039003F093FD296801EBC4014A7803
:102C900002A903F091FF04B0B0BD000010B50446D6
:102CA00040690FF02FFCE16B0020A07309B1206C8C
:102CB0008847D4E90001884205D0002221F8082D78
:102CC00081424A60FAD160600020E060207410BD4B
:102CD000F0B585B00D464968002946D0044650F845
:102CE000081F50F8042C8A4206D2D5E9000102F1EF
:102CF0000806C2E9000137E02368D71A012202EB77
:102D0000E706B6F1005F32D2C91A4FF6F872B6EB99
:102D1000A10FC7F6FF7238BF8E10914228BF6FF027
:102D20006046049036B1B6F1005F23D2F0001EF089
:102D300049FD00E0002000EBC603F9100393D5E93C
:102D4000003700EBC102009040F8313002F108007A
:102D50006D460290204629460192576001F0A4FB7F
:102D60006668284601F0A4F8666005B0F0BD20460C
:102D700000F0F8FE01F072FD2DE9F041877BF7B11C
:102D8000052A1CD8D0E900E6764518D0A6EB0E0738
:102D90004FEAE70C01F00104C1F3430800260025C7
:102DA0000EEBC606777807F001018C4203D1C7F31A
:102DB0004301884506D00135EEB2B445F0D8002075
:102DC000BDE8F081E9B2FF29F9D0716801EB420159
:102DD0000B86017B427B0131CBB29342017302D15E
:102DE000FFF75CFF12E0C17B4A1CD1B20629C27317
:102DF00005D1017C00220131C273017400E0017C25
:102E0000C9B28C4502D9D2B2FFF72EFF0120BDE82E
:102E1000F08170B586B0D1E900160446C0E90F16FE
:102E2000D2E9000104F144020BC2D4E900010026FA
:102E3000081A4FEAD00101EB90004FEA400060739E
:102E40004FF001002673A0732FD041F602000490CA
:102E50000DF10F00A4F80F6005968DF80F60059036
:102E600003F0A5FC21684A7804A903F0A5FEA56B30
:102E700017F04CFD17F053FD42F6B7610346C0F65C
:102E800003012846224602F0CEF843F61840C0F669
:102E90000600D0E900236069A16BE56C0291CDE9E1
:102EA00000560FF0BBFA06B070BD204606B0BDE874
:102EB0007040FFF7F3BE10B5044640690021A173CE
:102EC0000FF020FB616C19B1A06CBDE81040084701
:102ED00010BD10B582B00446406908B10FF003FA86
:102EE00001A8019401F0BEFA204602B010BD10B551
:102EF0004468207A18F0CAFA607210BD4068407ABF
:102F000018F0C4BA70B5044642F6C860C0F60600B0
:102F1000083020600C200D461EF054FC064666600A
:102F2000D5E900124FF4B0703081C6E9001218F0F4
:102F300055FA3079316860303072C0B218F08CFACE
:102F4000204670BD10B5044642F6C8614068C0F620
:102F500006010831216010B10C2101F0DFFC204690
:102F60000821BDE8104001F0D9BC10B5044642F676
:102F7000C8614068C0F606010831216010B10C211B
:102F800001F0CCFC204610BD40F6E070C1F200001C
:102F900000680047B0B544F2C845C1F20005297881
:102FA00009B10120B0BD0446406890B1216811B15B
:102FB0008847606820B140F6E071C1F20001086006
:102FC000A06844F2C441C1F20001086001202870E9
:102FD000B0BD0020B0BD44F2C441C1F20001096897
:102FE00001B108470020704744F6700CC1F2000C94
:102FF000DCE90001431C41F10002CCE900327047DA
:103000000068C0F30220062808BFFE207047B0B554
:10301000057B75B90446D1E900028968C4E900025C
:103020000420A1601EF0CEFB00F022F920610120F7
:10303000207385F00100B0BD70B582B00646007BFC
:10304000012824D1106800284FF0000020D00D4640
:103050005168E9B1306911461C4600F0FBF830694F
:1030600000F0FBFC0146306979B100F0EDFC002076
:10307000ADF806003069B2680DF106032946002C50
:1030800018BF224600F0EAF802E000F0EAF800205B
:1030900002B070BD10B5044621B9207B01281CBFC9
:1030A000002010BD206930B100F0EEF8042101F0DD
:1030B00035FC0020206100202073012010BD006835
:1030C000027B002A1CBF00207047FFF7A0BF0068EA
:1030D000FFF7B2BF70B5044648201EF073FB0546EB
:1030E00000268020C5E9006005F118002821AE60A7
:1030F0002E732E61EEF7E2FF4FF0FF30E861A86219
:10310000C5E90C002046C5E91066256070BDB0B564
:10311000056804463DB128460121FFF7BBFF28465C
:10312000482101F0FBFB2046B0BD2DE9F04700230C
:103130004FF0FF37C0E90173C0E903370384D1F8CA
:1031400000C00370BCF1000FC0E9067780F82230A0
:1031500013807CD04E68082E79D39CF8003042F65C
:103160006C78C0F6060808F1020E1C0774469CF83D
:103170000190BCF802A058BF4446C3F38003E35C4F
:1031800042F67474C0F6060414F809400AF1030507
:10319000002C42F66874C0F60604E35C4FF00807A2
:1031A00025F0030518BF05F10807FC18B4424FF0DD
:1031B00000034CD81AF0030549D11480DCF8042030
:1031C000BCF8023042601A4680F80090C360002BC1
:1031D00018BF0CF1080282609CF80020140701D48B
:1031E000002306E00A681A449268042302619CF8EE
:1031F000002054070AD50968BCF80220114419447C
:103200008A68C968C0E906219CF800201107C2F34A
:10321000800158BFC6461EF8011042F6707280F851
:1032200021109CF80010C0F606028B06C1F30011B5
:1032300048BF0232515C012380F822109CF8001034
:1032400001F00301CA1E18BF0A4680F82020184664
:10325000BDE8F0870068002200F01FB8006800F0A9
:1032600065B880B500682021EEF728FF012080BDF9
:10327000B0B5044620201EF0A5FA20210546EEF741
:103280001DFF20462560B0BD10B50446006810B192
:10329000202101F043FB204610BDB0B50B68044669
:1032A0004FF000003BB349681C2938BFB0BD184639
:1032B00030F804CF03F1180E0CF11C05C4E90031FD
:1032C000E360A560C4F810E0B2B145F27861C1F2E4
:1032D000342119601421EEF7F1FED4E903011C2218
:1032E0008088A2600A18C4E9052244F22132C8F29B
:1032F00065720A500120B0BD8D4205D920462021BB
:10330000EEF7DCFE0020B0BD5EF80C1044F2213276
:10331000C8F265720EEB0C0091426061A061E9D0C9
:1033200020462021EEF7CAFEE4E700002DE9F04F29
:103330008FB000261E80C2B3C7688346AFB38846ED
:1033400004A828211C461546EEF7B8FE4FF0FF30C2
:1033500005900890CDE90A00F88807968DF831604D
:1033600010B3BF88DBF8109004AE4FF0000A00BF26
:103370000020ADF80E00304601A90DF10E02CDE996
:103380000197FFF7D2FE78B1BDF80E002188814485
:103390000144218040463146A847DBF80C000AF181
:1033A000010AC0888245E3D3012630460FB0BDE84C
:1033B000F08F0068AFF300802DE9F041D0F810C025
:1033C0004FF00008BCF1000F34D004460068261D01
:1033D00062CE471B71EB06072CD2171A73EB01075D
:1033E00002D204F1280015E0571B73EB06070FD239
:1033F000101A63EB010162460023EEF72CF9A26973
:10340000821A71F1000115D2A16B01EBC00001E03D
:1034100004F13000D0E900124FF00108013142F10F
:103420000002C0E90012D4E90810013140F10000A7
:10343000C4E908104046BDE8F0812DE9F04383B0AF
:10344000054691E8CD00002F18BF0127C01A72EB86
:1034500006004FF0000038BF012007EA0004012CED
:103460004FF0000832D191E88900D1E9036285E884
:103470008900C043D943C0197141801841F100014E
:103480000023C5E90362EEF7E6F805F138070146C7
:10349000A861384605F1200901F0D9F895E84B00FC
:1034A0002A69C043C943C0187141801841F1000125
:1034B0000023EEF7D0F801466A463846CDE9008889
:1034C00001F0B3F848461821EEF7F8FD204603B0A6
:1034D000BDE8F0830068FFF7B0BF10B50468D4E919
:1034E0000E01091A0129A8BFEEF7E8FD04F120003A
:1034F0001821EEF7E3FD012010BDB0B504464820C9
:103500001EF060F914210546EEF7D8FD002105F103
:103510002000A9612421EEF7D1FD20462560B0BD31
:10352000B0B50568044655B1A86B20B1296CE863B5
:10353000091A01F0F3F92846482101F0EFF9204675
:10354000B0BD81B04178073918BF01218DF8031053
:10355000D0E90201002818BF01208DF802000029DF
:1035600018BF01218DF801109DF80300012806D134
:103570009DF80200012802D19DF8010000E0002022
:1035800000F0010001B07047F0B5B1B012780D46FF
:10359000002A044600F08981298810AE304601F0E7
:1035A000F1F80FF2904230460021002700F0ECFBCA
:1035B00090E80E000DF14C0C8CE80E00C0E900778D
:1035C00087600FF2744113A800F096FB90E80E009C
:1035D0000DF1580C8CE80E00C0E900778760A978DF
:1035E0000DAE304601F0CEF89DF93F00DDE90D1239
:1035F00000285CBF3146C2B216A800F08AFB90E8F2
:103600000E000DF1640C8CE80E00C0E900778760B5
:103610000FF2284119A800F06FFB90E80E000DF1A1
:10362000700C8CE80E00C0E900778760E9780AAE7C
:10363000304601F0A7F89DF93300DDE90A120028B1
:103640005CBF3146C2B21CA800F063FB90E80E00DC
:103650000DF17C0C8CE80E00C0E9007787600FF25A
:10366000E0311FA800F048FB90E80E000DF1880C37
:103670008CE80E00C0E900778760297907AE3046F4
:1036800001F080F89DF92700DDE9071200285CBFF2
:103690003146C2B222A800F03CFB90E80E000DF1CA
:1036A000940C8CE80E004CF28D11C0E90077876015
:1036B000C0F6060125A800F01FFB90E80E000DF1F2
:1036C000A00C8CE80E00C0E900778760E98804AEA2
:1036D000304601F057F89DF91B00DDE9041200287F
:1036E0005CBF3146C2B228A800F013FB90E80E0080
:1036F0000DF1AC0C8CE80E004CF2E611C0E900773D
:103700008760C0F606012BA800F0F6FA90E80E00DC
:103710000DF1B80C8CE80E00C0E9007787602989AC
:1037200001AD284601F02EF89DF90F00DDE90112E8
:1037300000285CBF2946C2B22EA800F0EAFA90E841
:103740000E00C0E9007787609DF90F002160B0F19D
:10375000FF3F6260A36005DC0399019821F00041FE
:1037600001F0DCF89DF9C300B0F1FF3F05DC3099B2
:103770002E9821F0004101F0D1F89DF9B700B0F189
:10378000FF3F05DC2D992B9821F0004101F0C6F890
:103790009DF91B00B0F1FF3F05DC0699049821F06C
:1037A000004101F0BBF89DF9AB00B0F1FF3F05DC33
:1037B0002A99289821F0004101F0B0F89DF99F0066
:1037C000B0F1FF3F05DC2799259821F0004101F079
:1037D000A5F89DF92700B0F1FF3F05DC099907988E
:1037E00021F0004101F09AF89DF99300B0F1FF3FFC
:1037F00005DC2499229821F0004101F08FF89DF911
:103800008700B0F1FF3F05DC21991F9821F00041AE
:1038100001F084F89DF93300B0F1FF3F05DC0C990D
:103820000A9821F0004101F079F89DF97B00B0F190
:10383000FF3F05DC1E991C9821F0004101F06EF855
:103840009DF96F00B0F1FF3F05DC1B99199821F03D
:10385000004101F063F89DF93F00B0F1FF3F05DC46
:103860000F990D9821F0004101F058F89DF963007F
:10387000B0F1FF3F05DC1899169821F0004101F0E6
:103880004DF89DF95700B0F1FF3F05DC15991398ED
:1038900021F0004101F042F89DF94B00B0F1FF3FEB
:1038A00000F3C68012991098BEE0E9782A79A878CA
:1038B000C1EB011102EB81014FF4616210FB0210B8
:1038C000298840F2A322514322AE00EBC1123046B8
:1038D0000023002700F08FFF5AA23046002100F09D
:1038E00053FA90E80E000DF1940C8CE80E004CF2A7
:1038F0008D11C0E900778760C0F6060125A800F0A9
:10390000FBF990E80E000DF1A00C8CE80E00C0E968
:1039100000778760E9881FAE304600F033FF9DF9DD
:103920008700DDE91F1200285CBF3146C2B228A81B
:1039300000F0EFF990E80E000DF1AC0C8CE80E00F1
:103940004CF2E611C0E900778760C0F606012BA8AB
:1039500000F0D2F990E80E000DF1B80C8CE80E00E2
:10396000C0E90077876029891CAD284600F00AFF6E
:103970009DF97B00DDE91C1200285CBF2946C2B21C
:103980002EA800F0C6F990E80E00C0E90077876025
:103990009DF97B002160B0F1FF3F6260A36005DC10
:1039A0001E991C9821F0004100F0B8FF9DF9C3005A
:1039B000B0F1FF3F05DC30992E9821F0004100F076
:1039C000ADFF9DF9B700B0F1FF3F05DC2D992B98B5
:1039D00021F0004100F0A2FF9DF98700B0F1FF3F08
:1039E00005DC21991F9821F0004100F097FF9DF917
:1039F000AB00B0F1FF3F05DC2A99289821F0004187
:103A000000F08CFF9DF99F00B0F1FF3F05DC279986
:103A1000259821F0004100F081FF9DF99300B0F15D
:103A2000FF3F05DC2499229821F0004100F076FF49
:103A300031B0F0BD440000003A4800003A4D0000AB
:103A40003A530000530000000068C068002812BF0D
:103A5000D0E902010020002170470068C16891B1DF
:103A6000806980B1096845F27862C1F234229142DE
:103A700009D100684BF6DF41C7F69A010844B0FA55
:103A800080F0400970470020704700002DE9F04F9A
:103A900081B005460068D0E9083753EA07090F46A8
:103AA00045D0D0E90E011646081A022101EBE001CB
:103AB000384600F04BFDD5F800A0DAF82800DAF817
:103AC0002C20A0FB0601DAE908B502FB06115A46D4
:103AD0002B46EDF7C0FDDAE90E423968A2420097A5
:103AE000086015D0101BC210012701F10408012A3B
:103AF00088BFC710F4E802012B46A0FB060201FBB9
:103B000006215A46EDF7A7FD48F8040B013FF1D115
:103B1000DAE90C012B46A0FB060201FB06215A46FE
:103B2000EDF799FD0099496841F8040C01E0386807
:103B30007860B9F1000F18BF4FF00109484601B095
:103B4000BDE8F08F0068203070474CF23220C0F69C
:103B5000060000F0C5F94CF23220C0F6060000F075
:103B6000C6F9000001A000F0BBF900BF76656374E0
:103B70006F7200004CF2E910C0F6060000F0B0F9D8
:103B80004CF2E910C0F6060000F0AAF910B504687E
:103B9000016074B104F50C70FCF7EAFF04F5F070F5
:103BA000FFF797F920464FF41071BDE8104000F080
:103BB000B5BE10BD10B50468016054B104F5EA70DB
:103BC000FCF7D6FF20464FF4F071BDE8104000F03E
:103BD000A5BE10BD2DE9F0410D464FF6F871C7F6B0
:103BE000FF718B4204461DD21F4690460A2B01D816
:103BF000E7720BE047F00700461C30461DF0E2FD7F
:103C000046F00041C4E90007A1600446B8EB050690
:103C100004D0204629463246EEF76DF90020A05523
:103C2000BDE8F0812046FFF790FF2DE9F04F81B00D
:103C30000E464FF6F671C7F6FF711F468B1B9A4270
:103C4000044656D894F90B00DDF8288000284FF67A
:103C5000F270D4F80090C3F6FF7058BFA1468642B8
:103C60000DD89019B0EB460F98BF700040F00701D7
:103C700001F1010B0B2838BF4FF00B0B01E001F1F4
:103C8000010B58461DF09EFDB8F1000F054604D00B
:103C9000284649464246EEF72EF9DDE90BA22AB145
:103CA0000D9905EB0800EEF7E1F80C9A0AEB080015
:103CB0003F1A0AD009EB080000EB0A0105EB0800E7
:103CC00010443A46EEF717F90C9A711C0B2903D0F1
:103CD000484600F023FE0C9A4BF0004002EB08012E
:103CE0003944A0600020C4E90051685401B0BDE827
:103CF000F08F2046FFF729FFB0B5054608460C4671
:103D0000EEF795F8024628462146BDE8B040AFF3ED
:103D10000080F0B585B01646D0E90152044690F90E
:103D20000B0022F000420A2300284CBF531E054618
:103D30005A1BB2428C460DD2A819C21A0020CDE9F6
:103D40000050204619462B460296CDF80CC0FFF7CE
:103D50006CFF16E0AEB12768002858BF27467819D7
:103D600061463246EEF7C7F894F90B00B0F1FF3F19
:103D700005EB0600C6BF00F07F01E1726060002124
:103D80003954204605B0F0BD70B5064610461446BD
:103D90000D46EEF74CF80346304629462246BDE86C
:103DA0007040AFF300802DE9F04385B0044690F9F0
:103DB0000B006668002858BF06468E4248D30F465F
:103DC000A168904621F000420A21002848BF511EF8
:103DD0008A1B1D469A420CD27019421A0020CDE966
:103DE0000070204633460295CDF80C80FFF71DFF8A
:103DF0002AE04DB3D4F80090002858BFA146BE4237
:103E00000ED009EB06008045404609EB070138BF9C
:103E10002844F21B884528BF80464819EEF76BF806
:103E200009EB070041462A46EEF765F894F90B00C6
:103E3000B0F1FF3F06EB0500C6BF00F07F01E17265
:103E40006060002109F80010204605B0BDE8F0834D
:103E50002046FFF780FE2DE9F041044608468846DB
:103E6000EDF7E5FF05464FF6F870C7F6FF7085429F
:103E70001BD20B2D03D22746E57265B910E045F041
:103E80000700461C30461DF09DFC074646F00040EA
:103E9000C4E90075A060384641462A46EEF72BF883
:103EA000002120467955BDE8F0812046FFF74DFE00
:103EB00010B50446D0E90101884209D0002200BFB4
:103EC00001F8082DA1604A704A60A1688842F7D1C4
:103ED000206818B1E168091A00F020FD204610BDE5
:103EE000014646F63710C0F6060000F007F8014616
:103EF0004CF2F010C0F6060000F000F884B08446E2
:103F000001A80EC044F2083001AAC1F200006146C7
:103F10000092EEF7AEFAEEF799FDB0B543F68932AE
:103F2000C5F2E652A1FB02234FEA536C4EF2001396
:103F3000C0F2F5530CFB13114DF68363C4F21B332F
:103F4000A1FB0332920C43F609535343A1EB8315B3
:103F500041F25971CDF2B711A5FB011E42F6A851ED
:103F6000C0F6060101EB4C0411F81C30647800F82F
:103F70000A3B00F8094C01EB420311F812205B7870
:103F800000F8082C00F8073C4FEA5E3211F81240A6
:103F900001EB42035B7800F8064C42F2107402FB1E
:103FA000145200F8053C93B29B0841F27B456B43E9
:103FB0005B0C11F8134001EB43056D7800F8044CDD
:103FC000642403FB142200F8035C92B201EB420369
:103FD00011F812105A7800F8021C00F8012CB0BD3C
:103FE00070B54EF20016C0F2F55619461546044655
:103FF000104632460023EDF72EFB00FB16514DF61E
:104000008362C4F21B32A1FB02239A0C43F60953CC
:104010005343A1EB831341F25971CDF2B711A3FBC6
:10402000011642F6A851C0F6060101EB400511F851
:1040300010006D7804F80A0B04F8095C01EB4200EB
:1040400011F81220407804F8082C04F8070C700BC3
:1040500011F8106001EB4002527804F8066C42F24D
:10406000107600FB163004F8052C82B2920841F25B
:104070007B435A43520C11F8126001EB42035B7808
:1040800004F8046C642602FB160004F8033C80B2BA
:1040900001EB400211F81000517804F8020C2046A0
:1040A00004F8011C70BD10B544F2402CC0F20F0C96
:1040B00061450ED242F20F72914258D8632900F244
:1040C000E180092900F26F8141F0300100F8011B05
:1040D00010BD4EF20013C0F2F55399427BD24DF65B
:1040E0008363C4F21B33A1FB033249F27F63C0F246
:1040F000980399424FEA924300F2E38043F6095253
:104100005A43A1EB821C48F6B952C0F20602ACFB3E
:10411000022103F1300242F6A85E0270C0F6060EDC
:104120001EF811200EEB41035B78427042F21072D0
:1041300001FB12C183708AB2920841F27B435A4359
:10414000520C1EF812300EEB420C9CF801C0C370EA
:10415000642302FB131180F804C089B20EEB410204
:104160001EF81110527841718271073010BD41F272
:104170005972CDF2B712A1FB022348F29F62C0F23E
:10418000010291424FEA533200F2DC8042F03003E8
:10419000037042F2107302FB131141F27B424A4357
:1041A00042F6A85CD20CC0F6060C1CF812300CEBE0
:1041B000420E9EF801E04370642302FB131180F865
:1041C00002E089B20CEB41021CF811105278C17068
:1041D0000271053010BD4CF6FF12C3F69A329142BF
:1041E00000F2DD8043F68932C5F2E652A1FB0224DB
:1041F000620E02FB13114DF68362C4F21B32A1FB67
:1042000002239A0C02FB1C1E41F25971CDF2B71128
:10421000AEFB011C302141EA5461017042F6A85105
:10422000C0F6060101EB420411F8122064784270D6
:1042300084704FEA5C3211F8123001EB420464786A
:10424000C37042F2107302FB13E2047193B29B0835
:1042500041F27B4463435B0C11F8134001EB430CC8
:104260009CF801C04471642403FB142280F806C04A
:1042700092B201EB420311F812105A78C171027226
:10428000093010BD8AB2920841F27B435A43CB08F1
:104290007C2B4FEA524200F29380642302FB1311FD
:1042A00042F03002027042F6A85289B2C0F606020D
:1042B00002EB410312F811105A78417082700330FA
:1042C00010BD03FB1C1E41F25971CDF2B711AEFBBC
:1042D000011C42F6A851C0F6060101EB430211F899
:1042E00013305278037042704FEA5C3211F812308A
:1042F00001EB420C9CF801C0837042F2107302FB88
:1043000013E480F803C0A3B24FEA930C41F27B435D
:104310000CFB03F35B0C642201EB430C03FB124226
:1043200011F813E09CF801C092B280F804E080F824
:1043300005C001EB420311F812105A788171C27165
:10434000083010BD42F6A85CC0F6060C1CF812300E
:104350000CEB420E9EF801E0037042F2107302FB78
:10436000131141F27B438AB292085A4380F801E06C
:10437000520C1CF812300CEB420E9EF801E08370D8
:10438000642302FB131180F803E089B20CEB4102B5
:104390001CF81110527801714271063010BDBDE851
:1043A0001040FFF7BABD42F6A852C0F6060202EB73
:1043B000410312F811105A7801704270023010BD9A
:1043C00042F6A85CC0F6060C1CF812300CEB420E4C
:1043D0009EF801E00370642302FB131180F801E0F2
:1043E00089B20CEB41021CF8111052788170C27036
:1043F000043010BD2DE9F047144606462BB930466F
:104400002146BDE8F047FFF74EBE4EF2FF3AC5F237
:104410000B4A4FF00209BAEB04001D4679EB03008A
:1044200019D24EF20042C5F20B4220462946022321
:10443000EDF711F90746884630463946FFF733FE57
:104440000AF10101A7FB012307FB0933064608FB1C
:104450000130A41A8541304622462B46BDE8F0477C
:10446000FFF7BEBD80B5D0F800E0DEF80030CBB17C
:10447000DEF804209C469342714609D0002100BF1B
:1044800022F8081D9A425160FAD10168D1F800C0A3
:10449000CEF804308868A0EB0C016046BDE880408F
:1044A00000F03CBA80BD000070B5D0E9003E4A681B
:1044B000B3EB0E0402EB040C0FD01A46644600BFA7
:1044C000F2E80256E4E802567245F9D1002200BF34
:1044D0001A805A6008337345FAD1C1F804C00268E3
:1044E000C0E900C24A608A6843684260CA688B605B
:1044F000836882604868CB60086070BD70B586B024
:10450000044650F8083F22680D46991AB5EBE10FB2
:1045100017D9B5F1005F16D261680590E8008E1AD0
:104520001DF050F90190811900EBC50001ADCDE9F6
:104530000211049020462946FFF7B6FF2846FFF7F0
:10454000B7FC06B070BD2046FFF70CFBD0E9002396
:104550009B1AB1EBA30F4FEAA30302D9C91A00F0CB
:1045600006B899423CBF02EB8101416070472DE9DA
:10457000F04F81B08346D0E901700D46C11BB5EB09
:10458000A10F20D9DBF800A0A7EB0A0805EBA804CF
:10459000B4F1804F44D2A0EB0A094FF6FC70B4EBA3
:1045A000690FC7F6FF7038BF4FEA6904814528BF1D
:1045B0006FF040448CB1B4F1804F34D2A0001DF0B4
:1045C00001F907460AE02DB1A9003846EDF776FD5E
:1045D00007EB8507CBF804701FE000274FEAA8001F
:1045E00007EB8006A900304607EB8404EDF766FD73
:1045F00038465146424606EB8505EDF7BEFCBAF15A
:10460000000FCBE90075CBF8084006D0504649466C
:1046100001B0BDE8F04F00F081B901B0BDE8F08F06
:104620005846FFF7A7FA00F019F9D0E900C3A3EB49
:104630000C03B1EBE30F4FEAE30302D9C91A00F010
:1046400035B899423CBF0CEBC101416070472DE980
:10465000F047054604688068A0EB0408B1EBE80F5A
:1046600098BFBDE8F0870F46B1F1005F1AD26868C5
:10467000A0EB0409F8001DF0A5F821464A460646BD
:1046800000EB090A00EBC707EDF777FCC5E9006A04
:10469000AF602CB120464146BDE8F04700F03EB97E
:1046A000BDE8F0872846FFF76BFA00002DE9F04FD0
:1046B00081B00446D0E901030F46191AB7EBE10FA8
:1046C000914620D9D4F800B0A0EB0B0807EBE80521
:1046D000B5F1005F51D2A3EB0B0A4FF6F870B5EBC2
:1046E000AA0FC7F6FF7038BF4FEAAA05824528BF58
:1046F0006FF06045ADB1B5F1005F41D2E8001DF04B
:1047000061F806460EE057B1D9E9002300EBC70176
:10471000FF0000BFE0E80223083FFBD108466060CD
:1047200028E000264FEAE80006EBC00101EBC701D4
:104730000091D9E90012C000FB0000BF37183150CA
:10474000083B00F108007A60F8D1304659464246ED
:1047500006EBC505EDF711FC0098BBF1000F2660D4
:104760006060A56006D05846514601B0BDE8F04FE4
:1047700000F0D4B801B0BDE8F08F2046FFF700FA92
:1047800000F06CF82DE9F04184B00DF1050580468C
:10479000B1F1FF3F05F10B0201DD284604E0681C82
:1047A0002D2349428DF80530131A092B18DC41F0EE
:1047B0000104B4FA84F4C4F1200440F2D146664303
:1047C00042F68057340BC0F6060757F824704FF0B6
:1047D000FF3CB94238BF0CEB1634671C9F4202DC29
:1047E000FFF761FC0246531B40462946FFF7F2F9EA
:1047F00004B0BDE8F081B0B586B00DF10305044604
:104800002846FFF7F7FD0246431B20462946FFF7DF
:10481000E1F906B0B0BD44F67800C1F200000068CE
:104820007047000001A0FFF769FB00BF6261645F91
:10483000616C6C6F6320776173207468726F776E40
:1048400020696E202D666E6F2D65786365707469C2
:104850006F6E73206D6F64650000000001A0FFF7AC
:104860004DFB00BF6261645F61727261795F6E656A
:10487000775F6C656E677468207761732074687207
:104880006F776E20696E202D666E6F2D657863657B
:104890007074696F6E73206D6F64650000207047DF
:1048A000B0B514460D46F6F78CFB29462246F4F7C0
:1048B0007BFEB0FA80F04009B0BD0438FEF722B8A4
:1048C000014642F67060C0F6060000F1080248306A
:1048D0000860486841F8042C002200284A6014BF90
:1048E0000121704700F01AB880B5FBF713FF44F2BE
:1048F000B450C1F20000BDE88040FBF785BE10B5A2
:104900000C46FBF707FF44F2B450C1F20000224608
:10491000BDE81040FBF7ECBEECF718BEFFF7FCBF9C
:1049200010B540F6E774C1F20004207827F054FC7B
:104930000021217010BD27F091BC002070474FF07E
:10494000FF30704700207047012070474FF0FF3064
:10495000704700207047704745F28010C1F2000098
:10496000016891F8201019B14068022113F09EB936
:104970007047C0B152EA030149F67023C0F20B033D
:10498000C2F30F2143EA026204BF03F1085222215D
:104990000A23C6F201336FF07F4CC0E90021C0E961
:1049A000023C002000E0FF2040B2704758B180B5C3
:1049B000383006A1EDF7ACFB002818BF4FF0FF30F0
:1049C000BDE8804000E0FF2040B2704745585400E9
:1049D0001BF072BF1BF09BBF1CF023B81CF04DB83E
:1049E00010B546F26804C0F60604002818BF044655
:1049F00020791BF059FE10B12068B0B380471CF03D
:104A000006F910B1206880B380471CF06EF810B131
:104A1000206850B3804745F2887445F6F870C1F2BB
:104A20000004C0F60600214640221BF0DFFE20787D
:104A3000042804D1607810B9A078032813D045F673
:104A4000F874C0F6060445F6B871C0F606012046B3
:104A500040221BF0FAFE45F28871C1F200012046A7
:104A600040221BF0C3FE002000E0FF2040B210BD3A
:104A70001BF044BE1BF059BE1BF071BE1BF094BE70
:104A8000002070471CF069B91CF08AB91CF0AEB95F
:104A90001CF041BA1CF064BA1BF006BFD0B14168EB
:104AA000C1B180B584B0D0E90012806844F67C03BF
:104AB000C1F2000398604DF2C910C0F602000390E5
:104AC00001A8C3E90012CDE90112FEF763FA04B0B0
:104AD000BDE88040704780B584B027F0C5FF44F240
:104AE0006C31C1F2000108600220002128F0C6F8F4
:104AF00044F2C041C1F20001086029208DF806008F
:104B00004FF4023002900120ADF80C008DF80E0039
:104B1000FBF700FE0DF10601FBF7FCFC04B080BDC5
:104B20002DE9F04FDBB01C4616468A46804611F050
:104B3000CCF890F84900012840F03A8144F64570DD
:104B40004FF0000BC0F23F008DF868B0199003F0F1
:104B500039F8414603F02EF80DF1640911902EB199
:104B6000706896F800B0002818BF8146FEF70CFA6E
:104B70004FF47A72002307460E464FF47A75ECF72D
:104B80006AFD00FB15720023ADF862204FF47A72C3
:104B9000ECF761FDADF8602044F24022C0F20F0254
:104BA000384631460023ECF756FD3C220023ECF753
:104BB00052FD8DF85E2048F20072C0F29332384602
:104BC00031460023ECF747FD3C220023ECF743FD80
:104BD0008DF85D204AF20042CDF2936238463146AC
:104BE0000023ECF738FD18220023ECF734FD8DF894
:104BF0005C2046F20002C1F6D752384631461423F3
:104C0000ECF729FDB8F1000FADF85A001CD05AEAB4
:104C1000040035D1002013AE8DF84B000DF15A0180
:104C20000DF14B023046FEF7AFFC9DF95700139F84
:104C3000002858BF3746119BCDE9009BB7A21AA8A0
:104C40004FF480710297A3E00020BAF1000F52D018
:104C500013AE8DF84B000DF15A010DF14B023046A9
:104C6000FEF792FC9DF95700139F002858BF374666
:104C7000B1A21AA84FF480714B46CDE9007A87E0C3
:104C8000BAF1000F18BF002C4CD1BAF1000F40F060
:104C90000E81002C00F00B8100208DF84B0013A832
:104CA0000DF15A010DF14B02FEF76EFC9DF9570014
:104CB00027680028E088139D1090D4E902600F90C7
:104CC00020790E9060790D9013A858BF054638469C
:104CD00010F081FB0F994CF2401207910E99C0F62B
:104CE000060208910D990696CDE90910CDE9009BC1
:104CF000CDE9025746E013AE8DF84B000DF15A0195
:104D00000DF14B023046FEF73FFC9DF95700139F13
:104D1000002858BF37468EA21AA84FF480714B4620
:104D2000009735E000208DF84B0013A80DF15A01D3
:104D30000DF14B02FEF728FC9DF95700276800286B
:104D4000E088139E1090D4E902500F9020790E90C5
:104D500060790D9013A858BF0646384610F03BFB0B
:104D60000F994CF2901207910E99069508910D99A2
:104D7000CDF82CA0CDE90910CDE9009BCDE9026763
:104D8000C0F60602DDE910731AA84FF4807104978B
:104D9000ECF7F0FC9DF95700B0F1FF3F05DC1599E9
:104DA000139821F00041FFF7B9FD1AA822F01CFA70
:104DB000B8F1000F6ED064B120796179382202EA2F
:104DC000C00001F00F012268D4E90237E6888901AA
:104DD00005E00022002600200021002300271A926F
:104DE000ADF86E605246A8F10106BAF1000F18BF87
:104DF0000122CDE91C3706F0070343EA8222104363
:104E000040EA010244F26C3641F68C31C1F20006F0
:104E1000C0F6060130680968ADF86C2027F0B0FED6
:104E200004F054FE1AA9524604F05CFF10F0DBFBBC
:104E300010F0E6FD306827F081FEB8F1050F29D1AA
:104E40000020012100220323002513F043F801462E
:104E5000FE2015F057FC0221817511F08EFB2146D2
:104E600011F0ECFB10F0BFFB012110F0BEFD11F0C2
:104E700084FB11F08BFB4FF0804112F017FF8DF88F
:104E8000685010F0B0FB1AA910F0A0FB9DF8680064
:104E9000022802D15BB0BDE8F08F44F2C040C1F2FD
:104EA000000000684FF0FF3127F098FEFEE7BAF1EE
:104EB000000F3FF47AAF002C7FF477AF002013AEE1
:104EC0008DF84B000DF15A010DF14B023046FEF703
:104ED0005BFB9DF957001399002858BF3146119B81
:104EE000029104A21AA84FF48071CDE9009BCDF87D
:104EF0000CA04DE75B25735D202825732074736B30
:104F0000256420402573292D3E207B7D3A202E2EBE
:104F10002E20494E464F203D202573005B25735DB2
:104F2000202825732074736B256420402573292D58
:104F30003E202E2E2E0000005B54524143455D2042
:104F400028257320402573292D3E2025732E00002F
:104F50005B54524143455D20282573204025732929
:104F60002D3E202E2E2E000000281ABF0021017099
:104F7000FE2148B270474FF0FE0238B131B191E8DE
:104F80000C10C96880E80C100022C16050B2704754
:104F9000D8B10B460178032910D0022907D0012986
:104FA00013D182688AB14168104616F047B9826809
:104FB0005AB1416810461A4616F02FB9416821B11E
:104FC000D0E9022020B116F011B9FF2040B270479D
:104FD00080B5104688470020BDE88040F6E70028ED
:104FE00014BF00780020704750B10178032909D020
:104FF000022903D0012903D1416809B1082102E047
:105000000020704704214058002818BF0120704735
:1050100080B506F01BFA04211022012306F020FAC5
:105020000021017080BD38B14FF0030C80F800C042
:1050300004300EC0002000E0FE2040B2704728B1CE
:1050400001230370C0E90112002000E0FE2040B2FD
:105050007047002814BF406800207047002814BF24
:1050600000680020704700002DE9F04782B04FF043
:10507000FE04F8B18946E9B19846DBB107464046DF
:10508000164609F052FE484609F0E0FD044648463F
:1050900009F0E1FD0546204609F0DAFE48B16DB1A0
:1050A000786820B109F14002314602F054F800243A
:1050B00000E0FF2460B202B0BDE8F0872046002186
:1050C000002209F085FE3868D9F8041009F120069D
:1050D000324607F0DFFF10B1304607F07BFDD7F80E
:1050E00008A0404609F021FED9F8300090B199F8A7
:1050F0000100012825D1022088F8010099F800104C
:1051000098F8000089062ED500F0FC00013088F8E0
:10511000000028E099F8000000248006CAD598F81D
:105120000000A8F8024000F0FC00013088F8000000
:10513000D9F8041099F80120C8F8041088F8012063
:1051400011E099F80010890602D44FF0000853E0EE
:1051500098F8000000F0FC00013088F8000099F891
:10516000011088F80110746996E8AE0008F1200C6F
:10517000C8F834408CE8AE00B16900F0F700C8F818
:10518000381099F80010042211F00801014488F841
:10519000001099F8000001F0FB0102EA90000144C0
:1051A00088F80010D9F804204FF00001A8F8021088
:1051B000C8F8042014BFD9F80C104FF0FF31C8F81C
:1051C0000C1020B94FF0FF304FF0FF3103E015F025
:1051D00071FE15F07DFEC8E9040108F1400041466A
:1051E00000220023002409F017FED9F8300000281F
:1051F0003FF460AF99F80100052801D0032805D1DC
:10520000304607F0F4FD00283FF451AF304607F078
:1052100031FDBAF1000F05D0012803D1304607F067
:105220000FFD68B399F80100002101380428ADF89A
:1052300006103FF63CAF09F14007DFE800F02D0310
:1052400044032700D9F80810304602223B4607F0F5
:10525000D7FD99F80100022803D13046394607F0FE
:1052600066FDB8F1000F1CBF99F8000010F0200097
:105270003FF41DAF99F8010004287FF418AF3EE019
:1052800050464946424608F008FE10E730460121E4
:105290003A4607F05BFD25E0D8F808200DF106033B
:1052A0003046002107F0A5FCBDF8060098F8001074
:1052B000A8F80200A8F84200D8F80800C8F848008A
:1052C00021F0030020E0D9F83000B9F8021000887E
:1052D00081427FF4ECAED9F80810304601223B46FB
:1052E00007F052FD00287FF4E2AEB8F1000F3FF462
:1052F000DEAE99F8000010F020003FF4D8AE98F828
:105300000000022161F3010088F80000CFE60000F0
:10531000B0B582B043F238050446C0F6060550B970
:1053200002F050FC45F6033310A2C0F60603052137
:10533000009502F024FC02F045FC216845F6033399
:1053400011A2C0F60603002918BF0121009502F042
:105350000FFC06F07BF804210C22012306F080F8F4
:1053600094E80E0080E80E0002B0B0BD656F5F618A
:1053700067656E745F4E657728293A204E554C4C10
:105380002063666700000000656F5F6167656E748B
:105390005F4E657728293A204E554C4C206366674E
:1053A0002D3E6E767365740070B584B00E46002A8B
:1053B0004FF0FE0165D0002E63D0002861D01C465E
:1053C000002B5ED02046154609F0AFFC287869888E
:1053D00000F03C008DF808006878ADF80A106968A4
:1053E0008DF80900039109F033FDF0B1D6E900CE44
:1053F000D6E90223D6E90410C4E90A23C4E90C1053
:10540000C4E908CEB069DDE90212A06302A8C4E9CC
:10541000001209F0CFFC012809D1A96849B16A88B6
:10542000A0686280ECF722FD0DE0FF2129E000205A
:1054300008E0A2680DF106033046002107F0D9FB11
:10544000BDF806006080287800074CBFE8684FF080
:10545000FF30E0602878089D400704D44FF0FF300B
:105460004FF0FF3103E015F025FD15F031FDC4E9E3
:1054700004012DB120786178628809F072FC2880DF
:10548000002148B204B070BD42F22011C1F2000107
:105490000868002818BF084670470000F0B581B0C2
:1054A00042F22016C1F200063268002A61D10C4691
:1054B000054602F087FB43F2380745F6C913294633
:1054C000C0F606072EA2C0F60603002D18BF012164
:1054D000009702F04DFB28786F78022803D1FF2F48
:1054E00001D075600EE002F06DFB43F2180545F641
:1054F000C913C0F606052CA2C0F6060305210095C7
:1055000002F03DFB022FB460377507D0012F02D0A7
:1055100047B9002004E04FF4004001E04FF40030B0
:1055200030610EE002F04EFB43F2180745F6C91356
:10553000C0F6060726A2C0F606030521009702F072
:105540001EFB4BF679074BF695104BF669014BF6AF
:1055500015124BF68903C0F60407C0F60400C0F626
:105560000401C0F60402C0F60403009715F05CFACB
:10557000306042F22010C1F2000001B0F0BD00BF67
:10558000656F5F61726D656E765F496E69746961A2
:105590006C69736528293A204E554C4C206D6F6418
:1055A000696E666F00000000735F656F5F61726D0A
:1055B000656E765F7072657061726528293A207732
:1055C000726F6E67206D6F64696E666F0000000019
:1055D000735F656F5F61726D656E765F7072657027
:1055E00061726528293A20756E737570706F7274D8
:1055F00065642070726F6300F0B581B048B11446E5
:105600003AB11D462BB10278064668180F46904203
:1056100001D901B0F0BDB178884216D9C3B29A421F
:1056200013D3C3B2994210D08B420A4696F801C0F8
:10563000B07038BF1A46591A1CFB026048BF494275
:10564000043001FB0CF1ECF717FD717811FB0760DA
:10565000043001FB05F2214601B0BDE8F040ECF753
:1056600005BC38B18278914204D2427812FB010025
:10567000043070470020704718B101788078081A0C
:1056800000E00020C0B27047002814BF007800205E
:10569000704730B101788078401AB0FA80F0400944
:1056A000704701207047002814BF407800207047E1
:1056B0002DE9F04116460C4605464FF000084FF024
:1056C00000075AB905F0C2FE042114FB05118AB285
:1056D00004210123012705F0C3FE0646301D04FB0B
:1056E00005F1F7703570747086F80280ECF7C4FC31
:1056F0003046BDE8F08138B1817800290FBFFF2026
:1057000001398170002000E0FE2040B2704710B5E2
:10571000044600284FF0FE0018BF002901D140B216
:1057200010BD2278A078904201D1FF20F7E762787F
:1057300012FB00400430ECF799FBA0780130A07018
:105740000020ECE710B540B1017842780024847065
:1057500004305143ECF790FC00E0FE2460B210BD31
:1057600028B18278914202D00378994200D97047DB
:105770001346914238BF0B4690F801C081701CFB64
:105780000300891A00F1040048BF494280B501FBBB
:105790000CF1ECF771FC80BD002814BF807800206C
:1057A000704741F2F401C1F200010868002818BFF7
:1057B0000846704741F2F401C1F20001496800282F
:1057C00018BF0846704741F2F401C1F200010968B0
:1057D000002818BF084670472DE9F0418EB043F20B
:1057E000B80141F2F408C0F60601C1F20008D1E99F
:1057F000082CD8F800600A92002ED1E9002601F1A9
:105800000807B0CF4B690292D1E90621CDE90364C4
:10581000CDE90557CDE907320991CDF82CC066D105
:1058200042F68C76C0F60606002818BF0646306899
:1058300043F23804C0F6060450B902F0C3F945F645
:1058400016332EA2C0F606030521009402F097F944
:10585000708948B1B08938B1F08928B1308A18B15F
:10586000708A08B1B08A50B902F0ACF945F6163327
:105870002FA2C0F606030521009402F080F9D8F8A3
:1058800004406CB9707FB16907F070FC33687F2207
:105890000127C0F2001200210446009707F018FB10
:1058A000D6E90001D6F80E300078D6F80A2088F83C
:1058B0000800D6F812000292CDE90330308906F1D3
:1058C0002002ADF8180000200591089007CA337F28
:1058D0000990B069C8F804400A9002A807948DF8AE
:1058E0002C30CDE90C120CF064FEC8F8000041F237
:1058F000F400C1F200000EB0BDE8F081656F5F6298
:105900006F6172647472616E736365697665725FEC
:10591000496E697469616C69736528293A204E552E
:105920004C4C206E76736574627264636667000027
:10593000656F5F626F6172647472616E73636569D3
:105940007665725F496E697469616C69736528294F
:105950003A2061206366672D3E73697A65732E660F
:1059600069656C64206973203000000041F2001109
:10597000C1F20001002818BF01F13800704741F260
:105980000011C1F200010878002818BF08467047CE
:10599000B0B541F20014C1F200042178012932D0DF
:1059A00042F6B871C0F60601002818BF014643F65A
:1059B0003440C0F60600D1E900120068C4E90112C3
:1059C000904218BFB2FBF1F020740CF0B3FCE06021
:1059D00003200A2100220025FFF76AFEA062FFF7DC
:1059E000B1FE04F12C004FF48A71C4E90655C4E9F4
:1059F0000855ECF763FBFFF70BFBC4F84001FFF71A
:105A0000B3FA0120207041F20010C1F20000B0BDD5
:105A10002DE9F04F85B0804600284FF0FE0000F0E1
:105A2000DB809A46002B00F0D78041F20019C1F2CA
:105A3000000999F82200002800F0C98001F0010651
:105A400009EB4604A08DC1F34305294601F0F4FAA1
:105A5000002800F0BC8004F13C002946049401F0C9
:105A6000F7FAC6EB061009EBC000BAF8041000EB19
:105A7000C507A7F85410DAF80000386515F01AFACF
:105A800015F026FAD9E90623D9F82840801A994159
:105A90004FF47A720023EBF7DEFDA7F8560020469C
:105AA000FFF77AFE002878D004464FF0000B00BFC5
:105AB000D9F828005FFA8BF1FFF7D3FD40B1074614
:105AC00000EB4600C088294601F0B6FA012806D04E
:105AD0000BF1010B5FFA8BF0A042E9D35DE038785F
:105AE0009AF80010DDF810B08842CDE9021004D019
:105AF0000BF14400294601F0ABFA3C4614F8040FC0
:105B000008B97979A9B1564636F8041F228891421E
:105B100005D00BF14C00294601F09AFA2078317833
:105B2000814204D19AF805007979884201D0012296
:105B300000E000223C4614F8016F26B9B87810B98D
:105B4000F87800284CD00AF1010B01925846214602
:105B50000322ECF740F928B104982946483001F0B7
:105B600077FA26789BF80000B04216D19AF8020026
:105B7000B978884211D1DDE902100023401A18BF1C
:105B800001209AF80310FA78C9B2D2B2914238BF14
:105B9000012301991843084307D0012089F83900EF
:105BA00004982946403001F053FAB9F82C00B9F8AE
:105BB0003C1088420DD1B9F82E00B9F83E10884249
:105BC00007D1012089F83800404600F013F9002081
:105BD00002E0002089F8380040B205B0BDE8F08F3F
:105BE000DDE90210401AB0FA80F0400982F00101AC
:105BF0000842D2D0D9E788B180B541F20010C1F295
:105C0000000090F8391090F83800B1FA81F1490994
:105C100016F042F80020BDE8804000E0FE2040B2CF
:105C2000704700002DE9F04F8FB0054600284FF077
:105C3000FE0000F0DB800E46002900F0D7803046E1
:105C40009146FFF7A9FD002800F0CF8041F200182F
:105C5000C1F20008044698F82200012802D1284623
:105C600000F0C8F8D8F828000595FFF76BFD00256F
:105C700008F12C004FF48A71C8E90655C8E90855A7
:105C8000032C28BF0324ECF719FA00BFD8F82870BA
:105C9000E9B23046FFF7E5FC01463846FFF737FD2D
:105CA0000135E8B2A042F1D3D9E900014FF0000B71
:105CB000C8E90C014FF4807088F823B0A8F82100DF
:105CC000A8F838B015F0F6F815F002F9C8E90601A1
:105CD000D8F82800CDE908BBCDE906BB88F824B088
:105CE000C8F82CB0FFF758FD002855D045F67F2A9C
:105CF0000646C0F6060A08F124004FF00009049099
:105D0000D8F828005FFA89F42146FFF7AAFC074675
:105D1000052000210FF0A0FB06903889ADF81CB0DB
:105D2000ADF81E0078887A7840BA39783B797D7969
:105D300040EA0240FA8843EA012140EA056041EA6C
:105D40000241CDE9080101F03DFF01210022534647
:105D500006AD009501F013FF787858B9B87848B9C6
:105D6000F87838B9387928B9787918B9049821467B
:105D700001F0CCF8F888B8F82C1009F101090843B3
:105D8000A8F82C003889B8F82E1008435FFA89F17A
:105D9000B142A8F82E00B3D315F0E4FE98F838000D
:105DA00008BB06AC20462021ECF788F914F0AEFDC4
:105DB00014F0B5FD4BF61931059A0346C0F60401FF
:105DC0002046FFF730F943F61842C0F60602D8F82D
:105DD0000410D8F80C00D2E900230127CDE9001700
:105DE00002940CF01BFB002000E0FF2040B20FB03B
:105DF000BDE8F08F20B370B515F05CF815F068F8C9
:105E000041F20014C1F20004D4E90623801A99413A
:105E10004FF47A720023EBF71EFC94F8381094F8D4
:105E200039600129608708BF002E0BD0E068B6FA00
:105E300086F14D090CF066FB94F83800294606E01F
:105E4000FE201DE0E0680CF05DFB0120012115F053
:105E500023FF236B0020C4E90600206260626BB15F
:105E6000F0B294F83810B0FA80F04209002918BF57
:105E70000121606B0A40214698470020BDE8704030
:105E800040B27047C8B141F20012C1F2000292F86C
:105E9000231000294FF0000110D092F822306BB18E
:105EA00092F82110012908BFFFF7A4BF80B515F0B3
:105EB00059FE0021BDE8804000E0FE2148B2704755
:105EC000002800F083802DE9F04F85B08A46032931
:105ED0004FF0FF007DD89346072A7AD81C46002B46
:105EE00077D042F64071C0F6060101EBCA0111F805
:105EF0000B10C9B20A2903916BD8204601F07DF935
:105F0000002865D0204601F078F901065CD043F204
:105F10000411039BC0F60601CD5C8AF002018BF0F0
:105F2000060211434FF0010218BF012122EA0A02C2
:105F300041F2C0061140C1F200060091002106EBBB
:105F400083025FFA80F84FF00009029289B220467E
:105F500001F051F907464078A8422FD2387871688D
:105F600000F0010251F82210C0F3430051F8200064
:105F7000049018B3007851465A460DF0D9FDE8B1A7
:105F800003980A2811D8049803990190043001F06D
:105F90005FF8009848B9387802227B78A02838BF8B
:105FA00042090198514616F093F802987978806872
:105FB00050F8210004A9FFF7AAFB00BF09F101096D
:105FC0005FFA89F14145C1D3002002E0FE2003E0E1
:105FD000FF2005B0BDE8F04F40B2704768B12DE931
:105FE000F04F83B0894603294FF0FF0098BF072A7E
:105FF00006D903B0BDE8F04F00E0FE2040B2704784
:106000001C46002BF5D042F64071C0F6060101EBAC
:10601000C901895C5FFA81F8B8F10A0FE9D8204616
:1060200001F0EBF8002852D0204601F0E6F8010616
:106030004BD043F2041141F2C002C0F60601C1F296
:10604000000211F8085002EB8802002102924FEA88
:10605000C9725FFA80FA4FF0000B019289B22046B4
:1060600001F0C9F807464078A84228D241F2C001A1
:106070003878C1F20001496800F0010251F822109D
:10608000C0F3430051F82060CEB1B8F10A0F0FD829
:10609000301D414600F0D4FF019848B13878022203
:1060A000A02838BF4209304649460F2316F010F8A1
:1060B00002997878896851F82000FFF71CFB0BF1F2
:1060C000010B5FFA8BF15145C8D3002091E7FF2007
:1060D0008FE741F2C000C1F20000406801F0010208
:1060E00050F8220001F01E0150F81100002814BFE2
:1060F0000078FF2070470000002A68D02DE9F04F9B
:1061000083B01046984615460C46FFF71BFB204609
:1061100011F0D6FE0646204611F0D4FE0746204672
:1061200011F0D3FE0446032E4FF0FF0098BF072F57
:1061300050D842F64070C0F6060000EBC600C05DC5
:106140000A2846D843F20411C0F60601095C8C42C5
:106150003FD841F2C001C1F2000101EB800080682C
:1061600050F824B0BBF1000F33D05846FFF714FBB2
:1061700078B382464FF00009CDE900845FFA89F1D7
:106180005846FFF76EFAB8B180460068A0B10478AF
:10619000314620463A460DF0CBFC01280CD1D8F808
:1061A0000000019A314615F071FF8DF80B0028466A
:1061B0000DF10B01FFF7ABFA09F101095FFA89F064
:1061C0005045DBD3009800B10470002002E0FF20AE
:1061D00003E0FF2003B0BDE8F04F40B27047F0B5D8
:1061E00081B041F2C000C1F2000040680C4601F0ED
:1061F000010150F8210004F01E0150F81170002F29
:1062000047D01646032A4FF0FF0043D81D46072B00
:1062100040D842F64070C0F6060000EBC600415D73
:106220000A2936D8B88800F007FF90B3032E14D09F
:10623000012E0CD13978E2B210294FF0FF0011DDA8
:10624000112914D015291BD0122919D022E0022EB1
:106250004FF0000008BF062D1CD1B87900F00F00E8
:106260000F2812E0032907D0082909D012E05009AD
:10627000032802D1F87904E0500901280DD040B973
:10628000F88800F00F00C1B20F2908BF4FF0FF30AF
:1062900000E0FF20C0B201B0F0BDB8790009F2E71C
:1062A000002A57D02DE9F0470846984615460F4674
:1062B00011F006FE0646384611F004FE0446384644
:1062C00011F003FE0746032E4FF0FF0098BF072C86
:1062D00043D842F64070C0F6060000EBC600005DF1
:1062E0000A2839D843F20411C0F60601095C8F422E
:1062F00032D841F2C001C1F2000101EB8000806898
:1063000050F827A0BAF1000F26D05046FFF744FA04
:1063100010B3814650460021FFF7A3F9824600687A
:106320003146007822460DF003FCA8B1DAF80000EF
:10633000089C31463A4615F0A9FE28701CB1DAF8DF
:10634000000000782070B8F1000F18BF88F80090A6
:10635000002002E0FF2002E0FF20BDE8F04740B24D
:10636000704741F2C000C1F20000704770B541F2C1
:10637000C004C1F200046168002940F08C8042F63C
:10638000C071C0F60601002818BF0146086841F236
:10639000B801C1F200010025C4E900010120042177
:1063A0000022FFF785F9A16841F8250001350C2D81
:1063B000F4D10025012004210022FFF779F9E168DA
:1063C00041F8250001350C2DF4D1012004210022D3
:1063D0000025FFF76DF921690022086001200421E2
:1063E000FFF766F961690022086001200421FFF7C8
:1063F0005FF9A1690022086001200421FFF758F924
:10640000E1690022086003200421FFF751F9216AA5
:106410000022086003200421FFF74AF9616A08603E
:10642000012004210022FFF743F9A16A41F8250069
:106430000135042DF4D1012004210022012500267C
:10644000FFF736F9E16A0022086008200421FFF70F
:106450002FF9216B0022086008200421FFF728F99A
:10646000216B0022486044F67020C1F20000FE213A
:10647000CFF6FF72C6EBC60300EB4313002600BF46
:106480009C1999550E36E02E6260F9D10126EB0772
:106490004FF00005EED141F2C000C1F2000070BD26
:1064A00000284AD02DE9F04F81B08B4600293FD01B
:1064B000584600F0A2FE01063AD041F2C00A44F666
:1064C000702840F200090021C1F2000AC1F2000860
:1064D000CFF6FF79C6B2002789B2584600F08BFE8E
:1064E0004378DAF8041003F0010251F82250C3F3A4
:1064F000430355F82350ADB9C2EBC20208EB421278
:10650000C3EBC303056802EB430442F81350C4F81D
:106510000490407800F0010251F82210C0F34300CB
:1065200041F820400137F9B2B142D5D3002000E054
:10653000FF2001B0BDE8F04F00E0FE2040B2704700
:1065400000284CD02DE9F04F81B00C46002941D0F5
:10655000204600F052FE01063CD044F6702B41F27A
:10656000C00A0025C1F2000B4FF6FF784FF0FE097C
:10657000C1F2000AC7B20020002600BF81B2204647
:1065800000F039FE417801F00102C1F34301C2EB92
:10659000C2020BEB4212C1EBC10102EB41018A883E
:1065A00092B94D600D608D818D60A1F8068081F8F3
:1065B00000904078DAF8041000F0010251F822103F
:1065C000C0F3430041F820500136F0B2B842D5D3B1
:1065D000002000E0FF2001B0BDE8F04F00E0FE2009
:1065E00040B27047B0B582B0144600200DF10702EA
:1065F0000DF106030D468DF807008DF8060015F025
:1066000085FD18B14FF0FF3002B0B0BD9DF8070016
:1066100042F6C871C0F6060151F820009DF8061038
:1066200050F83120002AEDD02846214602B0BDE8BE
:10663000B040104744F63440C1F20000704742F6C3
:10664000C471C0F60601002818BF0146096844F667
:106650003440C1F20000016070472DE9F04186B07E
:106660000C46002100284FF0FE068DF807108DF82B
:1066700006107CD0002C7AD0207810F0F00F26D0B5
:1066800044F63240C1F2000001781546B9B94FF026
:10669000010880F80080022001210022FF2300274A
:1066A00011F018FC0646FFF75CFE44F63042C1F2DA
:1066B0000002314600230097FFF7F2FD48B144F68F
:1066C0003140C1F200000078012808D041E00026E6
:1066D0004DE044F63140C1F2000080F8008044F6FD
:1066E0003040C1F20000007800F00101A94230D131
:1066F000216811F4C06F2CD1C1F30311C0F3430022
:10670000814226D100202E2100260EF0A5FE029007
:106710002068A1796FF31F3040EA0130ADF80E0018
:10672000204600F0FAFBCDE904010220002D08BF4D
:10673000012021788DF80C0008098DF80D0001F07A
:1067400041FA02AF032100220023009701F017FA5B
:106750000DE0A079082809D868B10DF107020DF104
:1067600006032046002115F0D1FC58B1FF2670B277
:1067700006B0BDE8F0812046294606B0BDE8F041EC
:1067800015F01BBD9DF8070042F6C871C0F6060162
:1067900051F820009DF8061000EBC1004268002A65
:1067A000E4D02046294606B0BDE8F041104744F643
:1067B0003C40C1F200000178012918BF0020704759
:1067C000B0B588B044F63C44C1F2000421780129F8
:1067D00000F0B18042F6E471C0F60601002818BF4F
:1067E0000146D1E900CED1E90235D1E90420C4E95E
:1067F0000335C4E90520C4E901CE88692021E061A0
:106800006846EBF75BFC0020A4F801001EF046F997
:1068100001282CD1207B50B3A17B41B38DF805100A
:106820004CF2B5218DF804000020C0F60401CDE93A
:1068300002104CF2D321C0F60401CDE904104CF251
:10684000B3210122C0F60401C0F60B32CDE90610D7
:10685000694600928DF806001EF032F8002869D1D2
:1068600000201DF0FBFF002864D101206070012092
:106870001EF014F901282BD1607B48B3E17B39B3BA
:106880008DF8040000208DF806004CF2B5208DF83C
:106890000510C0F604004CF2D32102900120C0F68E
:1068A0000401CDE904104CF2B3210122C0F6040129
:1068B000C0F60B32CDE906106946009203901DF038
:1068C000FFFFB8BB012001251DF0C8FF90BBA570DC
:1068D00043F63040C0F606000168A06801EB810174
:1068E000B0EB410F84BF4CF6C070C0F26A0026F0D6
:1068F00031FC207B60B1A07B50B1002084F82000E7
:1069000084F82100FF20002126F0B8F9606288B1E8
:10691000607B60B1E07B50B1002084F8280084F8EF
:106920002900FF20002126F0A9F9E06210B1012022
:10693000207000E00024204608B0B0BD002854D0EC
:106940002DE9F04F8BB0084440780E4600284ED019
:1069500098469146002A4FF000044AD04FF0020AB0
:1069600007AF0DF1080B0025002E08BF4FF0010AFC
:10697000304639460022CDE90944CDE907441DF0EF
:1069800087FFB8BBFFF756FE39463246FFF765FE74
:1069900030B300201B21CDE90444CDE902440EF0C0
:1069A0005BFD029007989DF822106FF31F3040EABC
:1069B0000130ADF80E00384600F0AFFACDE9040121
:1069C0009DF81C008DF80CA000098DF80D0001F059
:1069D000F9F8032100220023CDF800B001F0CFF830
:1069E00001354D45C4D34D4604E0FE200BE0FF20A9
:1069F00006E000250020B8F1000F18BF88F800500D
:106A00000BB0BDE8F04F40B27047000028B32DE94D
:106A1000F04381B00446471C4FF0000801250DF1FA
:106A200003090020395C71B1C6B2304649468DF881
:106A300003801EF01DF89DF8032022B12046314648
:106A40000023FFF77BFF00210120EA074FF000053C
:106A5000E8D101B0BDE8F04300E0FE2148B2704744
:106A60002DE9F0478CB000284FF0FE0757D00E46B6
:106A7000002954D007AD8146284614219046EBF7F3
:106A80001DFB102001212A46FEF712FE8246FFF769
:106A900068FC4146524600230027FFF72DFBA8B1B2
:106AA00000201D210EF0D8FC02900020C0F69910A5
:106AB000CDE90487039001F085F802AF042100229C
:106AC0000023009701F05BF8FF2728E03088716809
:106AD0000297ADF80800504604970391FEF75CFE5C
:106AE000E8B1064609F1010400250DF10808002768
:106AF000E9B25046FEF7B5FD007800F00101615C97
:106B0000012908D18DF810004846414615F075FB63
:106B1000002818BF07460135E8B2B042E8D378B282
:106B20000CB0BDE8F0872DE9F0418AB0044600289A
:106B30004FF0FE003CD00E46D1B34FF0000807A83E
:106B40001546CDF82480CDE9078800F10807FFF746
:106B500008FC29463A460023CDF80080FFF7A0FB49
:106B6000A8B100201D210EF077FC02900020C0F299
:106B70006660CDE90458039001F024F802AF0421C7
:106B800000220023009700F0FAFFFF2010E09DF89C
:106B9000240000F00100204440780028F5D030881F
:106BA0007168ADF81C00089107A9204615F025FB77
:106BB00040B20AB0BDE8F0814FF0FE03C0B1B9B1F8
:106BC00002F0010303445B788BB180B584B0D1E956
:106BD00000134FF0000C8DE80A1069468DF808206C
:106BE00015F00BFB034604B0BDE8804000E0FF2336
:106BF00058B2704700281ABF01710020FE2040B231
:106C0000704770B3F0B581B00646084440780D4631
:106C100048B3307948B300203F278DF80300002D9A
:106C200008BF13273846144620F07AFA0DF1030105
:106C300028461DF0EBFE9DF8030006EBC50181F828
:106C4000210081F82000384620F06CFA9DF80300FE
:106C500010B128461DF02AFF54B19DF803002070A2
:106C600006E0FE2008E0FF2003E028461DF01EFF9E
:106C7000002001B0BDE8F04040B2704770B560B18F
:106C800014460A46002105460026FFF7BAFF2846AB
:106C900001212246FFF7B5FF00E0FE2670B270BD6D
:106CA00070B560B10D4600212A460446002600F06A
:106CB00009F8204601212A4600F004F800E0FE26EB
:106CC00070B270BDD0B370B588B00C46014449783D
:106CD000C1B30179A1B300EBC40515F8200F78B357
:106CE0006868114625F07AFF4FF0000660B30DF199
:106CF0001F0120468DF81F601DF088FE002019211D
:106D00000EF0AAFB9DF81F10029008020130ADF8AA
:106D10000E000220CDE90466002C08BF01208DF88A
:106D20000C008DF80D6000F04DFF02AC0421002234
:106D30000023009400F023FFFF2006E0FE2008E07F
:106D4000002003E0FF2001E000202E7008B0BDE825
:106D5000704040B2704746F25000C0F606007047DF
:106D6000704710B588B000200121002203230024C1
:106D700011F0B0F80146FE2013F0C4FC84756C4697
:106D800020462021EBF79AF90FF074F90FF07BF908
:106D9000024620460121FEF752F90FF0E2FF21469C
:106DA0000022002310F06FF80FF0DBFF10F056F810
:106DB00030B10FF05FF90FF066F9012110F076FFA6
:106DC00041F21800C1F200000EF061FE08B010BDE3
:106DD00010B588B0002001210022032311F07AF8B9
:106DE0000146FE2013F08EFC02216C468175204680
:106DF0002021EBF763F90FF0C0FB0FF0C7FB024651
:106E000020460121FEF71BF90FF0ABFF21460022BF
:106E1000002310F038F80FF0A4FF10F01FF830B185
:106E20000FF0ABFB0FF0B2FB012110F03FFF41F27E
:106E30001800C1F200000EF053FE08B010BD10B5EE
:106E400088B00020012100220323012411F042F820
:106E50000146FE2013F056FC84756C462046202126
:106E6000EBF72CF90FF01CFC46F669110246C0F650
:106E7000040120460023FEF7D6F80FF072FF002130
:106E8000224600230FF0FFFF0FF00AFC0FF0ECFD8D
:106E900041F21800C1F200000EF088FE08B010BDEB
:106EA00041F21800C1F200000EF0A9BE41F2180034
:106EB000C1F200000EF0ACBE80B50FF0F1FB0FF098
:106EC00007FF41F21800C1F20000BDE880400EF05B
:106ED000A0BE7047704770477047704700EE100AB9
:106EE0009FED031AB8EEC00A20EE010A704700BFFA
:106EF00000008038C84000F001007047012203788C
:106F000002FA01F123EA01010170704701220378BE
:106F100002FA01F1194301707047002812BFD0E94D
:106F200002010020002170472DE9F0418AB00028BD
:106F30004FF0000543D0884605A906AA09AB04AF67
:106F4000CDE90032029120A108AA07ABCDE908558E
:106F5000CDE90655CDE904550397EAF703FE099EEE
:106F6000B6F5006F2BDA44F6CC640127C0F60604B0
:106F700008AD00BF54F827102846EBF7C9F820B138
:106F800001370D2FF6D1002519E007980025B0B183
:106F90001F2814DC0699182911DC059A3C2A0EDCFE
:106FA00092026FF31F3600F01F0061F3491246EAA8
:106FB000073310440125A8F80030A8F8020028463D
:106FC0000AB0BDE8F08100BF257320256420256448
:106FD0002025643A25643A2564000000C2F12003AC
:106FE000D04001FA03F31843203A58BF21FA02F0C7
:106FF00000F0010070470123C1F12002B1F1200C23
:1070000023FA02F258BF03FA0CF203FA01F1D0E9B5
:1070100000C358BF00211A4341EA0C01C0E9001225
:10702000704721EA0000B0FA80F04009704700285C
:1070300014BF006800207047C84000F0010070478E
:107040000122038802FA01F123EA0101018070475D
:107050000122038802FA01F119430180704745F6C5
:107060004E32C1B2C0F60602000A515C105C084400
:10707000C0B270470122038802FA01F15940018031
:107080007047000099B110B584B0C0F3072CC0F36D
:10709000074ECDE900CE0FF2180CC3B2040E08461D
:1070A000114662460294EAF765FB04B010BD7047D2
:1070B00025642E25642E25642E25640050F8040CCA
:1070C0007047C84000F001007047B0B50546002881
:1070D0004FF0FF0010D00C4671B1207880060AD521
:1070E000286940B10CF01CFA08B1FF2004E02869BF
:1070F00021460CF01CFB002040B2B0BD40B3F0B5FF
:1071000081B0044600690D460CF03EFBD8B1206901
:107110000CF03AFBA0B10646002700BF2069B9B2C7
:107120000CF0BCF940B101460078800604D5A26895
:1071300012B12846904700BF0137B8B2B042EDD334
:1071400020690CF0B7F9002001B0BDE8F04000E084
:10715000FF2040B270474FF0FF0380B17AB113783F
:107160009B0709D0C3684BB180B5084611469847C4
:107170000023BDE8804002E0FF2300E0002358B276
:107180007047B0B582B042F67C75C0F6060500289F
:1071900018BF0546287810B304F058F904211822C6
:1071A000012304F05DF9044695E80F004FF0000C50
:1071B00084E80F00698849B1182000220023CDF827
:1071C00000C0CDF804C00CF0B5F984466868C4F876
:1071D00010C000280CBF00208047606100E0002440
:1071E000204602B0B0BDFEF73CBA7047002814BF7D
:1071F0008078002070470CF051B90CF0C5BA44F605
:107200006C41C1F2000191F86400002818BF0846E3
:1072100070470000B0B500F069FA00F051FB042897
:10722000014644F66C4428BF0421C1F200042174D5
:1072300080B3002500F05AFAE9B200F0BCFA44F835
:107240002500207C01358542F4D3002504F114008B
:107250005021C4F86550EAF731FF012084F864003A
:1072600045F2D070C1F200000580FE20012102220B
:10727000002311F0B1FA44F6E401C1F20001086004
:1072800050B900F09FFC45F6A22206A1C0F6060206
:1072900000F0BCFC0020207444F66C40C1F20000F9
:1072A000B0BD00BF656F5F63757272656E74735FAA
:1072B0007761746368646F675F496E697469616C54
:1072C00069736528293A204E554C4C206E765F63D1
:1072D0006F6E74726F6C6C65725F70747200000018
:1072E000002A00F0C580002800F0C2802DE9F04F90
:1072F00081B02DED068BA2B044F66C46C1F20006BB
:10730000307C002800F0AE809FED5A8A9FED5A9A9B
:1073100041F210059146C1F20005B6EE00AA4FF009
:10732000000B0027029100BF39F91740384621466B
:10733000EDF7BFFE00EE100A06EB0B00B8EEC00A38
:1073400090ED052A20EE001A90ED153A31EE421A22
:1073500021EE081A90ED090A33EE011AB5EE401A33
:10736000F1EE10FAB8BFB0EE491AB4EE401AF1EEE1
:1073700010FA06EB070A80ED151A03DD01208AF8E2
:10738000650009E09AF8650048B120EE0A0AB4EEFB
:10739000401AF1EE10FA0FDD3846EDF7B4FC35F97E
:1073A00017000BF1040B8442C8BF25F81740307C4E
:1073B00001378742B8D341E00020CDE92000042006
:1073C000002100260EF048F81E902C48ADF87C6095
:1073D0002AA60590AC46D6E90550D6E903230490C9
:1073E000F069D6E90181039008A82CC006F12403B6
:1073F000D6F820E0CDE906810FCBADF87E70CDE95F
:107400000DE0039865460C900498CDE90F120B909F
:1074100096F8340011938DF8480000F0D3FB1EAEAF
:10742000022105AA0023009644F66C46C1F200062C
:1074300000F0A5FB00208AF86500B0E745F2D070A7
:10744000C1F20000018801318AB2B2F5FA7F029AD6
:10745000018007D344F6E401C1F2000109680A8201
:107460000021018022B0BDEC068B01B0BDE8F04FD9
:10747000704700BF6F12833A000000004570203C47
:10748000204932542F323A206E6F77206974206978
:107490007320706F737369626C65207075742069F6
:1074A0006E2069646C6520746865206D6F746F72FE
:1074B0000000000030B344F66C40C1F20000027CD2
:1074C000914221D250F8212000EB8100B2F98410C2
:1074D000B2F9862000EE101A01EE102AB8EEC00AAA
:1074E000B8EEC11A20EE000A21EE011A80ED050A5D
:1074F00030EE410AB8EE081A20EE010A80ED090AC2
:10750000002002E0FE2000E0FF2040B2704700288B
:1075100014BF00890020704738B1018829B1C168C3
:107520004288C08800FB021070470020704730B1CD
:1075300001880089081AB0FA80F0400970470120DC
:10754000704700002DE9F04F81B0984615460E4671
:10755000074603F07BFF0421202201234FF001099D
:1075600003F07EFF82460020CAF80000AAF804005B
:1075700000F028FB45F6DE0443F2380BC0F60604A3
:107580003946C0F6060B2AA22346002F18BF012158
:10759000CDF800B000F0ECFA00F014FB31462BA25D
:1075A0002346002E18BF0121CDF800B000F0E0FA0C
:1075B0000A98012FCAF818000B98AAF80670AAF8C2
:1075C0000A70AAF80860CAE90458CAF81C0012D068
:1075D000022F02D14FF002090DE0042F04D84FF022
:1075E0000409AAF80A9006E0F81D20F007004FF001
:1075F0000809AAF80A0003F029FF49463A4633462B
:1076000003F02EFFCAF80C0076B1044625B12046DF
:107610004146A84705E000BFBAF806102046EAF741
:107620002BFD013E3C44F1D1504601B0BDE8F08F46
:10763000656F5F64657175655F4E657728293A20CF
:1076400030206974656D5F73697A6500656F5F648A
:10765000657175655F4E657728293A203020636132
:107660007061636974790000C0B110B50446008888
:1076700090B1E16931B1E0686288E38803FB020000
:1076800088472088618822890131B1FBF2F30138F3
:1076900003FB121120806180BDE810407047F8B1F3
:1076A000F1B110B5044600892288904216D0B4F892
:1076B00004C0E288E068A36902FB0C000BB19847A4
:1076C00001E0EAF7D3FBA08821890130B0FBF1F299
:1076D00002FB11002188A080481C2080BDE81040DA
:1076E0007047002814BF00880020704710B544F68A
:1076F000E044C1F200042078012803D000F00AF928
:107700000120207044F6E040C1F2000010BD44F6B4
:10771000E040C1F2000090F88B2091422EBF002083
:1077200000EB8100806F704744F6E040C1F200003A
:1077300090F8842091422EBF002000EB8100406829
:10774000704744F6E040C1F2000090F88420914276
:107750002EBF002000EB81004068704744F6E040F7
:10776000C1F2000090F8842091423ABF00EB810002
:1077700040680020002818BFF830704744F6E04009
:10778000C1F2000090F8882091422EBF002000EB4B
:107790008100006F704744F6E040C1F2000090F8AD
:1077A000882091423ABF00EB8100006F0020002842
:1077B00018BF0830704744F6E040C1F2000090F86E
:1077C000852091422EBF002000EB8100406B704766
:1077D00044F6E040C1F2000090F8852091423ABFA3
:1077E00000EB8100406B0020002818BFC8307047B4
:1077F00044F6E040C1F2000090F88D2091422EBF87
:10780000002000EB8100D0F88000704744F6E04093
:10781000C1F2000090F88C2091422EBF002000EBB6
:107820008100C06F704744F6E040C1F2000090F85C
:10783000862091422EBF002000EB8100406E7047F1
:1078400044F6E040C1F2000090F8872091422EBF3C
:10785000002000EB8100C06E704744F6E040C1F2AA
:10786000000090F8892091422EBF002000EB81009B
:10787000406F704710B544F6E044C1F20004207830
:10788000012803D000F046F80120207044F6E040C3
:10789000C1F2000010BD44F6E040C1F2000090F8D3
:1078A0008B00704744F6E040C1F2000090F884007D
:1078B000704744F6E040C1F2000090F8880070473D
:1078C00044F6E040C1F2000090F88500704744F6AD
:1078D000E040C1F2000090F88D00704744F6E040AF
:1078E000C1F2000090F88C00704744F6E040C1F20D
:1078F000000090F88600704744F6E040C1F20000B6
:1079000090F88700704744F6E040C1F2000090F81C
:1079100089007047F0B581B044F6E045C1F200053A
:10792000281D7C21EAF7CAFBFE2001210022002647
:1079300010F022FF85F8846080B1044600270C28EF
:1079400028BF0C24FBB2FE200121002210F044FFCE
:1079500005EB87010137BC424860F3D1FE200121CD
:10796000012210F009FF85F8856088B104460026E1
:107970000C2828BF0C2400BFF3B2FE2001210122F5
:1079800010F02AFF05EB86010136B4424863F3D1BB
:10799000FE2003210022002610F0EEFE85F886600E
:1079A00080B104460027022828BF0224FBB2FE2033
:1079B0000321002210F010FF05EB87010137BC42C4
:1079C0004866F3D1FE200221002210F0D5FE85F892
:1079D000876030B1FE2002210022002310F0FCFE5F
:1079E000E866FE200221012210F0C6FE002485F880
:1079F000884030B1FE2002210122002310F0ECFE6D
:107A00002867FE200221022210F0B6FE85F8894088
:107A100030B1FE2002210222002310F0DDFE686753
:107A2000FE200221032210F0A7FE002485F88B40DF
:107A300030B1FE2002210322002310F0CDFEA86702
:107A4000FE200221042210F097FE85F88C4030B110
:107A5000FE2002210422002310F0BEFEE867FE2073
:107A60000221052210F088FE002185F88D1038B122
:107A7000FE2002210522002310F0AEFEC5F8800092
:107A8000002001B0F0BD012901D9FF2006E044F635
:107A9000E040C1F2000080F88B10002040B2704737
:107AA0000C2901D9FF2006E044F6E040C1F20000B5
:107AB00080F88410002040B27047012901D9FF20CE
:107AC00006E044F6E040C1F2000080F88810002093
:107AD00040B270470C2901D9FF2006E044F6E0408F
:107AE000C1F2000080F88510002040B270470129E3
:107AF00001D9FF2006E044F6E040C1F2000080F822
:107B00008D10002040B27047012901D9FF2006E006
:107B100044F6E040C1F2000080F88C10002040B232
:107B20007047022901D9FF2006E044F6E040C1F287
:107B3000000080F88610002040B27047012901D96A
:107B4000FF2006E044F6E040C1F2000080F8871014
:107B5000002040B27047012901D9FF2006E044F619
:107B6000E040C1F2000080F88910002040B2704768
:107B700001B17047009805210090AFF3008070B507
:107B800082B0069D002014460E46CDE9000313F096
:107B900091F913F098F900280CBF022013F072FA43
:107BA0008DF800006A46304621462B4614F0AEFBA5
:107BB00002B070BD42F2C400C1F2000000EBC1008F
:107BC0000430704742F2C400C1F20000704780B533
:107BD00082B0184613460A4601210090FFF7CFFFF6
:107BE00002B080BD43F20001C0F60601002818BFB4
:107BF0000146096842F2C400C1F20000016070470A
:107C000042F2C400C1F2000001607047B0B582B01A
:107C100000200D46CDE9000213F04CF913F053F9A2
:107C200000280CBF022013F02DFA42F2C401C1F269
:107C300000010C688DF8000024B16A460020294636
:107C40000023A04702B0B0BD10F032B844F6705027
:107C5000C1F20000017B012918BF0020704700001D
:107C60002DE9F04186B044F67054C1F20004217B46
:107C7000012948D043F25805C0F60605002818BF70
:107C80000546204629460C22EAF7A9F900200026DD
:107C900007F0C9FF012001214FF0010824F0EEFF99
:107CA0006B68606147F6494029786A88C0F603002E
:107CB0004CF23937CDE902364CF21D4315A5C0F61A
:107CC00004070490C0F604030520CDE9007605956D
:107CD0000FF040FE2061012001212673A67324F0DD
:107CE000CDFFC4E9060604F134003021266284F891
:107CF0002460EAF7E3F900202686C4E90A6621F049
:107D0000F9F884F80C8044F67050C1F2000006B017
:107D1000BDE8F0816574686D6F6E69746F72000004
:107D200070B5A8B10D4644F6705641F68C31C1F2DB
:107D30000006C0F60601B0690968144624F04EFF3B
:107D4000B0690021C6E90754002424F075FF00E063
:107D5000FE2460B270BDB0B586B038B344F670553D
:107D6000C1F20005687B0024012820D04CF2554068
:107D7000C0F604002C86C5E90A4421F0BBF80120B6
:107D80006873062004210DF067FBCDE90204CDE9FC
:107D90000444FFF717FF45F6922302ADC0F6060331
:107DA000042100220095FFF7EAFE00E0FE2460B205
:107DB00006B0B0BD2DE9F04F87B0A0B344F67055C2
:107DC000C1F20005687B60B3D5E90A0108431DD004
:107DD000062003210DF040FB0290288E0024ADF810
:107DE0000E00D5E90A01ADF80C40CDE90401FFF71A
:107DF000E9FE45F6922302AFC0F6060304210022F5
:107E00000097FFF7BCFE2C86C5E90A44A87B40B169
:107E100041F68831C0F606016869096824F0DEFE83
:107E200030B1002400E0FE2460B207B0BDE8F08F5E
:107E3000A87B002800F098804FF0000ACDE904AA42
:107E4000CDE902AA0EF02CFC0EF088FD45F6922931
:107E50004FF0805B05F140040DF10808C0F60609FB
:107E600000260027012808BF4FF0405B14F80C1CC7
:107E700014F80B0C012923D1A0B9062000210DF024
:107E8000EBFA0290ADF80CA0ADF80E60CDE904ABB2
:107E9000FFF798FE042100224B46CDF80080FFF743
:107EA0006EFE01272078800722D554F8040CF8B123
:107EB000062002210DF0D0FA029054F8040C07E0DD
:107EC000012815D1062001210DF0C6FA02900020EC
:107ED000ADF80CA0ADF80E60CDE9040BFFF772FE13
:107EE000042100224B46CDF80080FFF748FE012711
:107EF0000136032E04F11004B8D124F039FF44F602
:107F0000D842C1F20002D2E90036AC68C31A61EB74
:107F100006061B1B76F1000324D3C2E900010FBB48
:107F2000062005210DF098FA95F8341095F84420B4
:107F300095F8543041EA42010290002041EA830161
:107F4000ADF80C00ADF80E10CDE9040BFFF73AFECA
:107F500045F69223C0F6060301210022CDF80080E9
:107F6000FFF70DFE0020A87368690021002424F0AB
:107F700063FE59E72DE9F04792B00446E0B944F6B4
:107F8000D854C1F200042078012815D04EF61450C0
:107F9000CEF20000016841F010010160016941F476
:107FA000E02101614EF20800CEF20000016841F0CC
:107FB000020101600120207000208DF8070004F10B
:107FC00020000DF107011022FCF756FD002840F0BB
:107FD0007882FCF74FFD9DF807000F2800F27182B0
:107FE00094F82E00662840F06C8294F82450D4E96E
:107FF0000867042000214FF000080DF02DFAA2467A
:108000004AF8300FCAE90186CAF80C70FFF7DAFDAA
:1080100045F6F3230FF2B042C0F606030421CDF873
:1080200000A0FFF7ACFD062D24D102AD284640216B
:10803000EAF744F8236A46F64002C0F606022846EC
:108040004021E9F797FBFFF7BDFD45F6F323C0F6A6
:10805000060304212A46CDF800A0FFF790FD94F80E
:1080600024000B282BD845F66061C0F6060151F8B4
:10807000203028E002AD28464021EAF71FF8236AA5
:1080800046F64002C0F6060228464021E9F772FB98
:10809000FFF798FD45F6F323C0F6060304212A46B0
:1080A000CDF800A0FFF76BFD94F824000B2870D8E2
:1080B00045F66061C0F6060151F820306DE046F2E9
:1080C000F273C0F6060394F8257046F67A0202AD04
:1080D000C0F60602284640210097E9F74BFBFFF760
:1080E00071FD45F6F323C0F6060304212A46CDF8B8
:1080F00000A0FFF744FD94F8240046F268730328BB
:10810000C0F6060310D194F82500A0F1E00105297E
:108110000AD845F69061C0F6060101EB80004FF6E3
:108120008041CFF6FF71435846F6380202ADC0F6E3
:10813000060228464021E9F71DFBFFF743FD45F6FF
:10814000F323C0F6060304212A46CDF800A0FFF76A
:1081500016FD94F8269094F8275044F6D852002142
:10816000C1F20002002000BF531893F84070103194
:10817000AF4208BF03F14100B1F5807FF4D1B9F1FE
:108180000F0F5DD845F6A861C0F6060151F82930F9
:108190005AE046F2F273C0F6060394F8257046F6EC
:1081A0007A0202ADC0F60602284640210097E9F7A0
:1081B000E1FAFFF707FD45F6F323C0F606030421B5
:1081C0002A46CDF800A0FFF7DAFC94F8240046F226
:1081D00068730328C0F6060310D194F82500A0F1B7
:1081E000E00105290AD845F69061C0F6060101EBC9
:1081F00080004FF68041CFF6FF71435846F63802B3
:1082000002ADC0F6060228464021E9F7B3FAFFF7AF
:10821000D9FC45F6F323C0F6060304212A46CDF81F
:1082200000A0FFF7ACFC94F8265094F827900F2D8F
:108230004ED845F6A860C0F6060050F825304BE051
:1082400046F63213C0F6060346F2707246F27671B5
:10825000C0F6060246F24D77C0F60601022D08BFB1
:108260000A46C0F60607012D18BF174646F6240237
:1082700002AE002818BF0746C0F60602304640216D
:108280000097E9F777FAFFF79DFC45F6F328C0F66B
:108290000608042132464346CDF800A0FFF76FFCE4
:1082A00046F29072C0F60602304640214B460095D9
:1082B000E9F760FAFFF786FC042132464346CDF821
:1082C00000A0FFF75CFCA36A86A23046402125E0AF
:1082D00046F63213C0F6060346F6240202AE04F157
:1082E0002807C0F60602304640210097E9F742FA17
:1082F000FFF768FC45F6F328C0F60608042132466D
:108300004346CDF800A0FFF73AFC46F29072C0F663
:108310000602304640212B46CDF80090E9F72AFAB4
:10832000FFF750FC042132464346CDF800A0FFF78A
:1083300026FCD4E908560420002100270DF08CF813
:1083400044F8300FC4E90175E660FFF73BFC45F6E1
:10835000F32367A2C0F6060304210094FFF70FFC85
:1083600002A84021E9F7AAFE4FF080500178662963
:1083700040F091800827C1F200073B6A7E6A46F60A
:10838000DD0202ADC0F60602284640210096E9F75C
:10839000F1F9FFF717FC45F6F328C0F606080421AB
:1083A0002A4643460094FFF7EAFBBB6AFE6A46F69C
:1083B0001612C0F60602284640210096E9F7DAF9BF
:1083C000FFF700FC04212A4643460094FFF7D7FB41
:1083D0003B6B7E6B46F6C002C0F606022846402183
:1083E0000096E9F7C7F9FFF7EDFB04212A4643465B
:1083F0000094FFF7C4FBBB6BFE6B46F6FA02C0F6B7
:108400000602284640210096E9F7B4F9FFF7DAFBA7
:1084100004212A4643460094FFF7B1FB3B687E687F
:1084200046F69002C0F60602284640210096E9F77B
:10843000A1F9FFF7C7FB04212A4643460094FFF742
:108440009EFBBB68FE6846F6A802C0F606022846F8
:1084500040210096E9F78EF9FFF7B4FB04212A4684
:1084600043460094FFF78BFB3B697E692BA22846AD
:1084700040210096E9F77EF9FFF7A4FB04212A4684
:1084800043460094FFF77BFBBB69FF692AA228469D
:108490004021009703E0037818A202A84021E9F7E1
:1084A00069F9FFF78FFB45F6F323C0F6060302AA2E
:1084B00004210094FFF763FB4FF080504821E9F757
:1084C000FDFD12B0BDE8F08752455354415254456A
:1084D0004420616674657220464154414C206572A7
:1084E000726F7200434653522030782578000000A6
:1084F0004D4F524520494E464F0000006D7075208B
:10850000737461746520696E76616C696420736947
:10851000676E203D20307825303878007231322067
:108520003D20307825303878206C72203D2030781E
:1085300025303878000000007063203D2030782519
:1085400030387820707372203D20307825303878AC
:108550000000000044F6D850C1F20000043070471B
:1085600044F6D850C1F200000178012918BF00205C
:10857000704744F6D850C1F200000178012908BFC5
:1085800070474EF61451CEF200010A6842F0100214
:108590000A600A6942F4E0220A614EF20801CEF252
:1085A00000010A6842F002020A600121017070476E
:1085B00070B544F6D855C1F2000568780F2888BF19
:1085C00070BD05F14006144606EB00120846114640
:1085D00024F0B9FC687846F2F86206EB001001302E
:1085E000C0F606020F212346E9F7C4F86878013087
:1085F000687070BD2DE9F04383B00C4644F6D85640
:10860000C1F20006002908BF341D20784EF6045937
:108610000628CEF2000933D14FF000080DF10A0010
:108620008DF80A8017F0CAFB40F22820C1F2000042
:10863000D0E9005724F08CF8A5FB002107FB0011BE
:1086400010464FF47A720023E9F705F8306120787C
:1086500086F8158030751EF03DFD9DF80A10B07546
:10866000F175D9F824000190019830760198000A3C
:1086700070760198000CB0760198000EF0762EE02E
:1086800000208DF80B000DF10B0017F097FB40F266
:108690002821C1F20001D1E90075804624F058F884
:1086A000A7FB002105FB001110464FF47A7200234E
:1086B000E8F7D1FF306120783075607870751EF072
:1086C00009FD9DF80B1046F2F862B075F17506F1E0
:1086D0001800C0F6060206214346E9F74BF8662269
:1086E000B2770120A1684FF08053C1F200001A70E8
:1086F000002201230270437002238370C0F803201C
:10870000C1B10A68C0F807204A68C0F80B208A681F
:10871000C0F80F20CA68C0F813200A69C0F81720F3
:108720004A69C0F81B208A69C0F81F20C969C0F8CF
:1087300023100FE0C0F82320C0F81F20C0F81B2032
:10874000C0F81720C0F81320C0F80F20C0F80B2085
:10875000C0F80720D9F80010C0F82710D9F8201069
:10876000C0F82B10D9F82410C0F82F10D9F8281011
:10877000C0F83310D9F82C10C0F83710D9F83010E1
:10878000C0F83B10D9F83410C0F83F10D9F83810B1
:10879000C0F8431006F110001021FCF76FF903B088
:1087A000BDE8F043FCF778B950B1B0B50546406874
:1087B0000C4638B1114612F0D8FA40B1FD200FE056
:1087C000FE200FE02868FEF7A2FE208007E0286860
:1087D000FEF79DFE69682080084612F0B9FA002075
:1087E000BDE8B04040B27047B0B50C464FF0FE0156
:1087F000D8B1D4B10546406828B1114612F0B5FA97
:1088000030B1FD2111E02868FEF786FE206007E008
:108810002868FEF781FE2060686812F099FA2068E7
:108820000021002808BF6FF0040148B2B0BD00006D
:108830002DE9F04F83B0DDF834A0984691460E46FE
:10884000074602F003FE04210822012302F008FE7D
:108850000446FFF7B7F945F6E60543F2380BC0F6D4
:1088600006053946C0F6060B12A22B46002F18BF8C
:108870000121CDF800B0FFF77BF9FFF7A3F93146EE
:1088800013A22B46002E18BF0121CDF800B0FFF730
:108890006FF938460C9F31464A464346CDE9007A87
:1088A000FEF750FE0E9A01462046C4E9001203B0BE
:1088B000BDE8F08F656F5F6669666F5F4E6577280C
:1088C000293A2030206974656D5F73697A6500000C
:1088D000656F5F6669666F5F4E657728293A20305D
:1088E000206361706163697479000000B0B548B1BC
:1088F000044640680D4638B1114612F036FA48B1C8
:10890000FD251BE0FE2519E02068FEF710FE38B1BA
:10891000FA2513E02068FEF70AFE38B1FA250AE0CE
:1089200020682946FEF7BBFE002507E0206829469F
:10893000FEF7B5FE0025606812F00AFA68B2B0BD15
:1089400040B110B50446406830B112F00EFA38B1AB
:10895000FD200CE0FE200CE02068FEF785FE05E01F
:108960002068FEF781FE606812F0F2F90020BDE891
:10897000104040B27047B0B50C4640B10546406863
:1089800048B1114612F0F1F950B1FD2011E000207C
:108990002080FE200DE02868FEF7A3FE208007E07F
:1089A0002868FEF79EFE69682080084612F0D0F91C
:1089B000002040B2B0BD44F68800C1F2000001784A
:1089C00001291CBF01210170704700284FF0FE00F3
:1089D00057D02DE9F0470D46002950D01C46002BFA
:1089E0004DD0DDF82080B8F1000F48D068781646E9
:1089F00006F02EFAB0B1284606F0D7F9012804D1C6
:108A0000688806F0CDF9074600E00027287800F0D6
:108A1000080A00F0040907EB5A0000EB490008308F
:108A2000B04201D9FF202AE0D5E9000120604FF0D3
:108A300008006160A8F8000057B1A96804F10800B7
:108A40003A46E9F713FAB8F800003844A8F80000ED
:108A5000BAF1000F05D0E96882B20430A150A8F83D
:108A60000000B9F1000F09D0D5E9041283B214FA5D
:108A700080F70830E1507A60A8F800000020BDE8D7
:108A8000F04740B270470000002800F072802DE9E6
:108A9000F0438BB004464078002800F0B280E078C4
:108AA000002800F0AE8094F8BC01002800F0A980F6
:108AB00002201F4615460E468DF81C000CF093FD53
:108AC00007A90CF083FD9DF81C000021012840F04F
:108AD0009980D4F8B402D6F800800A91CDE9081143
:108AE00007910AF01DFD01282AD1072000210CF072
:108AF000B3FC02903068B1796FF31F3040EA013067
:108B0000ADF80E003046FEF708FA05913178049072
:108B100008098DF80D000220002D08BF01208DF8F6
:108B20000C00FFF74FF80DF1080C03210022002381
:108B3000CDF800C0FFF723F82046012100F09CFB90
:108B4000B81E0C2863D8DFE800F01616166262071C
:108B50000707078807078D00307AF17A96F80AC070
:108B60008DF81F000A024FF00E0E0F230C200D216E
:108B70000AE0FE2149E0707A96F808C002024FF040
:108B80000C0E0D230A200B21715C305C42EA0C02B2
:108B9000ADF8262040EA0120F15C16F80E20ADF871
:108BA000280042EA01200D2FADF82A002FD801201D
:108BB000B84043F69C71084229D05FFA88F04FEA2A
:108BC000101905F00105C8F3031040EA05168DF8E9
:108BD0001D7012F06FF912F07BF94FF47A720023D6
:108BE000E8F739FD0890D4F8B40207A98DF81C60A5
:108BF0000AF09DFD04EB450000F53B704946FEF789
:108C00001FFA00210BB0BDE8F04348B270470720BF
:108C100001210CF021FC02903068B1796FF31F3014
:108C200040EA0130ADF80E003046FEF776F90591C6
:108C30003178049008098DF80D000220002D08BF3E
:108C400001208DF80C00FEF7BDFF02AF03210022CA
:108C500000230097FEF793FFD3E7D6E90201CDE9A1
:108C60000901AAE7307A717AB27AF37A8DF81F0097
:108C700001F0030062F3830063F305108DF81E001A
:108C80009BE700002DE9F04F8FB000284FF0FE0663
:108C900000F04B810D46002900F0478104462878FA
:108CA000082840F0AF806078012802D1204600F00B
:108CB00086F9FEF71BFD0121FEF7E5FEFEF716FD26
:108CC000FEF7E9FD002800F09B80FEF70FFD002174
:108CD0000026FEF71CFDC4F8B80204F11400294672
:108CE0004FF4B472E9F749F9D5E901C1D5E9032395
:108CF000D5E90507C4E9B223C4E9B407C4E9B0C1A2
:108D0000D5E90702696AC4E9B602D4F8E402C4F8F6
:108D1000E01205F128018422E9F7A8F894F8F70297
:108D2000002800F0F1800DF1380808F102000190F0
:108D300004F53070039094F8F502C4F8E862002856
:108D4000C4F8EC62C4F8F0625ED004F53A7500260F
:108D5000D4F8E402F1B2FCF784FC60B1417801F090
:108D60000300012807D1C1F3800005EB4000C1F3E7
:108D7000C301FEF76DF9013694F8F502F1B28142B4
:108D8000E6D300210E9142F6E061C0F6060191E8BB
:108D90008C00D1E90365D1E905CEC9690DF1180947
:108DA000002889E88C00CDE90965CDE90BCE0D914D
:108DB0003ED0002506AF00BFD4F8E402E9B2FCF7CC
:108DC00050FCB0B14178064601F00300012810D1F3
:108DD000C1F3800048EA4000C1F3C301FEF738F94F
:108DE00070783178C0F38002C0F3C30007EB021241
:108DF0001154013594F8F502E9B28142DCD317E051
:108E000000206070FF2690E000200E9042F6E060A7
:108E1000C0F6060090E88E00D0E90465D0E906C0EF
:108E20000DF1180E8EE88E00CDE90A65CDE90CC073
:108E300044F2FE0005904020ADF8120000250DF12F
:108E40003809012005AE0DF112074FF0000800BFF0
:108E5000029006A800EB081B4FF0010AB9F80000C9
:108E60005FFA8AF1FEF7E8F8012830D11BF80A1002
:108E700003988DF814100AF0F7FD10B101794079CC
:108E800001E0002100208DF816109DF815108DF8D6
:108E9000170001F0E00040EA080040EA4A01D4F877
:108EA000A0018DF8151031460AF041FC9DF8120022
:108EB000394600F0E00040EA080040EA4A008DF838
:108EC0001200D4F8A4018DF813500AF030FC0AF116
:108ED000010ABAF10F0FC1D10298DDF80490C00762
:108EE0004FF001084FF00000B2D1FDF73AFAD4F884
:108EF000A011FDF7D5FAFDF734FAD4F8A431022118
:108F00000322FCF7DDFF002620464FF0FF3113F06F
:108F1000C7FA01206070042084F8BC61207306F059
:108F20001FFB227B042106F00BFB70B20FB0BDE8E3
:108F3000F08F10B586B0044600284FF0FE0018BF31
:108F4000002939D06078B0B308784968052884F8DA
:108F5000C001C4F8C41101D2052102E0C92824D3FC
:108F6000C82184F8C01141EA00200021CDE9021196
:108F7000ADF80E00CDE90411052028210CF06CFAA3
:108F80000290032084F89801FEF71CFE94F89811D3
:108F900045F6BF230DF1080CC0F606030022CDF8FC
:108FA00000C0FEF7ECFDD4F8C411204613F078FAA7
:108FB000012084F8BC01002040B206B010BD00289A
:108FC00061D0B0B504464078002850D0E078012840
:108FD00004D1204600F031F9607848B1D4F8BC02E1
:108FE0004CF2F962C0F604020021002306F02CFACC
:108FF000FDF7B7F9D4F8A43102210322FCF7EEFF04
:10900000FDF7AFF9D4F8A011FDF79AFAFEF76EFB61
:1090100000210025FEF737FDD4F8E402C4F8B85269
:10902000FCF790FBD4F8B4020AF044FA04F11400FF
:109030004FF4B471E9F742F8D4F8A001FF2121758B
:109040000AF038FAD4F8A4010AF034FAD4F8A801E6
:10905000FCF778FBD4F8800109F054FAC4F8C45145
:1090600084F8F752A4F8F5526570C4F8BC51012099
:10907000207306F075FA227B042106F061FA0020C5
:10908000BDE8B04000E0FE2040B2704741F2482009
:10909000C1F200000178012918BF00207047F0B527
:1090A00083B041F24824C1F200042078012871D035
:1090B000FF202075002504200F2100220023CDE988
:1090C000005504260AF036FAC4F8A00102200F2148
:1090D00000220023009501950AF02CFAC4F8A4019F
:1090E00006200A210022FCF7E3FAC4F8A8014FF099
:1090F000FF30C4F89E024FF6FF70A4F8A2020120D0
:1091000004210022C4F8D851C4F8C85184F8DC51B5
:10911000C4F8BC51C4E9BA55C4F8F052C4F8B85206
:109120000127FCF7C5FAC4F8BC0204F5307024210D
:10913000E8F7C4FF202004210022FCF7B9FAC4F8A4
:10914000E4023220C4E9700510202021002200230F
:10915000009501950AF0EEF9C4F8B402002002F07F
:10916000DFFB09F0E7F8C4F880010520202184F82E
:109170009861A4F88C510CF06FF9C4F8880127802D
:10918000E570C4F8F452277306F0EAF9227B042153
:1091900006F0D6F941F24820C1F2000003B0F0BD5C
:1091A000B0B582B0D8B10446FEF70CFD94F8981122
:1091B00004F5C47245F6BF230092C0F606030022F0
:1091C0000025FEF7DCFCD4F888010CF031F92B28DF
:1091D00006D1FCF7D4FBFCF70EFD002500E0FE25D0
:1091E00068B202B0B0BD50B1134642784AB1D0F86F
:1091F000BC024CF2F962C0F6040206F025B9FE206A
:1092000000E0002040B27047A0B110B5044640789D
:1092100060B1E078012809D00120E07006202073B9
:1092200006F09EF9227B042106F08AF90020BDE8B1
:10923000104000E0FE2040B27047B0B5B0B1044627
:109240004078A8B1E078002598B1204613F003F9E2
:109250000420E570207306F083F9227B042106F0D8
:109260006FF9D4F8B4020AF025F902E0FE2500E017
:10927000002568B2B0BD0000F0B58BB0002800F04A
:109280008F8004464078002800F0B680E0780028FF
:1092900000F0B28094F8BC01002800F0AD8094F892
:1092A000F4020D46012835D1D4F8F002411CB0F586
:1092B0007A7FC4F8F0122DD9B4F8EC02B4F8EE12AB
:1092C00040EA0102120420D089B24FF4802241EA20
:1092D000004140F3C03007920022CDE90810002081
:1092E000392106920CF0B8F80690032084F8980112
:1092F000FEF768FC94F8981145F6BF2306AFC0F658
:10930000060300220097FEF73AFCD4F8E802002199
:10931000C4E9BB01002D4FF000066ED0D4F8B802AE
:1093200000F108052846FCF70DFA0896CDE9066617
:109330008DF81760CDE90366CDE9016602F0E7FA22
:1093400043F63841C0F606010A6801A90DF117037A
:10935000009602F0A5FA28B3D4F8B4020AF0D1F8C6
:10936000002849D1D4F8B4020AF00EFA074628467C
:10937000FCF78AF90646F8B2B04238BF0646DEB3BB
:10938000D4F8B4020AF0C5F838B101462846FCF713
:10939000BEF9D4F8B4020AF0A1F9013EF0D12BE0F5
:1093A000FE262AE0029944F6D3529DF81700C1F236
:1093B0006202A1FB02120146002818BF012104EB42
:1093C000410191F89E1200288DF818104FF0050108
:1093D0004FF0000008BF06218DF81A0004988DF8A0
:1093E00019109109BDF80E200791099006A9284689
:1093F000ADF82220FCF78BF9002670B20BB0F0BD5F
:10940000002800F0D4802DE9F04F87B00446407862
:10941000002800F0D180E078002800F0CD8094F89A
:10942000BC01002800F0C880012940F0C280B4F8D7
:10943000D80138B9B4F8DA0120B994F8DC01002871
:1094400000F0BA80D4F8C401002800F0B58094F888
:10945000DC010021FDF74EFD012809D102F057FA89
:1094600004F5297102F00AFA02F051FA02F0B9FA91
:1094700094F8F70200284FF0000000F09E8005905D
:109480004FF48030049004F5DA70019043F202400A
:10949000A4F8B40104F5EA7004F5EC710DF11009BB
:1094A00002904FF0400B01204FF0000A0391C4F8E6
:1094B000B89100BF00900BF0FE005FFA8AF140EA1D
:1094C000010B4FF0010800BF03985FFA88F530F8F0
:1094D0001A002946FDF7B0FD0299064631F81A1028
:1094E00008462946FDF7A8FD012E08BF01283BD1FB
:1094F0000020ADF8100048460F21FDF7A9FD94F8B3
:10950000F50218B3002500BFD4F8E402E9B2FCF775
:10951000A8F8A8B14178C1F3C302424510D101F0C7
:109520000302012A0CD1C1F380018A4508D1807859
:109530000AF08EFA102803D001464846FDF788FD50
:10954000013594F8F502E9B28142DDD30BF0E10078
:1095500000EB480BFDF72BF927F0FF0141EA0B0761
:1095600001993A46FDF728FBB8F10E0F08F1010802
:10957000AAD300984FF0010AC0074FF000054FF042
:10958000000097D194F8C0212046012113F062F821
:1095900094F8C0212046012113F0B8F8D4F8D8017E
:1095A00084F8F4A2C4E9BA00C4F8F05204E0FE2042
:1095B00006E0204612F04FFF002007B0BDE8F04F54
:1095C00040B270472DE9F04F93B090460446002812
:1095D00000F075800F46002971D0387808285DD1D9
:1095E00060781D46012802D12046FFF7E8FC0220E2
:1095F000207305F0B5FF227B042105F0A1FFD4F80C
:10960000800108F07FFFC4E90184A5703E1DBD699B
:109610004FCE04F5307CC4F8D4528CE84F00D7E923
:109620000702796AC4E9B602D4F8E402C4F8E01289
:1096300007F128018422E8F719FCD4F8E40200219C
:1096400084F8F712A4F8F512FCF7A6F884F8F502EE
:1096500020B304F530790025D4F8E402E9B2FCF730
:1096600000F888B1407800F00300DFE800F00D0258
:10967000080294F8F702013084F8F70204E094F845
:10968000F602013084F8F602013594F8F502E9B2E9
:109690008142E1D32138C0B2DF2825D805202073CC
:1096A00005F05EFF227B042105F04AFFB8F1000FB0
:1096B00002D020460021C0474FF0FF0A0FE00520EE
:1096C000207305F04DFF227B042105F039FFB8F12E
:1096D000000F02D020460021C0474FF0FE0A4FFA8B
:1096E0008AF013B0BDE8F08F94F8F602CDE9067960
:1096F000002847D046464FF0000A4FF0010B0DF10D
:1097000040084FF000090025CDE910AAD4F8E40282
:10971000EFB23946FBF7A5FF88B1417801F00301AC
:1097200002290CD18178062910D1007820280DD18A
:1097300002F0EDF8002102F04DF9012806D10135C3
:1097400094F8F502E9B28142E0D310E04046394690
:10975000FDF751FC013594F8F512E8B209F1010961
:109760004FF0FF0A88424FF0000BCFD32CE05FEAA6
:10977000CB7029D094F8F702DDE906790028B046CD
:1097800000F03F81D4F8A801FBF7DCFF94F8F50264
:10979000002100281091CDF814806AD00025002601
:1097A000D4F8E402F1B2FBF75CFF18B1007820288E
:1097B00008BF0125013694F8F502F1B28142EFD3DA
:1097C000B5FA85F0400955E000205FFA89F108AE4E
:1097D000A4F88C01A4F88E11C4E96400304620215D
:1097E00004F5C475E8F76AFC11F090F811F097F8E9
:1097F0004CF609210346C0F6040130462246FBF729
:1098000012FC0520272105270BF026FEC4F888014D
:10981000042084F89801FEF7D5F994F8981145F6DC
:10982000BF23C0F6060300220095FEF7A8F9D4F87E
:10983000841179B143F61842C0F60602D4F88001CB
:10984000D2E90023FF2584F8995101258DE86200B3
:1098500008F0E4FD277305F083FE227B042105F068
:109860006FFE6268002A3FF43AAF2046002190471D
:1098700035E7012004900AF027F9002860D008A8F5
:1098800000F1060B4FF000084FF0000A5FFA8AF073
:10989000ADF82880CDE908880AF00CF9074648465B
:1098A00039460AF0E1F8002842D081880068ADF816
:1098B000241094F8F5120890CDF82680C1B34FF02B
:1098C00000090026D4F8E4025FFA89F1FBF7C9FE2B
:1098D000E0B14178054601F00300012816D128784F
:1098E000874213D1C1F380000BEB4000C1F3C301E9
:1098F000FDF7AEFB697810AAC1F3800042EA400090
:10990000C1F3C301FDF7A4FB012600BF09F1010962
:1099100094F8F5025FFA89F18142D3D3DDF81C9007
:10992000012E05D1D4F8A80108A9FBF7F0FE00BF6D
:109930000AF1010A5FFA8AF50AF0C6F88542A5D352
:10994000049828B1D4F8A801FBF726FF002867D0B7
:10995000BDF84000FDF783FBBDF842100546084600
:10996000FDF77DFB2844C1B2059F102938D30021A3
:10997000A4F88C11000210990F30A4F88E01C817BA
:1099800008AEC4E964103046202104F5C475E8F738
:1099900095FB10F0BBFF10F0C2FF4CF60921034607
:1099A000C0F6040130462246FBF73DFB05202A2184
:1099B0004FF005080BF050FDC4F88801042084F82E
:1099C0009801FEF7FFF894F8981145F6BF23C0F60A
:1099D000060300220095FEF7D2F8D4F8841155E072
:1099E0004CF655000699C0F6040004F5D675C4E996
:1099F0006B01FBF7C4FFD4F8A8112A46FCF712F953
:109A00000BE0A078012803D120463946FFF73AF948
:109A1000626812B12046012190474FF0000A5EE6CD
:109A20004FF4803094F8F51204F5C67308AE0022A6
:109A300007C33046202104F5C475E8F73FFB10F05A
:109A400065FF10F06CFF4CF609210346C0F60401D7
:109A500030462246FBF7E7FA05202C214FF0050897
:109A60000BF0FAFCC4F88801042084F89801FEF792
:109A7000A9F894F8981145F6BF23C0F60603002212
:109A80000095FEF77CF8D4F88411059F79B143F670
:109A90001842C0F60602D4F88001D2E90023FF255F
:109AA00084F8995101258DE8620008F0B7FC84F82C
:109AB0000C8005F055FD227B042105F041FD002FAF
:109AC0003FF4FAAD20460021B847F5E544F6607151
:109AD000C1F200010868002818BF0846704700005E
:109AE000F0B583B044F66075C1F20005296800291D
:109AF00040F0BD8043F26404C0F60604002818BF9D
:109B00000446208870B9FEF75DF843F2380745F641
:109B10003A33C0F6060759A2C0F60603052100979E
:109B2000FEF72DF8606870B9FEF74CF843F238077D
:109B300045F63A33C0F606075CA2C0F606030521D7
:109B40000097FEF71CF821880026482000220023F9
:109B50000096019609F0EEFC286001F077FC0021E8
:109B60004822012301F07CFC686001F06FFC0021B9
:109B70004822012301F074FC6168C5E9020108462E
:109B800008F07AFE044603F07AF8286100200221EA
:109B9000002203230EF09EF92A690146204603F0B5
:109BA00079FA03F06CF86861002002210022042396
:109BB00004270EF08FF96A690146204603F06AFA1D
:109BC00068684821E8F77AFA002013210BF044FC7A
:109BD000696843F63C4288608889C0F606021478BA
:109BE00040F00300CE810E614E6188812046042141
:109BF0001822182605F0B5F8E884204604214822EA
:109C000005F0AFF8A88401F021FCAA8C0021012303
:109C100001F026FC00F10801C5E90600296201787F
:109C2000002201F0FC010170E8690423017801F0D1
:109C3000FB010170E869017801F0F7010170E86942
:109C4000017801F0EF010170E869017801F0DF01AE
:109C50000170E869017801F03F010170E8690221B3
:109C6000477000200EF036F9E96948604E8044F6EE
:109C70006070C1F2000003B0F0BD00BF656F5F69A6
:109C80006E666F646973706174636865725F496E54
:109C9000697469616C69736528293A2030206366AC
:109CA000672D3E636170616369747900656F5F69F8
:109CB0006E666F646973706174636865725F496E24
:109CC000697469616C69736528293A204E554C4C5A
:109CD000206366672D3E7472616E736D697474657E
:109CE0007200000000284FF0FE0039D070B50D461C
:109CF000A1B344F66076C1F200063068144609F05C
:109D00000FFC012810D17268D2E90001084306D186
:109D100011F0D0F811F0DCF87268C2E90001D089C6
:109D20000130D081FF2019E011F0C4F811F0D0F813
:109D3000B268C2E90001EB6823CD536102F1080269
:109D400023C2B5682CB105F1180021463022E8F78E
:109D50008DF83068294609F0EAFC0020BDE8704023
:109D600040B270472DE9F04F81B0914690B144F672
:109D7000607BC1F2000B0F46DBF804100646D1E908
:109D80000002984610430ED0304612F06BFE60B1D0
:109D9000002535E0B9F1000F4FF0FE0036D0002568
:109DA000A9F8005032E0002507E070680021012585
:109DB000C0E90011C181C0E90411C7B105EB070A70
:109DC000002400BFDBF8000009F0A3FB78B10146D6
:109DD000304612F047FE50B9DBF8000009F07EFC77
:109DE0000134A0B2B84205F10105EBD35546DBF8CA
:109DF000000009F0C9FCB8F1000F18BFA8F8000076
:109E00000020B9F1000F18BFA9F8005040B201B00E
:109E1000BDE8F08F42F28C10C1F2000090F85A10A9
:109E2000012918BF002070472DE9F04142F28C143F
:109E3000C1F2000494F85A1000294BD143F26C0689
:109E4000C0F60606002818BF06463088002840D015
:109E5000706800283DD0B068D8B3F068C8B33069E6
:109E60004FF00008A8B396E88F00C4E90E8884E894
:109E70008F000027308804EB8705F840C0070BD01F
:109E800008F058FA6268A861FDB2284600219047A0
:109E9000E1682846884701E0C5F818800137082F97
:109EA000E8D10020A4F85800FBF7B2F8054660613D
:109EB00010F02CFD10F033FD4CF6D3210346C0F614
:109EC000040128460022FBF7AEF8012084F85A006E
:109ED00000E000242046BDE8F08148B1FF2907D00A
:109EE00042F28C10C1F20000B0F85800FDF7A4B89F
:109EF0000020704770B5E8B10C46FF291AD042F235
:109F00008C15C1F2000505EB8406B06990B108F02C
:109F100004FA012802D1B06908F0F4FA0020E968D7
:109F2000B0632046884705F158002146BDE87040DF
:109F3000FDF786B870BD70B5E8B10C46FF291AD0A0
:109F400042F28C15C1F2000505EB8406B06990B1B0
:109F500008F0E3F9012802D1B06908F0D3FA002033
:109F6000A968B0632046884705F158002146BDE83E
:109F70007040FDF76DB870BD2DE9F04184B0002848
:109F800041D00D46FF293ED042F28C18C1F20008A4
:109F900008EB8507B869B0B31E46144608F0BDF952
:109FA000012802D1B86908F0ADFA7000002E08BF90
:109FB0004FF0FF30D8F80810B8632846884708F1FA
:109FC00058002946FDF744F8D8F8146010F09EFCBC
:109FD00010F0A5FC4CF6D3210346C0F60401304630
:109FE0002A46FBF720F843F61841C0F60601B86987
:109FF000D1E90023D8F8141067080126CDE90076CE
:10A00000029108F00BFA04B0BDE8F0810246002886
:10A010004FF0000018BF002900D170479089052833
:10A0200001F1080028BF00687047002814BF0068CD
:10A0300000207047002814BF4089002070470000AE
:10A0400050B110B5044600BF206818B1204600F09A
:10A0500060F9F9E7BDE81040704700280FBF012004
:10A060000089B0FA80F040097047000068B361B31E
:10A0700010B50446006830B3024600BF914203D0D9
:10A080005268002AFAD11EE0814207D060688142FE
:10A090000AD0D1E90002426010600AE0406808B1CD
:10A0A00000220260206004E0006808B100224260E3
:10A0B0006060204612F08EFD208901380104208165
:10A0C00004BF00206060BDE810407047B0B1F0B53B
:10A0D00081B00E4679B10768054667B1144600BFE6
:10A0E000A8892146052807F1080028BF0068B04765
:10A0F0007F68002FF4D101B0BDE8F0407047000048
:10A10000B1B1F0B581B0074678B11C466BB11546C8
:10A110000E4600BFB8892946052804F1080028BF6B
:10A120000068B0476468002CF4D101B0BDE8F0408D
:10A1300070470000F0B581B04FF00004E0B1154663
:10A14000D2B104680746B4B10E4600BFBA8904F123
:10A150000800052A28BF006829460EB1B04705E06F
:10A16000E7F739FE002818BF4FF0FF30000603D094
:10A170006468002CEAD10024204601B0F0BD000044
:10A1800070B54FF0000498B10D4689B1046874B100
:10A19000868900BF04F1080029463246052E28BFF3
:10A1A0000068E7F718FE18B16468002CF2D10024AB
:10A1B000204670BD48B1016839B18089052801F198
:10A1C000080024BF0068704770470020704730B116
:10A1D00041890089081AB0FA80F0400970470120CF
:10A1E000704700002DE9F04F81B0DDF828B09846A7
:10A1F00091460D46064601F029F904212422012347
:10A2000001F02EF904460020C4E900002081FDF78A
:10A21000D9FC45F6ED0743F2380AC0F60607314689
:10A22000C0F6060A28A23B46002E18BF0121CDF831
:10A2300000A0FDF79DFCFDF7C5FC294629A23B4681
:10A24000002D18BF0121CDF800A0FDF791FC0B985F
:10A250006581A681C4E90498C4F818B0E0617DB3B3
:10A260004FF6FF7085421CD1FDF7ACFC054601F0AE
:10A27000EDF801F0FBFAB0FA80F043F2480746F23D
:10A28000B40245F6ED034109C0F60607C0F6060222
:10A29000C0F6060328460097FDF76AFC00202062FE
:10A2A0000EE00026002700BF204612F043FC216A82
:10A2B000C0E9006101B108600137AF422062F3D309
:10A2C000204601B0BDE8F08F656F5F6C6973745F05
:10A2D0004E657728293A2030206974656D5F73696F
:10A2E0007A650000656F5F6C6973745F4E657728EF
:10A2F000293A20302063617061636974790000003D
:10A3000000284FF0000018BF002900D170474868AE
:10A310007047A0B110B50168044671B1486808B132
:10A32000002202602060204612F054FC208901388F
:10A330000104208104BF00206060BDE81040704728
:10A3400030B370B50E4609B304464089218988426E
:10A350001CD0204612F02BFCC0B1A2890546083063
:10A36000052A28BF0068A36931460BB1984701E070
:10A37000E7F77CFD208900B9256061680022C5E906
:10A38000001201B14D60013065602081BDE8704070
:10A39000704730B370B50E4609B304464089218931
:10A3A00088421CD0204612F002FCC0B1A2890546AA
:10A3B0000830052A28BF0068A36931460BB19847C9
:10A3C00001E0E7F753FD208900B9656021680022AC
:10A3D000C5E9002101B10D60013025602081BDE893
:10A3E00070407047002814BF008900207047002883
:10A3F0004FF0FE0018BF002920D010B541F24054A4
:10A40000C1F20004D4F8C001A8B1083001F108027B
:10A41000002B19BF0721082300210723FBF7ECF8C5
:10A42000207801284FF0000006D1617821B1D4F8DE
:10A43000CC0109F093FA0020BDE8104040B270470B
:10A440002DE9F04182B000284FF0FE0600F099801F
:10A450000D46002900F0958004462878052840F034
:10A460008F806078012836D1687A627F2B7A5040DD
:10A4700000F01E02E979B2FA82F25709DAB251EA23
:10A48000020327EA000007D0E37E277FDBB25940B2
:10A490007A40114318BF00206A792979D2B251EA73
:10A4A000020302D1AA7982B10022237E677EDBB249
:10A4B0005940FBB25A40A67EAB7911434FF00001E0
:10A4C00018BF0846B34218BF08460026002808BF38
:10A4D0004FF0FF3655E0FDF709F901214FF0010873
:10A4E000FDF7EBFAFDF702F9FDF7E3F9002845D097
:10A4F000FDF7FCF800210026FDF740F9C4F8C00183
:10A5000004F1140029464FF4B472E7F736FD072032
:10A510000190687A022767F35F10B5F807108DF88D
:10A520000500D4F8A001ADF8061001A909F0FFF864
:10A53000FBF717FFD4F8A011FBF7B2FF687A0DF113
:10A54000020167F35F108DF80200D4F8A4018DF8C2
:10A55000036009F0ECF8FBF704FFD4F8A431022102
:10A560000122FBF7ADFC042084F80180207304F085
:10A57000F7FF227B022104F0E3FF02E0002060707D
:10A58000FF2670B202B0BDE8F081002855D0B0B50A
:10A5900004464078002844D0E078012802D12046C3
:10A5A00000F0C1F994F8C801002842D1607848B1A0
:10A5B000D4F8C4014CF61342C0F604020021002373
:10A5C00004F042FFFBF7CDFED4F8A43102210122B2
:10A5D000FBF704FDFBF7C5FED4F8A011FBF7B0FFB5
:10A5E000FDF784F800210025FDF767FA04F1140057
:10A5F0004FF4B471C4F8C051E7F760FDD4F8A0017E
:10A60000FF21217508F056FFD4F8A40108F052FF8D
:10A61000D4F8A801FBF796F8D4F8800107F072FF90
:10A6200065700120207304F09BFF227B022104F05F
:10A6300087FF0020BDE8B04000E0FE2040B2704738
:10A6400041F24050C1F200000178012918BF0020FA
:10A650007047F0B585B041F24054C1F20004207853
:10A6600001285DD0022001210022FF2301250026C0
:10A67000FF270DF02FFCC4F8BC01042001210022AB
:10A6800000232775CDE90066042708F053FFC4F8BE
:10A69000A00102200121002200230096019608F06B
:10A6A00049FFC4F8A40101200A210022FBF700F8A9
:10A6B000C4F8A801022004210022C4F8C061FAF7FE
:10A6C000F7FFC4F8C40149F640400396ADF80C000A
:10A6D0004CF67150C0F60400049048F2A060C0F23D
:10A6E0000100029002A884F8C86109F011F9C4F8C9
:10A6F000CC0107F01FFEC4F8800105201E2184F85C
:10A700009871A4F88C610AF0A7FEC4F8880125802E
:10A71000E670257304F024FF227B022104F010FF71
:10A7200041F24050C1F2000005B0F0BDB0B582B0BA
:10A73000D8B10446FDF746FA94F8981104F5C472AE
:10A7400045F65F230092C0F6060300220025FDF7C0
:10A7500016FAD4F888010AF06BFE0B2806D1FBF735
:10A760000EF9FBF748FA002500E0FE2568B202B0BA
:10A77000B0BDB0B5044600284FF0FE0014D00D4621
:10A7800091B1607878B16978204600F00FF858B937
:10A79000A978204600F06CF830B929782046BDE849
:10A7A000B04000F02BB8002040B2B0BDB0B582B0D0
:10A7B0008DF80710F0B104464078C8B140F60200A9
:10A7C000A4F8B4010DF1070004F5DA75C4F8B80176
:10A7D000FBF7EDFFD4F8BC212946FCF7A4F99DF85E
:10A7E0000710D4F8CC0142F21072514309F0E5F899
:10A7F000002000E0FE2040B202B0B0BDB0B582B093
:10A800008DF80710D8B104464078E0B140F20270EC
:10A81000A4F8B4010DF1070004F5DA75C4F8B80125
:10A82000FBF7C5FFD4F8BC212946FCF77CF99DF85D
:10A830000710D4F8CC0121B109F0B6F803E0FE20EE
:10A8400002E009F09FF8002040B202B0B0BD50B164
:10A85000134642784AB1D0F8C4014CF61342C0F610
:10A86000040204F0F1BDFE2000E0002040B2704779
:10A87000B0B582B08DF8071010B30446407868B3C5
:10A8800041F20200A4F8B4010DF1070004F5DA75F5
:10A89000C4F8B801FBF78BFFD4F8BC212946FCF7BC
:10A8A00042F9FCF723FF0021FCF775FF50B1024687
:10A8B0009DF8070040B1012808D10F24022107E0CC
:10A8C000FE200CE0FF200AE00F2400E0002401211C
:10A8D0002046FAF7EDFE2146FAF742FF002040B28B
:10A8E00002B0B0BD60B110B504464078B0B1E078B8
:10A8F000012807D194F8C801013084F8C8010DE09F
:10A90000FE200EE0012084F8C801E07006202073CC
:10A9100004F026FE227B022104F012FE0020BDE896
:10A92000104040B27047B0B5D0B104464078A8B1ED
:10A93000E07898B194F8C80180B1013884F8C80172
:10A9400000064FF000050CD10420E570207304F0E0
:10A9500007FE227B022104F0F3FD02E0002500E067
:10A96000FE2568B2B0BD0021002808BF6FF00101CC
:10A970000846704710B582B090B1427892B1012973
:10A980004FF000040FD1C17869B1D0F8C011B1F80F
:10A9900001100194ADF8051001A9FFF7EAFE02E0ED
:10A9A000FE2400E0002460B202B010BDF0B585B016
:10A9B00015460446D0B30E46C1B33078052847D1BA
:10A9C0006078012852D1707A627F337A504000F06B
:10A9D0001E02F179B2FA82F25709DAB251EA0203A1
:10A9E00027EA000007D0E37E277FDBB259407A4098
:10A9F000114318BF002072793179D2B251EA0203B3
:10AA000002D1B2796AB10022237E677EDBB259405F
:10AA10007A40114394F81AC018BF0020B1796145FB
:10AA200064D1002862D0012600277EE041F2405622
:10AA3000C1F200060520307304F092FD327B022142
:10AA400004F07EFD15B120460021A847FE2771E0E5
:10AA50000520207304F084FD227B022104F070FDA8
:10AA600015B120460021A847FF2763E002201F46BA
:10AA7000207304F075FD227B022104F061FDD4F8FF
:10AA8000800107F03FFDC4E90154A7703279072027
:10AA90008DF80A008DF80B20D6F80500727A039025
:10AAA000C2F3430001230DF10A058340D4F8A80145
:10AAB000A91D002702F00102049721F81230FAF7CD
:10AAC00041FED4F8A8012946FAF721FE4CF62540AC
:10AAD000C0F6040004F5D675C4E96B06FAF74FFF1B
:10AAE000D4F8A8112A46FBF79DF823E0042084F847
:10AAF0009801002605200C2104F5C477A4F88E6186
:10AB0000C4E964660AF0A8FCC4F88801A4F88C6162
:10AB1000FDF758F894F8981145F65F23C0F6060340
:10AB200000220097FDF72BF8012715B1204631468A
:10AB3000A8477F4278B205B0F0BD18B1D0F8CC017B
:10AB400008F0B3BE002070472DE9F04160B344F631
:10AB50008878C1F2000898F8010018B34FF49240C9
:10AB6000A8F8040098F8020008F5B671C8F80810B3
:10AB7000C0B1002608F10404002700BFF2B2012092
:10AB8000002100230DF0A6F90546FBF710FE214633
:10AB90002A46FBF7C8FF013698F80200F1B281425D
:10ABA000ECD302E0002700E0FE2778B2BDE8F08198
:10ABB00058B3F0B581B044F68876C1F200067078DB
:10ABC00000284FF000001CD000904FF49240B0805D
:10ABD000B0786946B16098B10027341DFAB20120FF
:10ABE000002100230DF076F90546FBF7E0FD214634
:10ABF0002A46FBF798FF0137B078F9B28142EDD3CE
:10AC0000002001B0BDE8F04000E0FE2040B27047F7
:10AC1000002844D02DE9F04F81B044F68876C1F287
:10AC20000006707800284FF0000034D0F178012938
:10AC300031D0B0780021317150B300274FF04A086D
:10AC400006F5B279341D4FF00E0A06F5B37B00BF4E
:10AC5000FAB20120002100230DF03CF9054686F8E8
:10AC60000580C6F80890FBF7A2FD21462A46FBF7AF
:10AC70005AFF86F805A0C6F808B0FBF798FD2146F4
:10AC80002A46FBF750FF0137B078F9B28142DFD393
:10AC90000120F070002001B0BDE8F04F00E0FE2080
:10ACA00040B2704710B544F68870C1F20000837856
:10ACB0000024994236D200EE102A90F8662190F8CE
:10ACC00067319FED191A1A440123B8EEC00A03FA3E
:10ACD00002F220EE010A01EE102AB8EEC11A80EE4F
:10ACE000010A01EB410100EBC10090ED031A80EE77
:10ACF000010A10EE100A26F0F9FED0F100424FF0E2
:10AD0000FF3272EB0103B8BF0124002C04BF4FF0E7
:10AD10000040114626F064FE00EE100ABDEEC00AA7
:10AD200010EE104A204610BD0024744944F6887085
:10AD3000C1F200008378994224BF0020704701EBE4
:10AD4000410100EBC10100EE102A91ED031AB8EEAB
:10AD5000C00A9FED142A21EE000A80EE020AB0F824
:10AD60006401012101FA00F001EE100AB8EEC11AE7
:10AD70009FED0D2A20EE010A9FED0C1AB4EE420A57
:10AD8000F1EE10FAB8BFB0EE420AB4EE410AF1EEAD
:10AD900010FAB8BFB0EE401ABDEEC10A10EE100AAC
:10ADA000704700BF0024744900FEFFC600FEFF4646
:10ADB00010B544F68870C1F20000837800249942EF
:10ADC00028D201EB410100EBC10000EE102A90ED0A
:10ADD000031AB8EEC00A80EE010A90ED041A30EEB4
:10ADE000410A10EE100A26F081FED0F100424FF029
:10ADF000FF3272EB0103B8BF0124002C04BF4FF0F7
:10AE00000040114626F0ECFD00EE100ABDEEC00A2F
:10AE100010EE104A204610BD10B544F68870C1F2FD
:10AE2000000083780024994228D201EB410100EB15
:10AE3000C10000EE102A90ED041AB8EEC00A90EDA1
:10AE4000032A31EE000A20EE020A10EE100A26F064
:10AE50004DFED0F100424FF0FF3272EB0103B8BF5C
:10AE60000124002C04BF4FF00040114626F0B8FD2D
:10AE700000EE100ABDEEC00A10EE104A204610BDCA
:10AE800010B544F68870C1F200008378002499421E
:10AE900033D200EE102A90F866219FED191A012393
:10AEA000B8EEC00A03FA02F220EE010A01EE102AFF
:10AEB000B8EEC11A80EE010A01EB410100EBC100BE
:10AEC00090ED031A80EE010A10EE100A26F00EFE35
:10AED000D0F100424FF0FF3272EB0103B8BF012402
:10AEE000002C04BF4FF00040114626F079FD00EE23
:10AEF000100ABDEEC00A10EE104A204610BD00BF79
:10AF000000007A4444F6887CC1F2000C9CF80200F0
:10AF1000814224BF00207047032B38D801EB410049
:10AF20000CEBC00000EE102A90ED031AB8EEC00A38
:10AF300021EE000ADFE803F02D0212249FED201A13
:10AF4000BCF8640180EE010A012101FA00F001EE73
:10AF5000100AB8EEC11A20EE010A1AE09FED181A85
:10AF6000BCF8640180EE010A012101FA00F001EE53
:10AF7000100AB8EEC11A20EE010AB0EEC00A08E0CD
:10AF8000B0EEC00AB2EE041A80EE010A01E09FEDB5
:10AF90000D0A9FED0D1A9FED0D2AB4EE410AF1EE58
:10AFA00010FAB8BFB0EE410AB4EE420AF1EE10FA60
:10AFB000B8BFB0EE402ABDEEC20A10EE100A7047CC
:10AFC00000007A440000000000FEFFC600FEFF46BD
:10AFD00098B144F68872C1F20002507800284FF010
:10AFE000FF000BD09378994208D201EB410002EBAD
:10AFF000C00080ED030A002000E0FE2040B2704750
:10B0000098B144F68872C1F20002507800284FF0DF
:10B01000FF000BD09378994208D201EB410002EB7C
:10B02000C00080ED040A002000E0FE2040B270471E
:10B0300044F68870C1F200008278914222D201EB7E
:10B04000410200EBC20200EB810090ED4B1A92ED41
:10B05000032A20EE010A80EE020A9FED0C1A20EE70
:10B06000012ABDEEC23A20EE410A13EE100ABDEEEF
:10B07000C00AB5EE402A10EE101AF1EE10FAD8BF51
:10B08000484200E0002000B2704700BF00007A4450
:10B0900044F68870C1F200008378994224BF9FED86
:10B0A0000E0A704701EB410300EBC30393ED030A63
:10B0B00000EB810002EE102A90ED4B1AB8EEC22A86
:10B0C00020EE020A80EE010A9FED041A80EE010ACA
:10B0D000B0EEC00A704700BF0000000000007A44D4
:10B0E00044F68870C1F20000827891421ED201EBD2
:10B0F000410200EBC20200EB810090ED4B1A92ED91
:10B10000032A20EE010A80EE020ABDEEC01A11EEFB
:10B11000100AB1EE401ABDEEC11AB5EE400A11EEAA
:10B12000101AF1EE10FAD8BF484200E0002000B239
:10B130007047000044F68870C1F20000837899429D
:10B1400024BF9FED0C0A704701EB410300EBC303E2
:10B1500093ED030A00EB810002EE102A90ED4B1AEA
:10B16000B8EEC22A20EE020A80EE010AB0EEC00A52
:10B17000704700BF0000000001EB410100EBC1007F
:10B180004069704701EB410100EBC100426170472B
:10B1900001EB410100EBC100C069704701EB4101C7
:10B1A00000EBC100C261704701EB410100EBC1003F
:10B1B0008069704701EB410100EBC100826170477B
:10B1C00001EB410100EBC100006A704701EB410156
:10B1D00000EBC1000262704744F68870C1F20000C3
:10B1E00000EB810090ED4B1A9FED0C2A20EE010A36
:10B1F0009FED0B1AB4EE420AF1EE10FAB8BFB0EEB2
:10B20000420AB4EE410AF1EE10FAB8BFB0EE401AAD
:10B21000BDEEC10A10EE100A704700BF00FEFFC667
:10B2200000FEFF4644F68870C1F2000000EB81008A
:10B2300090ED4B0A01EE102AB8EEC11A81EE000A19
:10B24000704780B5002000F005F844F68870C1F220
:10B25000000080BDF0B583B044F68874C1F20004EC
:10B260002178012967D00546FCF740FAFCF71AFB64
:10B2700000285CD0012000210022002300270CF0D0
:10B2800029FE0646FF208DF80B708DF80A00FBF7AB
:10B2900068F80DF10A070DF10B0231460023009703
:10B2A000FAF7FEFF002842D19DF80A0003283ED19C
:10B2B00045F6D8060120C0F606066070002D18BFBE
:10B2C0002E463068C4F85C01B088A4F86001B078FC
:10B2D000318841EA0041204600F044F8607828B106
:10B2E000B088A4F860014008C4F86C01FE20012178
:10B2F000002200250DF040FAA070E570C8B104F1FD
:10B3000010014FF07E52034641E90125013B01F156
:10B310001801F9D168B143F2BD7204F59671C3F614
:10B32000864200BF013841F8042BFBD101E0002028
:10B3300060700120207044F68870C1F2000003B0F4
:10B34000F0BD60B144F68870C1F20000427822B1CD
:10B35000A0F860114908C0F86C11002000E0FE2040
:10B3600040B2704748B344F68870C1F2000042789A
:10B370002AB380B50A0A0B0C5FFA82FE80F85C11D2
:10B38000C9B2A0F864114FEA1E115FFA83FC80F87D
:10B39000671102F00F0180F866114FEA1C1180F866
:10B3A000691103F00F0180F85D2180F85E3180F8AB
:10B3B00068110020BDE8804002E0FE2000E000208F
:10B3C00040B27047B0B582B0A1B142F23815C1F2B7
:10B3D0000005287980B1FCF7F5FB43F2480545F6F6
:10B3E000F903C0F606050BA2C0F60603032100957B
:10B3F000FCF7C5FB02B0B0BD08460C46FBF75EFE8D
:10B40000E96C6A69091A2046E96402B0BDE8B040F7
:10B41000104700BF656F5F6D656D706F6F6C5F4447
:10B42000656C65746528293A206F6E6C7920772FDA
:10B4300020656F5F6D656D706F6F6C5F616C6C6FB9
:10B44000635F64796E616D696300000042F23810D9
:10B45000C1F200000178012918BF002070470000E8
:10B460002DE9F04188B00026079682B11C4673B1E1
:10B4700042F238181546C1F20008D0B198F80420FD
:10B48000022A32D0012A34D02AB300273AE002201F
:10B49000CDE90466CDE90206FCF794FB45F6F90315
:10B4A00002AF40A2C0F6060303210097FCF767FB3A
:10B4B00046E000200321CDE90400CDE90210FCF7AD
:10B4C00081FB45F6F90302AF1FA2C0F60603012176
:10B4D0000097FCF754FBD8F80C1004FB05F08847E4
:10B4E0000646FBF7EBFD07460BE090F838000842F4
:10B4F000F1D007AB08462946224611F089FC0646E2
:10B500000027B6B904200026029004FB05F0CDE91F
:10B510000466ADF80E00ADF80C60FCF753FB45F681
:10B52000F90302AD15A2C0F6060305210095FCF74C
:10B5300026FB0798D8E9131210443944C8E91310C0
:10B54000304608B0BDE8F081656F5F6D656D706F66
:10B550006F6C5F4765744D656D6F72792829206E39
:10B560006F7420696E6974746564207573657320E7
:10B5700064796E20616C6C6F63000000656F5F6DB5
:10B58000656D706F6F6C5F4765744D656D6F727937
:10B590002829206E6F206D6F7265206D656D6F724A
:10B5A00079000000656F5F6D656D706F6F6C5F4750
:10B5B00065744D656D6F72792829206973206173F8
:10B5C0006B6564203020627974657300B0B582B019
:10B5D00042F23814C1F20004217801297ED0012101
:10B5E00021700021C4E9131143F63851C0F6060159
:10B5F000002818BF0146D1E90002C4E90102087819
:10B60000421E022A3CD24868002843D0D0E900CE2E
:10B61000D0E90231D0E90452C4E906CEC4E90A52A5
:10B62000C4E90831A269D0E90610606321633AB128
:10B6300094F8380040F0010084F83800002060875A
:10B64000206A38B194F8380040F0020084F83800DD
:10B650000020A087A06A38B194F8380040F00400B8
:10B6600084F838000020E087206B10B394F838008D
:10B6700040F0080084F838000020A4F8400018E0EA
:10B68000B8B94868A8B1D0E90812806AC4E90312C1
:10B6900060610EE0FCF796FA43F2380545F6F903CF
:10B6A000C0F6060510A2C0F6060305210095FCF7BA
:10B6B00066FAE06820B94FF69560C0F60400E060D5
:10B6C000206920B94FF69F60C0F6040020616069D0
:10B6D00020B94FF69B60C0F60400606142F238105A
:10B6E000C1F2000002B0B0BD656F5F6D656D706F37
:10B6F0006F6C5F496E697469616C69736528293A7A
:10B7000020706F6F6C73206E656564656400000067
:10B7100070B586B042F23816C1F20006F2680846EB
:10B720000D4690470446A0B900200421CDE904004D
:10B730000291ADF80E50ADF80C00FCF743FA45F657
:10B74000F90302AD07A2C0F6060305210095FCF738
:10B7500016FA2046FBF7B2FCF16C01442046F16476
:10B7600006B070BD656F5F6D656D706F6F6C5F4E1D
:10B7700065772829206E6F206D6F7265206D656D6D
:10B780006F72790070B586B00C46C2B142F23816BD
:10B79000C1F200063079B8B100240720CDE9044495
:10B7A000CDE90204FCF70EFA45F6F90302AE1CA23D
:10B7B000C0F6060305210096FCF7E1F92DE02146CD
:10B7C000FFF700FE002428E015462CB12046FBF7C9
:10B7D00075FCF16C081AF0643269204629469047DE
:10B7E0000446A0B900200421CDE904000291ADF87F
:10B7F0000E50ADF80C00FCF7E5F945F6F90302AD83
:10B8000011A2C0F6060305210095FCF7B8F9204601
:10B81000FBF754FCF16C0844F064204606B070BDA0
:10B82000656F5F6D656D706F6F6C5F5265616C6C9D
:10B830006F6328292075736564207768656E206EB4
:10B840006F6E2064796E0000656F5F6D656D706F5F
:10B850006F6C5F5265616C6C6F632829206E6F207E
:10B860006D6F7265206D656D6F72790042F23810F0
:10B87000C1F20000007970470CF01ABA10B54FF011
:10B88000FE0458B151B1D1E900120024C0E90512FB
:10B89000C1680477084601210CF008FA60B210BDB7
:10B8A000F0B581B04FF0FE0770B30E4661B30446A9
:10B8B000407AFF2740B3606811461D46377021F07B
:10B8C0008DF908BB206807F01CFE012817D02068FE
:10B8D00007F01FFE98B190E80E00C06886E80E00E1
:10B8E000F0602068069F07F0F9FE0DB10020287077
:10B8F0001FB1206807F048FF3880002700E0FF27CD
:10B900006068032121F098F978B201B0F0BD41F2EE
:10B910001070C1F20000017A012918BF00207047A1
:10B920002DE9F04186B041F21074C1F20004217A91
:10B93000012943D043F28007C0F60607002818BF4C
:10B9400007460020002504F06EF9012001214FF088
:10B95000010821F093F948F2A06360604BF679008A
:10B96000C0F2010339787A88C0F603004CF6A57658
:10B97000CDE902354DF2151314A7C0F60406049064
:10B98000C0F604030120CDE9006505970BF0E2FF46
:10B99000E06006F0CFFC2061012001212572A57234
:10B9A00021F06CF96060102008210022002300952E
:10B9B000019507F0BFFD206084F8088041F2107007
:10B9C000C1F2000006B0BDE8F08100BF6D656D7387
:10B9D0000000000018B111B9002019F0A5BD002029
:10B9E000704738B370B58CB00446407A01281CD03B
:10B9F000E0680126012166720CF058F904AD284672
:10BA00002021E6F75BFBE26828460221F9F717FBE5
:10BA100043F61840C0F60600D0E900232069A1696A
:10BA20000295CDE9001606F0F9FC00200CB0BDE847
:10BA3000704000E0FE2040B2704770B110B504467F
:10BA4000407A30B1206906F05DFDE06804210CF019
:10BA50002DF90020BDE8104000E0FE2040B2704704
:10BA60002DE9F04784B089460446FCF7ABF842F272
:10BA70002A720FF2E441C0F60602FCF7C7F8002C68
:10BA80004FF0FE0600F06382B9F1000F00F05F8214
:10BA900099F80000FF260E2800F25982012101FAD0
:10BAA00000F044F61E01084200F05182607801283F
:10BAB00002D1204600F0D2FA04F11408404649466B
:10BAC0004FF4B472E6F78BFA207D002601380D287A
:10BAD00000F23D821821DFE810F00E00D5004A0187
:10BAE00049013A023A023A023A023A023A02930110
:10BAF0003A023A028B0004F12000FBF776FBC4F80F
:10BB00000806FBF773FB0746FBF7F0FD3946FBF72A
:10BB1000C7FFFBF7EBFD3946FBF7DCFFFBF7E6FD64
:10BB2000FBF7C0FE002800F0D281002F84F8BC7122
:10BB300000F0D3814FF0000A02AE0025D4F80806C9
:10BB4000E9B2FBF750FB617FCDF808A08DF8081033
:10BB5000017801F001018DF80910027802F01E024F
:10BB600011448DF80910007800F0E0000844B4F8A2
:10BB70001B108DF80900D4F8A001ADF80A10314669
:10BB800007F0D5FD0135E8B2B842D7D3FAF7E9FBA3
:10BB9000D4F8A011FAF784FC002F00F0A4814FF034
:10BBA000000A02AE002500BFD4F80806E9B2FBF790
:10BBB0001AFBADF808A0017801F001018DF808101A
:10BBC000027802F01E0211448DF8081000788DF8FA
:10BBD000095000F0E00008448DF80800D4F8A401F2
:10BBE000314607F0A4FD0135E8B2B842DCD37AE172
:10BBF00004F13000FBF7F9FAC4F80806FBF7F6FA8F
:10BC00000746FBF773FD3946FBF74AFFFBF76EFD6E
:10BC10003946FBF75FFFFBF769FDFBF743FE0028A2
:10BC200000F05581404684F8BC71E8F7BFF9002068
:10BC30004FF0FF31002FC4F81006C4F81406C4F802
:10BC40001806C4F81C16A4F82016C4F82206C4F876
:10BC50002606C4F82A06A4F82E0600F0188104F27D
:10BC60001C650026D4F80806F1B2FBF7BCFA007890
:10BC700000F01F001F2808BFFF20A8550136B7425B
:10BC8000F0D104E10025C4F80856FBF72FFD0C2184
:10BC90000C26FBF705FFFBF729FD0C21FBF71AFF2C
:10BCA000FBF724FDFBF7FEFD002800F0148184F86B
:10BCB000BC612026032702ADA05DB4F81B108DF8EF
:10BCC0000900D4F8A001ADF80A1029468DF80870D3
:10BCD00007F02DFD01362C2EEED1FAF742FBD4F8F9
:10BCE000A011FAF7DDFB00260DF10605A01990F86A
:10BCF000200029468DF80600D4F8A4018DF80760CD
:10BD000007F015FD01360C2EF0D1FAF72AFBD4F816
:10BD1000A4310121002201250026FAF7D1F8FAF713
:10BD200020FBD4F8A43101210122FAF7C9F8002040
:10BD3000FFF790FAC4F8C001FFF783FAE17FB4F887
:10BD40001D2042EA0141FFF70DFBFFF77AFA618EF1
:10BD5000FFF7F7FAFFF775FAFEF75AFF07F031FD24
:10BD600020460121F2F76DFA6570E8E020216018A5
:10BD7000FBF73BFAC4F80806FBF738FA0746FBF76F
:10BD8000B5FC3946FBF78CFEFBF7B0FC3946FBF7F8
:10BD9000A1FEFBF7ABFCFBF785FD002800F09780C8
:10BDA000404684F8BC71E8F701F900204FF0FF31FC
:10BDB000002FC4F81006C4F81406C4F81806C4F816
:10BDC0001C16A4F82016C4F82206C4F82606C4F8E7
:10BDD0002A06A4F82E065AD004F21C65002600BFDD
:10BDE000D4F80806F1B2FBF7FEF9007800F01F0066
:10BDF0001F2808BFFF20A8550136B742F0D146E002
:10BE000004F12000FBF7F1F9C4F80806FBF7EEF99E
:10BE10000746FBF76BFC3946FBF742FEFBF766FC77
:10BE20003946FBF757FEFBF761FCFBF73BFD0028AB
:10BE30004DD0404684F8BC71E8F7B8F800204FF0C8
:10BE4000FF31C4F81006C4F81406C4F81806C4F884
:10BE50001C16A4F82016C4F82206C4F82606C4F856
:10BE60002A06A4F82E0697B104F21C65002600BF2E
:10BE7000D4F80806F1B2FBF7B6F9007800F01F001D
:10BE80001F2808BFFF20A8550136B742F0D1F3F7AD
:10BE9000E3FD99F80150B9F80260F6F78AFC45EA2B
:10BEA00006420368D4F8081603925A68029102A960
:10BEB00090471AF007FCFBF7ADF9012060700420F1
:10BEC000207303F04DFB227B002100263DE0002083
:10BED0006070FF263BE06570FBE7FAF742FAD4F8A2
:10BEE000A011FAF7DDFAFAF73CFAD4F8A4310121EF
:10BEF00000224FF0010A0026F9F7E2FFFAF731FAC3
:10BF0000D4F8A43101210122F9F7DAFF99F80150A0
:10BF1000B9F80270F6F74DFC45EA07420368D4F819
:10BF2000081603925A68029102A990474046E8F722
:10BF30003DF820460121F2F784F984F801A004209D
:10BF4000207303F00DFB227B002103F0F9FA70B29D
:10BF500004B0BDE8F08700BF63616C6C65643A2093
:10BF6000656F5F6D6F74696F6E636F6E74726F6C07
:10BF70005F416374697661746528290050B1134686
:10BF800042784AB1D0F830064EF28D62C0F6020215
:10BF900003F002BAFE2000E0002040B27047C8B1B2
:10BFA000F0B58DB00C46417889B1017D0E290ED8CF
:10BFB00001238B4044F6180633420DD0204611462B
:10BFC000E8F7E9FCFBF71BF92146FBF773FA0DB024
:10BFD000BDE8F040002070470129F8D1417D0429D7
:10BFE00037D1C18AA9B3032CF1D8002AEFD043F688
:10BFF0002C43C0F606031B6803FB01F604EB440167
:10C0000000EB810787F83C4604AC2046202107F26C
:10C010003465C7F83826E6F751F80EF077FC0EF0D5
:10C020007EFC4DF227410346C0F6020120462A4617
:10C03000F8F7F9FF43F61841C0F60601D7F83406C1
:10C04000D1E900230021CDE90061029406F0E6F970
:10C05000BDE720461146E8F79EFCB8E72DE9F04120
:10C060000446FBF7AFFD42F22A7277A1C0F6060242
:10C07000FBF7CCFD002C4DD06078002800F0D78075
:10C08000E078012804D1204600F084FA607848B1B5
:10C09000D4F830064EF28D62C0F602020021002371
:10C0A00003F0D2F9A04618F8140F01380D2800F259
:10C0B0008580DFE800F007387E698383838383838C
:10C0C00074838331FAF74DF9D4F8A43101210022A9
:10C0D000F9F784FFFAF745F9D4F8A43101210122D8
:10C0E000F9F77CFFFAF73DF9D4F8A011FAF728FA2E
:10C0F000F6F75FFB016889688847D4F8A40107F068
:10C10000D9F9D4F8A00107F0D5F9D4F8A801F9F7C6
:10C1100019FB34E0FE2493E001F0AAFB01F038FBA8
:10C1200004F29C4036E0FAF71CF9D4F8A43101215E
:10C130000022F9F753FFFAF714F9D4F8A4310121DA
:10C140000122F9F74BFFFAF70CF9D4F8A011FAF72E
:10C15000F7F9D4F8A40107F0ADF9D4F8A00107F07D
:10C16000A9F9D4F8A801F9F7EDFAFEF769FAFEF794
:10C170000CFA04F5E2704FF4B471E5F79FFF204626
:10C180000021F2F75EF819E0FEF75AFAFEF7FDF922
:10C1900004F5E2704FF4B471E5F790FF09E002F0A6
:10C1A0009FF902F02DF904F54C704FF4B471E5F7E6
:10C1B00085FFF6F7FEFA016889688847FBF796FA6B
:10C1C000FBF77EFB88B1064643F28810C0F60600F6
:10C1D00007680025FBF78AFAE9B2FBF7F9FA00B124
:10C1E00047610135E8B2B042F4D3002684F8BC615F
:10C1F000FBF77CFA0021FBF753FCFBF777FA0021F1
:10C20000FBF768FC40464FF4B471C4F80866E5F7E4
:10C2100055FFFF202075D4F88001C4E90166A6709F
:10C22000C4F8AC61C4F8B06106F06CF96670012026
:10C23000207303F095F9227B0021002403F080F99C
:10C2400060B2BDE8F08100BF63616C6C65643A2048
:10C25000656F5F6D6F74696F6E636F6E74726F6C14
:10C260005F44656163746976617465282900000024
:10C2700040F21850C1F200000178012918BF0020D7
:10C28000704718B1417809B1007D7047FF207047B1
:10C29000F0B583B040F21854C1F2000420780128B0
:10C2A00065D0FF200025207504200C2100220023EA
:10C2B00084F8BC512561CDE90055042607F03AF910
:10C2C000C4F8A00102200C21002200230095019552
:10C2D00007F030F9C4F8A40101200A210022012747
:10C2E000F9F7E6F9C4F8A801202004210022F9F7A3
:10C2F000DFF9C4F8300604200621E8F711FDC4F880
:10C300000C06F6F756FAF6F74FFAFEF7A2F9C4F85C
:10C310002C0302F0EEF8C4F8980401F0B2FAC4F865
:10C32000040606F007F8C4F8800105201C2184F8F3
:10C33000986184F88D5109F08FF8C4F8880127803E
:10C34000E570277303F00CF9227B002103F0F8F865
:10C35000002600BFA719D7F8340618B905F0EAFF80
:10C36000C7F834060C36302EC7F83856F2D140F2F2
:10C370001850C1F2000003B0F0BDB0B582B078B380
:10C380000446FBF71FFC94F8981104F5C47242F2BE
:10C390002A730092C0F6060300220025FBF7EFFB8C
:10C3A000D4F8880109F044F83A281BDC1A2838D858
:10C3B000012148F200028140C0F21022114225D131
:10C3C00011F4103F28D1012101FA00F00021C0F240
:10C3D0000441084225D0FEF733F9FEF7A7F91FE024
:10C3E000FE251EE04C2808DC3B280FD03C2818D145
:10C3F00002F076F802F0E3F812E04D2806D04E285D
:10C400000FD101F035FA01F0A2FA09E0F6F7D1F9FF
:10C410000168C968884703E0F9F7B1FAF9F7EBFB5F
:10C42000002568B202B0B0BD50B1134642784AB19F
:10C43000D0F830064EF28D62C0F6020203F004B866
:10C44000FE2000E0002040B270470000B0B5044676
:10C45000FBF7B8FB42F22A7234A1C0F60602FBF7E2
:10C46000D5FB002C2BD0607800285CD0E078012828
:10C4700059D00120E0700620207303F071F8227B70
:10C480000021002503F05CF8207D01380D284BD8F1
:10C49000DFE800F0440744314A4A4A4A4A4A3B4AE4
:10C4A0004A17FEF7CDF8FEF71DFAFEF7C9F801218D
:10C4B000FEF760FAFEF7C5FEFEF746FB33E0FE2509
:10C4C00032E0FBF77FFB42F22A74C0F6060420A19B
:10C4D0002246FBF79BFBFBF775FB25A12246FBF7EA
:10C4E00095FB01F0C5F901F067FA01F0C1F90121EE
:10C4F00001F026FB12E0FEF7A3F8FEF7F3F9FEF7D2
:10C500009FF80121FEF736FA08E001F0E9FF02F09A
:10C510008BF801F0E5FF012102F04AF9F6F749F93D
:10C52000016809698847002568B2B0BD63616C6C19
:10C5300065643A20656F5F6D6F74696F6E636F6ECF
:10C5400074726F6C5F53746172742829000000006C
:10C5500063616C6C696E6720656F5F706F735F53AA
:10C5600074617274282920696E206D6300000000D8
:10C5700063616C6C696E6720656F5F706F735F5489
:10C5800072616E736D697373696F6E282920696EAD
:10C59000206D6300B0B50446FBF714FB42F22A722B
:10C5A0001FA1C0F60602FBF731FB8CB1607868B1C1
:10C5B000E07858B1207D02280CD1FEF742FEFEF74C
:10C5C000F7FAFEF73DF8FEF7AEF91CE0002524E08F
:10C5D000FE2522E0E8F796FAFBF7F4FA42F22A7217
:10C5E00017A1C0F60602FBF711FBE8F74FFA50B9A6
:10C5F000FBF7E8FA42F22A7219A1C0F60602FBF72D
:10C6000005FBE8F715FA00250420E570207302F019
:10C61000A7FF227B002102F093FF68B2B0BD00BFEC
:10C6200063616C6C65643A20656F5F6D6F74696FF0
:10C630006E636F6E74726F6C5F53746F7028290035
:10C6400043414C4C45443A204D436F6E74726F6CBD
:10C650006C65725F676F5F69646C65282900000014
:10C6600043414C4C45443A204D436F6E74726F6C9D
:10C670006C65725F6465696E69742829000000004A
:10C6800098B12DE9F04792B004464078002800F0B8
:10C69000F480E078002800F0F080207D022806D1A8
:10C6A00007F077F807F0BCF8E7E0FE20E9E0617DED
:10C6B000042920D194F86416E9B104F2646804F501
:10C6C000C767002598F80000EEB23146FAF712FC71
:10C6D00001280AD1396821B13879032898BFE8F7D1
:10C6E0005AF940463146FAF709FC0135042D07F1A5
:10C6F0000C07E7D1207D0E2826D8012101FA00F091
:10C7000044F6180108421FD094F8BC5185B104F2D8
:10C7100022660027062D28BF062500BFF01910F855
:10C72000060C17F0D1FE26F817000137BD42F5D1EF
:10C7300017F076FFA4F82E06FAF761FDB4F92E166D
:10C7400004F22262FAF7CCFD002500BFF6F731F8BB
:10C7500001684969884730B905201AF0B9FC1D2DD8
:10C7600005F10105F2D3F6F724F801684969884715
:10C7700094F8BC11002842D0D9B300250DF134093A
:10C780000DF1200A0DF1040848461321E5F796FC47
:10C7900050461321E5F792FCF6F70BF80168EFB26B
:10C7A0008E6939464A465346B04738464946F2F7FD
:10C7B0001AFE38465146F2F716FE40461B21E5F7B1
:10C7C0007DFCF5F7F6FF016842460B6B394698474A
:10C7D000FAF78CFF3946FAF7C1FF20B101AB0ECB57
:10C7E0000265C0E91213013594F8BC01E9B2814237
:10C7F000CAD3F5F7DEFF0168C96988470BE051B17C
:10C80000002500BFE8B2E8F705FC013594F8BC014B
:10C81000E9B28142F6D3F5F7CCFF01680969884790
:10C82000E8F708F994F8BC0138B30025FAF75EFF81
:10C83000E9B2FAF793FF50B1064628463146E8F7C9
:10C8400015F906F1100128460022E8F733F994F8AB
:10C85000BC0101358542E9D378B10025FAF746FFDE
:10C86000E9B2FAF7B5FF18B101462846E8F716F91C
:10C8700094F8BC0101358542F0D3002012B0BDE828
:10C88000F04740B2704700002DE9F04387B0994669
:10C8900015460E460446FBF795F942F22A72C4A1EA
:10C8A000C0F60602FBF7B2F9002C00F09380002ED0
:10C8B00000F0908030780E2800F29E80012101FA6D
:10C8C00000F044F61E01084200F0968060780128CE
:10C8D00002D12046FFF7C2FB0220207302F040FE87
:10C8E000227B0021002702F02BFED4F8800105F006
:10C8F00009FE04F11408404631464FF4B472E5F7DE
:10C900006EFB207D01380D2800F24D81DFE810F02C
:10C910000E00C70082000D014B014B014B014B0182
:10C920004B014B012D014B014B01A30004F12000F1
:10C93000FAF75BFC627F0021CDF816108DF810200D
:10C94000217ED4F81920C4F80806C4E9015484F8FB
:10C9500002908DF81110CDF81220FAF747FCA8B11B
:10C96000054604A8861D0027D4F80806F9B2FAF790
:10C970003AFC017801F0010006EB4000C1F34301ED
:10C98000FAF766FB0137F8B2A842EDD3D4F8A80154
:10C99000F8F7D8FED4F8A80104A9F8F7B8FE4EF6C7
:10C9A0002B70C0F60200C4E96B084FF21130657DB0
:10C9B000E68AC0F60200CDE90204F5F7FAFED4F8E3
:10C9C00008160268009145EA064101911768694618
:10C9D00002AB3DE040F21856C1F20006052030736C
:10C9E00002F0BEFD327B002102F0AAFD15B1204607
:10C9F0000021A847FE27D6E00520207302F0B0FDF5
:10CA0000227B002102F09CFD15B120460021A847A1
:10CA1000FF27C8E004F11800FAF7E7FBC4F808069E
:10CA20004FF27150C4E90154657DE68AC0F60200F8
:10CA300084F80290CDE90404F5F7BBFED4F808169B
:10CA40000268029145EA06410391176802A904AB06
:10CA50000122B847A6E004F13000FAF7C6FBC4F89B
:10CA600008060D2004F1180784F89C048FCFE66AAD
:10CA700004F5946CC4E9015484F8029004F29C45D6
:10CA80008CE88F00C4F8B46400F0F2FE4EF6353244
:10CA9000C0F602022946012301F0EAF882E00520EF
:10CAA00084F8C401E06A218EC4F8C801A4F8CC114E
:10CAB00004A803218DF81010217E871DD4F81900D9
:10CAC0000026C4E9015484F8029004F5E27904F1E7
:10CAD0002005C4F808668DF81110CDF81660CDF861
:10CAE000120000BFA95D01F0010007EB4000C1F397
:10CAF0004301FAF7ADFA01360C2EF3D1D4F8A801B0
:10CB0000F8F720FED4F8A80104A9F8F700FE4FF2C8
:10CB10004900C0F60200C4E96B08FDF791FD4EF62E
:10CB20001F62C0F6020249461BE004F12000FAF73A
:10CB30005CFBC4F80806052084F8C401A069A18B39
:10CB4000C4E9015484F8029004F5E275C4F8C80100
:10CB5000A4F8CC11FDF774FD4EF61F62C0F6020278
:10CB600029460123FDF722FF1CE004F12000FAF71B
:10CB70003CFBC4F808060C2084F83003D4E9060115
:10CB8000C4E9015484F8029004F54C75C4E9CD0160
:10CB900001F0A6FC4EF62B42C0F602022946012304
:10CBA00001F078FE002778B207B0BDE8F08300BF3F
:10CBB00063616C6C65643A20656F5F6D6F74696F5B
:10CBC0006E636F6E74726F6C5F56657269667928FA
:10CBD0002900000050B1FF22002182804FF0FF3277
:10CBE00001608260C0E90411816100E0FE2148B269
:10CBF00070474FF0FE0CD0B1CAB1C3B1012903D0C8
:10CC000099B90169143001E00169081D80B5B1F8D6
:10CC100000C0016810466246A3F800C0E5F726F997
:10CC20004FF0000CBDE8804001E04FF0FF0C4FFAE0
:10CC30008CF07047002814BF80684FF0FF307047B9
:10CC400043F62041C0F6060109680068081A18BFBB
:10CC50000120704748B1016939B1896841B180B597
:10CC600088470020BDE8804000E0FE2040B27047C9
:10CC7000FF20FBE7002814BF40790020704780B5F3
:10CC8000FEF7E4FB04211C220123FEF7E9FB48B177
:10CC9000FF22002182804FF0FF3201608260C0E9F4
:10CCA0000411816180BD002814BF406900207047D5
:10CCB000B0B5A0B11C4603690546012A04D0987896
:10CCC00000F0FE0002280CD168691A88E5F7CEF85A
:10CCD000284621460022002410F038FA02E0FE2403
:10CCE00000E0FF2460B2B0BD00280EBF0020006944
:10CCF00000887047D0E90423084612881946E5F7F2
:10CD0000B5B870B58446DDE90640DDF820E0DDE920
:10CD10000465CCE904400020CCF800108CF8042015
:10CD20008CF80530CCE90265CCF818E070BD4FF006
:10CD3000FE0248B141B1C2682AB180B590470022D5
:10CD4000BDE8804000E0002250B27047A8B170B545
:10CD5000144602690546907800F0FE0002280ED1C4
:10CD60000E46516868691288E5F780F82846314612
:10CD7000224610F0EBF9002002E0FE2002E0FF2046
:10CD8000BDE8704040B27047A0B170B51546026969
:10CD90000646907800F0FE0002280DD170691288D6
:10CDA0001C46E5F763F830462946224610F0CEF9D6
:10CDB000002002E0FE2002E0FF20BDE8704040B20B
:10CDC000704730B180B510F0C1F90020BDE8804057
:10CDD00000E0FE2040B2704743F62041C0F6060155
:10CDE00009680068081AB0FA80F0400970470069C5
:10CDF000807800F0FE000238B0FA80F040097047F9
:10CE000070B5064600284FF0FE0018BF00290CD070
:10CE10001546D6E904201C461288E5F727F8304667
:10CE20002946224610F092F9002040B270BD18B198
:10CE300002680AB1407910B1FF2040B2704780B556
:10CE400008460BF054F80020BDE88040F5E780B1BB
:10CE5000F0B583B0174604464FF0FF0092B30E467C
:10CE6000216879BB1D4618462EB10BF048F830B941
:10CE700003E0FF2029E00BF03AF8A06808B1FF209A
:10CE800020E02760002E08BF6FF001052571002506
:10CE900004204FF6FF710022002366710095019572
:10CEA00006F048FB94F82010A060022902D1606AC5
:10CEB000804705464FF0FF30E56020616061A0616A
:10CEC000E061002003B0BDE8F04040B270470000D0
:10CED0002DE9F04381B0814600284FF0FE0024D0B8
:10CEE0001C4613B323784846FFF7B1FF08B1FF2073
:10CEF0001BE06068FAF781F9B0B1DDF820800646E2
:10CF0000002500BF6068A9B2FAF775F907460AF074
:10CF1000B5FF012804D148463946424600F00AF8D8
:10CF20000135A8B2B042EDD3002040B201B0BDE857
:10CF3000F08300002DE9F04F93B0834600284FF0B6
:10CF4000FE0000F094800F46002900F090809BF8CE
:10CF500004909046FEF77AFA1C21FEF7D9FB394679
:10CF6000092204461290E4F781FF2178621C4846AA
:10CF70000AF0F8FF217848460BF074F939788246B8
:10CF800048460BF0E3F800284FD0002706466081A2
:10CF90002773FEF75BFA002152460123FEF760FA81
:10CFA000206102469BF82000032804D1DBF824000E
:10CFB00080472269074621784846534667610AF050
:10CFC000F9FF9BF82000042817D1002504203146E2
:10CFD000002200230095019506F0ACFA02AFA06193
:10CFE000DBF824008047A16902900846394606F024
:10CFF0009EFB0135A8B2B042F2D3DBF8080006F080
:10D00000C3FB2178DBF808200BEB4101088212A951
:10D01000104606F08CFBB8F1010F04D11299584666
:10D020000A7810F0ABF8002021E002AD284640213C
:10D03000E5F744F83B7810A228464021E4F79AFB34
:10D04000FAF7C0FD43F21807C0F6060704212A4686
:10D0500000230097FAF793FD2178484600220AF052
:10D0600081FFFEF7F3F92146FEF7ACF9FF2040B24D
:10D0700013B0BDE8F08F00BF454F6E765365743A2C
:10D08000206570202564206861732030206E7673DF
:10D09000000000002DE9F04F87B006460846904694
:10D0A0000D460AF00DFF0446002E4FF0FE0059D049
:10D0B000B8F1000F56D03779294638460DF0A4FA5A
:10D0C000E8B1384629460DF0F2FA069020460DF0F8
:10D0D000E0FA8146384629460DF073FB8246384611
:10D0E00029460DF00FFB96F820108346042912D034
:10D0F000032906D0022922D106F10C001DE0FF20F1
:10D1000030E028460AF0DCFE0146304610F0ACF86C
:10D11000A8B1143011E028460AF0D2FE014630468C
:10D1200010F0A2F858B10446307929460AF0BAFF47
:10D13000A26981B2104606F0B1F9046800E000244B
:10D14000BAF1000F4FF0FF0018BFBBF1000F09D07C
:10D150003168069B40463A468DE8200E0494FFF75E
:10D16000D0FD002040B207B0BDE8F08F70B50C468E
:10D170000546FEF76BF90021282201230026FEF761
:10D180006FF906604462002C08BF254680F82050E5
:10D1900070BD4FF0FE0330B129B122B10368808821
:10D1A0000B600023108058B2704700280FBFFE208C
:10D1B00001608280002040B270474FF0FE0218B13B
:10D1C00011B140890022088050B270474FF0FE0C28
:10D1D000E0B180B5DDF808E0BEF1000F14D090F8A2
:10D1E00007C0BCF1010F0DD14FF0000C016082802F
:10D1F00080F806C0038143818381A0F80EC0C0F887
:10D2000010E001E04FF0FF0CBDE880404FFA8CF0D9
:10D210007047B0B50446FEF719F904211422012322
:10D22000FEF71EF9054600202860A880A871288115
:10D230006C81E86034B1FEF709F90121224601232F
:10D24000FEF70EF9B4FA84F1490928612846E9711C
:10D25000B0BD4FF0FE0348B141B13AB10389D0F8F7
:10D2600010C0C38113800023C1F800C058B27047BA
:10D2700048B14289914208D902818281002101226C
:10D28000C181827105E0FE2103E0018181810021DD
:10D29000C18148B2704700220146026082808271DB
:10D2A00002810020CA607047B0B50C460968054687
:10D2B0000160A08869892289A8800020914298BFD6
:10D2C0000120A871208998BF08462881A881286973
:10D2D0000022EA81E4F7D0FE286921692A89E4F76F
:10D2E000C5FD0020B0BDB0B50D460446002020604D
:10D2F000A080A0712081E060618131B1FEF7A6F8C5
:10D30000ABB201210122FEF7ABF8B5FA85F149096C
:10D3100020610020E171B0BD44F68900C1F2000037
:10D32000017801291CBF0121017070472DE9F04FE0
:10D3300081B00B9FC0B10E46B1B11C46A3B1DDF860
:10D340002890B9F1000F0FD077B12046154601F0B3
:10D35000ECFC0020072DA9F80000387009D8FF2048
:10D360003870A9F8005037E00FB1FC203870FE206B
:10D3700032E0B2461AF8080B402828D2707801F043
:10D3800067FD20B3304601F015FD804601280FD11E
:10D39000304601F00AFD012819D1708801F000FD26
:10D3A00002460830A84212D8514606EB000A01E0B6
:10D3B00000210022307800F0080C00F0040B02EB92
:10D3C0005C0000EB4B00083083B2AB4208D9FD2073
:10D3D0003870A9F80050FF2040B201B0BDE8F08FCE
:10D3E000258BAB4204D9FE213970A9F80000F2E781
:10D3F00000233B70A9F80000D6E90003B8F1010F43
:10D40000C4E9000306D17388A06863806546E4F729
:10D410002DFDAC46BCF1000F1CBFDAF80000E06047
:10D42000BBF1000F08D04FEA5C000AEB000149682D
:10D430005AF80000C4E904016288A36804F14000BE
:10D44000214601F0E9FC0020C6E70000002847D093
:10D450002DE9F04F81B005464078E0B3E878D0B3CD
:10D4600095F8BC01B8B30E4605EB42000978B0F858
:10D47000D20109099146F9F7DFFD60B3307A01283E
:10D480001FD8707A10F00F0B1BD0D5F8C811070900
:10D4900001F1040A00240DF10208BBF1020F28BFBC
:10D4A0004FF0020B06EB440040894246ADF8020003
:10D4B0003819C1B250460123F8F79EF80134A3454C
:10D4C000F0D13078010909F0010005EB400000F5CA
:10D4D000EB70F9F7B5FD002001B0BDE8F04F00E0BA
:10D4E000FE2040B2704700002DE9F04182B00D46A9
:10D4F0000446FAF767FB45F6EA224BA1C0F606029E
:10D50000FAF784FB002C4FF0FE0600F08880002D17
:10D5100000F0858028780D2840F080806078012810
:10D5200007D120462946002202B0BDE8F0410FF0A5
:10D53000AFBEFAF7DBF801214FF00108FAF7D7FA8E
:10D54000FAF7D4F8FAF7C3F9002865D0FAF7CEF85D
:10D5500000210026FAF74CF9C4F8C80104F11400C0
:10D5600029464FF4B472E4F708FDA17F04F5E97091
:10D5700001F0010200EB4200C1F34301C4F8D261A3
:10D58000C4F8D661C4F8DC6184F8E581F9F760FD80
:10D59000A97A0227287967F35F118DF80510298988
:10D5A0008DF80400D4F8A001ADF8061001A906F02A
:10D5B000BEF8A87A0DF1020167F35F108DF8020042
:10D5C000D4F8A4018DF8036006F0B1F8F8F7C9FEAD
:10D5D000D4F8A011F8F764FFF8F7C3FED4F8A4312B
:10D5E00002210522F8F76CFCD4F8C801051D284675
:10D5F000F8F7A8F82846F8F747F801462846F8F75C
:10D60000AFF8042084F80180207301F0A9FF227B89
:10D61000072101F095FF02E000206070FF2670B244
:10D6200002B0BDE8F08100BF63616C6C65643A20B4
:10D63000656F5F706F735F416374697661746528AD
:10D640002900000070B584B0002846D04578002D30
:10D6500041D0C578002D3ED090F8BC51002D4FF040
:10D6600000053BD00395029545F20225A0F8B45180
:10D670000DF10605C0F8B85100EB810595F82110B1
:10D68000920101F01F0463F34512DDF820C0867F8C
:10D69000A31885F82130CB06A5F822C01BD505F1CB
:10D6A00020031B7800F5DA7518098DF8060003F0E1
:10D6B0000F008DF807000E2000EA121040EA01105A
:10D6C00001308DF80800ADF80AC0F9F770F8294666
:10D6D0003246F9F771FA002500E0FE2568B204B081
:10D6E00070BD0000B0B586B00D460446FAF76AFA80
:10D6F00045F6EA2220A1C0F60602FAF787FA4FF0B3
:10D70000FE00ACB3A5B3607888B32878052801463D
:10D7100098BF0521C82928BFC821884284F8BD11B7
:10D720001FD041EA00200021CDE90211ADF80E0022
:10D73000CDE9041105204A2107F08EFE0290032056
:10D7400084F89801FAF73EFA94F8981145F6EA231E
:10D7500002ADC0F6060300220095FAF710FA94F81D
:10D76000BD014000C4F8E001012084F8BC010020A4
:10D7700040B206B0B0BD00BF63616C6C65643A2016
:10D78000656F5F706F735F436F6E6669672829000E
:10D79000B0B50446FAF716FA45F6EA222DA1C0F60E
:10D7A0000602FAF733FA002C51D06078002844D0F2
:10D7B000E078012802D1204600F032F994F8D00137
:10D7C000002842D1607848B1D4F8CC014DF29932AA
:10D7D000C0F604020021002301F036FEF8F7C1FD77
:10D7E000D4F8A43102210522F8F7F8FBF8F7B9FDC7
:10D7F000D4F8A011F8F7A4FEF9F778FF002100256E
:10D80000FAF775F904F114004FF4B471C4F8C85173
:10D81000E4F754FCD4F8A001FF21217505F04AFE7D
:10D82000D4F8A40105F046FED4F8A801F7F78AFF62
:10D83000D4F8800104F066FE65700120207301F0C9
:10D840008FFE227B072101F07BFE002000E0FE20FE
:10D8500040B2B0BD63616C6C65643A20656F5F7007
:10D860006F735F446561637469766174652829002C
:10D8700041F23070C1F200000178012918BF002088
:10D880007047F0B583B041F23074C1F200042078E3
:10D89000012856D0FF2020750025042001210022F8
:10D8A0000023CDE900550427012605F043FEC4F806
:10D8B000A00102200121002200230095019505F01E
:10D8C00039FEC4F8A40101200A210022F7F7F0FE76
:10D8D000C4F8A801022005210022FF2384F8BC51CE
:10D8E0000AF0F8FAC4E97105012004210022C4F805
:10D8F000D251C4F8D651C4F8DC5184F8E561F7F789
:10D90000D7FEC4F8CC01322084F8D051C4F8BD0150
:10D9100004F010FDC4F880010520482184F89871B6
:10D92000A4F88C5107F098FDC4F888012680E570B2
:10D9300084F8E451267301F013FE227B072101F0E5
:10D94000FFFD41F23070C1F2000003B0F0BDB0B590
:10D9500082B0D8B10446FAF735F994F8981104F575
:10D96000C47245F6EA230092C0F6060300220025A1
:10D97000FAF705F9D4F8880107F05AFD462806D1D0
:10D98000F7F7FDFFF8F737F9002500E0FE2568B24C
:10D9900002B0B0BD50B1134642784AB1D0F8CC01C4
:10D9A0004DF29932C0F6040201F04EBDFE2000E0B7
:10D9B000002040B27047000010B50446FAF702F9A3
:10D9C00045F6EA2210A1C0F60602FAF71FF954B193
:10D9D0006078B0B1E078012807D194F8D001013027
:10D9E00084F8D0010DE0FE200CE0012084F8D00185
:10D9F000E0700620207301F0B3FD227B072101F0C7
:10DA00009FFD002040B210BD63616C6C65643A20DC
:10DA1000656F5F706F735F537461727428290000C3
:10DA2000B0B50446FAF7CEF845F6EA2212A1C0F6E0
:10DA30000602FAF7EBF8E4B16078C0B1E078B0B173
:10DA400094F8D00198B1013884F8D00100064FF065
:10DA500000050FD120460FF079FC0420E5702073FB
:10DA600001F07EFD227B072101F06AFD02E0002526
:10DA700000E0FE2568B2B0BD63616C6C65643A205D
:10DA8000656F5F706F735F53746F702829000000BB
:10DA900028B310B586B004464078D8B1E078C8B154
:10DAA00094F8BC01B0B194F8E401012812D1D4E992
:10DAB0007701421C8842C4F8DC210BD9B4F8D601A6
:10DAC000B4F8D81140EA010212040BD1012084F805
:10DAD000E5012CE0002006B0BDE8104000E0FE208B
:10DAE00040B2704789B241EA004140F3C0300022A1
:10DAF0004FF4E023CDE904100020392184F8E5211A
:10DB0000CDE9022307F0A8FC0290032084F89801D5
:10DB1000FAF758F894F8981145F6EA230DF1080C35
:10DB2000C0F606030022CDF800C0FAF728F8D4F8B2
:10DB3000D201C4F8D6010020C4F8DC01CBE7000014
:10DB40002DE9F04184B00D460446FAF73BF845F65E
:10DB5000EA223FA1C0F60602FAF758F8002C6DD071
:10DB6000607800286FD0E07800286CD094F8BC0171
:10DB7000002868D0012D63D145F20220A4F8B40139
:10DB800001A80025C4F8B801A67F40F60F60CDF8C3
:10DB90000A50CDF8065004F5DA78ADF80400F8F72D
:10DBA00006FE41463246F9F707F89DF80A0000F0F4
:10DBB000FE008DF80A0000BF04EB850090F82110EC
:10DBC000CA0619D590F82020408C130902F00F02E4
:10DBD0008DF805200A0142EA11118DF804308DF804
:10DBE0000610ADF80800F8F7E2FD27F0FF018F19E5
:10DBF00041463A46F8F7E0FF0135042DDCD194F8B0
:10DC0000BD018DF80F0045F20230A4F8B4010DF10A
:10DC10000F00C4F8B801F8F7CAFDD4F8C421414692
:10DC2000F8F71EFF40F20110D4F8D211A4F8E40175
:10DC30000020C4F8D611C4F8DC0105E0FE2003E0A2
:10DC400020460FF083FB002040B204B0BDE8F08115
:10DC500063616C6C65643A20656F5F706F735F54CD
:10DC600072616E736D697373696F6E2829000000AD
:10DC70002DE9F04383B01F4615460E460446F9F7DA
:10DC8000A1FF45F6EA2245A1C0F60602F9F7BEFF5C
:10DC900074B16EB130780D281CD1607801282AD17A
:10DCA000204631462A4603B0BDE8F0430FF0F0BAF3
:10DCB00041F23076C1F200060520307301F050FCCD
:10DCC000327B072101F03CFC15B120460021A8471A
:10DCD000FE270CE00520207301F042FC227B072187
:10DCE00001F02EFC15B120460021A847FF2778B28D
:10DCF00003B0BDE8F08396F8048002214046052277
:10DD00004FF0050905F014FF3179884543D100280B
:10DD100041D00220207301F023FC227B072101F077
:10DD20000FFCD4F8800104F0EDFBC4E90154A770A6
:10DD3000B088B27AADF80200D6F806000DF10208FC
:10DD4000002708F1060102970190C2F3430002F098
:10DD50000102012331F8125003FA00F040EA0503F2
:10DD6000D4F8A80121F81230F7F7ECFCD4F8A80198
:10DD70004146F7F7CCFC4DF2AD30C0F6040004F597
:10DD8000D675C4E96B06F7F7FAFDD4F8A8112A4650
:10DD9000F7F748FFABE784F80C909DE763616C6C84
:10DDA00065643A20656F5F706F735F566572696670
:10DDB00079282900002814BF90F8E5010020704759
:10DDC000B0B582B043F28405C0F60605002818BF3E
:10DDD0000546287810B3FDF739FB04211C220123E6
:10DDE000FDF73EFB044695E80F004FF0000C84E879
:10DDF0000F006988E868206149B1402000220023B3
:10DE0000CDF800C0CDF804C0FCF7ECF98446A86852
:10DE1000C4F814C018B18047A06100E00024204677
:10DE200002B0B0BD70B588B00C4606460025002093
:10DE30002C21CDE9025507F00FFB02904FF0FF3087
:10DE40000694079036B370694FF66F61C0F604010F
:10DE500006AAFCF76FF90146706921B1FCF7D6F804
:10DE600000F1340516E0FCF7E5F87169054608464F
:10DE7000FCF7B8FA40EA05200025ADF80E00CDE920
:10DE80000445F9F79FFE02AE04210022002300960C
:10DE9000F9F775FE284608B070BD2DE9F04796B039
:10DEA0000C4605460027002028211646CDE90277BA
:10DEB00007F0D2FA0290ADF80E700597049705B3FB
:10DEC000FCB104F120073846FEF7D4FE20B394F8E5
:10DED0004100052843D0032839D001280FD10CF088
:10DEE000E9FF0CF0F5FF804668698946FCF76FF999
:10DEF0008246304600F019FFBAF1010F62D1FF27C8
:10DF000035E0F9F75FFE02AF0421002200230097FD
:10DF1000F9F735FEFE2743E06869FCF78BF869697D
:10DF200005460846FCF75EFA40EA0520ADF80E000B
:10DF3000E06C616CCDE90410F9F744FE02AF0421F6
:10DF4000002200230097F9F71AFEFF2728E0A16CB2
:10DF500004F1400338460122FEF716FF05E004F104
:10DF6000400238460121FEF7F1FEE8B10746686934
:10DF7000FCF760F8696905460846FCF733FA40EAA1
:10DF80000520ADF80E00E06C616CCDE90410F9F7E6
:10DF900019FE02AE0421002200230096F9F7EFFDDE
:10DFA00078B216B0BDE8F087002E4FF00007F7D02A
:10DFB000207810F02000F3D0307800F0FC00023020
:10DFC0003070EDE7264616F8400F042101EA900173
:10DFD00000F0C80008448DF8180002208DF81900E0
:10DFE0007068F2684FF0000CCDE9070C099243F617
:10DFF00034406A68C0F60600006818EB020349F175
:10E000000001ADF81AC0904204BF4FF0FF314FF04D
:10E01000FF33CDE90A3197E80F40D7E905890DF1C3
:10E02000300A8AE80F4011A880E80013686906A941
:10E03000CDF850C0FCF784F9384602213246FEF78D
:10E04000C0FE002892D10027AAE72DE9F04188B050
:10E050000D460446002600202B219046CDE902669D
:10E0600007F0FAF902904FF0FF30ADF80E60CDE9FD
:10E07000046606950790B4B360694FF66F61C0F609
:10E08000040106AAFCF756F806466069B6B33146A5
:10E09000FBF7BCFFB8F1000F074606D007F11800E8
:10E0A000414601220023FEF703FEE0684FF000081E
:10E0B0003946C7F81080C7F8148004F0B1FB074652
:10E0C00060B1ADF80E80CDE90458F9F77BFD02ADE3
:10E0D0000421002200230095F9F751FD60693146C3
:10E0E000FBF7C4FF22E0F9F76DFD02AF0421002227
:10E0F00000230097F9F743FDFE2717E0FBF79AFF8F
:10E10000616904460846FCF76DF940EA0420ADF861
:10E110000E000020CDE90450F9F754FD02AF0421B0
:10E12000002200230097F9F72AFDFF2778B208B0F4
:10E13000BDE8F081D0B170B504460CF0BBFE0CF028
:10E14000C7FE054660690E46FCF734F850B1D0E9C9
:10E150000401401B71EB060004D26069FCF7D9F89A
:10E160006069F1E70020BDE8704000E0FE2040B2A9
:10E170007047000000283DD02DE9F04F81B00546E2
:10E18000407890B3E87880B395F8BC0168B3087A1A
:10E1900091460E46F8B9707A10F00F0B1BD0D5F8E7
:10E1A000C811070901F1040A00240DF10208BBF1AE
:10E1B000020F28BF4FF0020B06EB44004089424695
:10E1C000ADF802003819C1B250460123F7F714FA2E
:10E1D0000134A345F0D13078010909F0010005EBC5
:10E1E000400000F5EB70F8F72BFF002001B0BDE810
:10E1F000F04F00E0FE2040B2704700002DE9F04FE4
:10E2000083B08B460446F9F7DDFC45F6E12253A1C5
:10E21000C0F60602F9F7FAFC002C4FF0FE0000F001
:10E220009980BBF1000F00F095809BF800000C284E
:10E2300040F08F806078012807D12046594600229F
:10E2400003B0BDE8F04F0FF0EDB9F9F74FFA012137
:10E250004FF00108F9F758FCF9F748FAF9F73EFBD7
:10E26000002874D0F9F742FA00210027F9F7CEFA16
:10E27000C4F8C80104F1140059464FF4B472E3F72E
:10E280007CFE04F5E97604F11D05C4F8D271C4F8EA
:10E29000D671C4F8DC7184F8E58100BFE95D01F056
:10E2A000010006EB4000C1F34301F8F7D1FE01374E
:10E2B000032FF3D10BF1090700264FF00F094FF0A0
:10E2C000020A0DF1080800BFB85DBBF807106AF339
:10E2D0005F10CDF808908DF80900D4F8A001ADF8D2
:10E2E0000A10414605F023FA0136032EECD14FF017
:10E2F00000084FF002090DF106050026B85D294619
:10E3000069F35F108DF80600D4F8A4018DF807803A
:10E3100005F00DFA0136032EF0D1F8F722F8D4F803
:10E32000A011F8F7BDF8F8F71CF8D4F8A4310221D1
:10E3300004220425F7F7C4FD01206070257301F065
:10E340000FF9227B062101F0FBF8002002E00020FB
:10E350006070FF2040B203B0BDE8F08F63616C6C69
:10E3600065643A20656F5F7073635F4163746976BB
:10E37000617465282900000010B586B004460028A5
:10E380004FF0FE0018BF002936D0607898B30878A7
:10E390000528014698BF0521C82928BFC821884201
:10E3A00084F8BD1121D041EA00200021CDE90211FD
:10E3B000ADF80E00CDE904110520392107F04CF825
:10E3C0000290032084F89801F9F7FCFB94F8981167
:10E3D00045F6E1230DF1080CC0F606030022CDF846
:10E3E00000C0F9F7CCFB94F8BD014000C4F8E0018F
:10E3F000012084F8BC01002040B206B010BD00002E
:10E40000B0B50446F9F7DEFB45F6E1222DA1C0F6D2
:10E410000602F9F7FBFB002C51D06078002844D0AD
:10E42000E078012802D1204600F032F994F8D001BA
:10E43000002842D1607848B1D4F8CC014DF23D7249
:10E44000C0F604020021002300F0FEFFF7F789FF69
:10E45000D4F8A43102210422F7F7C0FDF7F781FFB9
:10E46000D4F8A011F8F76CF8F9F740F9002100256D
:10E47000F9F74AFB04F114004FF4B471C4F8C85121
:10E48000E3F71CFED4F8A001FF21217505F012F876
:10E49000D4F8A40105F00EF8D4F8A801F7F752F962
:10E4A000D4F8800104F02EF865700120207301F08B
:10E4B00057F8227B062101F043F8002000E0FE20FF
:10E4C00040B2B0BD63616C6C65643A20656F5F708B
:10E4D00073635F44656163746976617465282900BC
:10E4E00041F61810C1F200000178012918BF002080
:10E4F0007047F0B583B041F61814C1F200042078DB
:10E50000012856D0FF202075002504200321002279
:10E510000023CDE90055042605F00CF8C4F8A0014D
:10E5200002200321002200230095019505F002F846
:10E53000C4F8A40101200A2100220127F7F7B8F846
:10E54000C4F8A801022004210022FF2384F8BC5152
:10E5500009F0C0FCC4E97105012004210022C4F8BF
:10E56000D251C4F8D651C4F8DC5184F8E571F7F7FC
:10E570009FF8C4F8CC01322084F8D051C4F8BD0112
:10E5800003F0D8FEC4F880010520372184F8986193
:10E59000A4F88C5106F060FFC4F888012780E5706C
:10E5A00084F8E451277300F0DBFF227B062100F0A2
:10E5B000C7FF41F61810C1F2000003B0F0BDB0B5BE
:10E5C00082B0D8B10446F9F7FDFA94F8981104F531
:10E5D000C47245F6E1230092C0F60603002200252E
:10E5E000F9F7CDFAD4F8880106F022FF352806D1D4
:10E5F000F7F7C5F9F7F7FFFA002500E0FE2568B246
:10E6000002B0B0BD50B1134642784AB1D0F8CC0147
:10E610004DF23D72C0F6040200F016BFFE2000E08D
:10E62000002040B27047000010B50446F9F7CAFA5E
:10E6300045F6E12210A1C0F60602F9F7E7FA54B157
:10E640006078B0B1E078012807D194F8D0010130AA
:10E6500084F8D0010DE0FE200CE0012084F8D00108
:10E66000E0700620207300F07BFF227B062100F083
:10E6700067FF002040B210BD63616C6C65643A2096
:10E68000656F5F7073635F53746172742829000053
:10E69000B0B50446F9F796FA45F6E12212A1C0F6A4
:10E6A0000602F9F7B3FAE4B16078C0B1E078B0B12E
:10E6B00094F8D00198B1013884F8D00100064FF0E9
:10E6C00000050FD120460FF013F80420E5702073E9
:10E6D00000F046FF227B062100F032FF02E0002519
:10E6E00000E0FE2568B2B0BD63616C6C65643A20E1
:10E6F000656F5F7073635F53746F7028290000004B
:10E7000028B310B586B004464078D8B1E078C8B1D7
:10E7100094F8BC01B0B194F8E401012812D1D4E915
:10E720007701421C8842C4F8DC210BD9B4F8D60129
:10E73000B4F8D81140EA010212040BD1012084F888
:10E74000E5012CE0002006B0BDE8104000E0FE200E
:10E7500040B2704789B241EA004140F3C030002224
:10E760004FF4C023CDE904100020392184F8E521BD
:10E77000CDE9022306F070FE0290032084F8980190
:10E78000F9F720FA94F8981145F6E1230DF1080CF9
:10E79000C0F606030022CDF800C0F9F7F0F9D4F86E
:10E7A000D201C4F8D6010020C4F8DC01CBE7000098
:10E7B000002864D02DE9F04383B0814640780028DA
:10E7C00062D099F8030000285ED099F8BC010028B7
:10E7D0005AD0012955D145F20220A9F8B401684662
:10E7E000002709F5DA78C9F8B801012009F11D05FB
:10E7F000CDF80670CDF80270ADF800708DF8060007
:10E800008DF802009DF802009DF8061000F00F0040
:10E8100040EA47108DF8020001F00F0040EA47106F
:10E820001030EC5D8DF80600F7F7C1FF26F0FF0110
:10E830000E1941463246F8F7BFF90137032FE1D1EF
:10E8400099F8BD018DF80B0045F20230A9F8B4012A
:10E850000DF10B00C9F8B801F7F7A9FFD9F8C421E9
:10E860004146F8F7FDF840F20110D9F8D211A9F8A5
:10E87000E4010020C9F8D611C9F8DC0105E0FE204A
:10E8800006E048460EF034FF002003B0BDE8F04338
:10E8900040B27047F0B583B01F4616460D46044699
:10E8A000F9F790F945F6E1223FA1C0F60602F9F723
:10E8B000ADF974B16DB128780C281CD160780128AD
:10E8C00027D120462946324603B0BDE8F0400EF07D
:10E8D000A9BE41F61815C1F200050520287300F005
:10E8E0003FFE2A7B062100F02BFE16B120460021B8
:10E8F000B047FE2055E00520207300F031FE227B5A
:10E90000062100F01DFE16B120460021B047FF2071
:10E9100047E00220207300F023FE227B062100F056
:10E920000FFED4F8800103F0EDFD0021C4E901647D
:10E93000A77002910F218DF802102979D5F80520D2
:10E940000DF1020006308DF8031001920921012219
:10E950006B5C0131C3F3430703F0010330F813602C
:10E9600002FA07F737430C2920F81370F0D1D4F8D6
:10E97000A801F6F7E7FED4F8A8010DF10201F6F7B9
:10E98000C6FE4DF24D70C0F6040004F5D676C4E91B
:10E990006B05F6F7F4FFD4F8A8113246F7F742F901
:10E9A000002040B203B0F0BD63616C6C65643A2036
:10E9B000656F5F7073635F566572696679282900B9
:10E9C000B0B50C464FF0FE0160B15CB10546406841
:10E9D00000F09CFB6968002821604FF0000108BF2F
:10E9E0004FF0FF3148B2B0BD002818BF303070473B
:10E9F000F0B581B043F29406C0F60606002818BFB1
:10EA00000646FCF723FD042178220123FCF728FDAC
:10EA1000044600F0D0FA206000F0CDFA7188606002
:10EA2000084600F055F9B188A060084600F050F99A
:10EA3000B1680027C4E9030130886761278340B1CA
:10EA4000FCF704FD328804210123FCF709FD05468B
:10EA500000E0002543F65840C0F60600D0E900016A
:10EA6000C4E90750C4E90910E16204F13000302123
:10EA7000E3F724FBD6E90301C4E91A772767206688
:10EA800060683388616629461C2200F07BFA606862
:10EA900000F038FA204601B0F0BD00002DE9F04F3B
:10EAA00087B005460020ADF81A00ADF81800002D1B
:10EAB0004FF0FE0000F0C2800C46002900F0BE803E
:10EAC00068689946904600F01DFA03A90DF10A0204
:10EAD0002046FEF75EFB05A90DF112022046FEF767
:10EAE000B8FB04A92046FEF768FB28680599BDF825
:10EAF0001220BDF8103000F045FA286800F02AFA1C
:10EB000000286FD0286800F032FC834628680F4642
:10EB100000F00DFC43F65844C0F60604D5E908326F
:10EB2000D4E90046824682EA060083EA04063043BE
:10EB30000C461DD0581C42F100018BEA000287EA06
:10EB400001031A4314D0EA6ED5E90A3C0132EA66A1
:10EB50002A6E039E05F1400E2E63C5E90EB78EE8BE
:10EB60000304C5E91343C5F854C00AB128469047C9
:10EB70002868C5E908B7C5F828A0EC6200F0DDFAFE
:10EB8000002842D0074600240DF11A0B0DF1180A97
:10EB9000002600BF2868A9685A4600F0D1FA38B1AB
:10EBA000BDF81A0090B30136BE42F3D32EE000BF89
:10EBB000D5E902132869039A0134F6F755FAE86893
:10EBC00000F044F80028EBD06868E96800220023D0
:10EBD000CDF800A000F0FCF90028E1D0286F01304A
:10EBE0002867DDE7D5E919102A680130A86603987F
:10EBF000C5E9160209B128468847B9F1000F1CBFC4
:10EC0000002089F80000FF2018E00024B8F1000F70
:10EC100018BFA8F80040109CB9F1000F07D0686831
:10EC200000F074FA002818BF012089F8000024B110
:10EC3000286800F07CFBC4E90001002040B207B066
:10EC4000BDE8F08F002818BF20307047002814BF9F
:10EC500040780020704700280EBF0020007800F0A8
:10EC600003007047E8B14278911F11F1050F18D3E6
:10EC7000017840888B0712D1053A12F1030F0ED3A9
:10EC800078B103300A0720F003004FF00C0258BFA0
:10EC90000822104401F0040100EB410002E00028CA
:10ECA000EFD0002080B2704741788A1F12F1050F23
:10ECB0000CD302784088920706D1053911F1030F71
:10ECC00002D318B1012070470028FBD00020704704
:10ECD000B0B50546FCF7BAFB042158220123FCF726
:10ECE000BFFB044605834DB1FCF7B0FB01210122B7
:10ECF0002B46FCF7B5FB218BA06001E0A06800214A
:10ED00000022C4E90022E3F7B7F94FF0FF30C4E96D
:10ED10000300606104F12000FDF75CFF04F1400096
:10ED20001821E3F7CBF92046B0BDB0B5B0B1044629
:10ED3000002505608068218B6560E3F79DF94FF041
:10ED4000FF30C4E90300606104F12000FDF742FFD9
:10ED500004F140001821E3F7B1F900E0FE2568B2A4
:10ED6000B0BD4FF0000CC1B110F0C00315D103329B
:10ED700022F0030205390832830718BF082211F177
:10ED8000030F4FF0040101EA500100F0040041EAD2
:10ED9000400038BF082202EB000C1FFA8CF07047CD
:10EDA00003304FF6FC71084070474088002818BFB8
:10EDB000012070470146007880074FF0000018BF1F
:10EDC000704749780239032938BF01207047000095
:10EDD000431E5FFA83FCBCF1040F9ABF0CA313F827
:10EDE0000CC04FF0010C00F0FD030538013BB0FAF8
:10EDF00080F0B3FA83F34009012A4FEA531308BFA6
:10EE000040EA030C002918BF01218CEA0100704779
:10EE1000000100010000000080B591F800C04280B0
:10EE200080F800C0CA6891F801C0D1F804E0C0E9D8
:10EE30000232D1E9041280F801C0C0F804E0C0E950
:10EE4000041280BD811E0020032938BF01207047B5
:10EE5000411E0020052938BF01207047A0B32DE9CD
:10EE6000F04381B00546806848B30E46016845F21C
:10EE70007863C1F23423994221D14FF0FF01FEB1F2
:10EE80001446828844F22139104450F8187FC8F2A1
:10EE900065794F4514D1B16889B10F689F420ED191
:10EEA000B1F80480183151F808304B4507D1B8F15A
:10EEB000000F25D02B8842441C329A4207D9FF21EB
:10EEC00001B0BDE8F04300E0FF2148B27047424680
:10EED000E2F7CCFF6888A96840446880B0688A88F7
:10EEE000C38802EB0800CA8888801A44CA8011FAD5
:10EEF00080F1C1F818901CB12988081A1C382080AC
:10EF00000021DDE7B0B10188002918BF1C2182680B
:10EF100041800021818072B145F27860C1F23420D5
:10EF2000C2E9000144F22130C8F26570C2E9021161
:10EF3000906100E0FE2148B270474FF0FE0238B108
:10EF400031B1B0F900001C22D0FA52F00022088042
:10EF500050B27047A0B1806890B1016845F2786204
:10EF6000C1F2342291420BD18188084480694BF66A
:10EF7000DF41C7F69A010844B0FA80F040097047B3
:10EF8000002070474FF0FE0C90B189B11C2B02D2CB
:10EF90004FF0FF0C0CE01C2A4FF0FF0C08D39A42F4
:10EFA00006D84FF0000C03804280A0F804C08160B6
:10EFB0004FFA8CF0704780B5FCF748FA04210C2218
:10EFC0000123FCF74DFA002101608180816080BD42
:10EFD00000283ED02DE9F04F97B004460F46002997
:10EFE0004FF0FE0049D0A168002946D03846994626
:10EFF0009346FFF759FE00283ED03846FFF732FE11
:10F00000D4F808A0B4F80080BAF804100546A8EBBC
:10F010000100A0F11C06AE42ADF85A501BDA06AF53
:10F0200038464021E3F74AF86088BAF8061028A26B
:10F03000CDE90001CDE9021638464021434604954A
:10F04000E2F798FBF8F7BEFD39460022F8F7DEFD3F
:10F0500012E0FE2014E00AEB010000F118058846DA
:10F06000F9F7A9FC0DF15A0CB2B239462B46CDF88E
:10F0700000C0F9F7AAFC28B1FF2017B0BDE8F04F97
:10F0800040B27047A068BDF85A10628883880A446D
:10F0900062805A18C38882800133C38044F22133CE
:10F0A00010FA82F2C8F26573BBF1000F9361209AE7
:10F0B00018BFABF80080B9F1000F18BFA9F8001015
:10F0C00022B121888088081A1C3810800020D4E7DB
:10F0D0004E6F7420656E6F7567682073706163652D
:10F0E00020696E20726F706672616D652072657046
:10F0F0006C793A202025642C2025642C2025642C52
:10F100002025642C2025642C2025640098B180687B
:10F1100088B1016845F27862C1F2342291420AD185
:10F12000818844F2213201448969C8F265729142B2
:10F1300004BFC0887047002070478068C08870474F
:10F140002DE9F04188B005460020002D4FF0FE0665
:10F15000ADF81E008DF81D005DD00F4600295AD075
:10F16000A86890468188AA88914209D13846FFF75D
:10F17000DCFDB8F1000F4FF0FF064CD0002048E056
:10F1800010448C1A00F11806FEF7C6F80DF11D0C9C
:10F190000DF11E0EA2B231463B46CDE900ECFEF762
:10F1A000C5F8064650B300243846CDE90444FFF7BD
:10F1B000BCFD0F209DF91D100290B01CADF80E1083
:10F1C000ADF80C400ED1F8F7FDFC46F62F2245F6BF
:10F1D0000B3302AFC0F60602C0F606030521009706
:10F1E000F8F7CDFCF8F7EEFC45F60B3302AF0CA2B6
:10F1F000C0F6060304210097F8F7C1FCBDF81E0015
:10F20000A988B8F1000F0844A88004D0A9688988AB
:10F21000081AA8F8000070B208B0BDE8F08100BF7D
:10F22000656F5F726F706672616D655F524F505FA0
:10F23000506172736528293A20656F5F706172733F
:10F2400065725F476574524F5028292068616420B9
:10F2500070726F626C656D730000000038B3B0B5FA
:10F2600005468068144683880A449A1A12B2012A15
:10F2700006DB084418300119E2F73DFEA8688388D0
:10F280006988C288091B6980191B013A8180C28084
:10F2900010FA81F044F22131C8F2657181611C30AD
:10F2A0002146E2F7E9FE0020BDE8B04000E0FE2084
:10F2B00040B2704770B5054600284FF0FE0018BFF9
:10F2C000002901D140B270BD1646002AFAD0A868C4
:10F2D0001C462B8882889B1A1C3BB34201DAFF2014
:10F2E000F0E7104418303246E2F7C0FDA96868889C
:10F2F0008A88304468809019CA8888800132CA8020
:10F3000044F2213211FA80F1C8F265728A611CB1AF
:10F310002988081A1C3820800020D3E74FF0FE020D
:10F3200018B111B140880022088050B2704710B166
:10F330008068083003E043F61840C0F60600D0E9C4
:10F340000001704700280FBFFE208068C0E902233B
:10F35000002040B270471C21D0FA51F080B27047B3
:10F3600000280FBF0020806808441830704710B193
:10F370008068103003E043F65840C0F60600D0E93C
:10F380000001704700280FBFFE208068C0E90423F9
:10F39000002040B2704700002DE9F04F89B01C46B4
:10F3A00016460F468146F6F7FCF9F6F70CFA002FE1
:10F3B00041D083463846F6F7EFF9E0B3384601947A
:10F3C000F6F7EAF943F63C41C0F60601097805462E
:10F3D00001F0F3008DF8080004208DF809004FF0CB
:10F3E000FF30059035B34FF000080DF1080A00BF5B
:10F3F0005FFA88F13846F6F734F9A8B104461EB131
:10F400002068B04701280FD1206851460390584624
:10F4100003F0E3F940B948462146F6F778F9484643
:10F42000F6F737F9012805D008F101085FFA88F0EE
:10F43000A842DDD3019C1CB14846F6F7ADF9207017
:10F44000002009B0BDE8F08F2DE9F04F8FB0019397
:10F4500091468B460546F6F7A4F9F6F7B4F943F65C
:10F460003C41C0F606010978824604208DF821004F
:10F470004FF0FF3021F00C0809900B9028468DF8D2
:10F480002080F6F789F990B10646002408AF00BF46
:10F49000E1B22846F6F7E5F828B100683946099048
:10F4A000504603F0AEF90134E0B2B042F0D3284642
:10F4B000F6F748F9BBF1000F38D05846F6F76CF96B
:10F4C000A0B35846F6F768F9064604208DF80900FF
:10F4D0004FF0FF308DF8088005903EB34FF00008E4
:10F4E00002AC00BF5FFA88F15846F6F7BAF8B8B137
:10F4F0000746B9F1000F03D03868C84701280FD17B
:10F50000386821460390504603F067F940B9284611
:10F510003946F6F7FCF82846F6F7BBF8012805D07F
:10F5200008F101085FFA88F0B042DBD3019C1CB1FE
:10F530002846F6F731F9207000200FB0BDE8F08FB3
:10F5400058B1A1F1FE03022B4FF0FF0306D380292F
:10F5500004D000690023425400E0FE2358B27047F3
:10F5600040F68030C1F200000178012918BF002068
:10F57000704700002DE9F0438DB040F68039C1F2AC
:10F58000000999F80010012900F0DD800446F8F721
:10F5900019FB42F21C75C0F606056EA12A46F8F763
:10F5A00035FB00203B214FF0000805F055FFCDE969
:10F5B0000208CDE90488F8F705FB02A900910121B2
:10F5C00000222B460125F8F7DAFA89F8005007F0F7
:10F5D00027FD07F02EFDC9F8040002F0ABFEC9F8C4
:10F5E00008004FF47F40A9F82400FE2000210322E8
:10F5F000002309F0F1F8C9F810004FF0FF3000EBDC
:10F600001461C9F82040B4F1807F38BF0021D9F8D7
:10F61000040089F80C10C9B2FDF709FC42F6C010CD
:10F62000C0F60600F7F7E9FDC8B142F6C01504467A
:10F630000020C0F60605002781B22846F7F7DBFD5B
:10F64000064608F01BFC012805D1D9F80400314614
:10F650000122FDF76FFC0137F8B28442ECD8F8F7CD
:10F6600088FFF8F77DFFF8F785FCF8F703F900202D
:10F67000F6F77CFE0020F6F7E2FF01F018FEF1F746
:10F6800097FA06A9CDF81880F1F787FAF2F7D9FBB7
:10F6900006A9CDF81880F2F7C9FBFAF7DAFFFCF7F4
:10F6A000F7FD00F0AFFCF9F7FAFC02F09AFAFEF76A
:10F6B00020FFFEF7E6F843F63040C0F6060000688B
:10F6C0004DF29524C0EBC00007904FF04030C0F6DB
:10F6D00002048DF818800890099406F0CBFC06F01F
:10F6E000D2FCCDE90A4006F0C5FC06F0CCFC06AC25
:10F6F0000C902046F7F764F80020F6F749F900204F
:10F7000000F091FA0020F8F7ABFAF8F79FFAF8F753
:10F7100022FB0020092105F09FFECDE90608CDE976
:10F720000888F8F74FFA42F21C75C0F60605012169
:10F7300000222B460094F8F722FAF8F743FA0DA1BD
:10F740002A46F8F763FA40F68030C1F200000DB0A7
:10F75000BDE8F083656F5F73657276696365735F9B
:10F76000496E697469616C697365282920737461D5
:10F7700072747300656F5F73657276696365735F3A
:10F78000496E697469616C69736528292069732001
:10F790006F7665720000000070B586B000284FF0EB
:10F7A000FE0500F00F82002900F00C820646087862
:10F7B0004C7807284DD80D1DDFE800F0044B4B09AD
:10F7C0005504644430462146EDF762FEF9E128789D
:10F7D0000021092C0591CDE90311029100F27481F9
:10F7E000DFE814F00A001501AF00CE00710034010B
:10F7F0005301ED007A01900040F68031421EC1F2C3
:10F800000001FE2A81F8260011D30520222105F0EF
:10F8100023FE0290F8F7D6F902A942F21C73009178
:10F82000C0F60603012100220025F8F7A8F9FCF72D
:10F830001FFD4FF21552C0F6020229460123FDF7C3
:10F8400023F8BEE13046214600220025EEF7B4FA47
:10F85000B8E1316900254874FF200D748C74C874B8
:10F86000EDF7C2FDAEE1A4F1FE00022801D3802C29
:10F870000ED130694FF480610182FF218474C1741C
:10F8800000219BE1304621462A46EEF795FA98E1A1
:10F890003069015D41F00201062940F03E81092CEA
:10F8A00000F27781DFE814F00A00600148014D01A1
:10F8B0003E0165016A0152016F014301FCF7D8FC6A
:10F8C000FCF7C4FD63E1FF2811D10520252105F0D7
:10F8D000C3FD0290F8F776F902A942F21C73009179
:10F8E000C0F60603012100220025F8F748F9F9F7D0
:10F8F000CDFB4FF22722C0F6020229460123F9F779
:10F9000061FE5EE1FF2811D105205B2105F0A4FD19
:10F910000290F8F757F902A942F21C730091C0F661
:10F920000603012100220025F8F729F9F2F789FAE8
:10F930004EF63322C0F6020229460123F2F7DCFE1E
:10F940003FE1FF2811D10520242105F085FD02901B
:10F95000F8F738F902A942F21C730091C0F60603C9
:10F96000012100220025F8F70AF9FAF769FE4EF6A0
:10F970001B52C0F6020229460123FBF717F820E1CB
:10F98000FF2811D10520262105F066FD0290F8F729
:10F9900019F902A942F21C730091C0F60603012175
:10F9A00000220025F8F7EBF800F022FB4EF671522A
:10F9B000C0F602022946012300F0AEFD01E1FF2856
:10F9C00011D10520492105F047FD0290F8F7FAF81A
:10F9D00002A942F21C730091C0F606030121002225
:10F9E0000025F8F7CCF8F8F7EDF842F21C7280A188
:10F9F000C0F60602F8F70AF9FDF73AFF4EF689223B
:10FA0000C0F6020229460123FEF732F9D9E0FF28A9
:10FA100011D10520232105F01FFD0290F8F7D2F83F
:10FA200002A942F21C730091C0F6060301210022D4
:10FA30000025F8F7A4F801F031FC4FF26712C0F688
:10FA400002022946012301F0ACFDBAE0FF2811D1E2
:10FA50000520332105F000FD0290F8F7B3F802A964
:10FA600042F21C730091C0F606030121002200251A
:10FA7000F8F785F802F0ACF84FF20D42C0F602023A
:10FA80002946012302F0C2FA9BE0FF2811D105208C
:10FA9000382105F0E1FC0290F8F794F802A942F24F
:10FAA0001C730091C0F60603012100220025F8F71F
:10FAB00066F8FEF715FD4EF6DF22C0F60202294673
:10FAC0000123FEF7E7FE7CE032694FF440731382B6
:10FAD0009474D074117572E0FF2811D1052055215E
:10FAE00005F0BAFC0290F8F76DF802A942F21C7317
:10FAF0000091C0F60603012100220025F8F73FF827
:10FB0000F1F756F84EF6DD120126C0F6020229463C
:10FB100000230096F2F71CF953E04FF48061018254
:10FB2000847448E0F9F7B2FAF9F76EFB2FE0F2F7C8
:10FB300088F9F2F7DBFD2AE0FAF782FDFAF7D2FE48
:10FB400025E000F055FA00F044FC20E0F8F73AF820
:10FB500042F21C721DA1C0F60602F8F757F8FDF735
:10FB600087FEFDF729FF12E001F098FB01F0AFFCE2
:10FB70000DE002F02DF802F0E1F808E0FEF7B0FC2D
:10FB8000FEF752FD03E0F1F713F8F2F7DBF810B1DE
:10FB9000306900210BE030190121017505F023FDCA
:10FBA000012105F0F3FEB0FA80F1306949090174D2
:10FBB000042184744174FF21C174015D0175EDF766
:10FBC00013FC002568B206B070BD00BF63616C6CA9
:10FBD000696E6720656F5F706F735F5374617274D5
:10FBE000282920696E2073657276696365000000BC
:10FBF00063616C6C696E6720656F5F706F735F56D1
:10FC00006572696679282920696E20736572766944
:10FC10006365000045F2F800C1F200000179012996
:10FC200018BF00207047B0B545F2F804C1F20004D7
:10FC30002079012806D00120012101251DF01EF8A0
:10FC40002060257145F2F800C1F20000B0BD20B17E
:10FC500019B9006811461CF0C1BF4FF0FF30704762
:10FC600020B119B9006803211CF0E6BF4FF0FF3046
:10FC700070472DE9F04389B0074600284FF0FE0099
:10FC800000F084800D46002900F0808078780028FC
:10FC90007BD0F878002878D0022014468DF8080030
:10FCA00005F0A1FC0DF10808414605F08FFC9DF818
:10FCB0000800012869D129781E2204F0010002EA17
:10FCC000D101084400F14006F6F74BFB3146032210
:10FCD00000234FF00009F6F782FA0646FF281CBF02
:10FCE00007EB8600D0F8D49197F8C00186423ED247
:10FCF0002868A9796FF31F3040EA0130D5E9021274
:10FD000009F10809ADF81A00484608920791F5F77D
:10FD1000C0FC70B307F5E27757F8260003F000FC4B
:10FD200068B30320012105F097FB02902868A979A8
:10FD30006FF31F3040EA0130ADF80E002846F7F7A8
:10FD4000ECF805912978049008098DF80D0002203F
:10FD5000002C08BF01208DF80C00F7F733FF0321BA
:10FD600000220023CDF80080F7F709FF0DE0FF2007
:10FD70000CE00DF11A014846F5F7C9FC05E057F80B
:10FD800026000DF11A0103F0D2FC002040B209B0A8
:10FD9000BDE8F0832DE9F04F85B000284FF0FE0656
:10FDA00000F0B9800D46002900F0B580044628789F
:10FDB00007282FD16078012802D1204600F0B0F842
:10FDC000F7F794FCA97AF7F7ACFEF7F78FFCF7F793
:10FDD0008CFDE8B104F1140029464FF4B472E2F747
:10FDE000CCF8A87A84F8C001B0B104F5EA7600270F
:10FDF000F7F77CFCF9B2F7F716FD46F8270094F800
:10FE0000C00101378742F3D3B0FA80F0400904E023
:10FE100000206070FF267EE001204FF480410491B5
:10FE200029792A898DF8101000210028ADF81220B8
:10FE3000ADF80E1084F8C11154D105F10C00002565
:10FE40000DF110090DF10E06019000BF019900207F
:10FE50004FF0010A01EB8501029100BF02995FFAA0
:10FE600080F831F810704FF0010B00BF5FFA8BF192
:10FE70003846F7F7E1F8012824D19DF8110000F089
:10FE8000E00040EA080040EA4B01D4F8A0018DF8F8
:10FE90001110494603F04BFC9DF80E00314600F06E
:10FEA000E00040EA080040EA4B008DF80E00D4F86C
:10FEB000A4018DF80F5003F03AFC94F8C101013011
:10FEC00084F8C101BBF10E0F0BF1010BCED3012061
:10FED0005FEACA714FF0000AC0D194F8C001013541
:10FEE0008542B3D3F6F73DFAD4F8A011F6F7D8FA65
:10FEF000F6F737FAD4F8A431032100220026F5F7EB
:10FF0000DFFF0120607004202073FFF729FB227BB4
:10FF10000321FFF715FB70B205B0BDE8F08F0000BC
:10FF2000002862D0F0B581B00446407800284FD058
:10FF3000E078012804D1204600F064FA607848B1E6
:10FF4000D4F8E4014DF63B22C0F604020021002360
:10FF5000FFF77AFAF6F705FAD4F8A4310321002264
:10FF60000025F6F73BF8F6F7FCF9D4F8A011F6F700
:10FF7000E7FAF7F7BBFB0021F7F7D3FD04F5DE76D0
:10FF8000002784F8C15100BF06EB87008561F55555
:10FF9000806803F08FFA0137042FF5D104F11400C3
:10FFA0004FF4B471E2F78AF8D4F8A001FF2121756B
:10FFB00003F080FAD4F8A40103F07CFAD4F8A80185
:10FFC000F5F7C0FBD4F8800102F09CFA00206070C5
:10FFD00001202073FFF7C4FA227B0321FFF7B0FA58
:10FFE000002001B0BDE8F04000E0FE2040B27047C4
:10FFF00041F60030C1F200000178012918BF00204D
:020000040804EE
:10000000704700002DE9F04182B041F60038C1F29E
:10001000000898F80000012859D0FF20002588F832
:10002000140004200F2100220023A8F8C0510095DD
:10003000019503F07FFAC8F8A00102200F210022E9
:1000400000230095019503F075FAC8F8A40101207A
:100050000A210022F5F72CFB08F5DE760027C8F808
:10006000A80100BF06EB87040A20402100220023DC
:10007000A561F5550095019503F05CFA0137042F51
:10008000A060EFD104200421002204240025F5F70C
:100090000FFBC8F8E40102F04DF9C8F88001052013
:1000A0001F2188F8984188F88D5105F0D5F9C8F8D6
:1000B00088010120A8F8000088F8035088F80C0097
:1000C000FFF74EFA98F80C200321FFF739FA41F6B2
:1000D0000030C1F2000002B0BDE8F081B0B582B0DE
:1000E000D8B10446F7F76EFD94F8981104F5C47280
:1000F00045F675230092C0F6060300220025F7F7A7
:100100003EFDD4F8880105F093F9072806D1F5F7EC
:1001100036FCF5F770FD002500E0FE2568B202B060
:10012000B0BD0000A8B32DE9F04F81B0064640787D
:1001300000285CD096F8C00192460A4681422AD235
:1001400003200021FF234FF6FF7407F0C3FE07468C
:100150009AF80400BAF805108DF8010044F6025030
:10016000A6F8B401BAF8000006F5DA78A0420DF15D
:100170000100ADF80210C6F8B8010ED1BAF80200BD
:10018000A0420AD1F6F713FB41463A46F6F768FC5F
:100190002DE0FE202FE0FF202AE0402700254FF031
:1001A000010900BF5FFA85FB012400BF3AF8150082
:1001B000E1B2F6F741FF01280FD107F0E00000EBB4
:1001C000440040EA0B07F6F7F2FA26F0FF0141EA95
:1001D000070641463246F6F7EFFC0E2C04F1010407
:1001E000E4D301255FEAC9704FF00009DAD100209D
:1001F00001B0BDE8F04F40B270472DE9F04387B041
:1002000070B30446407868B394F8C0010D4681424B
:100210002AD240F202701646A4F8B4010027032047
:1002200000212A46FF2304F5DA78C4F8B87107F0F4
:1002300051FE022E814642D0012E1AD0AEB90120C5
:100240008DF8080002A8C4F8B801F6F7B0FA4146E4
:100250004A46F6F705FC6019002780F8BC7104E0F7
:10026000FE2702E0002700E0FF2778B207B0BDE8D4
:10027000F08344F602400027A4F8B401C4F8B87132
:10028000F6F795FA41464A46F6F7EAFB601901216E
:1002900080F8BC110320042105F0DEF8CDE9020747
:1002A000CDE90477F7F78EFC45F6752302AEC0F66C
:1002B0000603032100220096F7F761FCD5E702A8A8
:1002C0008DF80870C4F8B801F6F771FA41464A464D
:1002D000F6F7C6FB6019012180F8BC11C5E750B1E3
:1002E000134642784AB1D0F8E4014DF63B22C0F6FD
:1002F0000402FFF7A9B8FE2000E0002040B27047DA
:10030000A0B32DE9F04F83B00646407800285AD0BC
:1003100096F8C00192460A46814229D20320002164
:10032000FF234FF6FF7407F0D5FD0746BAF8040027
:10033000DAF80C10ADF8060045F20200A6F8B40198
:10034000BAF8000006F5DA78A0420DF10600029135
:10035000C6F8B8010ED1BAF80200A0420AD1F6F7E9
:1003600026FA41463A46F6F77BFB2CE0FE202EE0CB
:10037000FF2029E0402700254FF001095FFA85FBA7
:10038000012400BF3AF81500E1B2F6F755FE012846
:100390000FD107F0E00000EB440040EA0B07F6F74E
:1003A00006FA26F0FF0141EA070641463246F6F713
:1003B00003FC0E2C04F10104E4D301255FEAC970AB
:1003C0004FF00009DAD1002003B0BDE8F04F40B291
:1003D0007047A0B110B50446407860B1E0780128BC
:1003E00009D00120E07006202073FFF7B9F8227BC6
:1003F0000321FFF7A5F80020BDE8104000E0FE2033
:1004000040B2704770B548B30446407820B3E078F6
:10041000002520B320460DF0D3FA0420E5702073A8
:10042000FFF79EF8227B0321FFF78AF894F8C001BA
:10043000A8B1002604EB8600D0F8D411D0F8C4513E
:1004400001F10800F5F77EF9284603F033F894F837
:10045000C00101368642EDD3002500E0FE2568B2DA
:1004600070BD0000002853D02DE9F04F81B0054643
:100470004078002847D0E878002844D095F8C0019B
:10048000002840D08B4605F5EA7A05F5E27800248D
:10049000009500BF5AF8240058F82460BBF1010F02
:1004A00000F1080702D13846F5F74CF93846F5F760
:1004B000F0F8012822D0304603F023F801281DD09F
:1004C0003846F5F7D9F80546304603F05DF95FFA8E
:1004D00080F94D4538BFA946009DB9F1000F0DD0F8
:1004E000304603F016F801463846F5F710F9304665
:1004F00003F0F4F8B9F10109F2D100BF95F8C00199
:1005000001348442C6D3002001B0BDE8F04F00E0C2
:10051000FE2040B2704700002DE9F04F8FB09046AA
:10052000814600285BD08B46002958D09BF80000FC
:10053000072868D199F801001F46012802D14846D2
:10054000FFF7EEFC022089F80C00FFF709F899F894
:100550000C200321FEF7F4FFD9F8800101F0D2FF4F
:10056000C9E9018989F80270BBF80400DBF80610BC
:10057000ADF832009BF80A004FF0000A00284FF057
:1005800000060D91ADF830A041D00DF1300A0024E5
:10059000002500BF0BEB8607B889F98904430D439A
:1005A000F6F75DFDF98907460846F6F758FD384429
:1005B0000AF806009BF80A0001368642EAD39DF845
:1005C00030009DF831104FF0000A08284FF0000667
:1005D00088BF0126082988BF4FF0010A19E041F6BB
:1005E0000034C1F2000405202073FEF7B9FF227B1E
:1005F0000321FEF7A5FFB8F1000F02D04846002105
:10060000C047FE208CE0052089F80C007AE0002528
:100610000024A0B2ADF83840ADF83A50F6F71FFD0F
:100620000746A8B2F6F71BFD3844C1B20F291ED801
:10063000EEB9BAF1000F1AD1D9F8A801F5F782F88E
:10064000D9F8A8010DF13201F5F761F84DF64B200C
:10065000C0F6040009F5D675C9E96B0BF5F78FF9FB
:10066000D9F8A8112A46F5F7DDFA002058E0002154
:10067000A9F88C1100020E990F30A9F88E01C81745
:1006800004AEC9E964103046202109F5C474E1F7CD
:1006900015FD0AF03BF90AF042F94DF6DB3103464D
:1006A000C0F6040130464A46F4F7BDFC0520062199
:1006B000052504F0D1FEC9F88801042089F89801C5
:1006C000F7F780FA99F8981145F67523C0F60603F6
:1006D00000220094F7F753FAD9F8841181B143F658
:1006E0001842C0F60602FF27D9F88001D2E900239C
:1006F00089F899710127CDE90017029601F08EFE65
:1007000089F80C50FEF72CFF99F80C200321FEF716
:1007100017FFB8F1000F02D048460021C047FF2064
:1007200040B20FB0BDE8F08F002814BF4079FF2021
:10073000704700002DE9F04F81B00546F7F742FA07
:1007400043F2380745F6F4032946C0F606074FA2E0
:10075000C0F60603002D18BF01210097F7F708FA2D
:10076000FAF774FE042110220123FAF779FE81467C
:100770000560E878002689F80500FF2089F8046004
:1007800089F80600FAF762FE2B7804210822FAF7AE
:1007900067FE2A78C9F80800A2B10146002700BF09
:1007A00041F83760FAF752FEAB7801210122FAF7DF
:1007B00057FED9F808102B7801EBC70201379F428A
:1007C0005060EDD3687800283DD045F6F40A002645
:1007D000C0F6060A4FF0010BEF68F7F7F3F917F8C8
:1007E0003620297807EBC6088A420DD298F80120F6
:1007F0008A4209D298F80210AA7891424FF000017B
:1008000038BF012101E000BF002143F2380425A2D6
:100810005346C0F606040094F7F7AAF9D9F8080081
:1008200017F8361098F8023000EBC10250F831701A
:100830000BFA03F45268274340F83170D6546878B5
:1008400001368642C8D3287938B1FAF7FFFD2A79F4
:1008500004210123FAF704FE00E00020D9F800107B
:10086000C9F80C000A691AB148469047D9F8001037
:10087000C878496989F80500002089F8040009B1A1
:1008800048468847484601B0BDE8F08F656F5F7302
:100890006D5F4E657728293A204E554C4C20636693
:1008A00067000000735F656F5F736D5F5370656312
:1008B00069616C69736528293A2077726F6E6720C9
:1008C0006366670000283FD02DE9F04104460068C8
:1008D0000D4681788D4239D2217959B98268C07824
:1008E000012102EB001021718168FF20A07109B184
:1008F00020468847A068667950F83610E940C90755
:1009000026D000EBC60021684068A571D1E90281BC
:10091000405D01EBC0077D78AE4205D008EB0610C4
:10092000C16809B120468847796809B120468847DF
:100930007878AE42607105D008EB0510816809B186
:1009400020468847002004E0FE2004E0FF2000E06D
:10095000FB20BDE8F04140B2704718B1017919B1F0
:10096000002012E0FE2010E0016801228B68C978A7
:10097000027103EB01118968FF2200298271EFD017
:1009800080B588470020BDE8804040B2704710B570
:10099000FAF75CFD042118220123FAF761FD0446F1
:1009A000F4F736FBA060F4F733FBA168E06008467B
:1009B000F4F7DAFAE068F4F7D7FAFF2020704FF482
:1009C000407000212082204661806160A1746161D5
:1009D00010BD80B5F6F72BFB002814BF406800203F
:1009E00080BD80B5F6F723FB002814BF0078FF20F8
:1009F00080BD2DE9F0411E4617460C46F6F717FB61
:100A000080B10546DDE9068008996874A86800226F
:100A10002C706F806A602A74A9742EB13146F4F785
:100A2000AAFA03E0FE200CE0F4F79EFAE868B8F1B9
:100A3000000F03D04146F4F79EFA01E0F4F794FA70
:100A4000002040B2BDE8F08170B514460E46F6F7BE
:100A5000EEFA30B1054680682EB13146F4F78BFAD4
:100A600003E0FE200AE0F4F77FFAE8681CB12146B3
:100A7000F4F781FA01E0F4F777FA002040B270BD94
:100A800070B582B004460020019054B1204616464D
:100A90000D46FFF79EFF2068417C012903D1FF200E
:100AA00020E0FE201EE0807C012808D10AF093F8A7
:100AB000214632460AF098F808B1FD2012E060683D
:100AC000E26801A9F7F790FE60B901992846FCF7A2
:100AD000EBFB43F63441C0F6060160680968F7F79E
:100AE0002FFF002040B202B070BD00002DE9F04F92
:100AF00083B01D46914688460746FAF7A7FC0421B5
:100B000030220123FAF7ACFC0446F7F75BF845F610
:100B1000AC1355EA07014FF0000630A2C0F60603F9
:100B200018BF01210096F7F723F8FFF730FF4DF2C9
:100B3000972A4DF2A92BC0F6030AC0F6030B2060DA
:100B40007FB14DF2E722C0F6030214203946434636
:100B5000CDF800B0CDF80890CDF804A0F7F768FE06
:100B6000064666606DB1DDE90C374DF2E722C0F64E
:100B7000030214202946CDE900BA0297F7F758FE80
:100B800000E0002043F63441C0F606010968C4E9DC
:100B9000020101F0CFFB206143F2A800C0F606007D
:100BA00090E80E00C06804F1180C8CE80E0060623A
:100BB000F4F72EFA0546A06209F0A8FE09F0AFFE90
:100BC0004DF637410346C0F6040128462246F4F7A5
:100BD0002AFA204603B0BDE8F08F00BF656F5F734F
:100BE0006F636B65746474675F4E65772829206E48
:100BF00065656473206174206C65617374206F6E29
:100C00006520706B7420717565756500002846D08D
:100C10002DE9F04184B0044602F0FD001D46174660
:100C2000884601280DD1A06858B9F6F7CBFF45F6E4
:100C3000AC13002634A2C0F6060305210096F6F791
:100C40009EFF07F0FE0002280DD1606858B9F6F744
:100C5000B9FF45F6AC13002636A2C0F606030521FF
:100C60000096F6F78CFF0A9E012D12D1606880B9BC
:100C7000F6F7A8FF46F2864245F6AC134FF0000C9B
:100C8000C0F60602C0F606030521CDF800C0F6F74F
:100C900076FF04F1180026B14ECE4EC00BE0FE20C8
:100CA00030E043F2A801C0F6060191E84C00C968A3
:100CB00080E84C00C1602068007C08B1FF201EE085
:100CC000DDE90B300021CDE90007204642460295C0
:100CD000FFF78FFE09F07FFF214609F06DFF70B925
:100CE00094F82400012809D12069D4E90623216A57
:100CF000A76A01268DE8C20001F090FB002004B035
:100D0000BDE8F04140B27047656F5F736F636B651C
:100D1000746474675F4F70656E2829206E65656422
:100D20007320616E206F75747075742071756575B0
:100D300065000000656F5F736F636B657464746753
:100D40005F4F70656E2829206E6565647320616E43
:100D500020696E70757420717565756500000000FE
:100D6000B0B584B050B104460D46FFF732FE18B15D
:100D70002068407C022803D1FF2019E0FE2017E004
:100D8000D4E902022946F7F7B1FD88B943F61840C5
:100D9000C0F60600D0E90001D4E9062359405040CE
:100DA000084301D1206AB0B194F8240018B10020A2
:100DB00040B204B0B0BD206901F0AFFA0128DBD029
:100DC0002069D4E90623216AA56A00248DE832004F
:100DD00001F024FBEDE709F0FEFE2146102204B0ED
:100DE000BDE8B04009F0DFBE4FF0FE0238B131B1CE
:100DF0000268527C012A04D10020FF22088050B2F0
:100E000070474368C2681846F7F7B5BDA8B170B51A
:100E100005460068007C90B114460E4609F0DBFEE2
:100E200009F0D1FE284631462246FFF70DFE09F0B3
:100E3000D2FE09F0A5FE002002E0FE2002E0FF2025
:100E4000BDE8704040B270472DE9F04786B00028F9
:100E50004FF0FE0400F027818846002900F023812E
:100E60001E46012B2FD841F6E847C1F20007D7F8FC
:100E7000C401002800F0168115460278182122B11D
:100E8000042A02D0032A13D12821084408F10802B9
:100E900031460323002E18BF0321F4F7ADFB387849
:100EA00001282DD1787898B3D7F8CC0102F056FDFF
:100EB00045F21C11C1F2000108683A780130012A9C
:100EC00008602CD030E006F0FE0102290FD1D0F8E6
:100ED000C401002800F0E680283008F10802B11EA5
:100EE0004FF0030318BF0321F4F786FBDAE0042E6A
:100EF00040F0D8804046002100240CF055FFD2E09D
:100F000045F21C11C1F200010868013008600BE0D5
:100F100045F21C11C1F20001086801300860D7F8E1
:100F2000C41109B1497800E0002198F80620072A89
:100F300067D198F80E20002A63D0C2F381076EB102
:100F400045F22013012FC1F2000314D0022F16D155
:100F500045F22C17C1F2000706370DE045F22016C6
:100F6000012FC1F2000629D0022F2BD145F22C13FC
:100F7000C1F2000323E09F1D3E8801363E80C2F38C
:100F80000117012F07D0022F0AD145F22C17C1F209
:100F90000007083701E003F108073E8801363E806C
:100FA0009209012A07D0022A2BD145F22C12C1F254
:100FB00000020A3222E003F10A021FE033461F88D2
:100FC00001371F80C2F30113012B07D0022B09D177
:100FD00045F22C13C1F200039F1C00E0B71C3B88B4
:100FE00001333B809209012A07D0022A09D145F238
:100FF0002C12C1F20002043200E0321D13880133CA
:10100000138000294FF000044DD04FF4FA62514391
:10101000884248D345F21C10002D45F22C1545F2AC
:101020002014C1F200004FF000064FF0020AC1F296
:101030000005C1F200040DF108094FF00007066039
:1010400008BF4FF0010A00BF35F81700CDE904666C
:101050000396029610B934F8170000B398F8000010
:10106000022100098DF80D0001208DF80CA004F07C
:10107000F3F9029035F8170034F81710ADF80E7038
:10108000CDE90410F6F79EFD042100220023CDF8DF
:101090000090F6F774FD25F8176024F81760013703
:1010A000062FD1D1002460B206B0BDE8F0872DE94B
:1010B000F04182B000284FF0FE0662D00D460029B4
:1010C0005FD00446287806285AD16078012802D1DA
:1010D000204600F05AF8F6F709FB01214FF001080D
:1010E000F6F72CFDF6F702FBF6F706FC002845D0D4
:1010F000F6F7FCFA00210026F6F7A2FBC4F8C401BB
:1011000004F1140029464FF4B472E0F736FFA97ACF
:101110000227287967F35F118DF8051029898DF86A
:101120000400D4F8A001ADF8061001A902F0FFFAFE
:10113000F5F717F9D4F8A011F5F7B2F9A87A0DF17F
:10114000020167F35F108DF80200D4F8A4018DF856
:10115000036002F0ECFAF5F704F9D4F8A4310221A7
:101160000022F4F7ADFE042084F801802073FEF71E
:10117000F7F9227B0121FEF7E3F902E0002060701D
:10118000FF2670B202B0BDE8F081002851D0B0B5A2
:1011900004464078002840D0E078012804D1204659
:1011A00000F0BFF9607848B1D4F8C8014DF64B4261
:1011B000C0F6040200210023FEF746F9F5F7D1F846
:1011C000D4F8A431022100220025F4F707FFF5F737
:1011D000C8F8D4F8A011F5F7B3F9F6F787FA0021AB
:1011E000F6F7ACFC04F114004FF4B471C4F8C45128
:1011F000E0F764FFD4F8A001FF21217502F05AF94D
:10120000D4F8A40102F056F9D4F8A801F4F79AFA38
:10121000D4F8800101F076F9657001202073FEF7A3
:101220009FF9227B0121FEF78BF90020BDE8B04039
:1012300000E0FE2040B2704770B582B050B34278F3
:1012400032B341F6E846C1F200063278C0F8C01168
:10125000012A1DD1D6F8C4010025E0B100F1080231
:1012600006200221F4F724FA41F60200A6F8B401A0
:101270000DF107008DF8075006F5DA74C6F8B801CD
:10128000F5F795FAD6F8BC212146F5F74CFC02E0BB
:10129000002500E0FE2568B202B070BD41F6E840CE
:1012A000C1F200000178012918BF00207047F0B595
:1012B00085B041F6E844C1F20004207801285DD0F1
:1012C000022000210022FF230025FF2606F002FE57
:1012D000C4F8BC0104200121002200232675CDE9B9
:1012E00000550427012602F025F9C4F8A0010220C8
:1012F0000121002200230095019502F01BF9C4F89A
:10130000A40101200A210022F4F7D2F9C4F8A801AF
:10131000022004210022C4F8C451F4F7C9F9C4F82A
:10132000C80148F2A060C0F2010002904FF47A7048
:101330000395ADF80C004DF69960C0F604000490DA
:1013400002A8C4F8C05102F0E3FAC4F8CC0100F0DE
:10135000F1FFC4F8800105201D2184F8987184F8FC
:101360008D5104F079F8C4F888012680E570267361
:10137000FEF7F6F8227B0121FEF7E2F841F6E8409D
:10138000C1F2000005B0F0BDB0B582B0D8B10446DE
:10139000F6F718FC94F8981104F5C47245F6692321
:1013A0000092C0F6060300220025F6F7E8FBD4F809
:1013B000880104F03DF8092806D1F4F7E0FAF4F7C3
:1013C0001AFC002500E0FE2568B202B0B0BD70B581
:1013D0004FF0FE06B0B10D46A1B10446407880B191
:1013E0002978204600F038F86978204600F00CF89B
:1013F000A878012805D1204600210026FFF71CFF10
:1014000000E0002670B270BDB0B582B08DF8071054
:10141000F0B104464078C8B140F60200A4F8B40127
:101420000DF1070004F5DA75C4F8B801F5F7BFF956
:10143000D4F8BC212946F5F776FB9DF80710D4F8BF
:10144000CC0142F21072514302F0B7FA002000E0E2
:10145000FE2040B202B0B0BDB0B582B08DF807102A
:10146000E0B104464078E8B140F20270A4F8B4015B
:101470000DF1070004F5DA75C4F8B801F5F797F92E
:10148000D4F8BC212946F5F74EFB9DF80710D4F897
:10149000CC01012904D102F087FA03E0FE2002E02A
:1014A00002F070FA002040B202B0B0BD50B1134655
:1014B00042784AB1D0F8C8014DF64B42C0F604025A
:1014C000FDF7C2BFFE2000E0002040B2704728B305
:1014D000B0B504464078E8B1E07801281AD0012080
:1014E000E07006202073FEF73BF8227B0121FEF717
:1014F00027F8D4F8C40140F2027104F5DA75A4F8B3
:10150000B411C4F8B801F5F752F9D4F8BC21294652
:10151000F5F709FB0020BDE8B04000E0FE2040B236
:10152000704770B582B018B30446407810B3E078C5
:10153000002600B301208DF8070040F20270A4F8E5
:10154000B4010DF1070004F5DA75C4F8B801F5F738
:101550002EF9D4F8BC212946F5F7E5FA0420E67007
:101560002073FDF7FDFF227B0121FDF7E9FF02E07B
:10157000FE2600E0002670B202B070BD70B1417866
:1015800051B1C17841B180B5D0F8CC0102F08DF9EC
:101590000020BDE8804002E0002000E0FE2040B2D4
:1015A00070472DE9F04184B01546044600284AD022
:1015B0000E46002947D03078062856D160781F465D
:1015C000012802D12046FFF7E0FD02202073FDF73D
:1015D000C7FF227B01214FF00108FDF7B1FFD4F8CE
:1015E000800100F08FFFC4E90154A770B088B27A7F
:1015F000ADF80600D6F806000DF106050290C2F31C
:10160000430008FA00F3D4F8A801A91D002702F04E
:101610000102039721F81230F4F794F8D4F8A801E6
:101620002946F4F774F84DF65140C0F6040004F56D
:10163000D675C4E96B06F4F7A2F9D4F8A8112A46C6
:10164000F4F7F0FA1EE041F6E846C1F20006052084
:101650003073FDF785FF327B0121FDF771FF15B176
:1016600020460021A847FE270CE005202073FDF747
:1016700077FF227B0121FDF763FF15B12046002192
:10168000A847FF2778B204B0BDE8F081002800F039
:1016900082802DE9F04389B004464078002800F0AC
:1016A000A180E078002800F09D8094F8BC0100281B
:1016B00000F0988002201D4616460F468DF808005F
:1016C00003F091FF0DF10808414603F07FFF9DF8FC
:1016D000080001284FF0000040F085800790D4F802
:1016E000C8014FF47061D6F80090069101F018FF20
:1016F000012828D10820002103F0AEFE02903068B6
:10170000B1796FF31F3040EA0130ADF80E0030467A
:10171000F5F703FC05913178049008098DF80D0068
:101720000220002D08BF01208DF80C00F6F74AFAC0
:10173000032100220023CDF80080F6F720FA20468E
:10174000012100F033FB0F2F27D15FFA89F0B6F8A3
:101750000910070905F00105C9F3031040EA051651
:10176000ADF81A1009F0A6FB09F0B2FB4FF47A723B
:101770000023DFF770FF0790D4F8C80106A98DF8A1
:10178000186001F0D4FF04EB450000F5FA7039460B
:10179000F5F756FC26E0FE2028E00720012103F0A3
:1017A0005BFE02903068B1796FF31F3040EA013080
:1017B000ADF80E003046F5F7B0FB05913178049096
:1017C00008098DF80D000220002D08BF01208DF8BA
:1017D0000C00F6F7F7F9032100220023CDF8008072
:1017E000F6F7CDF9002009B0BDE8F04340B27047EC
:1017F0002DE9F04F8DB000284FF0FE0A00F029814E
:101800000D46002900F0258104462878092840F07B
:101810001E816078012802D1204600F074F9F5F7A6
:1018200065FF0121F6F797F9F5F760FFF6F76BF81A
:10183000002800F00A810DF13009F5F757FF00216B
:101840004FF0000AF6F709F8C4F8CC0104F11400CF
:1018500029464FF4B472E0F790FB2F1D8FCF04F5AB
:10186000EA7CAE698CE88F00D4F8EC0105F11C012C
:101870002022C4F8E861E0F7F9FAD4F8EC014FF45B
:101880007A71C4E97CAAC4F8F8A1C4F8FC11F3F792
:1018900083FFC4F8F0A1D0B1054604F5F87600271F
:1018A000D4F8EC01F9B2F3F7DCFE60B1417801F055
:1018B0000300012807D1C1F3800006EB4000C1F30B
:1018C000C301F5F7C5FB0137F8B2A842E8D309F127
:1018D00002000090D4F8EC0104F5EA75F3F75CFF20
:1018E00080465E480DF1140E04905CA0071D8ECF5B
:1018F000D0E9056CC069B8F1000FCDF830A08EE8D2
:101900008E00CDE9096C0B9023D000260DF1100A52
:10191000D4F8EC01F1B2F3F7A4FEB0B14178074678
:1019200001F00300012810D1C1F3800049EA400012
:10193000C1F3C301F5F78CFB78783978C0F38002E6
:10194000C0F3C3000AEB021211540136F0B2404555
:10195000DED344F2FE0003904020ADF80A000DF102
:10196000300801200DF10C090DF10A07002600BF17
:10197000019004A800EB061B4FF0010AB8F8000024
:101980005FFA8AF1F5F758FB01282FD11BF80A10EE
:1019900028468DF80C1002F099F810B101794079C1
:1019A00001E0002100208DF80E109DF80D108DF83B
:1019B0000F0001F0E000304340EA4A01D4F8A001F2
:1019C0008DF80D10494601F0B2FE9DF80A00002185
:1019D00000F0E000304340EA4A008DF80A00D4F8F5
:1019E000A4018DF80B10394601F0A1FE0AF1010A9D
:1019F000BAF10F0FC2D10198DDF80080C0074FF097
:101A000001064FF0000A4FF00000B1D1F4F7A9FC35
:101A1000D4F8A011F4F744FDF4F7A3FCD4F8A431F2
:101A200002210222F4F74CFA20464FF0FF310CF06D
:101A300099FA042084F8BCA166702073FDF790FD2C
:101A4000227B0521FDF77CFD03E0002060704FF054
:101A5000FF0A4FFA8AF00DB0BDE8F08FFE000000DB
:101A60000000000000000000000000000000000076
:101A700000000000000000000000000010B586B06B
:101A8000044600284FF0FE0018BF002938D06078C7
:101A9000A8B3088849880246A4F8C001A4F8C21176
:101AA00010B90122A4F8C021C3B2934221D042EA66
:101AB00000200021CDE90211ADF80E00CDE904119E
:101AC0000520322103F0C8FC0290032084F898011D
:101AD000F6F778F894F8981145F6CF230DF1080C35
:101AE000C0F606030022CDF800C0F6F748F8B4F8B7
:101AF000C21120460CF036FA012084F8BC01002007
:101B000040B206B010BD00285FD0B0B504464078A2
:101B100000284ED0E078012804D1204600F027F9B3
:101B2000607848B1D4F8D0014EF25902C0F60402F0
:101B300000210023FDF788FCF4F713FCD4F8A4314E
:101B400002210222F4F74AFAF4F70BFCD4F8A011B0
:101B5000F4F7F6FCF5F7CAFD00210025F5F7FBFFC9
:101B6000D4F8EC01C4F8CC51F3F7ECFDD4F8C8017B
:101B700001F0A0FC04F114004FF4B471E0F79EFAF8
:101B8000D4F8A001FF21217501F094FCD4F8A40140
:101B900001F090FCD4F8A801F3F7D4FDD4F880014B
:101BA00000F0B0FCA4F8C25184F8BC51A4F8BD51B7
:101BB000657001202073FDF7D3FC227B0521FDF722
:101BC000BFFC0020BDE8B04000E0FE2040B27047FE
:101BD00041F6B860C1F200000178012918BF002069
:101BE00070472DE9F04182B041F6B864C1F20004BB
:101BF0002078012867D0FF202075002504200F21C0
:101C000000220023CDE900554FF0040801F092FCBA
:101C1000C4F8A00102200F2100220023CDE90055C5
:101C2000022601F087FCC4F8A40104200A21002246
:101C3000F3F73EFDC4F8A8014FF47A70C4E97E5072
:101C4000012004210022C4F8C45184F8BC51A4F836
:101C5000BD51C4E97C55C4F8CC510127F3F728FDE8
:101C6000C4F8D00104F5EA701821E0F727FA07203C
:101C700004210022F3F71CFDC4F8EC010820102118
:101C800000220023C4F8C0610095019501F052FCC8
:101C9000C4F8C80100F04EFBC4F8800105202D21D6
:101CA00084F8988184F88D5103F0D6FBC4F888013C
:101CB0002780E57084F800522773FDF751FC227BE2
:101CC0000521FDF73DFC41F6B860C1F2000002B00D
:101CD000BDE8F081B0B582B0D8B10446F5F772FF27
:101CE00094F8981104F5C47245F6CF230092C0F61B
:101CF000060300220025F5F742FFD4F8880103F01F
:101D000097FB302806D1F3F73AFEF3F774FF00256E
:101D100000E0FE2568B202B0B0BD50B11346427873
:101D20004AB1D0F8D0014EF25902C0F60402FDF7D4
:101D30008BBBFE2000E0002040B27047A0B110B580
:101D40000446407860B1E078012809D00120E070B5
:101D500006202073FDF704FC227B0521FDF7F0FB34
:101D60000020BDE8104000E0FE2040B27047B0B552
:101D7000B0B104464078A8B1E078002598B120467B
:101D80000CF0DAF80420E5702073FDF7E9FB227B04
:101D90000521FDF7D5FBD4F8C80101F08BFB02E06B
:101DA000FE2500E0002568B2B0BD0000002857D035
:101DB000F0B587B00446407800284CD0E078002881
:101DC00049D094F8BC01002845D094F800020D4693
:101DD000012834D1D4E97E01421C8842C4F8F8219C
:101DE0002DD9B4F8F401B4F8F61140EA0102120456
:101DF00020D089B24FF4A02241EA004140F3C03024
:101E000003920022CDE9041000203921029203F050
:101E100023FB0290032084F89801F5F7D3FE94F891
:101E2000981145F6CF2302AFC0F6060300220097B3
:101E3000F5F7A5FED4F8F0010021C4E97D0155B104
:101E4000D4F8CC01051D2846F3F77CFCD4F8C80172
:101E500001F057FB38B1002007B0BDE8F04000E0CA
:101E6000FE2040B27047D4F8C80101F08DFC07464F
:101E70002846F3F709FC0646F8B2B04238BF0646DA
:101E8000002EE8D0D4F8C80101F043FB38B1014678
:101E90002846F3F73CFCD4F8C80101F01FFC013ED2
:101EA0004FF00000EED1D7E72DE9F04F85B00028C4
:101EB00000F09E8004464078002800F09F80E07883
:101EC000002800F09B8094F8BC01002800F0968068
:101ED000012940F09080B4F8C40120B9B4F8C601DB
:101EE000002800F08B80B4F8C2014FF0000A0028EF
:101EF00000F0868004F5E27003900120019004F563
:101F0000DA70029043F60210A4F8B401D4F8EC01A0
:101F100001210DF113068DF81310C4F8B861F3F721
:101F20003BFC07464FF040094FF0000B09F0FE0064
:101F30005FFA8BF140EA01094FF0010803985FFA5C
:101F400088F130F81B00F5F777F8012832D18DF8C9
:101F500013A0FFB14FF0000AD4F8EC015FFA8AF148
:101F6000F3F77FFB80B14078C0F3C30141450BD14B
:101F700000F00301012907D1C0F38000834503D19C
:101F800030460021F4F7C2FF0AF1010A5FFA8AF035
:101F9000B842E1D309F0E10000EB4809F4F707FC8F
:101FA00025F0FF0141EA090502992A46F4F704FEEB
:101FB0004FF0000AB8F10E0F08F10108BED30198E6
:101FC0004FF0010BC0074FF000084FF000000190E8
:101FD000ACD194F8C021204601210BF0F3FFD4F8D6
:101FE000C40184F800B2C4E97C00C4F8F88105E0BB
:101FF0004FF0FE0A04E020460BF09EFF4FF0000A6F
:102000004FFA8AF005B0BDE8F08F00002DE9F04FDF
:1020100091B016468046002800F0DB800F4600296C
:1020200000F0D7803878092840F0E38098F8010064
:102030001C46012802D14046FFF765FD022088F8C2
:102040000C00FDF78DFA98F80C200521FDF778FAC1
:10205000D8F8800100F056FA0596C8E9016888F8BA
:1020600002403E1D5FCE08F5EA7C8CE85F00D8F8A0
:10207000EC0107F11C0120220497DFF7F7FED8F8E6
:10208000A801F3F75FFBD8F8EC01F3F785FB002517
:102090000746109501F03EFD002863D008A808F51A
:1020A000EA7906304FF0000A0690CDF81C9000BF88
:1020B0005FFA8AF0ADF82850CDE9085501F022FD0D
:1020C00006464846314601F001FD002842D081888D
:1020D0000068ADF824100890CDF82650D7B3069DBF
:1020E0004FF000094FF0000BD8F8EC015FFA8BF1CC
:1020F000F3F7B7FAE0B14178044601F00300012894
:1021000016D12078864213D1C1F3800005EB400040
:10211000C1F3C301F4F79CFF617810AAC1F38000FA
:1021200042EA4000C1F3C301F4F792FF4FF0010906
:102130000BF1010B5FFA8BF0B842D5D3B9F1010F67
:10214000DDF81C904FF0000504D1D8F8A80108A9CB
:10215000F3F7DDFA0AF1010A5FFA8AF401F0DAFC1A
:102160008442A5D3D8F8A801F3F716FB002850D075
:10217000BDF84000F4F773FFBDF84210044608466E
:10218000F4F76DFF2044C1B21029C0F09A800021FD
:10219000A8F88C11000210990F30A8F88E01C8170A
:1021A00008ACC8E964102046202108F5C476DFF7A2
:1021B00085FF08F0ABFB08F0B2FB4EF2212103468D
:1021C000C0F6040120464246F2F72DFF05202F21DC
:1021D0003CE0052088F80C00FDF7C2F998F80C20C7
:1021E0000521FDF7ADF916B140460021B047FE20AC
:1021F00063E0052088F80C00FDF7B2F998F80C2090
:102200000521FDF79DF9002E56D040460021B0472C
:1022100052E04FF48030002108ACC8E96307C8F8E9
:1022200094112046202108F5C476DFF747FF08F017
:102230006DFB08F074FB4EF221210346C0F6040149
:1022400020464246F2F7EFFE05203121052703F034
:1022500003F9C8F88801042088F89801F5F7B2FC62
:1022600098F8981145F6CF23C0F606030022009691
:10227000F5F785FCD8F8841181B143F61842C0F611
:102280000602FF26D8F88001D2E9002388F8996178
:102290000126CDE90016029400F0C0F888F80C7011
:1022A000FDF75EF998F80C200521FDF749F9059A2C
:1022B00012B1404600219047FF2040B211B0BDE866
:1022C000F08F4EF26D000499C0F6040008F5D67444
:1022D000C8E96B01F3F753FBD8F8A8112246F3F7CE
:1022E000A1FC0020E9E710B518B10446007E000704
:1022F00000D410BD204600F005F908F0B5FF2146D6
:1023000008F0BBFF20463021DFF7D8FEF9F79EF832
:102310002146BDE81040F9F755B848B1007E00F0FD
:1023200003010129084618BF0220002918BF704781
:102330000020704770B582B0F9F788F80421302288
:102340000123F9F78DF8044688B143F61840C0F62A
:102350000600D0E9000100220823237684E8070064
:10236000C4E903226261C4E90722C4E9092208F032
:102370007BFF43F218060546C0F6060650B9F5F78E
:1023800021FC45F609130DA2C0F6060304210096B0
:10239000F5F7F5FB2846214608F076FF50B1F5F732
:1023A00011FC45F6091311A2C0F60603042100969C
:1023B000F5F7E5FB204602B070BD00BF656F5F74A6
:1023C000696D65725F4E657728293A20656F765F83
:1023D00074696D65726D616E5F47657448616E64A6
:1023E0006C652829206661696C730000656F5F74F5
:1023F000696D65725F4E657728293A20656F765F53
:1024000074696D65726D616E5F4F6E4E657754696C
:102410006D65722829206661696C73002DE9F04FA3
:1024200081B0DDF8308099461646054608F01CFF5D
:10243000B8F1000F4FF0FE0714D0044690B14046AB
:10244000F2F7D2FD68B143F618400A99C0F60600CB
:10245000D0E900A751B98AEA060087EA09010843D2
:1024600004D0FF2778B201B0BDE8F08F43F63440C6
:10247000C0F606000168204608F01BFF033001D1BA
:10248000FA27EFE7DDF82CB0BBF1000F11D18AEA93
:10249000060087EA090108430BD00A98371849F16A
:1024A000000A08F007FD08F013FDC01B71EB0A00DD
:1024B00023D235B1287E00F00301012903D1FA2788
:1024C0001CE01820007800F0F800BBF1000F18BFE6
:1024D0004FF0010B40EA8B0028760A98C5E90069A5
:1024E000A86098E80F0005F11C0C8CE80F0020464E
:1024F000294608F0B2FE074600E0FF27204608F014
:10250000CAFEAFE770B5054608F0AEFE4FF0FE0616
:102510005DB3044648B343F63440C0F60600016894
:10252000204608F0C6FE033001D1FA261DE0287EC1
:1025300000F00300012805D12046294608F0B2FE2C
:1025400006460FE00820287643F61840C0F606003D
:10255000D0E90001002685E84300EE60C5E9076682
:10256000C5E90966204608F096FE70B270BDA8B1B4
:102570000A22012908BF0922002943F6184108BF91
:102580000822C0F606010276D1E90012002380E895
:102590000E00C360C0E90733C0E909337047002863
:1025A00014BF406B00207047002814BF006C00204F
:1025B0007047B0B592B043F2B805C0F606050028E2
:1025C00018BF0546F8F742FF042154220123F8F70B
:1025D00047FF696905F1080C0446D5E9002E9CE81F
:1025E0000910616104F1080181E80910C4E9002EB5
:1025F000D5E906CED5E90823D5E90A01C4E90823BF
:10260000C4E90A01C4E906CEA869A0B1017891B174
:10261000D0E90012D0E902030592CDE9060395F84E
:102620002400049101280CBF286A0020059004A80A
:10263000F4F7A7FD00E000202063E96999B10A786A
:102640008AB1D1E9000195F8242005910490012A6E
:102650000CBF286A0020CDE9060404A8FBF7B0FBF4
:102660000146206B00E0002161636A690391CDE9B6
:10267000012001A8F2F74CFE43F29401C0F60601D6
:10268000D1E90012A063CDE90C1229896A880EAB4A
:10269000ADF83010ADF83220ADF83420D5E90A128B
:1026A00007C30CA8FCF7A4F943F2E801C0F6060141
:1026B0000969E063089195E80F000DF1100C8CE8B2
:1026C0000F00288AA16BADF82000286A0A9195F8BE
:1026D0002410099004A8002918BF01218DF82210A8
:1026E00000F0D0F801460020C4E91100C4E913004D
:1026F0002046216412B0B0BD10B1006C00F03CBAAD
:102700006FF00100704710B5044600284FF0FE003E
:1027100018BF002901D140B210BD206C00F0B6FAFC
:1027200018B1E16C0131E164F5E70020F3E7F0B5A1
:1027300085B0044600208DF813004FF0FE006CB306
:102740000F4659B3606B1D461646FBF7F3FC03A911
:102750000DF10A023846FAF71CFD206C0399BDF80A
:102760000A2000F08DFBE06B0DF113033946324671
:102770000095FCF793F988B99DF8131001290DD144
:102780000021E06B019101A9FCF71AF9206C019975
:1027900000F063FE10B1616C0131616440B205B0BC
:1027A000F0BD18B112B1006C00F09ABD6FF00100DD
:1027B000704718B113B1006C00F0EABD6FF0010072
:1027C000704710B1006C00F0C2BC0020704710B11F
:1027D000006C00F0D5BC0020704710B504460028FE
:1027E0004FF0FE0018BF002901D140B210BD206C8F
:1027F00000F09CFB18B1A16C0131A164F5E7002049
:10280000F3E718B111B1006C00F007BD6FF00100E3
:10281000704710B1006C00F059BB6FF001007047B9
:1028200010B5044600284FF0FE0018BF002901D162
:1028300040B210BD206C00F02DFE18B1216D0131A9
:102840002165F5E70020F3E710B1006C00F026BA2F
:102850006FF00100704760B159B110B50446006CCB
:1028600000F05EFA616B04460846FBF763FC204605
:1028700010BD6FF001007047002814BF806A00206F
:10288000704700002DE9F04184B043F2E807C0F63C
:102890000607002818BF0746F5F794F945F62C34CB
:1028A000B96943F23808C0F60604C0F606089BA2D0
:1028B0002346002918BF0121CDF80080F5F758F90B
:1028C000F5F780F939889EA21C294FF000012346B4
:1028D0004FF0000688BF0121CDF80080F5F748F9D8
:1028E000F8F7B4FD0421B0220123F8F7B9FD3988C7
:1028F00004460846FAF78DFC2060FCF75CFB60603C
:10290000FCF759FBA060FCF756FBE060FCF753FBBB
:102910002061FCF750FB6061FCF74DFBA061FCF708
:102920004AFB7988E0610846FCF7D2F9B969C4E945
:1029300008010846F2F792FBB969A0620846F2F76F
:1029400088FBF968BD88C4E90B01388AA08605B305
:10295000F8F77CFD04212A460123F8F781FDA063E6
:10296000F8F774FD04212A460123F8F779FDE063A6
:10297000F8F76CFD04212A460123F8F771FD206465
:10298000F8F764FD04212A460123F8F769FD06469D
:1029900002E0C4E90E662664F888666438B1F8F788
:1029A00055FDFA8804210123F8F75AFD00E00020C4
:1029B0003989A06439B1F8F749FD3A890421012326
:1029C000F8F74EFD00E0002079890026E06439B177
:1029D00028200022002300960196F7F703FC00E070
:1029E00000202065A068A16B1C222B46C4E9166656
:1029F00026676667FCF7C6FAA068FCF783FAE0680A
:102A0000E16B1C222B46FCF7BDFAE068FCF77AFA72
:102A10002069216C1C222B46FCF7B4FA2069FCF7D4
:102A200071FA6069616C1C222B46FCF7ABFA606995
:102A3000FCF768FAA069A16CFB881C22FCF7A2FADB
:102A4000A069FCF75FFAE069E16C3B891C22FCF7A6
:102A500099FAE069FCF756FA206803A90DF10A0219
:102A6000FAF7F7FB206802A9FAF7A7FB6068039959
:102A7000BDF808301C22FCF785FA6068FCF742FAC2
:102A80006068FCF767FA01280ED0F5F79BF846F668
:102A9000CB2245F62C33C0F60602C0F6060305210C
:102AA000CDF80080F5F76BF82068216BA28EFAF75D
:102AB0007CFB786968B1B97C01290AD180477969C2
:102AC000206688477969606688477969A066884783
:102AD00003E00020C4E91800A066E06604F1780075
:102AE00000251421C4E92455DFF7E8FA40F201106B
:102AF000A4F89800C4E92755A4F8A450B888012187
:102B000084F89A10FCF727FCA4F8A600C4F8A85093
:102B10002046C4F8AC5004B0BDE8F081656F5F7426
:102B200072616E736D69747465725F4E6577282982
:102B30003A204E554C4C206167656E7400000000D1
:102B4000656F5F7472616E736D69747465725F4EE8
:102B5000657728293A2063617061636974796F66CB
:102B600074787061636B657420697320746F6F2073
:102B7000736D616C6C0000002DE9F04182B098B17A
:102B80001C46164605460F4601B3D5E9240195F8C3
:102B9000982000234FF00008DEF75DFD52EA0300A5
:102BA00004D0A7F8008011E0FE2656E043F6344139
:102BB000C0F60601286E096808F0D7F8E869FCF746
:102BC000A5FA296E3880084608F0C2F8E6B1D5E9C2
:102BD000240195F89A2000230027DEF73CFD52EAF5
:102BE000030001D037800FE043F63441C0F6060100
:102BF000A86E096808F0B9F8A869FCF787FAA96E09
:102C00003080084608F0A4F864B1D5E9240195F8AD
:102C1000992000230026DEF71EFD52EA030003D0B0
:102C200026801AE0002618E043F63441C0F606017B
:102C3000686E0968ADF8066008F097F80DF10601B6
:102C400028460BF01BFBA868FCF760FABDF80610DD
:102C50000144686E218008F07BF870B202B0BDE8D4
:102C6000F08180B101294FF0010C98BF6146012A23
:102C700098BF6246012B88BF9C4680F8981080F868
:102C8000992080F89AC06FF0010070478269836EC6
:102C90000BF0D4BB80690023FCF70CBB70B582B08D
:102CA000044600284FF0FE0037D00D46A9B36668F1
:102CB00008F000F908F00CF9024630460B46FCF724
:102CC00041FBD4E91C1360684A1C43F10003C4E9CA
:102CD0001C23FCF757FB60680DF10601FCF71EFB97
:102CE0002068BDF80610FAF7C3FA00212068ADF895
:102CF000041001A9FAF761FABDF80600BDF8041046
:102D0000884202D9A06F0130A06720682860E06A7D
:102D100010B1216BF4F7F2F9002040B202B070BD9F
:102D2000002800F0AA802DE9F04381B01646044641
:102D3000884612B100203080B0706068FCF7E2F87D
:102D4000D4E9245794F899202846394600234FF0B7
:102D50000009DEF780FC52EA030032D12046ADF8CC
:102D6000009000F0C9F943F63441C0F60601606EE8
:102D7000096807F0FAFFD4E901010DF10202FCF73E
:102D80006DF8A068FCF7C2F90546694620460BF0CD
:102D900075FA40B1014660680DF10202FCF75EF879
:102DA000BDF800000544606E07F0D2FF06B17570F3
:102DB000D4E92A01D4E92457013041F10001C4E9E2
:102DC0002A0194F89A20284639460023DEF743FC6E
:102DD00052EA03001AD143F63441C0F60601A06E50
:102DE000096807F0C2FF1EB1A069FCF78FF93070C7
:102DF0006068A1690DF10202FCF730F8A069FCF7E8
:102E000081F8A06E07F0A4FFD4E9245794F8982025
:102E1000284639460023DEF71EFC52EA030018D18B
:102E200043F63441C0F60601206E096807F09DFFA5
:102E30001EB1E069FCF76AF9B0706068E1690DF1F4
:102E40000202FCF70BF8E069FCF75CF8206E07F073
:102E50007FFFB8F1000F04D06068FCF757F9A8F8BD
:102E60000000D4E92401013041F10001C4E924014A
:102E7000002001B0BDE8F04300E0FE2040B2704702
:102E800008B370B582B006460D46002100681446AE
:102E90000191ADF8021001A90DF10202FAF779F9DA
:102EA0000198A84203D1BDF80200A04206D03068C4
:102EB000294622463563B486FAF777F9002002B036
:102EC000BDE8704000E0FF2040B2704758B310B535
:102ED0000446006D18B343F63441C0F60601606E37
:102EE000096807F042FF206DF7F7B7F8012813D003
:102EF000206DF7F7A5F8A068FCF704F8E068FCF788
:102F000001F82069FBF7FEFF6069FBF7FBFF00207B
:102F1000C4E92700A4F8A400606E07F019FF0020A0
:102F2000BDE8104000E0FE2040B270472DE9F041BE
:102F30009CB0044600204FF0FE078DF80B0044B310
:102F40000E4631B3206D80B143F63441C0F6060120
:102F50000D68606E294607F008FF206DF7F737F916
:102F6000012804D1606E07F0F3FEFF2711E07078AE
:102F700071688DF83100206D0D914EF22F41C0F631
:102F800004010CAAF7F7D6F838B1606E07F0E0FE3E
:102F9000002778B21CB0BDE8F08196E88F000DF1F3
:102FA000300C76698CE88F0000F01C02A06A8DF866
:102FB000302003AA1196FAF76DF80028D2D103A8A1
:102FC000F9F792FE9DF83110ADF832000846FBF794
:102FD00039FF012819D19DF8310000210122FBF7AA
:102FE000F7FE90B1F4F7EEFD43F2180746F67122B2
:102FF00045F62C33C0F60607C0F60602C0F60603F7
:1030000004210097F4F7BBFDACE70021E06E0E91C0
:10301000294607F0AAFED4E908300DF12E0703A9CE
:103020000CAA0097F2F7C0F938B10746E06E07F036
:103030008FFE606E07F08CFEABE7206AFBF702FEA6
:103040000D9906460DF10B0220460BF047F99DF84D
:103050000B80BDF82E200546204641460BF08EF928
:10306000002845D0216A0BAF0DF12A020AAB284691
:103070000097FBF7ADFF0028D7D19DF83110206AEB
:103080008DF84810FBF791FE00F0010040EA48007F
:103090008DF84900BDF82A00216AADF84A00BDF854
:1030A00028001B95ADF84C0009780838490758BF2F
:1030B0004FF0FF30ADF84E00706996E88C00D6E90D
:1030C00003510DF1500C8CE88C00CDE9175119908B
:1030D000B169206D1A9112A9F7F732F9BDF94C20A8
:1030E000204641460BF074F9E06E07F031FE4CE7E4
:1030F000E06E07F02DFE35E730B310B50446006DE5
:10310000F0B143F63441C0F60601606E096807F07D
:103110002CFE206DF6F7A1FF01280ED007F0CAFEA5
:1031200007F0D6FE226DC4E916014EF23F31C0F61B
:10313000040110462246F6F7C9FF606E07F008FE4C
:103140000020BDE8104000E0FE2040B2704710B5FE
:10315000A0B10446006D88B143F63441C0F60601C3
:10316000606E096807F001FE206DF7F73BF9616EAC
:103170000446084607F0ECFD204610BD002010BDB7
:103180002DE9F04381B070B18146006D58B1884699
:10319000FE2905D1484601B0BDE8F043FFF7D7BF8F
:1031A000B8F1030F04D90024A0B201B0BDE8F08348
:1031B00043F63441C0F60601D9F86400096807F007
:1031C000D4FDD9F85000F7F70DF9D9F8501006469C
:1031D0000846F6F72AFFD6B107460024D9F8500072
:1031E0003946F6F713FFD9F8501005460846394618
:1031F000F7F786F8074605F10800F9F71BFD04F01C
:103200005FFE804508BF0134013EE7D100E00024A5
:10321000D9F8640007F09CFDC6E7002854D0F0B54B
:1032200091B00446006D002853D00D4643F634415A
:10323000C0F60601606E096807F097FD206DF6F78D
:103240000CFF012842D0687869688DF80100206D74
:1032500001914EF22F41C0F604016A46F6F76AFF6B
:10326000A0B30546206D2946F6F7D0FE07AE01460D
:1032700030462822DEF7FAFD276D29463846F7F753
:103280003FF84EF22B310346C0F604013846324671
:10329000F6F736FF206D2946F6F7E8FE1098BDF8E0
:1032A0001E10BDF82020FBF7D9FF9DF81D00BDF8CA
:1032B00020204108504202B220460BF089F8606E8F
:1032C00007F046FD002005E0FE2006E0606E07F0F6
:1032D0003FFDFF2011B0BDE8F04040B27047000054
:1032E00000284BD02DE9F04F81B00446006D002836
:1032F00046D0104690468B46F2F7D5F9042841D1C6
:1033000043F63441C0F60601606E096807F02DFDF2
:10331000206DF7F767F882464046F2F7B5F9404668
:10332000F2F710FAD34524D8206D00210091F6F76A
:103330007CFEBAF1000F1CD005460026E94600BF0E
:10334000206D2946F6F762FE216D0746084629469C
:10335000F6F7D6FF054607F10800F9F76BFC5E4566
:10336000009003D340464946F2F7D1F90136B24501
:10337000E6D1606E07F0ECFC002004E0FE2005E0E2
:10338000FE2000E0FF2001B0BDE8F04F40B27047E2
:103390002DE9F04F81B0A8B10646006D90B11846F6
:1033A000994690468B46F2F77EF904280FD1BBF17F
:1033B000FE0F09D1304641464A4601B0BDE8F04F04
:1033C000FFF78EBFFE2003E0BBF1030F04D9FF20FF
:1033D00040B201B0BDE8F08F43F63441C0F60601BB
:1033E000706E096807F0C1FC306DF6F7FBFF05460B
:1033F0004846F2F749F94846F2F7A4F9A84527D814
:10340000306D00210091F6F710FE0DB304464FF029
:10341000000A00BF306D2146F6F7F8FD316D074612
:1034200008462146F6F76CFF044607F10800F9F755
:1034300001FC009004F044FD834507D10AF1010A24
:10344000C24503D948466946F2F761F9013DE1D129
:10345000706E07F07DFC0020BAE7B0B582B0A8B16D
:103460000D4643F63441C0F606010446006E096875
:1034700007F07BFCE0690DF106022946FBF7EEFC44
:10348000216E0446084607F063FC00E0FE2460B2AB
:1034900002B0B0BDC269036E0AF0D0BF38B1428835
:1034A000914204D28268808800FB0120704700208E
:1034B0007047000020B370B504464088F0B1A5689D
:1034C000002600BFE16831B1C96821B1A08806FBC0
:1034D00000508847608801368642F3D321884FF632
:1034E000FF7200209142608008D1F7F7AFFF628839
:1034F000A388A1685A43F8F745F9A060BDE8704079
:10350000704700280FBF01204088B0FA80F04009C2
:10351000704718B1418809B1806870470020704732
:1035200030B141880088081AB0FA80F0400970472D
:10353000012070472DE9F04F81B0984616460F469E
:103540000546F7F783FF042110220123F7F788FFD0
:103550004FF0000B8146A0F802B0F4F733FB45F6BC
:10356000111443F2380AC0F606042946C0F6060ACA
:103570003DA22346002D18BF0121CDF800A0F4F78D
:10358000F7FAF4F71FFB39463FA22346002F18BF76
:103590000121CDF800A0F4F7EBFA0A9CA9F8045039
:1035A000A9F806B0A9F80070C9F80CB01EB914B992
:1035B0000B98394678B1F7F749FF0421102201230F
:1035C000F7F74EFFB9F800100B9AC9F80C00C0E9E4
:1035D00000688460C2604FF6FF70814205D0012D03
:1035E0001ED0022D1ED1022420E0F4F7EBFA04468F
:1035F000F7F72CFFF8F73AF9B0FA80F045F6111317
:1036000043F23807410927A2C0F606032046C0F658
:1036100006070097F4F7ACFA0020C9F808001FE08D
:10362000012403E00824052D38BF0424F7F70EFF1A
:1036300021462A463B46F7F713FFC9F808007FB139
:10364000044600BF26B120464146B04705E000BF12
:10365000B9F804102046DEF70FFD013F2C44F1D1EC
:10366000484601B0BDE8F08F656F5F766563746FA3
:10367000725F4E657728293A2030206974656D5F46
:1036800073697A6500000000656F5F766563746F2B
:10369000725F4E657728293A20302063617061633C
:1036A00069747900656F5F766563746F725F4E65EC
:1036B0007728293A2063616E6E6F742075736520D8
:1036C000656F5F766563746F72636170616369745F
:1036D000795F64796E616D696300000030B3B0B5E5
:1036E0004188044601B3D4E90203A28800EB020535
:1036F0002BB1DB681BB198476188A068A2880139AB
:10370000618089B24A432946DEF7F5FB20884FF6EF
:10371000FF71884208D1F7F799FE6288A388A168F3
:103720005A43F8F72FF8A060BDE8B040704750B397
:10373000B0B50D4629B3044600886188884220D080
:103740004FF6FF7290420BD1F7F780FE6288A38894
:10375000A16801325A43F8F715F86188A06000E0CB
:10376000A068A288E36802FB010023B19B6813B143
:103770002946984702E02946DEF778FB6088013049
:103780006080BDE8B0407047002814BF408800202A
:10379000704745F20010C1F200000178012908BF0E
:1037A00070470021C0F80210C0F80610C0F80A10D7
:1037B000C0F80D100322816145F60101828201806B
:1037C000704745F20010C1F200000178012908BFDE
:1037D00070470021C0F80210C0F80610C0F80A10A7
:1037E000C0F80D100322816145F60101828201803B
:1037F0007047000070B102290AD808A0405C45F269
:103800000011C1F2000101EB4000428001208873E9
:10381000002000E0FE2040B2704700BF040001001D
:1038200058B1B0B545F20015C1F20005A87B0128DA
:1038300005D100202874E8811BE0FE2033E0E87BFE
:10384000297C013001316FF00903C2B253FA81F3D0
:10385000C92A4FF00002B3FA83F3E87338BF01229C
:103860005B091A404FF0000018BF0021012A29749B
:1038700017D10A206875A81CA861F2F798FF6A782A
:1038800005F114042146F3F797F90B20687505F14B
:103890000800A861F2F78BFF6A782146F3F78CF9EC
:1038A0000020BDE8B04040B2704770B530B3044668
:1038B000007B002548B307F0FDFA07F009FBD4E9C7
:1038C00004232668801A9941301A75EB010017D23B
:1038D000A07E98B1264636F8181F481C308019B1D2
:1038E000A18882B28A4203D9A0688047208BA18830
:1038F00080B288424FF0000505D806E0002504E0BC
:1039000004F11806012500203080284670BD000013
:1039100010B50446F7F79AFD042120220123F7F79A
:103920009FFD0BA1002C18BF2146D1E90023896817
:1039300081604FF00001C0E900230173C0E9041168
:10394000018381761CB1A16809B10121817610BD86
:1039500040420F00000000000000000058B110B508
:103960000446007B48B107F0A5FA07F0B1FAC4E9B4
:103970000401002002E0FE2002E0FF20BDE810402C
:1039800040B2704768B110B504460120207307F0BB
:1039900091FA07F09DFAC4E904010020BDE8104047
:1039A00000E0FE2040B2704700280FBFFE2100213A
:1039B0000173C0E9041148B27047A0B110B5027B91
:1039C000044600202073C4E90400216042B10120B4
:1039D000207307F06FFA07F07BFAC4E904010020B6
:1039E000BDE8104000E0FF2040B27047133800F0FF
:1039F000FB00B0FA80F04009704716280BD801464A
:103A0000012041F2400200FA01F1C0F240021142ED
:103A100008BF0020704700207047000002288EBFBA
:103A2000FE2001A1085C7047060C160003207047B9
:103A3000072805D36FF001010F2808BF0E2101E010
:103A400001A1095CC8B270470708090A0B0C0D00F8
:103A5000C11F1023CAB20E2808BF0F23072A38BF80
:103A60000B46D8B27047000078B1A1F10B030B2BC5
:103A70004FF0000C0CD8DFE803F00612101A1A1AE7
:103A80001A1A1A141A0E06300CE04FF0000C0EE051
:103A9000052907D00BE01E3004E0123002E00C30A4
:103AA00000E0183002788A4218BF00208446604641
:103AB0007047000005288EBFFE2001A1085C7047FA
:103AC000050B0C0D141600000620704748B1132991
:103AD0004FF0000207DC0B290CD00C290FD1063067
:103AE00008E000220BE0142903D0162907D1123078
:103AF00000E00C3002788A4218BF002002461046CF
:103B00007047000003288EBFFE2001A1085C7047AB
:103B10000B0C14160420704770473F2884BF002008
:103B2000704702466FF07C400021F3F757BA00005F
:103B3000B0B5032998BF072A01D90020B0BD0446BB
:103B400042F64070C0F6060000EBC100855C0A2D0D
:103B5000F3D82046FFF7E0FFFFF7DFFF0028ECD0A7
:103B600003A050F825002146BDE8B040F3F7A9BAFC
:103B700008012600080126004010400080000000D7
:103B8000001850002038500000800000008812000B
:103B9000401040000000880020881000027A40F2A7
:103BA0000A3343EAC20240F2FA331A400A600022A2
:103BB0008A80062240688A7102688A6082880020B2
:103BC0008A817047027A40F20B3343EAC20240F224
:103BD000FB331A400A6000228A80062240688A71FC
:103BE00002688A60828800208A817047B0B584B0FC
:103BF0000C460546FDF752FB294622460023FDF7F9
:103C000023F902208DF8044002958DF80C00ECF7A2
:103C1000CFFF01A9ECF7F1FF002004B0B0BDB0B5B3
:103C20000C460546F6F70CFD294622460023F6F71A
:103C3000DEFB0020B0BDB0B50C460546F6F700FD32
:103C4000294622460123F6F7D2FB0020B0BDB0B5CD
:103C50000C460546FAF744FC29462246FAF78AFA4A
:103C6000F9F706FE29462246F9F7F0FB0020B0BD21
:103C7000B0B584B00546029004200C468DF80410BF
:103C80008DF80C00ECF794FF01A9ECF7B6FF28467D
:103C9000214600F05AF8012806D0FDF799FF0F21C0
:103CA0002A462346FDF7F2FC002004B0B0BDB0B5B3
:103CB00084B00C460546FDF7F1FA29462246012359
:103CC000FDF7C2F803208DF8044002958DF80C0032
:103CD000ECF76EFF01A9ECF790FF002004B0B0BD37
:103CE000B0B584B00C460546FDF7D8FA2946224601
:103CF0000223FDF7A9F800208DF8044002958DF805
:103D00000C00ECF755FF01A9ECF777FF002004B099
:103D1000B0BDB0B584B00C460546FDF7BFFA2946E4
:103D200022460323FDF790F800208DF80440029509
:103D30008DF80C00ECF73CFF01A9ECF75EFF0020CA
:103D400004B0B0BD4FF0FF30704700284FF00100C5
:103D500018D041F6B861C1F20001C97891B180B5BF
:103D600082B000208DF8070001F03DFC0DF1070145
:103D700001F02CFC9DF80700013818BF012002B0AB
:103D8000BDE880407047027A2023520863F31F1277
:103D900040680A6000221C238A800B720378032289
:103DA0004B728A71427800208A727047027A20230F
:103DB000520863F31F120A60002218238A800B72D4
:103DC000022240688A71027800204A7270470020FF
:103DD00070470023027A8B8034230B7240685208AC
:103DE000202363F31F1203780A604B724278082382
:103DF0008A7282788B71CA72C2780A7302794A73A6
:103E000042798A7382790020CA737047027A20232C
:103E1000520863F31F120A60002235238A800B7256
:103E2000406802228A71027800204A72704700209E
:103E30007047027A4FF0000C5308202262F31F13E0
:103E40005222A1F804C00A7240680B60437808222D
:103E50000E2B8A7126D06BBB027812014A728278CF
:103E600002F0030393FAA3FC02F00C039B0043EA65
:103E7000121242EA1C628A720279CA7242790A7389
:103E8000827902F0030393FAA3FC02F00C039B0077
:103E900043EA121242EA1C624A73027A407A8A7337
:103EA000C87307E00078C1F80AC000010E304872FC
:103EB000A1F80EC000207047027A2023520863F355
:103EC0001F120A60002253238A800B72406802226C
:103ED0008A71027800204A727047027A20235208C1
:103EE00063F31F120A60002208238A800B720222E9
:103EF00040688A71027800204A727047027A202353
:103F0000520863F31F1200238B8010230B7240684A
:103F10000A600078022202288A7109D8C0000222B1
:103F2000C0B2C0F2010222FA00F04872002000E0A4
:103F3000FF2040B27047027A2023520863F31F1219
:103F40000A60002207238A800B72022240688A716D
:103F5000027800204A727047027A2023520863F3E5
:103F60001F120A60002239238A800B7240680222E5
:103F70008A71027800204A727047027A2023520820
:103F800063F31F120A6000223A238A800B72406892
:103F900002228A71027800204A727047027A202336
:103FA000520863F31F120A6000228A804F220A72AD
:103FB0004068032203788A714B72427800208A722B
:103FC0007047027A2023520863F31F1200238B806C
:103FD0004D230B7240680A60027804234A724278CB
:103FE0008B718A7282780020CA7270470023027A2D
:103FF0008B8050230B724068520803784FF0200CDE
:104000004B7243786CF31F128B720A60C2780723DD
:10401000CA7282788B710A7382880020A1F80D2001
:104020007047007A2022400862F31F1008600020C9
:10403000888040F24C1042F20002C0F20130C3F21C
:104040000052C1E90202082200208A717047007AFA
:104050002022400862F31F1008600020888007209B
:1040600088714E20CFF2220088604FF47F40888113
:10407000FF2200208A737047B0B582B002781E24F8
:1040800001F00101037A04EAD202C57B1144202227
:1040900002EA93028C18691EB1FA81F14D09B0F859
:1040A0000910D0F80B00ADF802100190F1F767FC91
:1040B0000DF1020321462A46F1F7AAFC002002B0C6
:1040C000B0BDB0B584B00C460546FDF7E7F829460B
:1040D00022460423FCF7B8FE01208DF80440029527
:1040E0008DF80C00ECF764FD01A9ECF786FD0020CB
:1040F00004B0B0BD0020704700207047002070471A
:1041000080B584B0029000208DF804108DF80C006A
:10411000EDF797FE01A9EDF7B9FE002004B080BDD0
:1041200080B584B0029002208DF804108DF80C0048
:10413000EDF787FE01A9EDF7A9FE002004B080BDD0
:1041400080B584B0029001208DF804108DF80C0029
:10415000EDF777FE01A9EDF799FE002004B080BDD0
:10416000B0B50C460546F4F791FF294622460223D6
:10417000F4F78AFC0020B0BDB0B50C460546F4F754
:1041800085FF294622460423F4F77EFC0020B0BDBB
:10419000B0B50C46054600F031F8012806D0F4F71A
:1041A00075FF294622460B23F4F76EFC0020B0BDB4
:1041B000B0B50C46054600F021F8012806D0F4F70A
:1041C00065FF294622460E23F4F75EFC0020B0BDB1
:1041D00070B50C46054600F011F801280CD0687A3D
:1041E000FFF726FCFE2807D00646F4F74FFF2946C6
:1041F00022463346F4F748FC002070BD00284FF0FB
:10420000010018D041F24821C1F20001C97891B1F2
:1042100080B582B000208DF8070001F0E4F90DF1BF
:10422000070101F0D3F99DF80700013818BF0120FC
:1042300002B0BDE880407047027A40F20F1343EAB3
:10424000C20200238B8040686FF35F2203880A60FC
:104250000B81428808234A8182888B718A81C288B7
:104260000020CA81704710B582B00446FF200A467C
:104270008DF807000DF1070C012021460023CDF831
:1042800000C00AF092F988B134F8081FA0F8D410E1
:10429000B4F90210C0F8CC1062689DF80710C0F89D
:1042A000C82008462146E0F710FF01E003F019FEA0
:1042B000002002B010BD00002DE9F04782B0044696
:1042C0000D4601F0010021781E2202EAD1010844C6
:1042D00000F14006F2F745F83146F1F7FAFE0828FA
:1042E00016D1FF208DF807000DF1070701202146A8
:1042F0002A46002300970AF058F9A0B3B4F90A102F
:104300009DF80720A0F8D6101046E0F702FF2AE03B
:10431000217A42F2E868002001F00F0209090DF14C
:1043200005070126C0F606080DF1060A0DF104097D
:104330008DF806008DF805208DF8041018F800306F
:10434000002021462A46CDF800A00AF02EF950B1EF
:104350003978012907D880F81D110120F1074FF0A5
:1043600000064F46EAD1002002B0BDE8F087000009
:104370002DE9F04F83B042F2E86942F2EA6B8846D9
:104380000546002700F108060124C0F606090DF1D4
:104390000B0AC0F6060B8DF80B7000BF19F807303A
:1043A000012029464246CDF800A00AF0FEF848B1A7
:1043B0001BF807100127715AA0F8D410E0074FF03E
:1043C0000004EBD1002003B0BDE8F08F70B586B0DB
:1043D00004460D4601F0010021781E2202EAD101B7
:1043E000084400F14006F1F7BCFF3146F1F771FED9
:1043F000082824D104200221022601F02DF8029081
:104400002068A1796FF31F3040EA0130ADF80E004B
:104410002046F2F782FDCDE90401002D08BF0126F8
:1044200020788DF80C6000098DF80D00F3F7CAFBB9
:1044300002AE0221002200230096F3F7A0FB002029
:1044400006B070BD2DE9F04F83B042F2E86942F248
:10445000EC6B88460546002700F108060124C0F6EB
:1044600006090DF10B0AC0F6060B8DF80B7000BFA4
:1044700019F80730012029464246CDF800A00AF07D
:1044800094F848B11BF8071001277158C0F8C810FC
:10449000E0074FF00004EBD1002003B0BDE8F08F3F
:1044A0002DE9F04F83B042F2EA69884605460027BD
:1044B00000F1080601240DF10B0A0FF24C0BC0F6B7
:1044C00006098DF80B7000BF42F2E860C0F60600E6
:1044D000C35D002029464246CDF800A00AF065F8E9
:1044E00070B190F81C110329494608BF5946C95DAF
:1044F0000127715AC0F81011E0074FF00004E3D112
:10450000002003B0BDE8F08F040600002DE9F04F55
:1045100083B042F2E86942F2EA6B8846054600271A
:1045200000F108060124C0F606090DF10B0AC0F6D9
:10453000060B8DF80B7000BF19F8073000202946D4
:104540004246CDF800A00AF030F848B11BF8071039
:104550000127715AC0F81411E0074FF00004EBD1A5
:10456000002003B0BDE8F08F2DE9F04F83B042F298
:10457000E86A88460546002700F108090124C0F6CC
:10458000060A0DF10B0B8DF80B7000BF1AF80730FF
:10459000002029464246CDF800B00AF006F8A8B13E
:1045A000064642F2EC60C0F60600C05D59F80070A5
:1045B000F6F747FE9DF80B103A46F6F7F9FBC6F8FA
:1045C000F8000127E0074FF00004DFD1002003B01E
:1045D000BDE8F08FB0B586B00C46054600202D2111
:1045E00000F03AFFA97902902846ADF80E10F2F7D4
:1045F00094FCCDE904010220002C08BF0120297899
:104600008DF80C0008098DF80D00F3F7DBFA02AD08
:104610000121002200230095F3F7B1FA002006B033
:10462000B0BD00002DE9F04F87B0044600200D46D4
:104630008DF81B00CDE90400CDE9020001F0010076
:1046400021781E2202EAD101084400F14006F1F768
:1046500088FE3146F1F73DFD122818BF082812D117
:104660000DF11B07002021462A460023009709F080
:104670009CFF002800F076809DF81B0004F10801E3
:10468000E0F73BFD70E0032840F06E8042F2E869FD
:1046900004F1080B0127C0F606090DF11B0A34A628
:1046A0004FF0000819F80830002021462A46CDF8BE
:1046B00000A009F07AFF002856D016F808101BF861
:1046C00001104F290CDC0B294ED8DFE801F04141E5
:1046D0004141414141383A4D06060E2138E000BFC4
:1046E000AF2925DC502933D060292CD0A0293BD11B
:1046F0000A2180F81C110420092100F0ADFE617A26
:10470000029008020A309DF81B10ADF80E00002040
:104710008DF80D108DF80C00F3F754FA02210022E9
:104720000023B44602AE00966646F3F728FA11E07D
:10473000B0290CD0B12908D0FF2909D014E00821F4
:1047400006E0092104E0FE2102E00C2100E00B213B
:1047500080F81C114FF00108F8074FF000077FF4B4
:10476000A1AF01E003F0BDFB002007B0BDE8F08F72
:10477000010300002DE9F04F83B0884681460024F4
:1047800000F1080A01250DF10B0B8DF80B4000BF5D
:1047900042F2E860C0F60600035D0020494642464A
:1047A000CDF800B009F001FF10B3064642F2EC600C
:1047B000C0F6060010A1005D095D3AF900703AF9F3
:1047C0000140F6F73EFD9DF80B103A46F6F758FB10
:1047D000C6F8FC00F6F735FD9DF80B102246F6F7FB
:1047E00061FAC6F800010124E8074FF00005CFD1B7
:1047F000002003B0BDE8F08F02060000037A426893
:10480000C3F343030B6000238B8008238B71007A72
:10481000042300F0E000202808BF6FF07B030B7238
:1048200010780728487211D8DFE800F00404040A61
:104830000A10040490884881D0888881002004E010
:1048400090884881D08888811089C881002070476D
:10485000027AC2F343020A6000228A8001228A712E
:10486000007A072200F0E00020284FF0000008BF87
:104870006FF078020A727047027AC2F343020A604C
:1048800000228A8001228A71007A2D2200F0E00045
:1048900020284FF0000008BF6FF052020A727047E4
:1048A000027A4368C2F343020A6000228A8003222C
:1048B0008A71007A5B2200F0E000202808BF6FF0C8
:1048C00024020A72187848725A7800208A72704757
:1048D000027AC2F343020A6000228A8001228A71AE
:1048E000007A5A2200F0E00020284FF0000008BFB4
:1048F0006FF025020A727047027AC2F343020A601F
:1049000000228A8001228A71007A582200F0E00099
:1049100020284FF0000008BF6FF027020A7270478E
:10492000027AC2F343020A6000228A8001228A715D
:10493000007A432200F0E00020284FF0000008BF7A
:104940006FF03C020A727047027AC2F343020A60B7
:1049500000228A8001228A71007A412200F0E00060
:1049600020284FF0000008BF6FF03E020A72704727
:10497000027AC2F343020A6000228A8001228A710D
:10498000007A732200F0E00020284FF0000008BFFA
:104990006FF00C020A727047027AC2F343020A6097
:1049A00000228A8001228A71007A532200F0E000FE
:1049B00020284FF0000008BF6FF02C020A727047E9
:1049C000027AC2F343020A6000228A8001228A71BD
:1049D000007A552200F0E00020284FF0000008BFC8
:1049E0006FF02A020A727047027AC2F343020A6029
:1049F00000228A8001228A71007A5E2200F0E000A3
:104A000020284FF0000008BF6FF021020A727047A3
:104A1000027AC2F343020A6000228A8001228A716C
:104A2000007A302200F0E00020284FF0000008BF9C
:104A30006FF04F020A727047027AC2F343020A60B3
:104A400000228A8001228A71007A4F2200F0E00061
:104A500020284FF0000008BF6FF030020A72704744
:104A6000027AC2F343020A6000228A8001228A711C
:104A7000007A512200F0E00020284FF0000008BF2B
:104A80006FF02E020A727047027AC2F343020A6084
:104A900000228A8001228A71007A602200F0E00000
:104AA00020284FF0000008BF6FF01F020A72704705
:104AB000027AC2F343020A6000228A8001228A71CC
:104AC000007A082200F0E00020284FF0000008BF24
:104AD0006FF077020A727047027A4368C2F34302AA
:104AE0000A6000228A8007228A71007A1B2200F065
:104AF000E000202808BF6FF064020A7218689A88E4
:104B0000C1F809000020A1F80D207047027A49235E
:104B1000C2F343020A6000228A8005228A71027A67
:104B200002F0E002202A08BF6FF036030B724068E3
:104B300002680020C1F809207047027A3E23C2F3C0
:104B400043020A6000228A8005228A71027A02F0FA
:104B5000E002202A08BF6FF041030B724068026830
:104B60000020C1F809207047027A4368C2F343026B
:104B70000A6000228A8002228A71007A092200F0EB
:104B8000E000202808BF6FF076020A721A78002031
:104B90004A727047027A4368C2F343020A600022F5
:104BA0008A8008228A71007A482200F0E0002028DA
:104BB00008BF6FF037020A721888488158888881C8
:104BC0009A880020CA817047027A6523C2F34302A3
:104BD0000A6000228A8008228A71027A02F0E002CA
:104BE000202A08BF6FF01A030B724068D0F8032028
:104BF00003680020CA60C1F80930704780B5672299
:104C00000BF0AAF8002080BD027A4FF0000CC2F32E
:104C100043020A6005224368A1F804C08A71007A41
:104C20006D2200F0E000202808BF6FF012020A7227
:104C30001888A1F80BC0A1F8090000207047027A7B
:104C40004368C2F343020A6000228A8005228A7107
:104C5000007A2C2200F0E000202808BF6FF05302F9
:104C60000A721878487293F901008872C211002004
:104C7000CA720A737047027A4368C2F343020A6039
:104C800000228A8005228A71007A702200F0E000FA
:104C9000202808BF6FF00F020A725888A1F8090097
:104CA0001A880020A1F80B207047027A4368C2F3EB
:104CB00043020A6000228A8003228A71007A592204
:104CC00000F0E000202808BF6FF026020A721A8860
:104CD0000020A1F809207047027A4368C2F343021A
:104CE0000A6000228A8008228A71007A572200F026
:104CF000E000202808BF6FF028020A721888A1F887
:104D000009005A880020A1F80B207047027A4368F6
:104D1000C2F343020A6000228A8005228A71007A67
:104D2000742200F0E000202808BF6FF00B020A7226
:104D30001A7800204A727047027A0F23C2F34302A6
:104D40000A6000228A8005228A71027A02F0E0025B
:104D5000202A08BF6FF070030B72406802680020C1
:104D6000C1F809207047027A4223C2F343020A6065
:104D700000228A8005228A71027A02F0E002202A4B
:104D800008BF6FF03D030B72406802680020C1F855
:104D900009207047027A4423C2F343020A600022CA
:104DA0008A8003228A71027A02F0E002202A08BF78
:104DB0006FF03B030B72406802880020A1F80920C5
:104DC0007047027A1023C2F343020A6000228A80ED
:104DD00005228A71027A02F0E002202A08BF6FF0F1
:104DE0006F030B72406802680020C1F80920704709
:104DF000027A4023C2F343020A6000228A8005221D
:104E00008A71027A02F0E002202A08BF6FF03F03A5
:104E10000B72406802680020C1F809207047027ACE
:104E20007723C2F343020A6000228A8008228A7133
:104E3000027A02F0E002202A08BF6FF008030B722A
:104E40004068D0F8032003680020CA60C1F8093028
:104E5000704780B5027A0123C2F343020A60002240
:104E60008A8008228A71027A02F0E002202A08BFB2
:104E70006FF07E030B72426801F1090011460722B0
:104E8000DDF739F8002080BD027A4368C2F343029F
:104E90000A6000228A8003228A71007A722200F05E
:104EA000E000202808BF6FF00D020A721A88002067
:104EB000A1F80920704780B5027A7D23C2F343022E
:104EC0000A6000228A8008228A71027A02F0E002D7
:104ED000202A08BF6FF002030B72426801F109003B
:104EE00011460722DDF707F8002080BD80B5522269
:104EF0000AF0CDFE002080BD80B554220AF0FBFEF2
:104F0000002080BD027A4368C2F343020A60002297
:104F10008A8005228A71007A5D2200F0E000202854
:104F200008BF6FF022020A7293ED070A93ED081A88
:104F3000BDEEC00A10EE100ABDEEC10AA1F80900CC
:104F400010EE102A0020A1F80B207047027A2F23C0
:104F5000C2F343020A6000228A8003228A71027A25
:104F600002F0E002202A08BF6FF050030B72406885
:104F700002880020A1F809207047027A4368C2F332
:104F800043020A6000228A8005228A71007A0E227A
:104F900000F0E000202808BF6FF071020A72187854
:104FA0004872587888729878C872DA7800200A7344
:104FB0007047027A7923C2F343020A6000228A8092
:104FC00003228A71027A02F0E002202A08BF6FF001
:104FD00006030B72406802880020A1F80920704780
:104FE00080B54E220AF053FE002080BD80B55022CD
:104FF0000AF081FE002080BD027A4368C2F34302BA
:105000000A6000228A8005228A71007A5F2200F0FD
:10501000E000202808BF6FF020020A7293ED070A13
:1050200093ED081ABDEEC00A10EE100ABDEEC10ADB
:10503000A1F8090010EE102A0020A1F80B207047FB
:10504000027A6923C2F343020A6000228A8008229E
:105050008A71027A02F0E002202A08BF6FF016037C
:105060000B724068D0F8032003680020CA60C1F8C2
:1050700009307047037A4268C3F343030B6000238F
:1050800012888B8003238B71007A4A2300F0E000A2
:1050900020284FF0000008BF6FF035030B72A1F815
:1050A00009207047027A5623C2F343020A600022A5
:1050B0008A8003228A71027A02F0E002202A08BF65
:1050C0006FF029030B72406802880020A1F80920C4
:1050D0007047027AC2F343020A6000228A800122EA
:1050E0008A71007A2E2200F0E00020284FF00000A4
:1050F00008BF6FF051020A727047027A4368C2F328
:1051000043020A6000228A8005228A71007A1C22EA
:1051100000F0E000202808BF6FF063020A721888D0
:10512000A1F809005A880020A1F80B2070474FF021
:10513000FF307047B0B582B002781E2401F0010143
:10514000037A04EAD202C57B1144202202EA9302C8
:105150008C18691EB1FA81F14D09B0F80910D0F828
:105160000B00ADF802100190F0F709FC0DF10203FD
:1051700021462A46F0F74CFC002002B0B0BD5A226E
:105180000AF027BF58220AF024BF43220BF0A6B82A
:1051900041220BF0A3B810B50022044609F028FA0A
:1051A00018B1B4F90910C0F83811002010BD53220D
:1051B0000AF0C0BF55220AF0BDBF5E220AF0BABF96
:1051C0002DE9F04186B00446884601F001002178BF
:1051D0001E23227A03EAD1010844202101EA920128
:1051E0004518F1F7BEF8294601220123F0F7F7FF31
:1051F000FF2864D0024601200121052302F06AFE47
:105200000646F0F7CEFAF0F7DEFAFDF7C8F93146B8
:105210000746F8F707FEC0B10546FE20314605F007
:1052200071FAB4F809100180687829780130C2B2A7
:105230009142687043D1384631460022F8F705FFA5
:1052400000F0D1F900F0DCFB39E0002500202C2132
:10525000ADF80C5000F000F90290ADF80E50CDE919
:105260000465F2F7AFFC02AD042100220023009593
:10527000F2F785FC00201B2100F0EEF80290206878
:10528000A1796FF31F3040EA0130ADF80E002046DF
:10529000F1F743FE05912178049008098DF80D007F
:1052A0000220B8F1000F08BF01208DF80C00F2F7C2
:1052B00089FC0221002200230095F2F760FC002007
:1052C00006B0BDE8F0814F220AF034BF51220AF047
:1052D00031BF60220AF02EBF2DE9F04188B00546AB
:1052E000FF208DF81F000DF11F0228460C4609F023
:1052F0007FF9002860D0697A9DF81F2080F81E1180
:10530000012000210E234FF0000802F0E3FD0646C5
:10531000F0F747FAF0F757FAFDF741F9314607463B
:10532000F8F780FD80B1417802780131CBB29A4222
:10533000417041D1384631460022F8F786FE00F030
:1053400052F900F05DFB37E000202C21ADF80C8015
:1053500000F082F80290ADF80E80CDE90468F2F713
:1053600031FC02AE0421002200230096F2F707FC74
:1053700000201B2100F070F802902868A9796FF3D3
:105380001F3040EA0130ADF80E002846F1F7C5FDA8
:1053900005912978049008098DF80D000220002C51
:1053A00008BF01208DF80C00F2F70CFC022100224E
:1053B00000230096F2F7E3FB002008B0BDE8F0817F
:1053C000B0B50C460546FAF713FE29462246FAF711
:1053D00050FC0020B0BD410E04290AD845F65041CA
:1053E000020EC0F6060151F8223020F07F419942AA
:1053F00004D943F20F10C0F60600704743F28C1038
:10540000C0F6060050F8220001EB410200EB8200DA
:10541000426842B1036843F23710C0F60600994271
:1054200008BF1046704743F26110C0F6060070478F
:10543000410E042984BF4FF0FF30704745F65042BB
:10544000010EC0F6060252F8211020F07F4088427B
:1054500088BF4FF0FF30704709280CD845F65042FE
:10546000C0F6060252F8202091429EBF21F07F41F3
:1054700041EA006070474FF0FF307047F0B587B0E9
:1054800045F23815C1F200056968002954D143F688
:105490006046C0F60606002818BF0646F2F792FBE3
:1054A00045F66A14317943F23807C0F60604C0F6AF
:1054B000060724A22346002918BF01210097F2F70E
:1054C00057FBF2F77FFB718829A22346002918BFFA
:1054D00001210097F2F74CFBF2F774FB31782FA211
:1054E0002346002918BF01210097F2F741FB43F63C
:1054F00034433079C0F606034EF24F671B68C0F69E
:1055000004077288317840F6D976CDE9007002A898
:105510000FF2B00CC0F60506002458C0042000238A
:10552000CDF814C002F016FA014668604EF23960F8
:10553000C0F6040005F0F8F945F23810C1F2000099
:1055400007B0F0BD656F6D5F63616C6C6261636B2A
:105550006D616E5F496E697469616C697365282954
:105560003A203020717565756573697A65000000B1
:10557000656F6D5F63616C6C6261636B6D616E5FC3
:10558000496E697469616C69736528293A20302015
:10559000737461636B73697A65000000656F6D5F9A
:1055A00063616C6C6261636B6D616E5F496E69749F
:1055B00069616C69736528292030207072696F7287
:1055C0006974790063626B6D616E000010B50C4602
:1055D0004FF0FE0128B124B10068FBF7A5F80021C7
:1055E000207048B210BD41F21801C1F20001087BE1
:1055F000002818BF084670472DE9F047C0B041F2B7
:105600001809C1F20009D9F80010002940F08B8177
:105610000546C8480DF10C0C0290C6A0071D8ECFA0
:10562000007D8CE80E0006978DF81C00F2F7CAFA90
:1056300045F65122C0F6060202A9F2F7E7FA012068
:1056400089F80C0043F66840C0F60600002D18BF2C
:105650002846D0E90001C9E90101F1F77CFBFBF71D
:1056600069F8C9F800000120002100260FF024FB92
:10567000D9F804000021EFF711FFEFF705FF05F05F
:10568000C6F900F022FB054690F848001A9601285A
:1056900008D1EFF7F9FE1AA905F0AAF91A9900281E
:1056A00008BF0E46E96B05F1300005F144033246B0
:1056B00001F0F2FDE86A1BAE31461422F1F7E2FC7C
:1056C00020AFA2A2384680213346DCF753F8F2F728
:1056D00079FA45F65122C0F606023946F2F796FAF3
:1056E00001F0C8FDE96A44F64032C0F24C0201F014
:1056F000BDFF0546F4F78EFB002135B1F4F7FAFB48
:1057000046F28A67C0F6060705E0F4F714FC46F295
:105710008E67C0F6060746F2916220AEC0F606021A
:105720001BAB304680210097DCF724F8F2F74AFAE9
:1057300045F65125C0F6060531462A46F2F766FAC7
:1057400000F0C3FA643000F01BFB00F0BEFA06461E
:105750007C3001F00FFBF06A1BAE31461422F1F7EA
:1057600091FC46F2FB6220AFC0F60602384680216B
:105770003346DBF7FFFFF2F725FA39462A46F2F700
:1057800045FA01F0EEFAD9F808104AF22012C0F2F8
:10579000070201F0C9FA0546F4F73CFB002135B1D8
:1057A000F4F7A8FB46F28A67C0F6060705E0F4F7AF
:1057B000C2FB46F28E67C0F6060746F2C66220AE0E
:1057C000C0F606021BAB304680210097DBF7D2FF04
:1057D000F2F7F8F945F65128C0F606083146424678
:1057E000F2F714FA00F071FA883001F035FC00F09D
:1057F0006CFA4C3000F0E2FC00F067FAB03000F0D8
:10580000CFFE00F062FAB43000F062FC00F05DFA06
:10581000B83000F06DFF45F67440C0F60600EFF7B3
:105820003DF9EFF758F9F2F7CDF944F62131C0F61A
:105830000301F2F7E5F920AE30462021DCF73EFC0B
:1058400000F018FC00F01FFC024630460121EFF783
:10585000F6FB01F086FA31460022002301F013FB2B
:105860004CF22040C0F6060090E88E00D0E90465B6
:105870000DF1080E8EE88E0000F12007D0E906C475
:10588000CDE906658ECFD0E90C6590F838000DF1B2
:10589000280E8EE88E00CDE908C40E960F958DF87F
:1058A0004000F2F78FF90DF1080A51464246F2F72F
:1058B000ADF9484600F0DAF84CF2E030C0F60600E8
:1058C00090E88E00D0E9045402AE8EC600F12007A5
:1058D000D0E906CECDE906548ECFD0E90C54D0E9FC
:1058E0000E600D970C930B920A91CDE908CECDE98D
:1058F0000E54CDE91060F2F765F951464246F2F7D1
:1059000085F9D9F80000FBF728F84CF25C41C0F6A5
:10591000060150465222DCF730FBF2F753F95146AC
:105920004246F2F773F941F21800C1F2000040B0AC
:10593000BDE8F087696E73696465205F496E6974BC
:1059400069616C69736528290000000061626F75E8
:105950007420746F2063616C6C20656F6D5F69707B
:105960006E65745F5265736F6C76654950282920A7
:10597000746F20686F737420257320772F207469EB
:105980006D656F757420357365630000B0B538B10F
:1059900000680C46FAF7C8FEA04203D1002022E0BE
:1059A000FE2020E0022801D1F1201CE002224FF06D
:1059B000FF35032C4FEAC401C0F2010238BF22FABE
:1059C00001F5012807D068B900F054FBE9B2BDE841
:1059D000B04000F061BB00F063FEE9B2BDE8B0404A
:1059E00000F073BEFF2040B2B0BD30B141F21800EC
:1059F000C1F200000068FAF765BF6FF00100704760
:105A000080B568B10068FAF78FFE02280CD0012833
:105A100008D098B900F02EFB00F035FB022109E018
:105A2000FE200CE000200AE000F0A7FD00F0AEFD33
:105A30004FF00051BDE8804002F038B9FF2040B27D
:105A400080BDB0B578B10D4669B1044601F0E8FA01
:105A500001F0F9FA2946FCF756FE05462046FFF705
:105A6000CFFF2846B0BD6FF00100B0BD80B5F4F7A0
:105A7000D1F903214CF250320023F4F77DFA01F002
:105A8000F9FB01F000FCBDE88040F9F773BD10B5EB
:105A9000F4F7C0F948F28042C0F21E02032100234D
:105AA000F4F76AFAF0F783FE0021F1F7A3F8F0F7B4
:105AB0007EFEF0F7ABFFF2F7C9F8044600F0DAFA21
:105AC00000F0E1FA014620468022F2F729F900F0C1
:105AD000D1FA00F0D8FA0221BDE8104002F0E6B891
:105AE00080B5F4F797F94DF29002C0F2030203215A
:105AF0000023F4F741FAF0F75AFE0021F1F77AF8A3
:105B0000F0F755FEF0F782FFF6F7B2FBF6F742FD2D
:105B1000F6F7AEFBF6F7A2FAFBF7C0FBFBF701FDC9
:105B2000FBF7BCFBFBF731FBEBF742F8ECF7F6F8C1
:105B3000EBF73EF8EBF725F8ECF783F9ECF7C2FD4D
:105B4000ECF77FF9ECF766F9FAF752FAFAF75AFC34
:105B5000FAF74EFAFAF7E4F9F4F772FDF4F7E3FE18
:105B6000F4F76EFDF4F711FDF3F790FAF3F765FB28
:105B7000F3F78CFAF3F723FAFCF72AF8FCF7F7F8B7
:105B8000FCF726F8FBF7BFFFF8F7AAFCF8F780FD53
:105B9000F8F7A6FCF8F734FCF7F76AFEF7F740FFD2
:105BA000F7F766FEBDE88040F7F7F2BD80B5F4F781
:105BB00031F944F24022C0F20F0203210023F4F72E
:105BC000DBF9F0F7F4FD0121F1F714F8F0F7EFFD40
:105BD00000210022F1F752F8F0F7E9FD43F62C41DD
:105BE000C0F60601096801EB8101F1F759F8F2F7F7
:105BF0002DF800210022BDE88040F2F791B880B571
:105C0000F2F724F800210022BDE88040F2F788B8BE
:105C1000704780B5F0F7CBFD0021F0F7EBFFF0F710
:105C2000C6FDF0F7F3FEF6F723FBF6F7B3FCF6F745
:105C30001FFBF6F713FAFBF731FBFBF772FCFBF7E0
:105C40002DFBFBF7A2FAEAF7B3FFECF767F8EAF7E8
:105C5000AFFFEAF796FFECF7F4F8ECF733FDECF75B
:105C6000F0F8ECF7D7F8FAF7C3F9FAF7CBFBFAF745
:105C7000BFF9FAF755F9F4F7E3FCF4F754FEF4F73B
:105C8000DFFCF4F782FCF3F701FAF3F7D6FAF3F747
:105C9000FDF9F3F794F9FBF79BFFFCF768F8FBF7C6
:105CA00097FFFBF730FFF8F71BFCF8F7F1FCF8F76C
:105CB00017FCF8F7A5FBF7F7DBFDF7F7B1FEF7F7F1
:105CC000D7FDBDE88040F7F763BD44F6E900C1F2B7
:105CD0000000017809B90121017044F64070C0F656
:105CE0000600704744F6E900C1F20000017809B9E6
:105CF0000121017044F64070C0F6060070470000B4
:105D000070B594B0044644F64570C0F23F001646A4
:105D10000D461390F1F756FF2146F1F74BFF44F67D
:105D2000E901C1F200010A7803460AB901200870AE
:105D300016B17168307801E0002013A903AECDE9F7
:105D4000001009A2304640210295DBF713FD3046D2
:105D500011F04AFA042C9CBF14B070BD05F0AAF8EB
:105D600005F0CAF8FEE700BF5B25735D20257320B0
:105D7000696E2074736B2025643A2025730000003F
:105D80002DE9F04F89B041F23004C1F200042168DE
:105D9000002940F09F8043F67047C0F606070028B0
:105DA00018BF074697E84F007D6904F1180C8CE88E
:105DB0004F00E562387830B301F05CFA43F2180521
:105DC000C0F6060550B9F1F7FDFE45F6EF1343A204
:105DD000C0F6060305210095F1F7D1FE387DB7F82E
:105DE00004A0B7F8088001280FD101F05BFC397DD1
:105DF000B7F80690B7F80AB0012906460AD101F0B3
:105E000051FC054607E0002464E097F80690B7F8D7
:105E10000AB0002600255FFA8AF05FFA89F341464E
:105E20003246CDE900B5FAF761FE3989606008466F
:105E3000F7F7EFF97989A0600846F7F7EAF9E0602B
:105E40000220012116F01AFF2063F1F7BBFE216B3F
:105E500045F6EF1343F218062FA2C0F60603C0F66C
:105E60000606002918BF01210096F1F781FEF88986
:105E70007989ADF81E0000250DF11E00ADF8201047
:105E80008DF8225000F083F843F63440C0F6060047
:105E900040F6E9730068C0F6050379787A884EF217
:105EA000D57604934EF669030FF2A80CC0F60406EB
:105EB000CDE90205C0F604030120CDE90065CDF867
:105EC00014C001F047FD3969206020462161257525
:105ED00008F044FC204609B0BDE8F08F656F6D5FA7
:105EE000656D736261636B646F6F725F496E697435
:105EF00069616C69736528293A20454F4D7468655E
:105F000049506E6574206E6F74207374617274658D
:105F10006420796574000000656F6D5F656D736264
:105F200061636B646F6F725F496E697469616C69FC
:105F3000736528293A206F73616C206769766573F1
:105F4000204E554C4C20747873656D6170686F728B
:105F50006500000062636B646F6F720044F6EC01D1
:105F6000C1F200010868002818BF084670474FF0CA
:105F7000FE0250B149B1026803790A605A1E4FF01F
:105F8000000118BF4FF0FF32017150B2704770B579
:105F900044F6EC04C1F200042168E1B943F68841FB
:105FA000C0F60601002818BF01468888608108688D
:105FB000C4F8060005F088FB4FF0000650B1054616
:105FC0002089F7F726F920602846267105F0F2FAB5
:105FD000E06000E00024204670BD2DE9F04186B06D
:105FE000044600200390ADF80A004FF0FE00ECB329
:105FF0000D46D9B303A90DF10A022846F7F729F98E
:1060000001A90DF102022846F7F7C3F844F6EC07A0
:10601000C1F200073868039EDDF80480002505A959
:106020000DF11202ADF81250F7F713F9B87AD8B99A
:10603000F868314605F0B1FA4FF00005A0B9F868EC
:10604000059A04AB3146ADF8105005F0C9FA0128A5
:106050000AD13868BDF81010F7F70AF93868FA88DD
:106060004146F7F7A2F801250020257140B206B09D
:10607000BDE8F08144F6FC01C1F200010868002887
:1060800018BF0846704744F6FC01C1F200010968D8
:10609000002818BF0846704738B189B1012907D0D8
:1060A00002290CBF0020FF2000E0FE2040B2704714
:1060B00044F6FC00C1F200000068042101F0F6BDC6
:1060C00044F6FC00C1F200000068082101F0EEBDBA
:1060D000B0B586B044F6FC04C1F20004216839BBB7
:1060E00043F68E42C0F60602002818BF024643F669
:1060F0002840C0F606004EF6CD0500680023C0F625
:1061000004051178528840F6ED7ECDE9005302ADCA
:10611000C0F6050E85E809404EF67D230FF21C0CF3
:10612000C0F604030120CDF814C001F013FC206078
:1061300044F6FC00C1F2000006B0B0BD63666753D0
:106140005400000070477047704780B5F0F72FFB90
:10615000BDE88040F0F75ABC80B5EFF710FCBDE811
:106160008040EFF78FBE80B5F1F770FDBDE880404D
:10617000F1F720BE7047000010B586B00020142152
:106180000024FFF769F9CDE90204CDE90444F1F7F1
:1061900019FD02AC03A3032100220094F1F7EFFCE8
:1061A00006B010BD454F4D746865454D53636F6E25
:1061B000666967757261746F720000002DE9F04FB7
:1061C0008BB041F26407C1F20007396800297CD125
:1061D00043F69446C0F60606002818BF064696E821
:1061E0002F00746907F1180C8CE82F00FC6201F095
:1061F00041F888B9F1F7E6FC43F2180546F20B6264
:1062000045F61723C0F60605C0F60602C0F60603DB
:1062100005210095F1F7B3FC307DB6F80490B6F88F
:10622000088001280DD101F03DFA317DB6F806B0A5
:10623000B6F80AA00129054608D101F033FA044650
:1062400005E096F806B0B6F80AA0002500245FFA2B
:1062500089F05FFA8BF341462A46CDE900A4FAF7AC
:1062600045FC318978600846F6F7D3FFB86030699D
:10627000F18907907089ADF82010717DADF822008A
:10628000002407A88DF824100A9400F044F843F67F
:106290003440C0F6060040F6F5730068C0F605030A
:1062A000317872884EF6AD2504934EF65D330AA61A
:1062B000C0F60405CDE90204C0F604030120CDE9CF
:1062C0000054059601F046FB386041F26400C1F2CB
:1062D00000000BB0BDE8F08F6C697374656E657279
:1062E0000000000044F60411C1F200010868002813
:1062F00018BF084670474FF0FE0250B149B102681E
:1063000003790A605A1E4FF0000118BF4FF0FF32A8
:10631000017150B2704770B58CB044F60415C1F2EB
:1063200000052968C1BB43F6AC41C0F60601002850
:1063300018BF0146D1E90020D1E902312A61C5E93F
:106340000503E961E88AF6F764FF002628602E71EC
:10635000FBF7F0FFE969C5E90206E9B1FBF7EAFFDF
:1063600004ACE86020462021DBF7A8FE4BF2DF6199
:10637000C0F60401204600220023EEF754FE43F647
:106380001840C0F60600D0E90023E868E9690294E5
:10639000CDE90016FCF742F844F60410C1F2000003
:1063A0000CB070BD2DE9F04F93B00446002007906B
:1063B000ADF81A00002C4FF0FE0000F0DA800D4618
:1063C000002900F0D68007A90DF11A022846F6F739
:1063D00040FF05A90DF112022846F6F7DAFEBDF8D6
:1063E0001200059DA08243F62040C0F60600066814
:1063F00020690027864218BFA84229D1DDF81CA0D9
:106400009DF81AB00AA82021DBF758FE44F60418BC
:10641000C1F20008D8F8000009A90DF12202ADF878
:106420002270F6F716FF45F2F929C1F2000989F842
:1064300000709AF80010DDF824C0B8F816002E2974
:1064400008DD7E2919DC2F290AD0792927D03CE0E4
:10645000FF208DE006292FD0092920D0202934D112
:106460002F2140F2B74740F60652BBF1010F08BF9B
:106470002021C0F6050703922FE0FF2901D07F29D4
:1064800023D17F21BBF1010F08BF4FF0FF31B8F8D6
:10649000142040F2E3470392C0F605071DE079217E
:1064A000BBF1010F08BF0921B8F8142040F2A5572D
:1064B0000392C0F6050710E0B8F8141040F23367F5
:1064C00003910621C0F6050707E0B8F8141040F262
:1064D000296703910021C0F6050701900DF1220004
:1064E0000290C8B251465A462B46CDF800C0B84774
:1064F00001283BD199F80000BDF822A001281FD146
:106500004BF2DF610DF1280BC0F604015846002262
:1065100000234FF00009EEF786FD43F61841C0F660
:106520000601D1E9002343F62C41C0F606010968B3
:10653000D8F80800322779438DE8020AFBF76EFF8E
:10654000BAF1000F12D0D8F81020D8F80000BDF82A
:106550002210964218BF1546F6F78AFED8F80000BA
:10656000039A2946F6F721FE012700E000270020C4
:10657000277140B213B0BDE8F08F44F62811C1F284
:1065800000010868002818BF0846704744F6281123
:10659000C1F200010968002818BF084670470000D2
:1065A000B0B586B044F62814C1F200042168D1BB0E
:1065B00043F6BC42C0F60602002818BF024643F666
:1065C0002840C0F606004EF6C13500680023C0F62C
:1065D00004051178528840F6F17ECDE9005302ADF2
:1065E000C0F6050E85E809404EF65D530FF2440CE7
:1065F000C0F604030120CDF814C001F0ABF920600F
:10660000FBF798FE606043F20800C0F6060090E8D1
:106610000E00C06804F1100C8CE80E0004F11C0C94
:106620008CE80F00E06244F62810C1F2000006B0CA
:10663000B0BD00BF6572726F7200000000284FF09D
:10664000FE0018BF00291ED080B544F62812C1F202
:106650000002108901301081D1E900CED1E9021386
:10666000C2F820C0C2E909E143F22801C0F60601E0
:10667000D362D1E90013C2E90413D0820020C2E939
:106680000600BDE8804040B270477047704728B1AF
:1066900090F85600002818BF01207047002070476E
:1066A00044F27031C1F20001486B002818BF08465F
:1066B0007047002812BFD0E91A010020002170475E
:1066C000002814BF00690120704768B169B1FF2933
:1066D0000BD044F27030C1F20000002280F840106C
:1066E000002180F8602000E0FE2148B270470000E1
:1066F0002DE9F04786B044F27035C1F20005696BB0
:10670000002940F0E18043F6C046C0F606060028A6
:1067100018BF0646F1F756FAD6E90521F3690A448F
:106720009A420ED2D6E908723B44934209D2B36A28
:106730003BB137B129B131691A448A4201D20121F2
:1067400000E0002142F20C7846F24E62C0F60608E4
:106750004FF0000AC0F606024346CDF800A0F1F75C
:1067600007FAF1F72FFAF18D5BA202294FF0000131
:10677000434638BF0121CDF800A0F1F7F9F974695B
:1067800096E88F006C6185E88F0006F118079FCFAF
:1067900005F1180C8CE89F00306B0021286370898C
:1067A000A5F84100307B85F860A085F8430096F895
:1067B000300085F84DA085F84C00FF2085F840009A
:1067C00016F05CFA2865F1F7FDF9296D50A24346F1
:1067D000002918BF0121CDF800A0F1F7C9F94FF643
:1067E000FF70A5F861002869D5F848216B6AE9694E
:1067F000821AC01AC5E9340A96F83100C5E91C1A94
:10680000591AC5E9402AC5E91AAAC5E9281A4FF05C
:106810000108012898BF404685F8540043F63440EB
:10682000C0F606004DF6790304684DF201004FF002
:106830000309C0F602033178B288C0F60200CDE940
:1068400000394EF29D133FA70490C0F602030220C8
:10685000CDE9024A059701F07DF84DF60D03686316
:106860004CF6FD70C0F602037178F288C0F60200A3
:10687000CDE900394EF2691334A70490C0F6020343
:106880000220CDE9024A059701F064F84DF6611344
:10689000A8634DF20500C0F60203B1783289C0F654
:1068A0000200CDE900394EF2D1132AA70490C0F6B8
:1068B00002030220CDE9024A059701F04BF8E86394
:1068C00085F830A1A5F8328144F27030C1F20000A1
:1068D00006B0BDE8F08700BF656F6D5F656D7372D0
:1068E000756E6E65725F496E697469616C69736516
:1068F00028293A206D61786E756D6F665458706105
:10690000636B657473206973203E203100000000C2
:10691000656F6D5F656D7372756E6E65725F496EE2
:10692000697469616C69736528293A2077616974B3
:1069300075647074786973646F6E65206973204E36
:10694000554C4C0072756E525800000072756E44C2
:106950004F00000072756E5458000000002814BFEC
:1069600090F830010020704744F27030C1F200000E
:10697000006D002116F060B960B144F27030C1F2D0
:10698000000090F86020012A1ABF80F84C10002007
:10699000FF2000E0FE2040B2704700284FF0FE00CC
:1069A00018BF002907D0086844F27031C1F2000115
:1069B000C1F83201002040B270474FF0FE03E0B34F
:1069C000D9B370B544F27036C1F2000696F8603063
:1069D000012B01D1FF232EE091E80850D1E90345B6
:1069E00000F59C7282E80850C0E95145D1E900C524
:1069F000D1E902430969C0F810C06A18A21AC0E9B7
:106A000006240A199A1A1944C0E90823691A326936
:106A1000D6F84831614445618162D01A0023C6E945
:106A20004003F069716AC6E91C03081AC6E9280325
:106A3000501AC6E93403BDE8704058B270470028C8
:106A40000FBFFE2080F8581080F85920002040B277
:106A5000704730B1012998BF012180F854100020FF
:106A600000E0FE2040B27047002800F0A9802DE928
:106A7000F04186B0002544F2703680F84D50C1F2E6
:106A800000060446306D002116F054F900F0C8FAF3
:106A900000F0D9FAFBF788FD96F854200121012374
:106AA000FCF7DFF894F84C00002800F08B800128F8
:106AB00040F0F28004F580702821DBF7FFFA002710
:106AC00084F82A7194F82A0104F5967584F829014E
:106AD00094F8290184F828012846ECF7FEFC42F6D8
:106AE000D011C0F606012846ECF7F4FC2846ECF776
:106AF000F4FC72A17148D1E9021284F8997084F80B
:106B0000C97084F8F97086F89A7086F8CA7086F8A9
:106B1000FA7001900391D4E90401049208440290B0
:106B200094F841000DF1040841460022059710F049
:106B300007FB2069E169002208440290012194F8D2
:106B400042000591414610F0FBFA254615F8430F27
:106B5000216955F81F2C11440291022105914146EB
:106B6000002210F0EDFA55F80F0C012101F09EF80B
:106B70004FF60170A5F81D00FF20E87706F17800B8
:106B80008821C5F82570C5F82970DBF797FA3069B8
:106B9000F169D6F84821736A821AC6E91C17591A96
:106BA000C01AC6E94027C6E92817C6E9340794F891
:106BB000410010F005FB94F8420010F001FB67E083
:106BC000FE206FE096F84C00002864D104F5807038
:106BD0002821DBF773FA002784F82A7194F82A0138
:106BE00004F5967584F8290194F8290184F82801A0
:106BF0002846ECF772FC42F6D011C0F60601284692
:106C0000ECF768FC2846ECF768FC27A0D0E9020105
:106C100084F8997084F8C97084F8F97086F89A70CD
:106C200086F8CA7086F8FA7025461F4A039015F850
:106C3000410F019255F8312C0292CDE9041701A9B8
:106C4000002210F07DFA55F80D0C012101F02EF80C
:106C50004FF60170A5F81F00FF2085F8210006F10E
:106C600078008821C5F82770C5F82B70DBF726FA65
:106C70003069F169D6F84821736A821AC6E91C178F
:106C8000591AC01AC6E94027C6E92817C6E93407C9
:106C9000287810F095FA0125002084F8305106B0CC
:106CA000BDE8F04140B27047FF0000000000000066
:106CB0000201000011E5020800000000FF000000D2
:106CC000000000000200000001FA020800000000BD
:106CD000C0B1B0B5044600F0A3F900F0B4F9FBF779
:106CE00063FC012101220123FBF7BBFF94F84C0058
:106CF00058B10128E7F7B7FA002084F83001BDE861
:106D0000B04000E0FE2040B2704744F27035C1F25E
:106D1000000595F8410010F05AFA0228ECD195F8D8
:106D2000410010F05AFAE7E7C0B170B50446007FA1
:106D300015460E4610B1A06986420BD00020207780
:106D4000A66100F097FA31462A4600F08FFC10B990
:106D5000012020770020BDE8704000E0FE2040B216
:106D6000704741F29401C1F200010868002818BF81
:106D7000084670472DE9F04F83B041F29407C1F205
:106D80000007396800294FD143F6F444C0F60604E1
:106D9000002818BF0446381D21460C22DBF766F890
:106DA00000F068FA70B9F0F70DFF43F2180645F6E7
:106DB0004123C0F6060620A2C0F606030521009670
:106DC000F0F7DDFEA07AB4F80090B4F80480012852
:106DD0000DD100F067FCA17AB4F802B0B4F806A0B7
:106DE0000129064608D100F05DFC054605E094F84F
:106DF00002B0B4F806A0002600255FFA89F05FFA19
:106E00008BF341463246CDE900A5F9F76FFEA18824
:106E100038600846F6F7FDF9386100207877EEF71C
:106E2000F7F83862EEF7A0F841F29400C1F20000E2
:106E300003B0BDE8F08F00BF74686520454F4D7406
:106E4000686549506E657420686173206E6F7420A8
:106E500073746172746564207965740080B582B062
:106E600001460020ADF8060059B1487F012807D13E
:106E700008680DF10601F9F7B7FFBDF8060000E05C
:106E8000002002B080BD70B584B058B11646427F74
:106E9000054600681C46012A06D13246F9F7B6FFBE
:106EA00006460FE0FE2615E0AA890023CDE9003151
:106EB000114603220296F9F7A9FE064610B90120F1
:106EC00000266877286A1CB12146EEF754F801E0E5
:106ED000EEF74AF870B204B070BDF0B581B0154657
:106EE0000C4606460AB1002028804FF0FE07CEB1BE
:106EF000C4B1707FA8B143F63842C0F606023068CC
:106F000031691268F9F7BCFD074618B130690021F4
:106F1000F6F7AEF930682946F9F766FF3069206068
:106F200000E0FF2778B201B0F0BD70B582B0054631
:106F300000284FF0FE001BD00C46C9B1687FB0B1ED
:106F4000164601A90DF102022046F6F722F9287F24
:106F5000019910B1A869814204D028463246FFF752
:106F6000E3FE28B928682146F9F7FAFE00E0FF2081
:106F700040B202B070BD2DE9F04182B00C46002154
:106F800000284FF0FE05ADF80610ADF8041043D010
:106F9000002C41D01F461646F2F798FD01AB4FF684
:106FA000FF710022F2F7DEFE44F65818C1F2000825
:106FB000D8F800000DF106013A46FBF74CFC0546F7
:106FC00050BBBDF8060006B1308030B1D8F80000E3
:106FD0002146FBF739FC054600E00025BDF804001A
:106FE00018B1FEF700FBFEF70BFDD8F8000045F2E4
:106FF000441100F13C078CCFD0E9126CD2E91A4061
:10700000C1F20001126F9B6FC1E9004001F1100055
:10701000C1E9022780E8481068B202B0BDE8F081FB
:1070200044F65811C1F200010868002818BF08464C
:10703000704730B180B5EEF7B4FBBDE88040EEF7A5
:10704000B9BB0020704744F65811C1F2000109682D
:10705000002818BF0846704770B58EB044F6581522
:10706000C1F200052968002952D143F60056C0F646
:107070000606002818BF0646D6E9000103AC0390B7
:1070800030890491ADF8140004F10A0006F10A01F8
:107090000C22DAF7EBFE47F2A560C0F60400099077
:1070A00006F118000B9047F27910C0F604000C901E
:1070B00047F25320F18AC0F604000D902046ADF847
:1070C0002810EEF789FBEEF76CFBEEF77CFB00F186
:1070D0003C0E9EE84C40286045F24411D0F84CC06C
:1070E000D2E91A45126F9B6FC1F20001C1E9004558
:1070F000C1E90226C1E9043EC1F818C0002101918E
:1071000018210091FBF750FA01906846F2F7E8FC6D
:1071100044F65810C1F200000EB070BD30B144F614
:107120005810C1F200000068FBF7E6BA6FF00100EA
:107130007047F0B1E9B170B544F65814C1F20004DB
:107140002068FBF7F4FA216845F2441201F13C0E85
:107150009EE81850C96CD3E91A561B6FA46FC1F290
:107160000002C2E90056C2E9023CC2E9044E916144
:1071700070BD6FF001007047B0B582B0F7F734FC16
:10718000E0B1D0E9022182F001030B432FD140F698
:10719000E874D0E90402C1F200043421C4E9020217
:1071A00001202160E080F0F70DFD01210022002385
:1071B0000094F0F7E4FC3020206048E040F6E874EA
:1071C000C1F200040820206042F246304CF2222135
:1071D000C0F20100C7F6AB71C4E902100120E080E3
:1071E000F0F7F0FC03210022002300942DE0D0E909
:1071F00004CE48F20004B2EB0C02CFF6FF7461EB50
:107200000E01A01A4FF0FF3070EB01034FF00003A6
:10721000B8BF0123002B1CBF0846144647F6FF7178
:10722000621A70F1000040F6E875C1F200054FF0F7
:107230003000A8BF0C462860EC80C5E902CEF0F70C
:10724000C1FC0421002200230095F0F798FC02B055
:10725000B0BD80B582B0F0F7B5FC40F6F87CC1F265
:10726000000C042100220023CDF800C0F0F787FCB9
:1072700002B080BD45F28011C1F20001086800280B
:1072800018BF0846704745F28011C1F20001896EAF
:10729000002818BF084670472DE9F04FADB045F201
:1072A000801AC1F2000A9146DAF80020002A40F064
:1072B0008F8107AF88460546384614211E46DAF707
:1072C000FDFED9F8080039461422EFF7DBFE46F23E
:1072D000AE320CACC0F60602204680213B46DAF7FF
:1072E00049FAF0F76FFC45F6A017C0F606072146ED
:1072F0003A46F0F78BFC43F62854C0F60604002DFE
:1073000018BF2C46F0F75EFC43F2380B46F2EA2237
:107310004146C0F6060BC0F606023B46B8F1000F28
:1073200018BF0121CDF800B0F0F722FCF0F74AFCBD
:107330006168ABA23B46002918BF0121CDF800B01F
:10734000F0F716FCF0F73EFC6188B0A23B4600293E
:1073500018BF0121CDF800B0F0F70AFCF0F732FCBD
:107360002178B4A23B46002918BF0121CDF800B016
:10737000F0F7FEFB43F63455C0F60605002E18BFA5
:107380003546F0F71FFC697809B1012103E029783F
:10739000B1FA81F1490945F6A01646F20E42C0F64F
:1073A0000606C0F606023346CDF800B0F0F7E0FB63
:1073B0004EF6A3524EF61D634FF2B911C0F6040209
:1073C000C0F604032878C0F60401CDE900324EF679
:1073D000D1624FF201030291C0F60402C0F6040329
:1073E00000214FF0000B03F009FCCAF80000022056
:1073F000002115F043FCCAF83400F0F7E3FBDAF89B
:10740000341043F2180746F2B122C0F60607C0F660
:1074100006023346002918BF01210097F0F7A8FBA8
:1074200015F022FBCAF81000F0F7CCFBDAF81010C8
:1074300046F25632C0F606023346002918BF012133
:107440000097F0F795FBFAF775FFCAF83800EDF7EB
:10745000DFFD6978CAF83C00B9B1084615F010FAAA
:10746000CAF84800F0F7AEFBDAF8481046F2D1321D
:1074700045F6A013C0F60602C0F60603002918BFA1
:1074800001210097F0F774FB01E0CAF848B00AF157
:10749000500630464146D822DAF7E8FCD9E9000127
:1074A00050EA010218BFCAE91801D9F8080008B16A
:1074B000CAF86800D9F80C0008B1CAF86C000020BE
:1074C0000025F5F7A6FE43F63441C0F6060109682B
:1074D000CAE91001217ADAF800008AF84C1003F0AA
:1074E0004FFB40F6E1736068C0F6050321786288BF
:1074F0004FF2F12704934FF2ED530FF2601CC0F6E8
:107500000407CDE90205C0F604030120CDE90075AA
:10751000CDF814C000F01EFADAF85430CAF80400AE
:1075200040F6E570617A6289C0F605004FF2EF54CB
:10753000CDE902354FF2F3534AA7C0F60404049094
:10754000C0F604030520CDE90045059700F002FAD6
:10755000CAF808002CA93046D9F767F92C9848B129
:10756000F3F774FFBDF8B02004210123F3F778FF8F
:10757000014600E000219AF84C0044F65912012817
:107580003046C0F6030208BF1546CAF8EC50D9F7DA
:10759000BAF9D9F797FBF0F715FB45F6A01446F2B8
:1075A0009421C0F60604C0F606012246F0F72EFB31
:1075B00046F287320CADC0F6060207AB28468021A2
:1075C000DAF7D8F8F0F7FEFA29462246F0F71EFB64
:1075D00045F28010C1F200002DB0BDE8F08F00BF71
:1075E000656F6D5F69706E65745F496E697469611E
:1075F0006C69736528293A20302070726F636D6161
:107600007869646C6574696D65000000656F6D5F15
:1076100069706E65745F496E697469616C697365E0
:1076200028293A20302070726F63737461636B7322
:10763000697A6500656F6D5F69706E65745F496E2C
:10764000697469616C69736528293A2070726F6387
:107650007072696F7269747900000000697050522D
:1076600043000000697054434B00000010B10068F3
:1076700007F097BB6FF00100704710B588B1044662
:10768000406870B115F0B6F9206803F07DFB00206A
:10769000C4E90000F3F7DAFE2146BDE81040F3F735
:1076A00091BE10BD10B582B0F3F7D0FE04210822C0
:1076B0000123F3F7D5FE044603F075FB4FF2056195
:1076C0004FF2FF524FF2F553C0F60401C0F6040228
:1076D000C0F60403206003F073FB15F0C5F9606089
:1076E000F0F770FA616843F2180C45F65913C0F6CA
:1076F000060C06A2C0F60603002918BF0121CDF82A
:1077000000C0F0F735FA204602B010BD656F6D5F1E
:107710006D757465785F4E657728293A206F7361BF
:107720006C5F6D757465785F6E657728292072656A
:107730007475726E73204E554C4C000010B1406849
:1077400015F0FCB96FF00100704710B1406815F0FA
:1077500017BA6FF00100704745F26411C1F20001E1
:107760000868002818BF0846704700002DE9F04F50
:1077700085B045F26415C1F200050F46296804463C
:1077800000294FF00000049071D1DDF838A099462F
:107790001646F0F717FA45F6801843F2380BC0F694
:1077A00006082146C0F6060B34A24346002C18BF3B
:1077B0000121CDF800B0F0F7DBF9F0F703FA6168CA
:1077C00037A24346002918BF0121CDF800B0F0F7D9
:1077D000CFF9F0F7F7F9A1683AA24346002918BF9C
:1077E0000121CDF800B0F0F7C3F94CF6B5614CF6C5
:1077F00071524CF67550C0F60501C0F6050247F20D
:10780000091CC0F60500CDE900214FF20B624EF6CF
:107810008D53C0F6050C0290C0F60402C0F60403B6
:1078200038463146CDF80CC003F072FBD4E90112A2
:1078300085E8070608460DF0B7F90DF007FA20684D
:1078400008B10FF075FCA86804A914F0CBFE0498E9
:1078500048B1F3F7FBFDBDF8102008210123F3F731
:10786000FFFD014600E00021A86814F025FD45F267
:107870006410C1F2000005B0BDE8F08F656F6D5F68
:107880007379735F496E697469616C6973652829DE
:107890003A204E554C4C20737973636667000000A4
:1078A000656F6D5F7379735F496E697469616C6947
:1078B000736528293A204E554C4C2068616C6366EC
:1078C00067000000656F6D5F7379735F496E69745F
:1078D00069616C69736528293A204E554C4C206FBC
:1078E00073616C6366670000B0B582B00C460546F4
:1078F000F0F768F943F2380C45F68013002D18BFF5
:107900000125C0F6060C0BA2C0F606032946CDF8E9
:1079100000C0F0F72DF945F26411C1F200014FF6F5
:107920000D00C0F604004C6102B0BDE8B04015F097
:1079300031BA00BF656F6D5F7379735F53746172A5
:107940007428293A204E554C4C2068616E646C6551
:10795000000000002DE9F04F87B0109CDDF854A026
:10796000139F069391460E460546F0F72BF9002C1F
:10797000214645F6621443F23808C0F60604C0F604
:107980000608BCA2234618BF0121CDF80080F0F7FD
:10799000EFF8F0F717F94946BDA22346B9F1000FF9
:1079A00018BF0121CDF80080F0F7E2F8F3F74EFDA3
:1079B0003421F3F7ADFE044603F070FB04F1240B11
:1079C00046F2B21346F2F8622060C0F60603C0F633
:1079D0000602584610212762BAF1000F18BF53461D
:1079E000D9F7C8FE43F2180A052DC0F6060A00F2C0
:1079F0003081DDE91110DFE805F003AF5B770DD1D1
:107A00004FF2E7700021C0F60400A174C4E905013B
:107A1000E16157E00422A2744FF28962C0F60402C9
:107A20004FF00008C4E90520C4F81C80012998BF64
:107A30000121C8B2217414F023FF217CA060084604
:107A400014F01EFFE060F0F7BDF845F66215A1687E
:107A500046F2DB12C0F60605C0F606022B460029E8
:107A600018BF0121CDF800A0F0F782F8F0F7AAF8CE
:107A7000E16846F23A22C0F606022B46002918BFFA
:107A80000121CDF800A0F0F773F84FF285714FF2A5
:107A9000DD6220684FF2C167C0F60401C0F604023F
:107AA000C0F60407CDE90088CDE9028204918CE09C
:107AB0000222A2744FF22962C0F60402C4E9052032
:107AC000E161002120684FF2C1674FF2DB72C0F61E
:107AD0000407C0F604022174A160E160CDE9002131
:107AE000CDE90211049152E00322A2744FF23972DF
:107AF000C0F604020025C4E90520E561012998BF0C
:107B00000121C8B2217414F0BBFEC4E90205F0F7EC
:107B100059F8A16846F20B2245F66213C0F6060238
:107B2000C0F60603002918BF0121CDF800A0F0F728
:107B30001FF84FF2CB714FF21B7220684FF2C167F2
:107B4000C0F60401C0F60402C0F60407CDE90052F5
:107B5000CDE90215049538E00121A1744FF2656169
:107B6000C0F60401C4E905104FF2DB710022206861
:107B70004FF2C167C0F60401E2612274A260E260C4
:107B8000C0F60407CDE90012CDE9022204924FF2BB
:107B90002D730699109AC0F6040319E00521A1740B
:107BA0004FF26171C0F60401C4E9051020684FF27C
:107BB000C1670022C0F60407E2612274A260E2609D
:107BC000CDE90022CDE9022204920699109A002301
:107BD000059703F094FAF11E1498CAB26FF00401ED
:107BE000022E38BF0221F82A09F1070238BF3146B8
:107BF00022F00703617400B96069CAB29BB22146E2
:107C000015F0B8F92146606015F074F9EFF7DAFF66
:107C1000616846F26B2245F66213C0F60602C0F6B2
:107C20000603002918BF0121CDF800A0EFF7A0FF3F
:107C3000F0F796FC61685A46F0F7BAFC45F27C1101
:107C4000C1F200010878421C20460A7007B0BDE866
:107C5000F08FEFF7B7FF46F2BA1245F66213C0F69F
:107C60000602C0F606030521CDF80080EFF787FF76
:107C7000B1E700BF656F6D5F7461736B5F4E6577D1
:107C800028293A204E554C4C2072756E5F666E0066
:107C9000656F6D5F7461736B5F4E657728293A205D
:107CA0003020737461636B73697A650003F0C6BA40
:107CB00008B141690847704703F07ABA03F087BA00
:107CC000F0B587B045F2A825C1F200052968002962
:107CD00065D143F66C56C0F60606002818BF064666
:107CE000EFF770FF45F68D14317943F23807C0F68F
:107CF0000604C0F606072DA22346002918BF01215D
:107D00000097EFF735FFEFF75DFF718833A2234649
:107D1000002918BF01210097EFF72AFFEFF752FF64
:107D2000317838A22346002918BF01210097EFF7C8
:107D30001FFFFFF7B7FC04464FF6C3204FF65F2145
:107D40004FF6E1124FF6F323C0F60400C0F604012B
:107D5000C0F60402C0F60403009403F0B1FA43F63F
:107D60003447728831783379C0F60607286040F6C8
:107D7000DD704FF633363F68C0F60500C0F60406E6
:107D80000FF2A80C0024CDE9006304900320002327
:107D9000CDE90274CDF814C0FFF7DCFD686045F250
:107DA000A820C1F2000007B0F0BD00BF656F6D5F95
:107DB00074696D65726D616E5F496E697469616C3D
:107DC00069736528293A2030206D65737361676592
:107DD000717565756573697A65000000656F6D5F23
:107DE00074696D65726D616E5F496E697469616C0D
:107DF00069736528293A203020737461636B736955
:107E00007A650000656F6D5F74696D65726D616E96
:107E10005F496E697469616C69736528293A20301D
:107E2000207072696F72697479000000746D726DF0
:107E3000616E00000138C0B20D288EBF002001A184
:107E4000085C704701010101010102030104010105
:107E50000101000045F680420021C0F6060200BF85
:107E600052F83130834205D00131062904BF0F207A
:107E70007047F5E702EBC1000079704790B110B58B
:107E80000446007803280BD800F0DDFC44F2002102
:107E9000C0F60601085CA0F1090111F1080F03D238
:107EA000002010BD00207047621C002112F8013B29
:107EB00001381944FAD188B2002818BF012010BD3A
:107EC000000E7047C0F307407047C0F307207047AB
:107ED000C0B2704743EA022242EA014141EA00602F
:107EE000704742F2C000C1F200000078704742F2D1
:107EF000C0020146C1F20002002011707047FE2846
:107F000001D100202AE041B2002926D4F0B581B089
:107F100044F6E005C1F200052C78A04218D344F6DF
:107F2000DC07C1F200073A68461C06EB4600010177
:107F30001046D9F71DFB98B104EB4401386000EB03
:107F40000110311B01EB410109012E70DAF7B6F87F
:107F5000002001B0BDE8F04000E0FF2040B27047D3
:107F6000FF20F6E7B0B51446FE2804D144F6AC0570
:107F7000C1F200050FE044F6E002C1F200021278FF
:107F8000904214D244F6DC02C1F20002126800EB07
:107F9000400002EB001503294FF0FF0008D83DB167
:107FA000084600F050FC45F82040002000E0FF208B
:107FB00040B2B0BDB0B51446FE2804D144F6AC05BD
:107FC000C1F200050FE044F6E002C1F200021278AF
:107FD000904215D244F6DC02C1F20002126800EBB6
:107FE000400002EB001503294FF0FF0009D845B10E
:107FF000084600F028FC05EB80000461002000E04A
:10800000FF2040B2B0BDFE284FF0FF0010D1032981
:108010000ED810B50846144600F015FC44F6AC0125
:10802000C1F2000101EB800004620020BDE81040B5
:1080300040B2704710B5FE2804D144F6AC04C1F23A
:10804000000411E044F6E002C1F20002127890420E
:1080500024BF002010BD44F6DC02C1F20002126809
:1080600000EB400002EB001403294FF0000008D899
:108070003CB1084600F0E7FB54F82000002818BF88
:10808000012010BD03288EBF002002A151F820005E
:10809000704700BF4D8804084B88040849880408CD
:1080A0004F880408F0B581B0FE280C4604D144F690
:1080B000AC05C1F2000510E044F6E001C1F2000198
:1080C000097888423DD244F6DC01C1F2000109681A
:1080D000B9B300EB400001EB00150020B0EB946F4A
:1080E0002FD1200E00F0AFFB55F8201049B344F219
:1080F0000022C0F60602135CC4F30742934220D963
:1081000044F21425C0F60605230C55F820E04FEA8A
:10811000142C002AD8B24FF0000209D0034675464D
:1081200015F8016B11F8017B013B17FB0622F7D113
:108130001EF800005FFA8CF152FA84F211FB002065
:1081400001E04FF0FF3001B0F0BD000010B5FE2897
:1081500004D144F6AC04C1F200040FE044F6E0029E
:10816000C1F200021278904229D244F6DC02C1F238
:108170000002126800EB400002EB001403294FF0EC
:1081800000001DD8E4B1084600F05DFB54F8201053
:10819000A9B144F20022C0F60602125C7AB144F2A0
:1081A0001423C0F6060353F82030002013F801CB47
:1081B00011F8014B013A14FB0C00F7D100E000204C
:1081C00080B210BDF0B581B01446FE280F4604D130
:1081D00044F6AC06C1F200060FE044F6E001C1F23D
:1081E0000001097888422CD244F6DC01C1F200017A
:1081F000096800EB400001EB0016032F4FF0FF3041
:1082000021D806B3384600F01EFB56F82010C1B145
:1082100044F20022C0F60602125C92B144F214232A
:10822000C0F6060353F82030002000BF1D5C0E5C32
:108230006E430EB1B44208D301309042A4EB060461
:10824000F4D34FF0FF3001B0F0BDA1B2EAB2B1FB00
:10825000F2F101FB124242EA0121C1EA004040EA88
:108260000760F0E710B5FE2804D144F6AC04C1F273
:1082700000040FE044F6E002C1F2000212789042DE
:1082800029D244F6DC02C1F20002126800EB400081
:1082900002EB001403294FF000001DD8E4B108469A
:1082A00000F0D1FA54F82010A9B144F20022C0F62F
:1082B0000602125C7AB144F20423C0F6060353F8B6
:1082C0002030002033F802CB11F8014B013A0CFBAF
:1082D0000400F7D100E0002080B210BD2DE9F0418C
:1082E00082B01446FE280D4604D144F6AC07C1F214
:1082F00000070FE044F6E001C1F20001097888426E
:1083000033D244F6DC01C1F20001096800EB400001
:1083100001EB00174FF0FF0045B33FB32846EDF7E0
:10832000C2F9012821D12846EDF70CFA00260DF1FB
:10833000070800208DF80760C0B200F084FA57F8F3
:10834000200040B10136F0B2A04204D9284641468F
:10835000EDF7DDF938B99DF807000130C1B2042905
:108360008DF80700E8D3002000E0FF2040B202B003
:10837000BDE8F0812DE9F04F81B01446FE280D468E
:1083800004D144F6AC07C1F200070FE044F6E00167
:10839000C1F200010978884251D244F6DC01C1F2F1
:1083A0000001096800EB400001EB0017002D4FF0C1
:1083B000FF0045D0002F43D02846EDF774F904287C
:1083C0003DD12846EDF7BEF944F2D01A44F2002B15
:1083D0000026C0F6060AC0F6060BE8464FF0000974
:1083E0005FFA89F000F02FFA57F8201001B3013638
:1083F000F2B2A2421CD94FF47F4200925AF82020D8
:108400008DF800901BF800001288ADF802204FF0A4
:10841000000230B111F8013B002B18BF01320138C6
:10842000F8D1284641468DF80120EDF770F920B9C2
:10843000B9F1030F09F10109D2D3002000E0FF20B8
:1084400040B201B0BDE8F08F70B5FE2804D144F60B
:10845000AC04C1F2000410E044F6E001C1F20001F6
:108460000978884219D244F6DC01C1F2000109689A
:1084700099B100EB400001EB00140026002500BF7D
:10848000F0B200F0E0F954F82000002818BF0135E0
:10849000032E06F10106F3D300E00025E8B270BD1B
:1084A0002DE9F04F81B01446FE280D4604D144F664
:1084B000AC06C1F200060FE044F6E001C1F2000193
:1084C000097888425DD244F6DC01C1F200010968F6
:1084D00000EB400001EB0016002D4FF0FF0051D0E3
:1084E000002E4FD02846EDF7DEF8042849D1284663
:1084F000EDF728F94FF0000A4FF000095FFA8AF013
:1085000000F0A1F9074656F8200098B344F2002085
:10851000C0F6060010F807B0BBF1000F2AD04FF0EC
:10852000000800BF56F8270010F80810F1B109F153
:1085300001091FFA89F1A14218D9002100918DF893
:1085400000A08DF8018044F2142110F80800C0F654
:10855000060151F827108DF8020011F8080069464D
:108560008DF803002846EDF7D2F818B908F1010894
:10857000C345D7D1BAF1030F0AF1010ABED30020D7
:1085800000E0FF2040B201B0BDE8F08F2DE9F04FD0
:1085900083B0994615460746FE280C4604D144F69A
:1085A000AC0BC1F2000B0FE044F6E000C1F200009A
:1085B000007887421FD244F6DC00C1F20000006858
:1085C00007EB470100EB011B4FF0FF06A5B1BBF124
:1085D000000F11D02846EDF766F804280BD1FE2CC9
:1085E00007D1384629464A4603B0BDE8F04FFFF7A9
:1085F00057BF032C04D9FF2670B203B0BDE8F08F3B
:108600002846EDF79FF8204600F01DF903465BF879
:108610002000E0B344F20020C0F60600C75CB7B308
:108620004FF000084FF0000A019400BF5BF82300F0
:1086300010F8081021B30AF1010A1FFA8AF149451E
:108640001ED9002602968DF808408DF8098044F264
:10865000142110F80800C0F6060151F823108DF817
:108660000A0011F8080002A98DF80B0028464C46B4
:108670009946EDF74CF84B46A146019C0028BBD12A
:1086800008F1010847454FF00006CFD1B4E70026B6
:10869000B2E7000010B5FE2804D144F6AC04C1F2E4
:1086A000000410E044F6E002C1F2000212789042A9
:1086B00026D244F6DC02C1F20002126802B300EBDB
:1086C000400302EB0314FE2903D1BDE8104000F083
:1086D0001BB8032914D8084600F0B5F854F8201048
:1086E00071B144F20022C0F60602125C42B10020D1
:1086F00011F8013B002B18BF0130013AF8D100E01E
:10870000002080B210BD0000F0B581B0FE2804D179
:1087100044F6AC04C1F2000410E044F6E001C1F2FA
:1087200000010978884223D244F6DC01C1F200013D
:108730000968E9B100EB400001EB001444F20027A6
:108740000026C0F606070025F0B200F07CF854F8C9
:10875000201041B1385C30B111F8012B002A18BF4C
:1087600001350138F8D1032E06F10106ECD300E003
:108770000025A8B201B0F0BD70B51446FE280D4624
:1087800004D144F6AC06C1F2000610E044F6E00164
:10879000C1F20001097888421CD244F6DC01C1F222
:1087A00000010968B1B100EB400001EB0016032D98
:1087B00010D8284600F047F856F8201051B144F27E
:1087C0000021C0F60601085C844203D256F8250059
:1087D000005D70BD002070BDF0B581B01C4615462F
:1087E0000646FE2804D144F6AC07C1F200070FE0AC
:1087F00044F6E000C1F200000078864220D244F640
:10880000DC00C1F20000006806EB460200EB021734
:1088100003294FF0000014D89FB1084600F013F868
:10882000014607EB8000076957B130462A462346C8
:1088300007F0A8F94FF6FF71884201D0384400E0F4
:10884000002001B0F0BD7047704770477047704717
:10885000704780B5F4F727FA6421016080BD80B5C8
:10886000F4F721FA2021D9F729FC80BD7047704721
:1088700080B5F4F718FA40F60121C0F2001101604A
:1088800080BDB0B5F4F70FFA42F60021C0F606013C
:1088900091E80C50CC6A80E80C50D1E9042301F136
:1088A0002005C0E904232CCDC46200F12004D1E9E5
:1088B00006CE2CC4D1E90C12C0E906CEC0E90C12D8
:1088C000B0BD70477047704780B5F4F7ECF93221BE
:1088D00001800021416080BD80B5F4F7E4F90246D3
:1088E00004201021ECF7E4FE0021BDE88040ECF705
:1088F00037BF704780B5F4F7D6F94FF42061018097
:108900000021817080BD70477047704780B5F4F7D3
:10891000CAF902460F200121ECF7CAFE0F21BDE87B
:108920008040ECF71DBF70477047704780B5F4F783
:10893000BAF90A21017080BD80B5F4F7B4F9024696
:108940000E200221ECF7B4FE0E21BDE88040ECF7CA
:1089500007BF7047704780B5F4F7A5F90A21017089
:1089600080BD80B5F4F79FF9024606200221ECF79E
:108970009FFE0621BDE88040ECF7F2BE704780B54F
:10898000F4F791F940F6012101800021817080BD4A
:1089900010B5F4F788F90446062002212246ECF7C8
:1089A00087FE0021ECF7DCFE04F110020620022114
:1089B000ECF77EFE0621ECF7D3FE04F12002062040
:1089C0000221ECF775FE0621BDE81040ECF7C8BEA9
:1089D0007047704770477047704780B5F4F763F988
:1089E0000221016080BD80B5F4F75DF902460220E6
:1089F0000821ECF75DFE0021BDE88040ECF7B0BE39
:108A0000704780B5F4F74FF90021C0E9001180BD2F
:108A1000704770477047704770477047704780B520
:108A2000F4F741F9F821D9F749FB80BD7047704749
:108A3000704770477047704770477047704710B570
:108A4000F4F731F9044642F25470C0F6060000F122
:108A5000F80120466422D9F790FA0B20A08410BDBB
:108A6000704770477047704770477047704770474E
:108A700080B5F4F718F9C821D9F720FB80BD7047FD
:108A8000704770477047704770477047704780B5B0
:108A9000F4F709F942F6E001C0F6060101F1C80E4B
:108AA0009EE80C50D1F8D81080E80C5043F28812A0
:108AB000C0F606021268C0E9041280BD7047704714
:108AC0007047704710B584B004460020ADF80E0022
:108AD000CDF80A00CDF80600CDF80200FDF7F5F854
:108AE000D0F8C81090F8E900ADF800108DF80A0031
:108AF0006946204601220023F4F7DAF804B010BDDD
:108B00007047F0B589B0002704460697FDF7DDF8F9
:108B1000816AD0F8C8204B68D0F8D45001934B88B4
:108B2000D0F8DC6090F8E900ADF80830ADF81C50E2
:108B3000731B921B01ADADF820208DF82200A81DFB
:108B400021310F22ADF81E30D9F790F920208DF891
:108B5000230020462946012200238DF81A70F4F7DD
:108B6000A7F809B0F0BD704770477047704770476D
:108B7000704710B5446941F602102080FDF7A5F852
:108B8000B0F88410B0F8902021816281D0F8801074
:108B9000E160B0F89610B0F898202182B0F89A10F1
:108BA000A2826182B0F89410B0F89C00E182208328
:108BB0000020E083C4F81A0010BD7047704770476A
:108BC00070477047704770477047704780B5F4F73B
:108BD0006AF80021C0E900110181FF21417480BDC4
:108BE0007047704780B5F4F75EF80021017080BDD2
:108BF00010B50446F4F757F82046F4F754F8024647
:108C000018200A21BDE81040ECF752BD704710B59E
:108C10000C46E9F716F900682146BDE81040E9F76F
:108C200086BC10B50C46E9F70CF900682146BDE892
:108C30001040E9F77CBC7047704710B50C46E7F769
:108C4000B7FF00682146BDE81040E8F7A7BF10B5A0
:108C50000C46E7F7ADFF00682146BDE81040E8F795
:108C60009DBF70477047704710B588680478F0F76B
:108C70000DFA44B1F0F7C8FAF0F708FA0121BDE89F
:108C80001040F0F7BDBBBDE81040F0F7D6BA10B504
:108C90008C68F0F7FBF92146BDE81040F0F749B9C0
:108CA0007047704710B58C68F1F7CAFC2146BDE8E3
:108CB0001040F1F75EBD10B58C68F1F7C1FC21786A
:108CC000BDE81040F1F772BD10B58C68F1F7B8FC43
:108CD0002178BDE81040F1F791BD10B58C68F1F72F
:108CE000AFFC2178BDE81040F1F7C2BD7047704776
:108CF000704710B588680478F4F7BAFD44B1F4F70A
:108D00005BFEF4F7B5FD0121BDE81040F4F718BF94
:108D1000BDE81040F4F784BE10B58C68F4F7A8FDE8
:108D20002146BDE81040F4F7DDBC7047704710B530
:108D300088680478F5F7D4FB44B1F5F775FCF5F7CE
:108D4000CFFB0121BDE81040F5F732BDBDE8104072
:108D5000F5F79EBC10B58C68F5F7C2FB2146BDE85F
:108D60001040F5F709BB7047704710B58C68F8F7ED
:108D700095FA2146BDE81040F8F729BB70477047C7
:108D800070477047704710B588680478F8F720FF7F
:108D900044B1F8F7D3FFF8F71BFF0121BDE81040FD
:108DA000F9F782B8BDE81040F8F7E1BF10B58C685C
:108DB000F8F70EFF2146BDE81040F8F75FBE704798
:108DC000704710B5D1E90104FFF77FF82079BDE8BD
:108DD0001040DCF70AB97047704700002DE9F047F2
:108DE0002DED028B98B048680C46FFF76EF8A76827
:108DF0000546F3F73DFAF3F744FA0E2800F2DF8058
:108E00000121814044F61A02114208D02846394611
:108E100018B0BDEC028BBDE8F047DBF7A3B8022821
:108E200040F0CD80F2F70DFA00211791CDE9151130
:108E3000397806464FF48060129015A807298DF8FE
:108E40005410139000F2BB80DFE801F004730406B5
:108E500006B91229B8886DE07868B968FA6897EDA4
:108E6000040AADF85800ADF85A10ADF85C2068E07F
:108E700030462946F2F798F9804630462946F2F7FF
:108E80007BF9B7F918204FF6FF7391B299428146EA
:108E900000F09A80012940F099803869A1E0D7E973
:108EA0000101ADF858000020ADF85A10ADF85C0093
:108EB00030462946F2F778F9814630462946F2F7DE
:108EC0005BF9804630462946F2F77AF93046294662
:108ED000F2F75EF9D7E9031097ED052A401A00EE84
:108EE000100AA8EB090001EE100AB8EEC00AB8EEAD
:108EF000C11A80EE018A00EE101AB8EEC00A01EE27
:108F0000109AB8EEC11A3046294680EE080A30EEB3
:108F1000410AB8EEC21A30EE010AF2F771F8304693
:108F20002946B0EE480AF2F753F8304629464A4639
:108F30001AE07868ADF85800B86897ED030AADF804
:108F40005A00B8EEC00A30462946F2F759F83046C2
:108F50002946F2F729F9074630462946F2F70CF977
:108F60008046304629463A46F1F756FF07460090BC
:108F7000304629464246F1F74FFFB8421190BCBF38
:108F8000009011974FF48040049068460590EDF7EB
:108F90000EFC626804AD2946EDF7C5FD42208DF850
:108FA000110011A80590EDF702FC62682946EDF763
:108FB000BAFDEDF7FCFB626812A9EDF7B4FD18B03D
:108FC000BDEC028BBDE8F087F8680AE00DF1100AED
:108FD0002DA15046D8F7B8FB2846514607F038FB7C
:108FE0000020D7E90312ADF85800521A00EE102AFB
:108FF000A9EB080201EE102AB8EEC00AB8EEC11AB9
:1090000080EE018A00EE101AB8EEC00A01EE108A56
:10901000B8EEC11AB8682946ADF85A00304680EE5D
:10902000080A30EE410A97ED051AB8EEC11A30EE83
:10903000010AF1F7E5FF30462946B0EE480AF1F79C
:10904000C7FF304629464246F1F7E6FE0746119033
:10905000304629464A46F1F7DFFEB8420390BCBFCE
:10906000119003974FF48040009011A80190EDF704
:109070009EFB62686D462946EDF755FD42208DF84E
:10908000010003A801908EE76572726F72207479F7
:109090007065362E63757272656E743D25640000CE
:1090A00070B584B0D1E901060C46FEF70EFF054607
:1090B000F3F7DEF8F3F7E5F80E2834D80121814004
:1090C00044F61A02114207D096F90010284604B05F
:1090D000BDE87040DBF71BBF022824D130780E2892
:1090E0000DD8DFE800F0121208121212120A0A114B
:1090F0002020200F0800022007E0072005E050286C
:1091000003D010E0092000E008208DF80F004FF494
:10911000106000900DF10F000190EDF748FB6268C0
:109120006946EDF700FD04B070BD70B584B0D1E9BB
:1091300001060C46FEF7C9FE0546F3F799F8F3F76A
:10914000A0F80E281FD80121814044F61A021142CE
:1091500006D03178284604B0BDE87040DBF7E4BEA5
:10916000022810D1307801280DD88DF80F004FF467
:10917000E84000900DF10F000190EDF718FB6268D8
:109180006946EDF7D0FC04B070BD00002DE9F04356
:1091900089B0D1E901070C46FEF797FE0546EEF7C8
:1091A000A5FA2946EEF7C0FA0646F3F761F8F3F799
:1091B00068F8002E00F0EB8000210E2886F81E11C2
:1091C00000F2E5800121814044F61A02114215D0D7
:1091D0003878062800F27880DFE800F00459494F1B
:1091E00041656F0097ED010A97ED021AB8EEC00ACB
:1091F000F8EEC10A2846DBF7BCFE65E0022840F025
:10920000C680F2F71EF800220792CDE90522CDE9CB
:109210000322ADF80A20ADF808203978019205291B
:1092200000F2B5808046DFE801F0036755B2849311
:109230007A6840462946F1F7EFFDBA680490404647
:1092400029460323F1F75EFEADF8140004A8079049
:1092500079681B208DF81900C6F8201183E097ED7E
:10926000010A2846B8EEC00ADBF777FE2CE097ED3E
:10927000010A2846DBF795FE26E0B7F9040000EE68
:10928000100AB8EEC00A2846DBF75BFE1CE097ED3B
:10929000010A97ED021AB8EEC00AF8EEC10A284694
:1092A000DBF797FE10E0B7F9040000EE100AB8EE05
:1092B000C00A2846DBF769FE06E097ED010A28465A
:1092C000B8EEC00ADBF779FE284609B0BDE8F043E6
:1092D000DBF7D7BE97ED010A40462946F1F77CFF40
:1092E000ADF80A000DF10A00079079682C208DF87E
:1092F0001900C6F8341136E07A6840462946012341
:109300004FF00109F1F7FEFDBA68ADF80C004046D8
:109310002946F1F70BFD03A90128C8BF8146079133
:1093200079681C20ADF80E908DF81900C6F8281148
:1093300019E07A6840462946F1F76EFD019001A8D0
:10934000079079683E208DF81900C6F824110AE0CC
:10935000B7F9040072218DF8191002A9ADF80800C0
:109360000791C6F83801EDF722FA626806A9EDF711
:10937000DAFB387805280AD173208DF8190000200F
:109380000790EDF714FA626806A9EDF7CCFB09B077
:10939000BDE8F08310B582B00C46F2F769FFF2F732
:1093A00070FF0E281AD80121814044F61A0211429A
:1093B00007D06068FEF789FD02B0BDE81040DBF71A
:1093C0001CBE02280AD14FF43850009000200190B2
:1093D000EDF7EDF962686946EDF7A5FB02B010BD47
:1093E0002DE9F04385B0D1E901050C46FEF76DFD8E
:1093F0000646EEF77BF93146EEF7B0F9F2F738FFA3
:10940000F2F73FFF0E2800F2C1800121814044F6AF
:109410001A02114206D03046294605B0BDE8F04395
:10942000DBF718BA022840F0B180F1F70AFF95ED9A
:10943000260A9FED581AB8EEC00A80EE010A31469E
:109440008146F1F7C5FD9FED540A48463146F1F7D4
:10945000D7FD4FF4A440CDE90205EDF7A8F9626805
:109460000DF108084146EDF75EFB54208DF8090028
:109470000395EDF79CF962684146EDF754FB5D20DA
:109480008DF809000395EDF792F962684146EDF712
:109490004AFB4E2005F150078DF809000397EDF7C0
:1094A00086F962684146EDF73EFB50208DF80900D1
:1094B0000397EDF77CF962684146EDF734FB5F20D6
:1094C0008DF809000395EDF772F962684146EDF7F2
:1094D0002AFBAA6F48463146F1F76CFEEA6F484610
:1094E0003146F1F74FFE56208DF8090005F1BC001A
:1094F0000390EDF75CF962684146EDF714FBF1F774
:10950000A0FE95ED220A3146F1F7EAFDADF8020022
:10951000F1F797FE95ED230A3146F1F789FDADF895
:109520000400F1F78EFE95ED240A3146F1F754FE62
:109530000DF10201ADF8060057200F1D8DF809004E
:109540000391EDF734F962684146EDF7ECFA5920E2
:109550008DF809000397EDF72AF962684146EDF7A7
:10956000E2FAF1F76EFED5F8942031460223F1F7C6
:10957000C9FCADF8000044208DF80900684603904E
:10958000EDF715F962684146EDF7CDFA05B0BDE893
:10959000F08300BF00FF7F4700000000F0B589B0F6
:1095A000D1E901050C46FEF790FC0646F2F760FE95
:1095B000F2F767FE0E2861D80121814044F61A02B5
:1095C000114206D03046294609B0BDE8F040DBF72D
:1095D000B5B9022852D1607800210128079106917F
:1095E0002AD003284AD1F1F72CFE95ED000A314626
:1095F0000746F1F775FD95ED010AADF8080038460C
:109600003146F1F715FD95ED020AADF80A0038462E
:109610003146F1F7E1FD02A9ADF80C0057200E1D0F
:109620008DF819000791EDF7C2F8626806AD29467A
:10963000EDF779FA592018E0ECF7B3F8ECF7C3F836
:10964000F8F7ADFF6168F4F7EDFBC8B102210180C6
:10965000582000268DF819000796EDF7A8F86268E3
:1096600006AD2946EDF75FFA5A208DF819000796E6
:10967000EDF79DF862682946EDF755FA09B0F0BD9F
:10968000002500202921ADF80C50FBF7E5FE0290E3
:10969000E0686168ADF80E50CDE90410EEF792FA7B
:1096A00002AF0421002200230097EEF768FAE5E7F5
:1096B000B0B5D1E90104FEF708FC0546F2F7D8FD84
:1096C000F2F7DFFD0E2888BFB0BD012101FA00F0DE
:1096D00044F61A01084205D028462146BDE8B040AC
:1096E000DBF774B9B0BD70B548680C46FEF7EDFB0A
:1096F000A5680646F2F7BCFDF2F7C3FD0E2888BF49
:1097000070BD0121814044F61A02114205D0304655
:109710002946BDE87040DBF732B9022805D1204662
:109720000021BDE8704006F0BFBB70BD70B5486851
:109730000C46FEF7CAFBA5680646F2F799FDF2F75C
:10974000A0FD0E2888BF70BD0121814044F61A0299
:10975000114205D030462946BDE87040DBF7C7BA54
:10976000022805D120460121BDE8704006F09CBBCF
:1097700070BD80B54868FEF7A8FBF2F779FDBDE83B
:109780008040F2F77EBD7047F0B58BB0D1E901079C
:109790000C46FEF79AFB0546F2F76AFDF2F771FDFB
:1097A0000E285ED80121814044F61A02114207D0EA
:1097B000D7E9001228460BB0BDE8F040DBF7CAB885
:1097C00002284ED16078002101280991089126D005
:1097D000032846D1F1F735FD3A682946F1F71CFB1D
:1097E00006460290F1F72DFD7A682946F1F714FB41
:1097F000B0420790BCBF0290079640208DF8210030
:1098000002A80990ECF7D3FF626808AD2946EDF78E
:109810008AF942208DF8210007A809901BE0EBF798
:10982000C0FFEBF7D0FFF8F7BAFE6168F4F7FAFA79
:10983000C8B102210180412000268DF8210009963F
:10984000ECF7B5FF626808AD2946EDF76CF94320E7
:109850008DF821000996ECF7AAFF62682946EDF71A
:1098600062F90BB0F0BD002500202921ADF80C50A5
:10987000FBF7F2FD0290E0686168ADF80E50CDE9AB
:109880000410EEF79FF902AF042100220023009795
:10989000EEF775F9E5E7704770B5D1E90105FEF718
:1098A00014FB0446F2F7E4FCF2F7EBFC0E2833D885
:1098B0000121814044F61A02114206D095ED000ABA
:1098C0002046BDE87040DBF7E8BB022824D1F1F761
:1098D000B8FC95ED000A2146F1F77EFC054648F2FA
:1098E0000000CFF6FF7085EA0006F9F752FF214627
:1098F0003246F9F77FFFEDF7F9FE2146EDF72EFF2F
:10990000002808BF70BD0646F1F79BFC21462A4699
:10991000F1F788FC86ED030A70BD70477047704709
:1099200070477047B0B588B048680C46FEF7CDFA6E
:10993000F2F79EFCF2F7A5FC022830D160780128EE
:109940002DD14FF40060002506900795EBF729FF15
:10995000EBF739FFF8F723FE6168F4F763FA40B1DB
:1099600001210180ECF723FF626806A9EDF7DBF81F
:1099700015E000202921ADF80C50FBF76DFD029099
:10998000E0686168ADF80E50CDE90410EEF71AF901
:1099900002AD0421002200230095EEF7F0F808B094
:1099A000B0BD7047704770472DE9F04184B0D1E9F0
:1099B00001040D46FEF789FA0646F2F759FCF2F764
:1099C00060FC002103914FF490410E28029150D881
:1099D0000121814044F61802114208D0F2F748FCF8
:1099E0003146224604B0BDE8F041F2F7D8BA01286A
:1099F000F4D002283DD1F1F724FCA04658F89C2F62
:109A000031460746F1F7E2FB54F8A02F38463146BD
:109A1000F1F7C4FBA4F118000390ECF7C8FE6A68E4
:109A200002AE3146EDF77FF80F208DF80900039460
:109A3000ECF7BDFE6A683146EDF775F810208DF839
:109A40000900CDF80C80ECF7B2FE6A683146EDF7FC
:109A50006AF834F8080CADF806002F208DF80900DC
:109A60000DF106000390ECF7A2FE6A683146EDF7AF
:109A70005AF804B0BDE8F08170B584B048680C466F
:109A8000FEF723FAA5680646F2F7F2FBF2F7F9FBB8
:109A90000E2820D80121814044F61802114207D037
:109AA000EDF7ADFB314604B0BDE87040EDF702BD07
:109AB000012812D002280ED1A888ADF80E004FF46C
:109AC000904000900DF10E000190ECF770FE62687E
:109AD0006946EDF728F804B070BD3046294604B059
:109AE000BDE87040DBF7DFB8B0B548680C46FEF75C
:109AF000ECF9A5680446F2F7BBFBF2F7C2FB0E28AF
:109B000088BFB0BD012101FA00F044F61A010842F5
:109B100006D095ED000A2046BDE8B040DAF770BFE8
:109B2000B0BD70B582B00C46F2F7A2FBF2F7A9FB0C
:109B300002280BD001281FD1D4E90104FEF7C5F992
:109B4000214602B0BDE87040DBF7A1B8A6684FF42B
:109B5000CA40CDE90006ECF72AFE62686D46294648
:109B6000ECF7E1FF67208DF801000196ECF71FFE8E
:109B700062682946ECF7D7FF02B070BD10B50C46FD
:109B8000F2F776FBF2F77DFB012818BF10BDD4E990
:109B90000104FEF79AF92146BDE81040DBF79BB8B7
:109BA000FFF7ECBFFFF7EABF70B588B048680C4616
:109BB000FEF78BF9A6680546F2F75AFBF2F761FB50
:109BC0000E280BD80121814044F61A02114207D019
:109BD000B6F900102846DAF71FFF308008B070BDD4
:109BE0000228FBD1607801280ED00328F6D13088F6
:109BF000ADF808004FF43C50049002A80590ECF733
:109C0000D6FD626804A915E0EBF7CBFDEBF7DBFDB1
:109C1000F8F7C5FC6168F4F705F900254FF44051E9
:109C20000395029148B1012101800395ECF7BFFD36
:109C3000626802A9ECF777FFD0E700202921ADF890
:109C40001450FBF709FC0490E0686168ADF8165009
:109C5000CDE90610EDF7B6FF04AE04210022002383
:109C60000096EDF78CFFB9E7B0B548680C46FEF7F3
:109C70002CF9A5680446F2F7FBFAF2F702FB0E286E
:109C800088BFB0BD012101FA00F044F61A01084274
:109C900005D029682046BDE8B040DAF78BBEB0BDDC
:109CA000B0B548680C46FEF710F9A4680546F2F70F
:109CB000DFFAF2F7E6FA012818BFB0BD28462146C0
:109CC000BDE8B040DAF7FBBF70477047704700004F
:109CD00010B544690020012100220323FEF7FAF8A1
:109CE0000146FE2000F00EFD2078042888BF10BD3C
:109CF000DFE800F003170D110700FBF774FC0021EB
:109D000012E013F039F80220EAF7B2FE05E0FBF7A3
:109D10006AFC022108E013F02FF8BDE81040EAF7D2
:109D2000BBBEFBF760FC0121BDE81040FBF72EBE77
:109D30002DE9F04FC1B0D0F8149001F0BBF801F05C
:109D4000C7F8D9E900628046301A44F240270390F0
:109D500062EB0100C0F20F078A46029030461146BE
:109D60003A460023D7F777FC034600FB176044F61A
:109D7000D351C1F26201A0FB01124AF27B41C4F24D
:109D80001841A3FB011794094FF47A7104FB1105E4
:109D900019AE40A2304640214FEAD75BCDE90045DD
:109DA000D7F7E8FC29AF3EA2384660213346CDF80C
:109DB00000B0D7F7DFFCEDF705FF44A23946EDF719
:109DC00025FF04AD28464021D8F778F90026042065
:109DD0000021CDE9168A1596FBF73EFBD9E900373D
:109DE00014903FA228464021CDE90037D7F7C2FCA6
:109DF000EDF7E8FE14AF01212A4600230097EDF7A6
:109E0000BEFEDDE90221481E72F100000ADB43F6C6
:109E10002C40C0F606000068081A72F100000DD24E
:109E2000002612E0484243F62C41C0F606010968BC
:109E300066EB0202401A72F1000006D301F03AF814
:109E4000D9E9002301F04AF8012601F033F801F0C6
:109E50003FF80446CDE9160100200D46ADF8540048
:109E600004200121ADF85660FBF7F6FA04AE149019
:109E700020A230464021CDE90045D7F77BFCEDF725
:109E8000A1FE0121324600230097EDF778FE41B094
:109E9000BDE8F08F732564206D256420752564006E
:109EA00052515354206F662074696D652063686158
:109EB0006E676520746F202573205B6F7220796553
:109EC000617273203D2025640000000074696D6597
:109ED0007365742063616C6C6261636B00000000E9
:109EE00073796E63682072717374203D20256C6CE9
:109EF0006400000074696D65203D20256C6C640071
:109F000088680188B1F57A7F1CBF4FF47A710180AF
:109F10002DE9F04F85B04588B0F804A0B0F8069060
:109F20000AEB05014944B1F57A7F0DD940F24D1194
:109F3000C0F24D114FF4A77940F24D1A40F24D1581
:109F4000C0F80210A0F80690847A0CB9012484723B
:109F5000078900F10C08B7F5FA7F84BF64270781F1
:109F6000C67A0121022E24BF0026C67200200022DC
:109F700003234FF0000BFDF7ADFF0146FE2000F07C
:109F8000C1FB0583A0F81AA0A0F81C9084774FF4B9
:109F90007A70CDE9000B0AEB050004970295039057
:109FA000FCF77EFB3146FCF7E7FCFCF779FB6946E2
:109FB000FCF703FDFCF774FB2146FCF74AFDFCF7B8
:109FC0006FFB4146FCF7E9FC05B0BDE8F08F10B52A
:109FD000886804780CB90124047000200121002253
:109FE0000323FDF777FF0146FE2000F08BFB84770B
:109FF000FCF756FB2146BDE81040FCF72ABD704730
:10A00000704700002DE9F04F8DB044692578F2F7D4
:10A01000E3FE012840F03681A5F10F00052800F28B
:10A020003181264616F8087BEBF7BBFBEBF7CBFB41
:10A03000002800F027810546A7F10F00052800F24F
:10A040002181DFE810F00600AF000E006B000A006F
:10A050000D012846F8F7DDFB14E13078FDF747FFE6
:10A0600010E13046EBF71FFB042840F00B8130462F
:10A07000EBF70AFB102840F005813046EBF78CFB2C
:10A0800081460138C0B20F2800F2FC8043F63C4004
:10A09000C0F6060000784FF0000B20F00C0A4FF0DD
:10A0A00000085FFA88F13046EBF7DBFA0746607884
:10A0B000A1780138B0FA80F001394009B1FA81F194
:10A0C0004AEA8000490940EAC1008DF818000420DE
:10A0D0008DF81900386806A907906068099028462D
:10A0E000F8F77BFB98B1CDE904BBCDE902BB38683A
:10A0F000172104900520FBF7AFF90290EDF762FD00
:10A1000004210022002302AF0097EDF738FD08F18B
:10A1100001085FFA88F04845C3D3B3E03046EBF757
:10A12000C2FA042840F0AE803046EBF7ADFA1028B2
:10A1300040F0A8803046EBF72FFB81460138C0B2D3
:10A140000F2800F29F8043F63C40C0F606000078DE
:10A15000002720F00C0A4FF0040B0DF11808F9B29B
:10A160003046EBF77EFA6178A2780139B1FA81F1D5
:10A17000013A4909B2FA82F24AEA8101520941EAF6
:10A18000C2018DF818108DF819B00068414607908B
:10A19000606809902846F8F734FB0137F8B2484563
:10A1A000DDD36FE03046EBF77EFA04286AD1304603
:10A1B000EBF76AFA102865D13046EBF7EDFA102874
:10A1C00060D881462846F8F724FBB9F1000F59D032
:10A1D00043F63C40C0F6060000784FF0000B20F03C
:10A1E0000C0A4FF000085FFA88F13046EBF739FAB5
:10A1F00007466078A1780138B0FA80F0013940094B
:10A20000B1FA81F14AEA8000490940EAC1008DF8BB
:10A21000180004208DF81900386806A907906068B6
:10A2200009902846F8F7D9FA98B1CDE904BBCDE9F1
:10A2300002BB3868172104900520FBF70DF9029046
:10A24000EDF7C0FC04210022002302AF0097EDF7D8
:10A2500096FC08F101085FFA88F04845C3D311E085
:10A260003046FDF70BFE01280CD13178FE20FDF7BA
:10A27000E1FE38B9FCF7D4FEFCF7DBFE31460122E3
:10A28000F2F758FE0DB0BDE8F08F00002DE9F04F59
:10A2900087B044692578F2F79FFD012840F00C81D2
:10A2A000E81E4FEA7000052800F20681012101FA3C
:10A2B00000F010F02B0F00F0FF802678EBF771FA1A
:10A2C000EBF781FA002800F0F780074694F801A028
:10A2D00094F80290E57820465021D7F7EFFEF01E63
:10A2E0004FEA7000052800F2E780DFE800F0036A1B
:10A2F000E535E59D002D08BF4025221D284601219A
:10A30000EBF7D6F9804643F64040C0F6060090E8E9
:10A310008E00D0E904608DE88E00CDE90460042051
:10A320008DF8010000200021002206230026FDF701
:10A33000D1FDCDE901064046EBF704FA4FF6046083
:10A34000208005FB09F0C2B2FE20414684F802904D
:10A35000E570FDF7C3FFAAE0002D08BF1025221D00
:10A36000284604214FF00408EBF7A2F9834643F690
:10A370004040C0F6060090E8CE0040698DE8CE006F
:10A38000059000200021002206238DF80180002680
:10A39000FDF7A0FDCDE901065846EBF7D3F90A20F9
:10A3A0002070BAF1FE0F05FB09F084F801A084F8D3
:10A3B0000290E57070D1C2B2FE205946FEF770F8E7
:10A3C00075E0002D08BF1025221D284604214FF0FE
:10A3D0000408EBF76DF9824643F64040C0F60600EC
:10A3E00090E88E00D0E904608DE88E00CDE904602D
:10A3F00000200021002206238DF801800026FDF7B1
:10A4000069FDCDE901065046EBF79CF94FF6066071
:10A41000208005FB09F0C2B2FE20514684F802906C
:10A42000E570FDF7A7FF42E0002D08BF1025221DB3
:10A43000284604214FF0040BEBF73AF980463846E2
:10A44000F8F7BFF943F64040C0F6060090E84E101A
:10A4500040698DE84E10059000200021002206235F
:10A460008DF801B00026FDF735FDCDE90106404627
:10A47000EBF768F90E202070BAF1FE0F05FB09F228
:10A48000384684F801A084F80290E5700BD111469B
:10A490004246F8F786F90AE0C3B2FE2051465A4612
:10A4A000FEF774F803E051464346F8F782F9FBF7EC
:10A4B0009AF86946FBF7C5FA07B0BDE8F08FF0B52A
:10A4C00087B044692578F2F787FC012859D10B2D14
:10A4D00057D80120A84040F68201084251D0277881
:10A4E000EBF75FF9EBF76FF900284AD0064665787D
:10A4F00020465021D7F7E2FD0B2F14D0072F08D0AC
:10A50000012F3ED14FF602602080FE20FDF79CFF18
:10A5100019E008202070FE2D4FF0FE0065700BD171
:10A52000FEF7F2F80FE00C202070FE2D304665702B
:10A5300006D1F8F746F906E02946FEF7ABF802E047
:10A540002946F8F744F9608043F64040C0F606001B
:10A5500090E88E00D0E904608DE88E00CDE90460BB
:10A5600004208DF801000020002100220523002492
:10A57000FDF7B0FCCDE90104FBF735F86946FBF7C0
:10A5800060FA07B0F0BD704770477047704770477A
:10A590007047704770477047704710B54469F4F7CB
:10A5A000DFFF2146BDE81040F5F7F6B87047704769
:10A5B000B0B5D1E90104FDF788FC0546F5F718FDB3
:10A5C00029462246BDE8B040F5F7ACBDB0B5D1E9AB
:10A5D0000104FDF77AFC0546F5F70AFD29462246F7
:10A5E000BDE8B040F5F78CBEB0B5D1E90105FDF787
:10A5F0006CFC0446F5F7FCFC2A782146BDE8B04027
:10A60000F5F7FBBD70477047B0B5FE280C4604D186
:10A6100044F6AC05C1F200050FE044F6E001C1F2DA
:10A6200000010978884232D244F6DC01C1F200010F
:10A63000096800EB400001EB0015601C4FF00000C2
:10A6400018BF002D00D1B0BD200EFEF7FCF801466A
:10A6500044F20020C0F60600405CC4F3074290427A
:10A6600015D955F8210090B1230A805CDBB29842DD
:10A670004FF00000E7D944F21423C0F6060353F864
:10A680002110895CE2B2914288BF0120B0BD002058
:10A69000B0BD032884BF0020704780B5FEF7D3F813
:10A6A00044F69C01C1F2000151F8200080BDB0B514
:10A6B000FE280C4604D144F6AC05C1F200050FE0BB
:10A6C00044F6E001C1F200010978884218D244F64C
:10A6D000DC01C1F20001096800EB400001EB00154C
:10A6E0000020B0EB946F0BD155B1200EFEF7ABF804
:10A6F00005EB8000016A19B12046BDE8B04008476B
:10A700000020B0BD2DE9F0410546FE280C4604D1DD
:10A7100044F6AC07C1F200070FE044F6E000C1F2D6
:10A7200000000078854249D244F6DC00C1F2000006
:10A73000006805EB450100EB01170020B0EB946FBA
:10A740003AD1CFB3200EFEF77EF8064607EB800025
:10A7500007699FB3C4F30742C4F307232846314671
:10A760004FF6FF7805F00EFA404527D044F200225C
:10A77000C0F60602210C925DC9B28A424FF6FF7202
:10A7800014D944F2E013C0F6060353F8263044F21D
:10A79000F012C0F6060253F8213052F82620E6B235
:10A7A00053F8263052F821105A68521A104481B2D8
:10A7B000414503D017FA80F0BDE8F0810020BDE8E4
:10A7C000F081084605F023BA05284FF0000C98BF29
:10A7D000022909D801EB810C44F6F441C0F60601C8
:10A7E00001EB8C0151F820C02E2A4FF000001BDC39
:10A7F000511E1F2900F27280DFE801F01010701066
:10A80000454E53583F704B3C7070707042503770DB
:10A81000707070707070707070707048AA2B43D038
:10A820005A2B46D1082059E06E2A0ADD782A13DC1B
:10A830006F2A1CD0722A18D0772A08BF4FF48020C4
:10A840004CE0A2F12F01042948D8DFE801F00345CC
:10A850003F423C00202041E0792A31D07F2A06D0B7
:10A86000FF2A08BF4FF4003038E0802036E04FF078
:10A87000005033E04FF4806030E04FF480102DE062
:10A880004FF400402AE04FF4007027E04FF480308E
:10A8900024E04FF4001021E010201FE04FF40020CE
:10A8A0001CE04FF4802019E0042017E04FF48040B2
:10A8B00014E0A3F15500B0FA80F0400940000DE02B
:10A8C0004FF080400AE04FF4800007E04FF48050E2
:10A8D00004E04FF4006001E04FF4005020EA0C0067
:10A8E000B0FA80F04009704705284FF0000298BF89
:10A8F000022909D844F6F44201EB8101C0F60602B0
:10A9000002EB810151F820201046704745F2B0213A
:10A91000C1F200010868002818BF084670470028E7
:10A9200014BF4068002070472DE9F04182B045F225
:10A93000B027C1F200073A681ABB0C460546EDF78E
:10A9400041F945F6231643F23808C0F606062946B3
:10A95000C0F606080EA23346002D18BF0121CDF81F
:10A960000080EDF705F9EDF72DF9214615A23346E4
:10A97000002C18BF0121CDF80080EDF7F9F8C7E9E8
:10A98000005445F2B020C1F2000002B0BDE8F081F1
:10A99000656F765F63616C6C6261636B6D616E5F46
:10A9A0006869645F496E697469616C6973652829B7
:10A9B0003A204E554C4C20657865637574655F662A
:10A9C0006E000000656F765F63616C6C6261636B43
:10A9D0006D616E5F6869645F496E697469616C6915
:10A9E000736528293A204E554C4C207461736B00D6
:10A9F000B0B50C460546ECF71AFB28B1826828462C
:10AA00002146BDE8B04010476FF00100B0BD10B561
:10AA10000446ECF70CFB20B101682046BDE810406D
:10AA200008476FF0010010BD2DE9F04F81B045F2ED
:10AA3000B829C1F200091546D9F80020002A55D1DD
:10AA4000DDF828A01C460E460746EDF7BBF845F694
:10AA5000DD1843F2380B46F2AD52C0F6060839460F
:10AA6000C0F6060BC0F606024346002F18BF0121B0
:10AA7000CDF800B0EDF77CF8EDF7A4F846F2DC5223
:10AA80003146C0F606024346002E18BF0121CDF81C
:10AA900000B0EDF76DF8EDF795F8294617A243469B
:10AAA000002D18BF0121CDF800B0EDF761F8EDF7EA
:10AAB00089F821461CA24346002C18BF0121CDF87D
:10AAC00000B0EDF755F8EDF77DF8514621A2434669
:10AAD000BAF1000F18BF0121CDF800B0EDF748F82A
:10AAE000C9E90076C9E90254C9F810A045F2B820B6
:10AAF000C1F2000001B0BDE8F08F00BF656F765F66
:10AB0000656E765F6869645F496E697469616C69D6
:10AB1000736528293A204E554C4C2069706E657437
:10AB20005F67657400000000656F765F656E765F35
:10AB30006869645F496E697469616C697365282925
:10AB40003A204E554C4C2063616E6E65745F6765AC
:10AB500074000000656F765F656E765F6869645F9C
:10AB6000496E697469616C69736528293A204E558C
:10AB70004C4C206570726F635F6765740000000065
:10AB800060B18368012180F820104BB180B5014687
:10AB9000012298470020BDE8804002E0FE2000E04E
:10ABA000002040B2704710B1836813B11847FE20EF
:10ABB00000E0FF2040B2704710B109B102681047B1
:10ABC0006FF00100704700281ABF002180F82010A4
:10ABD000FE2148B2704742F2FC01C1F20001086850
:10ABE000002818BF0846704710B1036913B1184711
:10ABF000FE2000E0FF2040B2704700002DE9F04F3A
:10AC000083B042F2FC06C1F2000614463268002A04
:10AC100056D19A468846054660B9ECF7D3FF45F60B
:10AC2000BD1243F238032AA1C0F60602C0F606039D
:10AC3000ECF7CDFFECF7C6FF45F6BD19274643F20A
:10AC4000380B46F2C842C0F60609002C18BF01278F
:10AC5000C0F6060BC0F6060239464B46CDF800B0EA
:10AC6000ECF786FFECF7AEFF24A239464B46CDF851
:10AC700000B0ECF77DFFECF7A5FF0D9F2AA2394647
:10AC80004B46002F18BF0121CDF800B0ECF770FF44
:10AC90000C98C6E902070E984FF00007C6E9004A73
:10ACA000306145B104202946002200230097019716
:10ACB000EFF798FA07460120C6E9067886F82000E3
:10ACC00042F2FC00C1F2000003B0BDE8F08F00BF0B
:10ACD000656F765F69706E65745F6869645F496E01
:10ACE000697469616C69736528293A2030206D6147
:10ACF00078646772616D736F636B7300656F765F05
:10AD000069706E65745F6869645F496E69746961D2
:10AD10006C69736528293A204E554C4C2064657443
:10AD20006163685F666E0000656F765F69706E656F
:10AD3000745F6869645F496E697469616C697365A1
:10AD400028293A204E554C4C206172705F666E0087
:10AD500010B50446ECF76BF920B141682046BDE818
:10AD6000104008476FF0010010BDB0B50C46054615
:10AD7000ECF75DF928B1026828462146BDE8B040ED
:10AD800010476FF00100B0BD60B110B5044600205F
:10AD9000C4E90000A060F0F759FB2146BDE810406F
:10ADA000F0F710BB704780B5F0F750FB04210C2280
:10ADB0000123F0F755FB0021C0E90011816080BD3F
:10ADC0002DE9F04381B01C4616460F460546ECF7C8
:10ADD000F9FE45F61A1843F23809C0F60608394656
:10ADE000C0F6060913A24346002F18BF0121CDF873
:10ADF0000090ECF7BDFEECF7E5FE314617A24346A6
:10AE0000002E18BF0121CDF80090ECF7B1FEECF751
:10AE1000D9FE21461CA24346002C18BF0121CDF8C3
:10AE20000090ECF7A5FEC5E900760020AC6001B00B
:10AE3000BDE8F083656F765F6D757465785F6869EE
:10AE4000645F536574565441424C4528293A204E5C
:10AE5000554C4C20765F74616B650000656F765FC2
:10AE60006D757465785F6869645F536574565441A5
:10AE7000424C4528293A204E554C4C20765F72654D
:10AE80006C65617365000000656F765F6D75746554
:10AE9000785F6869645F536574565441424C452835
:10AEA000293A204E554C4C20765F64656C6574657C
:10AEB0000000000045F2CC21C1F200010868002822
:10AEC00018BF0846704708B1406800470020704727
:10AED00008B18068004700200021704748B180B564
:10AEE000D0F80CC010461946E0470020BDE880406D
:10AEF00000E0FE2040B2704730B180B54069804725
:10AF00000020BDE8804000E0FE2040B27047000015
:10AF10002DE9F04F81B045F2CC25C1F2000517466E
:10AF20002A68002A69D1DDF828A01E468946804695
:10AF3000ECF748FE45F6391443F2380B46F2291275
:10AF4000C0F606043946C0F6060BC0F606022346D4
:10AF5000002F18BF0121CDF800B0ECF709FEECF787
:10AF600031FE46F2FE023146C0F606022346002EAE
:10AF700018BF0121CDF800B0ECF7FAFDECF722FE86
:10AF8000BAF1000F18BF4FF0010A1FA25146234625
:10AF9000CDF800B0ECF7ECFDECF714FE0B9924A211
:10AFA0002346002918BF0121CDF800B0ECF7E0FDE1
:10AFB000ECF708FEDDF830A027A251462346BAF18F
:10AFC000000F18BF0121CDF800B0ECF7D1FD4FF60E
:10AFD00063400D99C0F60400002918BF08460A997D
:10AFE0006861A9600B994846C5E90076C5E9031A6E
:10AFF000ECF7F8FD4046F0F7E9FA45F2CC20C1F253
:10B00000000001B0BDE8F08F656F765F7379735F04
:10B010006869645F496E697469616C697365282940
:10B020003A204E554C4C2074696D6567657400007C
:10B03000656F765F7379735F6869645F496E697481
:10B0400069616C69736528293A204E554C4C20740F
:10B05000696D657365740000656F765F7379735F02
:10B060006869645F496E697469616C6973652829F0
:10B070003A204E554C4C206E616E6F74696D656759
:10B080006574000010B50446EBF7D1FF20B1016AEA
:10B090002046BDE810400847002010BDB0B5F0F7CD
:10B0A000D5F92421F0F734FB40B34FF66541C0F6E3
:10B0B00004014FF67742C0F604024FF689434FF67B
:10B0C000714C4FF6834EC0E9001100F10801C0F643
:10B0D0000403C0F6040CC0F6040E4FF66B444FF6A2
:10B0E0007D4581E80C504FF66741C0F60404C0F678
:10B0F0000405C0F60401C0E906450162B0BD0028A0
:10B1000053D02DE9F0434FF6654400294FF67749B7
:10B11000C0F6040408BF2146002AC0F60409DDE990
:10B12000077608BF2246002B18BF99464FF6894381
:10B13000C0F60403002F18BF3B464FF671470DF1D0
:10B14000240EC0F604079EE82041002E18BF3746A3
:10B150004FF68346C0F60406002D18BF2E464FF664
:10B160006B454FF67D44C0F60405B8F1000FC0F6FC
:10B170000404DDF830C018BF4546BEF1000F18BF0B
:10B18000744680E806024FF66741C0F60401C0E944
:10B190000337C0E90565C461BCF1000F18BF614603
:10B1A00001620020BDE8F04300E0FE2040B270479D
:10B1B000B0B50C460546EBF73AFF28B102692846C0
:10B1C0002146BDE8B04010476FF00100B0BDB0B5FA
:10B1D0000C460546EBF72BFF28B18268284621462E
:10B1E000BDE8B04010476FF00100B0BDF0B581B0D0
:10B1F0001C4615460E460746EBF719FF48B1D0F836
:10B200001CC0384631462A46234601B0BDE8F0400E
:10B2100060476FF0010001B0F0BD70B514460D46F7
:10B220000646EBF704FF30B1436930462946224613
:10B23000BDE8704018476FF0010070BDB0B50C4616
:10B240000546EBF7F4FE28B1C26828462146BDE862
:10B25000B04010476FF00100B0BD10B109B14268B5
:10B2600010476FF00100704745F2E421C1F2000180
:10B270000868002818BF0846704710B109B1C268B5
:10B2800010476FF00100704710B109B10268104714
:10B290006FF00100704745F2E420C1F20000006940
:10B2A000FFF756BD10B109B1826810476FF0010079
:10B2B000704745F2E420C1F200000069FFF755BD78
:10B2C0002DE9F04F81B045F2E429C1F2000915469D
:10B2D000D9F80020002A48D1DDF828A01C460E46E7
:10B2E0000746ECF76FFC45F6461843F2380B46F27A
:10B2F0008012C0F606083946C0F6060BC0F60602F4
:10B300004346002F18BF0121CDF800B0ECF730FC08
:10B31000ECF758FC46F24E123146C0F606024346A0
:10B32000002E18BF0121CDF800B0ECF721FCECF79E
:10B3300049FC294610A24346002D18BF0121CDF833
:10B3400000B0ECF715FCECF73DFC214616A2434695
:10B35000002C18BF0121CDF800B0ECF709FC09F171
:10B360000800C9E9007580E8500445F2E420C1F204
:10B37000000001B0BDE8F08F656F765F74696D65A0
:10B38000726D616E5F6869645F496E697469616C52
:10B3900069736528293A204E554C4C2061646474C9
:10B3A000696D65725F666E00656F765F74696D6565
:10B3B000726D616E5F6869645F496E697469616C22
:10B3C00069736528293A204E554C4C2072656D747E
:10B3D000696D65725F666E007047000045F2F82186
:10B3E000C1F20001087808B1002013E04EF6FC50CD
:10B3F000CEF200000068C0010BD540F60060CEF22E
:10B400000000D0F88020D20703D00068B0F1FF3FE1
:10B4100002DDFF2040B270477C20CEF20000012206
:10B420000A7000BF01680029FCD04BF2D931C0F688
:10B430000401016001680029FCD040F20111018083
:10B4400001680029FCD00121017042F2F800C1F22C
:10B4500000000170C8E70000B0B545F2F822C1F263
:10B46000000212780D4604460AB9FFF7B7FF7C20A8
:10B47000CEF2000001680029FCD0056001680029B7
:10B48000FCD004F580710180B0BD000045F2F821C8
:10B4900042F2F802C1F20001C1F200020B78117809
:10B4A000012B107006D17C22CEF200021368002B13
:10B4B000FCD0107008467047B0B545F2F822C1F2D2
:10B4C000000212780D4604460AB9FFF787FF7C2078
:10B4D000CEF2000001680029FCD005600168002957
:10B4E000FCD00480B0BDB0B50446EDF739F8EDF7F7
:10B4F00031F80546047041F26420A5F801002320CC
:10B50000E8700020C5E90100EDF72AF82946BDE8FA
:10B51000B040EDF76FB870B50C460546EDF720F872
:10B52000EDF718F80646057041F26420A6F8010010
:10B530002320F0700020C6E90104EDF711F8314630
:10B54000BDE87040EDF756B880B582B0FAF7CAFB97
:10B5500000F1100100F1180200F11C0300F1220CAF
:10B56000CDF800C0FCF702F9FCF7F6F84EF2516195
:10B57000C0F60401FCF7B8F9002002B080BD11F05C
:10B580002FB811F089B844F6E800C1F20000017844
:10B590000131017001780170704700284FF0FF0001
:10B5A00018BF002904D00878DE3818BF4FF0FF30EC
:10B5B00040B2704770B578B1054604200121D5F737
:10B5C0007FFF4FF0000440B10646056000F07EF8B2
:10B5D000002808BF344600E00024204670BD00006B
:10B5E00070B51E464FF0FF03C8B1C1B1BEB10B78B4
:10B5F000DE2B11D105684B88288898420ED16888C7
:10B6000060B18B896D6800BF2C88A34209D00138D6
:10B6100005F10C05F8D101E000203080FF2358B27D
:10B6200070BD487800230328338044D8DFE800F059
:10B6300002341C28D5F804C0BCF1000FEED04FF442
:10B64000EF70108048886B88508028889081D38163
:10B65000B3B302F1100061461A46D6F707FC6888BA
:10B66000133020F003002CE047F6DE70002310605A
:10B67000D360AC68002CD2D001F11002022016E099
:10B6800047F6DE7000231060D360AC68002CC6D093
:10B6900001F1100203200AE047F6DE70002310607B
:10B6A000D360AC68002CBAD001F110020120294609
:10B6B000A0470023B3E747F6DE701060D360ADE724
:10B6C000102030800123AAE7002070474FF0FF30A0
:10B6D0007047D5F7F5BED5F739BFD5F749BF80B567
:10B6E00011F04AFB0120E9F7C3F9BDE88040E9F712
:10B6F000D3B900002DE9F04F85B0044601704FF436
:10B700000070A4F80100101FE070002504A90020BB
:10B710000495E9F763F903A80395E9F759F9039844
:10B720004578112D11D100F121054BA12846D6F7FE
:10B73000EFFC48B14AA12846D6F7EAFC4FF0FF35A6
:10B74000002808BF212500E02025FF208DF80B00F0
:10B750008DF80A000DF10B00E9F79AF90DF10A00D6
:10B76000E9F792F900208DF80900019001A80DF188
:10B770000901E9F787F92571FAF792FFFBF7EEF86F
:10B780000138B0FA80F040096071022002210225E0
:10B79000FFF7AAF80499E060487949F2CF7BA071DD
:10B7A0000879EA46E071C878C2F2295B207288788D
:10B7B0004FF0000860724878A07208789DF8091070
:10B7C000E07221749DF80B009DF80A10E5740025C5
:10B7D0006074A17401980021009110F8080051468E
:10B7E000E9F754F90198661910F80800FF2130753F
:10B7F000009871754188B146F182416849F81CBFD3
:10B8000049F8041C806800F500773846E9F7CEF85F
:10B8100020B907F140004946EBF786FB0098103548
:10B82000D0E90201302D4FEA902030844FEA912078
:10B8300008F101087084CDD10020009069460420F1
:10B84000E9F7CCF8009904F144002022D6F70EFB6A
:10B8500005B0BDE8F08F00BF656D73347264000001
:10B860006D6334706C75730042F22010C1F20000F9
:10B87000026900200A60704742F22010C1F2000005
:10B88000027D00200A70704770B582B042F2201627
:10B89000C1F2000606F10C0014460D46E9F79CF8CB
:10B8A00080B1ECF78FF943F2180645F6C913C0F6DC
:10B8B000060609A2C0F6060305210096ECF75FF91B
:10B8C000FF2005E0F0681030286002202070002082
:10B8D00040B202B070BD00BF735F656F5F61726D93
:10B8E000656E765F736861726564646174615F63DD
:10B8F000616E6E6574735F67657428293A206361B1
:10B900006E6E6F74207265616420646576696E6620
:10B910006F000000B0B582B042F22015C1F2000500
:10B9200005F10C000C46E9F757F880B1ECF74AF93D
:10B9300043F2180545F6C913C0F6060507A2C0F67E
:10B94000060305210095ECF71AF9FF2002E0E868EC
:10B950002060002040B202B0B0BD00BF735F656FD1
:10B960005F61726D656E765F736861726564646154
:10B9700074615F69706E65745F67657428293A2029
:10B9800063616E6E6F7420726561642064657669B0
:10B990006E666F002DE9F04192B0E9F771F843F25D
:10B9A0001808C0F6060818B1ECF70CF93DA20BE038
:10B9B0000020029001208DF80C0002A8E9F710F891
:10B9C00058B1ECF7FFF846A245F6C913C0F60603D6
:10B9D0000521CDF80080ECF7D2F842F22015C1F233
:10B9E000000569684878E9F755F870B1ECF7EAF8AE
:10B9F00046F2F34245F6C913C0F60602C0F6060346
:10BA00000521CDF80080ECF7BAF8A86888B346693C
:10BA100090E89E000DF1080C07968CE89E0000F15E
:10BA200018078ECFD0E90A460DF1200CCDE90C465F
:10BA30008CE88E00D0E90C12D0E90E03CDE90E128D
:10BA4000CDE910030BF0DAFBCDE90E0102A8E8F70F
:10BA5000C1FF70B1ECF7B6F846F2315245F6C913A2
:10BA6000C0F60602C0F606030521CDF80080ECF70B
:10BA700086F805F10C00E8F7AFFF70B1ECF7A2F81B
:10BA800046F26F5245F6C913C0F60602C0F6060329
:10BA90000521CDF80080ECF772F8002012B0BDE867
:10BAA000F08100BF735F656F5F61726D656E765F79
:10BAB00073686172656473657276696365735F69E3
:10BAC0006E697428293A20736861727365727620F2
:10BAD0006973206E6F742076616C696400000000E9
:10BAE000735F656F5F61726D656E765F73686172BB
:10BAF000656473657276696365735F696E697428DE
:10BB0000293A2063616E6E6F7420696E69742073C8
:10BB1000686172736572760090F82020037C0132B0
:10BB20004FF0010CD1B280F823C0994280F8202058
:10BB300028BF80F821C080B582B002208DF80700B0
:10BB4000F9F751FD0DF10701F9F740FD9DF80700E8
:10BB500030B9FAF78FFAFAF796FA4021FCF7A6F80F
:10BB600002B080BD2DE9F04F87B041F20015C1F25F
:10BB70000005A86AE9F710FE002801906CD04FF08C
:10BB80000109002695F82400F4B22146EBF7B2F93A
:10BB90000028029654D1A86A2146E9F762FD0028E0
:10BBA0004ED0064600F106084FF0000A012000BF03
:10BBB0000AF142074FF0010B039000BF38F81A005A
:10BBC0005FFA8BF42146EBF737FA01282AD105EB0F
:10BBD0004A00808F2146EBF72FFA18BBB0883178E6
:10BBE000ADF81A0000200490C81EC0B213280DF151
:10BBF0001A01059114D84DF63D71C0F20E01C140F5
:10BC0000C9070DD01AA11FA2095C105C8DF8101095
:10BC10008DF81100EAF7CBFD04A93A46EAF7CCFF0C
:10BC20004FF000090BF1010BBBF10F0F07F10207F9
:10BC3000C4D103984FF0010AC0074FF00000B7D1FC
:10BC4000029E01990136F0B288429BD3B9F1010FEF
:10BC500085F8389003D008E0012085F8380041F2DB
:10BC60000010C1F20000EAF7C5F807B0BDE8F08F98
:10BC700000000202020000000202020202000200B2
:10BC8000000200025B5B1C1C1C5B5B5B1C1C1C1C25
:10BC90001C5B1C5B5B1C5B1C2DE9F04F8DB041F203
:10BCA0000015CDE9051000200121C1F20005CDE904
:10BCB0000A00CDE9080000BF05EB400ABAF84420AD
:10BCC000BAF84870BAF84C60BAF82C303A433243AC
:10BCD0001A40C0EB0010C9074FF0020B05EBC0097A
:10BCE0004FF0000897B2079118BF4FF0010B00BF4B
:10BCF0005FFA88F438462146EBF79EF9012801D116
:10BD0000032407E0BAF83C002146EBF795F9012837
:10BD100031D1012405200221F9F79EFB0890002073
:10BD20008DF8250009EBC800B0F8521090F85020AB
:10BD300090F8513090F8545049BA90F85560B0F8E6
:10BD4000560041EA034145EA022241EA066142EA1D
:10BD500000408DF824B0ADF82680CDE90A10EBF74D
:10BD600031FF45F67F2321460022C0F6060308AEC8
:10BD70000096EBF704FF08F10108B8F10F0FB7D1F7
:10BD8000079941F20015012000294FF00001C1F28E
:10BD9000000591D1069901295BD10598012858D158
:10BDA000A86AE9F7F9FC002800F06D8145F67F28C4
:10BDB00082464FF00009C0F606080024A86AE7B2E0
:10BDC0003946E9F74EFC00283ED00646C088EBF71E
:10BDD00046F9318983460846EBF741F900EB0B0140
:10BDE000080631D095F824005FFA81FB3946EBF75D
:10BDF00081F8074605200121F9F72EFB08904BEA50
:10BE00000730ADF82490ADF826007088727840BAFB
:10BE100031783379767940EA02406A8F43EA01212A
:10BE200040EA066041EA0241CDE90A01EBF7CAFEA9
:10BE3000012F4FF001014FF00002434608AF08BF49
:10BE400003210097EBF79BFE0134E0B25045B5D3D8
:10BE500019E1002959D1A86AE9F79EFC002806904B
:10BE600053D041F200184FF6FF760022C1F20008CD
:10BE7000A86AD1B20792E9F7F4FBE0B3074600F1F4
:10BE8000060900204FF0010B4FF0010A08EB4001BA
:10BE9000898F39F81000714010EA010423D0204640
:10BEA000EBF7DDF8054605200321F9F7D5FA0890F0
:10BEB000387800218DF82510B8F83A1045EA0020AE
:10BEC000ADF8260008048DF824B0CDE90A40EBF760
:10BED00079FE45F67F2304210022C0F6060308AD53
:10BEE0000095EBF74CFE01204FF0020B5FEACA71A0
:10BEF0004FF0000ACAD1079A06990132D0B241F236
:10BF000000158842C1F20005B2D30598002840F020
:10BF1000BA80A86AE9F740FC0028029000F0B380DC
:10BF2000002200BFA86AD1B20392E9F79AFB002869
:10BF300000F0A2800646063000270123012204906B
:10BF4000049905EB4700B0F8400031F8171008409D
:10BF5000010400F08A8084B22046CDE90632EBF776
:10BF60007EF80590C7EB071005EBC0074FF0000BFC
:10BF70004FF000084FF0000A4FF000095FFA88F117
:10BF80002046EBF759F8012844D107EB4B0191F813
:10BF9000500033787278181A18BF012022B9B3788C
:10BFA00013B9F3789BB100BF91F8513093420DD192
:10BFB00091F85220B3789A4208D191F85320F3783F
:10BFC000D2B2DBB29A4238BF023000E0023032799E
:10BFD0000AB973796BB191F85430934208D191F852
:10BFE00055107279C9B2D2B2914218BF043000E044
:10BFF0000430CBF1200220FA02F2BBF1200158BF3D
:10C0000000FA01F200FA0BF058BF002049EA0209D9
:10C010004AEA000A0BF1040BBBF13C0F08F10108DE
:10C02000ACD105200421F9F717FA089006980021F1
:10C030008DF8240030788DF825100599CDE90AA9EE
:10C0400041EA0020ADF82600EBF7BCFD45F67F2362
:10C0500004210022C0F6060308AF0097EBF78FFD1E
:10C0600041F20015079AC1F2000501270223D0070B
:10C070004FF000027FF464AF039A02990132D0B20C
:10C080008842FFF44FAF0DB0BDE8F08F437801292F
:10C0900006D1C18801F00F00904206D1002000E0D7
:10C0A000402003F01F0108437047C1F30310904282
:10C0B00001D12020F5E7C1F30320904201D1602097
:10C0C000EFE74020B2EB113F08BF6FF07F00E8E7D9
:10C0D00001290ED10178112901D0032909D1012AA2
:10C0E0000CD0032A05D1C1886FF31F3141EA033117
:10C0F00002E0C18863F30301C1807047C18803F087
:10C100000F0221F0F00141EA0211F5E720B1D0F869
:10C1100000C0CCF3022C02E021B191F800C0BCF1C8
:10C12000060F01D9FF203CE080B54FF0000E83F8E8
:10C1300000E0DFE80CF0041E121B0D2124004FF07C
:10C14000000C82F800C098B3007A00F07F0130E064
:10C15000042010700020187021E04FF0020C82F8CB
:10C1600000C000B3007A00F07F011DE04FF0030C27
:10C1700007E04FF0010C04E04FF0050C01E04FF038
:10C18000060C82F800C018B1006800F00F0100E052
:10C190004978002019700F2988BF4FF0FF30BDE8A3
:10C1A000804040B270474978002019705429F3E765
:10C1B0004978002019707E29EEE7006840F20F727E
:10C1C0000240B2F5007F15D110B501F00101C0B2F7
:10C1D00041EAD004EAF7C5F82146E9F77AFF811F62
:10C1E00002294FF00001BDE8104004D3FF2818BF1A
:10C1F000FF2100E0FF2148B2704770B58AB00026E9
:10C200000C460546CDE90466CDE90266EAF712FA66
:10C2100002AA2146EAF7E6F9A0B100201A21F9F7AF
:10C220001BF92188069008BA000CADF81E00207A90
:10C23000099600F00101013108968DF81C10C0F339
:10C24000430025E0207A297900F00104481EB0FA65
:10C2500080F0420902A9204608F0EEFB38B3002026
:10C260001821F9F7F9F8069002989DF80E106FF36F
:10C270001F3040EA0130ADF81E0002A8EAF74DFE7B
:10C28000CDE908019DF80810601C8DF81C00080914
:10C290008DF81D00EBF796FC06AE0421002200236A
:10C2A0000096EBF76CFCFF2040B20AB070BD002096
:10C2B000FAE7704744F63C41C1F200010A7902B145
:10C2C0007047C0B201EB800001690029F8D0806995
:10C2D000084744F63C41C1F200010A79012A0DD118
:10C2E000C0B201EBC00090F82110002908BF7047D0
:10C2F0002030417801394170417801B17047406880
:10C30000012110F099BC70477047000042F2C40C44
:10C31000C1F2000CDCF800C0BCF1000F00D0604797
:10C32000052838BF704780B5FEF7C4FDFEF7E4FD71
:10C33000BDE88040FEE700002DE9F04184B044F6FE
:10C340007054C1F20004607B002864D041F68C3147
:10C35000C0F60601D1F800806069414610F03EFC4D
:10C36000002858D1F3F756FC002142460027F3F786
:10C370006EFCD8BB0DF10F008DF80F700297CDE960
:10C380000077A77308F0A0FE264616F8340F6D4616
:10C390007070307C96F8201070749DF80F0086F84D
:10C3A000211000F00101C0F3400030740120317011
:10C3B00086F820002846032108F0A2FE30780128E4
:10C3C00008D155F8270006F108027060F8B207217D
:10C3D00008F05CFE0137032F06F11006EED10120B4
:10C3E000A073F3F717FC0021F3F73AFC6069002112
:10C3F00010F022FCA07B01280DD1A069414610F06D
:10C40000EDFBE06918B1216A09B1FBF74FFCA069A7
:10C41000002110F011FC04B0BDE8F08180B5EBF70D
:10C42000D1FB45F6922203A1C0F60602BDE880408A
:10C43000EBF7ECBB63616C6C6564205F7461736BDC
:10C44000776F726B65725F7374617274757028298F
:10C45000000000007047B0B5044690F8BC01F0B190
:10C4600094F8F70290B194F8C021204600210025ED
:10C4700000F0F0F894F8C0212046002100F046F9C1
:10C4800084F8F452C4E9BA55C4F8F05294F8F602AC
:10C4900028B1EFF73CFABDE8B040EFF7CEBAB0BD37
:10C4A0002DE9F04F85B04FF0000A00F5EF790C460A
:10C4B0000546C0F8D8A14846C621FF22D5F7CCFDD5
:10C4C00095F8F50285F8DCA10028C5E972AAC5F83F
:10C4D000D0A1C5F8D4A100F0BA8005F5EE700490A3
:10C4E00005F5E470039005F5E670029005F5E87037
:10C4F00005F5EC7B019005F5EA704FF0000800901F
:10C50000D5F8E4025FFA88F63146E9F7AAF8002880
:10C5100000F09480074620463146EAF7D2FD002815
:10C5200000F08C80797801F00300022823D00128E4
:10C5300040F08480C1F380000BEB4000C1F3C301E5
:10C54000EAF786FDB878FD2838DC02284ED00328AB
:10C550005BD0042836D17878019AC0F38001C0F30B
:10C56000C30041EA410109EB411100EB400001EB3E
:10C570004000868058E0B87806285FD104980021F2
:10C58000EAF7C4FC0120A5F89E6285F8A20279783A
:10C590000A1FD2B20B2A9EBF4FF0FF3000EB910072
:10C5A00085F8A20295F8C0114FF47A725143C5F88C
:10C5B000A81285F8A4A285F8A5023FE0A0F1FE012B
:10C5C00002293BD37978C1F38002C1F3C30142EA67
:10C5D000420209EB421201EB410102EB410101EB86
:10C5E000400020F8046C7978009A1EE07878039A6D
:10C5F000C0F38001C0F3C30041EA410109EB4111DE
:10C6000000EB400021F810600EE07878029AC0F349
:10C610008001C0F3C30041EA410109EB411100EB85
:10C62000400001EB400046807978C1F3800002EBC6
:10C630004000C1F3C301EAF70BFD00BF08F1010898
:10C6400095F8F5025FFA88F18142FFF459AF05B021
:10C65000BDE8F08F2DE9F04F83B0012900F5DA71C4
:10C660004FF0000418BF2246019143F20251A0F896
:10C67000B4110DF10B01C0F8B81100F5EC7900F51B
:10C68000EA7A4FF0400B01208DF80B2000900BF060
:10C69000FE00E1B240EA010B4FF0010839F8140046
:10C6A0005FFA88F63146EAF7C7FC3AF814100746F5
:10C6B00008463146EAF7C0FC012F08BF01280DD11A
:10C6C0000BF0E10000EB480BEAF771F825F0FF01F1
:10C6D00041EA0B0501992A46EAF76EFAB8F10E0F06
:10C6E00008F10108DAD300980124C0074FF00000D8
:10C6F000CCD103B0BDE8F08F0021C0F20321084087
:10C70000401AB0FA80F04009704700002DE9F04F60
:10C7100089B0B0F8D831079123B9B0F8DA110029FF
:10C7200000F0948000218DF8221000F5DA71069156
:10C7300044F60271A0F8B4110DF12201C0F8B8114D
:10C7400000F5E471059100F5E67100F5EC7600F571
:10C75000EA780491019000F5E8704FF0400B012158
:10C760004FF000098DF82320039000BF02910BF0D9
:10C77000FE005FFA89F140EA010B4FF0010A00BFA9
:10C7800036F819005FFA8AF42146EAF755FC38F8C2
:10C790001910054608462146EAF74EFC012D08BF50
:10C7A00000283ED1079801284FF000008DF82200A4
:10C7B00029D10598214630F81900EAF73DFC0128F7
:10C7C00005D19DF8220040F002008DF82200049867
:10C7D000214630F81900EAF72FFC012805D19DF811
:10C7E000220040F008008DF822000398214630F81E
:10C7F0001900EAF721FC012805D19DF8220040F03C
:10C8000004008DF822000BF0E10000EB4A0BE9F781
:10C81000CEFF27F0FF0141EA0B0706993A46EAF7F7
:10C82000CBF9BAF10E0F0AF1010AA9D302994FF020
:10C830000109C9074FF000004FF0000196D1019A9D
:10C84000D2F8D811C2F8F002C2E9BA1109B0BDE8B5
:10C85000F08F00002DE9F0478CB041F2482A914654
:10C86000012AC1F2000A16D1064603208AF80C00FC
:10C87000F2F776FE9AF80C200421F2F761FE9AF89E
:10C880000200012811D141F24820C1F200003146D6
:10C89000ECF7F8F909E005208AF80C00F2F760FEE1
:10C8A0009AF80C200421F2F74BFE00200DF110083D
:10C8B000CAE96300CAF8940140462021D5F7FEFB7F
:10C8C000FEF724F8FEF72BF84CF609210346C0F6D4
:10C8D000040140465246E8F7A6FBB9F1010F1FD10B
:10C8E00002208AF8980105202921F8F7B5FDCAF839
:10C8F00088010AF5C474EBF765F99AF8981145F6C2
:10C90000BF23C0F6060300220094EBF738F99AF82B
:10C910009A71002F6AD0DAF88411002957D165E0A6
:10C92000B9F1000F62D1DAF8A8010021E8F799FE09
:10C93000D8B1DAF8A801E8F72FFFC0B10026002728
:10C94000002400BFDAF8A801E1B2E8F78AFE18B1C6
:10C95000C18800890E430743DAF8A8010134E5B223
:10C96000E8F71AFF8542EDD303E0FF2048E00027F7
:10C970000026E9F704F8E8F7F9FF81884FF6FF721F
:10C980005140C28803894089314027EA020241EAC6
:10C9900002411843CAE9641005202B21F8F75CFD19
:10C9A000CAF8880104200AF5C4748AF89801EBF7E4
:10C9B00009F99AF8981145F6BF23C0F6060300223C
:10C9C0000094EBF7DCF8DAF8841179B1FF2743F62D
:10C9D0001842C0F60602DAF88001D2E900238AF88C
:10C9E000997101278DE88201F5F718FDDAF8042026
:10C9F0002AB141F24820C1F2000049469047002088
:10CA000040B20CB0BDE8F08710B582B00446EBF739
:10CA1000D9F894F8981145F6BF2304F5C47CC0F604
:10CA200006030022CDF800C0EBF7A9F8D4F888017E
:10CA3000F8F7FEFC2B2803D1E8F7A1FFE9F7DBF8B4
:10CA400094F89901FF2804D00138010684F899016F
:10CA500001D002B010BDD4F8800102B0BDE8104092
:10CA6000F5F750BD70B544F66076C1F200060D468C
:10CA7000316904460846294601220023F0F718F9D7
:10CA8000A889F16910F4406F0ED0306948224A80BD
:10CA9000F0F7D0F8D6E90721506008462946482229
:10CAA000D5F7E4F924200DE0706918224A80F0F7E8
:10CAB000C1F8D6E907215060084629461822D5F763
:10CAC000D5F92620225AE068A169BDE87040F6F742
:10CAD000E1B870B542F28C15C4B2C1F2000505EBA5
:10CAE0008406B06B411C02D00138B06309D02969BB
:10CAF0002046884705F158002146BDE87040EAF716
:10CB0000B9BAE9682046884705F158002146EAF796
:10CB100097FAB069BDE87040F5F7F4BC4FF0FF300C
:10CB200070474FF0FF3070474FF0FF3070474FF0C5
:10CB3000FF30704770B50546EEF788FC04210C22E3
:10CB40000123EEF78DFCA9890446052900F10806AA
:10CB50000BD3EEF77BFCAA8904210123EEF780FCBE
:10CB60002A6930603AB1696903E02A692AB16969C2
:10CB70003046904704E0A98900E03046D5F77CFABA
:10CB8000204670BD10B580890C46052804D3EEF709
:10CB90005DFCA168EEF716FC0020C4E90000A0606F
:10CBA000EEF754FC2146BDE81040EEF70BBC014601
:10CBB00040894FF6FF72904209D0086A20B142685E
:10CBC00000230AB1136000E000220A6270470846A1
:10CBD000FFF7B0BFB0B5044680890D46052801F1C6
:10CBE000080028BF0068E16901B1884760894FF6F5
:10CBF000FF71884207D0206A0021C5E9001000B10A
:10CC000005602562B0BD20462946BDE8B040FFF76B
:10CC1000B9BF0021C0F201210840401AB0FA80F0EB
:10CC200040097047F0B58DB041F2405514460646B4
:10CC3000012AC1F2000512D103202873F2F790FCFB
:10CC40002A7B0221F2F77CFCA87801280FD141F25F
:10CC50004050C1F200003146EDF7F2FB07E005203D
:10CC60002873F2F77DFC2A7B0221F2F769FC002091
:10CC7000A5F88C01707A04AFC0F3430100F0010005
:10CC800041EA0020A5F88E01B088317A40BAF279E5
:10CC900040EA014040EA026042F3C011C5E9640184
:10CCA00038462021D5F70AFAFDF730FEFDF737FEAA
:10CCB0004CF6B5510346C0F6040138462A46E8F75B
:10CCC000B2F9012C1DD1022085F8980105200A2116
:10CCD000F8F7C2FBC5F8880105F5C476EAF772FFDC
:10CCE00095F8981145F65F23C0F6060300220096DA
:10CCF000EAF745FF95F89A6176B3D5F88411E1B962
:10CD00002AE04CBB05200B21F8F7A6FBC5F88801EB
:10CD1000042005F5C47685F89801EAF753FF95F8E5
:10CD2000981145F65F23C0F6060300220096EAF745
:10CD300026FFD5F8841179B1FF2643F61842C0F6D4
:10CD40000602D5F88001D2E9002385F89961012611
:10CD50008DE8C200F5F762FB6A682AB141F24050E3
:10CD6000C1F200002146904700200DB0F0BD000048
:10CD700080B586B00020CDE90400CDE90200042092
:10CD80000221F8F769FB0290EAF71CFF0DF1080C8D
:10CD900004A204210023CDF800C0EAF7F0FE06B09B
:10CDA00080BD00BF6D6169732074696D656F7574B6
:10CDB0000000000010B582B00446EAF703FF94F8C3
:10CDC000981145F65F2304F5C47CC0F606030022E3
:10CDD000CDF800C0EAF7D3FED4F88801F8F728FBB5
:10CDE0000B2803D1E8F7CBFDE8F705FF94F899018C
:10CDF000FF2804D00138010684F8990101D002B05F
:10CE000010BDD4F8800102B0BDE81040F5F77ABB40
:10CE10002DE9F04387B042F23816C1F200061446FD
:10CE20008946D6E91121074610469846FDF79DFF31
:10CE300003301CD1B06C44F6D351C1F26201A0FBA7
:10CE40000101002005228909CDE904000292ADF814
:10CE50000E10ADF80C00EAF7B5FE45F6F90302AD89
:10CE60003AA2C0F6060305210095EAF788FE082FCE
:10CE700040D8DFE807F00518243F353F3F3F050065
:10CE800009F10700B6F84010C20802FB0410336B2A
:10CE9000B0EBD30F2ED8736B624303EBC107A6F838
:10CEA0004000D00030E0728FB06904FB092181425C
:10CEB00020D8F36904FB09F09F18718724E009F179
:10CEC0000100B18F420802FB0410336AB0EB530F2C
:10CED00010D8736A624303EB4107B087500013E038
:10CEE00009F10300F18F820802FB0410B36AB0EB72
:10CEF000930F03D9706CFDF72BFF0BE0F36A6243CD
:10CF000003EB8107F0879000C8F80000706CFDF714
:10CF10001FFFB7B904200027029004FB09F0CDE9F8
:10CF20000477ADF80E00ADF80C70EAF74BFE45F64D
:10CF3000F90302AE11A2C0F6060305210096EAF736
:10CF40001EFE384607B0BDE8F08300BF735F656F13
:10CF50005F6D656D706F6F6C5F6765745F73746133
:10CF600074696328293A206D757465785F74616B04
:10CF700065282920746F757400000000735F656F69
:10CF80005F6D656D706F6F6C5F6765745F73746103
:10CF900074696328293A206E6F206D6F7265206D69
:10CFA000656D0000002900F0AC802DE9F04186B0ED
:10CFB00041F21076C1F20006707A002800F09E80DF
:10CFC0000C4608460121EAF72CF841F68C38012876
:10CFD000C0F6060814D1D8F80050F2F71BFE002165
:10CFE0002A46F2F734FE58B9707D69468DF8000084
:10CFF000002008F0FFF9F2F70DFE0021F2F730FEF5
:10D0000020460221EAF70DF801285ED1D8F8005039
:10D0100000270297CDE90077F2F7FCFD00212A46B0
:10D02000F2F715FE48B1EAF7CDFD45F6B52235A178
:10D03000C0F60602EAF7EAFD47E00DF1160105AA7F
:10D040000DF112030020B772ADF81670ADF8147030
:10D05000ADF8127008F028FA38B10020B072F2F77B
:10D06000D9FD0021F2F7FCFD2FE0FDF723FFFDF7CE
:10D070002FFF01900020BDF816108DF80000BDF8BC
:10D080001400ADF80A10BDF81210ADF80C00012024
:10D09000ADF80E10B072F2F7BDFD0021F2F7E0FD21
:10D0A000706829460FF09AFD78B93068F6F738FABB
:10D0B000012802D13068F6F711FB30686946F6F7AF
:10D0C00036FB706803210FF0B7FD20460421E9F715
:10D0D000A8FF012812D1D8F80040F2F79BFD0021EB
:10D0E00022460024F2F7B3FD40B9002008F04EF9C3
:10D0F0007472F2F78FFD0021F2F7B2FD06B0BDE8C1
:10D10000F041704769326333206973206275737927
:10D110000000000080B5EAF755FD45F6B52203A1F1
:10D12000C0F60602BDE88040EAF770BD63616C6C32
:10D130006564205F7461736B776F726B65725F7388
:10D14000746172747570282900000000A1B1022971
:10D150000DD043F62041C0F60601096803689942E4
:10D1600005D10169897801F0FE01022904D1016924
:10D17000CB680BB111461847704700002DE9F04FFE
:10D1800091B093460D46044631B92046594600F009
:10D190006BF80546002864D0287B012861D05846EA
:10D1A000FAF770FF18B102462068296990470120FC
:10D1B00028730AA81C21D4F781FF688994F8048099
:10D1C000089020680595079094F82000032804D063
:10D1D000022806D104F10C0001E005F114000068FA
:10D1E00000E0002009900898D8B30026069400BFFC
:10D1F00094F82000042806D10598B1B28069F6F7AA
:10D200004DF900680990404659463246FAF7DAFF70
:10D210000546013021D040462946FDF748FA04462C
:10D220005846FDF736FA814640462946FDF7C9FAC9
:10D23000824640462946FDF765FA8DE820060AAF8A
:10D240000799099D0390384642462346069C04955B
:10D25000EFF757FD3846EFF7FDFC08980136B0426E
:10D26000C6D111B0BDE8F08F07290FD800EB4101FE
:10D27000098A4FF6FF72914208D080B58068F6F7B0
:10D280000DF9002814BF0068002080BD0020704701
:10D290002DE9F04182B00546887AAB7F4F7A58403D
:10D2A00090460A7A00F01F00B0FA80F0FBB252EA12
:10D2B00003074FEA501007D02F7F6E7FFFB27A40EE
:10D2C00073401A4318BF00208B794A79DBB252EAC7
:10D2D000030702D1CB7963B100236F7EAE7EFFB22C
:10D2E0007A407340EC7E1A4318BF0020C979A142EE
:10D2F00003D110B1012600271EE0042085F8980113
:10D3000000260520472105F5C477A5F88E61C5E9FB
:10D310006466F8F7A1F8C5F88801A5F88C61EAF70A
:10D3200051FC95F8981145F6EA23C0F60603002251
:10D330000097EAF724FC0127B8F1000F02D0284635
:10D340003146C047784202B0BDE8F08170B582B086
:10D35000044690F8BC01E8B145F202300026A4F87A
:10D36000B4010DF107008DF8076004F5DA75C4F813
:10D37000B801E9F71CFAD4F8C4212946E9F770FB93
:10D380004FF48070A4F8E401C4F8D261C4F8D66107
:10D39000C4F8DC6102B070BD0021C0F20521084074
:10D3A000401AB0FA80F04009704700002DE9F047BC
:10D3B0008CB091460646EAF705FC45F6EA2277A1CD
:10D3C000C0F60602EAF722FC41F2307AB9F1010F09
:10D3D000C1F2000A15D103208AF80C00F2F7C0F858
:10D3E0009AF80C200721F2F7ABF89AF8020001280E
:10D3F00011D141F23070C1F200003146F0F774F8FB
:10D4000009E005208AF80C00F2F7AAF89AF80C2037
:10D410000721F2F795F80020AAF88C01B07A0DF1F7
:10D420001008C0F3430100F0010041EA0020AAF80F
:10D430008E01B6F80500717A40BA327A40EA0140AE
:10D4400040EA026042F3C011CAE96401404620216B
:10D45000D4F734FEFDF75AFAFDF761FA4DF2C951DF
:10D460000346C0F6040140465246E7F7DCFDB9F139
:10D47000010F1FD102208AF8980105204521F7F7F6
:10D48000EBFFCAF888010AF5C474EAF79BFB9AF827
:10D49000981145F6EA23C0F6060300220094EAF745
:10D4A0006EFB9AF89A71002F6AD0DAF8841100297D
:10D4B00057D165E0B9F1000F62D1DAF8A801002177
:10D4C000E8F7CFF8D8B1DAF8A801E8F765F9C0B104
:10D4D00000260027002400BFDAF8A801E1B2E8F72F
:10D4E000C0F818B1C18800890E430743DAF8A801D3
:10D4F0000134E5B2E8F750F98542EDD303E0FF20AF
:10D5000048E000270026E8F73AFAE8F72FFA818882
:10D510004FF6FF725140C28803894089314027EAA3
:10D52000020241EA02411843CAE96410052046217B
:10D53000F7F792FFCAF8880104200AF5C4748AF844
:10D540009801EAF73FFB9AF8981145F6EA23C0F6EE
:10D55000060300220094EAF712FBDAF8841179B18D
:10D56000FF2743F61842C0F60602DAF88001D2E936
:10D5700000238AF8997101278DE88201F4F74EFFA4
:10D58000DAF804202AB141F23070C1F200004946B5
:10D590009047002040B20CB0BDE8F08763616C6C2E
:10D5A00065643A20735F656F5F706F735F6F6E7352
:10D5B000746F705F7365617263683463616E626F0C
:10D5C000617264732829000010B582B00446EAF73E
:10D5D000F9FA94F8981145F6EA2304F5C47CC0F6EC
:10D5E00006030022CDF800C0EAF7C9FAD4F8880192
:10D5F000F7F71EFF462803D1E8F7C1F9E8F7FBFA71
:10D6000094F89901FF2804D00138010684F89901A3
:10D6100001D002B010BDD4F8800102B0BDE81040C6
:10D62000F4F770BF2DE9F04182B09046054601F154
:10D630000902012000230027EC19D65D647F013721
:10D640006640F60618BF1846032FF5D10B7ACA7943
:10D65000DBB252EA030707D0EF7E2E7FFFB27A409B
:10D6600073401A4318BF00204B790A79DBB252EAA3
:10D67000030702D18B7963B100232F7E6E7EFFB248
:10D680007A407340AC7E1A4318BF00208979A142CA
:10D6900005D1C0B2012802D1012600271EE00420D6
:10D6A00085F8980100260520362105F5C477A5F8F0
:10D6B0008E61C5E96466F7F7CFFEC5F88801A5F865
:10D6C0008C61EAF77FFA95F8981145F6E123C0F6E8
:10D6D000060300220097EAF752FA0127B8F1000F7B
:10D6E00002D028463146C047784202B0BDE8F081FA
:10D6F00070B582B0044690F8BC01E8B145F2023042
:10D700000026A4F8B4010DF107008DF8076004F5B8
:10D71000DA75C4F8B801E9F74AF8D4F8C421294603
:10D72000E9F79EF94FF48070A4F8E401C4F8D261DF
:10D73000C4F8D661C4F8DC6102B070BD00F00170BD
:10D74000A0F10170B0FA80F0400970472DE9F04770
:10D750008CB091460646EAF735FA45F6E12276A105
:10D76000C0F60602EAF752FA41F6181AB9F1010FAB
:10D77000C1F2000A15D103208AF80C00F1F7F0FE7F
:10D780009AF80C200621F1F7DBFE9AF80200012836
:10D7900011D141F61810C1F200003146F0F72EFD0C
:10D7A00009E005208AF80C00F1F7DAFE9AF80C205F
:10D7B0000621F1F7C5FE0020AAF88C01707A0DF160
:10D7C0001008C0F3430100F0010041EA0020AAF86C
:10D7D0008E01B088317A40BAF27940EA014040EADD
:10D7E000026042F3C011CAE9640140462021D4F727
:10D7F00065FCFDF78BF8FDF792F84DF665110346D1
:10D80000C0F6040140465246E7F70DFCB9F1010F9E
:10D810001FD102208AF8980105203421F7F71CFE59
:10D82000CAF888010AF5C474EAF7CCF99AF8981195
:10D8300045F6E123C0F6060300220094EAF79FF9BB
:10D840009AF89A71002F69D0DAF88411002956D11C
:10D8500064E0B9F1000F61D1DAF8A8010021E7F71F
:10D8600000FFD0B1DAF8A801E7F796FFB8B10026BB
:10D8700000270024DAF8A801E1B2E7F7F2FE18B1B8
:10D88000C18800890E430743DAF8A8010134E5B2E4
:10D89000E7F782FF8542EDD303E0FF2048E0002751
:10D8A0000026E8F76CF8E8F761F881884FF6FF7218
:10D8B0005140C28803894089314027EA020241EA87
:10D8C00002411843CAE9641005203521F7F7C4FD69
:10D8D000CAF8880104200AF5C4748AF89801EAF7A6
:10D8E00071F99AF8981145F6E123C0F60603002273
:10D8F0000094EAF744F9DAF8841179B1FF2743F686
:10D900001842C0F60602DAF88001D2E900238AF84C
:10D91000997101278DE88201F4F780FDDAF804207F
:10D920002AB141F61810C1F2000049469047002084
:10D9300040B20CB0BDE8F08763616C6C65643A205E
:10D94000735F656F5F7073635F6F6E73746F705F2B
:10D950007365617263683463616E626F6172647370
:10D960002829000010B582B00446EAF72BF994F894
:10D97000981145F6E12304F5C47CC0F606030022A5
:10D98000CDF800C0EAF7FBF8D4F88801F7F750FDAE
:10D99000352803D1E7F7F3FFE8F72DF994F899015B
:10D9A000FF2804D00138010684F8990101D002B0A3
:10D9B00010BDD4F8800102B0BDE81040F4F7A2BD5C
:10D9C0002DE9F04381B00446407898B301208DF8EA
:10D9D000030040F20270A4F8B40194F8C0010DF104
:10D9E0000301C4F8B81128B304F5DA7904F5DE7739
:10D9F0004FF00008002500BF07EB85018969B1B130
:10DA00007A5DA2B10A7892B181F80080EAB203206F
:10DA100000210023FAF75EFA0646E8F7C8FE4946F9
:10DA20003246E9F71DF807F8058094F8C001013582
:10DA30008542E1D301B0BDE8F08300F0407000F111
:10DA40007D40B0FA80F040097047F0B58DB041F6E6
:10DA50000035C1F20005D5F8A81106460846002198
:10DA60001446E7F7FEFDA8B10746012C14D10320A8
:10DA70002873F1F775FD2A7B0321F1F761FDA87882
:10DA8000012811D141F60030C1F200003146F2F711
:10DA900081F909E0FF209DE005202873F1F760FD82
:10DAA0002A7B0321F1F74CFD0020A5F88C01B07A08
:10DAB000A5F88E01B6F80500717A40BA327A40EACC
:10DAC0000140110640EA0260FA883B8942EAE171AE
:10DAD00041EA034104AEC5E9640130462021D4F790
:10DAE000EDFAFCF713FFFCF71AFF4DF6DB310346A6
:10DAF000C0F6040130462A46E7F795FA012C1ED1FC
:10DB0000022085F8980105200521F7F7A5FCC5F846
:10DB1000880105F5C477EAF755F895F8981145F6A8
:10DB20007523C0F6060300220097EAF728F895F857
:10DB30009A71002F45D0D5F8841191BB41E0002C9B
:10DB40003FD1E7F71CFFE7F711FF82884FF6FF731D
:10DB5000F9885A403B89C788114023EA07020389A4
:10DB6000408941EA02411843C5E9641005200721B4
:10DB7000F7F772FCC5F88801042005F5C47785F82D
:10DB80009801EAF71FF895F8981145F67523C0F645
:10DB9000060300220097E9F7F2FFD5F8841181B15E
:10DBA000FF2743F61842C0F60602D5F88001D2E9F5
:10DBB000002385F899710127CDE900170296F4F743
:10DBC0002DFC6A682AB141F60030C1F200002146FE
:10DBD0009047002040B20DB0F0BD10B582B00446B1
:10DBE000E9F7F0FF94F8981145F6752304F5C47C25
:10DBF000C0F606030022CDF800C0E9F7C0FFD4F854
:10DC00008801F7F715FC072803D1E7F7B8FEE7F717
:10DC1000F2FF94F89901FF2804D00138010684F836
:10DC2000990101D002B010BDD4F8800102B0BDE866
:10DC30001040F4F767BC10B50446FCF7CCFF214652
:10DC40001022BDE81040FCF7AEBFC0F34060704743
:10DC5000F0B58DB041F6E84514460646012AC1F2FA
:10DC6000000512D103202873F1F77AFC2A7B0121E9
:10DC7000F1F766FCA87801280FD141F6E840C1F21F
:10DC800000003146F3F713FA07E005202873F1F797
:10DC900067FC2A7B0121F1F753FC0020A5F88C01D9
:10DCA000B07A0122C0F3430100F0010041EA0020F4
:10DCB000A5F88E013079317A0C2808BF02220806B7
:10DCC00042EAE070B6F80520737A52BA42EA03429B
:10DCD00042EA016104AFC5E9641038462021D4F757
:10DCE000EDF9FCF713FEFCF71AFE4DF6DD61034675
:10DCF000C0F6040138462A46E7F795F9012C1DD1F4
:10DD0000022085F8980105200821F7F7A5FBC5F842
:10DD1000880105F5C476E9F755FF95F8981145F6A1
:10DD20006923C0F6060300220096E9F728FF95F85C
:10DD30009A6176B3D5F88411E1B92AE04CBB05208D
:10DD40000921F7F789FBC5F88801042005F5C47699
:10DD500085F89801E9F736FF95F8981145F669239B
:10DD6000C0F6060300220096E9F709FFD5F88411F2
:10DD700079B1FF2643F61842C0F60602D5F88001B5
:10DD8000D2E9002385F8996101268DE8C200F4F7F5
:10DD900045FB6A682AB141F6E840C1F2000021461D
:10DDA000904700200DB0F0BDB0B588B041F6E84511
:10DDB000C1F20005D5F8C41100295AD0447A00F107
:10DDC0000A0201F1080021460123E7F715FC287833
:10DDD00001284ED1042C13D8601C8DF8080041F6A0
:10DDE0000200A5F8B40102A805F5DA74C5F8B80177
:10DDF000E8F7DDFCD5F8BC212146E8F794FE38E0D1
:10DE0000D5F8C02132B141F6E840C1F2000001214D
:10DE100090472EE043F64040C0F6060090E82E0002
:10DE2000D0E904400DF1080CCDE9064004208CE84F
:10DE30002E008DF809001020ADF80A000220002104
:10DE4000002203230024FAF745F8CDE90304F7F78D
:10DE5000CAFB02A9F7F7F5FD58B1E9F7B3FE43F2A3
:10DE60001805C0F6060504A2042100230095E9F771
:10DE700086FE08B0B0BD00BF63616E6E6F74207324
:10DE800069673C73747261696E2E66756C6C73633E
:10DE9000616C653E0000000080B586B00020CDE9D1
:10DEA0000400CDE9020004200321F7F7D5FA02901F
:10DEB000E9F788FE0DF1080C04A204210023CDF837
:10DEC00000C0E9F75CFE06B080BD00BF73747261EC
:10DED000696E2074696D656F7574000010B582B04D
:10DEE0000446E9F76FFE94F8981145F6692304F5A6
:10DEF000C47CC0F606030022CDF800C0E9F73FFE5F
:10DF0000D4F88801F7F794FA092803D1E7F737FD29
:10DF1000E7F771FE94F89901FF2804D00138010653
:10DF200084F8990101D002B010BDD4F8800102B08C
:10DF3000BDE81040F4F7E6BAB0B5044690F8BC016D
:10DF400070B194F8C02120460021002500F03AF875
:10DF50004FF47A7084F80052C4E97C55C4E97E50CD
:10DF6000B0BD00002DE9F0478246D0F8EC018846AC
:10DF7000E7F712FC06460020CAF8C40106B30AF50A
:10DF8000E2790024DAF8EC01E5B22946E7F769FB0B
:10DF900090B1074640462946E9F793F860B1797891
:10DFA00001F00300012807D1C1F3800009EB400014
:10DFB000C1F3C301E9F74CF80134E0B2B042E1D358
:10DFC000BDE8F0872DE9F04782B001294FF000014C
:10DFD00008BF11468DF8071041F288314FF47A736B
:10DFE00012FB0311C0F8FC1143F60221002600F5D4
:10DFF000DA78A0F8B4110DF1070100F5E27A4024B7
:10E000004FF00109C0F8B81104F0FE00F1B240EA87
:10E01000010401273AF81600F9B2E9F70DF80128D2
:10E020000DD104F0E10000EB4704E8F7C0FB25F058
:10E03000FF0141EA040541462A46E8F7BDFD0E2FDF
:10E0400007F10107E6D301265FEAC9704FF0000926
:10E05000DAD102B0BDE8F0870021C0F20221084009
:10E06000401AB0FA80F04009704700002DE9F047EF
:10E070008CB041F6B86A9146012AC1F2000A16D165
:10E08000064603208AF80C00F1F76AFA9AF80C2089
:10E090000521F1F755FA9AF80200012811D141F64D
:10E0A000B860C1F200003146F3F7A2FB09E0052099
:10E0B0008AF80C00F1F754FA9AF80C200521F1F7D0
:10E0C0003FFA00200DF11008CAE96300CAF8940174
:10E0D00040462021D3F7F2FFFCF718FCFCF71FFCA9
:10E0E0004EF221210346C0F6040140465246E6F7AF
:10E0F0009AFFB9F1010F1FD102208AF8980105207B
:10E100002E21F7F7A9F9CAF888010AF5C474E9F7CE
:10E1100059FD9AF8981145F6CF23C0F60603002260
:10E120000094E9F72CFD9AF89A71002F6AD0DAF87A
:10E130008411002957D165E0B9F1000F62D1DAF8F6
:10E14000A8010021E7F78DFAD8B1DAF8A801E7F7BE
:10E1500023FBC0B100260027002400BFDAF8A80185
:10E16000E1B2E7F77EFA18B1C18800890E43074390
:10E17000DAF8A8010134E5B2E7F70EFB8542EDD3EA
:10E1800003E0FF2048E000270026E7F7F8FBE7F769
:10E19000EDFB81884FF6FF725140C28803894089A8
:10E1A000314027EA020241EA02411843CAE96410F9
:10E1B00005203021F7F750F9CAF8880104200AF544
:10E1C000C4748AF89801E9F7FDFC9AF8981145F6AD
:10E1D000CF23C0F6060300220094E9F7D0FCDAF85A
:10E1E000841179B1FF2743F61842C0F60602DAF827
:10E1F0008001D2E900238AF8997101278DE8820114
:10E20000F4F70CF9DAF804202AB141F6B860C1F24B
:10E21000000049469047002040B20CB0BDE8F087AE
:10E2200010B582B00446E9F7CDFC94F8981145F694
:10E23000CF2304F5C47CC0F606030022CDF800C04D
:10E24000E9F79DFCD4F88801F7F7F2F8302803D1FC
:10E25000E7F795FBE7F7CFFC94F89901FF2804D086
:10E260000138010684F8990101D002B010BDD4F83C
:10E27000800102B0BDE81040F4F744B92DE9F04147
:10E280000646C0688846F0F741FF316904460846F3
:10E29000F0F73CFF716907460846F0F737FF05467F
:10E2A000381928430FD055EA07000FD0D6E92A01C4
:10E2B00003220023D3F7CFF9012A09D0022A05D17E
:10E2C00070692C4606E00024002003E0F06801E0BD
:10E2D00030693C46A8F80040BDE8F08170B50546BD
:10E2E000084614460E46F9F7EBFD012804D13046E6
:10E2F000F9F7E8FD022804D10820002121702858F0
:10E3000070BD3046F9F7E1FD042802D20C2001214E
:10E31000F4E73046F9F7D9FD032108284FF014003F
:10E3200038BF022138BF1020E8E7426A4B6A9A42A0
:10E3300018BF704789884288511A4180704770B56C
:10E3400005466A88406A0C461146F1F709F8697873
:10E350000646C90705D006F1080105F10800EEF7E9
:10E36000C9FCE8884FF6FF71884208BF70BDD4E948
:10E370001612331831505A6070BD0000B0B5B0F8B5
:10E380009CC0B0F89E30B0F8A040B0F8A2E00329DD
:10E390000AD8DFE801F002080406944404E01444BB
:10E3A00002E0964400E0134499B2A2B2914288BFC1
:10E3B0000A461FFA8EF18A4298BF0A4612FA8CF179
:10E3C000B0F8A6200020914298BF0120B0BD000007
:10E3D00003291AD8DFE801F00214080EB0F89C10E7
:10E3E0001144A0F89C1010E0B0F8A0101144A0F85F
:10E3F000A0100AE0B0F8A2101144A0F8A21004E0A6
:10E40000B0F89E101144A0F89E10B0F89E10B0F81D
:10E41000A020B0F8A230914288BF0A46B0F89C1004
:10E420009A4298BF1A461144A0F8A4107047006998
:10E430004968401A18BF4FF0FF3070472DE9F0438C
:10E440008BB00446E8B10E46D9B143F63440C0F66D
:10E450000600D0F80090184649461F469046FCF743
:10E4600084FC4046F0F776FD05463846FCF770FC24
:10E4700065B1A06A716802AAEEF70CFE68B10320CC
:10E4800005E00CB10120E067FE2502E00220E06714
:10E49000FF2568B20BB0BDE8F08302A8EEF724FCBC
:10E4A000717870800846F0F7CDFC01281BD1707898
:10E4B000002101220025F0F78BFCC0B1B068B8B98B
:10E4C000E9F780FB43F2180746F6FF2245F62C33A6
:10E4D000C0F60607C0F60602C0F606030421009740
:10E4E000E9F74DFBD4E70020B060708000E0B56034
:10E4F000E06E4946FCF739FCD4E908300DF12A05F5
:10E5000002A932460095E6F74FFF30B10546E06EAE
:10E510000421E167FCF71CFCBBE738464946FCF7E1
:10E5200024FC216A0DF1260000900AAB404600222F
:10E530004FF00009F0F74CFD05463846FCF708FCA3
:10E54000E06EFCF705FC9DB1BDF82800BDF8261073
:10E55000ADF80690C4E920010DF106014046F0F740
:10E56000ECFCBDF80600C4F888000520E06790E7E1
:10E570003078800617D5E06AA8B13146E8F7A5FDE6
:10E5800088B1E9F71FFB43F2180746F64C3245F60F
:10E590002C33C0F60607C0F60602C0F606030421B7
:10E5A0000097E9F7ECFA002573E770B5097804469F
:10E5B00002F001001E2202EAD101084440EA43159C
:10E5C000E7F7CFFEE9B201222346E7F708FEFF286E
:10E5D0000CD00546049EFE20012122462B46FAF768
:10E5E000FBF8002E08BF70BD357070BD002070BDF7
:10E5F00070B5144602781E2301F00101007A03EA87
:10E60000D2021144202202EA90000D18E7F7A9FE79
:10E610002946012200230026E7F7E1FDFF2809D063
:10E620000546FE20012100222B46FAF7D5F80646C2
:10E6300004B12570304670BD30B145F23810C1F2DA
:10E6400000004068FCF7D2BD6FF0010070477047D2
:10E650002DE9F0439DB04CF2D4210DF11409C0F620
:10E66000060148464122D3F788FCE9F7ABFA46F2A7
:10E670007008C0F6060849464246E9F7C7FA4CF268
:10E680001831C0F6060148464A22D3F776FCE9F76E
:10E6900099FA49464246E9F7B9FA1B480DF1040CCC
:10E6A000009019A0031D00690ECB049068468CE809
:10E6B0000E00EBF7B9FBF7F708FB2830F6F79CFFE5
:10E6C000164806AC059015A000F1040E9EE86E50A9
:10E6D000076A6EC400F124064ECED0E90D5490F8BE
:10E6E0003C00CDE90D710FA9CDE90BCE4CC11295BF
:10E6F00013948DF85000E9F765FA49464246E9F768
:10E7000085FA1DB0BDE8F0833F000000695605089A
:10E7100035570508ED5605087D570508717569746C
:10E7200074696E672074686520757365722D646501
:10E7300066696E65642066756E6374696F6E2073BA
:10E740005F656F6D5F656D736170706C5F6D616942
:10E750006E5F696E6974282900000000B0B5044638
:10E76000007D0D4610B1206985420FD00020207534
:10E770002561F8F77FFD44F64032C0F24C0229468D
:10E78000F8F774FF00B1B0BD012020750020B0BDC6
:10E79000F8B1B0B582B001A90DF102020446EEF75E
:10E7A000F8FC41F23005C1F20005287D019910B155
:10E7B0002869814206D041F23000C1F20000FFF723
:10E7C000CDFF18B968682146F2F7CAFA02B0BDE871
:10E7D000B04070472DE9F04182B041F230048046EC
:10E7E000C1F2000400200E46D4E902570190ADF8B2
:10E7F000020008460221E8F714FC012806D1384639
:10E80000FFF7C6FF206B00210EF016FA30460121FB
:10E81000E8F707FC012824D143F63841C0F6060189
:10E8200060680A682946F2F72BF970B9F7F796FB8A
:10E830002946F7F7D2FB40B9F7F790FB01A9F7F7A4
:10E8400096FB10B90198FFF7A3FF60680DF1020174
:10E85000F2F7CAFABDF8020018B140460121F9F7F3
:10E8600025FA02B0BDE8F081B0B58CB004AD044625
:10E8700028462021D3F722FC284601212246E6F72C
:10E88000DEFB41F23001C1F200014868898C0024AE
:10E8900003220023CDE900450294F2F7B7F9E9F726
:10E8A00091F945F6EF1203A1C0F60602E9F7AEF9B9
:10E8B0000CB0B0BD63616C6C6564205F7461736B98
:10E8C0005F737461727475702829000070B588B028
:10E8D0000C4605460020CDE90600ADF81600ADF85F
:10E8E0001400ADF812000390029029B944F6FC0020
:10E8F000C1F20000F7F728FC20461021E8F791FB51
:10E90000012805D144F6FC00C1F20000F7F71BFC1A
:10E9100020460421E8F785FB012807D1F6F763FEBE
:10E92000012108B0BDE87040F7F75FB8204602212A
:10E93000E8F777FB012819D1F8F772FB06A90DF16A
:10E9400012020023F8F717FB20B1F8F769FBF7F77D
:10E9500013FC0BE0BDF8120040B1F8F702FA06997B
:10E9600044F64032C0F24C02F8F7DFFA20460121AB
:10E97000E8F757FB012843D144F6FC06C1F2000634
:10E980000020ADF80600ADF80400ADF80200B0803C
:10E99000F8F7E7F907A90DF11602F8F79EFA78B92A
:10E9A000F8F73EFB079905AA02ABF8F7C2FB20B1C6
:10E9B000F8F736FBF7F7E0FB02E0BDF81400B08093
:10E9C00044F6FC00C1F20000F7F7BCFBF8F728FBA7
:10E9D0000DF1060101AA0DF10203F8F79FFBBDF846
:10E9E0000600BDF80410084303D028460221F9F7B9
:10E9F0005DF9BDF8160018B128460121F9F756F95E
:10EA000020462021E8F70DFB012805D144F6FC0043
:10EA1000C1F20000F7F799FB20464021E8F701FB1F
:10EA2000012805D144F6FC00C1F20000F7F794FB81
:10EA300020468021E8F7F5FA012805D144F6FC00CC
:10EA4000C1F20000F7F78FFB20464FF48071E8F722
:10EA5000E8FA012805D144F6FC00C1F20000F7F7FE
:10EA600089FB20460821E8F7DCFA012804D1F6F7F3
:10EA7000BAFD0021F6F7B9FF08B070BD80B5E9F71F
:10EA8000A1F845F6012203A1C0F60602BDE88040C8
:10EA9000E9F7BCB863616C6C6564205F7461736B8B
:10EAA0005F7374617274757028290000F0B585B0C9
:10EAB00041F264070446C1F200070020BD680290DD
:10EAC000ADF8060008460121E8F7ABFA012842D16B
:10EAD00043F63841C0F6060178680A682946F1F71E
:10EAE000CFFF60BBF7F7FEFB2946F7F75BFC30BBB7
:10EAF000F7F7F8FB02A9F7F7FEFB00BB029DF5B1A3
:10EB000004A90DF10E022846EEF743FB387D049E62
:10EB100010B1386986420ED0002038753E61F8F792
:10EB2000A9FB44F64032C0F24C023146F8F79EFD94
:10EB300028B90120387578682946F2F711F9786804
:10EB40000DF10601F2F750F9BDF8060018B12046A4
:10EB50000121F9F7ABF805B0F0BD0000B0B58CB0FD
:10EB600004AD044628462021D3F7A8FA28460121FF
:10EB70002246E6F764FA41F26401C1F200014868F6
:10EB8000898C002403220023CDE900450294F2F78A
:10EB90003DF8E9F717F845F6172203A1C0F606027B
:10EBA000E9F734F80CB0B0BD63616C6C6564205F4C
:10EBB0007461736B5F7374617274757028290000DF
:10EBC0002DE9F04194B0054600200C46CDE9120035
:10EBD000ADF84600ADF84400ADF84200CDE90E00B6
:10EBE00008464FF08071E8F71CFA44F6281801280F
:10EBF000C1F2000817D145F24010C1F200000168CF
:10EC00004746013157F8106F0160E8F7DBFF45F622
:10EC100032230421C0F606030022092E08BF012179
:10EC20000097E8F7ACFF20464FF00051E8F7F9F9FC
:10EC3000012814D1F8F7F4F912A90DF142020023CA
:10EC4000F8F799F958B9BDF8420040B1F8F789F8DA
:10EC5000129944F64032C0F24C02F8F766F92046A9
:10EC60000121E8F7DEF9012836D10020ADF81000C7
:10EC7000ADF83600ADF83400F8F773F813A90DF1CC
:10EC80004602F8F72AF968B9F8F7CAF9139911AAF0
:10EC90000EABF8F74EFA139944F62810C1F20000B3
:10ECA000F7F7F3FCF8F7BCF904A90DF136020DAB48
:10ECB000F8F734FABDF81000BDF83610084304D058
:10ECC00028464FF00051F8F7F1FFBDF8460018B1A3
:10ECD00028460121F8F7EAFF20464FF08041E8F787
:10ECE000A0F9012824D1D8F80400F3F716FB012875
:10ECF0001ED004AD28462021D3F7E0F9D8F8002033
:10ED000028464FF08071E6F79AF943F61841C0F6AD
:10ED10000601D1E9002343F63041C0F60601D8F8D8
:10ED2000040009680127CDE900170295F3F776FB87
:10ED300020460221E8F775F9012802D10220F7F7F1
:10ED4000A5FC20460421E8F76CF9012802D1042033
:10ED5000F7F79CFC14B0BDE8F081000080B5E8F73F
:10ED600031FF45F6322203A1C0F60602BDE880401D
:10ED7000E8F74CBF63616C6C6564205F7461736B12
:10ED80005F737461727475702829000080B500206B
:10ED90000EF0D2F818B1BDE880400EF09FB8002008
:10EDA00080BDF0B581B090B30E4691B341F68C3181
:10EDB00045F28017C0F60601C1F200070C683869F9
:10EDC000214615460DF0DCFE4FF6E850388348F238
:10EDD000A060C0F20100C7E907600020B875C7E96C
:10EDE0000A00386801213D63397518B1786804213B
:10EDF000F8F75CFF786B21460DF0F0FEB87D441EFD
:10EE0000386918BF6FF002040DF098FE02E0FE248E
:10EE100000E0FF2460B201B0F0BD000070B110B599
:10EE200082B0102A0CD045F28010C1F20000022AF4
:10EE30002BD140680221F8F741FF2DE0FE202FE0A2
:10EE400045F2801441F68C32C1F20004C0F606028D
:10EE5000A06C126800230DF089FDC8B144F68C0047
:10EE6000C1F20000416801314160E8F7ABFE43F2B6
:10EE7000180445F6A013C0F606040AA2C0F606035D
:10EE800003210094E8F77BFE06E04068114601E0AC
:10EE900060681021F8F70AFF002002B0BDE81040BA
:10EEA00040B27047735F656F6D5F69706E65745FC8
:10EEB000416C65727428293A2063616E7420707504
:10EEC0007420696E207478206669666F0000000007
:10EED0002DE9F04182B000284FF0FE0571D00C46BC
:10EEE00000296ED006462046F1F77BFD0546E8F77F
:10EEF00069FEB5FA85F143F2180845F6A0134909F1
:10EF0000C0F6060831A2C0F60603CDF80080E8F787
:10EF10002FFE41F68C3145F28017C0F60601C1F292
:10EF200000070D68386929460DF02AFEB06918B14E
:10EF3000EBF74DF9012801D1FF253FE02068416939
:10EF400041BB807C012825D143F63441C0F606013F
:10EF500060680A680DF10601E9F726FC9DF80600D5
:10EF600000210130C0B20DF089FE21684861E8F748
:10EF700029FE216846F20D32496945F6A013C0F614
:10EF80000602C0F60603002918BF0121CDF8008053
:10EF9000E8F7EEFD0020386338680221FC6139751E
:10EFA00018B178680421F8F781FE786B29460DF0D6
:10EFB00015FEB87D451E18BF6FF0020538690DF0CB
:10EFC000BDFD68B202B0BDE8F08100BF735F656F40
:10EFD0006D5F69706E65745F417474616368536FCF
:10EFE000636B657428293A206F6E6C7920646174B4
:10EFF000616772616D20736F636B65740000000060
:10F00000F0B583B000284FF0FE0447D00D4600292C
:10F0100044D006462846F1F7E4FC0446E8F7D2FD62
:10F02000B4FA84F143F2180745F6A0134909C0F673
:10F0300006071CA2C0F606030097E8F799FD41F603
:10F040008C3145F28017C0F60601C1F200070C684A
:10F05000386921460DF094FDB0690295D0B102A93E
:10F06000EBF78EF8B0B102983968F8610020386388
:10F070004FF00300387519B178680421F8F716FECF
:10F08000786B21460DF0AAFDB87D441E18BF6FF0C5
:10F09000020400E0FF2438690DF050FD60B203B0B7
:10F0A000F0BD00BF735F656F6D5F69706E65745F03
:10F0B000446574616368536F636B657428293A20F3
:10F0C0006F6E6C7920646174616772616D20736F1B
:10F0D000636B65740000000070B582B00446FD20CB
:10F0E000DDF818C08DF807002068407C012801D1A8
:10F0F00002B070BD45F28015C1F20005B2F800E023
:10F10000286C56681946624673460096EEF75EF81C
:10F110006068D5E91012E9F7E9FB8DF807009DF862
:10F120000700C0B144F68C00C1F200000168013153
:10F130000160E8F747FD43F21806C0F6060645F6FB
:10F14000A0130FA2C0F606030321069602B0BDE885
:10F150007040E8F714BD206843F63841C0F6060158
:10F1600080680968E5F714FF2068817C0129BFD118
:10F170004069002102B0BDE870400DF05DBD00BFE8
:10F18000735F656F6D5F69706E65745F4F6E52651A
:10F1900063657074696F6E446174616772616D2834
:10F1A000293A2063616E742070757420696E207234
:10F1B00078206669666F0000F0B581B007460846A2
:10F1C00014460E46E7F733FF05464FF0FE0007B33F
:10F1D000FEB13046F1F705FC0646E8F7F3FCB6FA57
:10F1E00086F143F2180745F6A0134909C0F6060751
:10F1F00009A2C0F606030097E8F7BAFC686938B1BF
:10F2000021460DF0EBFC002818BF6FF0020000E073
:10F21000FF2040B201B0F0BD735F656F6D5F697034
:10F220006E65745F576169745061636B65742829FA
:10F230003A206F6E6C7920646174616772616D2031
:10F24000736F636B65740000B0B545F28014C1F252
:10F250000004207D012834D1208BA8B3216B09B98B
:10F2600001382083E06901216175D1F735FAD8B101
:10F270000DF07EFD226AD4E90A35D21845F100036B
:10F280000A3A63F10003801A71EB03001BD30DF0FF
:10F290006FFDE269C4E90A01104600210122D1F79D
:10F2A00097F9002818BFB0BD4FF480700022A4F871
:10F2B0001500606B22832262A262E2620021226357
:10F2C00012E000206075B0BD206B00252575C4E9F3
:10F2D0000755A562E562A4F8155018B1A06BF3F7C5
:10F2E00011F92563606B0021BDE8B0400DF0A4BCAE
:10F2F0002DE9F04188B045F28017C1F20007386867
:10F30000CD0690F82000002847D00C46D1F7F6FC37
:10F3100045F26010002DC1F2000002D401780029EE
:10F320007AD041F68C310022C0F606010270B86C2A
:10F33000096807920DF076FA00286DD0054600683E
:10F34000007C032868D143F63442C0F606021668F2
:10F350000021A868ADF812100DF112013246E9F74C
:10F360000AFBBDF8120000284DD0A86807A9324654
:10F37000E9F73AFAD8B144F68C00C1F2000081688E
:10F3800001318160E8F71EFC43F2180646F2404264
:10F39000C0F60606C0F606022DE0002D40F1E5801D
:10F3A00045F26010C1F2000001210170DDE0079913
:10F3B00008690B890A680690ADF8143028688B88B4
:10F3C000406805A9D1F711FEAA68796C0646104677
:10F3D000E9F7B6FA002E00F0CB8044F68C00C1F2BB
:10F3E0000000C1680131C160E8F7ECFB43F2180688
:10F3F000C0F606066DA245F6A013C0F6060303216B
:10F400000096E8F7BCFBB86C00210DF0DBFA18B1F0
:10F4100078681021F8F74AFC600740F19B80387D3E
:10F4200000210328ADF81C105ED0022834D001283A
:10F4300040F09080388B002800F08C8001383883B1
:10F44000012078750DF094FCFA69C7E90A011046AD
:10F45000002101220025D1F7BBF8002870D0386BBD
:10F46000002877D0F869D1F737F9002800F09480A8
:10F470007A68F86B0821E5F7E2FD43F61840C0F61C
:10F480000600D0E90023396BD7E90E0600258DE888
:10F490006200F2F7C3FF5DE0FE6930460596E7F7CC
:10F4A000C6FD05460020B8753875F8613920D1F7DA
:10F4B000A7FC6860B0B16A880021D1F705FD88B962
:10F4C00068684FF2D901C0F604013246D1F718FE40
:10F4D00040B9032039682874886905A9EAF759FFFB
:10F4E0000120B875786B32E0FD697A6CA86807A9CD
:10F4F000E9F741FA38B9BDF81C0020B17868142149
:10F50000F8F7D4FB26E038680595D0F8188028462F
:10F51000E7F78DFD0026BE753E75FE610546406825
:10F52000D1F7A7FC05A940466E602E74EAF728FEC5
:10F5300001464046EAF79AFD786B0121B97506E06D
:10F540004FF48070A7F81500786B3D833D63002170
:10F550000DF072FB200703D500203883FFF774FEFF
:10F56000787D012808BFFFF76FFE08B0BDE8F08185
:10F570002868C06800283FF446AFE5F730FD002852
:10F580003FF441AF286843F63841C0F60601C06831
:10F590000968E5F7FDFC36E74FF480700021A7F815
:10F5A0001500786B39833963D2E700BF735F656FED
:10F5B0006D5F69706E65745F70726F636573735FA2
:10F5C0007472616E736D697373696F6E5F64617479
:10F5D000616772616D28293A206970616C206661EB
:10F5E000696C7320696E2074780000007047D1F751
:10F5F0008EBB704780B5F8F740F8002080BD4068AA
:10F600000DF09CBA40680DF0BBBA80B545F26411AC
:10F61000C1F2000148614FF60D00C0F604000DF084
:10F62000B9FB002080BD000082B004460068D4E928
:10F630000665D0E90027002101910AB120469047D4
:10F640000DF104086FF002092846002142463346B6
:10F650000DF026F8B0EB09012046019A18BF1146BB
:10F66000B847F1E704460068A569D0E900261AB159
:10F6700020460021904700BF28460DF041F8014682
:10F680002046B047F8E7000004460068A569D0E9C5
:10F6900000271AB120460021904700BFA0682946E4
:10F6A00000220DF0BFF8E168064608462946002210
:10F6B0000DF0B8F806B1B04720463146B847EDE73F
:10F6C00080B582B0002140688DF807100DF1070168
:10F6D0000DF039FC9DF8070002B080BD70B50446FE
:10F6E0008068A8B1E06898B10D46012116460DF07A
:10F6F00081F880B1E0683146002201230DF036F92F
:10F70000A068294600220123BDE870400DF02EB903
:10F71000FE2040B270BDFF20FBE7806818B10022D8
:10F7200001230DF023B96FF0010070470A464168CC
:10F73000104601220DF000B804460068A569D0E922
:10F7400000261AB120460021904700BFA068294634
:10F7500000220DF067F801462046B047F6E70000AA
:10F7600004460068A569D0E9002612B120460021B0
:10F77000904728460DF0D4FC0DF0E6FC20462946C3
:10F78000B047F9E7F0B581B005468068B8B1E868E0
:10F79000A8B10E4601211C4617460DF02BF890B17A
:10F7A000E8683946224600230DF0E0F8A8683146A3
:10F7B0002246002301B0BDE8F0400DF0D7B8FE208E
:10F7C00040B201B0F0BDFF20FAE7806810B100231D
:10F7D0000DF0CCB86FF0010070470A464168104642
:10F7E00000220CF0A9BFB0B504460068D0E90023A0
:10F7F00022B1204600211D4690472B4623B12046CA
:10F800000021BDE8B0401847B0BD00002DE9F04729
:10F8100098B051480DF1040C00904FA0061D4ECE3B
:10F82000D0E905508CE84E00CDE90550E8F7CAF95B
:10F8300045F68018C0F60608E94649464246E8F70C
:10F84000E5F94CF29831C0F6060148464822D2F755
:10F8500094FBE8F7B7F949464246E8F7D7F945F28D
:10F86000641AC1F2000ADAF80C00F8F729FADAF89B
:10F870001000F5F703FE3F480DF1040E00903DA087
:10F8800000F1040C9CE89E10D0E907658EE81E008C
:10F89000D0E9091290F82C000597CDE90912CDE9BD
:10F8A0000765CDF818C08DF82C00E8F78BF94946AC
:10F8B0004246E8F7ABF9DAF8140000B180474CF2A1
:10F8C0006430C0F6060090E88E00D0E904658DE84B
:10F8D0008E0000F12007D0E906C4C36A86CF008EEF
:10F8E000CDE904650B93CDE90927CDE90741CDF8B2
:10F8F00018C0ADF83000E8F765F945F68018C0F695
:10F900000608E94649464246E8F780F925480DF1E0
:10F91000040E009023A0071D8ECFD0E9056C8EE861
:10F920008E0000F12407D0E907548ECF0596466B70
:10F9300090F83800CDE908410AA9CDE906C58CC187
:10F940000D968DF83800E8F73DF949464246E8F74C
:10F950005DF918B0BDE8F0874F53414C3A3A7473E3
:10F960006B696E69743A206A75737420737461727E
:10F97000746564004F53414C3A3A74736B696E6915
:10F98000743A2063616C6C696E6720757365722DC3
:10F99000646566696E65642066756E6374696F6E12
:10F9A000000000004F53414C3A3A74736B696E6922
:10F9B000743A2061626F757420746F2073746F7075
:10F9C00020697473656C6620616E64207374617263
:10F9D00074207363686564756C696E67000000006D
:10F9E00070B586B04FF0FE0698B10D4689B1044659
:10F9F000287E00F0030001280AD0286940B143F6B0
:10FA00003441C0F6060120690968F7F79EFE18B177
:10FA1000FF2670B206B070BD95E80E002869CDE9EA
:10FA20000212297E0493C1F380018DF814104FF661
:10FA30008321C0F60401CDE9001502A96A4600231E
:10FA40000DF022FC297E0646B0FA80F0400901F054
:10FA5000FC01084428762069F7F770FED9E7B0B5B5
:10FA60004FF0FE0558B10C4649B12069002530B170
:10FA70000DF080FB207E256100F0FC00207668B24E
:10FA8000B0BD10B5087F0C46012810D1616A21B1C4
:10FA9000206A496801220CF04FFE207E400748BFD3
:10FAA00010BD20460221BDE81040F2F760BD45F2CE
:10FAB000A820C1F2000040682146BDE81040F8F7D8
:10FAC000FBB810B50C464FF0FE0180B17CB1206947
:10FAD00008B1FF210BE00DF087FB217E206101F0D2
:10FAE000FC0121760021002808BF4FF0FF3148B209
:10FAF00010BD70B54FF0FE06C8B10D46B9B143F662
:10FB00003441C0F60601044600690968F7F71DFE96
:10FB100008B1FF260BE02869002100260DF000FC4B
:10FB200028460021F2F723FD2069F7F707FE70B29F
:10FB300070BDB0B571B145F2A825C1F200050C4603
:10FB4000286843F63441C0F6060100690968F7F7F2
:10FB5000FCFD00B1B0BD43F63840C0F606000168B8
:10FB600004F11C00E5F714FA207E400703D4204678
:10FB70000221F2F7FCFC28680069BDE8B040F7F705
:10FB8000DDBD000070B5FE284FF6FF7C04D144F6C1
:10FB9000AC00C1F2000010E044F6E004C1F2000441
:10FBA0002478A04230D244F6DC04C1F20004246878
:10FBB00054B300EB400004EB001044F20024C0F604
:10FBC0000604645CA2421FD250F821E0BEF1000F8F
:10FBD0001AD01EF80200834216D244F20420C0F666
:10FBE000060050F821C0002152B11046644600BF03
:10FBF0001EF8015B34F8026B013806FB0511F7D1E2
:10FC00003CF8120000FB031C1FFA8CF070BD10B50D
:10FC100004460020B0EB946F18BF10BD200EF8F71B
:10FC200012FE44F20021C0F606010A5CC4F307414B
:10FC30008A4214D944F21422C0F6060252F8202057
:10FC4000535CE2B293420AD944F2E013C0F60603D1
:10FC500053F8200050F8210050F8220010BD002079
:10FC600010BD70477047002070474FF0FF3070475D
:10FC70004FF0FF3070474FF0FF3070474FF0FF30CC
:10FC800070474FF0FF3070474FF0FF30704780B53E
:10FC900090F808C0D0F804E0CCF343030B600023D5
:10FCA0008B8008238B71007A02F07F0200F0E00065
:10FCB0002038B0FA80F0400942EAC01008729EED88
:10FCC000000A9EED011A9EED022ABDEEC00A10EE5A
:10FCD000100ABDEEC10AA1F8090010EE100ABDEE2F
:10FCE000C20A9EF82420A1F80B0010EE100AA1F819
:10FCF0000D00CA7380BD80B590F808C0D0F804E04C
:10FD0000CCF343030B6000238B8008238B71007AB4
:10FD100002F07F0200F0E0002038B0FA80F04009E5
:10FD200042EAC01008729EED061A9EED052A9EED6D
:10FD3000040ABDEEC11A11EE100ABDEEC21AA1F8F6
:10FD4000090011EE100ABDEEC00AA1F80B0010EE7A
:10FD5000100AA1F80D0080BD80B590F808C0D0F859
:10FD600004E0CCF343030B6000238B8007238B71EB
:10FD7000007A02F07F0200F0E0002038B0FA80F054
:10FD8000400942EAC01008729EED061A9EED052A4F
:10FD90009EED040ABDEEC11A11EE100ABDEEC21AA4
:10FDA000A1F8090011EE100ABDEEC00AA1F80B007F
:10FDB00010EE100AA1F80D0080BD000010B5044639
:10FDC0000CF0B6F90CF072F944F6D85C0021C1F2DF
:10FDD000000C0022207000BF0CEB010494F84030AE
:10FDE0001031834208BF04F14102B1F5807FF3D1A5
:10FDF00046F2767146F27073C0F60601C0F606034D
:10FE0000022808BF0B4646F24D71C0F606010128D4
:10FE100018BF1946002A18BF1146084610BDB0B5D4
:10FE20000446E8F79DFBE8F795FB0546022028709D
:10FE300000206C70C5E90100E8F792FB2946BDE897
:10FE4000B040E8F7D7BBB0B50446E8F789FBE8F760
:10FE500081FB05460420287000206C70C5E9010074
:10FE6000E8F77EFB2946BDE8B040E8F7C3BB4A6827
:10FE7000531C08D0436809688B4208D1C06890427F
:10FE800005D1002004E0406809688842F9D0FF20CD
:10FE900040B270470121D1F713BBD1F757BBD1F75F
:10FEA00067BB0000FEE70000F0B589B00446D0E96A
:10FEB00001070D46F8F709F860780021012807913D
:10FEC00006911AD0032847D133A0405D07978DF8DB
:10FED0001900E6F76CFC626806AE3146E6F723FED1
:10FEE0002EA0405D07978DF81900E6F760FC626868
:10FEF0003146E6F718FE2AA024E0E5F752FCE5F7C4
:10FF000062FCF2F74CFB6168EDF78CFF30B3032124
:10FF100001801EA0405D00278DF819000797E6F7C5
:10FF200046FC626806AE3146E6F7FDFD18A0405D6E
:10FF300007978DF81900E6F73AFC62683146E6F754
:10FF4000F2FD14A0405D07978DF81900E6F72FFC2D
:10FF500062683146E6F7E7FD09B0F0BD00250020F4
:10FF60002921ADF80C50F5F777FA0290E068616846
:10FF7000ADF80E50CDE90410E7F724FE02AF0421DE
:10FF8000002200230097E7F7FAFDE5E7534F000052
:10FF9000555100005E600000524E000054500000B9
:10FFA0005D5F000070B50C460546E8F7D9FAE8F742
:10FFB000D1FA06460320307000207470C6E9015063
:10FFC000E8F7CEFA3146BDE87040E8F713BB000011
:10FFD000FEE72DE9F04F87B004468A4601F00100A4
:10FFE00021781E239346227A03EAD1010844202176
:10FFF00001EA92014518E6F7B4F9294601220023E7
:020000040805ED
:100000000026E6F7ECF8FF2800F08F800746012075
:1000100000213A4606230026F7F75CFF8146E5F704
:10002000C0FBE5F7D0FBF2F7BAFA49468046EDF798
:10003000F9FEF8B10546FE204946FAF763FBBBF12D
:100040005A0F824650D0BBF1580F6DD1B4F90960F8
:10005000B4F90B40EBF7F5F839463246EBF76AF89E
:100060008AED000AEBF7EDF839462246EBF710F877
:10007000042042E000202C21ADF80C60F5F7ECF9EB
:100080000290ADF80E60CDE90496E7F79BFD02AD56
:100090000421002200230095E7F771FD00201B21B9
:1000A000F5F7DAF902902068A1796FF31F3040EA82
:1000B0000130ADF80E002046E6F72FFF05912178BC
:1000C000049008098DF80D000220BAF1000F08BF56
:1000D00001208DF80C00E7F775FD022100220023B6
:1000E0000095E7F74CFD20E0B4F90940EBF7A9F8DB
:1000F00039462246EBF796F80820504480ED000A76
:10010000687829780130C2B2914268700AD14046BD
:10011000494600220026EDF798FFF5F764FAF5F757
:100120006FFC02E0002600E0FF2670B207B0BDE8D9
:10013000F08F00002DE9F04786B004460D4601F02F
:10014000010021781E231746227A03EAD1010844D0
:10015000202101EA92014618E6F703F9314601220F
:1001600000230026E6F73BF8FF2800F095800246C2
:10017000A7F14F00042306284FF0FF0605D8DFE85B
:1001800000F00A8B0A8B098B0900602F03D05E2FC9
:1001900040F082800223012000214FF0000AF7F78F
:1001A00099FE8146E5F7FDFAE5F70DFBF2F7F7F961
:1001B00049468046EDF736FEA8B30646FE2049467E
:1001C000FAF7A0FA532F01D04F2F69D1B4F90910D3
:1001D000B4F90B2000EE101A01EE102AB8EEC00A96
:1001E000B8EEC11A80ED000A80ED011A04F10D018C
:1001F0000822B1F90010104400EE101AB8EEC00A3F
:1002000080ED000A707831780130C2B2914270708E
:1002100041D1404649460022EDF717FFF5F7E3F9D3
:10022000F5F7EEFB37E000202C21ADF80CA0F5F738
:1002300013F90290ADF80EA0CDE9049AE7F7C2FCDD
:1002400002AE0421002200230096E7F798FC00206C
:100250001B21F5F701F902902068A1796FF31F3097
:1002600040EA0130ADF80E002046E6F756FE059153
:100270002178049008098DF80D000220002D08BF98
:1002800001208DF80C00E7F79DFC022100220023DD
:100290000096E7F774FC002670B206B0BDE8F08760
:1002A000B4F9091007F0FB0200EE101A512AB8EE5B
:1002B000C00A0DD1B4F90B1080ED060A00EE101A39
:1002C000B8EEC00A80ED050A04F10D01102290E796
:1002D00004F10B01202280ED070A8AE72DE9F04F97
:1002E00087B004468A4601F0010021781E2390461B
:1002F000227A03EAD1010844202101EA920145183B
:10030000E6F72FF82946012200230026E5F767FFCC
:10031000FF2800F081800746012000213A4605238E
:100320000026F7F7D7FD8346E5F73BFAE5F74BFAEA
:10033000F2F735F959468146EDF774FD78B3054675
:10034000FE205946FAF7DEF9D4F809408246EAF76A
:1003500078FF39462246EAF72BFDB8F1410F5146A6
:1003600004D0B8F1430F56D10AF10401086068784F
:1003700029780130C2B2914268704AD1DAE900109E
:1003800000228842B8BFCAE9000148465946002603
:10039000EDF75BFEF5F727F9F5F732FB3CE00020BF
:1003A0002C21ADF80C60F5F757F80290ADF80E600F
:1003B000CDE904B6E7F706FC02AD042100220023D4
:1003C0000095E7F7DCFB00201B21F5F745F80290CC
:1003D0002068A1796FF31F3040EA0130ADF80E00BC
:1003E0002046E6F79AFD05912178049008098DF8DA
:1003F0000D000220BAF1000F08BF01208DF80C009B
:10040000E7F7E0FB0221002200230095E7F7B7FBA6
:1004100002E0002600E0FF2670B207B0BDE8F08FD2
:10042000B0B545F20035C1F200052978044651B94E
:1004300045F6687045F20031C0F60600C1F20001D1
:10044000502200F0D3F901202870D5E9102320466E
:10045000BDE8B040E4F78DBAB0B545F26044C1F2F2
:1004600000044FF481604FF6FF7144F6403304F10D
:10047000100C4FF0FF32C0F24C038CE80B0004F17B
:1004800028004FF44071C4E907226262D1F716FEDA
:1004900045F67875C0F606052046294600F0FCF8BA
:1004A000002305F1180021464FF44A722370BDE87D
:1004B000B04000F0CAB9B0B5069C02460220022145
:1004C00000230025FAF780F940B1049840F22F711B
:1004D000C0F2020101600120042500E00020258017
:1004E000B0BD2DE9F04182B006460F46DDF8288008
:1004F00002200221324600230025FAF765F9C0B137
:10050000089C7F2E18D1B87809990138B0FA80F08C
:1005100045F2F9224009C1F200026529107013D397
:1005200020467F2164226424FBF7E4F8A8F8004009
:1005300033E0A8F8005031E045F2F920C1F20000A4
:100540000125FF2E057029D10E20A8F80000FF20FC
:10055000207040F20220C0F60200017861704078FD
:1005600001A9A0700A20E0700020E4F737FA019892
:10057000C17B2171C1896171C168090AA171C1681A
:10058000E1714179217201796172C178A17281783A
:10059000E17241782173007860730125284602B02A
:1005A000BDE8F081F0B581B00C46089E02460220FD
:1005B000022100230025FAF707F920B3079F45F22F
:1005C000F920C1F20000692F05701CD3069D792126
:1005D00028466822FBF78EF8A17864200129308034
:1005E00085F8641013D1A7F1680105F1650089B29F
:1005F00008A209A3D1F7BEF8E97832880144E9706E
:100600001518012000E00020358001B0F0BD012068
:10061000FBE700BF257300004D4F5245494E464F42
:100620002D4150500D0A00000299002200200A803E
:100630007047B0B5069C0246022002210023002527
:10064000FAF7C2F808B1E4F727FA00202580B0BD18
:10065000B0B586B00C46054604200121F4F7FCFE37
:10066000029000208DF80C008DF80D50ADF80E00B2
:10067000CDE90400E7F7A6FA02AD022122460023E5
:100680000095E7F77CFA06B0B0BD09880089401AEA
:10069000B0FA80F0400970470022C0E90022D1E999
:1006A0000012C0E902127047B0B582B04FF6C074B4
:1006B000C2F20104218941F20402891A18BF012102
:1006C00018B911B9A07A032815D0FF208DF80700BA
:1006D00001200021002504F0EFFA8DF807004BF20D
:1006E000DD7041F20401C0F21620C0F20301C4E93A
:1006F0000055C4E90210002002B0B0BD4FF6C07230
:100700000146C2F2010200204BF2DD7C41F20403FB
:10071000C0F2162CC0F20303C2E900000120C2E9B6
:10072000023C10740020517470474FF6C0714BF2B8
:10073000DD7041F20403C2F20101C0F21620C0F2E2
:1007400003030022C1E902300020C1E900228A74BB
:10075000CA74C1E90522CA61C1F81F20704780B57B
:100760004FF6C07CC2F2010CBCF808E041F2040371
:100770009E454FF0FF0E14D19CF80A30032B10D188
:100780009CF81230012B0CD19CF813309A4288BF90
:100790009CF813200A700CF11401D1F767FB4FF09D
:1007A000000E4FFA8EF080BD80B54FF6C073C2F2D6
:1007B000010300224BF2DD7CC3E9002241F2040276
:1007C000C0F2162CC0F20302C3E9022C01229A7473
:1007D0000F2928BF0F21D974DA7C014603F11400D8
:1007E000D1F744FB002080BD0020704780B582B067
:1007F0004FF6C07EC2F2010E8C46BEF8081041F2E0
:100800000403CB1A18BF01234FF0FF01D0B1CBB9BD
:100810009EF80A30032B15D10168B2EB910F03D873
:1008200001F00301022901D2FF210BE009D0FF21D1
:100830008DF8071041680120634604F079FA8DF8BD
:100840000700002148B202B080BD80B582B04FF6EB
:10085000C07EC2F2010E8C46BEF8081041F20403BD
:10086000CB1A18BF01234FF0FF01D0B1CBB99EF8CE
:100870000A30032B15D10168B2EB910F03D801F0B8
:100880000301022901D2FF210BE009D0FF218DF8DD
:10089000071041680120634604F08AFA8DF80700CA
:1008A000002148B202B080BD80B506F02DFC06F0F4
:1008B0003DFC4FF0FF3080BDB0B545F20034C1F2D1
:1008C00000042178054651B945F6687045F20031BB
:1008D000C0F60600C1F200015022FFF787FF012099
:1008E000207004F1100045F628712860C0F606015A
:1008F0002046FFF7CAFEA17A80F0010081F00301D3
:100900000843C0B2002818BF4FF0FF30B0BDB0B5EB
:1009100045F20034C1F200042178054651B945F68C
:10092000687045F20031C0F60600C1F200015022A5
:10093000FFF75CFF0121204600F8101B29464022EA
:10094000D1F749FA98B3D5E900CED5E90223D5E924
:100950000410C4E90623C4E90810C4E904CED5E9AB
:1009600006CED5E90823D5E90A10C4E90C23C4E969
:100970000E10C4E90ACEEA6B05F130030BCBE2643A
:1009800004F140020BC245F62871C0F6060120466C
:10099000FFF782FE0020207045F66870C0F6060062
:1009A00021465022FFF751FF012000F002F80020FD
:1009B000B0BD70B545F25034C1F20004217805464F
:1009C00059B945F6707045F25031C0F60600C1F2D3
:1009D00000014FF48872FFF709FF0120207004F135
:1009E0001000FFF71DFD0026012D2662666205D06E
:1009F00004F12800E821FF22D1F736FB45F62871E3
:100A0000C0F606012046FFF747FE45F67070C0F6B7
:100A1000060021464FF488722670FFF716FF00206B
:100A200070BDB0B545F25034C1F2000421780546DE
:100A300059B945F6707045F25031C0F60600C1F262
:100A400000014FF48872FFF7D1FE0120207004F1FD
:100A5000100045F628712860C0F606012046FFF711
:100A600014FEA17A80F0010081F003010843C0B2B6
:100A7000002818BF4FF0FF30B0BD70B545F25034BC
:100A8000C1F2000422780D4606465AB945F6707048
:100A900045F25031C0F60600C1F200014FF48872F1
:100AA000FFF7A4FE0120072E207019D242F2F06059
:100AB000C0F6060050F8260045F628712860C0F6FA
:100AC00006012046FFF7E1FDA17A80F0010081F0E8
:100AD00003010843C0B2002818BF4FF0FF3002E006
:100AE00000202860FF2040B270BDB0B5FFF77CFE4B
:100AF000013000F0898000200025FFF7D5FD45F288
:100B00000034C1F2000420465021D1F7D7FA2570F5
:100B1000207850B945F6687045F20031C0F60600FD
:100B2000C1F200015022FFF761FE012045F6287155
:100B30002070C0F606012046FFF7A7FD012802D16C
:100B4000A07A032834D045F6E860C0F60600D0E964
:100B50000012216181686261C268A1610169E2617C
:100B60004269216281696262C269A162016AE262CC
:100B7000426A2163816A6263C26AA163016BE263B4
:100B8000426BC4E91012D0E90E10C4E9121045F608
:100B90002871C0F606012046FFF77EFD0020207078
:100BA00045F66870C0F6060021465022FFF74DFE5C
:100BB00045F25034C1F2000420464FF48871D1F759
:100BC0007DFA00202070207858B945F6707045F203
:100BD0005031C0F60600C1F200014FF48872FFF7F1
:100BE00005FE012045F628712070C0F6060120465A
:100BF000FFF74BFD012802D1A07A032802D0012083
:100C0000FFF7D7FE002000E0FF2040B2B0BDB0B536
:100C1000FFF7EAFD01302ED000200025FFF744FD4C
:100C200045F26044C1F2000420464FF44A71D1F706
:100C300045FA2570207860B945F67870C0F6060050
:100C400045F260411830C1F200014FF44A72FFF7DB
:100C5000CDFD012045F678712070C0F606012046D2
:100C6000FFF713FD012802D1A07A032801D0FFF776
:100C7000F3FB002000E0FF2040B2B0BD70B582B0B1
:100C800045F26046C1F2000632780C46054662B96C
:100C900045F67870C0F6060045F260411830C1F2A2
:100CA00000014FF44A72FFF7A1FD01203070019658
:100CB000072D4FF0FF064DD8002C4BD094F90100C2
:100CC000854247D12078022844D10198D4E900C256
:100CD00000EB8510D4E90236D4E90415C0E90C36DE
:100CE000C0E90E15C0E90AC2D4E906C2D4E9083643
:100CF000D4E90A15C0E91236C0E91415C0E910C2DA
:100D0000E36B04F1300646CE4366583046C0019886
:100D10004FF0FF330246002142F81C3F036200F10E
:100D200028030026817400BF13F8405B1DB1CDB2CB
:100D30000131565581740136082EF5D145F678708B
:100D40000199C0F60600002618304FF44A720E7062
:100D5000FFF77BFD70B202B070BD70B582B045F296
:100D60006046C1F2000632780C46054662B945F687
:100D70007870C0F6060045F260411830C1F20001FB
:100D80004FF44A72FFF732FD01203070019601984E
:100D90001C3028600198817C0020217002B070BD59
:100DA000B0B582B045F26045C1F20005297804462D
:100DB00061B945F67870C0F6060045F2604118301A
:100DC000C1F200014FF44A72FFF710FD01202870B4
:100DD00001950198007D20700198017D0020FF2978
:100DE00008BF4FF0FF3002B0B0BD000070B582B058
:100DF00045F26046C1F2000632780C46054662B9FB
:100E000045F67870C0F6060045F260411830C1F230
:100E100000014FF44A72FFF7E9FC0120307001969F
:100E20000199072D08D8887C30B11C3111F8012BAD
:100E3000AA4205D00138F9D1FF2040B202B070BDFE
:100E4000019800EB8510283020600020F5E70000B5
:100E500070B582B045F26046C1F2000632780C46A9
:100E6000054662B945F67870C0F6060045F2604165
:100E70001830C1F200014FF44A72FFF7B7FC0120AD
:100E8000307001960199072D41D8887C00283ED00A
:100E90001C3100BF11F8012BAA4202D00138F9D150
:100EA00035E0A4B36078854231D1207802282ED174
:100EB0000198D4E900C200EB8510D4E90236D4E9E8
:100EC0000415C0E90C36C0E90E15C0E90AC2D4E920
:100ED00006C2D4E90836D4E90A15C0E91236C0E9D9
:100EE0001415C0E910C2E36B04F1300646CE436628
:100EF000583046C045F678700199C0F606000024C7
:100F000018304FF44A720C70FFF79FFC00E0FF248A
:100F100060B202B070BDB0B582B045F26045C1F2BA
:100F200000052978044661B945F67870C0F60600D8
:100F300045F260411830C1F200014FF44A72FFF7E8
:100F400055FC0120287001950198407D2070019882
:100F5000417D0020FF2908BF4FF0FF3002B0B0BD37
:100F600070B582B045F26046C1F2000632780C4698
:100F7000054662B945F67870C0F6060045F2604154
:100F80001830C1F200014FF44A72FFF72FFC012024
:100F9000307001960199072D08D8887C30B11C313A
:100FA00011F8012BAA4208D00138F9D12846214670
:100FB000FFF764FE002002B070BD0198214600EBEF
:100FC000851028304022D0F706FF0028F2D02846AE
:100FD0002146FFF73DFFEDE7F6F76ABEF6F768BE7C
:100FE000F6F766BEF6F764BEF6F762BEF6F760BEC9
:100FF000F6F75EBEF6F75CBE017809B100207047D7
:101000004178012903D08A0705D402224270481E84
:1010100018BF0120704780B54CF23F20C0F6060093
:1010200000F004F80121017041707047D1F70EFD06
:101030005FEA400C08BF91F0000F4FEA8C234FEAA3
:10104000C12243EA51514FEA1C5018BF00F5F0404D
:101050004FEA300018BF41F000415FEA6C5C00F0DD
:101060002980BCF1FF3F08BF40F080407047130C5F
:1010700006BF12044FF0100C4FF0000C130E04BF0B
:1010800012020CF1080C130F04BF12010CF1040C36
:10109000930F04BF92000CF1020CD30F04BF520057
:1010A0000CF1010C11464FF00002A0F11F00A0EB63
:1010B0000C00704711F0004F08BF704731F000413D
:1010C0003FF4D5AF0B0C06BF09044FF0100C4FF0E6
:1010D000000C0B0E04BF09020CF1080C0B0F04BF2F
:1010E00009010CF1040C8B0F04BF89000CF1020CF8
:1010F000CB0F04BF49000CF1010CCCF1200322FA04
:1011000003F341EA030102FA0CF2A0EB0C0000F138
:101110000100704723F07F4720F07F4C80EA0300F6
:1011200000F00040ACEB070303F57C5303F1FF0331
:101130002DE9804909B44FEA144324EA03484FEAF1
:10114000154B25EA0B4E0FF2042606EB13273E78CB
:1011500003FB0667C7F5000707FB06F64FEAD6460E
:1011600006F102064FEA543707FB066CCCF1005C2F
:101170004FEA1C472CEA074C0CFB06F507FB06F46C
:1011800004EB15464FEA961649085FEA320234BF6F
:1011900000204FF000404FEAD13706FB07FC4FEA32
:1011A0001C4C0CFB0BF7D21B03FB0CF761EB07018C
:1011B0000CFB0EF7B0EB074072EB17420CFB08F785
:1011C00034BFA2EB0742B2EB074261EB17414FEA93
:1011D0000C444FEA910706FB07FC4FEA1C4C0CFB42
:1011E0000BF7B0EBC74072EB573203FB0CF734BF81
:1011F000A2EBC742B2EBC74261EB57310CFB0EF7D3
:10120000B0EBC70072EB57720CFB08F734BFA2EBD0
:10121000C702B2EBC70261EB57714FEA816141EA45
:1012200092114FEA826242EA90124FEA806004EB28
:10123000CC04039F4FEAD13706FB07FC4FEA1C4C56
:101240000CFB0BF7D21B03FB0CF761EB07010CFB4C
:101250000EF7B0EB074072EB17420CFB08F734BFF8
:10126000A2EB0742B2EB074261EB17414FEA8C5504
:1012700004EB9C244FEA910706FB07FC4FEA1C4C49
:101280000CFB0BF7B0EBC74072EB573203FB0CF7CC
:1012900034BFA2EBC742B2EBC74261EB57310CFB44
:1012A0000EF7B0EBC70072EB57720CFB08F734BFB8
:1012B000A2EBC702B2EBC70261EB57714FEA816143
:1012C00041EA92114FEA826242EA90124FEA80604C
:1012D00015EB4C2544F100044FEAD13706FB07FC1F
:1012E0004FEA1C4C0CFB0BF7D21B03FB0CF761EB1A
:1012F00007010CFB0EF7B0EB074072EB17420CFB3B
:1013000008F734BFA2EB0742B2EB074261EB17418B
:101310004FEA813141EA92414FEA823242EA9042F9
:101320004FEA80304FEA0C7615EB1C1544F10004AF
:1013300048EA03434EEA0B484FF0000EB2EB080CAC
:1013400071EB030724BF624639464EEB0E0E4FF099
:10135000000B0018524149414BEB0B0BB2EB080C50
:1013600071EB03077BF1000B24BF624639464EEB5D
:101370000E0E4FF0000B0018524149414BEB0B0B86
:10138000B2EB080C71EB03077BF1000B24BF624644
:1013900039464EEB0E0E51EA020718BF46F0010621
:1013A00016EB0E7655F1000254F1000103D5BDE8AD
:1013B0008901BDE80088BDE88901BDE80048B6198B
:1013C000524141EB0101A3F10103704780807F7E10
:1013D0007D7C7B7A797877767675747372717170AB
:1013E0006F6E6E6D6C6C6B6A6A696868676666655D
:1013F0006464636362616160605F5F5E5E5D5D5CEB
:101400005C5B5B5A5A59595858575756565555555B
:101410005454535352525251515050504F4F4F4EBB
:101420004E4D4D4D4C4C4C4B4B4B4A4A4A49494909
:10143000484848474747474646464545454444444B
:101440004443434343424242424141419C46002B74
:1014500030D477002BD04FEA37071CB503B44FF0D8
:1014600010004FF01001BAF1000F06D0BCF1000FD0
:10147000DCBF40F0080040F008014FF000000FBC56
:10148000BDE810400BF1010BBBF1010F08BF5FEA93
:10149000170722BF12F1010211F101014FF00041C3
:1014A00043F1000300F0004043EA00007047F9D325
:1014B0005708D0E746EA06464FEA164613F1400FB2
:1014C0001FDD13F1200FDFBF16430A460021203332
:1014D0005B42BED0C3F1200746EA06464FEA1646F5
:1014E00002FA07F746EA070622FA03F2C3F12007D9
:1014F00001FA07F742EA070221FA03F14FF000036D
:10150000A7E746EA020646EA06464FEA164646EAD4
:101510000106BCBF46EA0646360C4FF000034FF00A
:1015200000024FF0000194E72DE9804C70B49A4618
:10153000934691E8380007C831EA400C48BF34EAC6
:10154000430C03D5FFF7E6FDFFF780FFF0BCBDE8D5
:10155000008C2DE9804C70B49A46934691E838008F
:1015600007C810F0804F08BF13F0804F03D100F080
:1015700005F8FFF76BFFF0BCBDE8008C20F07F475B
:1015800023F07F4C80EA030000F0004007EB0C03DF
:10159000A3F57C53A3F1FE0392F0000F00F0B3809B
:1015A00095F0000F00F077802DE901494FEA1140D6
:1015B00021EA00484FEA144624EA064700FB06FCED
:1015C00008FB06F607FB08F818EB06484CEB164C30
:1015D00000FB07F718EB07484CEB17404FEA124B9C
:1015E00022EA0B4E4FEA154625EA06470BFB06FC9E
:1015F0000EFB06F607FB0EFE1EEB064E4CEB164CE2
:101600000BFB07F71EEB074E4CEB174B18EB0B08C9
:1016100040F1000018EB0E0B58EB000840F1000001
:101620008F1A4FF000014FF000063CBFC943661B04
:1016300014BFB5EB040C00213CBFC943F61B4FEAB5
:10164000174427EA04454FEA1C472CEA074C04FBE1
:10165000076205FB07F70CFB05F616EB074642EBA6
:10166000174204FB0CFC16EB0C4642EB1C421BEB36
:10167000060658EB020241414EEA8E0E46EA9E06ED
:1016800001D5BDE80189B619524141EB0101A3F131
:101690000103BDE801894FEA144524EA05464FEAF3
:1016A000114721EA074C05FB07F406FB07F70CFB83
:1016B00006F111EB074144EB174405FB0CFC11EB61
:1016C0000C4144EB1C444FEA124722EA074C05FB4D
:1016D00007F206FB07F70CFB06F616EB074642EB94
:1016E000174205FB0CFC16EB0C4642EB1C456A1836
:1016F00054F1000148BF7047B619524141EB010156
:10170000A3F10103704795F0000F37D04FEA114263
:1017100021EA02464FEA144724EA074C02FB07F18C
:1017200006FB07F70CFB06F414EB074441EB1741EB
:1017300002FB0CFC14EB0C4441EB1C414FEA154737
:1017400025EA074C02FB07F506FB07F70CFB06F63C
:1017500016EB074645EB174502FB0CFC16EB0C4657
:1017600045EB1C42121951F1000148BF7047B619F0
:10177000524141EB0101A3F1010370474FEA1445C7
:1017800024EA05464FEA114721EA074C05FB07F119
:1017900006FB07F70CFB06F212EB074241EB174181
:1017A00005FB0CFC12EB0C4251EB1C414FF0000608
:1017B00048BF7047921841EB0101A3F10103704744
:1017C0000000000080B5DBF78BFD00B180BDE3F7C2
:1017D00029F8FFF7F7BF80B5DBF734FE00B180BD15
:1017E000E3F720F8FFF7F7BFC9430160704700290E
:1017F000816814BF41F0010121F00101816070474F
:10180000084AD2F80413084B1940D0E9003C43EAD7
:101810000C03D0E902C04CEA000018430843C2F8A8
:101820000403704700200140E030FCFF002981687C
:1018300014BF41F4807121F48071816070470029E8
:10184000816814BF41F4007121F400718160704718
:101850000029816814BF41F4806121F480618160B6
:1018600070470246002012680A4218BF01207047E4
:1018700081B0084428300090006801B080B2704701
:101880002DE9F047444E4FF0000844467068454645
:10189000002808BFBDE8F087DFF80091D9F80010F4
:1018A0006FF0040A11F0040F30D0C9F800A03C4AD0
:1018B000516B002908BF916BD76B002F08BF176CC5
:1018C0000029D8BFA0F810800EDD1C214846FFF784
:1018D000CFFF01467068B0F91820891A491001EB52
:1018E000640161F30F040182002FDCBF7068A0F86F
:1018F00012800BDD18214846FFF7BAFF7168B1F975
:101900001A20801A401000EB64404882D9F8000188
:1019100010F0040F18BFC9F800A1D9F8000210F0A8
:10192000040F08BFBDE8F087C9F800A21D48016890
:10193000002904BF1C4801681C480468002C04BF2F
:101940001B4804681B4F0029DCBF7068A0F8148096
:101950000DDD1C213846FFF78BFF7168B1F91C20A3
:10196000801A401000EB650262F30F058A82002C9A
:10197000DEBF7068A0F81680BDE8F08718213846F1
:10198000FFF776FF7168B1F91E20801A401000EB56
:101990006540C882BDE8F0870C03001000200140BC
:1019A0000000014034040140380401403C0401407F
:1019B000400401400022014010B4426891F804C084
:1019C00022F4807222F040720B6842EA0C221A4321
:1019D000426082680C4B4C791A40D1E903C343EA58
:1019E0000C03D1F808C04CEA440C43EA0C031A4338
:1019F0008260C26A097D22F47002491EC9B242EABD
:101A00000151C16210BC7047FDF7FFC030B407251B
:101A100009290CD9C468A1F10A0C0CEB4C0C05FA8D
:101A20000CF5AC4303FA0CF32343C36009E00469EB
:101A300001EB410C05FA0CF5AC4303FA0CF323431C
:101A400003614FF01F0C072A0CD2436B521E02EBAE
:101A500082020CFA02FC23EA0C0391401943416311
:101A600030BC70470D2A0CD2036BD21F02EB8202EE
:101A70000CFA02FC23EA0C0391401943016330BCC9
:101A80007047C36A0D3A02EB82020CFA02FC23EAA9
:101A90000C0391401943C16230BC7047816841F02A
:101AA000804181607047000005490028D1F8040397
:101AB00014BF40F4000020F40000C1F80403704794
:101AC0000020014000200EF0C1B800200EF082B8C6
:101AD00000200EF00BB901200EF0B8B801200EF076
:101AE00079B801200EF002B910B4082304224FF097
:101AF000100CB1F5007F40D021DC202902BF03612A
:101B000010BC704710DC012901BF1D49816010BC69
:101B10007047042902BFC36010BC7047082908BF82
:101B2000C0F80CC010BC7047402902BFC0F810C0FC
:101B300010BC7047B1F5807F1FD010BC70470024E7
:101B4000B1F5004F08D00BDCB1F5806F15D0B1F5C1
:101B5000006F1CBF10BC70478461426010BC7047AE
:101B6000B1F5803F02BF436010BC7047B1F5003F44
:101B700008BFC0F804C010BC7047426010BC70477A
:101B800001010100A0F1804110B5B1F5C8414FF04D
:101B9000010109D0880600F01BFEBDE810400021BD
:101BA0004FF0806000F014BE4FF0007000F010FEA7
:101BB000BDE8104000214FF0007000F009BE0000A9
:101BC00030B4827A344B012191401A6842F001020C
:101BD0001A60DFF8C8C0DCF800208A43CCF8002087
:101BE000047B2F4AD4B914688C4314604488C58898
:101BF00044EA0544857AED0005F1804505F5C045C8
:101C0000C5F840460588848845EA0445847AE4009E
:101C100004F1804404F5C044C4F84456047B012C0C
:101C200018D114680C431460847A0268E40004F14B
:101C3000804404F5C0444FEA3242C4F84026847A16
:101C40004268E40004F1804404F5C0444FEA3242A3
:101C5000C4F84426C47A134A002C14680CBF8C4381
:101C60000C4314600489104A14B914688C4314603E
:101C70000489012C02D114680C431460407B0128B4
:101C800004D1DCF800000843CCF80000186820F00C
:101C90000100186030BC7047006600401C660040C0
:101CA0000C6600400466004014660040002A426949
:101CB00014BF114322EA0101416170470368002209
:101CC00023F002030360036843F0010303604FF64F
:101CD000FF73D0F804C01CF0010F03D19A4218BF63
:101CE000521CF6D1426812F0010F5DD08A79012AA8
:101CF00002680CBF42F0800222F080020260CA79C2
:101D0000012A02680CBF42F0400222F04002026049
:101D10000A7A012A02680CBF42F0200222F0200257
:101D200002604A7A012A02680CBF42F0100222F0D7
:101D3000100202608A7A012A02680CBF42F008028F
:101D400022F008020260CA7A012A02680CBF42F03F
:101D5000040222F0040202608A7891F803C04FEA7C
:101D6000827242EA0C6291F804C042EA0C4291F895
:101D700005C0098842EA0C52A1F1010142EA0101C1
:101D8000C161016821F0010101604FF0000142686A
:101D900012F0010F1CBF9942491CF8D1406810F0A5
:101DA000010F04BF012070474FF00000704700EBA7
:101DB0000113D3F8B0C11CF0040C82F808C0D3F8AA
:101DC000B0C107BF4FEA5C5CC2F800C04FEADC0C50
:101DD000C2F804C0D3F8B0C10CF0020C82F809C0FC
:101DE000D3F8B4C10CF00F0C82F80AC0D3F8B4C118
:101DF0004FEA1C2C82F813C0D3F8B8C182F80BC08C
:101E0000D3F8B8C14FEA1C2C82F80CC0D3F8B8C183
:101E10004FEA1C4C82F80DC0D3F8B8C14FEA1C6CD5
:101E200082F80EC0D3F8BCC182F80FC0D3F8BCC191
:101E30004FEA1C2C82F810C0D3F8BCC14FEA1C4CEE
:101E400082F811C0D3F8BC311B0E937421B1016923
:101E500041F0200101617047C16841F02001C1607B
:101E60007047000009490A6842F001020A600A68E6
:101E700022F4877222F478520A600A6842EA00204B
:101E80000860086820F001000860704700660040A4
:101E900000218171C171017241728172C1728170C0
:101EA000C17003210171022141710121018070473C
:101EB00010B402460020936813F0806F50D002EBFC
:101EC0000012D2F8803103F00103C2F880310B7A9E
:101ED000002B54D0D2F880C14C684CEA030391F82F
:101EE00009C04CEAC40C43EA0C03C2F880318B7A77
:101EF00003F00F038B72D2F8843123F00F03C2F882
:101F00008431D2F8843191F80AC043EA0C03C2F854
:101F10008431CB7A91F80EC00C7B43EA0C6391F8C4
:101F20000DC04FEA0C4C4CEA042C43EA0C03C2F8F7
:101F30008831CB7B91F812C043EA0C6391F811C051
:101F4000097C4FEA0C4C4CEA01211943C2F88C1170
:101F5000D2F8801141F00101C2F8801110BC704725
:101F6000906810F0006F18BF0120A8D1906810F0A1
:101F7000805F14BF02200420A1D110BC7047D2F8AA
:101F8000803191F809C043EA0C03B1F800C043EA7C
:101F90004C53AAE700B5002200F008F8C04380B215
:101FA000010241EA102080B200BD000005E000BF40
:101FB00030F8023B891E5BBA1A440129F8DC11B1E2
:101FC000007802EB002290B200EB124000EB1040D0
:101FD00080B27047084400EB104080B2704700297F
:101FE000016814BF41F0010121F001010160704757
:101FF0002DE9F003016821F0010101600021016079
:1020000041608160C160016121214161444A4549CB
:102010004FF03D08904202BFC1F80880BDE8F003D0
:102020007047414A4FF47464904202BF8C60BDE82F
:10203000F00370473D4A4FF47415904202BF8D6023
:10204000BDE8F00370473A4A4FF07466904202BF11
:102050008E60BDE8F0037047364B374A984202BFA6
:10206000CA60BDE8F0037047DFF8D0C0344B60456C
:1020700002BFCB60BDE8F0037047324FDFF8C8C045
:10208000B84202BFC1F80CC0BDE8F0037047DFF8EA
:10209000BC904FF03D57484502BFCF60BDE8F0030C
:1020A0007047DFF8AC902B49484502BFC1F800806B
:1020B000BDE8F0037047DFF8A080404502BF0C6028
:1020C000BDE8F0037047254CA04202BF0D60BDE89B
:1020D000F0037047224CA04202BF0E60BDE8F0033F
:1020E0007047204C2049A04202BF0A60BDE8F003BF
:1020F00070471E4A904202BF0B60BDE8F003704774
:102100001B4A904202BFC1F800C0BDE8F00370470F
:10211000184A904208BF0F60BDE8F0037047000006
:1021200010600240006002402860024040600240AF
:1021300058600240706002403D000020886002400C
:10214000400F0020A060024000003D20B860024027
:102150001064024008640240286402404064024067
:1021600058640240706402400C640240886402407B
:10217000A0640240B864024010B402681B4BD1F85E
:102180000CC01A400B6843EA0C03D1E905C44CEAC1
:10219000040C43EA0C03D1F81CC043EA0C03D1F849
:1021A00020C043EA0C03D1F824C043EA0C03D1F861
:1021B00028C043EA0C03D1F834C043EA0C03D1F839
:1021C00038C043EA0C031A4302604269D1E90B3C70
:1021D00022F0070243EA0C031A4342610A69426093
:1021E0004A6882608968C16010BC70473F801CF0FB
:1021F0002DE9F04F43484FF0000B93B046685F461F
:1022000049F21A0A357CA0F10809706900EB051043
:102210000168C1F30D410C1F016811EA0A0F18BFD4
:10222000012735D101684FF44070884318BF022759
:102230002ED140F2EA50844288BF032728D844F0C8
:10224000004006F08BFB5FEA000844F0004108BF45
:1022500004271DD00820726900EB0510E31C1058FC
:1022600008F1040220F003009C0805D050F8043B5C
:1022700042F8043B641EF9D1D9F80020002A1CBFA3
:1022800008F104009047404606F0E2FD4FF0010BD4
:1022900071694FF0004001EB0511086077B1022F22
:1022A00008BF4FF0FF343B4617A2402102A800941C
:1022B000CFF760FA02A9F02008F05CF8F07A6D1C04
:1022C000854208BF00253574706900EB0510006871
:1022D00010F0004F99D0174C35746069164D10F00E
:1022E000800F06D065610020A06014A1F02008F0E6
:1022F00041F86561BBF1000F18BF06F0FFFA13B09B
:10230000BDE8F08F280300104554485F49525148FA
:10231000616E646C657228293A206572726F722052
:10232000256420666F72206672616D655B25645D51
:102330000000000000900240C08001004554485F4A
:1023400049525148616E646C657228293A20657261
:10235000726F72203500000010B54FF4005000F08D
:1023600033F8012420B1600300F028F8124804710A
:102370004FF4805000F028F828B14FF4805000F05E
:102380001DF80D4844714FF4804000F01DF828B14D
:102390004FF4804000F012F8074884714FF4004079
:1023A00000F012F8002808BF10BD4FF4004000F004
:1023B00005F80148C47110BD1803001001490860F8
:1023C00070470000143C0140034A01460020126897
:1023D0000A4218BF01207047143C01408379214A0A
:1023E0000168002B34D0136823EA01011160111D2C
:1023F0000A6803689A430A60017901F1804101F596
:102400009E310A6803681A430A60174A1168036814
:1024100099431160131D1968D0F800C021EA0C011E
:1024200019604179102908D001F1804101F59E31F0
:102430000A6800681043086070471168D0F800C04F
:1024400041EA0C0111601968006808431860704780
:10245000007900F1804000F59E30026822EA010117
:1024600001607047003C0140083C01402DE9F0014B
:102470000022012603270B6806FA02FC03EA0C037C
:1024800063453BD10568530007FA03F4A543056093
:102490000D79D0F800809D4045EA080505600D796A
:1024A000012D18BF022D1AD1856825EA0405856023
:1024B0004D79D0F8088005FA03F545EA08058560EE
:1024C000456825EA0C0CC0F804C0D0F804C08D792A
:1024D00005FA02F5ADB24CEA050CC0F804C0D0F81C
:1024E0000CC02CEA040CC0F80CC091F807C00CFA20
:1024F00003F3D0F80CC043EA0C03C36002F10102FD
:10250000102AB8D3BDE8F00170474B07DB0E9A40A4
:10251000C90800EB8100016A4FF00F0C0CFA03F3BD
:1025200099430162016A114301627047024600202B
:1025300012690A4218BF0120704702460020526902
:102540000A4218BF012070474183704701837047DA
:102550004FF6FF7101600021017141718171C171FC
:1025600070474269514041617047002A14BF01839E
:10257000418370470029018814BF41F4806121F430
:10258000806101807047838A0022008B43EA00400B
:1025900020F07F4031EA000008BF0122104670475A
:1025A000C943818270470029018814BF41F00101AD
:1025B00021F00101018070470029018814BF41F416
:1025C000807121F48071018070470029018814BF57
:1025D00041F4007121F400710180704782B002461D
:1025E000002000920A0F21F07F41019208BF090CE0
:1025F000009A14BF14321832009212680A4218BFAF
:10260000012002B07047818A008B41EA004020F02F
:102610007F40704770B50446808884B00D4620F036
:102620003F06684600F0F8F829490298B0FBF1F13E
:1026300089B246EA0102A280228822F001022280A9
:10264000244B2A689A421DD85200B0FBF2F080B2A7
:10265000042838BF0420491C2184A083208840F02E
:10266000010020802088A9886A8920F00A0020F4CF
:102670008060114308432080A8892989084320816C
:1026800004B070BDEB88A3F53F4CBCF1FF0C19D032
:1026900002EBC20303EB0212B0FBF2F080B240F493
:1026A00080400205120D08BF40F0010040F40040D8
:1026B0004FF4967251434FF47A72B1FBF2F1491C18
:1026C0002184CAE702EB4202B0FBF2F080B2E8E7F5
:1026D00040420F00A0860100002A14BF41F0010112
:1026E00001F0FE01018270470182704710B4C27888
:1026F00001784FF00F0C01241AB3184A126801F147
:10270000E02102F4E062C2F5E062C2F30722C2F106
:1027100004032CFA02FC42789A40837803EA0C0303
:102720001A43120181F80024007800F01F0104FA16
:1027300001F14009800000F1E020C0F8001110BC58
:10274000704701F01F0004FA00F04909890001F107
:10275000E021C1F8800110BC704700000CED00E0E2
:10276000034940F0FD7040F0806008607047000051
:102770000CED00E021F07F0121F0604108430149A8
:102780000860704708ED00E0044A0029116814BF92
:10279000084321EA00001060704700003038024012
:1027A000044A0029116814BF084321EA00001060A0
:1027B0007047000010380240044A0029116814BF15
:1027C000084321EA000010607047000040380240D2
:1027D000044A0029116814BF084321EA0000106070
:1027E0007047000020380240044A0029116814BFD5
:1027F000084321EA0000106070470000443802409E
:10280000044A0029116814BF084321EA000010603F
:102810007047000024380240DFF88CC030B4DCF888
:102820000010224D11F00C0106D0214C042908BFE4
:10283000046002D008291DD00560DCF800100F22CA
:102840001C4B02EA1111595C026822FA01F1416045
:10285000DCF80020072404EA92229A5C21FA02F2B2
:102860008260DCF8002004EA52329A5CD140C160F8
:1028700030BC7047104A1168C1F380531168002BB7
:1028800001F03F0114BFB4FBF1F1B5FBF1F11368A6
:102890001268C3F388135943C2F30142521C520019
:1028A000B1FBF2F10160C8E7083802400024F400EF
:1028B00080F0FA020C0400100438024000200CF0F2
:1028C000C5BF01200CF0C2BF02200CF0BFBF002921
:1028D000018814BF41F0400121F0400101807047A0
:1028E00010B5A0F18041B1F5983124D0A0F180411C
:1028F000B1F560512AD0A0F18041B1F5705130D0CE
:10290000A0F18041B1F59A3136D0A0F18041B1F506
:10291000A8313CD0A0F18041B1F5AA3118BF10BD5B
:1029200001214805FFF76CFFBDE8104000214FF47E
:102930000010FFF765BF01210803FFF761FFBDE845
:10294000104000214FF48050FFF75ABF0121880347
:10295000FFF73EFFBDE8104000214FF48040FFF735
:1029600037BF0121C803FFF733FFBDE81040002146
:102970004FF40040FFF72CBF01214803FFF740FF51
:10298000BDE8104000214FF40050FFF739BF01218E
:102990000805FFF735FFBDE8104000214FF4801017
:1029A000FFF72EBF0246002012890A4218BF0120FD
:1029B00070470909012303FA01F1002A828889B2CC
:1029C00014BF114322EA010181807047808970475A
:1029D0008181704710B402880B88B1F802C0CC889E
:1029E00043EA0C03B1F804C002F441524CEA040C6F
:1029F00043EA0C03B1F808C043EA0C03B1F80AC07B
:102A000043EA0C03B1F80CC043EA0C03B1F80EC062
:102A100043EA0C031A430280828B22F40062828311
:102A2000098A018210BC70470149C1F8DC00704777
:102A3000000027428A0721F0030101F1804101F5DE
:102A40009831120F0F23D1F808C893402CEA0303E2
:102A5000C1F80838D1F8083890401843C1F8080880
:102A60007047000082B00022294900920192086854
:102A700040F480200860086840F4803008600868EE
:102A800000F4003001900098401C0090019818B9A3
:102A90000098B0F5A04FF2D1086810F4003F02BFD3
:102AA000019202B07047012001901A48026842F07A
:102AB000805202601848026842F44042026017489F
:102AC00002680260026842F400420260026842F456
:102AD000A0520260031F124A1A600A6842F0807214
:102AE0000A600A6812F0007FFBD00E4A40F20571BE
:102AF0001160016821F003010160016841F00201E9
:102B00000160016801F00C010829FAD102B0704798
:102B1000003802404038024000700040083802404F
:102B200032544007003C0240010241EA102080B2CA
:102B30007047000030B41B4C20681B4D1B4910F03F
:102B40000C0008D0DFF868C0042808BFC1F800C036
:102B500002D008280BD00D602068164AC0F303107D
:102B6000105C0A6822FA00F0086030BC7047124A14
:102B70001068C0F380531068002B00F03F0014BFB2
:102B8000BCFBF0F0B5FBF0F013681268C3F38813D8
:102B90005843C2F30142521C5200B0FBF2F00860ED
:102BA000DAE70000083802400024F400B002001008
:102BB00080F0FA02901B060804380240134810B552
:102BC000016841F4700101601148016841F00101A0
:102BD0000160104A00211160026822F4102222F0E4
:102BE00080720260031D0C4A1A60026822F480227F
:102BF00002600A48016007F0EDFBFFF733FF084968
:102C00004FF000600860FFF795FF10BD88ED00E011
:102C10000038024008380240103000240C380240CE
:102C200008ED00E030B4B0F820C02CF0100CA0F893
:102C300020C0048BB0F820C04FF6FF7524F4734415
:102C400005EA0333234305EA02221A4305EA011188
:102C50002CF0A003194341F010010283018430BC21
:102C60007047000010B5104C8021204600F098F904
:102C7000012818BF10BD00228021204600F01CFA58
:102C8000002002F09DFD012002F09AFD022002F0DA
:102C900097FD032002F094FD8021204600F06DF89E
:102CA00002490120487110BD00000140F0020010EF
:102CB00010B5084C0121204600F072F9012818BF18
:102CC00010BD0121204600F058F8BDE810400A2050
:102CD0000DF040BB0048014010B5084C01212046D2
:102CE00000F05EF9012818BF10BD0121204600F058
:102CF00044F8BDE8104005200DF02CBB001000404A
:102D000010B5084C0121204600F04AF9012818BFEF
:102D100010BD0121204600F030F8BDE8104006202B
:102D20000DF018BB0014004010B5084C01212046DE
:102D300000F036F9012818BF10BD0121204600F02F
:102D40001CF8BDE810400D200DF004BB0020004031
:102D50000A884B88B1F806C01A438B8843EA0C03F3
:102D60001A430B891A434B8989891A431143A0F8E6
:102D700044107047C94301827047C94301827047BC
:102D80000029018814BF41F0010121F001010180F7
:102D900070470029B0F8441014BF41F40041C1F35A
:102DA0000E01A0F84410704710B5A0F18041B1F5B4
:102DB00080314AD0B0F1804F5BD0A0F18041B1F5B5
:102DC00080614CD0A0F18041B1F500615BD0A0F1F1
:102DD0008041B1F5406160D0A0F18041B1F58051F2
:102DE00065D0A0F18041B1F5A0516AD0A0F1804139
:102DF000B1F582316FD0A0F18041B1F5A03174D02E
:102E0000A0F18041B1F5A2317AD0A0F18041B1F5B5
:102E1000A4317DD0A0F18041B1F5C05179D0A0F1AD
:102E20008041B1F5E05175D0A0F18041B1F500517C
:102E300018BF10BD01210802FFF7CAFCBDE8104011
:102E400000214FF48070FFF7C3BC01210846FFF753
:102E5000D7FC0021BDE810400120FFF7D1BC0121C3
:102E60000220FFF7B5FC0021BDE810400220FFF76B
:102E7000AFBC01210846FFF7ABFC0021BDE81040C4
:102E80000120FFF7A5BC01210420FFF7A1FC0021D0
:102E9000BDE810400420FFF79BBC01210820FFF78C
:102EA00097FC0021BDE810400820FFF791BC0121EC
:102EB0001020FFF78DFC0021BDE810401020FFF727
:102EC00087BC01212020FFF783FC0021BDE81040D2
:102ED0002020FFF77DBC01210220FFF791FC00219B
:102EE000BDE810400220FFF78BBC01210804FFF76A
:102EF00087FCBDE8104000214FF48030FFF780BC14
:102F000001214804FFF77CFC00214FF4003002E06F
:102F100005E00FE018E0BDE81040FFF771BC0121AB
:102F20008804FFF76DFCBDE8104000214FF48020BD
:102F3000FFF766BC01214020FFF74AFC0021BDE8F5
:102F400010404020FFF744BC01218020FFF740FCE7
:102F50000021BDE810408020FFF73ABC30B405895D
:102F6000B0F818C0048C25F0070529432CF0030C99
:102F70002CF4407C40F201154CEA050C4FF6FF752D
:102F800005EA031324F022041A4322430181A0F826
:102F900018C0028430BC704781827047406A704715
:102FA00002460020128A0A4218BF0120704770B5FD
:102FB0000C46054608884988A28823894FF6FF7683
:102FC00038B3042843D00828288C4ED020F48050F1
:102FD0002884B5F81CC0288C2CF4734C06EA022215
:102FE00042EA0C0206EA03331A4306EA013120F4EE
:102FF0002040084340F48050AA832884A079A98BFC
:1030000021F44061A983A98B06EA00200843A88324
:1030100070BD288C20F001002884B5F818C0288CD9
:1030200006EA03131A432CF0F30C20F00A0042EADC
:103030000C02084340F001002A832884E088298B91
:1030400021F00C012983298B0843288370BD284671
:10305000FFF7E8FDA079298B21F440612983298BB2
:1030600006EA00200843288370BD20F4807028847D
:10307000B5F81CC0288C06EA03131A4306EA01219E
:103080002CF0F30C20F4206042EA0C02084340F4D8
:103090008070AA832884E088A98B21F00C01A98381
:1030A000A98B0843A88370BD0021018041800122C3
:1030B0008280C18001817047002A828914BF114338
:1030C00022EA01018181704710B4028C22F00102D2
:1030D0000284028C8388B0F818C00C882CF0730C22
:1030E00044EA0C0C8C8922F0020222434C882243D1
:1030F000A0F18044B4F580341CBFA0F18044B4F545
:1031000082340DD1CC8922F0080222438C8822F02F
:10311000040222430C8A23F4407323434C8A234342
:103120008380A0F818C089684163028410BC70478E
:1031300030B4028C22F010020284028C8388B0F832
:1031400018C00D882CF4E6444FF6FF7C0CEA0525E8
:103150002C438D8922F020020CEA05152A434D8864
:103160000CEA05152A43A0F18045B5F580351CBF52
:10317000A0F18045B5F5823516D1CD8922F08002C7
:103180000CEA05152A438D8822F040020CEA051549
:103190002A430D8A23F440630CEA85052B434D8AAC
:1031A0000CEA850C4CEA03038380048389688163FD
:1031B000028430BC704730B4028C22F480720284E6
:1031C000028C8388B0F81CC00C882CF0730C44EA85
:1031D0000C048D894FF6FF7C22F400720CEA052561
:1031E0002A434D880CEA05252A43A0F18045B5F510
:1031F00080351CBFA0F18045B5F5823516D1CD894B
:1032000022F400620CEA05252A438D8822F48062AC
:103210000CEA05252A430D8A23F440530CEA0515D0
:103220002B434D8A0CEA051C4CEA030383808483FC
:103230008968C163028430BC704730B4028C22F4C8
:1032400080520284038C8288B0F81CC00D884FF62F
:10325000FF742CF4E64C04EA052545EA0C0C8D8934
:1032600023F4005304EA05352B434D8804EA053561
:103270002B43A0F18045B5F580351CBFA0F18045FA
:10328000B5F5823505D10D8A22F4804204EA851411
:1032900022438280A0F81CC089680164038430BC8A
:1032A0007047018582827047828822F07002828096
:1032B0008288114381807047416370478163704702
:1032C000C16370470164704710B402881C4BDFF87B
:1032D00074C0984218BF604511D0B0F1804F1CBF38
:1032E000A0F18044B4F5806409D0A0F18044B4F525
:1032F00000641CBFA0F18044B4F5406403D14C8845
:1033000022F070022243A0F18044B4F580541CBF27
:10331000A0F18044B4F5A05403D00C8922F440728B
:10332000224302804A68C2620A880285984212BF1C
:103330006045897A01864FF00101818210BC704797
:1033400000000140000401404FF0FF3141600021C6
:10335000018001814180817270470021016081807C
:1033600070470021016081808171704700210160F8
:1033700041607047C9B241EA012141EA014101605F
:103380008180704703B401984100009850EAC12041
:1033900018BF04204A0D18BF40F0010040F2FF7230
:1033A000B2EB515F08BF40F00200012808BF0520C2
:1033B00002B070470000000070B52DED020B2DED3E
:1033C0000A8B82B00D98C40F20F00045AE488542AC
:1033D00048D3AE48854219D30C99C5F3130008436E
:1033E00009D09DED0C0B02B0BDEC0A8B02B0BDE81C
:1033F000704000F009BA002C14BF9FEDA50B9DEDA5
:103400000C0B02B0BDEC0A8B02B070BD9FEDA20B9D
:1034100053EC102B9DED0C0B51EC100B0EF058F9EA
:103420000AD20220CFF71FF802B0BDEC0A8B02B01F
:10343000BDE8704000F0F4B99FED990B53EC102BF0
:103440009DED0C0B51EC100B0EF008F80AD2022087
:10345000CFF709F802B0BDEC0A8B02B0BDE87040AE
:1034600000F0EEB990489FED92BBA8425CD2924822
:10347000854219D29148784400EBC40090ED000BCE
:1034800053EC102B9DED0C0B51EC100B0EF062F970
:1034900041EC1A0B8A48784400EBC40090ED009B85
:1034A000C4F10100041B36E09FED870B53EC102B99
:1034B0009DED0C0B51EC100B0EF00CF841EC100BC9
:1034C0008348784400EBC40090ED001B51EC100BD6
:1034D00053EC112B0DF0B2FC0DF0FCFE04460DF088
:1034E00056FF41EC180B9FED7C0B53EC102B0DF0AD
:1034F000F1FF9DED0C1B53EC112B0EF01FF941EC6D
:103500001A0B9FED770B51EC180B53EC102B0DF0B1
:10351000E1FF41EC190B51EC1A0B53EC192B0EF097
:1035200019F9CDE90C011BE06F48854217D29FEDD8
:10353000700B53EC102B9DED0C0B51EC100B0DF0A0
:103540007DFC53EC1B2B0EF0C3F808D29DED0C0B49
:1035500053EC1B2B51EC100B0DF070FC6EE00024B3
:103560009DED0C0B53EC102B51EC100B0DF0B2FF3A
:1035700041EC180B60480521B0EE480AF0EE680AED
:10358000784400F0C5F853EC182B51EC100B0DF0FB
:10359000A1FF9DED0C1B53EC112B0EF0CFF841EC6D
:1035A000180B9FED570B5CB353EC182B51EC100B21
:1035B0000EF0D0F89DED0C0B41EC1C0B53EC182BCE
:1035C00051EC100B0DF086FF53EC1C2B0DF0EAFCB8
:1035D00053EC192B0EF0B2F853EC1A2B0EF0BAF88C
:1035E00053EC1B2B0EF0AAF8CDE900016FF47F70AD
:1035F000844226DB01EB045001909DED000B00E7B7
:1036000053EC102B51EC180B0EF0A4F89DED0C0BA5
:1036100041EC190B53EC182B51EC100B0DF05AFF29
:1036200053EC192B0DF0BEFC9DED0C1B53EC112B34
:103630000EF090F853EC1B2B0EF080F841EC100BC1
:10364000DFE608464FF07A5101EB04519FED2E0B57
:10365000084453EC102B01909DED000B51EC100B26
:103660000DF038FF0D4645EC100B044651EC100BE5
:10367000FFF788FE042808BF00F0E2F845EC104B85
:10368000BFE6000000000000422E86400000F07FF0
:103690000000000000000000EF39FAFE422E8640D4
:1036A00051302DD5104987C0422ED63F0000000072
:1036B000000000000000F03FB2A2F03F36F0000032
:1036C00026F0000000000000FE822B654715F73F42
:1036D000DAEF0000000000000000E0FE422EE63FAE
:1036E000763C7935EF39EA3D0000303E00000000BD
:1036F0009C7500883CE4377E4CEF00000000000021
:103700000000000000000040000000000000700108
:1037100070B504462DED028B4D1E00EBC500B0EEDA
:10372000408AF0EE608A90ED000B35F0060017D06D
:1037300053EC182B51EC100B0DF0CCFE41EC100BA0
:103740006D1E04EBC50090ED001B51EC100B53EC0B
:10375000112B0DF073FB41EC100B35F00600E7D197
:10376000022D36D0042D1CD0062D1CBFBDEC028BC3
:1037700070BD53EC182B51EC100B0DF0ABFE94ED1B
:103780000A1B53EC112B0DF059FB53EC182B0DF0C9
:10379000A1FE94ED081B53EC112B0DF04FFB41ECF7
:1037A000100B53EC182B51EC100B0DF093FE94ED15
:1037B000061B53EC112B0DF041FB53EC182B0DF0B5
:1037C00089FE94ED040B53EC102B0DF037FB41EC0C
:1037D000100B53EC182B51EC100B0DF07BFE94EDFD
:1037E000021B53EC112B0DF029FB53EC182B0DF0A1
:1037F00071FE94ED001B53EC112B0DF01FFBBDEC83
:10380000028B41EC100B70BD10B553EC102B51EC3A
:10381000100B0DF013FB41EC100B10BD000000006D
:103820009FED050B10B553EC102B51EC100B0DF068
:1038300051FE41EC100B10BD0000000000000070B4
:103840009FED050B10B553EC102B51EC100B0DF048
:1038500041FE41EC100B10BD000000000000001004
:1038600012F0004F1FBF22F00042D21D22F00703CA
:10387000102202BFD21C22F003030C221BB103EB67
:10388000020C8C4501D90120704702440144836039
:10389000C0E90021C91AD01888429CBF10600246B6
:1038A000F9D900201060704730380A2801D2012071
:1038B00070470020704700002DE9F0470027DFF82F
:1038C000909000280CDA2349D9F8002020F000401D
:1038D0000968024401EB4101B2EB910F18D80127AE
:1038E00005460F3020F003060FB9CDF7E3FC1A4C64
:1038F000D4E90002011B891AB1420CD204460068C7
:103900000028F5D127B9CDF7C8FC0020CDF711FD6F
:103910000020BDE8F08772B11019216801602060B5
:1039200000F10808C0F80460D9F800103144C9F863
:10393000001027B105E004F108086660F4E7CDF750
:10394000ACFCA8F800500020A8F802004046E0E7D0
:10395000BC04001050030010642700102DE9F0474C
:103960000746894690460026284C294D0BE02078D2
:1039700038B10422394604F10A0007F051FC01284D
:1039800035D00E34761C28888642F0DB2149384633
:1039900007F080FBD0B91F4804220021001D07F06A
:1039A00065FC10B10020BDE8F0870026174C0AE046
:1039B000207830B106224946201D07F031FC01284D
:1039C0001AD00E34761C28888642F1DB404600F07F
:1039D00027F80028E7D00D49C0EBC00001EB4004F8
:1039E0000E3C0422394604F10A0007F029FC0622A5
:1039F0004946201D07F024FC07480088E07007486E
:103A00000078A070032020700120CCE7442500102E
:103A10004603001008250010480300104003001062
:103A2000F0B50546012116480E46164A03E0037814
:103A300053B10E30491C13889942F8DD1248104BDF
:103A40000488002001210DE0067045700846F0BD95
:103A50005F78012F04D1DF78A74201D83C460846A1
:103A60000E33491C1788B942F2DD0028EFD0044A12
:103A7000C0EBC00102EB410101F80E6D4D70F0BDCD
:103A80004425001046030010480300102DE9F047BC
:103A900081460F4600253D4C3D4E0BE0207838B165
:103AA0000422494604F10A0007F0BAFB012815D0A8
:103AB0000E346D1C30888542F0DB3649484607F0ED
:103AC000E9FADFF8C880334D01284FF0040209D02D
:103AD0000021281D07F0CAFBE8BB1DE02078032861
:103AE0004ED350E04946281D07F09AFB012806D125
:103AF00004220021281D07F0B9FB00B90027384631
:103B0000FFF78EFF06003CD0C6EBC60108EB410470
:103B10000E3C042249461DE000271C4C0BE0207897
:103B200038B10422291D04F10A0007F079FB0128AD
:103B3000D4D00E347F1C30888742F0DB0020FFF7A2
:103B40006FFF06001DD0C6EBC60108EB41040E3C1A
:103B50000422291D00E013E004F10A0007F070FBC5
:103B600006220D49201D07F06BFB0C480078A07061
:103B70000B480078E070304600F036F902202070E3
:103B80000020BDE8F0872046FBE700004425001038
:103B900046030010082500104823060840030010C3
:103BA0004103001070B50D46064604220E4907F089
:103BB00037FB012814D0304607F07EFA01280FD0D9
:103BC00029463046FFF762FF040008D00422314640
:103BD00004F10A0007F024FB012802D002E00020D3
:103BE00070BD6570012070BD442306082DE9F047C3
:103BF0000026DFF8D480DFF8D490B246344F5DE081
:103C0000B9F80050691C89B2A9F800103A889142AD
:103C100001D3A9F800A02F49C5EBC50001EB400472
:103C20002078C8B3E07820B1401E10F0FF00E070AB
:103C300043D1607801280AD10422274904F10A00FF
:103C400007F0EEFA012806D06078012818D010F0AD
:103C5000FF0F02D031E084F801A004221F4904F1D3
:103C60000A0007F0DDFA012817D02078032818D0C1
:103C7000A07800B3401E10F0FF00A0701BD012E02F
:103C80002078032817D0A078A8B1401E10F0FF00BC
:103C9000A07010D0022005E00FE011480088E0700D
:103CA0000BE00420207098F80000E070681CBDE86C
:103CB000F04700F099B884F800A0761C3888864256
:103CC0009EDBBDE8F08700004103001030030010C8
:103CD00046030010442500100C250010442306085C
:103CE000480300102DE9F04106460025134C00F171
:103CF0000E08134F0DE0207848B1012807D00422A8
:103D000004F10A01404607F08BFA012806D00E3470
:103D10006D1C38888542EEDBBDE8F081062206F195
:103D20000801201D07F08CFA06480088E07006485C
:103D30000078A07003202070EEE7000044250010FA
:103D40004603001048030010400300102DE9F04125
:103D500005460E462A20FFF7AFFD044605F108018F
:103D600006220F46001D07F06BFA06221C4904F1DB
:103D70000A0007F065FA4FF4C16020824FF48070AA
:103D800060820820A0820620A0750420E0752683AA
:103D900004F1240006223946064607F051FA05F1DF
:103DA0000E0104F12A000422054607F049FA062212
:103DB0000B4904F11A0007F043FA0422094904F1FF
:103DC000200007F03DFA012231462846FFF7C6FDE4
:103DD0002046CDF75EFA2046BDE8F04100F0BCB8C1
:103DE000540300100825001070B505462A20FFF77F
:103DF00063FD044606222349001D07F021FA06222E
:103E0000214904F10A0007F01BFA4FF4C160208237
:103E10004FF4807161820820A0820620A0750420E2
:103E2000E07521830622184904F11A0007F008FA08
:103E30000422164904F1200007F002FA4FF00602AE
:103E400065B1002104F1240007F008FA1049C5EB20
:103E5000C50001EB40010422091F06E0094904F1F5
:103E6000240007F0EDF90949042204F12A0007F0C3
:103E7000E7F92046CDF70DFA2046BDE8704000F086
:103E80006BB80000482306085403001008250010F2
:103E90004425001006220249001D07F0C1B90000A8
:103EA0005403001070B5044600F12205204E042290
:103EB0002049284607F0B4F938BB0422002104F158
:103EC0001E0007F0D3F908B1002070BD28780E213C
:103ED000B1EB101F0ED101202071002060715E2017
:103EE000A071687800F07F00E071A8782072E8780F
:103EF00060720FE0284607F0DFF830B9012128464C
:103F0000FFF7C4FD0028E0D0061D06223146201D23
:103F100007F096F90622084904F10A0007F090F923
:103F2000082020822046CDF7B4F9012070BD0000A2
:103F30004823060844230608540300108A68002A10
:103F400002DC0022CFF78CBD521E8A604A68C0B2E4
:103F5000531C4B601070704770B500282AD0A0F138
:103F60000806154C0025CDF7A5F909E0254624687B
:103F70002068800703D0CDF790F9022010E064B1EB
:103F8000B442F3D10D4861680B4B0268511A0160CD
:103F90009C4209D10020606008E0CDF77EF9012045
:103FA000BDE87040CDF7C5B920682860BDE8704015
:103FB000CDF773B970BD000064270010BC04001079
:103FC000114A10B50F491378CBB1002808BF0F482C
:103FD0000C4C237A012B0CD0D0E90030C1E9003021
:103FE00002F10C01506801F02DF90120207200202F
:103FF00010BD0822CDF7EFFE002808BF10BD4FF01E
:10400000FF3010BDC0410010B81E0608502306083E
:104010000A48007A002804BF4FF0FF30704710B5FF
:10402000074C606801F0E0F8012804BF002010BDD3
:104030000121606801F07AF9002010BDC041001034
:10404000B81E06080F480068002804BF4FF0FF3074
:10405000704710B584B00C4C606818B9262001F088
:1040600077FA60600020009001904FF48040029049
:104070004FF4706003906846FDF7C2FB04B0002067
:1040800010BD0000CC1E06080C030010B3480068E9
:10409000002804BF4FF0FF3070472DE9F04FDFF8E4
:1040A000C09299B0D9F8040020B9262001F050FA46
:1040B000C9F8040001218805FEF766FB012108020A
:1040C000FEF792FB01218802FEF78EFB01210846D4
:1040D000FEF75AFB01210220FEF756FB01212020AA
:1040E000FEF752FB9F4C2046FDF782FF9E480025BD
:1040F000CDE90050D9F80400CDE902054FF0040BDA
:10410000CDF810B02015CDE9055040000790800093
:1041100008904011099040020126CDE90A0BCDE933
:104120000C6569460E952046FEF726F801212046CB
:10413000FDF755FF8D4C2046FDF75AFFB006009065
:104140008B480190D9F80400694608300290204657
:10415000FEF712F801212046FDF741FF10A8FEF7F7
:10416000F7F903248DF8444010948DF8475010A9B6
:104170008048FEF77BF9182010908DF844408DF8A8
:10418000475010A97C48FEF771F94FF44C7010901D
:104190008DF844408DF8475010A97848FEF766F92D
:1041A000DFF8DCA112958DF84C608DF84D60149508
:1041B000159516958DF85CB012A95046FDF7FCFBDD
:1041C000DFF8C0B112A95846FDF7F6FB01231A46E5
:1041D00008215046FDF71AFC012302220321504614
:1041E000FDF714FC0123032209215046FDF70EFCC4
:1041F0000422012311465046FDF708FC01231A460C
:104200000E215846FDF702FC0123022206215846E2
:10421000FDF7FCFB012303220F215846FDF7F6FBB7
:104220000123042207215846FDF7F0FB01215046E7
:10423000FDF705FB01215846FDF701FB0121504622
:10424000FDF7F4FA01215846FDF7F0FA0121504636
:10425000FDF7CDFA01215846FDF7C9FA5046FDF7A2
:104260001DFC5846FDF71AFCD9F80400002870D050
:1042700000215046FDF7ECFA00215846FDF7E8FA18
:104280002E463746B8460024C246DFF8F4B0022175
:104290005846FDF7E6FA68B999F80000401CC0B22C
:1042A00089F80000642805D202215846FDF7D9FAA2
:1042B0000028F1D089F800A0D9F804004188C0880E
:1042C0000D44064402215846FDF78EFADFF8B4B0DB
:1042D00002215846FDF7C5FA68B999F80000401C5C
:1042E000C0B289F80000642805D202215846FDF7C3
:1042F000B8FA0028F1D089F800A0D9F80400418963
:10430000C0890F44804402215846FDF76DFA601CB5
:10431000C4B2202CB9D305F11000C11700EBD16055
:104320004111D9F80400018306F11001CA1701EB0D
:10433000D2614911418307F11001CA1701EBD26123
:104340004911818308F11001CA1701EBD2614911AB
:10435000C18319B00020BDE8F08F0000CC1E060814
:104360000C030010106402404C20014028640240FD
:104370004C220140000402400000024000140240B0
:10438000002001400022014048480068002804BF86
:104390004FF0FF307047F0B5454C99B0606818B9E0
:1043A000262001F0D5F8606001218805FEF7ECF9C0
:1043B00001214802FEF718FA01210846FEF7E4F948
:1043C00001210420FEF7E0F93A4F3846FDF710FED0
:1043D0004FF0007000903848019060680024203051
:1043E000CDE90204032504953815CDE905404000C8
:1043F0000790800008904011099040020A90012621
:104400000420CDE90C640B90694638460E94FDF704
:10441000B3FE01213846FDF7E2FD202016908DF80D
:104420005C508DF85F4016A92448FEF71FF88DF800
:104430005C5016968DF85F4016A92148FEF716F8D5
:1044400010941294139414941E4C8DF844608DF8BB
:1044500045608DF8545010A92046FDF7ADFA0723AA
:10446000012205212046FDF7D1FA072302220A2165
:104470002046FDF7CBFA0120FDF716FB07230322A8
:1044800010212046FDF7C2FA01212046FDF7D7F999
:1044900001212046FDF7CAF901212046FDF7A7F9C1
:1044A0002046FDF7FBFA19B00020F0BDCC1E06082F
:1044B0000C030010406402404C2101400000024007
:1044C000000802400021014010B5044601F086FDBD
:1044D00008B336484168F1B1002C08BF012402D06E
:1044E000012C08BF00249FED320A042C16D201EBE8
:1044F000840001EB44014088B1F91810A0EB0100E1
:1045000000EE900AF8EEE00A20EE800ABDEEC00A46
:1045100010EE100A48E04FF0FF3010BD22D1C888DD
:10452000B1F91A20A0EB020000EE900A4A88B1F916
:104530001810F8EEE00AA2EB010160EE800AFDEE31
:10454000E00A10EE900A00EE901A00B2F8EEE00ACF
:1045500020EE800ABDEEC00A10EE101A00FA81F0BB
:1045600000B210BD052C18BF10BD4889B1F91C2040
:10457000801A00EE900ACA89B1F91E10F8EEE00A1E
:10458000511A60EE800AFDEEE00A10EE900A00EE8D
:10459000901A00B2F8EEE00A20EE800ABDEEC00AE2
:1045A00010EE101A00FA81F000B210BD0C030010DA
:1045B000002474400000000010B5044601F00EFD18
:1045C000E8B111484068D0B1002C08BF012402D0E6
:1045D000012C08BF002430F824000CF0EFFE9FED02
:1045E0000C1B53EC112B0CF075FF9FED0B1B53ECC8
:1045F000112B0CF06FFFBDE810400CF09BBE4FF08C
:10460000FF3010BD000000000C030010000000008F
:104610000D0078ECFF7BB540000000000000303F4B
:10462000012000F001B8000010B501282DED028B2B
:104630000AD81B49496839B101EB40019FED1A8B3B
:10464000098C28B115D024E0BDEC028B002010BDF0
:1046500008460CF0B3FE9FED161B53EC112B0CF02B
:1046600039FF53EC182B0CF035FF0CF063FE0146BC
:104670000FE008460CF0A2FE9FED0F1B53EC112B30
:104680000CF028FF53EC182B0CF024FF0CF052FE1A
:104690000146BDEC028B084610BD00000000000082
:1046A0000C03001000000000000000000000303F7C
:1046B0000D0078ECFF7BB540037C9CF63FEBF040AF
:1046C0000249896A002908BF704708472440001042
:1046D000044902460020496A002908BF7047104675
:1046E000084700002440001010B5E8B115490A78C9
:1046F000012A20D002680A6242688A618268CA611F
:10470000C268002A08BF104A4A620269002A08BF2C
:104710000E4A8A6290E81D1001F1040E8EE81D1009
:1047200001200870002010BD09A1E12000F02EF842
:104730004FF0FF3010BD0DA1E02000F027F84FF042
:10474000FF3010BD244000106FF505086BF505081B
:1047500068616C5F626173655F696E6974282920A6
:104760006E656564732063666700000068616C5F56
:10477000626173655F696E6974282920616C726576
:104780006164792063616C6C6564000070B50E46ED
:10479000044602F0BBFC114D01281EBFAA69002A85
:1047A00090472A6A7AB1314620469047F02C00D0D3
:1047B000FEE702F0ABFC01281ABFE869002870BDD3
:1047C000BDE870400047F02C00D0FEE702F09EFCF0
:1047D00001281CBFE8690028F2D170BD24400010F8
:1047E00070B5054602F092FC0A4C01281EBFA26972
:1047F000002A9047226A12B12946F020904702F021
:1048000085FC01281ABFE069002870BDBDE8704032
:10481000004700002440001010B502F077FC01288A
:1048200008BF10BD0348C069002808BF10BDBDE81F
:10483000104000472440001010B502F067FC01282A
:1048400008BF10BD03488069002808BF10BDBDE83F
:1048500010400047244000100020704710B50B4A5C
:1048600004462146106802F0E6FC002804BF4FF021
:10487000FF3010BDFFF7E0FF204602F0C5FE2046E6
:1048800002F0F0FCFFF7C8FF002010BDCC240010A0
:1048900070B50C460949054616460868294602F0D7
:1048A000CAFC002812BF002C4FF0FF3070BD32460A
:1048B00021462846BDE8704002F036BDCC240010E9
:1048C0002DE9F0470646DFF8FC90DFF8FC8009EBA5
:1048D00086070C468CB07D683146D8F8000002F09F
:1048E000AAFC002861D0002C08BF384C3146D9F80A
:1048F000000002F0A0FC012801D055B119E02022EF
:1049000029462046CDF767FA00284ED10CB0BDE805
:10491000F08721796079002918BF002804D12CA1E3
:104920004FF0E300FFF732FF202000F011FE0546B4
:10493000786094E88F1685E88F16324D0021A85DC7
:1049400000F0E0F8A85D00F0C5F86078002818BF16
:1049500001208DF8280000200B902B480AA9C0F8F0
:104960000080304602F04EFFF8B920798DF8000043
:10497000A0788DF80100A0680190E068029060794D
:104980008DF80C00E0788DF80D00206904906069C6
:10499000059001208DF81800A0690790E069089043
:1049A0006946304602F0ECFC20B10CB04FF0FF300D
:1049B000BDE8F0873146034802F04CFC0CB0002003
:1049C000BDE8F087CC240010E01E0608281D06086C
:1049D00068616C5F63616E5F696E697428293A2053
:1049E0006E656564206E6F6E2D7A65726F207478C7
:1049F00020616E64207278206669666F2073697A20
:104A000065730000241D0608F802001070B50C46FE
:104A1000084905460868294602F00DFC002812BF27
:104A2000002C4FF0FF3070BD2146284602F042FDB9
:104A3000002070BDCC24001070B50C460B49064612
:104A400015460868314602F0F6FB002812BF002C1C
:104A50004FF0FF3070BD012D0CBF01220022214616
:104A60003046BDE8704002F055BD0000CC24001077
:104A700070B50C46084905460868294602F0DBFB7C
:104A8000002812BF002C4FF0FF3070BD2146284691
:104A9000BDE8704002F07EBDCC2400100146024803
:104AA000006802F0C8BB0000E01E060810B5084A06
:104AB00004462146106802F0BEFB002804BF4FF0F8
:104AC000FF3010BD2046BDE8104002F089BD000057
:104AD000CC24001010B5044608482146006802F0B6
:104AE000AAFB002804BF4FF0FF3010BD044800EBC4
:104AF0000410C16820468847002010BD50400010B7
:104B00001C2006082DE9F0470446DFF89090DFF8F6
:104B1000908009EB84070E467D682146D8F8000096
:104B200002F089FB01281CBF6FF00E00BDE8F08782
:104B3000002E08BF1B4E2146D9F8000002F07BFB77
:104B4000012801D05DB10FE0012229463046CDF7A2
:104B500042F9002818BF4FF0FF30BDE8F087012070
:104B600000F0F6FC0546786030782870204608EBA7
:104B700000118A68002A1FBFCB68002B0B69002B2D
:104B800016BF49684FF0FF309047050003D121461A
:104B9000024802F05FFB2846BDE8F0875040001055
:104BA0001C200608BC2106082DE9F04105000AD0AA
:104BB000164C207878B116A1E020FFF7E7FD4FF002
:104BC000FF30BDE8F0811AA1E120FFF7DFFD4FF0D3
:104BD000FF30BDE8F08195E8CF1104F1040E8EE8B6
:104BE000CF112846FFF780FD05F1140001F002FA0D
:104BF00005F1150000F0EAFA05F1180002F06EFA6E
:104C0000012020700020BDE8F08100007024001019
:104C100068616C5F636F72655F696E6974282920D3
:104C2000616C72656164792063616C6C656400001D
:104C300068616C5F636F72655F696E6974282920B3
:104C40006E6565647320636667000000084810B5F0
:104C50000178012906D00749E020FFF797FD4FF0C2
:104C6000FF3010BD02210170FFF7F6FD002010BDDE
:104C700070240010582606080E4BC0EBC00203EB50
:104C80008202121D012817BF0228D2E900024FF04C
:104C9000FF300246B0F1FF3F18BFB2F1FF3F06D030
:104CA000814224BF1044884284BF01207047002005
:104CB000704700004820060870B50546010005D081
:104CC000194C206802F0B7FA012802D06FF00E00EC
:104CD00070BD16482946006802F0ADFA012820D0C0
:104CE000C5EBC50004EB8000041D012D18BF022D8B
:104CF00017D1207A4FF0000100F046FC002818BFC1
:104D000070BD2269002A1FBF60690028A0690028C1
:104D100007D02846E168904718B92946034802F0B1
:104D200099FA002070BD000048200608A424001055
:104D30002DE9F84304461C4888461F4615464FF0A7
:104D4000FF360068214602F076FA01281AD1002FBA
:104D500018BF002D16D041462046FFF78DFF88B1C1
:104D600008EB0500411E2046FFF786FF50B10F49B2
:104D7000C4EBC40001EB8000001D012C18BF022C05
:104D800004D00EE04FF0FF30BDE8F8834FF0000193
:104D90000091D0F814C03B462A4641462046E047E1
:104DA00006463046BDE8F883A424001048200608D3
:104DB0002DE9F84304461C4888461F4615464FF027
:104DC000FF360068214602F036FA01281AD1002F7A
:104DD00018BF002D16D041462046FFF74DFF88B181
:104DE00008EB0500411E2046FFF746FF50B10F4972
:104DF000C4EBC40001EB8000001D012C18BF022C85
:104E000004D00EE04FF0FF30BDE8F8834FF0000112
:104E10000091D0F818C03B462A4641462046E0475C
:104E200006463046BDE8F883A42400104820060852
:104E300003F06EBD03F07ABD2DE9F041DFF8EC80A0
:104E4000394D074698F800006C6801281CBF6FF0C8
:104E50000E00BDE8F081002F04BF6FF00100BDE837
:104E6000F0810021286802F0E6F9012801D04CB158
:104E70000DE0102221463846CCF7ADFF002843D183
:104E8000BDE8F081302000F063FB0446686098F8CC
:104E9000026098F80150FF2E08BF7E78FF2D08BFF2
:104EA000BD781EB922A0FFF79BFC02261DB92EA0DB
:104EB000FFF796FC022597E80F0084E80F0078685A
:104EC000D0E9001280682161C4E90520002000F0CB
:104ED0007DF818B132A1E020FFF758FCD4E90201B7
:104EE000C4E90801002084F82800207884F829000B
:104EF000344884F82A6084F82B50C0F8008004F10C
:104F0000200003F031FD18B14FF0FF30BDE8F08113
:104F1000002000F011F90021034802F09BF903F092
:104F2000EFFF0020BDE8F08100030010041F060819
:104F300068616C5F6574685F696E697428292066B2
:104F40006F756E64207478646D616361706163690C
:104F5000747920617420302E207365742069742068
:104F6000746F20320000000068616C5F6574685FD8
:104F7000696E6974282920666F756E642072786482
:104F80006D61636170616369747920617420302E92
:104F90002073657420697420746F20320000000053
:104FA00068616C5F6574687472616E73636569765D
:104FB00065725F696E69742829206661696C656431
:104FC00000000000FC02001003F048BF2DE9F04192
:104FD0002A4F2B4E054600217C68306802F02BF9E1
:104FE00001281CBF6FF00E00BDE8F081002D08BF46
:104FF000244D0021387802F003F9012801D05CB17A
:105000000FE0012221462846CCF7E5FE002818BF14
:105010004FF0FF30BDE8F081012000F099FA04461E
:10502000786028782070F06800281CBF306900285C
:105030001AD0706900281CBFB069002814D0F0692C
:1050400000281CBF306A00280ED04FF000013068E5
:1050500002F0F1F80C49087008464160002004F0A5
:1050600021F8040007D102E04FF0FF30F9E70021FA
:10507000024802F0CCF82046BDE8F081CC020010D6
:10508000CC2006080C1D0608C402001070B50646A8
:105090000B480D4614460021407802F0B1F8002874
:1050A00012BF002C4FF0FF3070BD064823462A4641
:1050B000D0F820C03146BDE870404FF00000604796
:1050C000CC020010CC20060810B504460A48002186
:1050D000407802F095F8002804BF4FF0FF3010BD73
:1050E000002C04BF6FF0010010BD04482146826906
:1050F000BDE8104000201047CC020010CC2006086C
:1051000070B504460A480D460021407802F078F850
:10511000002812BF002C4FF0FF3070BD05482A4612
:105120002146C369BDE870404FF0000018470000F9
:10513000CC020010CC20060830B5224D044683B0C6
:105140000021287802F05CF8002802BF4FF0FF3001
:1051500003B030BD0021687802F052F8012812D067
:10516000684603F0BDFF00281CBF03B030BD002C13
:105170001CBF9DF8000020700021681C02F047F859
:1051800003B0002030BD10484169002908BF4FF02E
:10519000FF300AD0FF218DF80410426901A90020D8
:1051A00090479DF804108DF80010002C04BF03B048
:1051B00030BD684603F056FF9DF80010217003B023
:1051C00030BD0000CC020010CC20060805490A784A
:1051D000002A1CBF4FF0FF307047012008700020EC
:1051E000704700001C0400102DE9F0411349C4B2BF
:1051F000FF2C4E6818BF5FEA104507D0104F2946B4
:1052000037F8140002F00AF8012802D00320BDE8A4
:10521000F08107EB440064F3070665F31F46008B3B
:10522000294601F0FBFF0128304603D0BDE8F041DC
:1052300004F0E8B9BDE8F04104F026BA481D0608BC
:10524000D82400102DE9F04784B00746002908BF94
:1052500031490D784FF0FF39022D2AD0FEB23C0CB7
:1052600091F80180FF2E18BF002C22D0FF2D18BF0F
:10527000B8F1FF0F1DD02948214630F8160001F083
:10528000CDFF01281EBF6FF00E0004B0BDE8F0870F
:105290002348244AFBB2C169406A8DF800604FF090
:1052A000000A02EB4306012D07D0C5B1032D1ED025
:1052B00029E004B04846BDE8F0871B48CDE901412C
:1052C00010F808008DF80900684604F07BF9002802
:1052D000EFD106F11800214601F0A9FF13E0CDE956
:1052E000014A684604F06EF90028E2D106E0CDE9F3
:1052F0000140684604F066F90028DAD106F118008A
:10530000214601F08FFF2146304601F090FF04B0A6
:105310005046BDE8F0870000581D0608541F0608D7
:10532000481D0608D8240010501D06082DE9F0413C
:105330000F461449C4B2FF2C0E681CBF5FEA10452B
:10534000032F10D0DFF84080294638F8140001F010
:1053500065FF012807D108EB44002946008B01F0C6
:105360005DFF012803D04FF0FF30BDE8F0813046EB
:1053700064F3070065F31F40394604F0A5F90020E7
:10538000BDE8F081481D0608D82400102DE9F04141
:105390000446DFF85880164F08EB840521466E68F6
:1053A000386801F048FFB0B12146D8F8000001F09C
:1053B00042FF002808BFBDE8F0811EB9012000F0BF
:1053C000C7F86860204604EB800107EB8101C968DB
:1053D00009B1884718B14FF0FF30BDE8F081214690
:1053E000024801F02FFF0020BDE8F081D802001034
:1053F000F02006082DE9F8430446DFF8A090DFF816
:10540000A08009EB84070D467E682146D8F800008D
:1054100001F011FF002836D0002D08BF214D214694
:10542000D9F8000001F007FF012801D046B10CE0D7
:10543000012231462846CCF7CEFC20BBBDE8F883DC
:10544000012000F085F8064678602878307004EB7B
:10545000840008EB80014A6810788DF800002878F5
:10546000002818BF012802D0022818BF50788DF8F4
:1054700001008A68002A1CBF0869002803D0694619
:105480002046904718B14FF0FF30BDE8F883214621
:10549000024801F0DFFE0020BDE8F883D8020010CA
:1054A000F02006080D1D0608F0B507461C480E46FC
:1054B00083B01C4615460068394601F0BCFE012841
:1054C0002AD1002E1CBF002D002C25D04FF000014A
:1054D000318029802180ADF80010ADF80410ADF8BE
:1054E0000810104907EB870001EB800002ABD0F8F1
:1054F00014C001AA69463846E04700281CBF03B023
:10550000F0BDBDF800103180BDF804102980BDF851
:105510000810218003B0F0BD03B04FF0FF30F0BDA4
:10552000D8020010F020060801460248006801F089
:1055300082BE0000F020060810B50446006800286E
:1055400008BF10BDFFF7BCF80020206010BD0000B0
:1055500010B5FFF7BDF8040003D103A1E220FFF767
:1055600015F9204610BD000068616C5F68656170C8
:105570005F6E657728293A206E6F2068656170201C
:10558000616E796D6F7265002DE9F047DFF8C880B4
:10559000054608EB850782B07E680C0008BF2F4CDB
:1055A00020786FF00E0A012808D0DFF8B490294661
:1055B00099F8000001F03FFE012803D002B05046E8
:1055C000BDE8F0872946D8F8000001F034FE4FF01E
:1055D000FF3A4FF00008012801D066B114E0032221
:1055E000B11C2046CCF7F7FB002808BF4046E5D1A8
:1055F00002B0BDE8F0870520FFF7AAFF002278601F
:10560000064602707868427020887080A0783071F9
:1056100014486946C0F8009020788DF800008DF895
:10562000018060788DF802008DF803802846CDF85F
:10563000048004F061F80028C0D12946064801F032
:1056400009FE7A680021084611707968487002B036
:105650004046BDE8F087000070400010D0210608E9
:105660006C1F0608200400102DE9F0411B4F044672
:105670002146386801F0DFFD002804BF4FF0FF30FD
:10568000BDE8F0812146DFF85880D8F8000001F02D
:10569000D2FD01281FD007EBC4051249A868FFF707
:1056A000D1FD002818BFBDE8F08121460C4801F06B
:1056B000D1FD0D4821464668D8F8000001F0BBFD39
:1056C00048B1297A304661F30700698961F31F40C8
:1056D000797903F0F9FF0020BDE8F0810821060880
:1056E000E00200101C1D0608101D060870B50446D7
:1056F0000D48214645680D48006801F09CFD0028D2
:1057000004BF4FF0FF3070BD094A284602EBC401C8
:105710000B7A498963F3070061F31F405179BDE8B3
:10572000704003F0D1BF0000101D0608E002001019
:105730000821060870B504460D48214605680D4845
:10574000006801F078FD002804BF4FF0FF3070BD05
:10575000094A284602EBC4010B7A498963F3070022
:1057600061F31F401179BDE8704003F0ADBF000048
:10577000101D0608E00200100821060870B5044656
:105780000C48214685680C48006801F054FD00284B
:1057900004BF4FF0FF3070BD084800EBC40128463D
:1057A0000A7A4989BDE8704062F3070061F31F403F
:1057B00003F078BF101D0608E0020010082106085B
:1057C0002DE9F04706460146062812D243480068F4
:1057D00001F031FD68B1DFF80881DFF8089100259C
:1057E000414C424F062E58D2DFE806F00714212E16
:1057F0003D4A4FF0FF30BDE8F087607818B90021CE
:105800004046FDF7C6FA4FF400513846FCF79CFEBF
:10581000257025E0207818B900214046FDF7B9FA37
:105820004FF480513846FCF78FFE657018E0E07841
:1058300018B900214846FDF7ACFA4FF480413846CC
:10584000FCF782FEA5700BE0A07818B9002148464D
:10585000FDF79FFA4FF400413846FCF775FEE570FE
:105860000020BDE8F087607818B900214046FDF7B8
:1058700090FA4FF400513846FCF766FE2570CBE7EE
:10588000E07818B900214846FDF783FA4FF48041CB
:105890003846FCF759FEA570D8E700214046FDF7D1
:1058A00078FA00214846FDF774FA4FF480513846E3
:1058B000FCF74AFE4FF400513846FCF745FE4FF422
:1058C00080413846FCF740FE4FF400413846FCF773
:1058D0003BFE25706570A570C1E70000F002001066
:1058E0000000014000040140E802001000100240E6
:1058F0002DE9F04104460146062811D241480068CE
:1059000001F099FC60B1214601243F483F4E404DD3
:10591000404F062957D2DFE801F007121D2935450F
:105920004FF0FF30BDE8F0810121FDF732FA4FF46E
:1059300000513046FCF70AFE2C70BDE8F0810121D1
:10594000FDF727FA4FF480513046FCF7FFFD6C70ED
:10595000BDE8F08101213846FDF71BFA4FF4804184
:105960003046FCF7F3FDAC70BDE8F081012138460C
:10597000FDF70FFA4FF400413046FCF7E7FDEC70FD
:10598000BDE8F0810121FDF704FA4FF400513046E3
:10599000FCF7DCFD4FF480513046FCF7D7FD2C714D
:1059A000BDE8F08101213846FDF7F3F94FF480415D
:1059B0003046FCF7CBFD4FF400413046FCF7C6FD06
:1059C0006C71BDE8F0810121FDF7E3F90121384652
:1059D000FDF7DFF94FF480513046FCF7B7FD4FF487
:1059E00000513046FCF7B2FD4FF480413046FCF7E1
:1059F000ADFD4FF400413046FCF7A8FD2C706C70F3
:105A0000AC70BCE7F0020010000001400010024042
:105A1000E80200100004014001484079704700008E
:105A2000F00200102DE9F04FDFF8D0939BB0D9F8C9
:105A30000000002802BF4FF0FF301BB0BDE8F08F20
:105A4000FE2501211020FCF79FFE6846FCF780FD33
:105A50004FF47040009001208DF8040000248DF870
:105A600005408DF806408DF807406946E448FCF78C
:105A7000FDFC4FF48051E248FCF768FD4FF4005103
:105A8000DF48FCF763FD4FF48041DD48FCF75EFD25
:105A90004FF40041DA48FCF759FD01210820FCF7DA
:105AA00073FE6846FCF754FD0F2000908DF804400B
:105AB0008DF8054001208DF806008DF807406946F5
:105AC000D048FCF7D3FC01210846FCF75DFE684690
:105AD000FCF73EFD02274FF474608DF804700090CF
:105AE0008DF805708DF806400120C74E8DF807002F
:105AF00069463046FCF7BAFC012206213046FCF725
:105B000004FD012208213046FCF7FFFC0122092197
:105B10003046FCF7FAFC01220A213046FCF7F5FC7E
:105B200001220B213046FCF7F0FCB848FDF73CF9A8
:105B300015A8FDF709FC01210846FCF755FE4FF4B6
:105B400052601690ADF85C400120ADF854404FF023
:105B500060088DF85E00ADF8568015A9AB48FDF7DA
:105B6000B3FBADF808800120ADF80A00ADF8144091
:105B70004FF0080AADF81840ADF80C400494ADF8A9
:105B800016A0ADF81A4002A9A048FDF79DFA4FF4FF
:105B9000D25602A99D480496FDF796FA02A99B48A1
:105BA0000496FDF7C5FA02A998480496FDF703FB91
:105BB00002A996480496FDF740FB4FF4006BADF840
:105BC00034B07802ADF836008010ADF838005420BB
:105BD000ADF83A00F802ADF83C004000ADF83E00E8
:105BE000ADF840400DA98948FDF7B2F880218748FB
:105BF000FDF7C3F8012280218448FDF75DFA0121F9
:105C00000802FCF7C1FD6846FCF7A2FC8DF80470A1
:105C1000F4208DF8057000908DF8064001207C4F2F
:105C20008DF8070069463846FCF720FC0322042162
:105C30003846FCF76AFC032205213846FCF765FC70
:105C4000032206213846FCF760FC03220721384670
:105C5000FCF75BFC032202213846FCF756FC6D4F33
:105C60003846FDF7A1F818A8FDF76EFB01210220C8
:105C7000FCF7BAFD70101990ADF868400120ADF83E
:105C800060408DF86A00ADF8628018A93846FDF7CB
:105C90001BFBADF81C800120ADF81E00ADF82840BC
:105CA000ADF82C40ADF820400994ADF82AA0ADF82D
:105CB0002E4007A93846FDF707FA07A93846099686
:105CC000FDF702FA07A938460996FDF731FA07A948
:105CD00038460996FDF76FFA07A938460996FDF789
:105CE000ACFAA81CADF848005420ADF84A00ADF855
:105CF0004C407814ADF844B0ADF84E00ADF84640D5
:105D0000ADF8504011A93846FDF722F880213846F9
:105D1000FDF733F8012280213846FDF7CDF9202127
:105D20003A48FDF7C1FA01213848FDF735F901215C
:105D30003648FDF71FF8002201213448FDF7BCF971
:105D400001213248FDF71CF800213048FDF721F809
:105D5000002201213846FDF7AFF901213846FDF751
:105D60000FF800213846FDF714F819208DF830009F
:105D700004208DF831008DF8324001208DF8330079
:105D80000CA8FCF7B3FC244E182074718DF8300079
:105D900003208DF831008DF8324001208DF833005A
:105DA0000CA8FCF7A3FC0020A6F108010C54401C31
:105DB000C0B20628FAD3FE2D04BF0024012509D065
:105DC000062D03D22946144801F044FA1BB00020E6
:105DD000BDE8F08F2146062C0AD2D9F8000001F068
:105DE0002AFA012804D1357121460B4801F032FA14
:105DF000601CC4B2062CEDD3E8E700005021060871
:105E000000100240000C024000000240000001406F
:105E10000020024000040140F00200102DE9F04192
:105E20000C4607460146062818D25B48006801F078
:105E300002FA98B1002C15DBB4F5526FC8BF4FF4CD
:105E4000526402DC142CB8BF1424544D544E062F57
:105E500044D2DFE807F01228394F60854FF0FF3059
:105E6000BDE8F0816042B0F5526FC8BF4D4C604252
:105E70001428B8BF6FF01304E7E7002C08DD2146B3
:105E80002846FDF71DFA00212846FDF71BFA64E0BD
:105E9000604204B200212846FDF712FA2146284646
:105EA000FDF710FA59E0002C05DD21462846FDF7E4
:105EB00003FA002106E0604204B200212846FDF703
:105EC000FBF92146284607E0002C08DD2146304634
:105ED000FDF7F2F900215DE0FDF7F0F93DE06042E9
:105EE00004B200213046FDF7E7F921463046FDF7C0
:105EF000E5F932E0002C05DD21463046FDF7E0F9FA
:105F0000002106E0604204B200213046FDF7D8F9D6
:105F1000214630461FE0002C0DDD21462846FDF7C6
:105F2000CBF900212846FDF7C9F921462846FDF79F
:105F3000C7F900210EE0604204B200212846FDF7B7
:105F4000BBF921462846FDF7B9F900212846FDF79F
:105F5000B7F921462846FDF7B5F90020BDE8F081E4
:105F6000002C08DD21463046FDF7AAF90021304615
:105F7000FDF7A8F9AAE7604204B200213046FDF718
:105F80009FF921463046FDF79DF900213046FDF787
:105F900093F9214630469FE7F002001000000140CF
:105FA00000040140E0F2FFFF0A480179002904BF24
:105FB0004FF0FF30704710B500214171064C802131
:105FC0002046FCF7DAFE012280212046FDF774F816
:105FD000002010BDF002001000000140014606281C
:105FE00024BF002070470248006801F024B9000077
:105FF0005021060800B597B012A8FCF70DFC0E481A
:10600000129B8168994207D1C168159A914203D1C8
:106010000069149988420CD0DDE91410CDE9000123
:1060200006A2402102A8CBF7A5FB02A9E020FEF7BB
:10603000ADFB17B0002000BDA41E060868616C5FB0
:106040006D70752077726F6E67207370656564730D
:106050003A20637075203D20256420687A2C2066E4
:10606000627573203D20256420687A2C2073627548
:1060700073203D20256420687A00000070B50B4D28
:1060800004462146286801F0D6F8002804BF4FF0E6
:10609000FF3070BD2146054801F0D4F805EB8400BF
:1060A000001DFFF749FA002070BD00005C400010A1
:1060B000144A10B502EB80014C680146106801F0EB
:1060C000BAF8002804BF4FF0FF3010BDD4F802002A
:1060D0000121FFF72BF9A079FF2819BFA07AFF282B
:1060E000002010BD4FF0010000F0F2FFD4F80600D0
:1060F0000121FFF71BF9D4F80A000121FFF716F977
:10610000002010BD5C4000102DE9F0410546DFF88D
:10611000BC800E4608EB850729467C68D8F800004D
:1061200001F089F800284CD0FF2E1ED0D4F80200D0
:106130000121FFF7FBF8012000F0CAFF2448815D30
:10614000D4F80600FFF7F2F82248815DD4F80A007F
:10615000FFF7ECF8012000F0BBFFD4F802000021AB
:10616000FFF7E4F80020BDE8F081A079FF2804BF24
:10617000A07AFF28F1D029467C68D8F8000001F009
:106180005AF8F0B1D4F802000121FFF7CFF8A07956
:106190000025FF2819BFA07AFF282846BDE8F08116
:1061A0004FF0010000F094FFD4F806000121FFF742
:1061B000BDF8D4F80A000121FFF7B8F82846BDE879
:1061C000F0814FF0FF30BDE8F08100005C4000102E
:1061D000C1210608C421060870B5094A0D4602EB24
:1061E00080014C680146106801F025F8002804BFC2
:1061F0004FF0FF3070BDD4F802002860002070BD61
:106200005C4000102DE9F0470546DFF8C490DFF848
:10621000C48009EB85070E467C682946D8F8000043
:1062200001F009F8002804BF4FF0FF30BDE8F08707
:106230002946D9F8000000F0FEFF012804BF002025
:10624000BDE8F087002E08BF234E24B90E20FFF7CB
:106250007FF9044678603078207005EB450008EB44
:10626000C0004269C4F802204168C4F80610C06842
:10627000C4F80A0019491046FEF7E4FFD4F80200FA
:106280000121FFF753F8A079FF281CBFA07AFF284F
:1062900017D04FF0010000F01BFFD4F806000F49A3
:1062A000FEF7D0FFD4F806000121FFF73FF8D4F83D
:1062B0000A000A49FEF7C6FFD4F80A000121FFF7D9
:1062C00035F82946024800F0C5FF0020BDE8F087F8
:1062D0005C40001054210608C0210608C8210608A9
:1062E00010B504460146042813D21348006800F094
:1062F000A2FF70B14FF0FF3074B1012C11D0022C0D
:1063000015D0032C18BF10BD0C48BDE81040FCF799
:1063100045BE4FF0FF3010BDBDE810400848FCF707
:106320003DBEBDE810404FF08040FCF737BEBDE8F1
:1063300010400448FCF732BE18030010000C004067
:1063400000040040000800402DE9F04F89B00446E9
:106350000146042822D2CC48006800F06CFFE8B166
:10636000CA482146006800F066FF012802BF0020ED
:1063700009B0BDE8F08F0025022603274FF004097D
:106380004FF47A3A4FF008084FF4FA4B5CB1012C05
:106390005BD0022C7DD0032C00F0178109B04FF0A8
:1063A000FF30BDE8F08F01210220FCF705FA012142
:1063B0000420FCF7E9F96846FCF7CAF88DF8046098
:1063C000C0208DF80570B24E00908DF806508DF803
:1063D000075069463046FCF749F80222062130464C
:1063E000FCF793F8022207213046FCF78EF8A94EFD
:1063F0003046FCF7D9FC02A8FCF7A6FFADF8085020
:10640000CDF80CA0ADF81050ADF80A5002A93046F6
:10641000FCF75AFF00231A4603213046FCF79EFD85
:1064200005A8FCF741FEADF81C8005A93046FCF735
:10643000BEFDADF8149005A93046FCF7B8FD9648AE
:10644000C0F800B00121304667E001210846FCF7A2
:10645000B3F901210846FCF797F901210220FCF766
:1064600093F96846FCF774F88DF8046001208DF804
:106470000570DFF828B200908DF806508DF80750AF
:1064800069465846FBF7F2FFCDF800808DF80460AE
:1064900000E045E08DF80570814E8DF806508DF8CE
:1064A000075069463046FBF7E1FF012200215846BC
:1064B000FCF72BF8012203213046FCF726F83005C3
:1064C000FCF772FC02A8FCF73FFFADF80850CDF8CE
:1064D0000CA0ADF81050ADF80A5002A93005FCF739
:1064E000F3FE00231A4603213005FCF737FD05A80B
:1064F000FCF7DAFDADF81C8005A93005FCF757FD67
:10650000ADF8149005A93005FCF751FD4FF480213A
:10651000080341626349C1620121FCF731FCABE031
:1065200001210420FCF748F901210820FCF72CF98F
:106530006846FCF70DF88DF804604FF440508DF874
:106540000570594E00908DF806508DF80750694639
:106550003046FBF78BFF02220C213046FBF7D5FFBC
:1065600002220D213046FBF7D0FF504E3046FCF79B
:106570001BFC02A8FCF7E8FEADF80850CDF80CA013
:10658000ADF81050ADF80A5002A93046FCF79CFE59
:1065900000231A4603213046FCF7E0FC05A8FCF76F
:1065A00083FDADF81C8005A93046FCF700FDADF871
:1065B000149005A93046FCF7FAFC3D48C0F800B03D
:1065C00001213046FCF7DCFB56E001210820FCF7F6
:1065D000F3F801218020FCF7D7F86846FBF7B8FFF5
:1065E0008DF804604FF440608DF80570314E0090D6
:1065F0008DF806508DF8075069463046FBF736FF98
:1066000002220A213046FBF780FF02220B2130468E
:10661000FBF77BFF284E3046FCF7C6FB02A8FCF7D1
:1066200093FEADF80850CDF80CA0ADF81050ADF8C1
:106630000A5002A93046FCF747FE00231A46032100
:106640003046FCF78BFC05A8FCF72EFDADF81C804E
:1066500005A93046FCF7ABFCADF8149005A930460F
:10666000FCF7A5FC15493013086015490D48086072
:1066700001213046FCF784FB2146044800F0EAFD86
:1066800009B00020BDE8F08FB821060818030010FB
:1066900000080240000400402404004000000240C2
:1066A00000040240C0C62D00000C0240000800405B
:1066B00024080040001C0240000C0040240C004054
:1066C0002C0C004027480068002808BF704770B5B0
:1066D000254E86B03078012804BF06B070BD012178
:1066E0004020FCF751F801218803FCF77DF868464B
:1066F000FBF72EFF00244FF470458DF80440009501
:106700008DF8074069461948FBF7B0FE0C210620BA
:10671000FCF790F90D210620FCF78CF90E210620DC
:10672000FCF788F90F210620FCF784F98DF80C405E
:10673000082002958DF80D0001258DF80E5002A855
:10674000FBF74CFE28208DF810000D208DF811006D
:106750008DF812408DF8135004A8FBF7C7FF357071
:1067600006B070BDB82106081403001000180240DE
:106770002DE9F041214C06460146206800F05BFD02
:10678000002836D0304603F03BFBB0F1FF3F30D05D
:1067900004EB860700247D68E86A10B102F0D4FC9F
:1067A000EC62286B10B102F0CFFC2C63686A10B168
:1067B00002F0CAFC6C62686B20B105F13400FEF790
:1067C000BBFE6C632C606C60AC60EC602C616C6137
:1067D000AC61EC612C626C62AC62EC62381D2C63C3
:1067E000FEF7AAFE3146054800F02CFD0020BDE86A
:1067F000F0814FF0FF30BDE8F081000080400010D4
:106800002DE9F0410E4F0D46044601461646386804
:1068100000F011FD002804BF4FF0FF30BDE8F0810B
:10682000002D04BF6FF00100BDE8F08107EB84008C
:10683000324640682946406ABDE8F04102F0C7BCD4
:1068400080400010034B024A1A6008F0C3BE0000EB
:10685000A01F06082404001070B51546084A0E460D
:1068600002EB80014C680146106800F0E4FC00284F
:106870000EBF4FF0FF30C4E90565002070BD000079
:106880008040001010B5044601460C48006800F036
:10689000D2FC00280DBF4FF0FF30094850F82440CB
:1068A00010BD80212046FCF77DF80128F9D0002199
:1068B0002046FCF70CF8002010BD000080400010BE
:1068C000FC21060810B5044601460948006800F09E
:1068D000B2FC002804BF4FF0FF3010BD0548002275
:1068E000602150F82400FCF764F8002010BD00007F
:1068F00080400010FC21060870B5134A0D4602EBDB
:1069000080014C680146106800F095FC002804BF27
:106910004FF0FF3070BD607A94F823105DB110FB2A
:1069200001F22946606BCBF7A1FA2946206B02F0F1
:1069300013FD002070BD10FB01F1606BCBF79CFBD9
:10694000206B02F0F1FBF4E78040001070B50A4ABA
:106950000D4602EB80014C680146106800F06BFCAC
:1069600030B1607AA84222BF84F82250002070BD66
:106970004FF0FF3070BD0000804000102DE9F04165
:1069800005462B480E4600EB8501DFF8A8804C68D1
:1069900082B058F825702946006800F04CFC0028A9
:1069A00011BF002E4FF0FF3002B0BDE8F08158F863
:1069B00025004FF000024FF06001FBF7FAFF84F86A
:1069C0002960E06A02F0B0FB002084F82800ADF8EE
:1069D000000094F8231001291ED000226946206B84
:1069E00002F0F5FB58F8250001226021FBF7E1FFDA
:1069F00058F825000121FBF76AFF02213846FBF712
:106A0000D1FF0028F9D0BDF800103846FBF7E0FFB1
:106A100002B00020BDE8F0818DF80400002201A939
:106A2000206B02F0D4FB9DF80400ADF80000D9E71C
:106A300080400010FC2106082DE9F0410646DFF8F1
:106A40008080314608EB8607D8F800007C6800F0AB
:106A5000F2FB002818BF00252ED008EB8500406807
:106A600028B1417C627C914201D1A0421AD1052D0E
:106A700014D1E07DFFF726FFE07DFFF703FFE07D07
:106A8000FFF776FEB0F1FF3F16D0607CFFF710FBFA
:106A9000607CFFF7F3FAB0F1FF3F0DD0681CC5B280
:106AA000062DDAD33146064800F0CCFB381DFEF740
:106AB00043FD0020BDE8F0814FF0FF30BDE8F081DC
:106AC000B02400102DE9F84315469F4A0E4602EB0C
:106AD00080014C680146106800F0ADFB002800F012
:106AE000D980002E12BF002D6FF00100BDE8F883A1
:106AF0004FF0000C85F800C0C5F804C0207B4FF0B3
:106B0000010178B1042831D00421052841D00128A1
:106B100000F0C480022800F0F380032800F0FF801A
:106B200000F00EB985F800C094F8230000F00702C9
:106B3000042A7DD094F82220FF2A02BFFF2894F86F
:106B40002420FF2A1CD010F0030F04D029702879CC
:106B500040F00200287194F8230010F0040F67D170
:106B60002970287940F0040028718BE085F800C076
:106B700094F82200FF2804BF94F82300FF2857D17F
:106B80002970287940F0010028714FF0FF30BDE8EE
:106B9000F88385F800C085F804C094F83A0000280E
:106BA00018BF012803D14FF005002870297194F80F
:106BB0003A00022807D106202870287900F0070043
:106BC00040F00200287194F8230094F82220010A72
:106BD00000061CEB000394F824004A41010C000459
:106BE0001B1894F825004A41010E00021B1894F866
:106BF00026004A41191842EB0C00544A030EC0F318
:106C00000747D35C4FEA11687B40C0F30727D35C8A
:106C10007B40C7B2D35C7B4048EA0027D35CFFB21D
:106C20007B404FEA114848EA0047FFB2D35C00E0DE
:106C300028E07B400F0A47EA0060D35CC0B25840AE
:106C4000C9B2105C484094F83B10105CC043C0B21D
:106C5000814207D007202870287900F0070040F013
:106C600001002871208FA0F57F41FF390AD13849F2
:106C7000A069884201BF94F83A00032894F83B00C9
:106C8000FF2802D0A06930605AE04FF00800287059
:106C9000C5F804C04FF0FF30BDE8F88385F800C0A8
:106CA000207FF52804BF94F82200A62810D094F87D
:106CB0002200FF2804BF94F82300FF2808D194F88D
:106CC0002400FF2802BF94F82500FF282970E1D096
:106CD00094F83500762804D094F83500772807D04A
:106CE0000CE094F82A0048B102212970686005E0A0
:106CF00094F82A0010B1032129706860A0690CE0A3
:106D0000CDF800C004F1300394F834009A1E02213B
:106D100000F0B2FED4F82E00A061306010E004F163
:106D20003200009004F1300394F834009A1E0221DE
:106D300000F0A2FEE08D3060208E7060608EB0604A
:106D40000020BDE8F8830000B0240010EC1B06080A
:106D5000FFFF07002DE9F0470646DFF8D491754F95
:106D600009EB86080D468CB0D8F8044031463868E7
:106D700000F061FAA8B1002D08BF6F4D3146D9F877
:106D8000000000F058FA012801D07CB114E0102274
:106D900021462846CBF71FF8002804BF0CB0BDE8F9
:106DA000F0874FF0FF300CB0BDE8F0873C20FEF7D5
:106DB000CFFB0446C8F8040095E80F0084E80F00F4
:106DC0004FF0000884F8368006EB460038442674FD
:106DD000017AE175427A6274807AA075C4F81880ED
:106DE000207B022818BF032829D04FF0000110464D
:106DF000FFF708FA00281CBF0CB0BDE8F087607CE4
:106E000004F11201FFF7E8F94C4D05F12C01686A15
:106E100091E80E16009002A880E80E16786801909E
:106E2000207B012814D018B301210222042815D098
:106E300005281ED0022836D003283FD024E0404940
:106E400002EB420001EBC0004069C4F81200DBE72E
:106E500004208DF809008DF81C8015E08DF81C8049
:106E60008DF81D10ADF81E108DF809208DF8081052
:106E70000AE08DF81C808DF81D10ADF81E1006205C
:106E80008DF809008DF80880E07D6946FFF7DAFC8F
:106E900000281CBF0CB0BDE8F087207B022819D069
:106EA00003283AD031E08DF80B108DF809208DF8C9
:106EB00008108DF81C808DF81D10EEE78DF80B1072
:106EC00003208DF809008DF808108DF81C808DF8CE
:106ED0001D10E2E705F5A27508AF95E80F0087E8F9
:106EE0000F00E07D012801D1012500E000258DF88B
:106EF0002000A07C8DF82400A08AADF8260008A907
:106F0000284600F011FD84F834503146084800F05E
:106F1000A1F90CB00020BDE8F08705F5AA7508AF0F
:106F200095E80F0087E80F00E07D0128DED1DBE760
:106F3000B0240010A0200608BC1B0608A81B0608E9
:106F400054210608F8B505465648294600EB850643
:106F50000068746800F06FF9002804BF4FF0FF303C
:106F6000F8BD237B5BB1042B1FD0052B33D0012B45
:106F700047D00020022B7CD0032B79D090E0A17D5C
:106F8000607CFFF7C1F8E07D2A464749FFF764FCC3
:106F9000E07D0321FFF7DAFCE07D4449FFF7ACFC1C
:106FA000E07D0121FFF7EAFC7AE0A17D607CFFF73C
:106FB000ABF8E07D2A463C49FFF74EFCE07D01211D
:106FC000FFF7C4FCE07D3A49FFF796FCE07D012124
:106FD000FFF7D4FC64E0A17D607CFFF795F8E07DCD
:106FE0002A463149FFF738FCE07D0621FFF7AEFC69
:106FF000E07D3049FFF780FCE07D0121FFF7BEFC1A
:107000004EE0A17D607CFFF77FF8607B01281BD0FC
:10701000F5202077FF20607774680021D4F81200F3
:10702000FEF784F9E07D2A462349FFF715FCE07D51
:107030000421FFF78BFCE07D2049FFF75DFCE07D3C
:107040000121FFF79BFC2BE074682A461C49E07D78
:10705000FFF702FCE07D0221FFF778FCE07D194993
:10706000FFF74AFCE07D0121FFF788FC18E000E013
:107070000AE00090002394F834001A46012100F041
:10708000FBFC616851B90BE00090002394F83400D8
:107090001A46012100F0F0FC616809B1A068884738
:1070A0000020F8BDB024001071F90508AC1B0608DB
:1070B000A81B0608B61B060829FB0508B21B060814
:1070C000C9FA0508AA1B060800487047BA20060836
:1070D00003F092B8EFF305807047000010B5002868
:1070E00008BF07480749D0E900200A60486000202F
:1070F0000872C8604FF44070FBF732FB002010BDEF
:10710000A01B06089424001003F0CCB803480068C4
:10711000C005C00D18BF01207047000004ED00E05D
:1071200003F0C2B803F0CDB803F0D8B803F02CB91F
:1071300010B501464FF00060FBF71CFB002010BDAE
:10714000FF2804BF4FF0FF307047F0B51A4F0546D7
:107150000C4685B016462946386800F06CF830B306
:10716000002C02BF6FF0010005B0F0BD13480021F4
:107170000760009101910291039104916068009071
:10718000607A002814BF012100218DF80410207AB4
:107190008DF80500E0680290206903903246694648
:1071A000284603F039F9002804BF05B0F0BD4FF0C0
:1071B000FF3005B0F0BD0000EC1F0608080300100A
:1071C000FF2804BF4FF0FF30704703F01FBAFF28BD
:1071D00004BF0020704703F091BAFF2804BF4FF0AE
:1071E000FF30704703F0A2BA0349097801291CBF98
:1071F0000020704703F086B8F01F060803F0D4B8EB
:10720000012202FA01F1084018BF012070470278FC
:10721000012303FA01F1114301707047084018BFC0
:1072200001207047028822EA01010180704702882C
:10723000114301807047012202FA01F1084018BF92
:10724000012070470123026803FA01F122EA0101DB
:10725000016070470123026803FA01F111430160E4
:10726000704700002DE9F04104462C4800EB8401F2
:1072700000684E682146FFF7DEFF002812BF002E8F
:107280004FF0FF30BDE8F0814FF00100244D254F55
:1072900086F82C00002C0CBF28463846012203211A
:1072A000FAF704FD002C0CBF2846384601220221C3
:1072B000FAF7FCFC002C0CBF284638460122114688
:1072C000FAF7F4FC002C0CBF28463846012248F29D
:1072D0000871FAF7EBFC002C0CBF1420402002F0E0
:1072E000F0FF002C0CBF13203F2002F0DDFF002038
:1072F00086F82F00002C0CBF1620422002F0E1FF80
:10730000002C18BF3D46286820F0010028606868FE
:1073100010F00100FBD1BDE8F08100009C4000109E
:1073200000640040006800402DE9F0410446134825
:107330000E4600EB840117464D6800682146FFF7B2
:107340007AFF002812BF002E4FF0FF30BDE8F08119
:10735000002C0CBF1420402002F0A6FF3A46314614
:10736000A86A01F068FF0546002C0CBF14204020DD
:1073700002F0A7FF2846BDE8F08100009C40001005
:107380002DE9F047DFF8F080064608EB86070D464A
:107390007C6800F0C1FA50B13146D8F80000FFF720
:1073A0004AFF012818BF002D01D024B123E04FF07F
:1073B000FF30BDE8F08795F8009095F80C80B9F1A2
:1073C000000F18BFB8F1000F04D12CA14FF0E3005B
:1073D00002F0D0FF302002F057FF04467860344AB4
:1073E0001021404601F0CCFF6062314A102148462E
:1073F00001F0C6FFA06295E80F1784E80F17286A0E
:107400002062606A02F088F8A06A02F085F8002025
:1074100084F82C0084F82D0084F82E0084F82F00C6
:107420007C68002E0BBF4FF014084FF04008132764
:107430003F270CBF162542256178FF2905D040461D
:1074400002F04CFF404602F02FFF617BFF2905D080
:10745000384602F043FF384602F026FF217EFF291E
:107460001CBF284602F03AFF31460348FFF7F2FE00
:107470000020BDE8F08700009C400010686C5F634E
:10748000616E5F696E697428293A206E65656420B3
:107490006E6F6E2D7A65726F20747820616E642035
:1074A0007278206669666F2073697A6573000000E0
:1074B000542206082DE9F041044615480F4600EB1A
:1074C000840100264D6800682146FFF7B4FE0028BD
:1074D00012BF002F4FF0FF30BDE8F08195F82F006C
:1074E000012806D1002C14BF3F20132002F0DCFE3F
:1074F0000126686A02F017F838702EB1002C0CBF14
:1075000013203F2002F0DDFE0020BDE8F0810000E6
:107510009C4000102DE9F041DFF8748005460C46D0
:1075200016462946D8F80000FFF785FE002812BF4E
:10753000002C4FF0FF30BDE8F081274608EB8500B6
:10754000002D44680CBF13203F2002F0ADFE002048
:1075500084F82F003946606A01F0BBFF07000ED0A7
:10756000012084F82D00284608F034FB002E04BFCB
:10757000284608F0BBFB6FF00500BDE8F081002E47
:1075800004BF284608F0B2FB3846BDE8F081000091
:107590009C40001070B5044610480D4600EB840175
:1075A00000684E682146FFF746FE002812BF002DF6
:1075B0004FF0FF3070BD002C0CBF1420402002F0B3
:1075C00073FEB06A01F0AFFF2870002C0CBF1420CE
:1075D000402002F076FE002070BD00009C400010AC
:1075E00010B5084A044621461068FFF724FE00281B
:1075F00004BF4FF0FF3010BD204608F077FB00209D
:1076000010BD00009C4000102DE9F041644D04467F
:107610008CB021462868FFF70EFE002836D005EB17
:107620008400002CD0F804800CBF5E4F5E4FD8F869
:10763000046086B33846FAF7A5FA31463846FAF7B9
:107640003DFB002808BF4FF0FF3419D01C20FAF78B
:1076500009FC002401208DF80B408DF80C00ADF8DA
:107660000040ADF80440ADF808408DF80D00ADF8CD
:107670000240ADF806408DF80A406846FAF7A0FAD5
:10768000002C02BF00200CB0BDE8F0814FF0FF30AD
:107690000CB0BDE8F081FFE704AE3046FAF7F8FB26
:1076A00008A8FBF7B9F841490A9D0024681A8D42E1
:1076B0004BD023DC3E48A5EB0001854247D00DDCD2
:1076C0003C48281843D000F57750B0F578203CD0DE
:1076D00000F57750B0F5782F35D03AE0A1F5F410E9
:1076E000B0F5906031D000F5F740B0F5F8102AD031
:1076F00000F56550B0F5381F29D02AE02E49421A0E
:10770000884224D00FDC00F56550B0F538101AD04F
:1077100000F57750B0F5782019D000F57740B0F536
:10772000781F12D015E0A2F57420B0F510700AD0C1
:1077300000F57740B0F5781007D000F5F740B0F5C8
:10774000F81F04D005E01D4C02E01D4C00E01D4C6C
:107750001CB91DA1E42002F00DFE207861780844D8
:10776000C01C98F80010C2B2002914BF2348244856
:107770001249D1E9053CC9690493CDE905C1B5FBBE
:10778000F2F1B1FBF0F0ADF81000A0788DF8130025
:1077900020788DF8140060788DF815004AE7000015
:1077A00090400010006400400068004000366E0108
:1077B000809FD500403095FFC0D8A7001C22060846
:1077C0001F2206082222060863616E3A206269744D
:1077D0002073616D706C696E67206E6F74207375B5
:1077E00070706F7274656420666F7220746869735C
:1077F0002063616E636C6F636B00000020A1070063
:1078000040420F002DE9F043DFF8FC900446DFF81A
:10781000FC8009EB84078BB07D68D8F800000E4629
:1078200080B100682146FFF706FD58B12146D9F81E
:107830000000FFF700FD012804D0002E08BF344EE1
:1078400055B904E00BB04FF0FF30BDE8F0830820DD
:1078500002F01AFD05467860D6E90001C5E900018D
:107860002C486A4606AFD0E90813D0F828C0CDE905
:107870000013CDF808C0D0E90B13406B0391CDE99C
:107880000430D8F8000003AE08ADF8B100EB0410E6
:10789000011D104601F089FED8F8001001EB04101C
:1078A00000F10C01304601F080FED8F8001001EB29
:1078B0000410011D384601F069FED8F8001001EBF4
:1078C000041000F10C01284601F060FE684601F04A
:1078D00079FE06A801F02CFE03A801F073FE08A8AB
:1078E00001F026FE002C0CBF4FF000704FF08060BE
:1078F0000121FAF761FF21460348FFF7ABFC0BB00B
:107900000020BDE8F083000090400010F802001055
:10791000282206081C220608014602480068FFF7D4
:107920008ABC000090400010022800D211B94FF02C
:10793000FF3070472DE9F0430546487887B00C4684
:1079400000287DD003287BD8474E29463068FFF7B2
:1079500072FC012802BF002007B0BDE8F08306EBEF
:10796000850046682EB9414A05EB450102EBC10688
:1079700046602778E0684FF00008B8B13C490068DD
:1079800000220860CDF80080CDF804808DF80080DA
:10799000E068694600798DF801003648019020784A
:1079A00002F088FA10B1002843D058E0384602F0BF
:1079B000B1FB4FF0FF39002851D0A078012830D119
:1079C0002C4FD7E90501FA69CDE90001029220792F
:1079D0008DF81000E088ADF8120004A96846CDF8D3
:1079E000149001F0E2FD684601F0ECFD207AFF28DA
:1079F0001CBF6089002814D0D7E90801BA6ACDE914
:107A000000010292207A8DF810006089ADF8120012
:107A100004A96846CDF8149001F0C7FD684601F04E
:107A2000D1FD94E80F0086E80F00C6F81080A6F894
:107A300014804FF4FA7002F0DFFB29460A4800E098
:107A40000DE0FFF707FC0121284600F093F8022122
:107A5000284600F08FF807B00020BDE8F08307B09B
:107A60004FF0FF30BDE8F083EC40001080040010C0
:107A700024040010182306082DE9F05F3C4D04464D
:107A80000F4699469246DDF8288021462868FFF780
:107A9000D2FB002804BF4FF0FF30BDE8F09F05EB9C
:107AA00084000025446894F800B06678584602F0D7
:107AB000E9F9002F18BF012F18D14FF000016068BD
:107AC00001F002FE002E09D900224FF6FF71584640
:107AD00002F028FB681CC5B2AE42F5D8584602F049
:107AE0006FFB0121606801F0EFFD17B1022F04D098
:107AF0001FE04FF4FA7002F07FFB0021606801F094
:107B0000E3FD0025002E0DD9C5F1020004EB400075
:107B100000F110020021584602F004FB681CC5B2B7
:107B2000AE42F1D8584602F04BFB0121606801F0EB
:107B3000CBFD584602F086F9002F18BF022F03D064
:107B40004FF00000BDE8F09FBAF1000F1CBFA08A03
:107B5000AAF80000B9F1000F1CBF608AA9F8000064
:107B6000B8F1000F1CBF208AA8F80000E8E7000069
:107B7000EC4000102DE9F04705466B480C4684B0F8
:107B800000682946FFF757FB00284FF0FF3004BF7D
:107B900004B0BDE8F08700226349571E01EB850160
:107BA000002C53D0012C7DD0022C1CBF04B0BDE8AA
:107BB000F087009201924C68002594F80080667866
:107BC000404602F05FF90021606801F07DFD002E63
:107BD00088BFE9460CD9C5F1020009EB40024FF419
:107BE0006741404602F09EFA681CC5B2AE42F2D828
:107BF000404602F0E5FA0121606801F065FD4FF4AE
:107C0000FA7002F0F9FA0021606801F05DFD0025CC
:107C1000002E0DD9C5F1020004EB400000F1100266
:107C20000021404602F07EFA681CC5B2AE42F1D88F
:107C3000404602F0C5FA0121606801F045FD40466A
:107C400002F000F904B03846BDE8F08700920192D6
:107C50004D68002495F800906E78484602F012F9BD
:107C60000021686801F030FD002E88BFE8460CD97D
:107C7000C4F1020008EB400246F24A71484602F0A5
:107C800051FA601CC4B2A642F2D8484602F098FAF3
:107C90000121686801F018FD4FF4FA7002F0ACFAA7
:107CA000484600E005E002F0CDF804B03846BDE8F3
:107CB000F0870092019202924E68002496F800A08C
:107CC00096F80180504602F0DDF80021706801F05E
:107CD000FBFCB8F1000F88BFE94613D9604209EBFD
:107CE000800505F10A024FF4F041504602F01AFAFD
:107CF00005F108020621504602F014FA601CC4B2D5
:107D0000A045EBD8504602F05BFA0121706801F003
:107D1000DBFC4FF4FA7002F06FFA504602F092F872
:107D200004B03846BDE8F087EC4000102DE9F04182
:107D30002C4E756890B13178012904BF0020BDE850
:107D4000F081002D04BF284D7560044690F8008036
:107D50008068002830D0804740B12DE023A1E12089
:107D600002F008FB4FF0FF30BDE8F081D4F80200CC
:107D700001F056FCA779D4F80200394601F0A4FCC2
:107D8000254802F039FA002F14BF00210121D4F850
:107D9000020001F099FC4FF47A7002F02DFA0021F4
:107DA000404601F0A9FC404601F03EFD20B1BE2155
:107DB000404601F005FE18B14FF0FF30BDE8F081FC
:107DC00094E80F0085E80F00207B08F03DF8607B09
:107DD00008F0E8F8204608F097F8012030700020FD
:107DE000BDE8F081D4040010DC0400106366672055
:107DF0006973204E554C4C20696E20686C5F636837
:107E000069705F6D696372656C5F6B7338383933A5
:107E10005F696E6974000000A0860100144909784A
:107E2000002904BF4FF0FF30704770B504004FF0D9
:107E30000100064604BF6FF0010070BD00252570EB
:107E4000314601F0AFF810F0040F03D0207840F075
:107E5000010020700220314601F0A4F810F0040F58
:107E600003D0207840F002002070284670BD00004A
:107E7000D404001005490978002904BF4FF0FF30F1
:107E8000704710B507F09CFF002010BDD40400100F
:107E9000594B93F800C0BCF1000F04BF4FF0FF3006
:107EA00070472DE9F04F14465A68544B85B092F84C
:107EB0000090D3E90C281C2300278DF80C30029782
:107EC000022882BF6FF0040005B0BDE8F08F002CDF
:107ED00002BF6FF0010005B0BDE8F08F0D4650B154
:107EE000012808BF01F120007ED0022814BF002520
:107EF00001F140007ED0792016464FF0010A0DF1C5
:107F00000C0B60F31746CDE900BA8DF80C304346F0
:107F10003246BE21484601F0C1FE7A2060F3174682
:107F2000CDE900BA8DF80C5043463246BE21484692
:107F300001F0B4FE802060F317460DF10B00CDE98F
:107F4000000A43463246BE21484601F08BFD81209F
:107F500060F317460DF10A00CDE9000A43463246A8
:107F6000BE21484601F07EFD822060F317460DF1E8
:107F70000900CDE9000A43463246BE21484601F0D9
:107F800071FD832060F3174602A8CDE9000A32464E
:107F90004346BE21484601F065FD9DF80B109DF853
:107FA000080001F03F0140EA01609DF80A109DF8C9
:107FB0000920090441EA0221084320609DF80B00D2
:107FC00010F0800F606814BF40F0010020F0010045
:107FD00060609DF80B0010F0400F606814BF40F027
:107FE000020020F0020000E004E0606005B03846C6
:107FF000BDE8F08FC5B27EE7D40400100024060867
:10800000824B1A78002A04BF4FF0FF30704708B146
:10801000032902D96FF0010070472DE9F04F4FF0AE
:10802000000585B05FEA01088146AA4618BF4FF0F7
:10803000010B00F0E680754809EB85044068007884
:108040000490FF208DF808007148002DD0E90A60E7
:10805000039004BF1E201F2709D0012D04BF2E202E
:108060002F2704D0022D04BF00203F277ED1C4F863
:1080700000A0022D66D26BF3070660F3174602A834
:10808000CDE9000BDDE903303246BE2101F0EAFC08
:108090009DF8080010F0400F03D0206840F0020067
:1080A00020609DF8080010F0200F03D0206840F0F9
:1080B0000400206007219DF80800FFF7A1F821685F
:1080C00060F34511216006219DF80800FFF798F83C
:1080D000216860F38611216005219DF80800FFF7F3
:1080E0008FF8216860F3C711216004219DF8080012
:1080F000FFF786F8216860F30821216003219DF8CD
:108100000800FFF77DF8216860F349212160022112
:108110009DF80800FFF774F8216860F38A21216058
:1081200001219DF80800FFF76BF8216860F3CB216F
:10813000216000219DF80800FFF762F8216860F3D4
:108140000C31216002A8CDE9000B8DF808A0324661
:10815000DDE903306BF3070267F31742BE2101F03C
:1081600081FC9DF8080010F0040F00E044E003D00B
:10817000206840F0080020609DF8080010F0020F11
:1081800003D0206840F01000206007219DF808000F
:10819000FFF736F8216860F34D31216005219DF825
:1081A0000800FFF72DF8216860F38E31216004216B
:1081B0009DF80800FFF724F8216860F3CF312160B3
:1081C00003219DF80800FFF71BF80146206861F3C2
:1081D0001040206002219DF80800FFF711F8216887
:1081E00060F35141216001219DF80800FFF708F874
:1081F000216860F392412160681CC5B24545FFF4D7
:108200001AAF05B05046BDE8F08F0000D40400104E
:10821000002406082DE9F041DFF88CC084B0054643
:10822000DCF804402148FF2701218DF808700091F7
:10823000D0E900239CF80000002802BF4FF0FF3077
:1082400004B0BDE8F081267B94F80D8020780DF114
:10825000080CCDE900C161F31742BE2101F002FC18
:108260009DF8080010F0010F05D0002D1CBF284616
:1082700007F0A6FD14E0FF2E0FD0304607F0E4FD16
:10828000404607F08FFE204607F03EFE284607F0E6
:1082900097FD04B00020BDE8F081002D18BF2F70BD
:1082A000002004B0BDE8F081D404001000240608CA
:1082B00070B584B00646002014460D46ADF80000A7
:1082C000ADF80400ADF8080002AA01A9684600F064
:1082D00055F800281CBF04B070BDBDF900301D4822
:1082E000D0F804C0D80F00289CF80820DCF804104F
:1082F0001ABF5842484301FB03F040FA02F318BF8B
:108300005B423360BDF904009CF808104FEAD0725C
:10831000DCF80430002A18BF404203FB00F040FAAA
:1083200001F018BF40422860BDF908009CF8082001
:108330004FEAD073DCF80410002B18BF404201FB59
:1083400000F040FA02F018BF4042206004B04FF045
:10835000000070BDEC04001006490A784868002A45
:1083600004BF00207047002804BF03484860002075
:1083700008707047EC040010DC4100102DE9F04F4C
:108380000E463D49074685B048681546007804907A
:1083900000208DF808008DF80C00388030801080A7
:1083A0000878002802BF4FF0FF3005B0BDE8F08F1D
:1083B000324801240DF10809D0E9038B282060F32D
:1083C0001748CDE900945B464246D021049801F05D
:1083D00049FB29200DF10C0A60F31748CDE900A4F0
:1083E0005B464246D021049801F03CFB9DF8080012
:1083F0009DF80C105B4640EA012038802A2060F38B
:108400001748CDE900944246D021049801F02AFB98
:108410002B2060F31748CDE900A45B464246D021EB
:10842000049801F01FFB9DF808009DF80C105B46B6
:1084300040EA012030802C2060F31748CDE90094F9
:108440004246D021049801F00DFB2D2060F317481F
:10845000CDE900A442465B46D021049801F002FB1E
:108460009DF808009DF80C1040EA0120288005B016
:108470000020BDE8F08F0000EC0400104024060846
:108480002DE9F04FDFF8248185B00500D8F80440CD
:1084900008BF474D98F80000012802BF002005B032
:1084A000BDE8F08F002C04BF424CC8F80440287887
:1084B000039001F0B9F900286CD0D021039801F0A5
:1084C0007FFA002866D13A4801270DF10809D0E962
:1084D00005604FF00F0ACDE900976AF3174603468F
:1084E00004903246D021039801F0BCFA002850D104
:1084F0009DF80800D3284DD1CDE900978DF808A04C
:108500004FF0200BDDE903036BF317463246D02111
:1085100001F0C4FB00283CD12320002160F3174662
:108520008DF80810687843F6095228B10A2101280D
:1085300008D002280BD010E08DF808100B206260E4
:1085400020720AE010208DF80800626004E08DF8C7
:1085500008B04FF2244060602172CDE90097DDE958
:1085600003033246D02101F099FB90B92420324612
:1085700060F31742CDE9009740208DF80800DDE94F
:108580000303D02101F08AFB002804BF2888208043
:1085900005D020B105B04FF0FF30BDE8F08F88F86E
:1085A000007005B00020BDE8F08F0000EC04001062
:1085B00040240608DC4100102DE9F0412C4E050056
:1085C000746808BF2B4D3078012804BF0020BDE837
:1085D000F0812878FF281AD0687801F025F9B0B129
:1085E000002C04BF244C746029686868A160E060B6
:1085F00094F808C004238022A021DF025502BCF1B8
:10860000050F1BD2DFE80CF0070A0F0F13004FF025
:10861000FF30BDE8F0812170638002E021702021ED
:10862000618067600DE021706280656009E0217003
:108630004FF4807161804902616002E021706380C3
:108640006760A27A217802F0070241EA42012170B4
:10865000E17A032918BF00F0E3FFE17A03291CBF88
:10866000E06801F031F8012030700020BDE8F081B1
:10867000F40400105A240608E84100102DE9F041E6
:108680000C46224982B01E46D1F804C00978002960
:1086900037D09CF808704FF0FF31FF2F18BF002A29
:1086A00011D0002C1CBFDCF8045085420BD92718D0
:1086B000AF4284BF7D1B641BB0F5803F9EBF251871
:1086C000B5F5803F0021B1F1FF3F1AD0022161F3DF
:1086D000070860F31F48A0B2CDE900209CF8001005
:1086E0009CF80900424601F0BDF9002E04BF02B01B
:1086F000BDE8F081002818BF0024346002B0BDE856
:10870000F08102B04FF0FF30BDE8F081F4040010BA
:108710002DE9FF4F784F044683B03878D7F804909E
:108720001646884600287CD099F808004A464FF043
:10873000FF31FF2818BF002E14D0B8F1000F1CBF66
:108740005268A2420ED908EB0400904284BF801AFE
:10875000A8EB0008B4F5803F9EBF08EB0400B0F51D
:10876000803F0021B1F1FF3F78D099F80B0003283A
:1087700006D0411E18BF0121D9F80C0000F0A4FF5B
:108780005D48A5B21FFA88FB44686088B5FBF0F12C
:1087900000FB1152811ABBFBF0F38FB2BBFBF0F16F
:1087A00000FB13BA002A5ED000297CD0ABEB070196
:1087B00089B2B1FBF0F2B1FBF0FA00FB121B5FB122
:1087C000278204F110022946304607F0ADFC07F07D
:1087D00059FCE81985B23E44BAF1010087B228BFBE
:1087E0004FF0020A19D3608820824348218A6AF335
:1087F00007024068CDE90061017865F31F42407AC5
:1088000001F04CFA0020208207F03CFC60884119FE
:108810008DB2791E06448FB2E5D2BBF1000F0BD0AA
:1088200000E01BE0A4F810B004F110022946304625
:1088300007F07AFC07F026FC99F80B1000240329B6
:108840001CBFD9F80C0000F03FFF0698002818BFA5
:10885000C0F80080204607B0BDE8F08F07B04FF0A9
:10886000FF30BDE8F08F11B3481E87B24FF0020B06
:10887000608820822048218A6BF307024068CDE996
:108880000061017865F31F42407A01F007FA002089
:10889000208207F0F7FB608841198DB2791E0644EB
:1088A0008FB2E5D200E003E0BAF1000FC4D017E0C8
:1088B000BB4515D9278204F110022946304607F03E
:1088C00033FC07F0DFFBABEB07002082E81981B235
:1088D000F01904F1100207F027FC07F0D3FBABE717
:1088E000A4F810A004F110022946304607F01CFC41
:1088F00007F0C8FBA0E70000F4040010034840683C
:108900008069002808BF704700470000000300107E
:1089100005494FF00050C1F88001BFF34F8FBFF3FE
:108920006F8F00207047000004E000E009484FF01E
:108930000051C0F88012C0F80011BFF34F8FBFF391
:108940006F8F054A526912F0400F18BFC0F800122D
:108950000020704704E000E00090024001494968AF
:1089600009690847000300102DE9F04F91B0064651
:10897000FF20FF4FFF4C8DF824007D68206810B168
:108980000078012804D011B06FF00E00BDE8F08F20
:108990003878012802BF4FF0FF3011B0BDE8F08FEA
:1089A00096F80A9096F80B80002E1FBF707AFF2869
:1089B000D6E9000150EA010006D0B9F1000F18BF56
:1089C000B8F1000F06D009E0EBA14FF0E30001F091
:1089D000D1FC03E0EDA1E32001F0CCFC55B9282047
:1089E00001F052FC05467860280003D1F2A1E02096
:1089F00001F0C0FC96E80F0085E80F0085F80A90AA
:108A000008EB480085F80B80400201F03DFCE8616E
:108A100009EB4900400201F037FC28624FEA0810D8
:108A200001F032FC68614FEA091001F02DFCA861E9
:108A3000E96900291CBF296A002904D06969002955
:108A400018BF002804D1DCA14FF0E00001F092FC37
:108A5000002000F027FB18B1E0A1E02001F08AFC23
:108A600001218803F9F7C0FE01214806F9F798FEB5
:108A70000120F9F7D9FF00214FF00070F9F790FEBF
:108A800001214FF06060F9F77FFEE24D0AA91091D5
:108A9000D5E90012AB68CDE900120293D5E90012C6
:108AA000AB680593CDE90312D5E90012AB68CDE9B7
:108AB00006120893216868460DF10C0A0DF1300B7F
:108AC0000DF118090DF13808283100F06EFD20680D
:108AD00000F13001504600F068FD206800F13801D7
:108AE000484600F062FD206800F12801109800F06F
:108AF0004DFD206800F13001584600F047FD206828
:108B000000F13801404600F041FD684600F05AFD92
:108B10000AA800F00DFD03A800F054FD0CA800F019
:108B200007FD06A800F04EFD0EA800F001FD0AA901
:108B30001091D5E903126B69CDE900120293D5E9D2
:108B400003126B690593CDE90312D5E903126B6932
:108B5000CDE90612089321686846103100F025FD22
:108B6000206800F11801504600F01FFD206800F158
:108B70002001484600F019FD206800F1100110980E
:108B800000F004FD206800F11801584600F0FEFCDA
:108B9000206800F12001404600F0F8FC684600F033
:108BA00011FD0AA800F0C4FC03A800F00BFD0CA8FE
:108BB00000F0BEFC06A800F005FD0EA800F0B8FC11
:108BC000B878012817D0D5E906122B6ACDE9001232
:108BD000029321686846D046083100F0E6FC206820
:108BE00000F10801404600F0D1FC684600F0EAFCC4
:108BF00003A800F09DFC09A800F072FA9DF824007B
:108C0000FF2803D18449E02001F0B4FBDFF80C8297
:108C10009DF82400D8F8001041F00101C8F80010B8
:108C2000D8F8001011F0010FFAD1DFF8F4914FF4E9
:108C30000041C9F80010022818BF042805D1D9F84E
:108C4000001041F48041C9F80010032818BF04281F
:108C500005D1D9F8000040F40060C9F800004FF4D5
:108C60008260C9F804004FF08000C9F81800B0888D
:108C7000C9F840003178F07841EA0061B0784FEAF5
:108C80000042707842EA002041EA0000C9F844003E
:108C900079684FF0000A524681F810A0C87A53460E
:108CA0004FF0080B4FF00C0C002888BF4FF48C4499
:108CB00024D9C87A5B1C834208BF00234FF00040D0
:108CC0004D6905EB021528600425486905EB02157E
:108CD0000BEB021E4451C86902EB420500EB452034
:108CE0004D6945F80E0048690CEB021E00EB0315B8
:108CF00040F80E50C87A521C9042DAD84869C8F839
:108D00000C0081F811A000208B7A0246002B88BF4E
:108D1000444C1DD9DBB2521C9A4208BF00228B6919
:108D200003EB00131C600B6A00EB400503EB4523CB
:108D30008D690BEB001A45F80A308B690CEB001AB1
:108D400003EB021543F80A508B7A401C8342E1D8AA
:108D50008869C8F810003448C8F81800D9F800002D
:108D600040F00C00C9F800004FF0FF305EE000005A
:108D700028030010FC020010686C5F6574685F696E
:108D80006E69742829202E2E2E200000686C5F65E5
:108D900074685F696E6974282920686173207A6538
:108DA000726F20747820616E642F6F722072782049
:108DB0007175657565000000686C5F6574685F6952
:108DC0006E69742829206469642067657420656E63
:108DD0006F7567682068656170000000686C5F658A
:108DE00074685F696E697428292063616C6C6564BE
:108DF00020686C5F6574687472616E735F696E6918
:108E0000742829207768696368206661696C6564E5
:108E100000000000701D06089C2606080090024015
:108E2000008002400000103002201000C8F814003A
:108E30000648C8F81C00717A3D2001F04FFA012065
:108E4000387011B00020BDE8F08F0000C080010034
:108E500001494968496908470003001070B5054693
:108E600021484468007801281CBF4FF0FF3070BDD6
:108E70001E48416800291CBF2846884794F811C045
:108E8000A26902EB0C10016811F0004FFBD1082021
:108E900000EB0C102B1D105820F003022888C01C7A
:108EA000810805D053F8040B42F8040B491EF9D190
:108EB0000422A06902EB0C1229888150A06900EB02
:108EC0000C10016841F000410160A17A0CF1010031
:108ED000884208BF002060740548022141610021DA
:108EE0004160084670BD00002803001020030010F8
:108EF00000900240014948600020704720030010A4
:108F00002DE9F041234D8AB06878012804BF0AB0EA
:108F1000BDE8F08168462049204C0DF11808D1E9E0
:108F20000923D1F82CC0CDF808C0CDE90023D1E940
:108F30000923C96A0392CDE90431216803AF08AE61
:108F4000403100F032FB206800F14801384600F063
:108F50002CFB206800F14001404600F017FB206820
:108F600000F14801304600F011FB684600F02AFB92
:108F700006A800F0DDFA03A800F024FB08A800F022
:108F8000D7FA074904200861012068700AB0BDE8DB
:108F9000F081000028030010701D0608FC0200107C
:108FA000008002400D4A5278002A04BF002070471A
:108FB000C006000C01F01F0140EA8110084940F092
:108FC0000100086100200A6912F0010F03D0401C63
:108FD000B0F5A02FF7D3486980B27047280300107E
:108FE00000800240002804BF4FF0FF30704738B5C2
:108FF000044609484169002904BF4FF0FF3038BDDD
:10900000FF218DF8001042696946002090479DF8C5
:109010000010217038BD0000CC2006080548C1684A
:10902000002904BF4FF0FF307047D0E90212002042
:1090300010470000CC20060838B5044608480169EE
:10904000002904BF4FF0FF3038BDFF218DF800101C
:1090500002696946002090479DF80010217038BDD4
:10906000CC200608002804BF6FF0010070470B49B0
:10907000096811B10978012902D06FF00E0070471C
:1090800007490A78002A19BF497800294FF0FF30B4
:10909000704710B5FFF7A6FF10BD0000C802001012
:1090A000280400100B49096811B10978012902D080
:1090B0006FF00E00704710B5074C2178012904BFEE
:1090C000002010BD05480068FFF7A8FF01212170AE
:1090D00010BD0000C802001028040010D4020010C7
:1090E0000F49096811B10978012902D06FF00E000B
:1090F000704710B50B4C2178002904BF4FF0FF30AA
:1091000010BD6178012906D0FFF796FF002804BF43
:109110000121617010BD002818BFFFF763FF10BD6B
:10912000C802001028040010002808BF704710B5BE
:1091300004460078E17810FB01F16068C8F79CFFF5
:1091400000206070A07010BD002808BF704710B5E7
:1091500004464068002818BF01F08CF82046BDE89E
:10916000104001F087B8002808BF704741780029F7
:1091700004BF00207047027883781344591A8A424A
:1091800098BF891A82680AB1406810474268C0785F
:1091900011FB00207047002808BF70474178002964
:1091A00004BF00207047027883781344591A8A421A
:1091B00098BF891A406800EB0110704728B14178C8
:1091C000007881421CBF00207047012070470028B2
:1091D00012BF00294FF0FF30704770B51546427836
:1091E0000E46044682B12078A17801448B1A984239
:1091F00098BF1B1AD4F80CC0BCF1000F0BD0002193
:1092000030466268E0470DE0002D1CBF002028704A
:109210006FF0040070BDE278606813FB0201304615
:10922000C8F724FE6078401EC0B26070002D18BFE1
:109230002870002070BD002812BF00294FF0FF30B9
:1092400070474378002B04BF6FF00400704710B4E0
:1092500090F800C084786444E31A9C4598BFA3EB5F
:109260000C03D0F804C00CEB0313D3E9004CC1E9A4
:10927000004CD3E902C3C1E902C34178491EC9B217
:109280004170002A18BF1170002010BC7047000008
:10929000002818BF002B03D0002918BF002A02D1D4
:1092A0004FF0FF3070472DE9F0410026069F017016
:1092B000C27004464360042A2BD004DC012A31D05A
:1092C000022A2AD003E0082A1FD0102A19D0A6604B
:1092D000E660002F1CBF002500290BD9E2786068EA
:1092E000394605FB0200C8F7C1FD681CC5B22078ED
:1092F000A842F3D8002C1CBF6670A6700020BDE801
:10930000F0810B48A0600B480AE00B48A0600B48B6
:1093100006E00B48A0600B4802E00B48A0600B4839
:10932000E060D6E70A48A0600A48E060D1E70000A4
:10933000A9010608AF010608910106089701060871
:109340007F010608850106086D01060873010608FD
:109350006101060865010608002812BF00294FF0C8
:10936000FF30704710B50446C078227810FB02F237
:109370006068C8F77BFD207860700020A07010BD89
:10938000002812BF002900207047F8B50546164690
:109390000C46102000F078FF071E08BFF8BD14FB34
:1093A00005F000F071FF002808BFF8BD0346224613
:1093B000294638460096FFF76BFF3846F8BD2DE981
:1093C000F8431E468846174604004FF0000912FB7A
:1093D00008F514D0B8F1000F14BF002FBDE8F883D2
:1093E000E078217810FB01F0A84224D16368002BBB
:1093F00034D0414620460096FFF74AFF2EE0B8F1F0
:10940000000F18BF002F13D04FF0100000F03CFFEA
:1094100004000DD0284600F037FF48B103463A4615
:10942000414620460096FFF733FF2046BDE8F8830B
:109430004846BDE8F883606880B100F01BFF28460D
:10944000C4F8049000F020FF284600F01DFF0346FA
:109450003A46414620460096FFF71AFF2046BDE8EF
:10946000F88300281FBF41780029491E41707047CA
:10947000002804BF4FF0FF30704770B504460D461A
:1094800040782178884204BF4FF0FF3070BD95B11D
:10949000D4F80CC0BCF1000F05D0A17800232A46F7
:1094A0006068E04707E0A178E278606811FB02009D
:1094B0002946C8F7DBFC6078401C6070A078401C2F
:1094C000C0B2A0702178884204BF0020A0700020A4
:1094D00070BD18B1427803789A4202D14FF0FF3044
:1094E000704759B18278436803EB0212D1E9003C1E
:1094F000C2E9003CD1E90231C2E902314178491C9C
:1095000041708178491CC9B281700278914204BFD0
:109510000021817000207047002808BF704700219B
:10952000417081707047002818BF40787047000074
:10953000002804BF4FF0FF30704710B54288FF2469
:10954000002A1FBFA2F57F41B1F1FF0100214FF0BA
:10955000010C07D00CFA01F3934304D0491CC9B2A3
:109560001029F7D32146FF2902D00378092B02D90D
:109570004FF0FF3010BD0279034850F82300F8F790
:10958000C4FF002010BD000064220608002912BF9D
:1095900000284FF0FF3070470A7802704A884280F6
:1095A000097901714FF000007047002912BF0028AF
:1095B0004FF0FF3070470A780270498841604FF0E1
:1095C00000007047002804BF4FF0FF30704770B5AF
:1095D0000478051D092C84BF4FF0FF3070BD07488B
:1095E000012150F82400F9F7CFF80548294650F832
:1095F0002400F8F73BFF002070BD0000942206080D
:1096000064220608C2B2FF2A12BF5FEA104103209B
:109610007047024850F82200F8F788BF6422060815
:1096200030B5C4B287B0FF2C11BF5FEA10414FF0D4
:10963000FF3007B030BD124801AD092CD0E9182326
:10964000806E0092CDE901304FF0FF308DF8104070
:109650000590ADF812108DF80040019184BF07B05D
:1096600030BD0848012150F82400F9F78DF804486E
:10967000294650F82400F8F7F9FE07B0002030BD65
:109680006422060894220608C2B2FF2A12BF5FEACB
:10969000104103207047024850F82200F8F74DBFF0
:1096A00064220608C2B2FF2A12BF5FEA10414FF0DF
:1096B000FF30704710B5034850F82200F8F751FF0B
:1096C000002010BD6422060810B5C3B20A46FF2B65
:1096D00019BF5FEA1041032A4FF0FF3010BD002A86
:1096E00018BF0122034850F82300F8F73EFF00207E
:1096F00010BD0000642206082DE9F0478AB00C0076
:10970000054608BF444C207801280AD0607840B94B
:10971000424F386828B100682946FDF78CFD0128C2
:1097200004D00AB06FF00E00BDE8F0873C4829462F
:109730000068FDF780FD012802BF00200AB0BDE8E7
:10974000F0870DF1180A344E0DF10C090DF12008C7
:10975000D6E90C01B36B0293CDE90001D6E90C0107
:10976000B36B0593CDE90301386800EB0510011DCB
:109770006846FFF71AFF386800EB051000F10C018E
:109780004846FFF712FF386800EB0510011D5046F0
:10979000FFF7FCFE386800EB051000F10C014046B5
:1097A000FFF7F4FE6846FFF70DFF06A8FFF7C0FEBF
:1097B00003A8FFF707FF08A8FFF7BAFE06F1240089
:1097C000012150F825703846F8F7F6FF0121384698
:1097D000F8F7FEFF00213846F8F7FAFF06F1180007
:1097E000616850F8250061B90836694696E84C1062
:1097F0008DE84C10A2780B4B5A430092E278ADF8FA
:109800000820F8F707FF002429460548FDF722FD48
:109810000AB02046BDE8F08758230608200400104F
:10982000D0040010A0860100014602480068FDF740
:1098300002BD0000D00400102DE9F0430D4604469F
:109840000146484891B00068FDF7F5FC002811BFBB
:10985000002D4FF0FF3011B0BDE8F08325F0010876
:1098600041484FF00007394650F824400097204601
:10987000F8F799FE01212046F8F795FE01212046D0
:10988000F8F79AFEDFF8E4904FF480364946204618
:109890000096F8F778FE7D1EB8B90098411E009139
:1098A0000DD233A33A4A40216846C7F763FF6946A1
:1098B000E52000F05FFD11B02846BDE8F083494681
:1098C0002046F8F760FE0028E7D0002241462046F7
:1098D000F8F702FF0096A08A10F0020F03D100985B
:1098E000411E0091F7D20098002802BF284611B00F
:1098F000BDE8F08327492046F8F752FE01212046B3
:10990000F8F763FE0096208B10F0020F15D0009838
:10991000411E00910DD220A31D4A40216846C7F781
:1099200029FF6946E52000F025FD11B02846BDE875
:10993000F083208B10F0020FE9D12046F8F763FE88
:10994000009000212046F8F72EFE01212046F8F76E
:109950002AFE01212046F8F70DFE11B03846BDE879
:10996000F0830000D00400107023060801000300FB
:10997000735F686C5F6932635F697364657669639E
:109980006572656164793228293A65763500000090
:10999000FC9B050800040010735F686C5F6932630C
:1099A0005F6973646576696365726561647932289D
:1099B000293A4932435F464C41475F42555359006B
:1099C000F8B50D460446014624480068FDF733FC0F
:1099D000002812BF002D4FF0FF30F8BD25F0010622
:1099E0001F484FF4003150F824404FF08070009031
:1099F0002046F8F7F3FD68B10098411E009102D2AD
:109A00004FF0FF3007E04FF400312046F8F7E6FD55
:109A10000028F1D10020002818BFF8BD00223146EF
:109A2000204606F0D1FB054601212046F8F7CDFD82
:109A30004FF480300090208810F4007F07D0009809
:109A4000411E009103D3208810F4007FF7D12046F7
:109A5000F8F7D9FD00902846F8BD0000D0040010AA
:109A6000702306082DE9F04F0E4691B005460146D9
:109A70005A48DDE91A9814469A460068FDF7DBFB60
:109A8000002811BF002E4FF0FF3011B0BDE8F08F5D
:109A900014F0FF0001D0032804D911B06FF00E00BC
:109AA000BDE8F08FB9F1000F02BF6FF0010011B0F7
:109AB000BDE8F08FB8F1000F02BF002011B0BDE883
:109AC000F08F26F00107464850F825504FF080707F
:109AD000C11100902846F8F781FD002668B1009872
:109AE000411E009102D24FF0FF3B07E04FF40031DE
:109AF0002846F8F773FD0028F1D1B346BBF1000FFB
:109B00000DD038A33DA240216846C7F733FE694611
:109B1000E52000F02FFC11B05846BDE8F08F14F09E
:109B2000FF0F40D000223946284606F04DFB5FEA81
:109B3000000B0DD038A331A240216846C7F71AFEAA
:109B40006946E52000F016FC11B05846BDE8F08FDC
:109B50000023524621462846009606F09FFB04004B
:109B60000DD035A325A240216846C7F703FE6946FC
:109B7000E52000F0FFFB11B02046BDE8F08F00218A
:109B8000284606F069FB04000DD033A31BA2402138
:109B90006846C7F7EFFD6946E52000F0EBFB11B022
:109BA0002046BDE8F08F3B4642464946284605F030
:109BB000B3FB040002BF304611B0BDE8F08F2DA307
:109BC0000EA240216846C7F7D5FD6946E52000F0A2
:109BD000D1FB11B02046BDE8F08F0000D00400108A
:109BE00070230608735F686C5F6932635F77616931
:109BF000745F69665F627573792829006932632032
:109C000074696D656F757420696E2066756E637416
:109C1000696F6E2025730000735F686C5F69326343
:109C20005F7472616E73616374696F6E5F626567A2
:109C3000696E282900000000735F686C5F693263F9
:109C40005F77726974655F646174615F706F6C6C7B
:109C5000696E672829000000735F686C5F69326372
:109C60005F7472616E73616374696F6E5F656E6459
:109C700028290000735F493243526F7574696E651D
:109C8000735F4932435F4D61737465725F427566FD
:109C90006665725265616428290000002DE9F04F65
:109CA0000E4691B0044601464F48DDE91A85174635
:109CB0009A460068FDF7BFFA002811BF002E4FF04A
:109CC000FF3011B0BDE8F08F17F0FF0001D003287E
:109CD00004D911B06FF00E00BDE8F08FB8F1000F9D
:109CE00002BF6FF0010011B0BDE8F08F002D02BF80
:109CF000002011B0BDE8F08F26F001093B4850F874
:109D000024404FF08070C11100902046F8F766FCA7
:109D1000002668B10098411E009102D24FF0FF3B2F
:109D200007E04FF400312046F8F758FC0028F1D145
:109D3000B346BBF1000F0ED02D4B402103F11802AA
:109D40006846C7F717FD6946E52000F013FB11B020
:109D50005846BDE8F08F00224946204606F034FA06
:109D60005FEA00090ED0234B4021A3F11C02684694
:109D7000C7F700FD6946E52000F0FCFA11B048463F
:109D8000BDE8F08F4346524639462046009506F01E
:109D900085FA05000ED0184B4021A3F13C0268461D
:109DA000C7F7E8FC6946E52000F0E4FA11B0284660
:109DB000BDE8F08F0021204606F04EFA040002BFF5
:109DC000304611B0BDE8F08F0C4B4021A3F15C028E
:109DD0006846C7F7CFFC6946E52000F0CBFA11B022
:109DE0002046BDE8F08F0000D00400107023060864
:109DF000E49B0508189C0508389C0508589C050834
:109E000070B50E4D044601462868FDF714FA002887
:109E100004BF4FF0FF3070BD094850F82400F8F738
:109E20005FFD21460548FDF70DFA05EB84046068E7
:109E300000F020FA0020606070BD0000CC410010EE
:109E4000B023060810B504460C4821460068FDF70B
:109E5000F2F900280DBF4FF0FF30094850F82440B8
:109E600010BD80212046F8F79DFD0128F9D0002182
:109E70002046F8F72CFD002010BD0000CC4100105A
:109E8000B023060810B50446084821460068FDF7CF
:109E9000D2F9002804BF4FF0FF3010BD0448012163
:109EA00050F82400F8F713FD002010BDCC4100103D
:109EB000B02306082DE9F04F894F0446DFF824A2AD
:109EC00007EB840893B0D8F80490DAF80000154640
:109ED0000E4688B100682146FDF7ADF960B1214614
:109EE0003868FDF7A8F9012806D0002E08BF7E4E7D
:109EF0003078012809D104E013B04FF0FF30BDE8FD
:109F0000F08F7AA1E42000F035FA0027B9F1000FB4
:109F100007D1082000F0B8F9C8F8040007608146AE
:109F20004760D6E90001C9E90001DFF8E09159F87E
:109F300024B054B1012C04BF012188030AD0022CA3
:109F400004BF0121C80305D006E001210803F8F78A
:109F50004BFC01E0F8F730FC5846F8F7C1FC3178CB
:109F600009AA12920BAA119206AA10920DAA5E4E8D
:109F700068460DF10C0B0F92002970D0D6E9121231
:109F8000336DCDE900120293D6E91812B36E059332
:109F9000CDE90312D6E91212336DCDE9061208930A
:109FA000DAF8001091B304EB440501EBC501091D7B
:109FB000FFF7FBFADAF8000000EBC50000F10C0136
:109FC0005846FFF7F2FADAF8000000EBC50000F19E
:109FD00014011098FFF7E9FADAF8000000EBC50069
:109FE000011D1298FFF7D2FADAF8000000EBC50065
:109FF00000F10C011198FFF7C9FADAF8000000EB44
:10A00000C50000F114010F98FFF7C0FA6846FFF78A
:10A01000D9FA09A8FFF78CFA03A8FFF7D3FA0BA81F
:10A02000FFF786FA06A8FFF7CDFA0DA8FFF780FA2A
:10A0300059F82450D8F80410009701970297039715
:10A04000049748686F4610B3026800924268019214
:10A0500082680292C2680392008A21E0FFE7D6E993
:10A060000F12736CCDE900120293D6E91512F36D4D
:10A070000593CDE90312D6E90F12736CCDE90612F0
:10A080000893012D04BF02218DF80B1088E7B068FA
:10A090000090F06801903069029070690390308BF5
:10A0A000ADF81000087800280CBF4FF48270002033
:10A0B000ADF802004878164931F81000ADF80C00F0
:10A0C0002846F8F70DFC39462846F8F783FC214668
:10A0D0000348FDF7BFF813B00020BDE8F08F000083
:10A0E000CC410010240400109423060873706920EA
:10A0F0006D6173746572206D6F646520697320757E
:10A100006E737570706F727465640000B02306081A
:10A11000BC230608014602480068FDF78CB8000021
:10A12000CC41001070B5044613480E461546006831
:10A130002146FDF780F800280DBF4FF0FF300F4893
:10A1400050F8244070BD02212046F8F72BFC00286F
:10A15000F9D031462046F8F73BFC01212046F8F7BC
:10A1600021FC0028F9D02046F8F730FC002D18BF5C
:10A170002880002070BD0000CC410010B0230608EC
:10A1800030B504460D4885B00025006890B10068E0
:10A190002146FDF750F868B16846F8F73DFB002C02
:10A1A00008BF039D03D0012C14BF022C029D28463A
:10A1B00005B030BD05B04FF0000030BD24040010E4
:10A1C00010B504460A4821460068FDF734F8002817
:10A1D0000DBF4FF0FF30074850F8244010BD8021DC
:10A1E0002046F8F7DFFB0128F9D0002010BD000061
:10A1F000CC410010B023060870B505461A4C1B4828
:10A2000000262168006882B081420FD0002303221B
:10A2100019462060C7F71FFA090541EA1031000509
:10A22000134A0023C7F717FAC4E90201D4E902016F
:10A23000A0FB052301FB053100FB0610CDE9002042
:10A240001146090D41EA0031000DCDE90010084624
:10A250000199084304BF02B070BD0098C6F794F995
:10A2600002B0002070BD000030040010B0020010E9
:10A2700040420F0001B50098002808BF08BDFAF75A
:10A280001FFA0020009008BD10B5FAF721FA04006B
:10A2900003D10349E220FAF779FA204610BD000005
:10A2A0006855050872B6704740B200F01F010122E0
:10A2B00002FA01F14009800000F1E020C0F88011AD
:10A2C000704740B200F01F01012202FA01F140097B
:10A2D000800000F1E020C0F800117047FF2908BF9E
:10A2E000704740B20907090E0028A2BF00F1E02024
:10A2F00080F80014704700F00F0000F1E02080F8B3
:10A30000141D7047002808BF704730B490F800C093
:10A31000174D0023154C2905BCF1000F13D02268FE
:10A3200012F0010F1CBF2A6812F0010F04D00A6856
:10A33000002AFCD081F800C010F801CF03F101031E
:10A34000BCF1000FEBD120684FF00A0210F0010FB2
:10A350001CBF286810F0010F03D008680028FCD04B
:10A360000A7030BC03F1010070470000800E00E06D
:10A37000000E00E010B504460846FFF7C3FFF02CBE
:10A3800008BF10BDFEE70000BFF34F8F044801680F
:10A39000044A01F4E06111430160BFF34F8FFEE70F
:10A3A0000CED00E00400FA050848D0E90012084866
:10A3B0000068401842F100016FF0010242400A4378
:10A3C00004BF4FF0FF30014670470000107AFF1FB6
:10A3D000187AFF1F70B5F8F7ADFB0D4C20680546E5
:10A3E000FFF71EF960680446FFF71AF9094E0121CC
:10A3F0002846FFF769F900212046FFF765F9304646
:10A40000FFF7FAFE2046BDE870400121FFF75CB976
:10A41000F41F0608B0AD0100FF2804BF4FF0FF3065
:10A4200070472DE9F04FDFF8BCB10E460546DFF866
:10A43000B8A10BEB850701467C685AF8210087B06C
:10A440009146C8B169480068B0B10068FCF7F3FEF6
:10A4500090B1002E02BF6FF0010007B0BDE8F08F91
:10A46000306848B13079002804BF7079FF2803D0E4
:10A470004FF000082CB10CE007B04FF0FF30BDE802
:10A48000F08F4FF02000FFF7FFFE7860044680F861
:10A4900014802946DBF80000FCF7CDFE40B1786857
:10A4A000002818BF007D022804BF284600F03EF9AE
:10A4B00096E80F1084E80F105AF825607C68002E8B
:10A4C0004DD0206900284AD102A8CDF80080F8F7C5
:10A4D000A3F93078002808BF02980BD0012808BFE4
:10A4E000059807D0022812BFCDF80080049800908C
:10A4F00001D034E0009090B323684FF47A70B3FB3E
:10A50000F0F100FB11363A49DFF8E8C042F2107270
:10A51000D6B3A1FB036149096FF01806714313EB31
:10A520008106354941D0A1FB0321C908494201EB0D
:10A53000810113EB410147D0B3F5FA5F84BF4FF4BB
:10A54000FA5020602D490098B0FBF1F0208320885C
:10A550004FF6FF7101EAC000E0827D20E06178687B
:10A56000B9F1000F08D0006900280EBFC9F80080BB
:10A570004FF0FF30C9F8000029461A48FCF76AFE80
:10A5800007B00020BDE8F08FFFE71D48834288BF79
:10A5900020600098B0FBF2F020832068A1FB00103F
:10A5A0004009E082C4F81CC0D9E71648834288BF3E
:10A5B00020600098B0FBFCF020832068A1FB001015
:10A5C000C008E082E261CAE7B3F57A4F84BF4FF476
:10A5D0007A4121600C4A0099B1FBF2F12183218874
:10A5E000E182BBE7A84000104004001008030010FF
:10A5F0001F85EB51A0860100CDCCCCCC00127A0097
:10A6000000A8610000C4090040420F00FF2804BFF9
:10A610004FF0FF30704770B5364C054684B0294680
:10A620002068FCF708FE002802BF4FF0FF3004B09E
:10A6300070BD04EB8504606828B1007D022804BF6A
:10A64000284600F073F80220616808752A4864689B
:10A6500050F82510D1E9016091F90250497801299B
:10A6600005D0022904BF0121F8F7BEF802E001215C
:10A67000F8F7A2F8216949B308684A688968CDE902
:10A680000002029169463046F8F71EFE012130466D
:10A69000F8F776FBBDF8001001223046F8F701FE0E
:10A6A00001213046F8F766FB6079FF280BD00122C4
:10A6B00011463046F8F700FD61792846FFF70EFE97
:10A6C0002846FFF7FEFD04B0002070BD6846F8F78D
:10A6D0003BFEE08A401E0190208B401EADF800003A
:10A6E0000020ADF808001021ADF802108DF80A0026
:10A6F000C8E70000A840001040040010FF2804BF75
:10A700000020704770B5084D044621462868FCF7C4
:10A7100092FD002808BF70BD05EB8400406800284A
:10A7200018BF007D70BD0000A8400010FF2804BFC6
:10A730004FF0FF3070472DE9F0411A4D0446214695
:10A740002868FCF778FD002804BF4FF0FF30BDE813
:10A75000F08105EB840675682DB1287D012804BFC2
:10A760000020BDE8F081104850F82400476890F9B7
:10A7700002403846F8F718FB00213846F8F700FB8E
:10A780006879FF2807D0002201213846F8F794FCA9
:10A790002046FFF789FD7168012008750020BDE89B
:10A7A000F0810000A84000104004001010B50446DD
:10A7B00000220221F7F7FAFB02460421201DF7F7D9
:10A7C000F5FBC043BDE8104080B2F8F7ADB900001A
:10A7D00010B504460422064900F022FD012805D0E8
:10A7E000204600F039F8002800D0012010BD0000FC
:10A7F000A01D060870B5054600F02EF808B101202E
:10A8000070BD00220D4C0E4803E0217831B1A41D2B
:10A81000521C01888A42F8DB002070BD04222946C0
:10A82000A01C00F00DFD002CF6D0A01C00F032F8AA
:10A8300001202070204605F0E6FEE0E70427001026
:10A840004A03001010B500F007F8002803D00021DB
:10A8500001704170012010BD2DE9F041074600252F
:10A860000A4C0B4E0AE0207830B10422A11C384675
:10A8700000F0D6FC012807D0A41D6D1C308885424D
:10A88000F1DB0020BDE8F0812046FBE70427001043
:10A890004A030010F8B506462A20F9F70DF80546D8
:10A8A00000F126041220207000206070042231463E
:10A8B000201D00F0C5FC2046FFF778FF60802A20AD
:10A8C000288001230093002302223146284600F00D
:10A8D00099FB2846BDE8F840F9F73EBB10B50246A3
:10A8E000080008BF10BD114604F0FCFABDE8104096
:10A8F00004F0E8BA002808BF70472DE9F047284E59
:10A900000F46B0F1FF3F32D0264C00213568E26897
:10A910000B46002A08BF4FF0000C38D0214AD2F86D
:10A9200014C01A46BCEB000871EB030810D204E017
:10A93000D4F80C80B8F1000F29D0E468D4F8148062
:10A9400018EB0C0C4A41BCEB000872EB0308EFD388
:10A95000E168E960E5602C61E968002918BF0D61D4
:10A96000BCEB000068616169A1EB000060610E480A
:10A970000078012804BF112001F0A4F93068477065
:10A980000A4802F009FFBDE8F04704F0A5BBE96002
:10A99000E5602C61B0EB0C0060616961E7E70000E5
:10A9A00074030010904100105C0300107841001007
:10A9B0002DE9F0411D4DE868002808BFBDE8F08191
:10A9C00068690026401EDFF86880012768616869B1
:10A9D000002818BFBDE8F081EC68002C08BFBDE876
:10A9E000F081A06838B161684160606810B1A16809
:10A9F00081606660A66021460E4804F0A7FA60698F
:10AA000068616078042806D1A069D8F80010D8F8E9
:10AA10000420401860616770E068E860E068002822
:10AA20001CBF0561E6602661D1E70000904100107F
:10AA300028020010784100100321FFF75BBF0000DF
:10AA400001480068006A70477403001010B50C00DC
:10AA500008BF10BDE1690143E1616278206A062AFE
:10AA600019D0052A18BF10BD014208BF10BD014012
:10AA70002162E16921EA0000E061204604F0E3FA86
:10AA8000012060700221204604F0D4FA2046BDE87F
:10AA9000104002F0F1BD30EA0101EAD010BD000023
:10AAA0008C460F4910B50B68D9696AB130EA0102CA
:10AAB00006BF21EA0000D86106210ED01862604668
:10AAC000FFF718FF012010BD11EA00021ABF21EAAA
:10AAD0000000C3E907020521F0D0022010BD0000EC
:10AAE000740300100449054B096888611A685B68A3
:10AAF000801848617047000074030010280200109D
:10AB00000848094B0268186851695B68081A93691C
:10AB100010F0004F1944516118BF70470421FFF72E
:10AB2000E9BE0000740300102802001061220270C8
:10AB30000022427082704260028142818281C18122
:10AB40007047000070B5164642680D4612B1417854
:10AB500001290FD08189C3894FF0000C994229D176
:10AB6000002E04BF012070BD1F4C216892B104F07B
:10AB7000EDF917E002F010FE0446406A042105607A
:10AB8000204604F057FA204604F05DFA204602F011
:10AB900073FD26E041602168C1F804C02168886027
:10ABA000022141702068082145623046FFF7A2FE6D
:10ABB000012070BD018900EB81010D6100F10C01E4
:10ABC000D1E85F2F521C93B2C1E8523F002AF7D15F
:10ABD0000189491C89B20181C289914208BFA0F84C
:10ABE00008C0002070BD0000740300102DE9F04182
:10ABF00004468089002790460D4600283AD0608997
:10AC000004EB8000006908606089401C80B26081AC
:10AC1000E189884208BF6781606810B160780228C6
:10AC20000DD004F10C0000BFD0E85F1F491E8AB2AE
:10AC3000C0E8512F0029F7D10020BDE8F08120465F
:10AC400002F0AAFD0546002104F0F4F92189686AA2
:10AC500004EB810108612089401C80B22081E189D8
:10AC6000884208BF2781284604F0EDF9284602F003
:10AC700003FDE1E7B8F1000F04BF0120BDE8F0815A
:10AC80000B4E6068316818B1204604F05FF906E0A9
:10AC9000616030684760306884600120607008211E
:10ACA0004046FFF727FE306845620120BDE8F0818D
:10ACB0007403001070B5194D0E460446418828688B
:10ACC00039B1A168814209D16088401C60800020B0
:10ACD00070BDA060816AE1608462F5E7002E04BF68
:10ACE000012070BD8A788078824203D28870A06883
:10ACF00004F058F9606820B12046296804F026F96C
:10AD000006E0286860602968002048602868846040
:10AD100009213046FFF7EEFD012070BD74030010DD
:10AD20008A4288BF0A466223037000234360827010
:10AD3000C170704710B5416869B102F02DFD04463D
:10AD4000032104F077F9204604F07DF9204602F053
:10AD500093FC002010BD8178C27891421ABF491C33
:10AD60008170FF20F5D110BD10B50C46817819B166
:10AD7000491E8170002010BD002C04BF012010BDB1
:10AD8000094A4368116813B104F0E0F805E0416036
:10AD90001368002159601168886007212046FFF779
:10ADA000A9FD012010BD00007403001010B5C6F706
:10ADB00081FA00F053F8074800213C2281800649BF
:10ADC0000988C1800549064800F03AFABDE81040FC
:10ADD000C6F7BCBA360300104C0300102827001039
:10ADE0000825001030B5002106480B460124064A0C
:10ADF00003E0037044700E30491C1588A942F8DB4B
:10AE000030BD0000442500104603001010B5C6F701
:10AE100051FAC6F70EFAFFF7E5FF0448002101607A
:10AE20004160BDE81040C6F738BA0000B404001015
:10AE300010B5002006490346064A02E001F8063B29
:10AE4000401C1488A042F9DB03490120087010BDA2
:10AE5000042700104A030010320300100649054879
:10AE600009684218121F0021026011604160034806
:10AE7000016070476427001050030010BC040010EC
:10AE80000448007800EB400082000021024800F0F6
:10AE9000E5B9000044030010743F0010F8B5044603
:10AEA0000F46808AF7F740FE054621880E30814222
:10AEB00045D3A07C0421B1EB101F40D1264907EBFC
:10AEC000870001EB800104F122000422064600F015
:10AED000A7F958BB04222149304600F0A1F928BB4C
:10AEE0006FBB31780E223046B2EB111F04D1FFF751
:10AEF0006FFC012815D00EE004223146684600F0B0
:10AF00009FF915480099026880684A40024202D1C0
:10AF10000843401C05D02046F8F7BCFF78B1E07E1E
:10AF200002E0E07E022801D0112808D104F11200CD
:10AF300000F016F818B9208B30F0C00001D00020C6
:10AF4000F8BDA07C0007800E00F10E016180281A78
:10AF500020800120F8BD00000825001044230608C9
:10AF600001780907890EF7F715B800002DE9F041BF
:10AF7000214C8046214F2078C0070AD02049404606
:10AF800000F088F840BB0422FF21404600F06EF933
:10AF900010BB1B4D20781435800704D52946404648
:10AFA00000F078F800BB164E20782836400704D50C
:10AFB0003146404600F06EF8D0B92078800702D5BF
:10AFC0002078000710D42078400702D52078C006EA
:10AFD0000ED42078C00704D0002038700848BDE89F
:10AFE000F0812078800703D5012038702846F6E7E5
:10AFF000022038703046F2E743030010B00400101E
:10B00000082500102DE9F0410446DDF818800F46B0
:10B010001646012A08D0022E06D0062E04D0112E84
:10B0200002D00020BDE8F081194D45216888401C00
:10B0300068802088A174143080B2E374F7F774FD3F
:10B04000A0826888F7F770FDE0820020208384F8F2
:10B050001A80E676A0833846FFF788FF014604226F
:10B0600004F11E0000F0ECF80422394604F122003D
:10B0700000F0E6F804F11200FFF772FFA0832088C9
:10B080002230208029782046BDE8F041C6F7CBB8B1
:10B09000B004001018B50C4601460422684600F0C2
:10B0A000CFF8206800994840A168084201D00020EC
:10B0B00018BD012018BD000038B504460146042221
:10B0C000684600F0BDF80648826800980243521CAA
:10B0D00001D0002038BD02492046FFF7DBFF38BD14
:10B0E00008250010002819BF41780129FF2070476A
:10B0F00010B501214170032103F0F4FE03F0E2FEDC
:10B10000002010BD002819BF4378012BFF20704795
:10B1100010B501234370D1E9003CC0E9063C8B68BF
:10B120008360CB68C360D1E90031C0E904311168A4
:10B13000016251684162022103F0D4FE03F0C2FEB5
:10B14000002010BD38B18178002904BF002070476D
:10B150004178012901D1FF20704710B501214170CC
:10B16000002103F0BFFE03F0ADFEFF2010BD10B5BF
:10B1700004468089002808BF10BD608904EB800068
:10B1800000690860606840B16078022805D100213C
:10B19000204603F0A7FE03F095FE04F10C00D0E872
:10B1A0005F1F491E8AB2C0E8512F0029F7D160897C
:10B1B000401C80B26081E189884204BF0020608128
:10B1C000042010BD10B503F08DFEBDE8104003F063
:10B1D00079BE10B5002103F085FEBDE8104003F0F4
:10B1E00071BE00000C4800218278012A04D0017051
:10B1F00080F80110C6F7C4B8817081880122491C0B
:10B200008BB28380C1888B4204D1044B1B881944C4
:10B21000C18042700270EDE7360300104C0300104D
:10B2200010B508E003780C78A34201D0002010BDCF
:10B23000401C491C521E002AF4D1012010BD000000
:10B2400030B5134606E000BF054611F8014B401C1F
:10B250002C705B1E002BF7D1104630BD03E000BF01
:10B2600000F8011B521E002AFAD170473AB1037848
:10B270008B4201D000207047401C521EF6E701208F
:10B280007047000010B510B10178652904D00F2077
:10B2900000F018FDFF2010BD0021EFF3058119B16A
:10B2A000FFF720FFC0B210BD08490978012909D075
:10B2B000044602F095FC204602F096FA02F091FC5A
:10B2C000002010BDDFF808C000DF10BD1002001024
:10B2D00027060608EFF3058000281CBF00207047F2
:10B2E00008480078012803D1DFF81CC000DF704750
:10B2F00010B502F075FC02F0A9FA044602F071FCE8
:10B30000204610BD100200103D06060810B510B111
:10B310000378652B03D00F2000F0D4FC0FE0002948
:10B3200018BF002A0BD000BFEFF305831BB1FFF756
:10B33000E9FEC0B210BD054B1B78012B01D0FF20E8
:10B3400010BDDFF80CC000DF10BD000010020010BF
:10B350005106060810B510B10178652904D00F20F8
:10B3600000F0B0FCFF2010BD0021EFF3058119B102
:10B37000FFF7E8FEC0B210BD0449097801290ABFF1
:10B38000DFF80CC0FF2000DF10BD0000100200102D
:10B3900071060608EFF30581002918BF70470449BC
:10B3A0000978012904BFDFF80CC000DF70470000F6
:10B3B0001002001089060608EFF3058018B9054849
:10B3C0000078012801D000207047DFF80CC000DFB2
:10B3D00070470000100200109F06060810B511B15A
:10B3E0000A78602A04D00E2000F06CFCFF2010BD0B
:10B3F0000022EFF305821AB1FFF770FA002010BDAA
:10B40000044A1278012A0ABFDFF80CC0FF2000DFCF
:10B4100010BD000010020010B3060608EFF305830C
:10B420001BB9054B1B78012B01D0FF207047DFF8BB
:10B430000CC000DF7047000010020010CD060608A7
:10B44000F0F747B9F0F747B9F0F747B9002808BF58
:10B450007047427C131C1FBF134602EB83035B0043
:10B46000DB1C10B45B1C1A440A80837C9B004B805D
:10B470001A44C37C5B008B801A4493B290F814C0CA
:10B48000C28A0CFB02F4002C14BF02EB8C020022D7
:10B49000CA801A44837C90F813C08469634490F88E
:10B4A00014C092B2A44413EB0C0318BF04230B8105
:10B4B0001A44037C4FF0150C03EBC3030CEB43035E
:10B4C0004B811A44037A4FF0010C0CEB43038B8140
:10B4D000007C1A44801CC881104400220A8210BCDF
:10B4E00080B27047002808BF70478069C01DC0F354
:10B4F000CF00088000224A807047002808BF7047AC
:10B50000007C00EB4000C00008807047EFF305812D
:10B51000002918BF704704490978012904BFDFF8E2
:10B520000CC000DF7047000010020010F306060890
:10B53000EFF30580002818BF704704480078012801
:10B5400004BFDFF80CC000DF7047000010020010DD
:10B550000907060810B510B10178612904D00F2041
:10B5600000F0B0FB002010BD0021EFF3058119B100
:10B5700003F046FB80B210BD0449097801290ABFD7
:10B58000DFF80CC0002000DF10BD0000100200102A
:10B590001B07060870B5002808BF70BDEFF30581D2
:10B5A00000291CBF002070BD0B49097801290ED06D
:10B5B000054602F015FB284602F00CFC04001CBFF7
:10B5C0002946FFF7B3FA02F00CFB204670BDDFF806
:10B5D0000CC000DF70BD0000100200103307060829
:10B5E00010B510B10378612B03D00F2000F06AFB77
:10B5F00010E000290ED000BFEFF3058333B1FFF751
:10B60000B6FD00280CBF0120002010BD044B1B78A4
:10B61000012B01D0FF2010BDDFF808C000DF10BDF6
:10B62000100200105307060810B510B10378612B03
:10B6300004D00F2000F046FBFF2010BD0023EFF3E5
:10B6400005831BB1FFF7BEFD002010BD044B1B7826
:10B65000012B0ABFDFF80CC0FF2000DF10BD000087
:10B66000100200107307060810B510B101786129A7
:10B6700004D00F2000F026FB002010BD0021EFF3C6
:10B68000058119B102F0A2FB80B210BD044909780E
:10B6900001290ABFDFF80CC0002000DF10BD000048
:10B6A000100200109307060810B5002804BFFF2001
:10B6B00010BD00BFEFF3058119B9064909780129CA
:10B6C00003D002F085FB002010BDDFF80CC000DFC6
:10B6D00010BD000010020010AB0706082DE9F001B4
:10B6E0000023002856D000BFEFF3058CBCF1000FFB
:10B6F0001EBFFF20BDE8F001704790F80AC0BCF102
:10B70000010F04BF13800B8040D090F810C00023BD
:10B710000CEB4C0403EBC404437C1C441BB103EB53
:10B7200083035B00DB1C5B1C2344847CC57C03EB34
:10B73000840303EB45039FB2037DC68A03FB06F82F
:10B74000B8F1000F14BF06EB830600263E442544E3
:10B750008469B6B22344EB1818BF042333440CEBBE
:10B76000CC0403EB4403047A153303EB4403DB1CE2
:10B7700063444FF6FF7C0CEA83030B80008B0021AF
:10B78000C01D01EBD0000CEAC0001080BDE8F00144
:10B790000020704713800B80BDE8F001FF20704748
:10B7A000EFF3058100291CBF002070470449097888
:10B7B000012901D002F076BBDFF808C000DF704736
:10B7C00010020010B5070608002804BFFF207047CC
:10B7D0002DE9F0470446807A17460D46002803D02D
:10B7E000EFF30580F0B904E0002D18BF002FF7D16A
:10B7F00018E0184E3078012814D094E80E17164837
:10B8000080E80E171549706001200870C4F7EEFD3E
:10B81000A07A50B1012815D0102000F053FA002072
:10B82000BDE8F087FF20BDE8F0873561207C00EBA4
:10B83000400005EB4010C6E9020702F0B9FB02F038
:10B8400059FBECE700203061B060F060204602F068
:10B85000DFF9E4E710020010D82300100004001004
:10B8600010B5002808BF10BDEFF3058119B102F033
:10B8700083FB044606E009490978012909D002F052
:10B880007BFB0446002C04BF0C2000F01BFA204672
:10B8900010BDDFF80CC000DFF3E70000100200105D
:10B8A000CD07060810B5002904BF002010BD00BF59
:10B8B000EFF305821AB102F062FB044606E0094A82
:10B8C0001278012A09D002F05AFB0446002C04BF6A
:10B8D0000C2000F0F7F9204610BDDFF80CC000DFA7
:10B8E000F3E7000010020010D307060870B588B017
:10B8F000344D4FF000040294EFF3058003940028C8
:10B9000051D00020CDE90400EFF3108000F00100D9
:10B9100072B60690A869E969CDE904014FF0E0200C
:10B9200081690091284909680191C1F3806159B189
:10B93000806900990190884206D2DDE90410491C13
:10B9400040F10000CDE90410069800B962B600206D
:10B95000CDE90600CDE90600686900992646401A3F
:10B96000D5E90812A0FB013C04FB01C100FB021059
:10B97000CDE90630DDE90601144A0023C5F76BFE68
:10B98000CDE906016868DDE904314068A0FB032CBD
:10B9900006FB03C300FB0133DDE906011018594122
:10B9A000CDE9020107E02878012804D103A902A803
:10B9B000DFF81CC000DFDDE90201201808B061419A
:10B9C00070BD00001002001004ED00E040420F00C6
:10B9D000D9070608EFF3058000281CBF0020704738
:10B9E0000A480078012803D1DFF824C000DF70473F
:10B9F00010B502F0F5F802F015FA040018BF03F0D4
:10BA0000D1F902F0EEF8204610BD0000100200103F
:10BA1000A108060870B510B10178632904D00F2081
:10BA200000F050F9FF2070BD0021EFF305810029DF
:10BA30001CBFFF2070BD0B49097801290DD00446B9
:10BA400002F0CEF8204603F051F90546204602F0F8
:10BA500099FA02F0C6F8E8B270BDDFF80CC000DF5A
:10BA600070BD000010020010BB08060810B510B130
:10BA70000178632904D00F2000F024F9FF2010BDC5
:10BA80000021EFF3058119B904490978012901D092
:10BA9000FF2010BDDFF808C000DF10BD100200104D
:10BAA000D908060810B510B10278632A04D00F2017
:10BAB00000F008F9FF2010BD0022EFF305821AB94B
:10BAC000044A1278012A01D0FF2010BDDFF808C017
:10BAD00000DF10BD10020010F1080608F0B589B0B3
:10BAE000364D4FF000040294EFF3058003940028D4
:10BAF00055D00020CDE90400EFF3108000F00100E4
:10BB000072B60690A869E969CDE904014FF0E02119
:10BB1000886900902A4800680190C0F3806058B19D
:10BB2000886900990190884206D2DDE90410491C19
:10BB300040F10000CDE90410069800B962B600207B
:10BB4000CDE90600CDE9060068690099D5E908232A
:10BB5000411AA1FB020C04FB02C201FB0321264691
:10BB60004FF47A720023C5F776FD6A68DDE9045C5C
:10BB70005268A2FB053706FB057502FB0C554FF416
:10BB80007A76A3FB062705FB06754FF0000C03FB36
:10BB90000C53121843EB0100CDE9022007E028788E
:10BBA000012804D103A902A8DFF818C000DFDDE9ED
:10BBB0000201201809B06141F0BD00001002001020
:10BBC00004ED00E00D09060870B5002808BF70BD3F
:10BBD000EFF30582002A1CBF002070BD0B4A1278CB
:10BBE000012A0FD005460E4601F0FAFF02F03AF99D
:10BBF000040003D032462946FFF792F801F0F1FF26
:10BC0000204670BDDFF808C000DF70BD10020010D4
:10BC1000DD09060810B510B10178622904D00F20A3
:10BC200000F050F8FF2010BD0021EFF3058119B19D
:10BC3000FFF7CFFA002010BD0449097801290ABF97
:10BC4000DFF80CC0FF2000DF10BD00001002001064
:10BC5000FF09060810B510B10278622A04D00F203F
:10BC600000F030F8FF2010BD0022EFF305821AB972
:10BC7000044A1278012A01D0FF2010BDDFF808C065
:10BC800000DF10BD10020010170A060810B510B131
:10BC90000278622A04D00F2000F014F8FF2010BDB3
:10BCA0000022EFF305821AB9044A1278012A01D062
:10BCB000FF2010BDDFF808C000DF10BD100200102B
:10BCC000330A06089AB0122880F03780DFE800F0C7
:10BCD000090D1115353535353535191D2121252924
:10BCE0002D311BA1D02004F067FB1DA1E52004F03D
:10BCF00063FB21A1F02004F05FFB2BA1F12004F0F5
:10BD00005BFB34A1F22004F057FB3DA1F32004F0CB
:10BD100053FB45A1E22004F04FFB49A1F42004F0BD
:10BD20004BFB55A1F52004F047FB61A1F62004F080
:10BD300043FB6CA1F72004F03FFB034676A264218D
:10BD40006846C5F717FD6946E02004F035FB0000A2
:10BD50006F73616C3A20756E6B6E6F776E000000CA
:10BD60006F73616C3A20737461636B206F766572D8
:10BD7000666C6F77000000006F73616C3A206B6E29
:10BD80006F776E206572726F722066726F6D2072AF
:10BD9000746F7320286973726669666F6F76657257
:10BDA000666C6F77290000006F73616C3A206B6ED0
:10BDB0006F776E206572726F722066726F6D20727F
:10BDC000746F7320286D62786F766572666C6F771A
:10BDD000290000006F73616C3A206B6E6F776E20E4
:10BDE0006572726F722066726F6D2072746F73204D
:10BDF000287374646C696273706163652900000064
:10BE00006F73616C3A206B6E6F776E206572726F24
:10BE1000722066726F6D2072746F7320287379734D
:10BE20006D757465782900006F73616C3A206D65DB
:10BE30006D6F7279206973206D697373696E670025
:10BE40006F73616C3A206B6E6F776E206572726FE4
:10BE5000722066726F6D2072746F7320287573651F
:10BE60006420616E20696E76616C69642074736B06
:10BE700070747229000000006F73616C3A206B6E61
:10BE80006F776E206572726F722066726F6D2072AE
:10BE9000746F7320287573656420616E20696E76F7
:10BEA000616C6964206F626A70747229000000001E
:10BEB0006F73616C3A206B6E6F776E206572726F74
:10BEC000722066726F6D2072746F732028757365AF
:10BED0006420616E20696E76616C696420706172A5
:10BEE000616D29006F73616C3A206B6E6F776E2005
:10BEF0006572726F722066726F6D2072746F73203C
:10BF0000287573656420616E20696E76616C696462
:10BF10002063616C6C2900006F73616C3A2065725C
:10BF2000726F7220307825782066726F6D2072747F
:10BF30006F73000070B5174E05460C463078012827
:10BF400026D000BFEFF3058010BB002D18BF002CDA
:10BF50001ED0286800281CBF6889002818D0E8680F
:10BF600000281CBF2068002812D0608900281CBF50
:10BF7000E06800280CD0C4F739FA0120307001F0D5
:10BF800023FE21462846DFF810C000DF002070BDE8
:10BF9000FF2070BD100200104F0A0608EFF3058164
:10BFA00019B905490978012901D0FF207047DFF848
:10BFB0000CC000DF0020704710020010690A06085C
:10BFC000EFF305821AB9054A1278012A01D0FF2041
:10BFD0007047DFF80CC000DF70470000100200104F
:10BFE000850A060882B0EFF3058171B900281CBFED
:10BFF0000168002909D0C16800291CBF41890029B6
:10C0000003D00C4A1278012A02D0002002B07047F7
:10C01000ADF80210017A8DF8001001690191D0E9A4
:10C0200000C1C26860466B46DFF80CC000DF02B09A
:10C0300070470000100200109F0A060810B510B1EA
:10C040000178602904D00E20FFF73CFEFF2010BDD0
:10C050000021EFF3058119B904490978012901D0BC
:10C06000FF2010BDDFF808C000DF10BD1002001077
:10C07000C70A060810B510B10178602904D00E2057
:10C08000FFF720FE002010BD0021EFF3058119B954
:10C0900004490978012901D0406B10BDDFF808C0C0
:10C0A00000DF10BD10020010DF0A060810B510B145
:10C0B0000178602904D00E20FFF704FE002010BD97
:10C0C000C078FF281ABF401CC0B2012010BD00007C
:10C0D00010B510B10178602904D00E20FFF7F2FDF1
:10C0E000002010BD0021EFF3058119B90549097839
:10C0F000012903D0BDE8104002F092BCDFF808C06F
:10C1000000DF10BD10020010F10A0608EFF30580F1
:10C1100018B905480078012801D0FF207047DFF8E2
:10C120000CC000DF7047000010020010F50A06087E
:10C13000EFF3058008B102F0C1BC04480078012883
:10C140000ABFDFF80CC0002000DF704710020010AB
:10C15000070B060810B510B10278602A04D00E2033
:10C16000FFF7B0FDFF2010BD0022EFF305821AB9E2
:10C17000044A1278012A01D0FF2010BDDFF808C060
:10C1800000DF10BD100200101B0B060801281CBFA9
:10C190000228032804D0042805D00020FFF792BD10
:10C1A000C0B2FFF78FBD1120FFF78CBD07480168B3
:10C1B0004FF0E020416100218161072101610448C5
:10C1C000016841F07F41016040177047FC03001097
:10C1D00020ED00E07047000070B51B4C012804D032
:10C1E000A07802282AD2194870BD0025A562E56210
:10C1F00025636563A563E56325646564A564E564FB
:10C2000025656565A565E56525666566A566E566DA
:10C2100025676567A560A570E560A58065612570E7
:10C22000657025620A486562F7F79BF80948F7F7D9
:10C2300098F8E5700848F7F799F8D4E7FFF778FF22
:10C24000BDE87040FFF744BF380200100042001004
:10C25000F4230010022400107403001070B50B4981
:10C260000546C878082803D309A1F32004F0A4F8F0
:10C2700000EB40020F4B401C03EB8204C8702046C9
:10C2800002F090FD01202C6070BD0000380200100B
:10C2900061726D6339397374646C69623A206E6FD0
:10C2A0007420656E6F75676820737973206D75747F
:10C2B00065780000102400102DE9F04782B04FF09F
:10C2C000000688460400ADF80060ADF804600AD0AE
:10C2D000607850EA08000AD0207801280BD07CA1B1
:10C2E000E42004F069F880A1E12004F065F887A15A
:10C2F000E32004F061F8E078012803D093A1E42062
:10C3000004F05AF89A4DA878022818BF032809D0DB
:10C31000A06A00281CBFA0780F2807D995A1E020AB
:10C3200004F04AF89FA1E02004F046F8B4E88F1624
:10C330004435A5E88F16B4E80F1085E80F10A6481D
:10C3400054F8301C0127016054F82C1C41608021F6
:10C350000172477214F8331C343C643D002918BF45
:10C3600001218172217CC1726169C160217E0174E9
:10C37000217F4174617F6A46491C8174A17FC17429
:10C38000E17F0175218CC182618B816101A9924895
:10C39000FFF7A4F9BDF80400BDF80010014304BF85
:10C3A00000210A4605D0C01D20F00700414600EBE1
:10C3B00008028948FFF708FA607800283ED0A08973
:10C3C000FFF74EFAE860A189A980EE22C5F744FE86
:10C3D000607800283FD0E089FFF742FA2861E189C0
:10C3E000E980EE22C5F738FEBDF80400BDF8001064
:10C3F000C01D20F00700C91D404421F0070108447A
:10C40000A189DFF8D881C91D21F007010844E1891D
:10C41000C91D21F00701084498F8011000291CBF2C
:10C420006E612E7029D06E704FF000002CD12878EC
:10C43000002892BF304668696F702AE0BDF804009A
:10C44000BDF80010C01D20F00700C91D404421F0B8
:10C4500007010844B6E7BDF80400BDF80010C01D90
:10C4600020F00700C91D404421F007010844A189BC
:10C47000C91D21F007010844B0E7686198F8180069
:10C4800000F102002870CEE7012904BF1020FFF759
:10C49000E7F9E86198F80110002029B1012904BFEB
:10C4A0001020FFF7DDF90AE069782878814228BF7B
:10C4B000304604D2686900EB0110491C6970A8611C
:10C4C000A0682862AF7002B00020BDE8F0870000CD
:10C4D0006F73616C3A20756E737570706F727465EE
:10C4E000642072746F7300006F73616C3A204E5554
:10C4F0004C4C2063666720696E206F73616C5F69C6
:10C500006E697469616C6973652829006F73616C69
:10C510003A204E554C4C206D656D6F727920696ED6
:10C52000206F73616C5F696E697469616C697365B2
:10C53000282920666F7220737461746963206D65A9
:10C540006D6F7279206D6F64656C00006F73616C44
:10C550003A206366672068617320612077726F6E8E
:10C5600067206370752066616D696C79000000005A
:10C57000380200106F73616C3A206966207573652C
:10C58000642C207072696F206D7573742062652051
:10C590006265747765656E203020616E6420313588
:10C5A000000000006F73616C3A2063616C6C65641D
:10C5B000206F73616C5F696E697469616C69736522
:10C5C0002829206166746572206F73616C5F7374D3
:10C5D0006172742829000000600200107C020010C3
:10C5E000FFF762B830B583B004004FF000000D468D
:10C5F000ADF80000ADF8040031D026486168016054
:10C60000A168416080210172012141726178002995
:10C6100018BF01218172217CC1726169C160217ED4
:10C620000174217F4174617F6A46491C8174A17F36
:10C63000C174E17F0175218CC182618B816101A987
:10C640001448FFF74BF8BDF80400BDF80010C01DFA
:10C65000C008C91D00EBD1006178A9B905E0002D23
:10C6600018BF0860002003B030BDA189E289C91D50
:10C67000C908D21D01EBD201227E272303EB02124F
:10C6800001EBD2010844C000002D18BF286003B0A0
:10C6900030BD000060020010FFF7E2B8FFF702B9FA
:10C6A0002DE9F04114000D4607466FF0020604BF65
:10C6B0006FF00100BDE8F08100202060B3F1FF3F82
:10C6C00008BF4FF0FF3107D0002B08BF002103D077
:10C6D0000A48006AB3FBF0F1002D0CBF01220022D2
:10C6E0003846FEF79BFE022805D1002615B1FEF75D
:10C6F00063FE074627603046BDE8F081380200102F
:10C7000010B5B0F1FF3F08BF4FF0FF3106D0002851
:10C710000FBF00210749096AB0FBF1F10022501E4A
:10C72000FEF77CFE02281CBF002010BDBDE81040B3
:10C73000FEF742BE38020010002904BF6FF001006E
:10C74000704710B50968FEF749FE002010BD0000D3
:10C750000148006A704700003802001070B5FFF70A
:10C7600039F9002829D01E4D04461C4E687801284E
:10C7700018BF204625D01B4C0646A06850B14FF08C
:10C78000FF3100F0FDF91848C188491CC180A0683C
:10C7900000F0D4F9A660FFF7CBFCA1690860AA6A93
:10C7A0001AB1A9786FF004009047606A8047FFF7DC
:10C7B000BFFCBDE87040FFF741BC0C49E22003F02C
:10C7C000FBFD0820FFF74CF8002818BFC0E9004621
:10C7D000D1D10749E22003F0EFFD000066452301B7
:10C7E0007C0200103802001002240010D4CA050890
:10C7F00008CB0508002808BF7047084A084949784F
:10C80000012901D0FEF7A6BE016821B1406890421F
:10C8100008BF0846F6D000207047000055452301A8
:10C820007C02001008B500220092002808BF08BD55
:10C83000104B114A5278012A12D000BFB1F1FF3FCC
:10C8400008BF4FF0FF3206D000290FBF00220B4A6D
:10C85000126AB1FBF2F26946FEF7C2FE009808BD0B
:10C86000026822B14068984208BF1046E6D0002016
:10C8700008BD0000554523017C020010380200105D
:10C8800070B505001ED0FEF785FE00281ED00446B8
:10C890001748164E4078012818BF20461AD0154E6A
:10C8A00004464FF0FF31B06800F06AF91248418940
:10C8B000491C4181818929448181B06800F03EF999
:10C8C000204670BD0DA1E32003F076FD17A1E22004
:10C8D00003F072FD0820FEF7C3FF002818BFC0E96F
:10C8E0000046DCD12049E22003F066FD55452301D6
:10C8F0007C02001038020010022400106F73616C7B
:10C900003A20696E636F727220706172616D206986
:10C910006E206F73616C5F6D6573736167657175B0
:10C920006575655F6E657728290000006F73616C1F
:10C930003A206D697373696E67206D656D20666F4F
:10C94000722072746F73206F626A20696E206F7339
:10C95000616C5F6D65737361676571756575655F42
:10C960006E6577282900000008CB0508002804BF61
:10C970006FF00100704710B5104BDFF83CC05B78DA
:10C98000012B0FD0B2F1FF3F18BF002A03D00C4B90
:10C990001B6AB2FBF3F2FEF747FE002818BF6FF0E8
:10C9A000020010BD036823B14068604508BF184607
:10C9B000E8D04FF0FF3010BD554523017C02001038
:10C9C00038020010002808BF7047084A0849497813
:10C9D000012901D0FEF748BE016821B140689042AC
:10C9E00008BF0846F6D000207047000055452301D7
:10C9F0007C020010002804BF6FF00100704770B582
:10CA0000164E154A002571780446012907D000BF4B
:10CA1000FFF700F87178204601290ED109E001687E
:10CA200021B16068904208BF0846F1D04FF0FF3056
:10CA300070BD05604560FEF737FE094C4FF0FF31D1
:10CA4000A06800F09DF80748C188491EC180A06811
:10CA500000F074F8002070BD664523017C020010D0
:10CA6000380200100224001070B5FEF7B3FFC0B109
:10CA700004461548134D4078012818BF204614D0AD
:10CA8000124D0446A86850B14FF0FF3100F078F81D
:10CA90000F48C188491CC180A86800F04FF82046A3
:10CAA00070BD0CA1E22003F087FC0820FEF7D8FE41
:10CAB000002818BFC0E90045E2D113A1E22003F02D
:10CAC0007BFC0000664523017C0200103802001048
:10CAD000022400106F73616C3A206D697373696E84
:10CAE00067206D656D20666F722072746F73206FA2
:10CAF000626A20696E206F73616C5F6D7574657812
:10CB00005F6E6577282900006F73616C3A206D694C
:10CB10007373696E67206D656D20666F72206F7329
:10CB2000616C206F626A65637420696E206F736147
:10CB30006C5F7878785F6E657728290010B50028DB
:10CB400004BF6FF0010010BD0B4A0C494978012960
:10CB500009D000BFFEF78AFFFF281CBF002010BDD0
:10CB60004FF0FF3010BD01680029F9D040689042B5
:10CB700008BF0846EED0F3E7664523017C020010AB
:10CB800010B5002804BF6FF0010010BD104B114A12
:10CB90005278012A12D000BFB1F1FF3F18BF00291F
:10CBA00003D00D4A126AB1FBF2F1FEF77BFF0028B9
:10CBB00016BF052800206FF0020010BD026822B1E8
:10CBC0004068984208BF1046E6D04FF0FF3010BDD5
:10CBD000664523017C0200103802001010B50028C1
:10CBE00004BF6FF0010010BD104B114A5278012AAA
:10CBF00012D000BFB1F1FF3F18BF002903D00D4A8A
:10CC0000126AB1FBF2F1FFF741F8002816BF0328C2
:10CC100000206FF0020010BD026822B14068984207
:10CC200008BF1046E6D04FF0FF3010BD7745230116
:10CC30007C02001038020010002804BF6FF00100D1
:10CC4000704710B50C490B4A4978012909D000BF3B
:10CC5000FEF7E0FF002808BF10BD00BF4FF0FF3017
:10CC600010BD01680029F9D04068904208BF08460D
:10CC7000EED0F3E7774523017C02001070B508B1D0
:10CC8000814203D91749E32003F096FBFEF79CFF8E
:10CC9000B8B104461548144D4078012818BF204605
:10CCA00013D0134D04464FF0FF31A868FFF768FF1B
:10CCB00010480189491C0181A868FFF73FFF204601
:10CCC00070BD0DA1E22003F077FB0820FEF7C8FD40
:10CCD000002818BFC0E90045E3D11549E22003F060
:10CCE0006BFB00000C260608774523017C02001030
:10CCF00038020010022400106F73616C3A206D69D5
:10CD00007373696E67206D656D20666F7220727433
:10CD10006F73206F626A20696E206F73616C5F733E
:10CD2000656D6170686F72655F6E657728290000B8
:10CD300008CB050810B5002804BF6FF0010010BD36
:10CD4000094B0A4A5278012A04D000BFFEF782FF3D
:10CD5000002010BD026822B14068984208BF10460A
:10CD6000F4D04FF0FF3010BD774523017C02001056
:10CD7000FEF7BCBDFEF7B2BE10B5054CA078022888
:10CD800018BF10BD0020FFF709F90320A07010BDE7
:10CD90003802001030B524498BB08A78012A08D0B7
:10CDA0001AB122A1E02003F007FB28A1E02003F044
:10CDB00003FB02228A70486280B3CA6900203323D1
:10CDC000106013715071B1F806C0A2F806C00C696A
:10CDD000C2E902402B4DCDE90550CDE908428DF85E
:10CDE0001C00ADF81EC08A69274C10601371FE2329
:10CDF0005371B1F804C0A2F806C0C968C2E90210B4
:10CE0000CDE900408DF80830ADF80AC0CDE9031235
:10CE100005A96846FFF78EF80BB030BDFFE71BA1F0
:10CE2000E32003F0C9FA0000380200106F73616C50
:10CE30003A2063616C6C6564206F73616C5F73741E
:10CE4000617274282920616761696E006F73616C7B
:10CE50003A2063616C6C6564206F73616C5F7374FE
:10CE6000617274282920772F6F7574207072696F32
:10CE700072206F73616C5F696E697469616C69734C
:10CE800065282900190406085DC705086F73616CE1
:10CE90003A20696E636F72726563742070617261AB
:10CEA0006D20696E206F73616C5F7374617274289A
:10CEB0002900000010B5C24372EA010204BF4FF01E
:10CEC000FF30014604D0044A0023126AC4F7C3FBB2
:10CED000BDE81040FFF774B838020010002808BF02
:10CEE0007047016821B10179332904BFC0687047D8
:10CEF00000207047002804BF6FF00100704770B534
:10CF00000C4D0E4604464FF0FF31A868FFF738FE7F
:10CF1000206810B12079332805D0A868FFF70EFEED
:10CF20004FF0FF3070BDE660A868FFF707FE0020F5
:10CF300070BD00003802001010B5FFF7F9F8BDE829
:10CF40001040FFF797B8002812BF00296FF00100CA
:10CF5000704710B50C46016811B10079332802D032
:10CF60004FF0FF3010BD0846FFF7A0F820700020FA
:10CF700010BD00002DE9FF4F85B01E009046814690
:10CF800017D0B8F1020F14D3B8F1FB0F11D8B9F1D3
:10CF9000000F0ED02F4D4FF0FF31A868FFF7F0FDC6
:10CFA00005F144004FF0000A407830B101280ED05E
:10CFB00044E029A1E32003F0FFF969782878814251
:10CFC0003CD2686900EB0110491C697002E0102036
:10CFD000FEF746FC040031D03046FEF7E1FB5FEA85
:10CFE000000B2FD0264F38883044388006980190A7
:10CFF00001208DF80800CDF80090ADF80A60CDE969
:10D0000003B46846FEF7EEFF5FEA00091ED0788899
:10D01000401C78803320C4F80090207184F805808B
:10D02000E680C4E902BAA868FFF788FD4146484691
:10D03000FFF790F809B02046BDE8F08F11A1E2207B
:10D0400003F0BAF91DA1E22003F0B6F927A1E2200E
:10D0500003F0B2F9380200106F73616C3A20696E08
:10D06000636F727220706172616D20696E206F73E0
:10D07000616C5F7461736B5F6E65772829000000D7
:10D08000022400106F73616C3A206D697373696ECE
:10D0900067206D656D20666F72206F73616C5F74C1
:10D0A00061736B5F7420696E206F73616C5F746174
:10D0B000736B5F6E65772829000000006F73616CE9
:10D0C0003A206D697373696E67206D656D20666FB8
:10D0D0007220737461636B20696E206F73616C5F83
:10D0E0007461736B5F6E6577282900006F73616CE4
:10D0F0003A206D697373696E67206D656D20666F88
:10D10000722072746F73207461736B20696E206F6C
:10D1100073616C5F7461736B5F6E657728290000C3
:10D12000084910B5096AB0FBF1F0002808BF0120DA
:10D1300004D0B0F1004F28BF6FF00040FEF7E6F9D1
:10D14000002010BD3802001010B5FEF7F1F90020E4
:10D1500010BD000010B538B10549096AB0FBF1F007
:10D16000FEF718F9002010BDFEF7D0FFFAE7000027
:10D1700038020010002804BF6FF00100704770B53E
:10D18000164E154A002571780446012907D000BFC4
:10D19000FEF778F87178204601290ED109E0016880
:10D1A00021B16068904208BF0846F1D04FF0FF30CF
:10D1B00070BD05604560FEF777FA094C4FF0FF310E
:10D1C000A068FFF7DDFC07488188491E8180A068C0
:10D1D000FFF7B4FC002070BD444523017C02001021
:10D1E000380200100224001070B5FEF773F8B8B1D1
:10D1F00004461448124D4078012818BF204613D029
:10D20000114D04464FF0FF31A868FFF7B9FC0F48F5
:10D210008188491C8180A868FFF790FC204670BD7A
:10D220000BA1E22003F0C8F80820FEF719FB002844
:10D2300018BFC0E90045E3D11249E22003F0BCF871
:10D24000444523017C020010380200100224001023
:10D250006F73616C3A206D697373696E67206D65D9
:10D260006D20666F722072746F73206F626A20691E
:10D270006E206F73616C5F74696D65725F6E657748
:10D280002829000008CB0508002819BF0029002A1A
:10D290006FF001007047F0B516461F4A0D461D4954
:10D2A000527887B0012A18BF044629D01B4AD5E915
:10D2B0000001176AC24372EA010204BF4FF0FF3057
:10D2C000014603D03A460023C4F7C5F9CDE9000171
:10D2D000A868B0FBF7F00290287B002818BF0298DE
:10D2E0000390306804907068059004AA694620464F
:10D2F000FEF70CF8FF281EBF002007B0F0BD04E0C9
:10D30000046814B140688842D0D007B04FF0FF30B5
:10D31000F0BD0000444523017C02001038020010DB
:10D32000002804BF6FF00100704710B50C490B4A8C
:10D330004978012909D000BFFEF70CF8FF281CBF6F
:10D34000002010BD4FF0FF3010BD01680029F9D05A
:10D350004068904208BF0846EED0F3E744452301F9
:10D360007C0200107047000070B501882A2941D363
:10D37000418A4FF4807399423CD1818A082939D17E
:10D38000817D062936D1C17D042933D1028B00F17C
:10D390001204B2F5806F2DD00ADC4FF4007500F155
:10D3A0002A009A4217D0AA4224D10422124909E045
:10D3B00024304FF41065B2F5006F0FD0AA4219D196
:10D3C00006220E49FDF72CFF002813D02046BDE8A9
:10D3D0007040F6F787BC0422074901E0062207499E
:10D3E000FDF71EFF002805D029462046BDE8704005
:10D3F000F6F7ACBC70BD0000082500105403001007
:10D4000070472DE9F84304464188001D0E18258811
:10D4100030462946F4F7BEFD28B9307848B30828CD
:10D4200001D1707810B10020BDE8F88305F1220029
:10D43000F6F742FA00F1260700213970797001856C
:10D4400080462A1F311D381DFDF7FAFE2946384651
:10D45000F4F7A0FD7880A8F80050802300934046A0
:10D460000023012204F11E01FDF7CCFD4046F6F732
:10D4700073FD0120D8E700002DE9F0410446008843
:10D480002A2816D304F12600FDF790F9218D814258
:10D490000FD194F8260011280DD0122809D104F1DB
:10D4A0002A00FDF7D9F9002803D0022101700021DC
:10D4B0004170BDE8F08104220C4904F12200FDF71F
:10D4C000AFFE0028F5D00025094C0127094E08E0E1
:10D4D0002078022803D12770204603F094F8A41D79
:10D4E0006D1C30888542F3DBE3E70000A01D0608D1
:10D4F000042700104A0300102DE9F843054641882F
:10D50000001D0C18A088F5F70FFB082848D3012749
:10D51000284EDFF8A48047E03078022842D16088A6
:10D52000F5F702FB718888423CD117F0FF0737D02E
:10D53000717905F11E09890724D5E08810B300220E
:10D54000042105F12200F4F731FD0246042148468A
:10D55000F4F72CFD0146E87EF4F73CFD8046A088F8
:10D56000F5F7E2FA4146F4F735FD8046A088F5F775
:10D57000DBFA014642462046F4F718FDC04300049A
:10D58000000C0DD12088F5F7CFFA024628884946CD
:10D59000083883B20093B56804F108033846A847F9
:10D5A000BDE8F8830C367F1C98F800008742B3DD95
:10D5B000F6E70000743F001044030010084A30B43E
:10D5C000D2E90034591C01F01F01A14205D0054CDD
:10D5D00044F82300116030BC704730BCF6F7BCBC87
:10D5E000B4040010F840001010B50022427091B150
:10D5F000022914D0032918BF10BD044681780129DF
:10D6000008BF02F0B9FF12480068E0B12146BDE84A
:10D61000104000F05FB8BDE8104002F0ADBF0D490A
:10D620008369C2690B604A6082688A60C268CA60A6
:10D630000949026A0A60426A4A600A46BDE8104027
:10D64000044902F0F9BE2046BDE8104000F0C0BB1E
:10D6500094030010C03F00106403001050E8001F46
:10D6600031B10B6840E80032002AF7D10846704714
:10D67000BFF32F8FFAE700002DE9F041134D0400AE
:10D680004FF0020610D02868A178012782789142D5
:10D6900014D901F07DFC286847706C606670E078F2
:10D6A000BDE8F04100F09EBA094800F075F86860E6
:10D6B0004670C078BDE8F04100F094BA677021462A
:10D6C000BDE8F041024801F041BC000074030010C5
:10D6D00078410010814224BF42688A429CBF0120E9
:10D6E000704702680A60BFF35F8F50E8003F0A6826
:10D6F0009A4204BF40E80012002AF2D14FF0000025
:10D7000070470000214810B4214A0168A9B321489C
:10D710005278008802F1010C431C63452AD9801A13
:10D720004FF0010C401E2CEA000C501C0CEB0204C4
:10D73000621C82420CD900BF01EB800C5CF804CC67
:10D74000BCF1000F04BF10BC7047401C8242F3D8EC
:10D75000104683420ED900BF01EB800252F8042C20
:10D76000002A04BF10BC704751F820205AB1801C19
:10D770009842F1D310BC00207047FFE75068411C6D
:10D78000516010BC704710BC401C7047C8030010AB
:10D790006C030010E80300100146406842684A60CC
:10D7A0000B780022622B18BF612B03D0632B1CBFA8
:10D7B000426070474368002B1CBF996042608260E2
:10D7C000704700000649074B48681B6882789B78C1
:10D7D0009A421CBF0020704742684A6070470000B0
:10D7E000784100107403001010B5817804460129B7
:10D7F00008BF02F0C1FE0648006818B12146FFF7D5
:10D8000069FF02E0204600F0E3FA002010BD0000AE
:10D81000940300100949002048608860084909689D
:10D82000002918BF887007480068002808BF7047A3
:10D83000282205490988F6F713B80000D03F0010E8
:10D840009003001094030010980300100D4810B5C9
:10D85000006810B1FFF702FF02E0282000F08CFB07
:10D86000002808BF10BD6521017000214170817042
:10D8700041608160C160C0E904118161C0E90711A4
:10D88000416210BD940300100348416800290CBF99
:10D890004FF0FF3080687047D03F001002F0CCBDE1
:10D8A00002F06ABE2DE9F0437E4F7F4D00243868B8
:10D8B000652687B0002874D010F8041B8900C4F7CF
:10D8C000FDFB3A68794894704168C9B1D1E906C353
:10D8D0006FEA0C0C7CEA030308BF08460DD04B68C6
:10D8E00043608368D1F808C063448360937802EB97
:10D8F000830C5B1C9370CCF8041041680029E5D1BF
:10D9000090784FF0000800289CBF07B0BDE8F08376
:10D91000386800EB88004068016A0491416A05910B
:10D92000C16859B1D0E90423511A63EB0402CDE96F
:10D930000012C1680291C168039115E0D0E9061296
:10D940002B68D5F804C05B1A7CEB02033CBF009146
:10D95000CDE9012407D32A686968521C41F100010E
:10D960000092CDE901140394067044708470446001
:10D9700084600022C460C0E904228261C0E90724F7
:10D9800004AA6946446202F057FD08F1010000F064
:10D99000FF08386880784045BAD807B0BDE8F08302
:10D9A000FFE742484FF0000847464168C14689B149
:10D9B000D1E90623D24372EA03020EBF0846791C5E
:10D9C0008FB241680029F3D127B139460420FDF711
:10D9D00037FD804635484168B9B100BFD1E906231B
:10D9E000D24372EA030208BF08460BD04A6842607D
:10D9F00082688B681A44826048F8291009F1010195
:10DA00001FFA81F941680029E8D14FF00009002F81
:10DA100041D900BF58F82900016A0491416A059173
:10DA2000C16859B1D0E90432591A62EB0402CDE958
:10DA30000012C1680291C168039115E0D0E9061295
:10DA40002B68D5F804C05B1A7CEB02033CBF009145
:10DA5000CDE9012407D32A686968521C41F100010D
:10DA60000092CDE901140394067044708470446000
:10DA700084600021C460C0E904118161C0E9071419
:10DA800004AA6946446202F0D7FC09F101001FFABA
:10DA900080F9B945BED34046FDF7D4FC07B0BDE8D8
:10DAA000F08300009003001028020010D03F001007
:10DAB0002DE9F047424E7068002808BFBDE8F087A6
:10DAC000B0680024401EDFF8FC806527B0606DE080
:10DAD000A868B060686870606878002866D12A6AB3
:10DAE00012B12846696A9047EA68002A52D0D5E9FF
:10DAF0000603C14371EA03012DD02146801843EB90
:10DB00000102C5E90602D8F80030D8F80490B0EB5D
:10DB1000030C2B4862EB09092346826805E0504656
:10DB2000DAF808A01AEB02025941B2EB0C0A71EBC9
:10DB3000090A04D2D0F804A0BAF1000FEFD141686D
:10DB40006960B2EB0C01A96045608168AA68A1EB2D
:10DB5000020181602AE01A4B2146986805E04B4695
:10DB6000D9F8089019EB00006141B0EB020971EBA4
:10DB7000040C04D2D3F80490B9F1000FEFD1596826
:10DB8000801AC5E901105D609868A968A0EB0100E2
:10DB900098600BE02F706C70AC706C600020AC6013
:10DBA000C5E90400A861C5E907046C62B0680028F3
:10DBB00018BFBDE8F0877568002D89D1BDE8F087F2
:10DBC000D03F00102802001010B5EDF707FC034904
:10DBD00000280CBF01200020887010BD6C030010CD
:10DBE00070477047FF280CBF0120401CC0B2064997
:10DBF0008978002908BF704704494A6809688A4241
:10DC000008BF7047EDF742BC6C03001074030010AE
:10DC10002DE9F04100282DED048B04BF0020FEF714
:10DC200051F8002442484449048042480568687A13
:10DC300000060860E87A002818BF01203F490870F4
:10DC40003F49E8680860686803F0B8FB0F4606467D
:10DC500047EC180B286803F0B1FB53EC182B03F0CA
:10DC600039FC9FED399B53EC192B03F09BF903F022
:10DC700061FB3749421E0A603649086003F09EFB8B
:10DC800047EC106B41EC180B53EC192B51EC100BBB
:10DC900003F020FC53EC182B03F084F903F04AFB4B
:10DCA0002D49C1E900042D49012008702C496868FC
:10DCB00008602C48384904602B4804602B480480D5
:10DCC0002B4804602B4804802B4804602B480480B8
:10DCD0002B4804602B4804802B4804602B480460C8
:10DCE0002B4804802B480460287A0870042101EB3B
:10DCF000C0000121FDF7A4FB284908602848046002
:10DD00002848048028480460284804802848046083
:10DD100028480460284804602848046028480470A3
:10DD20002848047028480470BDEC048BBDE8F081DD
:10DD3000E803001014020010EC030010F8030010B8
:10DD4000F4030010000000000000000080842E4159
:10DD5000FC03001024020010300200100004001028
:10DD60000404001008040010900300109803001031
:10DD700094030010A00300109C030010A8030010DF
:10DD8000A4030010B0030010AC030010B403001093
:10DD9000BC030010B8030010C4030010C00300103F
:10DDA000C8030010D0030010CC030010D8030010EB
:10DDB000D4030010E0030010DC030010E4030010A3
:10DDC0005C0300105D0300105E0300108089704743
:10DDD000FDF738BB104910B50B6883B1DFF83CC0C4
:10DDE000DCF8081001EB8002D01A0D4B10301B88B4
:10DDF00098420BD90D20FDF765FF002010BD1021C2
:10DE0000BDE8104001EB800000F0B6B8084602F112
:10DE10001001CCF8081010BDAC0300107C030010FA
:10DE2000B00300100C4810B5016881B10B4A0C4BCF
:10DE300010681B88411A103199429EBF00F11001F1
:10DE4000116010BD0D20FDF73DFF002010BDBDE8A5
:10DE50001040102000F090B89C0300107C030010CC
:10DE6000A00300100C4810B5016881B10B4A0C4B9F
:10DE700050681B88411A083199429EBF00F1080181
:10DE8000516010BD0D20FDF71DFF002010BDBDE845
:10DE90001040082000F070B8A40300107C030010AC
:10DEA000A803001070B51049C01DC008096879B1F9
:10DEB0000E4A0F4BD4681B8804EBC000411A9942EC
:10DEC00098BFD0600DD90D20FDF7FCFE002070BD7D
:10DED000C500284600F050F8044611222946C4F730
:10DEE000BBF8204670BD0000D40300107C03001076
:10DEF000D803001010B51648164C006820B116491A
:10DF000020600988C4F7DAF81448006820B1144981
:10DF100060600988C4F7D2F81248006820B112493D
:10DF2000A0600988C4F7CAF81048006828B11049F1
:10DF3000E06011220988C4F78FF80E4800680028B5
:10DF400008BF10BD2061BDE8104000F02BBF0000ED
:10DF50009C0300107C030010A0030010A403001019
:10DF6000A8030010AC030010B0030010D40300108D
:10DF7000D8030010B40300100121FDF761BAFDF7CA
:10DF800063BA000003490968002918BF7047FFF70A
:10DF90001FBF00009C03001003490968002918BF37
:10DFA0007047FFF715BF0000D40300100000000009
:10DFB0002DE9F04FB84F00242DED048B8BB0A14616
:10DFC0003868002804BF0020FDF77CFEB34EDFF860
:10DFD000D0A2DFF8D0B2306800281FBFDAF8000006
:10DFE0000028DBF80000002803D14FF00000FDF707
:10DFF00069FE04A93868FDF729FA09A93868FDF710
:10E0000071FAD7F80080A84998F81000801C0880A1
:10E0100098F80910090641EA0040A449086098F8F8
:10E020000B00002818BF0120A1490870A149D8F8A9
:10E030000C000860D8F8040003F0C0F9054641EC74
:10E04000180B0291D8F8000003F0B8F953EC182B24
:10E0500003F040FA9FED989B53EC192B02F0A2FFBE
:10E0600003F068F99649421E0A609649086003F079
:10E07000A5F941EC180B029953EC192B41EC105BFC
:10E0800051EC100B03F026FA53EC182B02F08AFF28
:10E0900003F050F98C490025904BC1E900058B49EC
:10E0A0000120DFF83CE208708949D8F804000860D4
:10E0B00088480560BDF810108748D1B1326898F8DB
:10E0C00011C0026082F800C000684FF0040808EB3D
:10E0D0008C0180F80180BDF81000C1EB80021A802D
:10E0E00004EB91013268044602EB8101CEF8001086
:10E0F00003E005601D80CEF80050BDF81210794A8B
:10E10000794B4FF6FF70002904BF15801D6009D0C0
:10E1100000EA810CA2F800C03268214402EB8402BC
:10E120008CB21A60BDF81410704A714B002904BFFC
:10E1300015801D6009D000EA810CA2F800C0326889
:10E14000214402EB84028CB21A60BDF8161051B162
:10E15000684B00EA810221441A803268664B02EB68
:10E1600084028CB21A60BDF81810644A002908BFF6
:10E17000156005D03368214403EB84038CB213602F
:10E18000BDF81A105E4A5F4B002904BF15801D6060
:10E1900009D000EA810CA2F800C03268214402EBE9
:10E1A00084028CB21A60BDF81C305749574A002BC4
:10E1B00004BF0D7015600BD0D7F800C09CF808C0E4
:10E1C00081F800C0316801EB8401116019198CB22B
:10E1D000BDF81E104E4A002908BF156005D03368EF
:10E1E000214403EB84038CB21360BDF8203049490D
:10E1F000494A002B04BF0D80156006D000EA830356
:10E200000B80316801EB84011160BDF82410434A92
:10E21000434B002904BF15801D6006D000EAC100F1
:10E220001080DAF8000089461860BDF826203D48C5
:10E230003D49002A04BF05600D6006D0D20002608F
:10E24000DAF8000000EBC9000860386800240028F4
:10E2500008BF2C460CD001A9FDF74FF9BDF804000A
:10E2600030B1DBF800401CB90421FDF7E9F80446A1
:10E270002E48002C046004BF0020FDF723FD2C482D
:10E2800005702C4805702C4805700BB0BDEC048B54
:10E29000BDE8F08F0000000014020010180200100A
:10E2A0001C02001020020010E8030010EC03001014
:10E2B000F8030010F40300100000000080842E41D9
:10E2C000FC030010240200103002001000040010B3
:10E2D00004040010080400109003001098030010BC
:10E2E00094030010A00300109C030010A80300106A
:10E2F000A4030010B0030010AC030010B40300101E
:10E30000BC030010B8030010C4030010C0030010C9
:10E31000C8030010D0030010CC030010D803001075
:10E32000D4030010E0030010DC030010E40300102D
:10E330005C0300105D0300105E0300102DE9F04146
:10E34000384C206845788078002818BF012664D0B2
:10E35000206800EBC50148680278602A06D0612A6F
:10E3600028D0652A2AD0622A2CD042E00746896844
:10E37000C0690843F8617A78396A062A02D0052A0A
:10E3800004D036E031EA000033D103E0084230D057
:10E3900008403862F8698843F861384600F053FE57
:10E3A0007E700221384600F045FE39461E4800F0D6
:10E3B000CDFD1EE0896800F027FC1AE08968FFF7B0
:10E3C00013F916E0416871B1FFF7E6F9074600F06E
:10E3D0003AFE38467E70032100F02CFE3946124882
:10E3E00000F0B4FD05E08178C27891423CBF491C41
:10E3F000817020686D1CC078854208BF00252068A8
:10E40000801CD0E84F1F491EC9B2C0E8421F002A35
:10E41000F5D12068807800289AD120684570BDE841
:10E42000F0810000C003001078410010C3788278AA
:10E430008B423CBFFF207047914204BF00207047D1
:10E4400042688170002070472DE9F84F07468248E6
:10E450000025DFF808820560A8F10800C8F8005020
:10E460007F4AC8F8045045700E46156055607D48D7
:10E47000056085807C480168C9B17C4BB3F800C059
:10E48000BCF1000F13D000201CF001021CBF0D6076
:10E49000012062450BD200BF41F82050401C921C65
:10E4A00041F82050B3F800C0401C6245F4D3704CD2
:10E4B000206820B16F4948220988F5F7D1F96E48E4
:10E4C000006840B16D49098889B241F000426C4949
:10E4D0000968F5F7C5F96B48006820B16A49082258
:10E4E0000988F5F7BDF9DFF8A4A14FF0FF09002175
:10E4F0008AF80390F068CAF840007089AAF83A00D8
:10E500007068CAF824003069CAF83400504632688E
:10E5100000F0DAFA5E486421017045605D480170E0
:10E52000C56005614561DAF83C002030C1F758FF4D
:10E530000220C8F800A08AF801005748574900682F
:10E54000057045700978C1705548564905600968DD
:10E550000161FFF75FF95448016841F47F010160F0
:10E5600000684FF07F4101EA00205049C043B0FAF3
:10E5700080F00968C0F10800C1F30221814228BF80
:10E58000481C4B490A686FF0807303FA00F062F38D
:10E5900017000860FDF70AFE4649002808600EDBF8
:10E5A00000F1E02181F8009400F01F01012202FA3D
:10E5B00001F14009800000F1E020C0F8001100F0F6
:10E5C00081FC3E7AB7F80A80D7F810B0386800901E
:10E5D000D7F804A0D7F80C90FFF794F8070008BF0D
:10E5E000BDE8F88F002E08BF0126206840B1FFF774
:10E5F00035F804000CD1BDE8F84F0D20FDF762BBE3
:10E6000048200121FCF71CFF040008BFBDE8F88F7B
:10E61000C4F84090C4E90C5BA4F83A80C4F824A084
:10E620003146009A00F050FA0F48006800281CBFDD
:10E6300000EB870040F8044CF8B21F49E07089787D
:10E6400021B1401CC0B2616CECF706FF2046BDE86A
:10E65000F84FFFF711B80000C00400107403001059
:10E6600028020010C4040010C8030010E8030010C2
:10E67000B8030010BC030010DC030010EC03001012
:10E68000E0030010CC030010D0030010DC3F0010AA
:10E690007841001090410010C0030010C403001026
:10E6A000A8410010F003001020ED00E00CED00E0A8
:10E6B0001CED00E0600300106C03001030B44FF05C
:10E6C000E02200239361DFF82CC01A184B41DCF8DC
:10E6D0000000DCF8041082EA000483EA01052C4300
:10E6E00004BF30BC7047CCF80020CCF8043030BCFC
:10E6F000FFF7D8B82802001038B54FF6FF7401288C
:10E7000028D14FF0E025286900901848DFF860C054
:10E71000184902680120184B002A09DA05222A61EB
:10E720008CF80000086802EA90601870400610E05B
:10E7300002F01F0500FA05F55211920002F1E022E5
:10E74000C2F880518CF800000868C0F3007018709F
:10E75000C00608600948C168002918BF4469FFF76E
:10E7600093F8A04288BF204638BD00006003001027
:10E770005C03001004ED00E05E0300109041001007
:10E780002DE9F05F1D4691468A4683461E78B3F810
:10E790000280FEF7B7FF071E08BFBDE8F09F002EFE
:10E7A00008BF01261D48006838B1FEF757FF040076
:10E7B00009D10D20FDF786FA2CE048200121FCF755
:10E7C0003FFE040026D0002020636868C4F8409013
:10E7D0006063A4F83A805A4631462046C4F824A023
:10E7E00000F072F90E48006800281CBF00EB87009B
:10E7F00040F8044CF8B20B49E070897821B1401C14
:10E80000C0B2616CECF728FE2046FEF735FF2046CB
:10E81000BDE8F09F0020BDE8F09F0000B8030010A5
:10E82000C80300106C030010002804BFFF207047CD
:10E830002DE9F05FDFF8D4B1054690F80390DFF8DA
:10E84000C8A10027DBF800004FF00108B9F1000F64
:10E850001CBFC17849456DD14770C1F7C4FDDBF8D5
:10E860000010C86300F01EFCDBF80000846A0CB3E3
:10E870006068C0B12046FEF78FFF0646052100F014
:10E88000D9FB304600F0DFFB86F801803146604856
:10E8900000F05CFBE168A4F80280A660B06AE0606A
:10E8A000B4620C4604E0E0686780A760E760044655
:10E8B000002CDDD1DAF8000030B1DBF80010C978A7
:10E8C00000EB810040F8047C5248006828B1DBF876
:10E8D0000010096CFEF7FEFE04E0DBF80000006C9F
:10E8E000FFF75AFBDBF800004B490764897831B128
:10E8F000C178491CCAB2416C1046ECF7DDFDDBF86B
:10E90000000007704548006828B12F63DBF800104D
:10E91000FEF7E0FE08E0286B10B1FCF793FD2F63D3
:10E92000DBF80000FCF78EFD0020CBF80070FEF74E
:10E93000A3FE66E0284600F09DFB284600F083FB1E
:10E94000AC6AFCB16068B8B12046FEF725FF064608
:10E95000052100F06FFB304600F075FB86F8018062
:10E9600031462B4800F0F2FAE068A4F80280A66075
:10E97000B16AE160B46203E0E0686780A760E760C5
:10E980000400DFD1DAF8000000281CBF00EB89008A
:10E9900040F8047C1F48006818B1296CFEF79AFE05
:10E9A00002E0286CFFF7F8FA1B482F64807828B142
:10E9B000E878696C401CC0B2ECF77EFD17482F70F8
:10E9C000006820B129462F63FEF784FE07E0286B1C
:10E9D000002808BFFCF736FD2846FCF733FD0C483D
:10E9E00040688178DBF800008278914209D980F88C
:10E9F00001800748DBF8001000F0A8FA0020FEF7BD
:10EA00003BFE0020BDE8F09FC80300107403001017
:10EA100078410010DC0300106C030010B8030010F4
:10EA200010B5040008BF10BD206B00281CBF206B70
:10EA300010BD0848006838B1E17801EB410100EBF6
:10EA400041106038206310BD60200121FCF7F8FC04
:10EA5000F8E70000E403001070B5040004BFFF20D5
:10EA600070BD144D2868A04211D18170286880F8CB
:10EA70002C10114840688078884219D90E482968BE
:10EA800000F064FA29680120487000200EE0A170AF
:10EA900084F82C102868A042EBD0204600F082FABF
:10EAA0006078012804D10448FEF776FEFEF7E4FD05
:10EAB000002070BD74030010784100100148006808
:10EAC000704700007403001070B504466020207089
:10EAD00001206070A17084F82C1000206060A0609C
:10EAE000E0602061A0626061A061E061206284F862
:10EAF0003800206C154600281CBF608F002803D109
:10EB00004FF01100FDF7DEF829462046BDE87040C1
:10EB1000AFF3008030B4428F374C930804BF228893
:10EB2000C2F38D03026C02EB830212F0040F18BFD4
:10EB3000121F4FF0807C42E9021C4FF0000C42F89B
:10EB400040CDC2F804C0C2F808C0C2F80CC0C2F878
:10EB500010C0C2F814C0C2F818C0C2F81CC0C2F875
:10EB600020C0C2F824C0C2F828C0C2F82CC0C2F825
:10EB700030C0C2F834C0D0F824C0C2F820C0C2638C
:10EB80004164216811F0805F18BF112B2FD9103B11
:10EB90004FF0FF3101EB53054FF0010C4FF0CC313A
:10EBA000BCEB530F1ED04FF0000C15F0010F05D039
:10EBB00042F8041C42F8081C4FF0010C6B100FD0F7
:10EBC000CCF1000402EBC4045B1E44F8041C44F8BE
:10EBD000081C44F80C1C44F8101C0CF1020CEFD17A
:10EBE000A2EBC502036C121F9A4288BF1160034951
:10EBF000006C016030BC7047EC030010A52E5AE297
:10EC0000C1898089081A70472DE9F041044640689F
:10EC100000260F4604F10C05002845D060784FF01F
:10EC2000010801282BD0022818BFBDE8F08120463A
:10EC3000FEF7B2FD0746002100F0FCF92189786A51
:10EC400004EB8101C1F81000D5E85F0F401C81B2D0
:10EC5000C5E8501F0028F7D12089401C80B22081D0
:10EC6000E189884208BF268187F80180384600F094
:10EC7000EAF93946BDE8F0411B4800F067B9204683
:10EC8000FEF78AFD0446406A04210760204600F032
:10EC9000D1F984F80180204600F0D5F92146BDE87D
:10ECA000F041114800F052B9A089E189884215D29B
:10ECB000208904EB80000761D5E85F0F401C81B21A
:10ECC000C5E8501F0028F7D12089401C80B2208160
:10ECD000E189884208BF2681BDE8F0810320BDE8B4
:10ECE000F041FDF753BA0000784100102DE9F041E2
:10ECF00004464088294E002826D0A068816AA14297
:10ED000006BFE1688162002907D0CA68A24202D129
:10ED1000E268CA6001E01100F7D190F82C10826A15
:10ED20004AB15368002B1CBF9B788B4288BF1946A1
:10ED3000D268002AF5D182788A4205D08170316884
:10ED4000814218BF00F02EF90127606888B1204683
:10ED5000FEF722FD0546002100F06CF9284600F080
:10ED600072F96F7029460E4800F0F0F860680028CC
:10ED7000EDD10B48406860B1316880788A78904264
:10ED800007D9074800F0E2F8306847700020FEF726
:10ED900073FC00202070BDE8F081000074030010B7
:10EDA0007841001063210170002141804160816041
:10EDB000C16070472DE9F0410446408820B1344DD0
:10EDC000A1682A68914202D0FF20BDE8F081401E70
:10EDD0000004000C608057D12968886AA04206BFF1
:10EDE000E0688862002807D0C268A24202D1E268C7
:10EDF000C26001E01000F7D191F82C20886A48B178
:10EE00004368002B1CBF9B78934288BF1A46C0689A
:10EE10000028F5D18A70DFF87C806068012728B36C
:10EE20002046FEF7B9FC0646052100F003F93046FE
:10EE300000F009F96780A660B06AE060B4622968F2
:10EE4000D8F8042088789278904228BF304619D2AA
:10EE5000104800F07BF831460E4800F077F828683B
:10EE6000477077700020FEF707FC0DE0D8F804002B
:10EE700029688078904207D9064800F067F828682A
:10EE800047700020FEF7F8FB0020BDE8F08100008D
:10EE90007403001078410010084810B50268012181
:10EEA0005170006800F074F8FFF748FA0448FEF764
:10EEB00073FCBDE8104000F00FB9000074030010AF
:10EEC000784100100548017800291EBF01214170DA
:10EED00070474FF080500249086070475C03001093
:10EEE00004ED00E0F0B4184D2B6803F1020CDC785F
:10EEF000DCE84F2FA24210D1BFF32F8F2B6893F87D
:10EF000003C0944581BF03EBC202C2E90101F0BC1A
:10EF100070470220F0BCFDF739B9521CD6B2CCE8DC
:10EF2000426F002AE4D100BFD3E84F2F02F1010C59
:10EF3000A44508BF4FF0000C0CF0FF06C3E84C6F6F
:10EF4000BCF1000FF0D1D9E7C003001010B4027873
:10EF50004FF0000C622A1ABF612A632A4FF0010C9D
:10EF60008B78426822B194789C4228BF1046F8D230
:10EF70004A604160BCF1000F01BF0020886010BCF6
:10EF80007047002A18BF9160886010BC704700006D
:10EF900003494A684260002282604860704700006E
:10EFA0007841001010B4836823B11A781946602A9A
:10EFB00007D00AE0417801290EBF1D4910BC7047F7
:10EFC00003E089680A78602AFBD0002B08BF184A42
:10EFD00007D042685A604268002A1CBF8368936069
:10EFE00007E05368834202D14368536001E01A008E
:10EFF000F7D10A780023622A1ABF612A632A012303
:10F0000090F802C04A6822B19478644528BF11463E
:10F01000F8D242604860002B01BF0021816010BC23
:10F020007047002A18BF9060816010BC70470000D4
:10F030007841001090F83820C06B002A14BF60306F
:10F040002030016070470169002908BF7047C2681D
:10F05000CA60C3680022002B08BF4A6107D04B6911
:10F06000D0F814C063444B61C3681961C260026187
:10F07000704700008168002908BF094907D042682D
:10F080004A60416800291CBF8068886070474A68F0
:10F09000824202D14068486070471100F7D1704742
:10F0A000784100100948407A002808BF7047084896
:10F0B0000068D0E90F10814204D3006805498842F6
:10F0C00008BF70470120FDF761B80000D823001089
:10F0D00074030010A52E5AE20349486002214170D2
:10F0E000C078FEF77FBD00007403001038B52D48CE
:10F0F0000121026851700068FFF74AFF2A482B4C33
:10F10000007828B32A482B4903684A6800219342B3
:10F110000DD0026002692368D4F804C0D21841EB14
:10F120000C03B2F1010C43F1FF32C0E902C2D0E995
:10F13000025C226863686A408CEA03031A4307D1C1
:10F1400001601C48FEF728FB01461A48FFF7FEFE47
:10F1500019480168491C0160EFF3108000F00100BC
:10F1600072B6009020686168401C41F10001206087
:10F170006160009800B962B6FBF71AFCFEF798FCD4
:10F180000E4C206810F0805F05D0FFF7D7F820689C
:10F1900040F0006020600748FEF7FEFABDE8384006
:10F1A000FFF79ABF74030010F80300102802001044
:10F1B000A841001078410010C004001004ED00E0E8
:10F1C00070B5FEF7FFFA040008BF70BD074D084890
:10F1D0002968FFF7BBFE29680120487002206C6097
:10F1E0006070E078BDE87040FEF7FCBC740300106E
:10F1F0007841001070B5FEF7B5F82748007801286F
:10F2000001D1F4F7F3FC2549D1E90020824241D035
:10F21000234A52F82040401C00F01F004860208A1A
:10F22000082806D0B0F5C16F2FD12046FEF79CF814
:10F230002BE000212046FBF731FE10B304F11E0045
:10F24000042200210546FCF711F828B9012204F137
:10F250000A012846F4F782FBE07E012806D0022846
:10F2600008D006280ED011280FD107E02046FEF75F
:10F27000C8F80AE02046C2F730F806E02046C2F798
:10F28000E9F802E02046FEF7BBF82046BDE87040F2
:10F29000F4F762BE70BD000037030010B404001024
:10F2A000F84000102DE9F04116480078002826D0DB
:10F2B00015480178491E11F0FF0101701FD1134953
:10F2C0000025134F097801704FF00208114E13E02A
:10F2D00005EB450007EB4004207801280BD160784E
:10F2E00048B1401E10F0FF00607004D1A01CFBF775
:10F2F000D1FA84F800806D1C30888542E8DBBDE8D7
:10F30000F0810000360300103203001042030010A9
:10F31000042700104A03001070B5044682B0002094
:10F320000D467C4900904FF6FF7C0190012A0CD0DD
:10F33000022A4AD0CDF804C0208840F48070208092
:10F34000A08A10F0010F7DD095E0CDF804C0208890
:10F3500040F480702080A08A10F0010F07D101983E
:10F36000421E01926FD3A08A10F0010FF7D043F034
:10F370000100087008782082CDF804C0A08A10F03F
:10F38000020F07D10198411E01915CD3A08A10F0B1
:10F39000020FF7D0208820F48060208072B6208B86
:10F3A0000090208840F40070208062B6A08A10F09F
:10F3B000400FFBD0208A2870208810F4007FFBD1FA
:10F3C000208840F48060208085E0208840F4006040
:10F3D0002080CDF804C0208840F480702080A08A6E
:10F3E00010F0010F07D10198421E019252D3A08A5A
:10F3F00010F0010FF7D043F00100CDF804C0087001
:10F4000008782082A08A10F0020F07D10198411ECF
:10F4100001913FD3A08A10F0020FF7D072B6208B73
:10F420000090208820F48060208062B6A08A10F0CE
:10F43000040FFBD072B601212046F3F7C6F8208AEC
:10F44000287001E00FE025E062B6208A687020880D
:10F4500010F4007FFBD1208840F480602080208859
:10F4600020F4006036E00198461E019612D3A08A6F
:10F4700010F0010FF7D043F00100CDF804C0087080
:10F4800008782082A08A10F0020F0BD10198411E4B
:10F49000019103D202B04FF0FF3070BDA08A10F08E
:10F4A000020FF3D0208B00906AB1032A16D0A08AF5
:10F4B00010F0040FFBD0208A521E05F8010B032A1E
:10F4C0000CD0002AF1D1208810F4007FFBD12088D5
:10F4D00040F48060208002B0002070BDA08A10F04F
:10F4E000040FFBD0208820F48060208072B6208A30
:10F4F00005F8010B208840F400702080208A05F870
:10F50000010B62B6A08A10F0400FFBD0208A287051
:10F51000D9E70000CC0400100846F9F74DB830B424
:10F520009C46144608462146029B30BC6246F9F7C9
:10F53000A5B830B49C46144608462146029B30BC10
:10F540006246F9F7E5B80220F8F706BF0846F8F773
:10F5500097BF944608461A466146F8F7A9BE9446F6
:10F5600008461A466146F8F709BFC1F7EFBF012107
:10F57000C1F7A6BF044910B501EBC0000121006826
:10F58000F5F7D4FE002010BDFC1F0608044910B595
:10F5900001EBC00000210068F5F7C8FE002010BD97
:10F5A000FC1F060810B50A4901EBC004103101EB3D
:10F5B000C0012068F5F746FE01212068F5F7B6FE88
:10F5C0000020F4F7FDFCF4F723FD002010BD00003F
:10F5D000FC1F06082DE9F047984E074606EB870901
:10F5E00088B0D9F804400D0008BF954D95483946BC
:10F5F0000068F7F720FE01281EBF6FF00E0008B06C
:10F60000BDE8F08739463068F7F715FE012806D0C7
:10F610002878002804BFA87801280BD049E04FF0D3
:10F62000200221462846C2F7D6FB002841D108B067
:10F63000BDE8F087687A00283BD06878022838D186
:10F64000E87A002835D00020F4F7BAFCF4F7E0FCA3
:10F650007D4800F1340191E84E108DE84E10297F6D
:10F66000002918BF0221ADF80610697F002918BFD4
:10F670000121ADF80810297A01290CBF4FF400616F
:10F680000021ADF80410002F04BF3021ADF80C109C
:10F6900000680690CDF81CD02878002818BF0120FB
:10F6A0008DF81800E8780626002818BF064640D1D5
:10F6B00004E008B04FF0FF30BDE8F087686820B381
:10F6C0003846FAF75DFD6A68B0FBF2F1B0FBF2F381
:10F6D00002FB1300022901D303D130B94FF0010618
:10F6E00027E0042901D303D130B94FF0020620E00E
:10F6F000082901D303D130B94FF0030619E01029CE
:10F7000001D303D130B94FF0040612E0202901D310
:10F7100003D170B94FF005060BE0402909D302D19F
:10F72000002873D105E0802970D30CBF002808267B
:10F730006CD08DF81960EA8B06A93846FAF7BAFB47
:10F7400000281CBF08B0BDE8F0874FF0000846460F
:10F75000F4B3607A94F8231010FB01F895E82F16A3
:10F7600084E82F16617A84F82210207A01280CBFD1
:10F770000222012284F8232011FB02F50023E06A13
:10F78000F9F71DFEE06284F8286094F82320617A7E
:10F790000023206BF9F713FE2063606B28B1454509
:10F7A00007D004F13400F5F7C7FE2846F5F7D0FE80
:10F7B0006063617A94F8230011FB00F0C2B2E17A31
:10F7C0000023606AF9F7FBFD606284F8207000E0B6
:10F7D0001EE084F8296084F821602324022137B1D7
:10F7E000012F08BF242402D0022F08BF3324204653
:10F7F000F7F79AFC2046F7F795FC39460F48F7F7DC
:10F8000029FD08B00020BDE8F087FFE7072690E754
:10F810003820F5F79DFEC9F8040006604660866052
:10F82000C660066146618661C6610662466286629E
:10F83000C66206630446466390E7000080400010FD
:10F84000DC210608A01F0608D4210608F0B50546ED
:10F850004548464F00EB850083B057F82560446863
:10F860003046F3F7B3F8ADF8080094F8280094F8A0
:10F870002210884208D202A9E06AF9F7F9FD94F84B
:10F880002800401C84F82800C1B294F822200020EF
:10F8900091424BD184F8280094F82900401E10F0C2
:10F8A000FF0084F8290014BF00260126606AF9F7DA
:10F8B00085FC012804BF606AF9F7D3FDE06AF9F717
:10F8C00052FC626A01461046F9F7D2FDE06AF9F788
:10F8D0002BFC002E18BF57F8256021D08021304620
:10F8E000F3F760F80128F9D000213046F2F7EFFF76
:10F8F00057F8250000226021F3F75BF8206BF9F739
:10F9000013FC607A94F8231010FB01F1606BC2F7CE
:10F91000B3FBD4E90510002918BF884703B0F0BD38
:10F92000D4E90C01F9F718FD03B0F0BDADF8000003
:10F9300094F8231001290BD000226946206BF9F7B7
:10F9400046FCBDF800103046F3F742F803B0F0BDB6
:10F950008DF80400002201A9206BF9F738FC9DF80E
:10F960000400ADF80000ECE780400010FC21060820
:10F970003049C0B210B501EB800084B04468607CAF
:10F98000F6F796FBE07D002204F12201F6F738FF3E
:10F99000207B80B104281ED0052818BF002023D06A
:10F9A000A0616168002904BF04B010BDA06804B064
:10F9B000BDE81040084794F8220094F82310400650
:10F9C000400A40EA012094F8241001F0E0010843C5
:10F9D0004009A061E5E794F8231094F8220001F0B3
:10F9E0007F0140EA0120DBE7608C40BAADF80000FF
:10F9F00094F8241094F82520C90241EAC20194F831
:10FA0000262041EA5211019194F8261001F00301D9
:10FA10008DF8081094F827108DF8091020870198A8
:10FA2000A0619DF8080084F83A009DF8090084F868
:10FA30003B00B6E7B02400100B49C0B210B501EB93
:10FA400080004468607CF6F733FBE07D002204F11F
:10FA50002801F6F7D5FE6168002908BF10BDA0682F
:10FA6000BDE8104008470000B0240010F8B5C5B24A
:10FA70001248012100EB85067468D4F81200F5F7EE
:10FA800055FCE07D00226946F6F7BAFE7468002155
:10FA9000D4F81200F5F74AFCE07D2A460849F6F74B
:10FAA000DBFEE07D0321F6F751FFE07D0549F6F727
:10FAB00023FFE07D0121F6F761FFF8BDB0240010BF
:10FAC00039FA0508AF1B060870B5C5B21348012105
:10FAD00000EB85067468D4F81200F5F727FCE07D8A
:10FAE000002204F11C01F6F78BFE74680021D4F8A3
:10FAF0001200F5F71BFCE07D2A460949F6F7ACFE3B
:10FB0000E07D0421F6F722FFE07D0649F6F7F4FEDA
:10FB1000E07DBDE870400121F6F730BFB024001051
:10FB200029FB0508B21B0608F8B5C5B22648012115
:10FB300000EB85067468D4F81200F5F7F7FBE07D5A
:10FB4000002204F12201F6F75BFE94F8230094F8FA
:10FB50002410000440EA012094F82510084300090D
:10FB6000A061746894F83600401C84F8360094F85C
:10FB7000360000F001002044807B84F8350094F8C2
:10FB80003500002804BF762084F835000FA00068F7
:10FB9000009094F835008DF80100D4F8120000218F
:10FBA000F5F7C4FBE07D2A460949F6F755FEE07DEE
:10FBB0000221F6F7CBFEE07D6946F6F79DFEE07D7B
:10FBC0000121F6F7DBFEF8BDB0240010970000001D
:10FBD0006DFA050870B51A49002801EB80014C68E0
:10FBE0000CBF184D184DE16900291CBF206A8847D9
:10FBF000002084F82D0084F82E004FF400412846A0
:10FC0000F1F772FF4FF400612846F1F76DFF4FF4F2
:10FC100080612846F1F768FF4FF400712846F1F73C
:10FC200063FF4FF480712846F1F75EFF08212846F4
:10FC3000F1F75AFF686840F00400686070BD00008A
:10FC40009C40001000640040006800402DE9F04135
:10FC50008AB04FF0000105000091019102910391DB
:10FC60001F48204E00EB8500DFF87C804468A76ABF
:10FC70000CBF30464046C06810F0100F1CBF28462D
:10FC8000FFF7A8FF3846F9F799FA012808D1384656
:10FC9000F9F7E7FB012084F82E002846FFF79AFFCA
:10FCA000002D0CBF3046404604AA0021F2F77FF831
:10FCB000049800909DF81A008DF80600DDF81B00EE
:10FCC0000290DDF81F00039069463846F9F701FC01
:10FCD000616800291CBFA06888470AB0BDE8F081B0
:10FCE0009C40001000640040006800402DE9F0478F
:10FCF00086B04FF0000805002E48CDF8008000EBDC
:10FD00008500CDF80480CDF80880CDF80C80CDF8C2
:10FD1000108044686F460DF10A06D4F824A00CBF89
:10FD200013203F20FAF7C0FA84F82F805046F9F7E5
:10FD3000FAFB00281CBFDFF88080DFF8809024D019
:10FD40005046F9F728FA0188002DC1F30A013960FD
:10FD5000817931708168CDF80B10C068CDF80F0043
:10FD60000CBF404648466946F2F7A2F804280CD07A
:10FD70005046F9F776FB216900291CBF6069884766
:10FD80005046F9F7D0FB0028DAD15046F9F7CBFB03
:10FD9000002804BF06B0BDE8F087002D0CBF13207B
:10FDA0003F20FAF78EFA012084F82F0006B0BDE854
:10FDB000F08700009C400010006400400068004094
:10FDC000F0B506461E4883B00127406800252C4642
:10FDD00090F800C0FF208DF808001A48BE21D0E935
:10FDE0000823062060F3174202A8CDE90007604609
:10FDF000F9F738FE9DF8080010F0400F08BF012504
:10FE000010F0100F08BF012455EA040002BF37703C
:10FE100003B0F0BD65B1002D04BF03B0F0BD002CF0
:10FE200008BF032009D01CBF0420307003B0F0BD10
:10FE3000002C12BF022003B0F0BD307003B0F0BD43
:10FE4000D4040010002406082DE9F04302462C4893
:10FE50002C4985B04068D1E9046807780020052A5C
:10FE60000BD2DFE802F0030A050709009F2004E037
:10FE7000402002E0202000E0602001248DF80800EE
:10FE800064F307061C2003AD60F31746CDE9005468
:10FE900043463246BE213846F9F7E4FD0DF1080924
:10FEA000CDE9009443463246BE213846F9F7F6FEC6
:10FEB000CDE9005443463246BE213846F9F7D2FD1B
:10FEC00064F307062C2060F31746CDE9005443463F
:10FED0003246BE213846F9F7C5FDCDE900944346C8
:10FEE0003246BE213846F9F7D9FECDE900544346E3
:10FEF0003246BE213846F9F7B5FD05B0BDE8F083BE
:10FF0000D404001000240608F0B5174985B006781F
:10FF1000D1E90E27012400208DF8080003A8CDE9BF
:10FF2000000464F317428DF80C4015463B46BE2191
:10FF30003046F9F7B3FE02A8CDE900042A4664F37F
:10FF400017423B46BE213046F9F78CFD9DF808006C
:10FF500010F0010F1CBF05B0F0BD04A1E520FAF7B9
:10FF600009FA05B0F0BD000000240608735F686C54
:10FF70005F636869705F6D696372656C5F6B73382E
:10FF80003839335F737461727428293A20535749A2
:10FF9000544348206E6F7420636F6E666967757294
:10FFA000656400002DE9F041344986B049680F7856
:10FFB0003349D1E9066800218DF808108DF80C103E
:10FFC000002804BF06B0BDE8F0810421012808BF65
:10FFD0008DF808104FD00622022808BF8DF808209F
:10FFE00049D0032807BF8DF808108DF80C2006B003
:10FFF000BDE8F081012464F307061D2004AD60F321
:020000040806EC
:100000001746CDE9005443463246BE213846F9F73B
:1000100029FD02A8CDE9000443463246BE213846F8
:10002000F9F73CFECDE9005443463246BE2138463E
:10003000F9F718FD64F307062D2060F31746CDE9A4
:10004000005443463246BE213846F9F70BFD03A85B
:10005000CDE9000443463246BE213846F9F71EFE7C
:10006000CDE9005443463246BE213846F9F7FAFC42
:1000700006B0BDE8F0818DF80C10BBE7D404001089
:100080000024060810B5134890B044684FF49670E9
:1000900000902178607AF9F7CFFB002817D00098FC
:1000A000411E00910DD20CA317A240216846C1F752
:1000B00061FB6946E520FAF75DF910B04FF0FF30BB
:1000C00010BD2178607AF9F7B7FB0028E7D110B0AE
:1000D000002010BDF4040010735F686C5F636869F2
:1000E000705F78785F656570726F6D5F7761697456
:1000F000656570726F6D7374616E6462797374613B
:100100007465282900000000656570726F6D2074A9
:10011000696D656F757420696E2066756E637469AC
:100120006F6E20257300000030B51446DFF82CC038
:10013000022565F3070261F31F4283B0DCF804C0B7
:100140002188CDE900019CF800109CF80900F9F71E
:10015000A5FD0021218003B030BD0000F404001093
:10016000084470470844D15C0170704700EB4100BF
:10017000704700EB410032F813100180704700EB2C
:100180008100704700EB810052F823100160704736
:1001900000EBC100704700EBC10002EBC301D1E9E5
:1001A0000021C0E90021704700EB0110704700EB0F
:1001B000011002EB0311D1E90023C0E90023D1E9CA
:1001C0000221C0E9022170472DE9F04182B00746C3
:1001D000002088460190154601213846F2F7ECF9D7
:1001E0001A4E4FF48034314638460094F2F7CBF97A
:1001F00048B9009B581E009019D331463846F2F793
:10020000C2F90028F5D02A4641463846F2F764FA8A
:100210000094002D0CBF0E480E4801460190384650
:10022000F2F7B1F970B90099481E009004D202B0FB
:100230004FF0FF30BDE8F08138460199F2F7A3F99D
:100240000028F0D002B00020BDE8F08101000300DA
:10025000820007000200030038B50025044601298A
:1002600004BF002038BD0121F2F7AFF94FF4803010
:100270000090208810F4007F0AD00099481E00905A
:1002800002D24FF0FF3503E0208810F4007FF4D154
:100290002046F2F7B8F90090284638BD2DE9FF4F07
:1002A00083B00020109E0546804601900090C8B2A1
:1002B0001F46012802D0022805D00BE00125080CBA
:1002C0008DF8000006E00225080C010A8DF80010E8
:1002D0008DF80100002F08BF002670190404240CBB
:1002E000E9461CBF4FF4803BDFF864A02CD03DB141
:1002F000681EC5B2C846601E09F1010984B206E055
:100300002EB1B846701E7F1C86B2601E84B298F86B
:1003100000100398F2F7E8F95146CDF804B00398BD
:10032000F2F731F970B90198411E019104D207B07A
:100330004FF0FF30BDE8F08F51460398F2F723F9F4
:100340000028F0D0002CD2D107B00020BDE8F08FFB
:10035000840007002DE9F041154901EB80056C6828
:100360002179D9B91349264651F820104F6891F9DF
:1003700002803846F2F718FD00213846F2F700FDFA
:100380007079FF2807D0002201213846F2F794FE49
:100390004046F9F789FF696803200875A1680029BC
:1003A00008BFBDE8F081E068BDE8F0410847000003
:1003B000A840001040040010104E0D460446B178CD
:1003C0000020022902D0032905D008E00020FBF715
:1003D000E5FD0320B070FBF7ABFEFBF74BFE084BCF
:1003E000214625B1DB6A2A463BB19847FEE7DB6A26
:1003F00004A20BB19847FEE7FEE7FEE738020010C3
:100400007C020010756E73706563696669656420AF
:100410006D65737361676500FBF78AFE0449C969FE
:1004200008600448006B08B18047FEE7FEE7000063
:10043000380200107C0200102DE9F05F5FEA00082E
:100440000E4692461BD0D6E90045DFF824910027DE
:10045000E04370EA05000ED0B268A118D9F8002078
:1004600045EB0700D9F80430511A73EB000009D3AB
:10047000F06838B903E0D6E90201C84202D1FF2092
:10048000BDE8F09FE14371EA05004AD0B06800285A
:1004900008BFF0682418D9F800007D41D9F804108D
:1004A000001B71EB050017D3D6F80CB0D9F800008B
:1004B000D9F80410001B61EB05013C465A460023A5
:1004C000C1F7C9F8D9F80000D9F804101BEB0000F7
:1004D0006141841A61EB0305D9F80000D9F80410D2
:1004E000B4EB000965EB010B98F80200012804BF8A
:1004F000404600F041F8012088F80200F068C8E9A1
:100500000304C8E90554C8F81C50DAF80000C8F81C
:100510002000DAF80400C8F8240016483A4681683A
:100520000CE0D6F80890B9F1000F08BFD6F80C908F
:10053000BB46D9E718469B6859185741B1EB0903E8
:1005400077EB0B0302D24368002BF3D14268B1EB87
:100550000901C8E90121C0F804808168D8F80820A1
:10056000A1EB020181604FF00000BDE8F09F0000A8
:1005700028020010D03F00108178002904BF00201D
:10058000704710494A68824204D0110018D04A6866
:100590008242FAD142684A608A6883681A448A6053
:1005A000652101700021417081704160816041616D
:1005B000C0E903118161C0E9071141620846704733
:1005C000FF207047D03F0010002070470846F7F723
:1005D00025BC0846F7F74EBC0846D1B21A46F7F7D5
:1005E00057BC08461146F7F70BBD10B50C46002165
:1005F0000220F4F7C9FF2046BDE81040F7F796BB8C
:100600000846F7F707BE00210A464318491C9B78A5
:1006100004291A44F9DB02F03F01322900D33239B0
:10062000491C4170704710B50446FDF7D9FA2046C1
:10063000FDF7DAF8FDF7D5FA002010BD10B5FDF78B
:10064000CFFAFDF703F90446FDF7CBFA204610BDBB
:1006500070B514460D460646FDF7C2FA22462946F5
:100660003046FDF71BF90446FDF7BBFAE0B270BD5A
:1006700010B50446FDF7B4FA2046FDF711F904461B
:10068000FDF7AFFAE0B210BD10B50446FDF7A8FAC9
:100690002046FAF7D1F9FDF7A4FA002010BD10B5F5
:1006A000FDF79EFAFAF7CCF90446FDF79AFA2046D0
:1006B00010BD70B50C460546FDF792FA2146284656
:1006C000FAF7C4F9FDF78DFA002070BD70B5144635
:1006D0000D460646FDF784FA012C0CBF01220022CC
:1006E00029463046FAF7DCF90446FDF77AFAE0B21B
:1006F00070BD10B50446FDF773FA2046FAF7F2F91B
:10070000FDF76FFA002010BD10B5FDF769FAFAF792
:10071000F7F9FDF766FA002010BD10B50446FDF7A5
:100720005FFA2046FEF76CFA84B2FDF75AFA2046CB
:1007300010BD70B50546FDF753FA2846FDF74AFB94
:1007400004001CBF2946FAF7F1F9FDF74AFA2046E2
:1007500070BD70B514460D460646FDF741FA2246B7
:1007600029463046FAF742FA0446FDF73AFAE0B273
:1007700070BD70B514460D460646FDF731FA2246A7
:1007800029463046FAF7DEF90446FDF72AFAE0B2C8
:1007900070BD10B50446FDF723FA2046FDF716FBA1
:1007A00084B2FDF71EFA204610BD10B5FAF74AFED6
:1007B000002010BD10B50446FDF712FA2046FDF7E3
:1007C00071FB0446FDF70DFA204610BD0121FAF732
:1007D00037BEFAF739BE0000F0B587B00E460746BF
:1007E000FDF7FEF90020CDE902000546EFF3108089
:1007F00000F0010072B6274C0490A069E169CDE9D0
:1008000002014FF0E02081690091234909680191BC
:10081000C1F3806159B1806900990190884206D284
:10082000DDE90210491C40F10000CDE902100498F6
:1008300000B962B60020CDE90400CDE9040060698A
:100840000099401AD4E90812A0FB013C05FB01C144
:1008500000FB0210CDE90430DDE904010F4A00235A
:10086000C0F7F9FECDE904016068DDE902324068B5
:10087000A0FB031C05FB03C300FB0233DDE90420DE
:100880008A1843413A603360FDF7ABF907B00020A6
:10089000F0BD00001002001004ED00E040420F0027
:1008A00010B5FDF79DF9FDF7BDFA040018BFFEF77E
:1008B00079FAFDF796F9204610BD70B50546FDF7AB
:1008C0008FF92846FEF712FA04462846FDF75AFB30
:1008D000FDF787F9E0B270BD10B50446FDF780F969
:1008E0002046FEF767FA0446FDF77BF9E0B210BD3B
:1008F00070B50C460546FDF773F921462846FAF710
:10090000D9F90446FDF76DF9E0B270BD2DE9F0416B
:1009100086B00E460746FDF763F90020CDE90200D8
:100920000546EFF3108000F0010072B6294C0490E8
:10093000A069E169CDE902014FF0E02081690091F1
:10094000254909680191C1F3806159B18069009915
:100950000190884206D2DDE90210491C40F10000F6
:10096000CDE90210049800B962B60020CDE9040078
:10097000CDE9040060690099D4E90823411AA1FB7C
:10098000020C05FB02C201FB03214FF47A72002323
:10099000C0F761FE6268DDE9024C5268A2FB0438D0
:1009A00005FB048402FB0C454FF47A74A3FB042876
:1009B00005FB04844FF0000C03FB0C43121843EBBF
:1009C00001003A603060FDF70CF906B00020BDE888
:1009D000F08100001002001004ED00E070B50D463B
:1009E0000646FDF7FDF8FDF73DFA040003D02A4660
:1009F0003146FAF795F9FDF7F4F8204670BD10B5C9
:100A00000446FDF7EDF82046FAF794F90446FDF7A1
:100A1000E8F8E0B210BD70B50C460546FDF7E0F809
:100A200021462846FDF702FD0446FDF7DAF8E0B25C
:100A300070BD70B50C460546FDF7D2F82146284634
:100A4000FAF792F90446FDF7CCF8E0B270BD70B544
:100A50000C460546FDF7C4F821462846FDF7F4FC90
:100A6000FDF7BFF8606870BD10B50446FDF7B8F833
:100A70000120FDF741FE002C18BF2060FDF7B1F802
:100A8000002010BD70B50C460546FDF7A9F82146BB
:100A90002846FDF713FEFDF7A4F8002070BD2DE9F0
:100AA000F0411C4615460E460746FDF799F82346C9
:100AB0002A4631463846FDF763FE0446FDF791F8B5
:100AC0002046BDE8F08110B50446FDF789F82046C0
:100AD000FDF7AAFE0446FDF784F8E0B210BD10B59C
:100AE0000446FDF77DF8646BFDF77BF8204610BDEA
:100AF000FDF796BF10B5FDF773F8FEF761FBFDF744
:100B000070F8002010BD10B5FDF76AF8FDF7D6FFAC
:100B10000446FDF766F8204610BD70B50C46054644
:100B2000FDF75EF821462846FDF796FF0446FDF7DF
:100B300058F8E0B270BD000001490120887070478C
:100B40003603001018B108490978884201D90020FD
:100B50007047064900EB400001EB8000012100F8DE
:100B60000C1C08467047000044030010743F00103E
:100B700010B52A30F2F7A0FE2A2141802E3010BD98
:100B800070B51AB101240E4B0E4D05E0002070BD6A
:100B90001E7846B10C33641C2E78B442F8DD032075
:100BA000C0F7C7FBF2E701251D705D7001F003017E
:100BB0005971187100205880E0B29A6070BD000031
:100BC000743F001044030010F0B518B11A4A1378AE
:100BD000984201D90020F0BD184B00EB400003EB18
:100BE00080040C3C19BB164800254FF4806C4FF470
:100BF0007C4E0188491C89B20180614501D2A0F870
:100C000000C000210D4B068807E05F88B74202D183
:100C10001F78012F04D80C33491C1778B942F4DB34
:100C20001378994202D06D1C7545E2DBB1B2618048
:100C3000022020700120F0BD44030010743F00101A
:100C40003403001010B518B108490978884201D959
:100C5000002010BD064900EB400001EB80000C387D
:100C60000C220021FAF7FAFA012010BD440300100B
:100C7000743F00102DE9F843A3F12E040546608867
:100C8000089F894690462A2802D00020BDE8F883B4
:100C9000002D52D03848007885424ED804220021D9
:100CA0004846FAF7E3FAF0BBB8F1000F45D04FF42D
:100CB000B860874200D90746304905EB450001EB93
:100CC000800616F80C0D022837D1708858B304F14D
:100CD0002605F1F729FF28804046F1F725FF6880B7
:100CE00007F108081FFA88F00746F1F71DFFA880F2
:100CF0000020E8807079C00728D04846FAF736F916
:100D000000220421F1F752F9024604214846F1F786
:100D10004DF901461120F1F75DF901463846F1F72A
:100D200059F9024600E008E041462846F1F73EF94D
:100D3000C0430004000C04D005E02046F3F70CF992
:100D4000A3E74FF6FF70F1F7EFFEE880278099F8F0
:100D5000000080230E21B1EB101F00D173780093A7
:100D60003379112249462046FAF74CF905462046C8
:100D7000F3F7F2F8284689E744030010743F0010A7
:100D800010B500290AD00878002807D00548784413
:100D9000C1F7BEF9002801D0002010BD02487844F8
:100DA00010BD00001AB8000012B8000010B50029EC
:100DB0000AD00878002807D005487844C1F7A8F978
:100DC000002801D0002010BD0248784410BD00006A
:100DD0000AB8000002B8000021F0004201F0004310
:100DE000A2F16052B2F5801F28BFD2F17F6C0BD9FF
:100DF0005FEA001C43EAC20242EB507018BF704722
:100E000028BF20F001007047B2F5801FBCBF184614
:100E100070474FEA410C1CF5001F02D2084600F053
:100E20005FBE70B500F000FC00000089FFF7F6BF60
:100E30004FF00040A0F580007047000010B591EA27
:100E4000030F48BF83F0004300F18C84841A71EBD8
:100E5000030C05D2121943EB0C03001B61EB0C01D0
:100E60004FEA1154A4EB135CDFF81CE11EEA430FB8
:100E700018BF9EEA445F00F0748021EA045123EA1F
:100E80000E0343F48013DCF1200E32D322FA0CFE61
:100E900010EB0E0023FA0CFE41EB0E01CCF1200EFC
:100EA00003FA0EFE10EB0E00CCF1200E51F1000102
:100EB000B1F5801F32D201EB045112FA0EF2BDE8F7
:100EC000104058BF7047401C38BF5FEA420218BF4D
:100ED0007047002814BF20F0010041F100014FEAE3
:100EE000410313F5001F38BF7047A1F1C04100F066
:100EF000E9BB012A43EB0302ACF1200CDCF11F0E2D
:100F000032BF4FF0000E23FA0CF310EB030041EB5D
:100F10000451B4EB115FD0D0A1EB045101F5801165
:100F2000490801EB04515FEA30000ED350F1000094
:100F300038BF12FA0EFE08D1BDE81040C9E7401CC8
:100F400038BF5FEA4202CAD1C3E7BDE810404FEAAA
:100F5000410313F5001F38BF7047A1F1C04100F0F5
:100F6000B1BB9EEA445F08D011EA5E0FBDE81040B5
:100F700004BF01F0004100207047BDE8104070B58B
:100F800000F052FB64FBBE3E0000E0FF491058BF7A
:100F9000C1F140415B1058BFC3F140438B42EFF3B6
:100FA000008070472DE9C04130B4DFF8A8C23CEAA8
:100FB000111418BF3CEA131400F0F0801CEA11145D
:100FC00081EA030544EAD57418BF1CEA131500F042
:100FD000CB80A4EB050404F17F7404F500344FF0DA
:100FE000004545EAC12145EAC32341EA505143EA9D
:100FF00052534FEAC0204FEAC222994208BF9042A2
:1010000000F0A0804FEA13650FF24816765D4FEAB4
:10101000134506FB05F7C7F1807706FB07F74FEA94
:10102000D737A7FB03687642A7FB06CEC8F5803802
:1010300038BFA8F1010807FB08E6A6FB028C4FF0B9
:10104000000EE6FB03CED8F100086FEA0C0C5CF151
:10105000000C6FEA0E0E4EF1004EA6FB0C584FF03E
:101060000007E6FB0E87A1FB08C6A0FB07CE16EB28
:101070000E064FF0000545F10005E1FB076515F18F
:10108000E04E7EBFA4F580345FEA46066D4116F15E
:10109000800745F100054FEA172747EA05674FEA41
:1010A00015254FEA0666A6F1DE46B6F1805F20D927
:1010B000384605EBC47124F0010C01EB0C11BCF1B6
:1010C000FE6F02D8F0BCBDE8008124425CBF01F590
:1010D000801E9EEAC47F02D4F0BCBDE80081244299
:1010E00000F13980A1F1C041F0BCBDE8004100F041
:1010F000E9BA4FEAD02040EA41504FEAD1214FEA05
:10110000D22242EA43524FEAD323A7FB028607FBCF
:10111000036605FB02661EEA0E0F58BFA6EB0056DB
:10112000B6EB00564FEA520E4EEAC37E18EB0E0E97
:1011300056EB530EBCD518EB02085E417F1C55F1EF
:101140000005B5E74FF480154FF000074FF000069B
:101150004FF00008ACE701F1C04101F000414FF051
:101160000000F0BCBDE800810CEA131511EA0C1F69
:1011700000D00CE013EA0C1F00F025804FF00000B7
:1011800081EA030101F00041F0BCBDE80081F0BC40
:10119000BDE8004181EA030100F094BAF0BCBDE86B
:1011A000004170B500F040FA097EFC3E00F007B83F
:1011B0004FF0000081EA030101F00041704781EA2D
:1011C000030100F07FBAF0BCBDE8004122494FF0B6
:1011D00000007047FFFDFBF9F7F5F4F2F0EEEDEBE0
:1011E000E9E8E6E4E3E1E0DEDDDBDAD8D7D5D4D325
:1011F000D1D0CFCDCCCBCAC8C7C6C5C4C2C1C0BF71
:10120000BEBDBCBBBAB9B8B7B6B5B4B3B2B1B0AF76
:10121000AEADACABAAA9A8A8A7A6A5A4A3A3A2A15A
:10122000A09F9F9E9D9C9C9B9A9999989797969515
:1012300095949393929191908F8F8E8E8D8C8C8BB1
:101240008B8A898988888787868585848483838239
:10125000828181800000FF070000F87F51EA030CC3
:1012600017D41CF5801F58BFBCF5801F00F1068005
:10127000994218BF704708BF9042704707D711F5D1
:10128000801F58BF13F5801F19D4994270478942B7
:1012900070471CF5801F08D5BCF5801FF7D58B4221
:1012A00018BF704708BF824270474FF4001C1CEB08
:1012B000410F38BF1CEB430F01D28B42704770B512
:1012C00000F0B2F9922449004FF000514FF08053E2
:1012D000FFF75CBE4FEA41034FEA5353A3F5806327
:1012E000D3F11E03C8BFD3F1210C0CDD4FF0004237
:1012F00042EAC12242EA505232FA03FC8CEAE17C13
:10130000ACEBE1707047102BC4BF0020704703F5B1
:10131000787CBCF1FF3F04D06FF0004282EA2100EC
:10132000704770B500F080F9499224800020704722
:10133000F2E700004FEA1153A3F58063D3F11E03D7
:10134000A8BFD3F1200C08DB4FF0004242EAC122D3
:1013500052EA505232FA03F0704709420BD4102B74
:10136000C4BF0020704703F5787CBCF1FF3F05D077
:101370004FF0FF3070474FF00000704770B500F03D
:1013800053F900BF4992248000207047F0E710F025
:10139000004248BF4042B0FA80F310FA03F10AD08D
:1013A000C3F11D0303F5806302EB03524FEA415082
:1013B00002EBD12170474FF000007047B0FA80F384
:1013C00010FA03F10AD0C3F11D0303F580634FEA5D
:1013D00003524FEA415002EBD12170474FF0000019
:1013E0007047000051EA030C17D41CF5801F58BF4A
:1013F000BCF5801F00F10680994218BF704708BFF6
:101400009042704707D711F5801F58BF13F5801F12
:1014100019D499427047894270471CF5801F08D53E
:10142000BCF5801FF7D58B4218BF704708BF8242BA
:1014300070474FF4001C1CEB410F38BF1CEB430FEF
:1014400001D28B42704770B500F0EEF8922449004B
:101450004FF080514FF00053FFF798BD51EA030C55
:1014600017D41CF5801F58BFBCF5801F00F1068003
:10147000994218BF704708BF9042704707D711F5CF
:10148000801F58BF13F5801F19D4994270478942B5
:1014900070471CF5801F08D5BCF5801FF7D58B421F
:1014A00018BF704708BF824270474FF4001C1CEB06
:1014B000410F38BF1CEB430F01D28B42704770B510
:1014C00000F0B2F8922449004FF000514FF08053E1
:1014D000FFF75CBD70B5DFF848C11CEA111E1EBFE6
:1014E0001CEA13159EEA0C0F95EA0C0F00F06F80B2
:1014F00081EA03044EEAD47EAE4421EA4C1123EA89
:101500004C1341F4801143F48013AEF17F7EA1FBB4
:10151000024CA0FB0365361955EB0C05A1FB034CEF
:101520004CF10003A0FB021C16EB0C06654153F1C5
:101530000003094218BF46F0010613F4007F0BD1E7
:101540004FEA03314FEA053041EA155140EA16509F
:1015500034036FF003020AE04FEAC3214FEAC520CB
:1015600041EA555140EA5650F4026FF0020202EB94
:101570002E4201EB025585EACE710AD05FEA440C97
:1015800018BF24F0004450F1000041F1000120EAAE
:10159000D47040F2FE7C624500D270BDA84214BFF8
:1015A0004FF080444FF04044002E08BF0024BEF1AD
:1015B000806FA8BFA1F1C041BDE8704080F2828079
:1015C00001F1C04101F000414FF0000070470CEA0A
:1015D00013159EEA0C0F18BF95EA0C0F06D081EA8E
:1015E000030E4FF000000EF0004170BD00F01CF83B
:1015F0008900013E00F007B800F009B84FEA430C3B
:101600005FEA5C5C08D081EA030100F05BB84FEA56
:10161000410C5FEA5C5CF6D102494FF00000704774
:101620000000FF070000F87F0EF1020E2EF0030EFF
:101630005EF8046B364205D4012A43EB030515F529
:10164000001F12D8012841EB010C1CF5001F0CD81B
:101650000ED14FEAD17C0CEB4C0C0CF1020C15F5C1
:10166000001F08BF4CEBD37C04E04FF0080C01E0F6
:101670004FEAD37C0CEB4C0526FA05F606F007067C
:10168000B6F1040C06D20EEB860CBDE870404CF0AF
:10169000010C6047DFE80CF0090B02024FF000413B
:1016A000A1F500214FF0000070BD19461046012839
:1016B00051EB010418BFD4F5001484BF002001F0E1
:1016C000004170BD0808A0F500114FEA31017047D4
:1016D00053EA010C17D41CF5801F58BFBCF5801FBE
:1016E00000F106808B4218BF704708BF82427047E6
:1016F00007D713F5801F58BF11F5801F19D48B42EF
:1017000070479B4270471CF5801F08D5BCF5801FB1
:10171000F7D5994218BF704708BF904270474FF401
:10172000001C1CEB430F38BF1CEB410F01D2994248
:1017300070470FB40CBC03BCFFF7C1BE10B591EAF3
:10174000030F81F000413FF581AB83F0004300F0CF
:1017500009B8000010B591EA030F48BF83F00043B9
:101760003FF574AB841A71EB030C07D28CF0004C7C
:10177000121943EB0C03001B61EB0C014FEA1154EF
:10178000A4EB135CDFF8A4E11EEA430F18BF9EEA46
:10179000445F00F0B48021EA045123EA6E03524210
:1017A000C3EB6E0338BF5B1EDCF1200E25D322FA9B
:1017B0000CFE10EB0E0043FA0CFE41EB0E01CCF1D7
:1017C000200E03FA0EFE10EB0E00CCF1200E51F1AC
:1017D000000129D401EB045112FA0EF2BDE81040C9
:1017E00058BF7047401C1CBFB2F1004F7047002823
:1017F0000CBF491C20F00100704712EB020E43EBB6
:10180000030218BF4FF0010E4EEA4202ACF1200C69
:10181000DCF11E0E56D943FA0CFE10EB0E00CCF193
:101820001E0E51F1FF31D5D50EF1010E12FA0EFE4A
:10183000404141EB010101EB445C5FEA5C5C10D983
:1018400001EB045110EBDE7038BFBEF1004FBDE874
:10185000104018BF704700280CBF491C20F0010041
:10186000704734D24FEAD42C24F4006411F50011EF
:101870001BD0B1FA81F20B3AA41AA41ED2F12003B4
:10188000914030FA03F31943904001EBCC7101EB26
:101890000451002CBDE81040A8BF704701F1C041C1
:1018A00001F000414FF000007047B0FA80F310FAE9
:1018B00003F102D1BDE810407047E41A173C480517
:1018C000C90AE2E701EB0451BDE810407047491036
:1018D0004FEA300001EB0451BDE8104002E04FF048
:1018E000000170474A0008BF0042F8D0B2F5001F5F
:1018F00028BF704701F000414FF0000070479EEA9A
:10190000445F07D011EA5E0FBDE8104004BF00211C
:1019100000207047BDE8104070B5FFF785FE00BF9E
:1019200040DFF63E104683F0004170470000E0FFC4
:1019300043004FEAD30C4FEA3C0C43401FBF400723
:101940000CF1605113F0FE4F70471CF0006F03D193
:101950000CF00041002070470CF0004343EA507047
:1019600040EACC0010B500F068F800BF000000921B
:101970004FEA0001FFF7A6BE4FF00041A1F500219C
:101980004FF00000704710B5FFF768FC0CBF012056
:10199000002010BD10B5FFF761FC14BF012000202E
:1019A00010BD10B5FFF71EFD8CBF0120002010BD3B
:1019B00010B5FFF717FD2CBF0120002010BD10B59A
:1019C000FFF74CFD94BF0120002010BD10B5FFF7BC
:1019D00045FD34BF0120002010BD4FF07E5209E0CC
:1019E00011F0004204D54042C1F1000138BF491E48
:1019F00042F07E5202F170620B0012BF20235FEAB8
:101A000000017047B1FA81FC01FA0CF1A3EB0C0361
:101A100020FA03FC41EA0C0102EBC352C3F120039C
:101A200010FA03FC5CEA416C42EB112018BF5FF036
:101A3000806C28BF20F0010070470EF1020E2EF0DE
:101A4000030E5EF8044B244204D44FEA4102B2F183
:101A50007F4F11D84FEA4003B3F17F4F0CD80ED11E
:101A60004FEAD07C0CEB4C0C0CF1020CB2F17F4F26
:101A700008BF4CEBD17C04E04FF0080C01E04FEACA
:101A8000D17C0CEB4C0324FA03F404F00704B4F10A
:101A9000040C06D20EEB840CBDE810404CF0010C97
:101AA0006047DFE80CF0070802024FF00040A0F5A5
:101AB000800010BD0846420018BFD2F1807288BF76
:101AC00000F0004010BDF1EE100A4FF6FF71C0F2B9
:101AD000C03120EA010040F04070E1EE100A70478A
:101AE000FF2141EAD050C00570470000C2154FEAFF
:101AF000002318BF43F0004300F11080D2F1BE0272
:101B000040F2288023FA02F1B2F1200C2EBF23FA12
:101B10000CF0C2F1200C03FA0CF07047B0F15F4FEB
:101B200000F2188012F0FF0208BF23F00043C2F158
:101B3000BE0223FA02F1B2F1200C2EBF23FA0CF000
:101B4000C2F1200C03FA0CF04042C1F1000138BF91
:101B5000491E704710B5FFF770FF00BF92244980FF
:101B60004FF00001002070476FEAE07080F0004104
:101B70007047C0F7B4BDC1F765BC000000000000AD
:101B8000FFFFFFFFFFFF000000000000FFFFFFFF5F
:101B9000000000000000000001020304060708091D
:101BA00000000000000000000000F500000000AD93
:101BB0000000A60000000000000000000F00000070
:101BC0000000000000000000FF0000000002010013
:101BD00040420F0000030001000000000000000070
:101BE0000000000000000000010000000097B92E76
:101BF000E5725CCB5DCAE473B82F0196BA2D0394ED
:101C00005FC8E671E7705EC90295BB2CE3745ACDDC
:101C10000691BF28BE2907905BCCE27559CEE077CC
:101C2000BC2B05920493BD2AE17658CF51C6E87FBC
:101C3000B4230D9A0C9BB522E97E50C7EB7C52C5AC
:101C40000E99B720B6210F9853C4EA7DB2250B9C9C
:101C500057C0EE79EF7856C10A9DB324089FB1268C
:101C6000ED7A54C355C2EC7BB027099EA2351B8C7C
:101C700047D0FE69FF6846D11A8DA334188FA1366C
:101C8000FD6A44D345D2FC6BA037198E41D6F86F5C
:101C9000A4331D8A1C8BA532F96E40D7FB6C42D54C
:101CA0001E89A730A6311F8843D4FA6DF3644ADD3C
:101CB0001681AF38AE3917804BDCF26549DEF0672C
:101CC000AC3B15821483AD3AF16648DF1087A93E1C
:101CD000F5624CDB4DDAF463A83F1186AA3D13840C
:101CE0004FD8F661F7604ED91285AB3C0002010077
:101CF000FF000000FF000000B4020010000301001C
:101D0000FF000000FF000000BC0200100000000007
:101D1000FF000000FF000000FF00000001010000C4
:101D2000000000000001000001000606040400009D
:101D300000000000000000000000000000000000A3
:101D40000000000000000000FF000000FF00000095
:101D5000000001020300000001010000000000007B
:101D6000000000000100000000000000030000006F
:101D7000FF0000000000000002030000FF00000060
:101D80000000000002030000FF000000000000004F
:101D900002030000FF00000000000000020300003A
:101DA000E0000001000000006970616C646576006D
:101DB000B9380508BDD50508191202080000000051
:101DC0000F00000000000000000000000000000004
:101DD0006970616C3A20657272206D656D616C6C22
:101DE0006F63000000000000000000000000000021
:101DF0006970616C3A20657272206D656D667265FE
:101E0000650000000000000000000000000000006D
:101E10006970616C3A20657272206D656D636F72D6
:101E200072757074000000000000000000000000E7
:101E30006970616C3A2065727220756470616C6CB7
:101E40006F630000000000000000000000000000C0
:101E50006970616C3A2065727220746370616C6C99
:101E60006F630000000000000000000000000000A0
:101E70006970616C3A20657272207463707374616A
:101E80007465000000000000000000000000000079
:101E90000200010004000000C9050608000300005C
:101EA0000200000001010200007A030A007A030A1E
:101EB00000BD010580DE8002010000000400020078
:101EC000FFFFFFFF01010000000000000000000014
:101ED0004C2001404C2101404C22014000000000F8
:101EE00003000000030001000900000003000200DD
:101EF000090000000100200009000000010040006E
:101F000009000000010402000000000000000200BF
:101F10000B000000010000080B0000000100001091
:101F20000B000000010000200B00000000008000FA
:101F30000B000000020010000B0000000200200057
:101F40000B000000020002000B0000000000040073
:101F50000B000000FFFFFFFFFFFFFFFFFFFFFFFF82
:101F6000FFFFFFFFFFFF0000000000000500000072
:101F70000100000104000000010000020400000054
:101F8000FF000000FFFFFFFFFF000000FFFFFFFF5B
:101F90000000000104000000020000020400000034
:101FA00006000000FF000000FFFFFFFFFF00000031
:101FB000FFFFFFFFFF000000FFFFFFFF0100000425
:101FC00005000000020004000500000002000800F7
:101FD00005000000020000040600000002000008E6
:101FE000060000000200001006000000603F000034
:101FF0000100000001000400070002000100004091
:10200000FFFFFFFF01000080FFFFFFFF0101000055
:1020100000000000010100000000000003000000BB
:1020200000000000A5F505088DF5050875F5050803
:1020300000000000A5F505088DF5050875F50508F3
:10204000030000010300000402000000000000087B
:102050000000000000000000000000000000000080
:102060000000000000000000000000000020000050
:10207000000000004020060819F505081FF50508B6
:1020800033F505080000000000000000000000001B
:102090000000000000000000000000000000000040
:1020A0003F00000040420F00010100010101010159
:1020B0000202020002020102020206030300000003
:1020C0000101010001020001020000000100000006
:1020D00002000000901E0608EB050608010606082F
:1020E000D3050608CD050608E3050608D905060848
:1020F00001000000A01E06084DF5050847F505087B
:1021000053F505085FF505083F00000000010000D9
:1021100004000001FFFFFFFF04000004FFFFFFFFBA
:1021200004000010FFFFFFFF04000080FFFFFFFF1F
:1021300003000008FFFFFFFF01008000FFFFFFFF1B
:10214000FF000000FFFFFFFFFF000000FFFFFFFF99
:102150000000000006000000FF000000FFFFFFFF7E
:10216000FF000000FFFFFFFFFF000000FFFFFFFF79
:1021700003000400FFFFFFFF03000800FFFFFFFF55
:1021800003001000FFFFFFFF03002000FFFFFFFF21
:1021900003004000FFFFFFFF03008000FFFFFFFF81
:1021A000FF000000FFFFFFFFFF000000FFFFFFFF39
:1021B000FF000000FFFFFFFF000000000000000024
:1021C0000000010000000100010400000000000008
:1021D00000040000000600000000000000020106EC
:1021E00000000000000400010000000000000000EA
:1021F000000000000000000001000000003001406D
:1022000000380040003C00400000040100000200D3
:102210000000000228000000070000000402020382
:1022200002020301020000000000000000000000A4
:10223000040000020402000000000001FF00000092
:102240000000000002020001FF000000000000008A
:102250000202000100000000000000000000000079
:10226000000000000000024000040240000802409C
:10227000000C02400010024000140240001802400E
:10228000001C02400020024000000000000000008E
:102290000000000001000000020000000400000037
:1022A00008000000100000002000000040000000B6
:1022B000800000000001000000000000000000009D
:1022C00000000000FF00000000000000010200010B
:1022D000010136000010004010000000010137002D
:1022E00000140040200000000002190000440140DA
:1022F0000000020000021A00004801400000040033
:1023000001012C00001C00408000000001012D0094
:10231000002000400001000000000401000800004F
:10232000010000022800000007000000FF0000007C
:102330000000000001020000FF000000000000009B
:1023400000020000FFFFFFFFFFFFFFFFFFFF000095
:10235000E02E0000400D030000000400000000001B
:10236000801A06000000FFBF0000000400400000CB
:102370000054004000580040005C00400000200075
:102380000000400000008000FF000000000000008E
:10239000020201000008000000000000000004012B
:1023A00000000000000000022800000007000000FC
:1023B0000030014000380040003C004000000000B8
:1023C000080010001800200028003000380000002D
:1023D000FF0000000000000002020001FF000000FA
:1023E0000000000002020002FF00000000000000E8
:1023F00002020000FF0000000000000002020002D4
:1024000001000000000000000100000000000000CA
:1024100001000000000000000100000000000000BA
:1024200001000000000000000100000000000000AA
:10243000010000000000000001000000000000009A
:10244000000000000100000000000000010000008A
:102450000000000001000000000000000003FF0079
:102460000000303132333435363738394142434455
:1024700045464030580030313233343536373839FC
:102480006162636465664030780004000008000003
:102490000000000000020001000010000000000029
:1024A000000000000000E03F000000000000E0BF6E
:1024B0000000E0FE422EE63F0000E0FE422EE6BFB6
:1024C000763C7935EF39EA3D763C7935EF39EABD2E
:1024D0003E5555555555C53F93BDBE166CC166BF9B
:1024E0002CDE25AF6A56113FF16BD2C541BDBBBE94
:1024F000D0A4BE726937663E0000000000000000F4
:1025000002400000000000A00000000005400000A4
:10251000000000C8000000000C4000000000409CCB
:1025200000000000194000000020BCBE00000000B8
:1025300034400000BFC91B8E00000004B5400000FD
:10254000504BCFD06607E2CF010000006C41000085
:102550003E8251AADFEEA73401000000D9420000FC
:10256000DCB5A0E23A301F97FFFFFFFFB445000043
:10257000FD25A0C8E9A3C14FFFFFFFFFFF3F0000FB
:102580000000008000000000FF3F0000000000800D
:10259000000000003A7474003A7474003A747400D5
:1025A00030313233343536373839616263646566C9
:1025B0007870003031323334353637383941424360
:1025C00044454658500000006970616C5F62617359
:1025D000655F696E697469616C69736528293A2061
:1025E0007463706E6574207265736F757263657362
:1025F00020617265206E6F7420656E6F756768204C
:10260000666F72206970616C000000006F73616C0E
:102610003A2076616C7565206F66206D6178746F05
:102620006B656E73206F7220746F6B656E732061C3
:10263000726520696E636F727265637420696E20C3
:102640006F73616C5F73656D6170686F72655F6EEB
:10265000657728290000000068616C5F636F726510
:102660005F696E69742829206E6F742063616C6CD9
:10267000656420796574206F722068616C5F636F98
:1026800072655F7374617274282920616C72656170
:1026900064792063616C6C6564000000686C5F6540
:1026A00074685F696E697428292063616C6C656465
:1026B00020686C5F6574687472616E735F636F6EBF
:1026C000666967282920776869636820646F657385
:1026D000206E6F7420737570706F7274206120703B
:1026E0006879206D6F64650000010002000400003D
:1026F0006053001070530010745300107853001092
:1027000080530010A0530010E0530010454F4D744B
:102710006865454D5372756E6E657200454F7468FD
:1027200065536572766963657300454F7468654DDE
:102730006F74696F6E436F6E74726F6C6C6572004C
:10274000454F746865456E636F6465725265616478
:1027500065720000000000000000000000000000A2
:102760000000000000000000000000000000000069
:102770000000000000000000000000000000000059
:102780000000000000000000000000000000000049
:102790000000000000000000000000000000000039
:1027A0000000000000000000000000000000000029
:1027B0000000000000000000000000000000000019
:1027C0000000000000000000000000000000000009
:1027D00000000000000000000000000000000000F9
:1027E00000000000000000000000000000000000E9
:1027F00000000000000000000000000000000000D9
:1028000000000000000000000000000000000000C8
:1028100000000000000000000000000000000000B8
:1028200000000000000000000000000000000000A8
:102830000000000000000000000000000000000098
:102840000000000000000000000000000000000088
:102850000000000000000000000000000000000078
:102860000000000000000000000000000000000068
:102870000000000000000000000000000000000058
:102880000000000000000000000000000000000048
:102890000000000000000000000000000000000038
:1028A0000000000000000000000000000000000028
:1028B0000000000000000000000000000000000018
:1028C0000000000000000000000000000000000008
:1028D00000000000000000000000000000000000F8
:1028E00000000000000000000000000000000000E8
:1028F00000000000000000000000000000000000D8
:1029000000000000000000000000000000000000C7
:1029100000000000000000000000000000000000B7
:1029200000000000000000000000000000000000A7
:102930000000000000000000000000000000000097
:102940000000000000000000000000000000000087
:102950000000000000000000000000000000000077
:102960000000000000000000000000000000000067
:102970000000000000000000000000000000000057
:102980000000000000000000000000000000000047
:102990000000000000000000000000000000000037
:1029A0000000000000000000000000000000000027
:1029B0000000000000000000000000000000000017
:1029C00003000300090000007C3D06080000000031
:1029D0000000000000000000D6060000000000001B
:1029E000FA00000000000000454F4D746865454D39
:1029F00053646961676E6F7374696300000000005F
:102A0000000000000000000000000000000055F57C
:102A100000000000000000000000000000000000B6
:102A200000000000000000000100010001000100A2
:102A3000010001000100000074686546547365726E
:102A4000766963650000000000000000A0860100B8
:102A50000300000080969800382A0608080000004D
:102A6000746865424154736572766963650000005D
:102A70000000000040420F00030000008096980014
:102A8000602A0608090000000000000000000000A5
:102A9000000000000000000000000000FF00000037
:102AA0000000000000000000000000000000000026
:102AB0000000000000000000000000000000000016
:102AC0000000000000000000000000000000000006
:102AD00000000000000000000000000000000000F6
:102AE00000000000000000000000000000000000E6
:102AF00000000000000000000000000000000000D6
:102B000000000000000000000000000000000000C5
:102B100000000000000000000000000000000000B5
:102B200000000000000000000000000000000000A5
:102B30000000000000000000000000000000000095
:102B40000000000000000000000000000000000085
:102B50000000000000000000000000000000000075
:102B60000000000000000000000000000000000065
:102B70000000000000000000000000000000000055
:102B80000000000000000000000000000000000045
:102B90000000000000000000000000000000000035
:102BA0000000000000000000000000000000000025
:102BB0000000000000000000000000000000000015
:102BC0000000000000000000000000000000000005
:102BD00000000000000000000000000000000000F5
:102BE00000000000000000000000000000000000E5
:102BF00000000000000000000000000000000000D5
:102C000000000000000000000000000000000000C4
:102C10000000000000000000FF00000000000000B5
:102C200000000000000000000000000000000000A4
:102C30000000000000000000000000000000000094
:102C40000000000000000000000000000000000084
:102C50000000000000000000000000000000000074
:102C60000000000000000000000000000000000064
:102C70000000000000000000000000000000000054
:102C80000000000000000000000000000000000044
:102C90000000000000000000000000000000000034
:102CA0000000000000000000000000000000000024
:102CB0000000000000000000000000000000000014
:102CC0000000000000000000000000000000000004
:102CD00000000000000000000000000000000000F4
:102CE00000000000000000000000000000000000E4
:102CF00000000000000000000000000000000000D4
:102D000000000000000000000000000000000000C3
:102D100000000000000000000000000000000000B3
:102D200000000000000000000000000000000000A3
:102D30000000000000000000000000000000000093
:102D40000000000000000000000000000000000083
:102D50000000000000000000000000000000000073
:102D60000000000000000000000000000000000063
:102D70000000000000000000000000000000000053
:102D8000000000000A00000064000000E8030000EA
:102D900010270000A086010040420F008096980096
:102DA00000E1F50500CA9A3B303030313032303323
:102DB00030343035303630373038303931303131E9
:102DC00031323133313431353136313731383139CF
:102DD00032303231323232333234323532363237C7
:102DE00032383239333033313332333333343335AD
:102DF0003336333733383339343034313432343393
:102E00003434343534363437343834393530353178
:102E1000353235333534353535363537353835395E
:102E20003630363136323633363436353636363756
:102E3000363836393730373137323733373437353C
:102E40003736373737383739383038313832383322
:102E50003834383538363837383838393930393108
:102E600039323933393439353936393739383939EE
:102E70000000000000000000B3280308ED2803084C
:102E80008527030897270308192803083D28030806
:102E9000772803082B280308D92803089528030856
:102EA000352903080529030899280308152803086C
:102EB000FCFFFFFF00000000A14803089D48030835
:102EC000C1480308BB4803080000000000000000E0
:102ED000EF2E0308FD2E03086B2F0308452F030870
:102EE000FE000000000000000000000000000000E4
:102EF00000000000000000000000000000000000D2
:102F000000000000000000000000000000000000C1
:102F100000000000000000000100000000000000B0
:102F200000000000000000000000000000000000A1
:102F30000000000000000000010000000000000090
:102F40000F0F0F0F0F0F0F0F00010F0F0F0F0F0FAE
:102F500002030405060708090A0F0F0F0F0F0F0FD2
:102F600000000101000100010004080C000201033F
:102F70000001020300000101010000010000100037
:102F80000000000009C3040807C304080000000093
:102F90000000000000000000000000000000000031
:102FA0000000000000000000000000000000000021
:102FB0000000000000000000A0860100C0C62D0037
:102FC0000000000000000000E0540608B0510608B0
:102FD00038520608305006083052060830510608AC
:102FE000B050060801000000C0CF6A0040404040D9
:102FF00000000000000000000000000000000000D1
:1030000000000000000000000900000000000000B7
:1030100000000000000000000800000000000000A8
:1030200000000000000000000A0000000000000096
:10303000000000000000000006000000000000008A
:103040000000000000000000070000000000000079
:1030500000000000000000000A000004A08601003B
:1030600000A3E111080000000000000001000000C2
:103070001DCB040829CB040823CB04082FCB04085C
:103080000B000004000008001027000000000000F2
:10309000000000000001800080000000000000002F
:1030A0000000000000000000FFFFFFFFFFFFFFFF28
:1030B000000000000000000000028000000180000D
:1030C000800010007F0000011127000000000000B8
:1030D00000000000000000000000000000000000F0
:1030E000000000000000000000028000000100015C
:1030F000000110007F000001112700000000000007
:10310000000000000C0C0101010101010401026535
:103110006F6572726F725F494E5445524E414C4515
:1031200052524F525F5F636F6465756E7265636F75
:10313000676E6973656400656F6572726F725F496F
:103140004E5445524E414C4552524F525F5F73743C
:1031500072696E67617477726F6E67706C616365B8
:1031600000656F6572726F725F494E5445524E41F1
:103170004C4552524F525F5F76616C75656973655D
:103180006D70747900000000FFFFFFFFF43806083F
:103190002C370608B0370608B83806086036060827
:1031A000C8310608E436060898370608B031060824
:1031B0000000000007BC0608269E0608010000006B
:1031C000BCAC0608856406080000000002AC0608D6
:1031D0009FA6060801000000F9C00608127D060837
:1031E00002000000CE6B0608657C060803000000A4
:1031F000EE6B060865A80608040000003FA206085A
:1032000051BB060805000000F2A006084AB80608EF
:10321000060000001BA006086970060807000000F1
:10322000A9AE0608579A060808000000C5A00608BF
:10323000C99A0608090000006FAE0608C99A060878
:103240000A0000001DA106080FB806080B000000C8
:10325000E1AE06080FB806080C0000001E84060840
:10326000856406080D00000018BE0608856406087F
:103270000E00000069B60608856406080F0000000D
:10328000FFB3060885640608100000005BBD060851
:103290008564060811000000EAB506088564060882
:1032A000120000008DB206088564060813000000B5
:1032B000FABF0608856406081400000019B2060863
:1032C000856406081500000072A1060871990608B9
:1032D00016000000BAAD0608729906081700000033
:1032E0002D870608856406081800000034BF06080C
:1032F000856406081900000096B006088564060873
:103300001A000000FEB20608856406081B000000D3
:10331000B2760608856406081C000000529706086D
:10332000856406081D000000F995060885640608F6
:103330001E00000081960608856406081F00000034
:103340003E96060885640608200000006E95060873
:1033500085640608210000000697060885640608B3
:103360002200000063900608856406082300000020
:10337000FE8E06088564060824000000B28F060849
:103380008564060825000000478E06088564060847
:1033900026000000598F06088564060827000000F3
:1033A0005AA206081888060828000000A2A70608E6
:1033B00076710608290000006BA0060885640608DF
:1033C0002A000000F29F0608697006082B00000022
:1033D000FBAD0608709A06082C0000002BAC06080E
:1033E00022A406082D000000A1970608856406089F
:1033F0002E000000A6A10608856406082F00000024
:103400003FA00608697006083000000050AF0608AB
:10341000709A06083100000063AC060822A4060872
:10342000320000002FA8060876710608330000005D
:10343000C890060885640608340000009BA00608B2
:10344000D4B706083500000038AE0608D4B7060821
:1034500036000000C38306088564060837000000B4
:10346000B79506088564060838000000A68E060891
:103470008564060839000000D5A70608767106089D
:103480003A000000D2BE0608856406083B00000032
:1034900013B00608856406083C00000099B10608D0
:1034A000856406083D000000137706088564060859
:1034B0003E000000A6790608856406083F0000006B
:1034C000567806088564060840000000B6770608AE
:1034D0008564060841000000077806088564060830
:1034E0004200000068770608856406084300000073
:1034F0004B7906088564060844000000F378060846
:10350000856406084500000048A106080FB80608B3
:103510004600000019AF0608D4B7060847000000AF
:103520007A8406088564060848000000C4960608E8
:1035300085640608490000000B90060885640608AB
:103540004A00000002A80608767106084B00000039
:10355000A5780608856406084C00000097BF060899
:10356000856406084D00000074B4060885640608EA
:103570004E0000007FB30608856406084F00000077
:10358000B6BD0608856406085000000090AF060826
:1035900085640608510000001AB106088564060813
:1035A00052000000999C060885640608530000003C
:1035B000D2C0060885640608540000002BBB06082C
:1035C00085640608550000004EAA060885640608B2
:1035D00056000000C7A206088564060857000000D0
:1035E000E2AC06088564060858000000809C0608C6
:1035F0008564060859000000AAC00608856406080C
:103600005A00000004BB0608856406085B00000041
:1036100023AA0608856406085C000000A3A2060829
:10362000856406085D00000074BE0608856406080F
:103630005E00000068B50608856406085F000000AB
:10364000FFB306088564060860000000F8B40608A9
:103650008564060861000000B36B06083D86060815
:1036600000000000309A060885640608010000008A
:103670003D9A060885640608020000004A9A06087A
:103680008564060803000000369B0608856406086A
:1036900004000000439B060885640608050000003E
:1036A0008B9B06088564060806000000989B0608A8
:1036B0008564060807000000739C060885640608F8
:1036C000080000008F9E06088564060809000000B7
:1036D000EA9E0608856406080A000000459F060861
:1036E00085640608000000004D870608387E06083D
:1036F00001000000146D0608F97E060802000000B3
:10370000316D06080EA90608030000004EA5060844
:10371000E99B060804000000DA75060885640608BF
:10372000050000003FB90608856406080000000097
:1037300034BD060885640608010000000CBD0608BB
:103740008564060802000000D5840608ACB80608A7
:103750000300000015A306088564060804000000A5
:1037600029910608856406080500000042A30608A2
:10377000856406080600000023A206080000000079
:1037800007000000668106083C6E0608080000007D
:10379000CA8106080D6C0608000000005BBC060824
:1037A000269E060801000000CFAC060885640608C6
:1037B00000000000F474060885640608010000009B
:1037C0001E9306085695060802000000909306080E
:1037D00056950608030000003D8D0608569506081C
:1037E00004000000977B06085695060805000000B7
:1037F000167606085695060806000000CD8C0608C9
:103800005695060807000000258C06085695060800
:1038100008000000A28B0608AB7106080900000032
:103820000E710608AB7106080A0000003494060801
:10383000AB7106080B000000FD7306081195060821
:103840000C000000178A0608119506080D000000FC
:103850008B890608119506080E00000023890608CA
:10386000E8AB06080F00000084720608AC94060856
:10387000100000003C89060856950608110000005B
:10388000DE9206088564060812000000B87F06086C
:103890000E810608130000001B8206081894060813
:1038A00014000000679806084098060815000000FC
:1038B000B48D0608F384060800000000757A060837
:1038C0008564060801000000B5BC0608269E0608AF
:1038D00002000000C69F0608A16D06080300000054
:1038E00038AD0608D96D0608040000008973060883
:1038F000856406080000000098AA0608856406088A
:103900000100000081AB0608856406080200000083
:103910000AAD06088564060803000000D9A1060860
:1039200085640608040000000BC1060885640608CB
:103930000500000082C00608856406080600000035
:10394000C2AB0608856406080700000059C00608D7
:1039500085640608080000009EAC06088564060819
:103960000900000000990608E17D06080A00000031
:1039700026AB0608856406080B000000587506088B
:10398000BE9D06080C00000017750608579D060826
:103990000D00000099750608D19C06080E00000075
:1039A000EAA20608856406080F00000052720608A5
:1039B000D3B9060810000000BE88060870A40608E7
:1039C0001100000001890608C1A4060812000000C9
:1039D000DF88060898A4060813000000FA7B060892
:1039E000A9B70608140000001170060885640608CF
:1039F00015000000BF6F0608856406081600000069
:103A0000669206088564060817000000948506087B
:103A1000FD79060818000000C7850608EE72060842
:103A20001900000031920608387A06081A000000D2
:103A3000AC920608587306081B0000008B7A060833
:103A4000259E06081C00000002860608EE72060885
:103A50001D0000008B88060855A406081E00000003
:103A6000B4A50608F5A906081F0000008FA50608E2
:103A7000F5A9060820000000A09F0608F5A9060881
:103A8000210000005DA60608F5A906082200000036
:103A90003CA60608F5A90608230000007EA6060835
:103AA000F5A9060824000000FAA50608F5A90608ED
:103AB00025000000D9A50608F5A906082600000083
:103AC0001BA60608F5A9060827000000EC970608C3
:103AD000856406082800000015980608556D06083C
:103AE0002900000023990608000000002A000000B9
:103AF0008D6B0608000000002B00000015980608DA
:103B0000879806082C0000009A740608B19C0608E5
:103B10002D000000F5750608EAA406082E00000036
:103B2000D2800608EAA406082F0000007576060871
:103B3000EAA4060830000000D587060863B9060825
:103B4000310000002F8806083D8B06083200000077
:103B500086910608BC8A060833000000DD9106083D
:103B6000FE8A060834000000E4710608AE870608E5
:103B700035000000F3A3060827830608360000007E
:103B80009B820608D0820608370000005E7B06088C
:103B900081A70608380000005685060800000000CE
:103BA00039000000C07A0608C46E06083A0000001A
:103BB0000E7B06081E6E06083B00000078AA060869
:103BC000000000003C000000688706083D6F060802
:103BD0003D0000007783060844BA06083E00000056
:103BE00085800608E8B606083F0000003D8006080C
:103BF0001ABA060840000000B1A306082B9C06086C
:103C00004100000068A30608509B0608420000001F
:103C100008AB0608A59B0608FFFFFFFFFFFFFFFF9D
:103C20007F000001A086010010270000E8030000CB
:103C300040420F00FFFFFFFF0000000000000000F7
:103C400000000000FFFFFFFF000000000000000078
:103C50000000000000000000FFFFFFFFFFFFFFFF6C
:103C6000CA00000210000000000000000A0001C8A5
:103C7000012A000202000200400040005C115C11B9
:103C80007F00000101000000050D4000000032002F
:103C90000004000029000002020001004000400072
:103CA000050D050D7F000001010000007F000001EF
:103CB000050D400000000000000000002800000288
:103CC000FAFBFC00000800040008010203040506DA
:103CD000E8030000000000002C010000900100003B
:103CE000FA000000BC020000FA000000030001001E
:103CF000010100000300020000030004393001004C
:103D0000000000000A0001C839300004000100036F
:103D10008000800020000000010008001027000043
:103D20000000000000000000DC000004204E000045
:103D300001DB80000208000000000000000000001D
:103D40000000000000000000000000000000000073
:103D50000000000000000000000000000000000063
:103D600099C605089DC60508E1C50508F0000002D2
:103D70000800000063000000B05C0608010C0C01A4
:103D80000000000000020101010101010401030221
:103D90000000000000000000000000000000000023
:103DA0000000000000000000000000000000000013
:103DB0000000000000000000000000000000000003
:103DC000010003009C3D0608518804080F8C04087C
:103DD00004000300983D060853880408238C040857
:103DE00020000100A03D06085F880408378C040805
:103DF00020000100A03D06086D880408398C0408E5
:103E000001000300744006086F8804083B8C040816
:103E10000400030070400608718804084F8C0408F1
:103E2000380001007840060883880408638C040881
:103E30000C000100A0400608C3880408658C040833
:103E40002800010078400608C5880408678C04082B
:103E500001000300FC400608C7880408698C0408B8
:103E600008000300B0400608C98804088F8C0408C5
:103E700044000100B8400608D9880408A18C040851
:103E800050000100B0400608F3880408A38C040821
:103E90000400030000410608F5880408A58C040806
:103EA000010003000141060807890408B78C0408D3
:103EB000010003000041060809890408C98C0408B0
:103EC00001000300024106080B890408DB8C04088A
:103ED00028000100084106080D890408ED8C04083B
:103EE000280001000841060827890408EF8C04080F
:103EF000300001000041060829890408F18C0408FB
:103F000001000300544106082B890408F38C0408BF
:103F100004000300304106082D890408198D0408A7
:103F20002000010034410608398904082B8D04085B
:103F30002800010030410608538904082D8D04082B
:103F4000010003006C410608558904082F8D040800
:103F5000040003005841060857890408558D0408D9
:103F6000100001005C41060863890408678D04089D
:103F700018000100584106087D890408698D04086D
:103F800004000300704106087F8904086B8D040853
:103F90003000010078410608918904087D8D0408ED
:103FA0001000010088410608D18904087F8D0408AB
:103FB0001000010078410608D3890408818D0408A7
:103FC0001000010098410608D5890408838D040873
:103FD0003800010070410608D7890408858D04085F
:103FE00001000300C8410608D9890408878D040828
:103FF00004000300B0410608DB890408AD8D040805
:1040000014000100B4410608E7890408BF8D0408C4
:104010001C000100B0410608018A0408C18D040893
:10402000305D0608F45C0608485D0608E45C060896
:10403000205D0608105D0608D05C0608C05C060816
:104040007041060800410608B0410608B040060865
:10405000584106083041060870400608983D060899
:10406000380030001C0050001800280040002800D4
:104070000000000000000000000000000000000040
:104080000000000000000000000000000000000030
:104090000000000000000000000000000000000020
:1040A0000000000000000000000000000000000010
:1040B0000000000000000000000000000000000000
:1040C00000000000000000000000000000000000F0
:1040D00000000000000000000000000000000000E0
:1040E00000000000000000000000000000000000D0
:1040F00000000000000000000000000000000000C0
:1041000000000000000000000000000000000000AF
:10411000000000000000000000000000000000009F
:10412000000000000000000000000000000000008F
:10413000000000000000000000000000000000007F
:10414000000000000000000000000000000000006F
:10415000000000000000000000000000000000005F
:10416000000000000000000000000000000000004F
:10417000000000000000000000000000000000003F
:10418000000000000000000000000000000000002F
:10419000000000000000000000000000000000001F
:1041A00000000000000000000607040404040504E9
:1041B00000000000000000000000000000000000FF
:1041C000000000000000000000000000010B0000E3
:1041D000784B06083B470608CC410608EF4C06081A
:1041E00060490608AC44060820400608CC4B060887
:1041F00070490608B844060840400608D04B060837
:104200000403080180490608C44406086040060803
:10421000D44B0608744B060838470608A841060820
:10422000EE4C060800000000000000000000000046
:104230000000000000000000000000000800030073
:1042400024420608038A0408C38D040810000100F4
:104250002C420608118A0408D78D040818000100B2
:1042600024420608138A0408D98D04081C000300A0
:104270002C460608158A0408DD8D04080100030099
:1042800055460608178A0408A19004080100030097
:1042900056460608198A04082B9104080C000300EE
:1042A000484606081B8A04088D9104080100030093
:1042B000544606081D8A040895930408F800030074
:1042C000CC4406081F8A0408E19304080C0003008C
:1042D000544506082D8A04089D9504082000030013
:1042E000684506082F8A0408B196040828000300D0
:1042F000CC440608318A0408E79604082800030025
:104300001C450608338A04082D970408280003007A
:10431000F4440608358A0408739704080100030072
:1043200092450608378A04088797040808000300A6
:1043300044450608398A04088997040804000300E4
:10434000284606083B8A04089798040804000300DE
:10435000284606083D8A040899980408640001006C
:10436000C44506083F8A04081B9904080C00010094
:104370000C460608618A04081D99040828000100FB
:10438000C4450608638A04081F9904080100010057
:10439000E8450608658A040821990408010001001F
:1043A000E9450608678A040823990408010001000A
:1043B000EA450608698A04082599040810000100E6
:1043C000184606086B8A0408A39904082000010017
:1043D000EC4506086D8A0408A59904088C010100C3
:1043E000CC4406086F8A0408A7990408C800030093
:1043F00058460608718A0408A999040806000300B3
:10440000DC4606087F8A0408799A04080400030041
:10441000D0460608818A0408E99A040828000300A7
:1044200058460608838A0408239B040828000300D2
:10443000A8460608858A0408A19B040828000300F2
:1044400080460608878A0408A59B0408020003002A
:10445000F0460608898A0408A99B040804000300A2
:10446000D44606088B8A0408699C040802000300ED
:10447000F24606088D8A0408A19C04081800010071
:10448000204706088F8A0408C99C0408140001000C
:1044900020470608BD8A0408CB9C0408E000010000
:1044A00058460608BF8A0408CD9C0408645D0608C7
:1044B000C45D0608585D0608CC4406085846060840
:1044C000244206088C01E0001800000000000000F3
:1044D00000000000000000000000000000000000DC
:1044E00000000000000000000000000000000000CC
:1044F00000000000000000000000000000000000BC
:1045000000000000000000000000000000000000AB
:10451000000000000000000000000000000000009B
:10452000000000000000000000000000000000008B
:10453000000000000000000000000000000000007B
:10454000000000000000000000000000000000006B
:10455000000000000000000000000000000000005B
:10456000000000000000000000000000000000004B
:10457000000000000000000000000000000000003B
:10458000000000000000000000000000000000002B
:10459000000000000000000000000000000000001B
:1045A000000000000000000000000000000000000B
:1045B00000000000000000000000000000000000FB
:1045C00000000000000000000000000000000000EB
:1045D00000000000000000000000000000000000DB
:1045E00000000000000000000000000000000000CB
:1045F00000000000000000000000000000000000BB
:1046000000000000000000000000000000000000AA
:10461000000000000000000000000000000000009A
:10462000000000000000000000000000000000008A
:10463000000000000000000000000000000000007A
:10464000000000000000000000000000000000006A
:10465000000000000000000000000000000000005A
:10466000000000000000000000000000000000004A
:10467000000000000000000000000000000000003A
:10468000000000000000000000000000000000002A
:10469000000000000000000000000000000000001A
:1046A000000000000000000000000000000000000A
:1046B00000000000000000000000000000000000FA
:1046C00000000000000000000000000000000000EA
:1046D00000000000000000000000000000000000DA
:1046E00000000000000000000000000000000000CA
:1046F00000000000000000000000000000000000BA
:1047000000000000000000000000000000000000A9
:104710000000000000000000000000000000000099
:104720000000000000000000000000000000000089
:104730000000000000000000180C03011B00010134
:104740000101000000000000000000000000000067
:104750000000000000000000000000000000000059
:104760000000000000000000000000000000000049
:104770000000000000000000000000000000000039
:104780000000000000000000000000000000000029
:104790000000000000000000000000000000000019
:1047A0000000000000000000000000000000000009
:1047B00000000000000000000000000000000000F9
:1047C00000000000000000000000000000000000E9
:1047D00000000000000000000000000000000000D9
:1047E00000000000000000000000000000000000C9
:1047F00000000000000000000000000000000000B9
:104800000100030078470608C18A0408D19C040807
:104810000800030080470608C38A0408319D040885
:104820001000030048470608C58A0408019F0408D1
:104830000100030052470608018B0408CF9F0408BB
:104840002000010058470608038B0408FF9F040856
:104850004000010048470608678B040801A00408CF
:104860004C000300B0470608698B040805A0040843
:1048700004000300B04706086B8B04088DA20408EF
:1048800004000300B04706086D8B0408BFA40408A9
:1048900048000300B04706086F8B040887A504088A
:1048A00004000300B0470608718B040889A50408BA
:1048B0002000010090470608738B04088BA50408AC
:1048C0000200010090470608BB8B04088DA5040870
:1048D0007800010088470608BD8B04088FA50408EE
:1048E0000800030088490608BF8B040891A5040846
:1048F0000100030088490608C18B040893A5040839
:104900004800010090490608C38B040895A50408D7
:104910001800010090490608C58B040897A50408F3
:104920005000010088490608C78B040899A50408AF
:104930006C010300084A0608C98B04089BA50408FB
:1049400020000100E8490608CB8B0408ADA5040847
:104950009C010100D8490608CD8B0408AFA50408C6
:104960000C5E0608F45D06082C5E0608405E06082C
:10497000884706084847060888490608D8490608AF
:104980007800400050009C01000000000000000082
:104990000000000000000000000000000000000017
:1049A0000000000000000000000000000000000007
:1049B00000000000000000000000000000000000F7
:1049C00000000000000000000000000000000000E7
:1049D00000000000000000000000000000000000D7
:1049E00000000000000000000000000000000000C7
:1049F00000000000000000000000000000000000B7
:104A000000000000000000000000000000000000A6
:104A10000000000000000000000000000000000096
:104A20000000000000000000000000000000000086
:104A30000000000000000000000000000000000076
:104A40000000000000000000000000000000000066
:104A50000000000000000000000000000000000056
:104A60000000000000000000000000000000000046
:104A70000000000000000000000000000000000036
:104A80000000000000000000000000000000000026
:104A90000000000000000000000000000000000016
:104AA0000000000000000000000000000000000006
:104AB00000000000000000000000000000000000F6
:104AC00000000000000000000000000000000000E6
:104AD00000000000000000000000000000000000D6
:104AE00000000000000000000000000000000000C6
:104AF00000000000000000000000000000000000B6
:104B000000000000000000000000000000000000A5
:104B10000000000000000000000000000000000095
:104B20000000000000000000000000000000000085
:104B30000000000000000000000000000000000075
:104B40000000000000000000000000000000000065
:104B50000000000000000000000000000000000055
:104B60000000000000000000000000000000000045
:104B700000000000080605030219000008000300F9
:104B8000D64C0608E18B0408B1A504081000030008
:104B9000DE4C0608E38B0408CDA5040801000300E1
:104BA000D64B0608E58B0408E9A50408F4000100CB
:104BB000DE4B0608F18B040805A604081801010065
:104BC000D64B06080D8C040807A604084C5E0608A0
:104BD000D64B06081801000000000000000000008D
:104BE00000000000000000000000000000000000C5
:104BF00000000000000000000000000000000000B5
:104C000000000000000000000000000000000000A4
:104C10000000000000000000000000000000000094
:104C20000000000000000000000000000000000084
:104C30000000000000000000000000000000000074
:104C40000000000000000000000000000000000064
:104C50000000000000000000000000000000000054
:104C60000000000000000000000000000000000044
:104C70000000000000000000000000000000000034
:104C80000000000000000000000000000000000024
:104C90000000000000000000000000000000000014
:104CA0000000000000000000000000000000000004
:104CB00000000000000000000000000000000000F4
:104CC00000000000000000000000000000000000E4
:104CD00000000000000000000000000000000000D4
:104CE00000000000000000000000000000000502BD
:104CF00000000000000000001AC23F001000120077
:104D000016C636000000000000000000FAFB7F60BD
:104D10003000032054CE7660000000000000000048
:104D2000FAFB7F603000036054CE76600000000024
:104D30001FFE0408000000000000000083B5040806
:104D40007FB50408000000000030000000FC0100F6
:104D500000000000400D03000018010000000000EA
:104D60001E306CA2455300000AFF4813FFFFFF00EE
:104D700020050000C0FD320F00000000010400010A
:104D80000500030580841E0000D2496B0004450025
:104D9000C0E1E400000015000161646D696E00006F
:104DA0000061646D696E0000000017000161646DB0
:104DB000696E00000061646D696E00000000000013
:104DC00047FE040800000000000000000000000092
:104DD000000000000000000000000000394E05083F
:104DE000354E0508314E0508C94F050887B504083A
:104DF00000000000000000000000000000000000B3
:104E000000000000000000000000000000000000A2
:104E10000000000000000000000000000000000092
:104E20000000000000000000000000000000000082
:104E30000000000000000000000000000000000072
:104E40000000000000000000000000000000000062
:104E50000000803F00000000000000000000000093
:104E60000000803F00000000000000000000000083
:104E70000000803F000000000000803F00000000B4
:104E8000000000006F12833A0000803F0000000025
:104E9000BD3706356F12833A0000803F0000803F27
:104EA00000000000000000000000803F0000000043
:104EB00000000000000000000000803F0000000033
:104EC00000000000000000000000803F8060060835
:104ED0009460060884600608A0600608A4600608BE
:104EE000B060060898600608906006088C600608A6
:104EF0009C600608A8600608AC6006088860060882
:104F000080600608806006088060060801010F01C5
:104F1000007A030AE8030000000800020000000015
:104F20000A000000080000200808040880000000B3
:104F30000000000000000000A5FF0408D1FF0408E5
:104F400000000200304D06080C4F0608000000006B
:104F500000000000403D0608015D0408F000000468
:104F60000C00CA0000080C00000202080A000168D8
:104F7000DC000004204E000001DB8000504D0608DC
:104F800000000000030800000101FF0029000004E8
:104F90000200010010008000050D050D7F000001DA
:104FA00001000000000000020000000000000000FE
:104FB0005C115C110A00016801000000030002009E
:104FC0000003C00539300100743D06080A0001687D
:104FD0003930C0058001C0039C009C012000000006
:104FE0000100180040420F00000000000000000017
:104FF0002800000832000020F9F8F7000010001027
:10500000001005060AFFFFFFE80300000000000093
:105010002C01000090010000C8000000BC0200004C
:10502000FA000000030001000001000070C506083E
:1050300000000000453D0408000000004F3C04084B
:105040000000000000000000000000000000000060
:105050000000000000000000000000000000000050
:105060000000000000000000000000000000000040
:1050700000000000E13C040800000000133D0408AB
:105080009D3B0408ED3B0408C53B0408AF3C040805
:10509000000000001F3C040800000000373C04082A
:1050A00000000000713C0408000000000000000047
:1050B000000000000141040800000000FD40040859
:1050C00000000000FD40040800000000FD4004084E
:1050D00000000000FD40040800000000FD4004083E
:1050E00000000000FD40040800000000FD4004082E
:1050F00000000000414104080000000021410408B4
:10510000000000000000000000000000000000009F
:10511000000000000000000000000000000000008F
:10512000000000000000000000000000000000007F
:1051300000000000794104080000000061410408FB
:10514000000000000000000000000000D141040841
:10515000000000009141040800000000B141040873
:10516000000000000000000000000000000000003F
:10517000000000000000000000000000000000002F
:10518000000000000000000000000000000000001F
:10519000000000000000000000000000000000000F
:1051A00000000000000000000000000000000000FF
:1051B0000000000067420408000000006945040880
:1051C000000000000D45040800000000254604080A
:1051D000000000007143040800000000000000000F
:1051E00000000000D54504080000000075470408D1
:1051F00000000000A144040800000000CD430408A2
:105200000000000045440408000000000000000009
:1052100000000000B9420408000000000000000087
:1052200000000000000000003942040800000000F7
:1052300000000000C153040800000000000000004E
:10524000000000000000000000000000000000005E
:10525000000000000000000000000000000000004E
:10526000000000000000000000000000000000003E
:10527000373F040800000000DB3E04080000000087
:10528000000000000000000000000000000000001E
:10529000000000000000000000000000000000000E
:1052A00000000000000000000000000000000000FE
:1052B0000000000000000000FD3E040800000000A7
:1052C00000000000000000000000000000000000DE
:1052D00000000000000000000000000000000000CE
:1052E00000000000000000000000000000000000BE
:1052F0000000000000000000AD3D0408C3400408A9
:10530000000000000000000000000000000000009D
:105310000000000000000000873D040879400408F8
:10532000000000000000000000000000000000007D
:10533000000000000000000000000000000000006D
:10534000000000000000000000000000000000005D
:10535000000000000000000000000000000000004D
:10536000000000000000000000000000000000003D
:10537000000000000000000000000000000000002D
:10538000000000000000000000000000000000001D
:10539000000000000000000000000000000000000D
:1053A00000000000000000000000000000000000FD
:1053B00000000000000000000000000000000000ED
:1053C00000000000000000000000000000000000DD
:1053D000CF3D0408F5400408D33D04080000000058
:1053E0000D3E040800000000000000000000000066
:1053F00000000000000000000000000000000000AD
:10540000593F0408000000007B3F04080000000032
:10541000000000000000000000000000000000008C
:10542000000000000000000000000000000000007C
:10543000000000000000000000000000000000006C
:10544000000000000000000000000000000000005C
:10545000000000000000000000000000000000004C
:10546000000000000000000000000000000000003C
:10547000000000000000000000000000000000002C
:10548000000000000000000000000000000000001C
:10549000000000000000000023400408000000009D
:1054A000C33F0408000000004F4004080000000053
:1054B0009D3F040800000000ED3F040800000000CC
:1054C0002F3E0408F9400408333E040800000000A1
:1054D000B93E0408000000000000000000000000C9
:1054E0000000000000000000534E0408000000000F
:1054F00000000000000000000000000000000000AC
:10550000FD4704080000000000000000000000004B
:105510000000000000000000514804082F5104085A
:10552000B14A0408D9520408694B0408000000007D
:10553000000000000000000000000000000000006B
:10554000000000000000000000000000000000005B
:105550007B4F040800000000394D040800000000E3
:10556000C34D04080000000000000000000000001F
:10557000000000000000000000000000000000002B
:10558000000000000000000000000000000000001B
:10559000000000000000000000000000000000000B
:1055A00000000000000000000000000000000000FB
:1055B0000000000000000000D94A040800000000BC
:1055C000FB50040800000000000000000000000084
:1055D00000000000000000000000000000000000CB
:1055E00000000000000000000000000000000000BB
:1055F00000000000000000000000000000000000AB
:10560000000000000000000000000000000000009A
:10561000000000000000000000000000000000008A
:10562000000000000000000000000000000000007A
:10563000000000000000000000000000000000006A
:105640003F4C0408000000007948040800000000F6
:10565000D3500408000000004D4F04080000000073
:10566000114A0408C15104080000000000000000B5
:10567000000000000000000000000000000000002A
:10568000000000000000000000000000000000001A
:10569000000000000000000000000000000000000A
:1056A00000000000000000000000000000000000FA
:1056B00000000000000000000000000000000000EA
:1056C00000000000000000000000000000000000DA
:1056D0003B4B040800000000000000000000000038
:1056E000F14D0408000000004949040891510408E4
:1056F000674D040800000000214904088B5104088C
:10570000954D0408000000000000000000000000AB
:105710000000000000000000000000000000000089
:10572000954B0408000000000D4B04080000000029
:105730007550040800000000000000000000000098
:105740000000000000000000000000000000000059
:10575000E14F040800000000394A0408C752040859
:10576000ED4F040800000000614A0408CD5204080F
:10577000ED4E04080000000099490408AF510408E8
:10578000F94E040800000000C1490408B55104089E
:10579000A550040800000000D94C040800000000D7
:1057A000F948040885510408AB4C040800000000C7
:1057B000D14804087F510408A14804083551040861
:1057C0000000000000000000054F04080000000079
:1057D000E9490408BB510408F94F0408000000001F
:1057E000894A0408D35204080000000000000000A9
:1057F00000000000000000000000000000000000A9
:105800000000000000000000C94B04080000000078
:105810000000000000000000FD4B04080000000034
:1058200000000000000000004150040800000000DB
:1058300000000000000000004150040800000000CB
:105840000000000000000000094C040800000000F7
:105850000000000000000000000000000000000048
:10586000774C040800000000000000000000000069
:10587000894E04080000000071490408975104088B
:105880000D4D0408000000000000000000000000B2
:1058900000000000000000001F4E0408000000008F
:1058A0000000000000000000B34F040800000000EA
:1058B00000000000000000000000000000000000E8
:1058C0000000000000000000B74E040800000000C7
:1058D0000000000000000000085511004E00454F78
:1058E000646571756500454F6669666F00454F6C6C
:1058F00069737400454F736D00454F7468654D655D
:105900006D6F7279506F6F6C00454F74696D657281
:1059100000454F766563746F7200454F566D757420
:10592000657800454F5674686543616C6C626163CD
:105930006B4D616E6167657200454F5674686553C3
:10594000797374656D00454F5674686554696D656B
:10595000724D616E6167657200454F4D6D7574657E
:105960007800454F4D7461736B00454F4D74686509
:1059700043616C6C6261636B4D616E61676572005F
:10598000454F4D74686553797374656D00454F4D8F
:1059900074686554696D65724D616E61676572000A
:1059A000454F4D74686549506E657400454F736F7F
:1059B000636B6574446174616772616D00454F5635
:1059C00074686549506E657400454F74686541524E
:1059D0004D656E7669726F6E6D656E7400454F56DB
:1059E000746865456E7669726F6E6D656E7400459C
:1059F0004F4D746865454D536261636B646F6F72A0
:105A000000454F4D746865454D53636F6E66696719
:105A1000757261746F7200454F4D746865454D53E2
:105A2000646973636F766572796C697374656E65AA
:105A30007200454F4D746865454D536572726F72C3
:105A400000454F4D746865454D53736F636B6574C6
:105A500000454F4D746865454D536170706C00454D
:105A60004F7468654D41495300454F746865535400
:105A70005241494E00454F746865534B494E0045AD
:105A80004F74686543414E646973636F76657279DC
:105A90003200454F7468654554486D6F6E69746F88
:105AA0007200454F43757272656E7473576174630B
:105AB00068646F6700454F7468654D454D530045F8
:105AC0004F746865496E65727469616C7333004523
:105AD0004F74686554656D70657261747572657335
:105AE00000454F74686550534300454F74686550D6
:105AF0004F5300454F746865466174616C4572721E
:105B00006F7200454F6167656E7400454F726F702C
:105B10006672616D6500454F746865424F4152443D
:105B20007472616E7363656976657200454F747255
:105B3000616E736D697474657200454F7468654970
:105B40006E666F446973706174636865720000010A
:105B50000102010202030102020302030304010223
:105B60000203020303040203030403040405010205
:105B700002030203030402030304030404050203F3
:105B800003040304040503040405040505060102D7
:105B900002030203030402030304030404050203D3
:105BA00003040304040503040405040505060203B5
:105BB00003040304040503040405040505060304A3
:105BC0000405040505060405050605060607010289
:105BD0000203020303040203030403040405020393
:105BE0000304030404050304040504050506020375
:105BF0000304030404050304040504050506030463
:105C00000405040505060405050605060607020346
:105C10000304030404050304040504050506030442
:105C20000405040505060405050605060607030424
:105C30000405040505060405050605060607040512
:105C400005060506060705060607060707080000FD
:105C500043000000090000001600000005000000DD
:105C60000B000000620000000600000007000000BA
:105C7000080000000000000071CD0508E97105086A
:105C80000000000000000000008000000100000093
:105C9000004000000200000000C0FFFF0300000001
:105CA000FFFFFFFF0E000000FEFFFFFF0F000000E0
:105CB00001000100090000003D4706080000000047
:105CC000D03D0608C03D0608E03D0608F03D060848
:105CD000103E0608003E0608203E0608403E060824
:105CE000303E0608803E0608603E0608703E060804
:105CF000503E0608F03E0608903E0608B03E0608F4
:105D0000A03E0608C03E0608D03E0608E03E060853
:105D1000303F0608103F0608203F0608003F0608EF
:105D2000703F0608503F0608603F0608403F0608DF
:105D3000D03F0608803F0608903F0608B03F06089F
:105D4000A03F0608C03F060810400608F03F0608BE
:105D500000400608E03F06085C4206083C42060890
:105D60004C420608DC430608BC420608EC42060822
:105D70000C430608FC4206082C430608CC420608E1
:105D8000DC4206081C4306085C4306087C43060800
:105D9000CC4306088C4306089C430608AC4306081F
:105DA0006C430608BC4306083C4306084C430608FF
:105DB0006C4206089C420608AC4206087C42060873
:105DC0008C4206089C440608EC430608FC4306087F
:105DD0000C4406085C4406084C4406086C4406085B
:105DE0001C4406083C4406082C4406087C4406086B
:105DF0008C44060850480608204806083048060823
:105E0000404806080048060810480608D04806081A
:105E1000B0480608C04806088048060870480608CA
:105E2000A048060890480608604806082049060869
:105E3000E0480608F0480608004906081049060828
:105E4000504906084049060830490608BC4B060878
:105E50009C4B0608AC4B06087C4B06088C4B06088E
:105E6000B6670608F26706085A67060863670608F9
:105E70005E6706085367060848680608A9670608AB
:105E80006368060855680608E66706086F6806082E
:105E900083670608C96706081468060806680608C6
:105EA000FA670608BB670608B6670608A067060813
:105EB000566706084B680608AC6706086668060859
:105EC00058680608A0670608A0670608A0670608C5
:105ED000A0670608DF670608A0670608A06706082F
:105EE0007C670608D767060801110000D01701007B
:105EF0000000000800001000000000200000020068
:105F000003800000000000000064756D6D790000E2
:105F10000000000000000000000000000000000081
:105F2000000000000000000004300300DDB716028E
:105F30000000000000000000000000000000000061
:105F4000030C0000001C0000007368616C494E46A1
:105F50004F000000000000000000000000000000F2
:105F6000000000000000000043010000001C0000D1
:105F700043040000501C000004200300DDB736027B
:105F80000000000000000000000000000000000011
:105F90000310000000180000007368616C5041524B
:105FA000540000000000000000000000000000009D
:105FB000000000000000000004000300DDB716022E
:105FC0000000100800000000C0FF01204000000099
:105FD00003200000001800000073686172534552EE
:105FE000560000000000000000000000000000005B
:105FF000000000000000000003010000001F00007E
:106000007374434647000000636D0308A16E0308E4
:10601000737452554E0000003F6E0308B96E0308BA
:106020007374455252000000D16D0308AD6E030831
:1060300000010000D56E030800020100D36E0308C2
:1060400001000200D76E030801020100D96E0308A7
:106050000304030004000000006006083060060826
:10606000616D0308DB6E0308A5FE04080000000054
:10607000656F6D5F7379735F537461727428290063
:1060800045525200466562004465630041756700F1
:106090004A756C004A616E004A756E005365700067
:1060A0004D617200417072004F6374004E6F760054
:1060B0004D617900656F5F6C6973745F4E65772819
:1060C000293A20656F5F766563746F7263617061F2
:1060D000636974795F64796E616D6963206F6E6C5A
:1060E0007920696620656F5F6D656D706F6F6C5F9D
:1060F000616C6C6F635F64796E616D696300656F7D
:10610000765F7379735F6869645F496E697469610A
:106110006C69736528293A204E554C4C206765748C
:10612000637572727461736B00656F765F737973F8
:106130005F6869645F496E697469616C6973652839
:10614000293A204E554C4C20737461727400656F6F
:10615000765F74696D65726D616E5F6869645F49D1
:106160006E697469616C69736528293A204E554CD3
:106170004C206F6E64656C74696D65725F666E004D
:10618000656F765F74696D65726D616E5F68696475
:106190005F496E697469616C69736528293A204E9C
:1061A000554C4C206F6E6E657774696D65725F66D5
:1061B0006E00756E6E616D656400656F6D5F746114
:1061C000736B5F4E657728293A20756E7375707012
:1061D0006F72746564207479706500656F6D5F74AB
:1061E00061736B5F4E657728293A206F73616C206D
:1061F0006769766573204E554C4C2063622D6D6542
:106200007373616765717565756500656F6D5F7442
:1062100061736B5F4E657728293A206F73616C203C
:106220006769766573204E554C4C206D2D6D6573F6
:1062300073616765717565756500656F6D5F746124
:10624000736B5F4E657728293A206F73616C206706
:1062500069766573204E554C4C2063622D617267E0
:10626000756D656E74717565756500656F6D5F74CC
:1062700061736B5F4E657728293A206F73616C20DC
:106280006769766573204E554C4C206F73616C7452
:1062900061736B006970616C5F7379735F737461B4
:1062A00072742829206A7573742063616C6C65644C
:1062B00000656F6D5F69706E65745F496E697469C2
:1062C000616C69736528293A206F73616C20636182
:1062D0006E74206769766520626C6F636B696E67A8
:1062E00073656D6170686F726500656F6D5F697071
:1062F0006E65745F496E697469616C69736528299C
:106300003A204E554C4C20697063666700735F6598
:106310006F6D5F69706E65745F6174746163685FEF
:10632000727173745F647467736F636B657428292B
:106330003A20626C6B67657468616E646C65206995
:1063400073206E6F74206372656174656420627976
:10635000206F73616C00656F6D5F69706E65745F4F
:10636000496E697469616C69736528293A206F7395
:10637000616C2063616E742067697665206D747846
:1063800063616C6C6572005F496E697469616C6908
:1063900073652829206A7573742065786563757440
:1063A000656420666F722049503A202573005F496A
:1063B0006E697469616C6973652829206578656305
:1063C0007574696E6720666F722049503A20257394
:1063D00000656F6D5F69706E65745F496E697469A1
:1063E000616C69736528293A206F73616C20636161
:1063F0006E742067697665206120646772616D73D1
:106400006F636B6574726561647932747800656F6F
:106410006D5F69706E65745F496E697469616C69FE
:10642000736528293A2030206D6178646174616752
:1064300072616D656E717565756564696E747800FD
:10644000735F656F6D5F69706E65745F70726F63A7
:106450006573735F7472616E736D697373696F6E68
:106460005F646174616772616D28293A20646772A4
:10647000616D6669666F6F757470757420697320DD
:10648000656D70747900656F5F736F636B657464BD
:1064900074675F4F70656E28293A20736F636B6570
:1064A000742063616E6E6F7420626520696E206275
:1064B0006C6F636B696E67206D6F64652069662021
:1064C0007478206F6E6C7900656F765F69706E65A9
:1064D000745F6869645F496E697469616C6973654A
:1064E00028293A204E554C4C206174746163685FD2
:1064F000666E00735F656F5F61726D656E765F7368
:10650000686172656473657276696365735F7379D8
:106510006E6368726F6E69736528293A2063616ED5
:106520006E6F742073796E63206D6F64696E666F31
:1065300000735F656F5F61726D656E765F73686132
:1065400072656473657276696365735F73796E6390
:1065500068726F6E69736528293A2063616E6E6F89
:10656000742073796E6320627264696E666F007363
:106570005F656F5F61726D656E765F73686172658E
:106580006473657276696365735F73796E6368724D
:106590006F6E69736528293A2063616E6E6F74208F
:1065A0007265616420646576696E666F00656F76FA
:1065B0005F656E765F6869645F496E697469616C76
:1065C00069736528293A204E554C4C2073686172D6
:1065D0006564646174615F73796E6300656F765F93
:1065E000656E765F6869645F496E697469616C693C
:1065F000736528293A204E554C4C2070726F635FAA
:106600006F66667365745F67657400656F6D5F655F
:106610006D73646973636F766572796C69737465A1
:106620006E65725F496E697469616C69736528296A
:106630003A20454F4D74686549506E6574206E6F01
:106640007420737461727465642079657400656F79
:106650006D5F656D7372756E6E65725F496E69749C
:1066600069616C69736528293A2074696D696E6780
:1066700073206F66207461736B73206E6F74206378
:106680006F6D70617469626C65004F4646004F4ED5
:1066900000656F6D5F69706E65745F5265736F6CD6
:1066A000766549502829206973206F7665722E20FF
:1066B0004C696E6B20772F20686F737420257320D0
:1066C000697320257300656F6D5F656D73736F630C
:1066D0006B65745F436F6E6E656374206973206FC2
:1066E0007665722E204C696E6B20772F20686F7351
:1066F000742025732069732025730061626F75749F
:1067000020746F2063616C6C20656F6D5F656D73C5
:10671000736F636B65745F436F6E6E656374282976
:1067200020746F20686F737420257320772F207476
:10673000696D656F7574203530306D7300454F4D50
:10674000746865454D5372756E6E65720074494488
:106750004C450068775F4E4D490048414C00495018
:10676000414C004F53414C007365652054424C002E
:1067700074554E4B4E0074494E49540050656E643A
:106780005356006F73616C5F67656E657269630075
:10679000697073722025642C20746964202564005C
:1067A00052657365727665640068775F4D656D4DFF
:1067B000616E616765006E6F6E65006F73616C5F1F
:1067C000737461636B6F7666006F73616C5F777271
:1067D0006F6E67636667005379735469636B005328
:1067E0005643616C6C0068775F44656275674D6FF6
:1067F0006E00756E6B6E6F776E006F73616C5F7598
:106800006E73757070006F73616C5F77726F6E6717
:10681000706172006F73616C5F6865617069736F3E
:106820007665720049525148616E20257320546884
:10683000726561642025730074797065202573008A
:1068400040202564206D730068775F48617264465C
:1068500061756C740068775F557361676546617533
:106860006C740068775F4275734661756C7400687C
:10687000775F44656661756C740068616E646C6511
:10688000722025732C20636F646520307825780092
:106890007230203D20307825303878207231203D0C
:1068A00020307825303878007232203D203078252D
:1068B000303878207233203D203078253038780009
:1068C00044465352203D20307825303878204D4DB5
:1068D000464152203D2030782530387800494353D6
:1068E00052203D2030782530387820534843535289
:1068F000203D203078253038780042464152203DF6
:10690000203078253038782041465352203D2030C1
:1069100078253038780043465352203D2030782582
:106920003038782048465352203D20307825303882
:10693000780049525178006C656E6774685F6572C3
:10694000726F7220776173207468726F776E20693E
:106950006E202D666E6F2D657863657074696F6E3D
:1069600073206D6F64652077697468206D6573733B
:106970006167652022257322004877206C696D20AD
:10698000726561636865643A206D63703A256420BE
:10699000637A3A256420636F3A2564206570733A00
:1069A00025640063616C696220363A6F75744C69C6
:1069B0006D3A2063703A2564206D783A252E316651
:1069C000206D6E3A252E31660043414C49422031FC
:1069D00032206A2025643A206F66667365743D250F
:1069E00064207A65726F3D256420006572726F7253
:1069F0002074797065362E63757272656E743D25EC
:106A000064004572726F7220696E20636F6E7665E6
:106A10007274696E6720726F746174696F6E20742E
:106A20006F20656E756D207265743A20257500655E
:106A30006F5F726F706672616D655F524F505F502D
:106A40006172736528293A20656F5F7061727365A2
:106A5000725F476574524F5028292063616C6C65E2
:106A60006420772F204E554C4C20706172616D73FD
:106A700000656F5F7472616E736D69747465725FC7
:106A8000726567756C61725F726F70735F4C6F6176
:106A90006428293A2063616E74206C6F6164206100
:106AA00020726567756C617220524F50206F6620AE
:106AB00072656D6F7465207661726961626C6520C4
:106AC000772F207061796C6F616400656F5F7472FD
:106AD000616E736D69747465725F4E657728293ACB
:106AE00020726F706672616D65726561647932746F
:106AF00078206973206E6F742076616C696400730E
:106B00005F656F5F7472616E736D69747465725FD7
:106B1000726F70735F4C6F616428293A2063616EF5
:106B2000742068617665204E554C4C20726F7064FD
:106B300065732D3E646174612077697468207265A5
:106B40006D206F776E65727368697000735F656F33
:106B50005F7472616E736D69747465725F726F7069
:106B6000735F4C6F616428293A206661696C7320F9
:106B7000696E2070726F63657373696E6720612040
:106B8000636F6E662D72657175657374005359532A
:106B90003A207468652070726F787920686173207C
:106BA00072656365697665642061207265706C79D1
:106BB0002E20004346473A20494343646973636F7C
:106BC0007665727920726573756C743A200043465D
:106BD000473A2043414E646973636F76657279204A
:106BE000686173206465746563746564200043465E
:106BF000473A2043414E646973636F76657279202A
:106C000063616E6E6F742066696E642000496E2049
:106C1000706172363420636F756E747320666F72A4
:106C200020746865206E756D626572206F662065E0
:106C300072726F727320696E203130207365636FDA
:106C40006E6473206D61736B65642061733A2063B9
:106C50007263206572726F72203078666666663085
:106C600030303030303030303030302C20693263CA
:106C700020636F6D6D206572726F722030783030D6
:106C800030306666666630303030303030302C2040
:106C90006E6F6E69757320747261636B20706572BC
:106CA000696F6420636F6E73697374656E637920B6
:106CB0006572726F72203078303030303030303062
:106CC00066666666303030302C20656363657373AA
:106CD00069766520696E707574207369676E616C82
:106CE000206672657175656E637920666F722063C8
:106CF0006F6E76657274657273206572726F722042
:106D000030783030303030303030303030306666CF
:106D100066662000455448206D6F6E69746F723A44
:106D2000206C696E6B20676F657320646F776E20CF
:106D300000455448206D6F6E69746F723A20646527
:106D40007465637465642052582043524320657211
:106D5000726F722000696E20706172363420746820
:106D60006572652061726520746865205B73696770
:106D70006E7C696433325D2C20696E2070617231E3
:106D800036205B63617061636974797C73697A65CD
:106D90005D206F662070726F7879206C6973742043
:106DA00000496E2070617231362074686572652703
:106DB000732074686520636F72726573706F6E64A0
:106DC000696E6720636F64652028303A204F46461D
:106DD0002C20313A204F4E2900496E2070617231CB
:106DE0003620746865726527732074686520637542
:106DF0007272656E74207374617465206F6620749E
:106E0000686520454D5320626F6172642028303AD6
:106E1000204346472C20313A2052554E2900496ED6
:106E20002070617231362074686520747970652035
:106E30006F6620736572766963652900496E2070FC
:106E40006172363420636F756E747320666F7220C2
:106E5000746865206E756D626572206F662065725C
:106E6000726F727320696E203130207365636F6EAC
:106E7000647320286C6F7765723A204C532033324C
:106E800062697473206E6F6E6975735F6D61787C73
:106E90006E6F6E6975735F6D696E2C2075707065AD
:106EA000723A204D5320333262697473206D6173DE
:106EB0007465725F6D61787C6D61737465725F6D0E
:106EC000696E2900496E20706172313620746865E0
:106ED0002074797065206F662073657276696365CA
:106EE0002C20696E207061723634204C532033326E
:106EF00020626974732074686520626974206D6112
:106F0000736B206F66206C6F737420626F617264A4
:106F1000202843414E3120696E204D5320313620C8
:106F20006269747320616E642043414E3220696E41
:106F3000204C5320313620626974732900496E2039
:106F4000736F7572636561646472657373207468CE
:106F50006520654F6D6E5F736572765F6361746502
:106F6000676F72795F742C20696E2070617236349D
:106F7000204C53203332206269747320746865207A
:106F8000626974206D61736B206F6620626F61723D
:106F90006473202843414E3120696E204D532031C7
:106FA00036206269747320616E642043414E322042
:106FB000696E204C53203136206269747329005366
:106FC00059533A2074686520454F4D746865454DA6
:106FD0005372756E6E657220636F756C64206E6F90
:106FE00074207478206120554450207061636B6573
:106FF00074207769746820656F6D5F656D73736F5A
:10700000636B65745F5472616E736D697428292EA9
:10701000005359533A2074686520454F4D74686594
:10702000454D53636F6E666967757261746F722048
:10703000636F756C64206E6F7420747820612055C6
:107040004450207061636B657420776974682065B3
:107050006F6D5F656D73736F636B65745F547261A1
:107060006E736D697428292E00496E20706172312B
:10707000363A206E756D626572206F66207265719A
:1070800075657374656420626F6172647320696EE4
:10709000203078666630302C206D6178206E756DFA
:1070A00062657220696E203078303066662E204925
:1070B0006E2070617236343A206D61736B206F669A
:1070C0002072657175657374656420626F617264A6
:1070D0007320696E20307830303030303030306698
:1070E00066666630303030202863616E3229206158
:1070F0006E642030783030303030303030303030E6
:107100003066666666202863616E31292E004D4325
:107110003A204162736F6C75746520656E636F64AD
:1071200065722074696D656F75742E204E6F2061D5
:107130006E737765722066726F6D20746865206D5E
:1071400061676E6574696320706F736974696F6ECF
:107150002073656E736F72206F6620746865206A95
:107160006F696E7420286361626C652062726F6B58
:10717000656E3F292E00496E207061723136207491
:1071800068652072657175657374656420284D5358
:10719000422920616E642074686520617373696799
:1071A0006E656420284C5342292E00496E20706180
:1071B000723136203D2061627320656E636F6465B5
:1071C0007220706F727420286D73622920616E6462
:1071D000204944206F66206A6F696E7420286C73A2
:1071E00062292E005359533A2074686520626F61FA
:1071F00072642068617320646574656374656420DB
:10720000612072657374617274206F6620746865A2
:107210002072656D6F7465207472616E7363656949
:107220007665722062656361757365207468652098
:10723000727820726F706672616D6520736571750A
:10724000656E6365206E756D6265722069732031AD
:107250002E005359533A2074686572652077617324
:1072600020612070617273696E67206572726F723F
:10727000206F6620612072656365697665642052BF
:107280004F502E004D433A2032464F432077726FC5
:107290006E672073746174652E20546865203246D1
:1072A0004F43206D6F746F7220636F6E74726F6CDA
:1072B0006C657220697320696E206120636F6E7443
:1072C000726F6C20737461746520646966666572A0
:1072D000656E742066726F6D207265717569726576
:1072E000642062792074686520454D532E00496EF4
:1072F0002070617231362074686572652069732070
:107300006672616D652E696420616E6420667261CB
:107310006D652E73697A652028696E206D6F7374B0
:10732000207369676E69666963616E74206E696255
:10733000626C65292E20496E20706172363420748B
:107340006865726520697320746865206672616D76
:10735000652E646174612E00496E20706172313651
:1073600020746865726520697320636C6173732093
:10737000696E206D736220616E6420636D64696460
:1073800020696E206C73622E00534B3A207468653E
:1073900020626F6172642068617320726563656941
:1073A00076656420616E206F62736F6C6574652012
:1073B000636F6D6D616E64206F66207479706520F7
:1073C000656F736B5F7369676D6F64655F73696722
:1073D0006E616C5F6F6C647761792E2075736520C8
:1073E000656F736B5F7369676D6F64655F73696702
:1073F0006E616C20696E73746561642E004D433A52
:107400002032464F432071756164726174757265F4
:1074100020656E636F6465722064697274792E20D2
:10742000546865206E756D626572206F66207468A1
:1074300069636B7320696E206120636F6D706C658A
:107440007465207265766F6C7574696F6E206F66F7
:1074500020746865206D6F746F7220776173206C83
:107460006F776572207468616E20657870656374EB
:1074700065642C20746865206F70746963616C208A
:107480006469736B73206E65656420746F20626538
:1074900020636C65616E65642E005359533A207405
:1074A00068652070726F7879206661696C732074EA
:1074B0006F2066696E6420616E20696E7465726EFD
:1074C000616C6C792073746F72656420726F702EBA
:1074D000206D6179626520666F72776172642072D7
:1074E0006571756573742077617320657870697252
:1074F00065642E004D433A2065787465726E616C48
:10750000206661756C7420627574746F6E20707281
:1075100065737365642E005359533A20746865206F
:10752000444F207068617365206F66207468652021
:10753000636F6E74726F6C206C6F6F702068617314
:10754000206C617374206D6F7265207468616E20A9
:1075500077616E7465642E005359533A20746865E0
:10756000205258207068617365206F6620746865CA
:1075700020636F6E74726F6C206C6F6F7020686127
:1075800073206C617374206D6F7265207468616E16
:107590002077616E7465642E005359533A207468E5
:1075A00065205458207068617365206F6620746888
:1075B0006520636F6E74726F6C206C6F6F702068E3
:1075C0006173206C617374206D6F726520746861E3
:1075D0006E2077616E7465642E00455448206D6F8F
:1075E0006E69746F723A206A757374207374617275
:1075F0007465642E005359533A2043414E207072F3
:10760000696E74206D65737361676520726563656B
:10761000697665642E004D433A2032464F4320433D
:10762000414E2067656E65726963206572726F7284
:107630002E204572726F72732068617070656E657E
:107640006420696E207468652043414E2062757322
:10765000206265747765656E2074686520454D53BA
:1076600020616E64207468652032464F4320626F4B
:107670006172642E005359533A20454F7468654334
:10768000414E7365727669636520726563656976DC
:10769000656420612063616E6672616D652066724B
:1076A0006F6D20612077726F6E6720626F61726408
:1076B0002E004346473A20454F74686553657276FD
:1076C0006963657320686173206E6F7420796574D7
:1076D0002066696E6973686564207665726966798B
:1076E000696E67207468652072657175697265647A
:1076F0002073657276696365732E20726573746199
:10770000727420726F626F74496E74657266616321
:10771000652E004346473A20454F746865496E65BB
:10772000727469616C73332063616E6E6F74206272
:107730006520636F6E666967757265642E20546894
:10774000697320626F61726420646F6573206E6F6D
:107750007420737570706F7274207468697320730D
:107760006572766963652E004346473A20454F743B
:1077700068655053432063616E6E6F7420626520AC
:10778000636F6E666967757265642E2054686973ED
:1077900020626F61726420646F6573206E6F742065
:1077A000737570706F72742074686973207365727A
:1077B000766963652E004346473A20454F746865F5
:1077C00053545241494E2063616E6E6F742062655E
:1077D00020636F6E666967757265642E20546869F0
:1077E0007320626F61726420646F6573206E6F74C2
:1077F00020737570706F727420746869732073657C
:1078000072766963652E004346473A20454F746897
:1078100065534B494E2063616E6E6F742062652024
:10782000636F6E666967757265642E20546869734C
:1078300020626F61726420646F6573206E6F7420C4
:10784000737570706F7274207468697320736572D9
:10785000766963652E004346473A20454F74686554
:107860004D4149532063616E6E6F742062652063E1
:107870006F6E666967757265642E2054686973203F
:10788000626F61726420646F6573206E6F74207321
:107890007570706F72742074686973207365727686
:1078A0006963652E004346473A20454F746865502A
:1078B0004F532063616E6E6F7420626520636F6E3C
:1078C000666967757265642E205468697320626FFB
:1078D00061726420646F6573206E6F7420737570BD
:1078E000706F72742074686973207365727669634F
:1078F000652E004346473A20454F746865456E63E0
:107900006F6465725265616465722063616E6E6F4B
:107910007420626520636F6E666967757265642E98
:10792000205468697320626F61726420646F6573AC
:10793000206E6F7420737570706F72742074686934
:107940007320736572766963652E004346473A205B
:10795000454F7468654D6F74696F6E436F6E7472D6
:107960006F6C6C65722063616E6E6F74206265204F
:10797000636F6E666967757265642E2054686973FB
:1079800020626F61726420646F6573206E6F742073
:10799000737570706F727420746869732073657288
:1079A000766963652E004346473A20454F74686503
:1079B00054656D7065726174757265732063616E74
:1079C0006E6F7420626520636F6E6669677572659D
:1079D000642E205468697320626F61726420646F42
:1079E0006573206E6F7420737570706F727420747D
:1079F00068697320736572766963652E00496E202D
:107A000070617231362074686572652069733A203E
:107A10006F6E206D736220746865207278206669CD
:107A2000666F2073697A652C20696E206C73622002
:107A30006120636F64652E00496E2070617231367B
:107A40002074686572652069733A206F6E206D73CB
:107A500062207468652073697A65206F6620747887
:107A60006669666F2C206F6E206C736220612063E4
:107A70006F64652E00534B3A20756E7370656369B1
:107A80006669656420636F64652E005359533A201C
:107A9000454F74686543414E73657276696365202E
:107AA000636F756C64206E6F7420706172736520F3
:107AB000612072782063616E206672616D652E00B0
:107AC0005359533A20612073657276696365206863
:107AD000617320646574656374656420746861749F
:107AE00020736F6D652043414E20626F6172647335
:107AF00020617265206E6F742062726F61636173C2
:107B000074696E6720616E796D6F72652E005359CE
:107B1000533A2061207365727669636520686173EA
:107B2000207265636F766572656420736F6D652082
:107B300043414E20626F61726473207468617420E7
:107B400077657265206E6F742062726F6163617316
:107B500074696E6720616E796D6F72652E0053597E
:107B6000533A2074686520626F6172642077617394
:107B7000206E6F7420666F756E6420647572696E16
:107B8000672074686520646973636F766572792015
:107B900070686173652E004D433A2032464F432092
:107BA00043414E20696E76616C69642070726F7417
:107BB0006F636F6C2E2054686520454D5320616EB5
:107BC000642032464F43206669726D77617265208A
:107BD00076657273696F6E732061726520696E637A
:107BE0006F6D70617469626C652C20706C65617377
:107BF00065207570646174652E005359533A207482
:107C0000686520454F746865496E666F4469737096
:107C100061746368657220636F756C64206E6F7445
:107C200020616363657074206120654F6D6E5F69CC
:107C30006E666F5F70726F706572746965735F7482
:107C4000206974656D20696E736964652069747359
:107C5000207472616E736D697474696E67207175DA
:107C60006575652E00496E2070617231363A20626A
:107C70006F617264206164647265737320696E2041
:107C80003078303030662E20496E20706172363484
:107C90003A207365617263682074696D65205B6D5D
:107CA000735D20696E2030786666666630303030ED
:107CB00030303030303030302C20626F61726420D0
:107CC0007479706520696E203078303030306666A7
:107CD000303030303030303030302C2070726F74B3
:107CE00020696E203078303030303030666666661D
:107CF0003030303030302C20667720696E2030787C
:107D0000303030303030303030306666666666662F
:107D10002E00496E2070617231363A2066616B65C3
:107D20002073656172636820696E20307866303038
:107D3000302C206E756D626572206F6620626F61F7
:107D400072647320696E203078303066662E204968
:107D50006E2070617236343A2073656172636820F8
:107D600074696D65205B6D735D20696E2030786687
:107D70006666663030303030303030303030302C65
:107D800020626F617264207479706520696E2030A2
:107D9000783030303066663030303030303030302F
:107DA000302C207265712070726F7420696E2030E3
:107DB00078303030303030666666663030303030A3
:107DC000302C2072657120667720696E2030783003
:107DD0003030303030303030306666666666662E61
:107DE000006170706C69636174696F6E2073746197
:107DF000746520697320696E207061723136263097
:107E00007830303066203A2030202D3E206A75735D
:107E1000742028726529737461727465642C203132
:107E2000202D3E2069646C652C2032202D3E20726E
:107E3000756E6E696E672E00496E20706F727420C9
:107E40007370656369666965642062792070617228
:107E50003136202830203D2045544820696E707509
:107E600074202850322F5031332F4A3429202C20AF
:107E700031203D20455448206F757470757420285A
:107E800050332F5031322F4A3529202C2032203DBB
:107E900020696E7465726E616C292E204170706C61
:107EA00069636174696F6E207374617465206973AE
:107EB00020696E206D6F7374207369676E696669DF
:107EC00063616E74206E6962626C65206F662070FB
:107ED000617236343A2030202D3E204E2F412C2026
:107EE00031202D3E2069646C652C2033202D3E20EE
:107EF00072756E6E696E672E00496E20706F7274B7
:107F000020737065636966696564206279207061B9
:107F1000723136202830203D2045544820696E704B
:107F20007574202850322F5031332F4A3429202C99
:107F30002031203D20455448206F757470757420A1
:107F40002850332F5031322F4A3529202C2032200F
:107F50003D20696E7465726E616C292E202041701F
:107F6000706C69636174696F6E20737461746520ED
:107F70006973206D6F7374207369676E69666963D6
:107F8000616E74206E6962626C65206F662070613C
:107F90007236343A2030202D3E204E2F412C203195
:107FA000202D3E2069646C652C2033202D3E2072EC
:107FB000756E6E696E672E004D433A206F7665725E
:107FC00068656174696E672E2054656D70657261B5
:107FD00074757265206861726477617265206C697E
:107FE0006D69742065786365656465642E205468E6
:107FF00065206D6F746F7220686173206265656EB5
:10800000207475726E6564206F666620746F2070D0
:10801000726576656E742069742066726F6D206279
:1080200065696E672064616D6167656420627920AF
:108030006F76657268656174696E672E0053595377
:108040003A206120736572766963652068617320E8
:108050007265636F766572656420616C6C20434164
:108060004E20626F6172647320746861742077655A
:108070007265206E6F74207472616E736D697474B2
:10808000696E672E005359533A20612073657276EA
:1080900069636520686173206465746563746564F1
:1080A000207468617420736F6D652043414E2062B7
:1080B0006F6172647320617265207374696C6C20E7
:1080C0006E6F74207472616E736D697474696E671B
:1080D0002E005359533A20454F74686543414E73FF
:1080E000657276696365207265636569766564208B
:1080F000612063616E6672616D6520636175736591
:1081000064206279204D4149536275672E00496EA3
:10811000207061723136203D204944206F66207402
:108120006865206A6F696E742E20496E20706172D6
:108130003634203078464646462069732074686598
:10814000206D61736B206F662074686520726177A3
:1081500020746D7065726174757265206665656402
:108160006261636B2E004857202D20616D6F206582
:108170006E636F646572207374617475733020650B
:1081800072726F723A20706F6F722D6C6576656CCB
:10819000206F7220636C697070696E6720696E2051
:1081A000746865207369676E616C206F66206D610D
:1081B0007374657220616E642F6F72206E6F6E69CA
:1081C000757320747261636B2E004857202D2061F7
:1081D0006D6F20656E636F64657220737461747572
:1081E0007331206572726F723A206572726F7273AA
:1081F000206F6E2072656164696E67206F6E206DFE
:10820000617374657220616E642F6F72206E6F6E81
:1082100069757320747261636B2E004D433A20546C
:1082200044422063616E6E6F742072656365697687
:108230006520616E792064617461206F6E2049321F
:1082400043206368616E6E656C2E204D6F746F7293
:108250002074656D706572617475726520646574F3
:10826000656374696F6E20626F6172642069732048
:108270006E6F7420726563656976696E6720616EE2
:10828000792064617461206F6E20746865206932A2
:1082900043206368616E6E656C2E005359533A201B
:1082A00074686520626F6172642068617320696E12
:1082B000636F6D70617469626C652066772070729F
:1082C0006F746F636F6C2076657273696F6E2E00CA
:1082D000496E20706172313620746865726520695C
:1082E000732072657175697265642070726F742C89
:1082F00020696E2070617236342074686572652062
:10830000697320646574656374656420747970654D
:108310002C20667720616E642070726F7420766501
:108320007273696F6E2E006F6E20746865207370B3
:10833000656369666965642043414E2062757320F8
:10834000616464722E20496E20706172363420742C
:10835000686572652069732074686520747970653A
:108360002C20667720616E642070726F74207665B1
:108370007273696F6E2E005359533A2061207365F2
:1083800072766963652068617320646574656374DF
:108390006564207468617420736F6D652043414E7D
:1083A00020626F6172647320686176652073746FF8
:1083B00070706564207472616E736D697373696F38
:1083C0006E2E004346473A20454F7468655053432C
:1083D0002063616E6E6F7420626520636F6E6669E4
:1083E00067757265642E2069742077617320616CF3
:1083F0007265616479206163746976617465642073
:108400007769746820646966666572656E74206356
:108410006F6E66696775726174696F6E2E00434690
:10842000473A20454F7468654D4149532063616E5A
:108430006E6F7420626520636F6E66696775726522
:10844000642E2069742077617320616C72656164A9
:1084500079206163746976617465642077697468F2
:1084600020646966666572656E7420636F6E666906
:108470006775726174696F6E2E004346473A2045F6
:108480004F746865504F532063616E6E6F74206245
:108490006520636F6E666967757265642E20697406
:1084A0002077617320616C72656164792061637407
:1084B00069766174656420776974682064696666AA
:1084C0006572656E7420636F6E666967757261743C
:1084D000696F6E2E0048573A2073747261696E207E
:1084E00076616C7565732073617475726174696F00
:1084F0006E2E00496E207061723136203D20494455
:10850000206F66206A6F696E742E20496E2070613C
:10851000723634206C736220382062697473203D97
:1085200020636F6E74726F6C206D6F64652C206DAC
:1085300073622033322062697473203D2066656562
:10854000646261636B206A6F696E7420706F736917
:1085500074696F6E2E005359533A20746865206217
:108560006F6172642068617320646574656374650B
:108570006420616E20696E76616C696420726F7030
:108580006672616D6520696E2072656365707469DD
:108590006F6E2E005359533A207468652048414C41
:1085A00020636F756C64206E6F7420707574206129
:1085B0002043414E206672616D6520696E2072789D
:1085C000206669666F2E005359533A20454F7468F0
:1085D0006543414E7365727669636520636F756CA0
:1085E00064206E6F742061646420612043414E20DA
:1085F0006672616D6520696E207478206669666FA9
:108600002E005359533A20454F74686543414E73C9
:108610006572766963652068617665206A75737432
:108620002070757420612063616E206672616D65D3
:1086300020696E207478206669666F2E00496E206E
:1086400070617231363A20746865206E6962626CBE
:108650006520636F6E7461696E73203078302069B5
:1086600066206F6B2C206D61736B20307831206930
:10867000662077726F6E6720747970652C206D614B
:10868000736B203078322069662077726F6E6720B6
:1086900066772C206D61736B2030783420696620FA
:1086A00077726F6E672070726F742C206D61736BC0
:1086B000203078382069662077726F6E6720706F7F
:1086C00072742C206D61736B2030783130206966B4
:1086D000206E6F7420726573706F6E6420746F20EB
:1086E00070696E672E204F6E2070617220363420C4
:1086F00069742068617320696E666F206F6E204612
:108700005720616E642070726F746F636F6C207697
:10871000657273696F6E2C20706F727420616E6465
:1087200020626F61726420696E666F2E0043464757
:108730003A2063616E6E6F74206C6F6164206120FB
:10874000726567756C617220726F702E00455448B7
:10875000206D6F6E69746F723A206C696E6B206762
:108760006F65732075702E005359533A2061207342
:1087700065727669636520686173207665726966E3
:108780006965642074686174207468652054582099
:108790006F66206974732043414E20626F6172647A
:1087A0007320697320726567756C61722E00496E63
:1087B0002070617236342074686572652069732098
:1087C000746865206578706563746564206E756D86
:1087D0006265722E005359533A2074686520626FA7
:1087E0006172642068617320646574656374656494
:1087F000206120686F6C6520696E20727820726F2E
:10880000706672616D652073657175656E63652054
:108810006E756D6265722E00496E20706172313620
:10882000207468656972206E756D6265722E0053E2
:1088300059533A207468652063616E2064697363DC
:108840006F766572792073657276696365206465F9
:10885000746563746564207468617420736F6D65FA
:1088600020626F6172647320617265206D69737339
:10887000696E672E20436865636B20776974682092
:1088800063616E4C6F616465722E005359533A20D8
:10889000454F74686543414E736572766963652020
:1088A0006861732064657465637465642061206722
:1088B000656E65726963206572726F722E0053591E
:1088C000533A207468652048414C20747269676788
:1088D0006572656420616E206572726F722E00533E
:1088E00059533A20746865204950414C207472698C
:1088F00067676572656420616E206572726F722EA3
:10890000005359533A20746865204F53414C2074EA
:10891000726967676572656420616E206572726F47
:10892000722E004D433A2067656E65726963206D53
:108930006F746F72206572726F722E004D433A2011
:1089400068617264206C696D697420726561636826
:1089500065642E20546865206A6F696E7420706F9C
:10896000736974696F6E206973206F7574736964BD
:108970006520697473206861726477617265206232
:108980006F756E6461726965732E004D433A2032D3
:10899000464F43207175616472617475726520651C
:1089A0006E636F6465722070686173652062726FB8
:1089B0006B656E2E20546865206D6F746F72206534
:1089C0006E636F646572206973206E6F7420636FCD
:1089D000756E74696E67206576656E2069662074B1
:1089E0006865206D6F746F72206973206D6F766992
:1089F0006E672C20706C6561736520636865636BBE
:108A0000206D6F746F7220656E636F646572206392
:108A100061626C65732E004D433A2032464F43200D
:108A20007175616472617475726520656E636F64DF
:108A3000657220696E6465782062726F6B656E2E58
:108A400020546865207265666572656E6365207383
:108A500070656369616C20746869636B207761730A
:108A6000206E6F742064657465637465642064753A
:108A700072696E67206120636F6D706C657465202C
:108A80007265766F6C7574696F6E206F662074689E
:108A900065206D6F746F722C20706C65617365203A
:108AA000636865636B206D6F746F7220656E636FB2
:108AB000646572206361626C65732E00496E20707C
:108AC0006172363420746865726520617265207445
:108AD00068652073656172636865642061646472AF
:108AE000657373657320726570726573656E746506
:108AF00064206173206E6962626C65732E00496E3A
:108B00002070617236342074686572652061726508
:108B10002074686520666F756E6420616464726598
:108B20007373657320726570726573656E746564C6
:108B3000206173206E6962626C65732E00496E203D
:108B40007061723634204D53203332206269747361
:108B50002074686572652069732074686520626995
:108B600074206D61736B206F662074686520736577
:108B70006172636865642C20696E204C5320333227
:108B8000206269747320746865206D61736B206F57
:108B9000662074686520666F756E64206F6E6573FD
:108BA0002E004D433A204162736F6C7574652065E9
:108BB0006E636F64657220696E76616C69642064AF
:108BC0006174612E204861726477617265207072F1
:108BD0006F626C656D20696E20746865206D6167D9
:108BE0006E6574696320706F736974696F6E20734A
:108BF000656E736F72206F6620746865206A6F6996
:108C00006E742063617573656420696E76616C694A
:108C10006420706F736974696F6E20726561646936
:108C20006E67732E004D433A20746F727175652024
:108C300073656E736F722074696D656F75742E2025
:108C4000546865206A6F696E7420697320696E20AC
:108C50006120636F6D706C69616E7420696E7465FC
:108C600072616374696F6E206D6F6465206F72202E
:108C7000746F7271756520636F6E74726F6C206DA6
:108C80006F64652C20616E6420646174612066727B
:108C90006F6D20746F727175652073656E736F727E
:108CA0002068617665206265656E20756E6176610B
:108CB000696C61626C6520666F72206D6F726520F1
:108CC0007468616E20313030206D732E004D433A50
:108CD0002032464F432043414E206E6F20616E7319
:108CE0007765722E2054686520636F6D6D756E69AF
:108CF000636174696F6E206265747765656E207458
:108D0000686520454D5320616E642074686520328B
:108D1000464F4320626F6172642068617320626510
:108D2000656E206C6F737420666F72206D6F726554
:108D3000207468616E203530206D732E004D433AEB
:108D40002032464F432068616C6C2073656E736FF0
:108D50007273206661756C742E20496E76616C6941
:108D6000642073657175656E636520696E206D6F33
:108D7000746F722048616C6C206566666563742050
:108D800073656E736F72732C20706C6561736520F0
:108D9000636865636B206D6F746F722068616C6CC3
:108DA000206361626C6520636F6E6E656374696FCA
:108DB0006E732E004D433A20736F6674776172654F
:108DC000206C696D697420726561636865642E202A
:108DD000546865206A6F696E7420706F7369746976
:108DE0006F6E206973206F75747369646520697490
:108DF0007320736F66747761726520626F756E643D
:108E000061726965732E204F7574707574206C697A
:108E10006D69746564206177616974696E67207437
:108E20006F206265206D6F766564206261636B20E0
:108E3000696E73696465207361666520706F73691C
:108E400074696F6E732E004346473A20454F74682D
:108E500065496E65727469616C73332073657276EF
:108E6000696365206973207573696E67207468652E
:108E7000206C6F63616C2064656661756C7420633F
:108E80006F6E66696775726174696F6E2062617377
:108E90006564206F6E20697473204950206164649A
:108EA000726573732E004346473A20454F746865D8
:108EB000505343207365727669636520697320752A
:108EC00073696E6720746865206C6F63616C2064E1
:108ED000656661756C7420636F6E66696775726133
:108EE00074696F6E206261736564206F6E206974AF
:108EF0007320495020616464726573732E00434689
:108F0000473A20454F74686553545241494E207387
:108F1000657276696365206973207573696E672071
:108F2000746865206C6F63616C2064656661756C44
:108F30007420636F6E66696775726174696F6E2005
:108F40006261736564206F6E2069747320495020DC
:108F5000616464726573732E004346473A20454F3F
:108F6000746865534B494E2073657276696365205A
:108F70006973207573696E6720746865206C6F6310
:108F8000616C2064656661756C7420636F6E6669E0
:108F90006775726174696F6E206261736564206FBA
:108FA0006E20697473204950206164647265737324
:108FB0002E004346473A20454F7468654D4149535A
:108FC0002073657276696365206973207573696EB5
:108FD0006720746865206C6F63616C2064656661EE
:108FE000756C7420636F6E66696775726174696F02
:108FF0006E206261736564206F6E2069747320490E
:109000005020616464726573732E004346473A20B2
:10901000454F746865504F53207365727669636578
:10902000206973207573696E6720746865206C6FA2
:1090300063616C2064656661756C7420636F6E6635
:10904000696775726174696F6E206261736564200F
:109050006F6E206974732049502061646472657377
:10906000732E004346473A20454F7468654D6F7430
:10907000696F6E436F6E74726F6C6C65722073658E
:109080007276696365206973207573696E672074F1
:109090006865206C6F63616C2064656661756C74D3
:1090A00020636F6E66696775726174696F6E2062A6
:1090B00061736564206F6E2069747320495020616C
:1090C0006464726573732E004346473A20454F74BB
:1090D000686554656D70657261747572657320732F
:1090E000657276696365206973207573696E6720A0
:1090F000746865206C6F63616C2064656661756C73
:109100007420636F6E66696775726174696F6E2033
:109110006261736564206F6E20697473204950200A
:10912000616464726573732E004857202D20656E4C
:10913000636F6465723A2074686520706F73697438
:10914000696F6E20646174612069732076616C6957
:10915000642C2062757420736F6D65206F7065726A
:109160006174696E6720636F6E646974696F6E7392
:109170002061726520636C6F736520746F206C6969
:109180006D6974732E005359533A207468652063D7
:10919000616E20646973636F76657279207365729E
:1091A00076696365207365617263686564207468BD
:1091B0006520666F6C6C6F77696E6720626F617295
:1091C0006473206F6E2074686520737065636966D0
:1091D0006965642043414E206275732E00535953D4
:1091E0003A207468652063616E20646973636F76EA
:1091F000657279207365727669636520666F756E36
:10920000642074686520666F6C6C6F77696E672088
:10921000626F61726473206F6E2074686520737072
:10922000656369666965642043414E206275732EEB
:10923000005359533A20454F74686543414E736556
:10924000727669636520636F756C64206E6F74203D
:109250007478206672616D6573206F6E2043414E95
:10926000206275732E005359533A20746865204567
:109270004F4D746865454D5372756E6E657220630F
:109280006F756C64206E6F742065697468657220F8
:109290007061727365206F7220666F726D2061203D
:1092A000554450207061636B65742E005359533AD6
:1092B00020454F74686543414E73657276696365F6
:1092C00020636F756C64206E6F7420666F726D2002
:1092D000612063616E207061636B65742E004D4385
:1092E0003A2071656E63206572726F7220686173D7
:1092F0002064697361707065617265642C207761A8
:10930000726E696E6720636F756E74657220686136
:1093100073206265656E2072657365742E004D431F
:109320003A206F76657263757272656E742E205482
:109330006865206D6F746F72206861732062656567
:109340006E207475726E6564206F666620746F207F
:1093500070726576656E742069742066726F6D2018
:109360006265696E672064616D616765642062791A
:1093700020616E20696D70756C73697665207370FD
:10938000696B65206F662063757272656E742E005E
:109390004D433A20693274206C696D697420657898
:1093A0006365656465642E20546865206D6F746F15
:1093B0007220686173206265656E207475726E65D7
:1093C00064206F666620746F2070726576656E74B7
:1093D0002069742066726F6D206265696E67206413
:1093E000616D61676564206279206F76657268657A
:1093F0006174696E672064756520746F20612063F5
:109400006F6E74696E756F75732068696768206325
:10941000757272656E742E00496E207061723136FD
:10942000203D204944206F6620746865206A6F697A
:109430006E742E004D433A204162736F6C757465F3
:1094400020656E636F646572206861732073706954
:109450006B65732E20546865726520697320696D91
:1094600070756C73697665206E6F69736520696EBF
:1094700020746865206D65617375726573206F6611
:1094800020746865206D61676E6574696320706F14
:10949000736974696F6E2073656E736F72206F6687
:1094A00020746865206A6F696E742E00496E2070A2
:1094B00061723634203078463020697320746865D4
:1094C000206D61736B206F662072657175657374B2
:1094D00065642073746174652C203078304620698F
:1094E0007320746865206D61736B206F6620616303
:1094F0007475616C2073746174652E2070617231B3
:1095000036203D204944206F66206A6F696E742EB4
:1095100000496E20706172363420307846462069EA
:109520007320746865206D61736B206F66207261B3
:109530007720656E636F6465722076616C75652E49
:10954000207061723136203D204944206F66206AC8
:109550006F696E742E00496E207061723136203D45
:10956000204944206F66206A6F696E742E0043465E
:10957000473A20454F746865496E65727469616C3D
:109580007333207365727669636520776173206E2B
:109590006F74207665726966696564207965742CDC
:1095A00020746875732069742063616E6E6F742017
:1095B00073746172742E004346473A20454F7468B5
:1095C00065505343207365727669636520776173D4
:1095D000206E6F74207665726966696564207965AE
:1095E000742C20746875732069742063616E6E6FCB
:1095F000742073746172742E004346473A20454FBD
:1096000074686553545241494E207365727669639C
:109610006520776173206E6F742076657269666964
:109620006564207965742C207468757320697420D2
:1096300063616E6E6F742073746172742E004346A2
:10964000473A20454F746865534B494E2073657205
:109650007669636520776173206E6F74207665721A
:109660006966696564207965742C20746875732057
:1096700069742063616E6E6F742073746172742EEE
:10968000004346473A20454F7468654D4149532091
:109690007365727669636520776173206E6F7420DD
:1096A0007665726966696564207965742C207468D2
:1096B00075732069742063616E6E6F7420737461BA
:1096C00072742E004346473A20454F746865504FE8
:1096D00053207365727669636520776173206E6FBE
:1096E00074207665726966696564207965742C20DA
:1096F000746875732069742063616E6E6F74207373
:10970000746172742E004346473A20454F74686571
:10971000456E636F6465725265616465722073653E
:10972000727669636520776173206E6F7420766549
:10973000726966696564207965742C207468757334
:109740002069742063616E6E6F742073746172742B
:109750002E004346473A20454F7468654D6F746943
:109760006F6E436F6E74726F6C6C6572207365728E
:109770007669636520776173206E6F7420766572F9
:109780006966696564207965742C20746875732036
:1097900069742063616E6E6F742073746172742ECD
:1097A000004346473A20454F74686554656D7065BF
:1097B0007261747572657320736572766963652072
:1097C000776173206E6F742076657269666965646F
:1097D000207965742C207468757320697420636126
:1097E0006E6E6F742073746172742E005359533A05
:1097F000207468652070726F7879206861732066C4
:109800006F7277617265646564206120726571753D
:109810006573742E005359533A2074686520707232
:109820006F7879206661696C7320746F20666F723F
:1098300077617264206120726571756573742E00A2
:10984000506172616D3136203D2074797065206FF2
:109850006620746865206578706972656420746933
:109860006D656F75742E004D433A207265666572A2
:10987000656E636520736574706F696E74207469BA
:109880006D656F75742E00696E20706172363420BC
:1098900074686572652061726520746865205B7309
:1098A00069676E7C696433325D2C20696E2070615B
:1098B000723136205B63617061636974797C7369AE
:1098C0007A655D206F662070726F7879206C69739D
:1098D000742E2069662070617231362069732030E1
:1098E0002C207468656E2074686520726F70206328
:1098F0006F756C64206E6F742062652074782E0022
:109900005359533A2074686520626F61726420690C
:10991000732072756E6E696E672068617070696C15
:10992000792E005359533A2074686520757064612C
:1099300074652063616C6C6261636B2063616C6C45
:10994000656420627920612070726F787920666F7B
:109950007277617264206661696C7320746F206F26
:109960007065726174652070726F7065726C792EAB
:1099700000207061723136263078663030303A20FF
:109980006E756D626572206F66206A6F696E743BDA
:10999000207072696D61727920656E63733A20661A
:1099A00061696C757265206D61736B20696E2070E2
:1099B000617231362630783030306620616E642036
:1099C0006572726F72636F64657320696E20706177
:1099D00072363426307830303030666666663B202A
:1099E0007365636F6E6461727920656E63733A208C
:1099F0006661696C757265206D61736B20696E209C
:109A000070617231362630783030663020616E6495
:109A1000206572726F72636F64657320696E207067
:109A200061723634263078666666663030303000D3
:109A300044454255473A20746167303000444542FE
:109A400055473A2074616730310044454255473AE2
:109A500020746167303200496E20706172313620A7
:109A60006E756D206F6620706174636865732E205B
:109A7000496E2070617236342066726F6D206C738F
:109A80006220746F206D7362206D61736B73206F41
:109A9000663A206D697373696E672063616E312C5D
:109AA0002063616E322C20666F756E64206275745F
:109AB00020696E636F6D70617469626C65206361AB
:109AC0006E312C2063616E320063616E20616464CC
:109AD0007265737320696E2070617231362C20704C
:109AE000726F7420616E64207665727320696E20D7
:109AF0007061723634206C6F776572203332206269
:109B00006974732E20427974652035206F66207049
:109B1000617236343A2030783031206973207374A2
:109B20007261696E2C203078303220697320737432
:109B30007261696E320044454255473A207461674C
:109B400030330044454255473A2074616730340051
:109B500075732062756467657420697320696E206F
:109B600070617231362C20287573206163747561C1
:109B70006C2C2052582C20444F2C205458292069FA
:109B80007320696E20706172363400444542554737
:109B90003A2074616730350044454255473A207495
:109BA0006167303600207061723634206B656570F5
:109BB0007320696E2065616368205538207468657C
:109BC0002070657263656E74616765206F662069D9
:109BD00074732062696E20696E20737465707320DF
:109BE0006F66207061723136004578706563746508
:109BF000642073657175656E6365206E756D626551
:109C00007220696E20706172363420616E64206E3D
:109C1000756D626572206F66206465746563746536
:109C20006420696E20706172313600287573206D72
:109C3000696E2C20757320617665726167652C20D2
:109C40007573206D61782C206D7320706572696F5B
:109C5000642920697320696E2070617236342C206B
:109C600074687265616420696420696E2070617235
:109C700031360044454255473A2074616730370019
:109C80004346473A20746865424154736572766969
:109C90006365206973204F4B004346473A20746840
:109CA00065465473657276696365206973204F4B0E
:109CB00000696E20706172363420746865726520A8
:109CC00061726520746865205B307C696433325D45
:109CD00000496E2070617231363A20545820657800
:109CE00065637574696F6E2074696D65205B75734B
:109CF00065635D2E20496E2070617236343A206EA5
:109D0000756D206F662074782063616E3220616EFD
:109D1000642063616E31206672616D657320616ECF
:109D200064206C61746573742070726576696F75F8
:109D30007320657865637574696F6E2074696D65ED
:109D400073206F662054582C2052582C20444F20EA
:109D50005B757365635D00496E2070617231363AE0
:109D600020444F20657865637574696F6E2074694F
:109D70006D65205B757365635D2E20496E20706193
:109D80007236343A206C6174657374207072657633
:109D9000696F757320657865637574696F6E20747B
:109DA000696D6573206F662052582C20444F2C201B
:109DB00054582C205258205B757365635D00496EC2
:109DC0002070617231363A2052582065786563758B
:109DD00074696F6E2074696D65205B757365635D72
:109DE0002E20496E2070617236343A206C617465A1
:109DF00073742070726576696F757320657865631A
:109E00007574696F6E2074696D6573206F66205478
:109E1000582C2052582C20444F2C205458205B752D
:109E20007365635D0020496E207061723136207465
:109E300068657265206973206672616D652E69645C
:109E400020616E64206672616D652E73697A65208B
:109E500028696E206D6F7374207369676E69666917
:109E600063616E74206E6962626C65292E20496E92
:109E700020706172363420746865726520697320C1
:109E8000746865206672616D652E6461746100445A
:109E9000454255473A206877206661756C743120D9
:109EA00064657465637465643A20696E20706172DC
:109EB00031362074686572652061726520636F6E4B
:109EC00074726F6C6D6F64657374617475732069FF
:109ED0006E206C736220616E64206672616D655BDA
:109EE000315D20696E206D73620044454255473AEA
:109EF000206877206661756C7432206465746563D0
:109F00007465643A20696E2070617231362074681D
:109F10006572652061726520636F6E74726F6C6D1F
:109F20006F646573746174757320696E206C7362FD
:109F300020616E64206672616D655B315D20696EC3
:109F4000206D73620044454255473A206877206689
:109F500061756C74332064657465637465643A205C
:109F6000696E207061723136207468657265206197
:109F7000726520636F6E74726F6C6D6F646573745D
:109F80006174757320696E206C736220616E642049
:109F90006672616D655B315D20696E206D73620074
:109FA0005359533A20545820706861736520617684
:109FB000657261676520657865637574696F6E2089
:109FC00074696D656300534B3A2074686520736B48
:109FD000696E207472616E736D697373696F6E2040
:109FE000686173206265656E207377697463686564
:109FF00064004346473A20454F746865496E657270
:10A000007469616C332063616E6E6F7420626520C9
:10A01000636F6E66696775726564004346473A20F0
:10A02000454F746865534B494E2063616E6E6F7483
:10A0300020626520636F6E666967757265640043B0
:10A0400046473A20454F74686554656D7065726186
:10A0500074757265732063616E6E6F742062652023
:10A06000636F6E66696775726564004346473A20A0
:10A07000454F746865496E65727469616C3320631D
:10A08000616E20626520636F72726563746C792003
:10A09000636F6E66696775726564004346473A2070
:10A0A000454F7468655053432063616E206265209C
:10A0B000636F72726563746C7920636F6E66696733
:10A0C00075726564004346473A20454F746865538E
:10A0D000545241494E2063616E20626520636F7265
:10A0E000726563746C7920636F6E666967757265FB
:10A0F00064004346473A20454F746865534B494EC8
:10A100002063616E20626520636F72726563746C98
:10A110007920636F6E6669677572656400434647B0
:10A120003A20454F7468654D4149532063616E2064
:10A13000626520636F72726563746C7920636F6E01
:10A1400066696775726564004346473A20454F74F7
:10A150006865504F532063616E20626520636F72A3
:10A16000726563746C7920636F6E6669677572657A
:10A1700064004346473A20454F746865456E636FF7
:10A180006465725265616465722063616E20626508
:10A1900020636F72726563746C7920636F6E666999
:10A1A0006775726564004346473A20454F74686599
:10A1B00054656D7065726174757265732063616E4C
:10A1C00020626520636F72726563746C7920636FBF
:10A1D0006E66696775726564005359533A207468F6
:10A1E0006520454F7468654D656D6F7279506F6F6E
:10A1F0006C20697320726571756573746564206283
:10A200007974657320627574206974206973206E97
:10A210006F742079657420696E697469616C697303
:10A220006564004857202D20656E636F6465723A3F
:10A23000206E6F7420636F6E6E6563746564004397
:10A2400046473A2043414E646973636F766572797D
:10A25000206465746563746564004346473A20452D
:10A260004F746865496E65727469616C332063610F
:10A270006E6E6F7420626520636F6E6669677572BB
:10A2800065642E20736F6D652073656E736F7273D6
:10A2900020617265206E6F7420737570706F7274B8
:10A2A0006564004346473A207468654241547365CB
:10A2B0007276696365206973206E6F7420737570A0
:10A2C000706F72746564004346473A20746865464F
:10A2D0005473657276696365206973206E6F7420AC
:10A2E000737570706F72746564005359533A2061CE
:10A2F00020554450207061636B657420636F756CEA
:10A3000064206E6F74206265207472616E736D6973
:10A3100074746564004857202D20656E636F646512
:10A32000723A2074686520706F736974696F6E206B
:10A3300064617461206973206E6F742076616C694A
:10A3400064004857202D20656E636F6465723A2063
:10A35000696E766572746564204352432069732088
:10A36000696E76616C6964005359533A206578656B
:10A37000637574696F6E2074696D65206F766572A0
:10A38000666C6F7720286275646765742C20616342
:10A390007475616C2C2054582C20444F2C20545838
:10A3A0002920757320696E206120706572696F6461
:10A3B000005359533A20657865637574696F6E2050
:10A3C00074696D6520737461746973746963732053
:10A3D000286D696E2C20617665726167652C206D31
:10A3E00061782920757320696E206120706572691B
:10A3F0006F64005359533A207468652063616E207E
:10A40000646973636F7665727920736572766963C8
:10A410006520666F756E642074686520626F617276
:10A4200064004D6F72652064657461696C732069A6
:10A430006E20706172313620616E642070617236F8
:10A440003420616E6420696E20736F7572636520BD
:10A45000636F646500496E207061723136207468E4
:10A460006572652069732074686520636F64650098
:10A47000496E20706172313620746865726520699A
:10A4800073207468652072656C6576616E742068EF
:10A49000616C20636F646500496E207061723136B3
:10A4A0002074686572652069732074686520726520
:10A4B0006C6576616E74206970616C20636F646591
:10A4C00000496E20706172313620746865726520B3
:10A4D0006973207468652072656C6576616E74209E
:10A4E0006F73616C20636F646500546865206D65EF
:10A4F00073736167652069732073746F726564207C
:10A50000696E736964652070617236342E20496EFD
:10A510002070617231362069732073746F726564C4
:10A52000207468652073697A65206F662074686599
:10A53000206D65737361676520666F72207468654E
:10A540002073696E676C65206672616D65004554A5
:10A5500048206D6F6E69746F723A2074686520626E
:10A560006F617264206C6F77206C6576656C204536
:10A5700054482064657465637465642061206D6966
:10A580007373696E6720726F706672616D650053D8
:10A5900059533A20444F2070686173652061766595
:10A5A0007261676520657865637574696F6E207484
:10A5B000696D65005359533A205258207068617391
:10A5C000652061766572616765206578656375747D
:10A5D000696F6E2074696D65005359533A20444F7A
:10A5E000207068617365206D696E2065786563759C
:10A5F00074696F6E2074696D65005359533A205227
:10A6000058207068617365206D696E206578656398
:10A610007574696F6E2074696D65005359533A20E3
:10A620005458207068617365206D696E2065786587
:10A63000637574696F6E2074696D65005359533A80
:10A6400020444F207068617365206D6178206578C3
:10A6500065637574696F6E2074696D650053595335
:10A660003A205258207068617365206D61782065CA
:10A670007865637574696F6E2074696D65005359F0
:10A68000533A205458207068617365206D617820BA
:10A69000657865637574696F6E2074696D650062B5
:10A6A0006F6172647320496E2070617231363A2096
:10A6B00063616E32206D617020696E20307866664D
:10A6C00066662E20496E2070617236343A206361CE
:10A6D0006E31206D617020696E2030786666666626
:10A6E0003030303030303030303030302C20626F0D
:10A6F000617264207479706520696E203078303022
:10A7000030306666303030303030303030302C20F1
:10A710007265712070726F7420696E2030783030ED
:10A7200030303030666666663030303030302C2065
:10A7300072657120667720696E2030783030303055
:10A740003030303030306666666666662E20496688
:10A750002070726F7420616E64206677206172656C
:10A76000207A65726F2C20736561726368206F6E4A
:10A7700020627573206973206E6F7420646F6E653C
:10A7800000496E20706172313620746865726520F0
:10A7900069732074686520626F61726420747970D7
:10A7A00065004346473A20454F746865496E6572B7
:10A7B0007469616C3320686173206368616E6765DA
:10A7C00064207468652072657175657374656420B2
:10A7D00072617465004346473A20454F746865507E
:10A7E000534320686173206368616E6765642074F9
:10A7F0006865207265717565737465642072617433
:10A8000065004346473A20454F746865504F5320D2
:10A81000686173206368616E676564207468652091
:10A820007265717565737465642072617465004347
:10A8300046473A20454F74686554656D706572618E
:10A84000747572657320686173206368616E6765F3
:10A850006420746865207265717565737465642021
:10A860007261746500496E2070617231363A2074ED
:10A87000617267657420626F6172642074797065BB
:10A8800020696E2030786666303020616E64206EFC
:10A89000756D626572206F66206D697373696E678E
:10A8A00020696E203078303030662E20496E20705E
:10A8B000617236343A207365617263682074696D21
:10A8C00065205B6D735D20696E2030786666666614
:10A8D0003030303030303030303030302C206D611E
:10A8E000736B206F66206D697373696E6720616496
:10A8F0006472657373657320696E20307830303010
:10A900003030303030303030306666666600496E48
:10A9100020706F7274207370656369666965642066
:10A920006279207061723136202830203D204554F4
:10A930004820696E707574202850322F5031332FA3
:10A940004A3429202C2031203D20455448206F7561
:10A9500074707574202850332F5031322F4A3529A6
:10A96000202C2032203D20696E7465726E616C2946
:10A970002E20204170706C69636174696F6E207362
:10A980007461746520697320696E206D6F73742023
:10A990007369676E69666963616E74206E6962626D
:10A9A0006C65206F662070617236343A2030202D3D
:10A9B0003E204E2F412C2031202D3E2069646C65B5
:10A9C0002C2033202D3E2072756E6E696E672E200E
:10A9D0004E756D626572206F66206572726F72735C
:10A9E00020696E207061723634263078666666663D
:10A9F000666666660075732074696D6520696E20F1
:10AA000070617231362C206D7320706572696F64CD
:10AA100020696E2070617236342026203078666698
:10AA20006666004346473A20746865424154736540
:10AA30007276696365206973207573696E67206F2C
:10AA40006E626F61726420636F6E66696700434671
:10AA5000473A207468654654736572766963652069
:10AA60006973207573696E67206F6E626F617264BF
:10AA700020636F6E666967005359533A20746865A6
:10AA800020626F61726420697320626F6F747374E7
:10AA900072617070696E67005359533A20756E7316
:10AAA000706563696669656420636F64652E20491B
:10AAB00074206D6179206265207468617420454F4F
:10AAC0007468654572726F724D616E616765722060
:10AAD0006973207374696C6C2063616C6C656420AD
:10AAE000776974682061204E554C4C20654F657223
:10AAF000726D616E44657363726970746F725F74B6
:10AB00002A20706172616D005359533A206578654F
:10AB1000637574696F6E2074696D652068697374FC
:10AB20006F6772616D005359533A207468652062F3
:10AB30006F6172642069732072756E6E696E672032
:10AB4000696E20666174616C206572726F72207329
:10AB5000746174652E20636865636B20707265761E
:10AB6000696F7573206572726F727320746F2076CF
:10AB700065726966792074686520726561736F6EAD
:10AB8000005359533A2074626420636F64652E2029
:10AB90005765206D7573742064656369646520680A
:10ABA0006F7720746F206D616E61676520746869CE
:10ABB0007320636F64652E20697420697320776940
:10ABC00070005359533A20612066756E6374696F43
:10ABD0006E2068617320612077726F6E67207061EC
:10ABE00072616D657465720053656520363420624C
:10ABF0006974206D61736B20706172616D6574653D
:10AC000072004346473A2043414E646973636F764E
:10AC1000657279207374617274656420746865204C
:10AC200073656172636820666F72004346473A201D
:10AC3000454F746865496E65727469616C33206351
:10AC4000616E6E6F7420626520636F6E66696775F2
:10AC50007265642E2067656E657269632065727225
:10AC60006F72004346473A20454F74686554656DDE
:10AC70007065726174757265732063616E6E6F7456
:10AC800020626520636F6E666967757265642E2049
:10AC900067656E65726963206572726F72005359E1
:10ACA000533A20646574656374656420612072752D
:10ACB0006E74696D65206572726F720041533A203F
:10ACC000756E6B6E6F776E2073656E736F72004971
:10ACD000533A20756E6B6E6F776E2073656E736F6F
:10ACE00072004346473A207468654654736572762D
:10ACF0006963652063616E6E6F742067657420669A
:10AD0000756C6C7363616C6573005359533A2074AE
:10AD1000686520454F7468654D656D6F7279506F39
:10AD20006F6C20697320726571756573746564203A
:10AD30003020627974657300534B3A207468652043
:10AD4000626F617264206861732072656365697601
:10AD500065642061206D6573736167652066726F3D
:10AD60006D2074686520736B696E206576656E2052
:10AD700069662069742073686F756C642062652051
:10AD8000696E20612073696C656E636564206D6F08
:10AD900064616C6974792E2043757272656E7420DB
:10ADA0007374617465206F662074686520454D5327
:10ADB00020626F617264206973004346473A204500
:10ADC0004F746865456E636F646572526561646552
:10ADD000722063616E6E6F7420626520636F6E66B1
:10ADE0006967757265643A20766572696669636140
:10ADF00074696F6E206661696C73004346473A2040
:10AE0000454F746865496E65727469616C3320637F
:10AE1000616E6E6F7420626520636F6E6669677520
:10AE20007265642E2043414E646973636F76657268
:10AE300079206661696C73004346473A20454F7438
:10AE400068655053432063616E6E6F7420626520A5
:10AE5000636F6E666967757265642E2043414E6448
:10AE60006973636F76657279206661696C730043FC
:10AE700046473A20454F74686553545241494E2025
:10AE800063616E6E6F7420626520636F6E666967C2
:10AE9000757265642E2043414E646973636F7665F5
:10AEA0007279206661696C73004346473A20454FCA
:10AEB000746865534B494E2063616E6E6F742062F7
:10AEC0006520636F6E666967757265642E20434105
:10AED0004E646973636F76657279206661696C731D
:10AEE000004346473A20454F7468654D4149532019
:10AEF00063616E6E6F7420626520636F6E66696752
:10AF0000757265642E2043414E646973636F766584
:10AF10007279206661696C73004346473A20454F59
:10AF2000746865504F532063616E6E6F7420626564
:10AF300020636F6E666967757265642E2043414EAB
:10AF4000646973636F76657279206661696C7300FA
:10AF50004346473A20454F74686554656D70657285
:10AF60006174757265732063616E6E6F74206265C3
:10AF700020636F6E666967757265642E2043414E6B
:10AF8000646973636F76657279206661696C7300BA
:10AF90004346473A20454F7468654D6F74696F6E3C
:10AFA000436F6E74726F6C6C65722063616E6E6F4E
:10AFB0007420626520636F6E666967757265642EC2
:10AFC00020766572696669636174696F6E206F6669
:10AFD00020656E636F646572206661696C732066BC
:10AFE0006F72206D6334706C7573706D632E207397
:10AFF0006565206F74686572206D65737361676540
:10B000007320666F72206D6F72652064657461696C
:10B010006C73004346473A20454F7468654D6F7422
:10B02000696F6E436F6E74726F6C6C6572206361D2
:10B030006E6E6F7420626520636F6E6669677572ED
:10B0400065642E20766572696669636174696F6EE6
:10B05000206F6620656E636F646572206661696C3F
:10B060007320666F72206D6332706C7573707363DA
:10B070002E20736565206F74686572206D6573732B
:10B080006167657320666F72206D6F7265206465FD
:10B090007461696C73004346473A20454F74686594
:10B0A0004D6F74696F6E436F6E74726F6C6C657206
:10B0B0002063616E6E6F7420626520636F6E6669D7
:10B0C00067757265642E207665726966696361745E
:10B0D000696F6E206F6620656E636F6465722066AF
:10B0E00061696C7320666F72206D6334706C757368
:10B0F0006D6169732E20736565206F7468657220B9
:10B100006D6573736167657320666F72206D6F7212
:10B11000652064657461696C73004346473A204555
:10B120004F7468654D6F74696F6E436F6E74726FA4
:10B130006C6C65722063616E6E6F74206265206353
:10B140006F6E666967757265642E207665726966D2
:10B1500069636174696F6E206F6620706F7320661B
:10B160006F72206D6334706C7573706D63206661EF
:10B17000696C732E20736565206F74686572206D2D
:10B180006573736167657320666F72206D6F72659A
:10B190002064657461696C73004346473A20454FEB
:10B1A0007468654D6F74696F6E436F6E74726F6C07
:10B1B0006C65722063616E6E6F7420626520636FD0
:10B1C0006E666967757265642E2076657269666958
:10B1D000636174696F6E206F66207073637320669D
:10B1E0006F72206D6332706C75737073632066616B
:10B1F000696C732E20736565206F74686572206DAD
:10B200006573736167657320666F72206D6F726519
:10B210002064657461696C73004346473A20454F6A
:10B220007468654D6F74696F6E436F6E74726F6C86
:10B230006C65722063616E6E6F7420626520636F4F
:10B240006E666967757265642E20766572696669D7
:10B25000636174696F6E206F6620656E636F6465ED
:10B2600072206661696C732E20736565206F746847
:10B270006572206D6573736167657320666F7220F8
:10B280006D6F72652064657461696C730043464735
:10B290003A20454F7468654D6F74696F6E436F6EE9
:10B2A00074726F6C6C65722063616E6E6F74206275
:10B2B0006520636F6E666967757265642E207665BA
:10B2C00072696669636174696F6E206F66206D6173
:10B2D0006973206661696C732E20736565206F74D5
:10B2E000686572206D6573736167657320666F7240
:10B2F000206D6F72652064657461696C73004346EC
:10B30000473A20454F7468654D6F74696F6E436F9F
:10B310006E74726F6C6C65722063616E6E6F7420F8
:10B32000626520636F6E666967757265642E20764C
:10B330006572696669636174696F6E206F66206DFE
:10B3400061697320666F72206D6334706C75736D04
:10B35000616973206661696C732E20736565206F67
:10B3600074686572206D6573736167657320666FBD
:10B3700072206D6F72652064657461696C7300433F
:10B3800046473A20454F7468654D6F74696F6E4348
:10B390006F6E74726F6C6C65722063616E6E6F7429
:10B3A00020626520636F6E666967757265642E2022
:10B3B000766572696669636174696F6E206F662075
:10B3C000706F7320666F72206D6334706C75736676
:10B3D000617073206661696C732E20736565206FE0
:10B3E00074686572206D6573736167657320666F3D
:10B3F00072206D6F72652064657461696C730043BF
:10B4000046473A20454F7468654D6F74696F6E43C7
:10B410006F6E74726F6C6C65722063616E6E6F74A8
:10B4200020626520636F6E666967757265642E20A1
:10B43000766572696669636174696F6E206F6620F4
:10B44000656E636F64657273206661696C732E202C
:10B45000736565206F74686572206D6573736167CD
:10B46000657320666F72206D6F726520646574610C
:10B47000696C73004346473A20454F7468654D6FC9
:10B4800074696F6E436F6E74726F6C6C657220635B
:10B49000616E6E6F7420626520636F6E666967759A
:10B4A0007265642E20766572696669636174696F7E
:10B4B0006E206F6620656E636F64657220666169D9
:10B4C0006C7320666F72206D6334706C7573666187
:10B4D00070732E20736565206F74686572206D65CA
:10B4E00073736167657320666F72206D6F7265207C
:10B4F00064657461696C73004346473A20454F7434
:10B5000068654D6F74696F6E436F6E74726F6C6CAB
:10B5100065722063616E6E6F7420626520636F6E6A
:10B52000666967757265642E204943436469736375
:10B530006F76657279206661696C732E207365651C
:10B5400020494343646973636F76657279206D6542
:10B5500073736167657320666F72206D6F7265200B
:10B5600064657461696C73004346473A20454F74C3
:10B5700068654D6F74696F6E436F6E74726F6C6C3B
:10B5800065722063616E6E6F7420626520636F6EFA
:10B59000666967757265642E2043414E6469736302
:10B5A0006F76657279206F66206163747561746F60
:10B5B0007220626F617264206661696C732E207301
:10B5C00065652043414E646973636F7665727920C7
:10B5D0006D6573736167657320666F72206D6F723E
:10B5E000652064657461696C73004346473A204581
:10B5F0004F7468654D6F74696F6E436F6E74726FD0
:10B600006C6C65722063616E6E6F7420626520637E
:10B610006F6E666967757265642E2063616E206463
:10B620006973636F76657279206F66206D6334206D
:10B63000626F61726473206661696C732E2073653A
:10B64000652043414E646973636F76657279206D3E
:10B650006573736167657320666F72206D6F7265C5
:10B660002064657461696C73004346473A20454F16
:10B670007468654D6F74696F6E436F6E74726F6C32
:10B680006C65722063616E6E6F7420626520636FFB
:10B690006E666967757265642E2043414E646973F6
:10B6A000636F76657279206F662032666F63206201
:10B6B0006F61726473206661696C732E20736565B7
:10B6C0002043414E646973636F76657279206D65BE
:10B6D00073736167657320666F72206D6F7265208A
:10B6E00064657461696C7300496E20736F75726371
:10B6F00065616464726573732074686520654F6D5D
:10B700006E5F736572765F63617465676F72795F90
:10B71000742C20696E207061723634204C532033B3
:10B720003220626974732074686520626974206DC8
:10B7300061736B206F66206C6F737420626F61722F
:10B7400064202843414E3120696E204D532031360C
:10B75000206269747320616E642043414E32206917
:10B760006E204C532031362062697473292C206975
:10B770006E20696E207061723634204D5320333252
:10B7800020626974732074686520746F74616C2022
:10B79000646973617070656172656E636520746958
:10B7A0006D6520696E206D7300496E207061723185
:10B7B0003620746865726520697320746865206E30
:10B7C000756D626572206F66206C6F73742069748A
:10B7D000656D730043616E206164647265737320EC
:10B7E000696E2070617231362C2070726F74206126
:10B7F0006E64207665727320696E207061723634D3
:10B80000206C6F7765722033322062697473006335
:10B81000616E206164647265737320696E2070616B
:10B820007231362C2070726F7420616E64207665E0
:10B83000727320696E207061723634206C6F776588
:10B8400072203332206269747300496E2070617215
:10B850003136206E756D206F662070617463686587
:10B86000732C2063616E206D617070696E67206952
:10B870006E207061723634207570706572203332BC
:10B8800020626974732C2070726F7420616E642062
:10B890007665727320696E207061723634206C6F29
:10B8A000776572203332206269747300496E2070AC
:10B8B000617231362074686572652069732074681E
:10B8C00065206368616E6E656C20696E766F6C765C
:10B8D00065642C20696E207061723634207468654E
:10B8E0007265206172652074686520736174757279
:10B8F0006174696F6E20636F756E747320666F720A
:10B9000020746865206C61737420736563206F66B2
:10B9100020626F746820747970657320286C6F776B
:10B9200065723A204C53203332626974732C20754F
:10B9300070706572204D5320333262697473004514
:10B940005448206D6F6E69746F723A206A75737413
:10B950002076657269666965642C206E6F206E655D
:10B96000777300496E207061723634207468657296
:10B9700065206973207468652065787065637465F7
:10B9800064206E756D6265722E2054686520726544
:10B99000636569766564206973206F627461696E9E
:10B9A000656420627920616464696E6720706172E9
:10B9B0003634207769746820706172313620747271
:10B9C0006561746564206173206120696E7431362D
:10B9D0005F7400496E207061723136207468657240
:10B9E00065206973207468652070617273696E6781
:10B9F000206572726F72207479706520657870723C
:10BA0000657373656420696E20654F70617273653C
:10BA100072526573756C745F7400496E20736F7534
:10BA20007263656164647265737320746865206510
:10BA30004F6D6E5F736572765F63617465676F7279
:10BA4000795F7400496E20736F7572636561646419
:10BA5000726573732074686520654F6D6E5F7365E2
:10BA600072765F63617465676F72795F742C2069A9
:10BA70006E207061723634204C532033322062695C
:10BA800074732074686520626974206D61736B2023
:10BA90006F66206C6F737420626F6172642028433C
:10BAA000414E3120696E204D532031362062697439
:10BAB0007320616E642043414E3220696E204C53E6
:10BAC0002031362062697473292C20696E20696EDA
:10BAD000207061723634204D5320333220626974F5
:10BAE00073207468652074696D6520696E206D73BC
:10BAF0002073696E6365206C61737420636F6E746C
:10BB0000616374004346473A207468654241547348
:10BB1000657276696365206973206E6F742076653F
:10BB200072696669656420796574004346473A2006
:10BB3000746865465473657276696365206973201D
:10BB40006E6F7420766572696669656420796574C4
:10BB500000496E2070617231363A207461726765F7
:10BB60007420626F617264207479706520696E2040
:10BB700030786666303020616E64206E756D626567
:10BB800072206F6620696E76616C696420696E2030
:10BB90003078303030662E20496E20706172363435
:10BBA0003A2065616368206E6962626C6520636F2C
:10BBB0006E7461696E7320307830206966206F6B17
:10BBC0002C206D61736B203078312069662077728C
:10BBD0006F6E6720747970652C206D61736B2030F7
:10BBE00078322069662077726F6E672066772C2026
:10BBF0006D61736B203078342069662077726F6EC8
:10BC0000672070726F740041533A2063616E6E6FEB
:10BC1000742073746F72652072782063616E206681
:10BC200072616D6573206F662074656D70657261F9
:10BC30007475726520646174612C2074687573205A
:10BC4000736F6D652072656164696E6773207769D3
:10BC50006C6C206265206C6F73740049533A2063EA
:10BC6000616E6E6F742073746F72652072782063DA
:10BC7000616E206672616D6573206F6620696E6506
:10BC8000727469616C20646174612C2074687573CE
:10BC900020736F6D6520696E65727469616C2072C6
:10BCA000656164696E67732077696C6C20626520DA
:10BCB0006C6F737400534B3A2063616E6E6F742027
:10BCC0007075742072782063616E206672616D6594
:10BCD0007320696E746F2061727261796F6663613F
:10BCE0006E646174612C207468757320736F6D6568
:10BCF00020736B696E2072656164696E677320776B
:10BD0000696C6C206265206C6F73740048573A2030
:10BD10007365636F6E64206572726F72206D6573F8
:10BD200073616765206F662063617465676F727900
:10BD30002068770048573A206669727374206572EC
:10BD4000726F72206D657373616765206F66206323
:10BD5000617465676F7279206877004346473A20BF
:10BD6000454F7468654D6F74696F6E436F6E747282
:10BD70006F6C6C65722063616E20636F72726563B5
:10BD8000746C7920636F6E666967757265206D6388
:10BD9000342D6261736564206D6F74696F6E2E203F
:10BDA0006D6F726520696E666F2077696C6C2066B6
:10BDB0006F6C6C6F77004346473A20454F74686557
:10BDC0004D6F74696F6E436F6E74726F6C6C6572D9
:10BDD0002063616E20636F72726563746C79206397
:10BDE0006F6E666967757265206D6334706C75730C
:10BDF000706D632D6261736564206D6F74696F6E21
:10BE00002E206D6F726520696E666F2077696C6C8D
:10BE100020666F6C6C6F77004346473A20454F743D
:10BE200068654D6F74696F6E436F6E74726F6C6C82
:10BE300065722063616E20636F72726563746C79E2
:10BE400020636F6E6669677572652032666F632D59
:10BE50006261736564206D6F74696F6E2E206D6F03
:10BE6000726520696E666F2077696C6C20666F6CF6
:10BE70006C6F77004346473A20454F7468654D6FB5
:10BE800074696F6E436F6E74726F6C6C6572206351
:10BE9000616E20636F72726563746C7920636F6E7C
:10BEA00066696775726520616476666F632D62618D
:10BEB000736564206D6F74696F6E2E206D6F72658F
:10BEC00020696E666F2077696C6C20666F6C6C6F92
:10BED00077004346473A20454F7468654D6F746953
:10BEE0006F6E436F6E74726F6C6C65722063616EFF
:10BEF00020636F72726563746C7920636F6E66691C
:10BF000067757265206D6332706C75737073632D25
:10BF10006261736564206D6F74696F6E2E206D6F42
:10BF2000726520696E666F2077696C6C20666F6C35
:10BF30006C6F77004346473A20454F7468654D6FF4
:10BF400074696F6E436F6E74726F6C6C6572206390
:10BF5000616E20636F72726563746C7920636F6EBB
:10BF6000666967757265206D6334706C75736D6199
:10BF700069732D6261736564206D6F74696F6E2ED5
:10BF8000206D6F726520696E666F2077696C6C201A
:10BF9000666F6C6C6F77004346473A20454F746874
:10BFA000654D6F74696F6E436F6E74726F6C6C6504
:10BFB000722063616E20636F72726563746C7920A6
:10BFC000636F6E666967757265206D6334706C753A
:10BFD00073666170732D6261736564206D6F74693F
:10BFE0006F6E2E206D6F726520696E666F207769A7
:10BFF0006C6C20666F6C6C6F77004346473A204547
:10C000004F7468654D6F74696F6E436F6E74726FB5
:10C010006C6C65722063616E20636F72726563740D
:10C020006C7920636F6E666967757265206D633425
:10C03000706C75732D6261736564206D6F74696FC8
:10C040006E2E206D6F726520696E666F2077696C49
:10C050006C20666F6C6C6F77005359533A206120E7
:10C0600066756E6374696F6E20697320757365649D
:10C0700020696E207468652077726F6E6720776123
:10C0800079005359533A2061206D757465782068A2
:10C0900061732074696D6564206F757420756E65B9
:10C0A000787065637465646C79004346473A207420
:10C0B000686542415473657276696365206661699B
:10C0C0006C65642043414E20646973636F766572CA
:10C0D00079004346473A2074686546547365727622
:10C0E000696365206661696C65642043414E206424
:10C0F0006973636F76657279004346473A2043411E
:10C100004E646973636F76657279005359533A20B0
:10C1100074686520454F7468654D656D6F72795020
:10C120006F6F6C2063616E6E6F7420676976652037
:10C13000616E79206D6F7265206D656D6F7279002B
:10C140005B25735D202825732074736B2564204064
:10C150002573292D3E207B307825782C20703136B0
:10C16000203078253034782C2070363420307825F3
:10C170003031366C6C782C206465762025642C2058
:10C180006164722025647D3A2025732E003A6D008B
:10C190005B25735D202825732074736B2564204014
:10C1A0002573292D3E207B3078257820703136206C
:10C1B0003078253034782C20703634203078253093
:10C1C00031366C6C782C206465762025642C2061D7
:10C1D00064722025647D3A2025732E20494E464FF7
:10C1E000203D202573003A7500766563746F7200F8
:10C1F0006F75745F6F665F72616E676520776173DC
:10C20000207468726F776E20696E202D666E6F2DB8
:10C21000657863657074696F6E73206D6F646520F7
:10C2200077697468206D6573736167652022257373
:10C23000220062617369635F737472696E67005F85
:10C240005F6378615F67756172645F61637175696F
:10C2500072652064657465637465642072656375D6
:10C26000727369766520696E697469616C697A6157
:10C2700074696F6E3A20646F20796F7520686176FB
:10C280006520612066756E6374696F6E2D6C6F63D7
:10C29000616C207374617469632076617269616294
:10C2A0006C652077686F736520696E697469616C6D
:10C2B000697A6174696F6E20646570656E6473205D
:10C2C0006F6E20746861742066756E6374696F6E3A
:10C2D0003F0000006A757374207374617274656442
:10C2E0002074686520757365722D646566696E6576
:10C2F000642066756E6374696F6E20735F656F6D21
:10C300005F656D736170706C5F6D61696E5F696EA2
:10C310006974282900000000735F656F6D5F656DAB
:10C32000736170706C5F6D61696E5F696E697428AE
:10C33000292069732061626F757420746F20696EA3
:10C34000697420454F7468654C454470756C73651D
:10C3500072202B20454F4D746865454D53617070B8
:10C360006C0000004F53414C3A3A74736B696E692C
:10C37000743A206861732066696E69736865642029
:10C38000757365722D646566696E65642066756E89
:10C390006374696F6E0000004F53414C3A3A7473F6
:10C3A0006B696E69743A2061626F757420746F20D6
:10C3B000696E697420454F4D74686554696D657286
:10C3C0004D616E61676572202B20454F4D74686525
:10C3D00043616C6C6261636B4D616E616765720095
:10C3E0005F496E697469616C6973652829206861A9
:10C3F000732066696E697368656420656F6D5F653B
:10C400006D736170706C5F6869645F757365726489
:10C4100065665F696E697469616C69736528290076
:10C420005F496E697469616C69736528292063616D
:10C430006C6C7320656F6D5F656D736170706C5FA0
:10C440006869645F757365726465665F696E697457
:10C4500069616C6973652829000000005F496E6995
:10C460007469616C6973652829206861732073742D
:10C4700061727465642069747320737461746520DB
:10C480006D616368696E6520772F204346472C20D5
:10C4900052554E2C20455252207374617465732E90
:10C4A000204E6F77206974207175697473000000E5
:10C4B0004A6F696E745365745F646F5F7761697406
:10C4C0005F63616C6962726174696F6E5F6D6978D8
:10C4D00065643A2063616C696220636F6D706C659E
:10C4E0007465642E000000006572726F7220696EC0
:10C4F000204A6F696E745F7365745F706F735F72EB
:10C5000065665F696E5F63616C69625479706536F8
:10C51000000000004572726F722120504F5320734B
:10C52000657276696365204E4F5420616374697645
:10C530006500000063616C6962363A204572726F73
:10C54000722120466F756E64206E6569746865722D
:10C55000204D414953206E6F7420504F5320736516
:10C560007276696365206163746976650000000016
:10C570000000000000000000D8C6060800020010FD
:10C58000E81F000080020208D8C60608000000204C
:10C5900000FC0100DC02020880C80608E821001047
:10C5A000F0650000DC0202081C00000043000000EF
:10C5B000F8FFFFFF0C0000000E0000000F0000005D
:10C5C0002E0000001001000043000000F8FFFFFFF4
:10C5D0000040404040404040404041414141414096
:10C5E000404040404040404040404040404040404B
:10C5F00040050202020202020202020202020202DA
:10C6000002202020202020202020200202020202DE
:10C610000202909090909090101010101010101036
:10C620001010101010101010101010100202020242
:10C630000202888888888888080808080808080886
:10C640000808080808080808080808080202020282
:10C65000400000000000000000000000000000009A
:10C6600000000000000000000000000000000000CA
:10C6700000000000000000000000000000000000BA
:10C6800000000000000000000000000000000000AA
:10C69000000000000000000000000000000000009A
:10C6A000000000000000000000000000000000008A
:10C6B000000000000000000000000000000000007A
:10C6C000000000000000000000000000000000006A
:10C6D00000000000B38AFBFF016A0A100112091072
:10C6E00013012230097A030AA01F06080669080907
:10C6F000204702854029A80932F3096BA42C0203C4
:10C700000404051D06070809031924F41ED0220697
:10C7100008DC04811AE80C6AF4101D2306080C04D6
:10C72000C15AFF040152094C560954A401FF012FBC
:10C7300002FF0101FF01FF01FF01870A6EFF580A96
:10C7400025FF72292709192B0A23FFBACB803F0442
:10C7500009261C011E72013CA086010401FF01A5EF
:10C7600002FFFF0184023D0112FA1EE92F030801B6
:10C7700001F230F23845E9D102085A0F0281120A5B
:10C78000031C01FE0A317FA30922342A032312036A
:10C790008C0439302BA93813F0491410304A821018
:10C7A0001A74101AA8041AE8041AA4041AEC041A39
:10C7B00070041ADC041AD8041A60041A5C041AE023
:10C7C00004810213FF02FF0A014C02FFFF018402F1
:10C7D000450102BFFF1AFFC10968C409686A01FF69
:10C7E000011B0223011AFF0109264D0A1A324801D2
:10C7F000FF0184022B011AFF0101180A1A64380193
:10C80000FF0184022B011AFF0101180A1A64380182
:10C81000FF018402630102FFFF01840223011AFF6A
:10C8200001012409232501FF0160026F0172FF3617
:10C83000545241434545494E464F3644454255477B
:10C8400010085741524E494E47364552524F520EEC
:10C8500025464154414CA80916246974811E95FE51
:10C8600004089F041A9B04013C29701E1DCB040878
:10C8700029041A23041A2F040148000000000000B4
:020000042001D9
:10FFC0000000000000000000000000000000000031
:10FFD0000000000000000000000000000000000021
:08FFE000000000000000000019
:040000050802018963
:00000001FF
