:020000040802F0
:1000000058CD0120250502082D0502082F050208FC
:10001000310502083305020835050208000000001A
:10002000000000000000000000000000F5030208CE
:100030003905020800000000AD040208110502089D
:100040003F0502083F0502083F0502083F05020878
:100050003F0502083F0502083F0502083F05020868
:100060003F0502083F0502083F0502085D29020816
:10007000692902083F0502083F0502083F050208FA
:100080003F0502083F050208F92602083F0502085D
:100090003F0502083F0502083F050208C52902087E
:1000A000297D02084D7D0208417D0208357D020848
:1000B000597D0208657D02083F0502083F050208D8
:1000C0003F0502083F0502083F0502083F050208F8
:1000D0003F0502083F0502083F0502083F050208E8
:1000E000BD2902083F0502083F0502083F05020836
:1000F0003F0502083F0502083F0502083F050208C8
:100100003F0502083F0502083F0502083F050208B7
:100110003F0502083F0502083F0502083F050208A7
:100120003F0502083F0502083F0502083F05020897
:100130003F0502083F0502083F0502083F05020887
:100140003F0502083F0502083F0502083F05020877
:100150003F0502083F0502083F0502083F05020867
:100160003F0502083F0502083F0502083F05020857
:100170003F0502083F0502083F0502083F05020847
:100180003F0502083F0502083F0502083F05020837
:100190003F05020800000000CD290208D929020805
:1001A0003F0502083F0502083F0502083F05020817
:1001B0003F0502083F0502083F0502083F05020807
:1001C0003F0502083F0502083F0502083F050208F7
:1001D0003F0502083F05020800F002F800F0C7F8EA
:1001E00014A696E8000CB244B344DA4501D100F0FD
:1001F000BEF8BAE80F000FA696E83000A5EB04059C
:1002000004EB0607AAEB0704A7F101074FEA15154F
:100210004FEA3414A4F10104AC4201D300F0A7F872
:1002200013F0010F18BFFB1A43F0010300F001F8AF
:10023000DBE718479CE70100BCE701000A4410F81F
:10024000014B14F00F0508BF10F8015B240908BF2B
:1002500010F8014B6D1E05D010F8013B6D1E01F822
:10026000013BF9D1641E03D0641E01F8015BFBD190
:100270009142E4D37047000070470000002300243F
:1002800000250026103A28BF78C1FBD8520728BFA6
:1002900030C148BF0B6070476E2900F0D9867029C5
:1002A00000F0F18266291DF09B8665291DF0988675
:1002B00067291DF0958661291DF0948603681B0A45
:1002C00028BF41F08001692900F06282642900F0B2
:1002D0005F82752900F05C826F2901F0998178298D
:1002E00000F0BD82E92901F03381E42901F0308179
:1002F000F52901F02D81EF2901F09681F82900F010
:10030000BC820368DB0928BF41F08001632900F04B
:100310000985732900F00E85E32901F02F85F32963
:1003200001F03485002070471FB51DF09CFD9DE84D
:10033000030000F0ECFB01F00EFB040000200021A4
:100340001CF01EFF401C6060002000211CF02EFFEE
:10035000E06001F089FA01F071F902F0B7F91FBD10
:1003600010B5002001F04EFA01F0E0F910BD01F0E7
:10037000CDFA1146FFF7D8FF17F0BEFD01F0A0FE41
:1003800003B4FFF7EDFF03BC00F0E4FD80F3098840
:100390007047EFF309807047684680F30988044886
:1003A0000078C00714BF0220032080F31488704730
:1003B00070010020DFF818C0EFF305831B0618BF9B
:1003C0006047EFF31483DB0708BF604700DF704727
:1003D00009B30308DFF818C0EFF305831B0618BF45
:1003E0006047EFF31483DB0708BF604700DF704707
:1003F00081B30308EFF30980816911F8021CE1BBA6
:1004000090E80F1010B5E047BDE81040EFF3098CFD
:100410008CE80700214B93E80600914208BF704723
:1004200041B91EF0100F16D11D49086820F00100D7
:10043000086010E01EF0100F06BF2CED108A01209E
:10044000002081F838002CE9F00FC1F83CC00CB452
:100450001CF064FB0CBC1A60D2F83CC0BCE8F00F86
:1004600092F8380000280EBF6FF0020E6FF0120EE7
:10047000BCEC108A8CF30988704710B5094A1268E1
:10048000914209D8084C54F8214090E80F10A04739
:10049000EFF3098C8CE80F0010BD0000C8000020AD
:1004A00034EF00E0548A0308548A030810B51CF0A6
:1004B0002FFABDE81040154B93E80600914208BFA3
:1004C0007047EFF3098C1EF0100F06BF2CED108A59
:1004D0000120002081F838002CE9F00FC1F83CC061
:1004E0000CB41CF01BFB0CBC1A60D2F83CC0BCE87E
:1004F000F00F92F8380000280EBF6FF0020E6FF078
:10050000120EBCEC108A8CF309887047C8000020DA
:1005100010B51CF027FBCCE710B519F021FF1CF03B
:1005200021FBC6E70948804709480047FEE7FEE788
:10053000FEE7FEE7FEE7FEE7FEE7FEE7FEE7FEE793
:1005400004480549054A064B70470000157D02081E
:10055000D9010208582D002058CD012058AD0120A6
:1005600058AD012000487047CC04002070B5A0FBB6
:1005700001400021D4F1FF3271EB00003CBF0020AC
:1005800070BD204600F03BFB05001CBF214600F07B
:10059000BEFC284670BD70B516460D46041F0028E7
:1005A00008BF70BD002E1CBF05F1080017F060FAEF
:1005B0002B465868002818BFA04238BF0346F8D31E
:1005C0001968CA18A24218BF5C6003D122681C4691
:1005D0001144196021680A19824218BF606004D171
:1005E00042686260006808442060002E1CBF05F16C
:1005F000080017F041FA70BD10B5044600F068FA23
:1006000001682046BDE810400122C4E753EA020C0D
:1006100000F069802DE9F04B4FF00006002B1FBF62
:10062000B3FA83F503FA05F424FA05F65E4012BF27
:100630001643B2FA82F502FA05F4C5F120051EBF91
:1006400022FA05FC44EA0C04203556EA044C4FEA31
:10065000144418BF641C4FF000084FF0000990428A
:1006600071EB030C39D3002919BFB1FA81F701FAF4
:1006700007F6B0FA80F700FA07F6C7F120071EBFA9
:1006800020FA07FC46EA0C062037B6FBF4FCA7EB81
:100690000507103F07F01F0BCBF120062CFA06F6DA
:1006A0000CFA0BFB44BFB3460026202FA4BF5E46C6
:1006B0004FF0000B5BEA060C08BF4FF0010B19EB83
:1006C0000B0948EB0608ABFB027C06FB02CC0BFBDC
:1006D00003CCC01B71EB0C01C1E70B46024641463F
:1006E0004846BDE8F08B13B5084318BF4FF0FF3004
:1006F0000146AFF30080BDE81C4070470FB41CB545
:100700000C0007AA009007D04142A14202D3204426
:10071000401E01E04FF0FF30074B7B4469460190DB
:10072000069800F0DAFA0021002C01D0009A11702E
:100730001CBC5DF814FB0000E305000070B50C461E
:100740000546012A05D02878800600D5EA690023ED
:1007500002E0012305E05B1C934202D2E05C00282A
:10076000F9D1A869E618C01AA861286A1844286255
:10077000284600F034FC04E0D5E9012114F8010B0F
:100780009047B442F8D3284600F03FFC70BD00000B
:100790002DE9F0410646002410687529314616A55A
:1007A00010D000F043FC002802DA404213A507E015
:1007B00031688A0701D512A502E0490704D511A5C1
:1007C000012401E000F03BFC00210A2206F124078D
:1007D00009E0B0FBF2FCB0FBF2F302FB1C0030308E
:1007E00078541846491C0028F3D123462A4630463F
:1007F000BDE8F04100F012BA000000002D0000003A
:100800002B00000020000000F0B40D46018809050F
:1008100002D5214C7C4402E01F4C7C440E34002164
:1008200000F1240608E002F00F071209E75D42EA32
:1008300003721B097754491C52EA0307F3D102786B
:100840000023120704D5702D06D009B102231134FC
:100850002246F0BC00F0E2B901231034F8E770B58D
:1008600004460D462146106800F0E9FB0246294681
:100870002046BDE870400023C6E7D21D22F00703E2
:10088000D3E90023C0E70368126843F02003036044
:100890000823C3610023B7E7D0D701002DE9F05F3B
:1008A000894604464FF0000ADFF874B1FB44C0F8F3
:1008B00020A02046E1688847002874D0252806D06B
:1008C000D4E901219047206A401C2062F1E700260C
:1008D0005F462046E16888472028054607DB312D22
:1008E00005D2781910F8200C08B10643F1E7B007DB
:1008F00001D526F00406C4F81CA00027C4F818A0EF
:100900002A2D09D0284618F0CDFC38B304EB87080F
:10091000303DC8F8185019E059F8041B204604EB84
:1009200087029161E1688847012F054618D1E06987
:10093000002820DA26F020061DE0D8F8180000EB89
:10094000800005EB40003038C8F818002046E16808
:100950008847054618F0A6FC0028EED1012F0AD0E2
:100960002E2D08D12046E16888477F1C0546022FBE
:1009700046F02006C4DBA069002803DA404246F0B6
:100980000106A061F00701D026F010066C2D0BD0F7
:10099000682D09D04C2D39D06A2D35D0742D35D025
:1009A0007A2D33D016E038E0E1682F46204688479C
:1009B000B842054609D16C2F26D04FF48060E1681B
:1009C000064320468847054604E06C2F1AD04FF4B2
:1009D000807006430DB3A5F14100192802D82035D7
:1009E00046F400664A462946204626604E46FFF7F2
:1009F00053FC80B101280BD0F61D26F0070000F152
:100A0000080956E74020E4E78020D8E70020D6E731
:100A100006F104094DE7284652E7206ABDE8F09F39
:100A200060D701000B460146184600F093B910B597
:100A3000431C02E010F8011B71B18107FAD14FF09D
:100A4000013202C88C1A8C4314EAC211F9D0C01AC0
:100A50000A0603D0C01E10BDC01A10BD0A0401D082
:100A6000801E10BD0902FCD0401E10BD02F0FF0325
:100A700043EA032242EA024200F04BBA4FF000027E
:100A800000B5134694469646203922BFA0E80C5084
:100A9000A0E80C50B1F12001BFF4F7AF090728BF5F
:100AA000A0E80C5048BF0CC05DF804EB890028BFDB
:100AB00040F8042B08BF704748BF20F8022B11F004
:100AC000804F18BF00F8012B704770477047704780
:100AD00010B5FFF747FD083010BD16F0BDBF7047D9
:100AE00070477047704738B504460A46002069468B
:100AF000AFF30080002808BF38BD024600992046A9
:100B000000F04BFA012038BD012000F0BABEF8B564
:100B1000AFF30080054600200C460C2000BF0646BF
:100B2000A819A0420DD9324669460020AFF30080D3
:100B3000070008BF00F0A5FE0098A04218BF0546B8
:100B4000C419FFF7C5FF05600746F01D20F0070038
:100B50004619284600F011FAB44208BFF8BDA21B9E
:100B600031463868BDE8F84000F017BA0844401E26
:100B7000491E884370470821001DF7E72DE9F04121
:100B800017460E460446FFF7F6FFA042054633D946
:100B9000002F1CBF06F1080016F06AFF304674688B
:100BA000F4B12168A94217D305F1080291423CBF74
:100BB0006168416007D3626861194A602268521B0C
:100BC0000A6041602560002F1CBF06F1080016F086
:100BD00053FF201DBDE8F08120466468002CE0D161
:100BE00029463046FFF77FFF0028D7D1002F1CBFD2
:100BF00006F1080016F040FF0020BDE8F08110B5B6
:100C00000446FFF765FF01682046BDE81040012259
:100C1000B4E70B460146184601F00CBD2DE9F0473C
:100C20000D4699469246044600F12408016888065C
:100C300004D5E06921F01001216000E00120A84204
:100C400001DD471B00E00027A1697A1902EB0900CA
:100C5000081AA0612078C00602D4204600F0BFF92F
:100C6000002608E0D4E901211AF806009047206A1E
:100C7000401C761C20624E45F4DB2078C0060AD565
:100C8000204600F0ACF906E0D4E90121302090477D
:100C9000206A401C2062381EA7F10107F4DC07E03F
:100CA000D4E9012118F805009047206A401C206211
:100CB000281EA5F10105F3DC204600F0A6F92078F6
:100CC000000602D50220BDE8F0870120FBE7000006
:100CD00001694A1C02610878704700B58FB0CDE900
:100CE00001310021059105497944CDE903101146F0
:100CF0006846FFF7D3FD0FB000BD0000E5FFFFFF22
:100D0000D1E900239A4202D2531C0B601070704745
:100D100010B5436913B1AFF3008001E0FFF70EFD9A
:100D2000012010BD127800F124010A7000224A70DF
:100D30000122EDE711684FF0FF32E9E710B500201E
:100D400000F098FDFFF70CFBBDE81040012000F01B
:100D500001B900002DE9F041074615460E46102066
:100D6000FFF74DFF040013D06760C4E9026509482E
:100D700016F07EFE00F0FCF8016821600649046070
:100D800000200860034816F077FE0020BDE8F081DF
:100D90000120FBE78C01002088010020032A40F29B
:100DA000308010F0030C00F0158011F8013BBCF10D
:100DB000020F624498BF11F801CB00F8013B38BF25
:100DC00011F8013BA2F1040298BF00F801CB38BF33
:100DD00000F8013B11F0030300F06780083AC0F00F
:100DE000088051F8043B083A51F804CBA0E80810F9
:100DF000F5E7121D5CBF51F8043B40F8043BAFF32C
:100E00000080D20724BF11F8013B11F801CB48BF85
:100E100011F8012B24BF00F8013B00F801CB48BFBB
:100E200000F8012B7047431A28BF9A427FF6B6AFED
:100E300010441144032A40F2268010F0030F1EBF15
:100E400011F8013D521E00F8013D10F0030F7FF430
:100E5000F6AF11F0030300F02E85083AC0F00B80C6
:100E600051F8043D083A51F804CD40F8043D40F8EB
:100E700004CDFFF7F3BF121D5CBF51F8043D40F8ED
:100E8000043DAFF30080D20724BF11F8013D11F8F3
:100E900001CD48BF11F8012C24BF00F8013D00F836
:100EA00001CD48BF00F8012C704710B5203AC0F0C2
:100EB0000B80B1E81850A0E81850B1E81850A0E82D
:100EC0001850203ABFF4F5AF5FEA027C24BFB1E8C6
:100ED0001850A0E8185044BF18C918C0BDE8104009
:100EE0005FEA827C24BF51F8043B40F8043B08BF12
:100EF0007047D20728BF31F8023B48BF11F8012BD9
:100F000028BF20F8023B48BF00F8012B70474FF084
:100F100000020429C0F0128010F0030C3FF4B0ADC1
:100F2000CCF1040CBCF1020F18BF00F8012BA8BFD4
:100F300020F8022BA1EB0C01FFF7A2BD5FEAC17CF8
:100F400024BF00F8012B00F8012B48BF00F8012B4B
:100F50007047000001491820ABBEFEE726000200E2
:100F600010B500F0F8FC001D10BD00BF15C2010057
:100F700010B5FFF7F7FA383010BD002140F8041B18
:100F800040F8041B16F076BD0C207047801A084408
:100F9000401E491E88431044704770B514460546EC
:100FA0008C464368002B18BF634538BF1846F8D3FA
:100FB00002681044604508D0664660460422082155
:100FC000FFF7E4FF811B8446641A2946CCF80040F1
:100FD000BDE8704000220CF10400FFF7DCBA70B5E8
:100FE000044685690068C10601D5302600E0202648
:100FF000C00707D070BDD4E9012130469047206A70
:10100000401C20626D1EF6D570BD70B50446856922
:101010000078C00707D170BDD4E901212020904796
:10102000206A401C20626D1EF6D570BD09684A0515
:1010300001D540B27047C905FCD500B270470968B8
:101040004A0501D5C0B27047C905FCD580B27047CA
:1010500011680268006A530501D508700AE0D305DB
:1010600001D5088006E0130603D5C217C1E90002C6
:1010700000E00860012070472DE9FF4F0C461E4636
:101080004FF0FF378BB0D2E90001DDF860800A90A5
:101090008A46C1F30A5505B93D46002108464FF07E
:1010A0000000BAF1000F00F4400005DA00EB800008
:1010B0004FF4400101EA50004FEA9059B9F1010F95
:1010C00000DDB9460A9850EA4A000ED044F61050A6
:1010D000A5F2FF3545432F14B8F1000F1ED075421D
:1010E000291E1EDDC9F100021CE0B8F1010F4FF00E
:1010F000000001D0302103E0F24305E02154401C00
:10110000B042FBDB30460022002121540B99C1F88C
:101110000880C1E900200FB0BDE8F08FBD1B6D1C39
:10112000DEE74A4600DA694206A800F033FE06AB65
:1011300093E8070003AB83E8070050460A9917F0CD
:10114000C1F88DE80700A0F500501F380090039803
:10115000002D0ADD42F21F014A460844002303A97C
:101160000390684617F02AFB09E0A0F500504A46B4
:101170001F38002303A90390684617F034FB8DE85D
:1011800007000004000C03D04FF0FF30410800E0DE
:101190001046B8F1000F03D00022009215461EE061
:1011A000751E05D400F0DCFB303262556D1EF9D59A
:1011B000B3460122084302D000227F1C04E02078BD
:1011C000302801D100227F1E002A099784D01DE01B
:1011D000112D07DA00F0C4FB303262556D1C50EA65
:1011E0000102F5D1084302D00098C8B10EE00021F9
:1011F000681E05E0235C625C63542254401E491C57
:101200008142F7DBAB46A81B401E0990002004F882
:101210000B000B98099AC0F80880C0E9002B7AE708
:1012200011264FF0000857E72DE9F04F8846044695
:10123000D21D22F0070191B0D1E90001CDE90A01E8
:1012400017F013FC02460B98C00F01D02D2007E0C9
:101250002068810701D52B2002E0202101EAC0008F
:10126000032A099001D0072A05DB034641462046A0
:1012700000F03AFD0BE12078800601D5E06900E03E
:101280000620B8F1650F814606D0B8F1660F18D078
:10129000B8F1670F70D131E00020B9F1110F009063
:1012A00001DB112301E009F101030AAA01A90CA83D
:1012B000FFF7E2FEDDE90C70002609F10105834627
:1012C00047E001204B4600904FF000470AAA01A9D1
:1012D0000CA8FFF7D1FEDDE90DB00C995D460026A4
:1012E00010B909F101000D18B9EB050003D4C0F1E4
:1012F000FF3609F10105A5EB09002BE0B9F1010F5B
:1013000001DA4FF001090020B9F1110F00904846B1
:1013100001DD112300E003460AAA01A90CA8FFF78A
:10132000ABFEDDE90C704D460026834620780007B1
:101330000AD4AB4500DA5D4601A8012D04DD411950
:1013400011F8011C302907D04F4502DA17F1040FBC
:1013500004DA012082460FE06D1EEEE7002F02DC6A
:10136000ED1B3E4403E0781CA84200DD7D1CB81B49
:1013700000F1010A4FF000472078000703D4AA4586
:1013800001DB4FF0FF3A0021B7F1004F0DF14308A8
:101390008DF8431024D002202B23002F01DA7F4246
:1013A0002D230A21021EA0F1010000DC5FB197FB92
:1013B000F1FC97FBF1F201FB1C7C17460CF1300CA1
:1013C00008F801CDEEE7A8F10100037021880905B6
:1013D00001D5452100E06521A0F1010800F8011CBC
:1013E00009980FA9A1EB0807FF1D00B101204119C1
:1013F00001EBEA70A1693844081A401EA061207808
:10140000C00602D42046FFF7EAFD099828B1D4E9C6
:1014100001219047206A401C20622078C00622D516
:101420002046FFF7DCFD1EE0002E04DBB34502DDA5
:1014300001A8805D00E03020D4E901219047206AB6
:10144000401C2062761CAAF101005FEA000A0AD162
:1014500000F081FAC0680168405CD4E9012190473E
:10146000206A401C2062281EA5F10105DCDC07E093
:10147000D4E9012118F8010B9047206A401C206232
:10148000381EA7F10107F3DC2046FFF7BEFD03205D
:1014900011B041E62DE9FF5F15468A460446DFF8A4
:1014A000AC80F8440027D8E900103E46CDE9001092
:1014B00010E03AF816106A4602A800F0DDFD411C63
:1014C00007D02178890603D5E269391891420DD8F1
:1014D0000744761C2078800602D5E069B84205DD15
:1014E000AE42E6DB3AF816000028E2D1A069C01B44
:1014F000A0612046FFF773FDD8E90010CDE9001088
:10150000002017E03AF818106A4602A800F0B4FD6F
:10151000B0F1FF3F81460BD000250DF1080B05E02F
:10152000D4E901211BF8050090476D1C4D45F7D308
:1015300008F10100B0428046E4DB206A38442062B2
:101540002046FFF762FDBDE8FF9F00007ECB010053
:101550002DE9F0418046D21D22F007020025D2E994
:101560000002F52915A614D0011E72F1000106DA59
:101570000023D0EB030063EB020211A608E0D8F8C9
:1015800000108B0701D50FA602E0490701D50EA672
:1015900001251146002408F1240704E000F0E0F9D9
:1015A00030323A55641C50EA0102F7D12B463246DC
:1015B00021464046BDE8F041FFF730BB0000000087
:1015C0002D0000002B0000002000000030B400219E
:1015D00000F1240408E002F00705D208303542EAA1
:1015E0004372DB086554491C52EA0305F3D10468D1
:1015F000002310A2250708D504F020040C4304D0D2
:10160000C46901230CA2641EC46130BCFFF706BB91
:1016100010B5044621461068FFF711FD024620462A
:10162000BDE810400023D1E7D21D22F00701D1E927
:101630000023CBE7000000003000000010B5654833
:101640005421FFF71BFA64485421FFF717FA634847
:101650005421FFF713FA62485E49624A624B016007
:101660005D4810605D4A1A60431C0B65511C0165A2
:101670000120106557484C3016F0FCF956484C30A4
:1016800016F0F8F955484C3016F0F4F9574816F0B2
:10169000F1F958484F4A56A1784400F0A1FC20B90E
:1016A000544878440A3800F031FD54484A4A52A15F
:1016B000784400F095FC20B9504878440A3800F08E
:1016C00025FD4F48454A4CA1784400F089FC20B9DB
:1016D0004B4878440A3800F019FD40233D48DC00AF
:1016E0000021224600F0EEFB20B1424878445438F5
:1016F00000F00CFD384822464023002100F0E2FBB8
:1017000020B13E487844543800F000FD334822466A
:101710001023002100F0D6FB002806D0384878447A
:10172000BDE81040563800F0F1BC10BD2B482DE943
:10173000F041006D2D4E20F00104304616F098F96E
:10174000244D4C35284616F093F9224800F094FBBE
:10175000284616F091F92846AFF300801E4D4C350F
:10176000284616F085F91C4800F086FB284616F03E
:1017700083F92846AFF30080184D4C35284616F003
:1017800077F9164800F078FB284616F075F92846D8
:10179000AFF3008014E0206D20F0010504F14C004F
:1017A000074616F065F9204600F066FB384616F04D
:1017B00063F93846AFF300802046FEF71DFF2C4644
:1017C000002CE8D1304616F057F90848AFF30080F6
:1017D000BDE8F0812C05002080050020D405002004
:1017E0007C01002080010020840100209001002065
:1017F0007200000090C90100770000007CC9010060
:1018000068C901002DE9F8430646154816F030F97D
:10181000FFF7AEFB134F8146E8464D4616E026B172
:10182000E068B04201D0254610E0206828600C48EE
:10183000C7F8008016F020F9D4E90101884708486C
:1018400016F016F93968414500D04D462C68002C39
:10185000E5D100203860024816F00EF9BDE8F883A3
:101860008C01002088010020014816F003B9000017
:101870008C01002010B500F031FCBDE8104000F0F4
:1018800028BC10B500F04AFCBDE8104000F021BCB7
:10189000431A28BF9A427FF608AB1044114410F057
:1018A000030F1EBF11F8013D521E00F8013D10F05C
:1018B000030F7FF4F6AF103AC0F00A8010B531E99B
:1018C000185020E91850103ABFF4F9AFBDE81040A5
:1018D000530724BF31E9081020E9081044BF51F82C
:1018E000043D40F8043D12F0030F08BF7047D207D3
:1018F00028BF31F8023D48BF11F8012C28BF20F85D
:10190000023D48BF00F8012C704770477546FEF74E
:1019100029FEAE4605006946534620F0070085467D
:1019200018B020B5FEF70CFEBDE820404FF00006D1
:101930004FF000074FF000084FF0000BAC46ACE84A
:10194000C009ACE8C009ACE8C009ACE8C00921F0A6
:1019500007018D46704710B5FEF704FE203010BD1C
:1019600030B5B0F10A0271F100034FEA900E4EEA71
:10197000817EB0EB0E0061EB91014FEA101E4EEA42
:10198000017E10EB0E0041EB11114FEA102E4EEAD2
:10199000016E10EB0E0041EB11214FEA104E4EEAA2
:1019A000014E10EB0E0041EB1141401841F10001D6
:1019B0004FEAD00040EA41704FEAD1014FEA81047A
:1019C00044EA907410EB800544EB01046D1944EB7C
:1019D0000404521BA3414FF0000348BF0A3200D554
:1019E00030BD401C41F1000130BD00002DE9F04F39
:1019F00004460D46D21D22F0070089B0D0E90097B9
:101A00004846394617F031F80246F80F01D02D2329
:101A100007E02068810701D52B2302E0202101EA9D
:101A2000C0038DF820300BB1012000E00020032A14
:101A3000824601D0072A04DB2946204600F054F9EB
:101A40003FE12078800601D40D2500E0E569C7F369
:101A50000A560D2D49DA00214FEA175B08464FF070
:101A60000000002F00F4400007DA00EB80004FF484
:101A7000400100EBD07001EA60008115012901DD11
:101A80004FF0FF3100224FEA850CBCF1180F06D34E
:101A90001346ACF118004FF08052C24003E04FF4FF
:101AA000801323FA0CF30CF10C0CBCF1200F04D3BF
:101AB000ACF1200C09FA0CF001E007FA0CF0002957
:101AC0004FF0004801DD18B90FE00ED140450CD3AE
:101AD00019EB02095F4121B9404502D19F4329EA30
:101AE0000209BBEB175F00D0761C2088000502D5E9
:101AF0007B48784402E07A487844193808AA3023B1
:101B000002F80A30037C0AF10101002E0AF1020AF0
:101B100053546A4602DC4FF0300101E04FF03101CE
:101B20004FF001088DF8001002D0A6F2FF3603E056
:101B300059EA470100D06B4E002D02DC21780907DD
:101B400004D54FF002082E218DF80110C446002163
:101B50000BE0C7F303433F01C35C491C6D1E02F851
:101B60000830052908F1010801DA002DF1DC002117
:101B70000CE000EB1973491C1B786D1E082902F854
:101B800008304FEA091908F1010801DA002DF0DCEC
:101B900021688B0602D516E0A8F10108E04505DDB5
:101BA00002EB080313F8013C302BF5D0B8F1000F1D
:101BB00009DD02EB080313F8013C2E2B03D10907C2
:101BC00001D4A8F10108002D05DD3E2102F808101E
:101BD0006D1E08F10108407C002E02F8080008F193
:101BE000010804DA2D20764202F8080002E02B20DA
:101BF00002F808000A214FF47A70864208F10108C1
:101C00000BDB96FBF0F3303302F8083096FBF0F371
:101C100008F1010800FB136601E0642E0CDB642070
:101C200096FBF0F3303302F8083096FBF0F308F13E
:101C3000010800FB136601E00A2E06DB96FBF1F0BB
:101C4000303002F8080008F1010896FBF1F001FBC2
:101C50001060303002F80800A16908F1010808EBB3
:101C6000050202EB0A00081AA0612078C00602D41F
:101C70002046FFF7B4F9216A08AE01EB0A002062A2
:101C800004E0D4E9012116F8010B9047BAF1010AEA
:101C9000F7D22078C00602D52046FFF7A0F96E469D
:101CA00009E016F8010B3E280FD0D4E90121904736
:101CB000206A401C2062B8F10108F2D22046FFF7EA
:101CC000A4F909B00320BDE8F08F206A28442062FF
:101CD00003E0D4E90121302090476D1EEBD3F8E7F3
:101CE00055C5010002FCFFFF2DE9F0411F460446E7
:101CF00003260168072A01F4006004DB08B116A579
:101D000005E016A503E008B115A500E015A521F032
:101D100010002060A069C01EA0610FB1401EA0612C
:101D20002046FFF75CF94FB1D4E9012138469047CE
:101D3000206A401C2062C01C206206E0206AFAE78C
:101D4000D4E9012115F8010B9047761EF8D2204600
:101D5000FFF75BF9BDE8F0814E414E006E616E0009
:101D6000494E4600696E660010B5436913B1AFF382
:101D7000008001E0FFF78EFB012010BD128800F10A
:101D8000240182840022C2840122EDE711684FF011
:101D9000FF32E9E72DE9F047814616468AB035481B
:101DA00078440DC88DE80D0032487844801C03AC9F
:101DB0000DC884E80D0041F69B300844372190FBA4
:101DC000F1F290FBF1F5A5F1800501FB12041B3C3B
:101DD00002D56442012000E00020DFF898A0804690
:101DE0000027FA44AAF1BE0A0EE0E0070AD0324604
:101DF000684607EB470101230AEB810116F0F3FC6B
:101E00008DE8070064107F1C002CEED1194F7F4431
:101E1000AE3F19E0E80715D007EB04100DF1180AE2
:101E200090E80E008AE80E00C068F04201D19819CF
:101E300008903246012306A903A816F0D4FC03AB90
:101E400083E807006D10641C002DE3D14FF00103FF
:101E500032466946B8F1000F03A802D016F0AEFC76
:101E600001E016F0C0FCC9E90001C9F808200AB079
:101E7000BDE8F08738C301002DE9F04704464FF074
:101E8000FF380026C568D4E90497A80718D0204673
:101E900000F01AFB3846002000BF002800DA464652
:101EA000280502D54846FEF7A7FB4C212046FEF741
:101EB000E5FD206D20F0010020653046BDE8F0878B
:101EC0004046FBE72DE9F04704461E4690460D4686
:101ED000C7684C30814615F0CBFDB80714D07802A6
:101EE00012D44046B8F5807F09D0B0F5007F06D007
:101EF000B8F5806F08D1012604F1240506E0701EB4
:101F00006FF07F41884201D3012409E02561E66139
:101F10006560E06820F4706040EA0800E06000243A
:101F2000484615F0A9FD2046BDE8F0872DE9F047A9
:101F300016468846070010D006F14C00814615F081
:101F400097FD3046FFF798FF18F8010B61280DD078
:101F5000722805D0772841D105E00020BDE8F08740
:101F60000125002405E00225042402E0082448F2AB
:101F7000020518F8010B2B2806D0622809D018F8A2
:101F8000010C74280AD00BE045F0030544F002046C
:101F9000EFE745F0040544F00104EAE744F01004DB
:101FA00038462146012000BF411C17D00021316175
:101FB00071604FF40071F560F1617061200704D524
:101FC00030460222002100F0C3F9306D40F00100DC
:101FD0003065484615F050FD3046BFE70026F8E76B
:101FE0002DE9F04115460E460746214C204615F0D6
:101FF0003FFD2A4631463846FFF798FF0546204602
:1020000015F03AFD2846BDE8F0812DE9F0410E4675
:102010008046174D284615F02BFD164C206DC10744
:1020200004D0410804D020F00104F7E7224612E072
:102030005420FEF7E4FD070017D0206D47F00101A2
:102040000843542120653846FEF718FD07F14C007F
:1020500015F010FD3A4631464046FFF767FF04464B
:10206000284615F009FD2046CDE70024F8E70000DA
:10207000900100202C0500202DE9F04116460C4669
:102080000546FEF76DFF036893F80101012807D0AC
:10209000FF2C12D8185D80B101202C70BDE8F081B2
:1020A000D3F807013246214603F20713C718284622
:1020B000BC46BDE8F041002360474FF0FF30EDE73C
:1020C00010B50446AFF300802046BDE81040FEF78F
:1020D00057B9002801D0FEF73DBF704710B5002169
:1020E00002A000F035FA012010BD0000534947411D
:1020F0004252543A2041626E6F726D616C20746579
:10210000726D696E6174696F6E00000010B500F049
:1021100039FABDE81040FFF7DCBF000010B5012818
:1021200005D0002103A000F013FA012010BD09A181
:10213000F8E7000053494752544D454D3A204F753A
:1021400074206F662068656170206D656D6F7279AF
:10215000000000003A2048656170206D656D6F7267
:102160007920636F72727570746564002DE9F05F99
:10217000054617460C46C86820F4201040F480003D
:10218000C860800602D5084600F0C1F9E06841F257
:1021900082014FF0FF3A0140022903D0204600F0AF
:1021A00053F9B9E000F42041B1F5004F0FD1C0035D
:1021B00006D56168E06A884200D80846606006E09B
:1021C0002069E062606060694FF0FF30A061A06844
:1021D0000022EEB200280DDAE1688B050AD4C04374
:1021E000A06041F490302260E0606068411C616052
:1021F0000670AAE0E0689146226040F40050E0607A
:10220000206978BB6069002000BF04F124054FF00D
:102210000108A8B1A08910F4407F08D0E069FEF75A
:10222000EEFC206118B1E06840F4006017E0C4F8EB
:102230001C802561E06820F4407040F480600EE06E
:10224000E069FEF7DCFC00282061F0D0E06840F493
:10225000006010F4407FE06002D140F48070E060E4
:1022600020696060E06825696FF0010BC1051ED52B
:102270006168E06A884200D80846411B04D02246C3
:10228000284600F0EBF8E8BB1FB1E562C4E901594C
:1022900059E0681CE0626060E069401EA060E06890
:1022A00040F48030E06030462E70BDE8F09F17B1FA
:1022B00000F480320AE06068411C61600670E068EA
:1022C0000A2E40F48030E06006D00022E16A6068A7
:1022D000814203D90B4602E00122F7E70346B4F836
:1022E0000CC05B1B5FEA4C5C04D4D4F81CC09C455A
:1022F00000DD02B3814200D80146002BA1EB0008AB
:10230000E56200E008E0C4E9015907DD224619460C
:10231000284600F0A3F808B15046C6E7B8F1000F10
:1023200009D0A169E5626560A1EB0800A061E068E1
:1023300040F01000E06047B16168A069E562491BA8
:1023400008446560A0615846AFE73046ADE700003D
:102350002DE9F041044616460D464769007B80078B
:102360002ED03846002000BF50BB3EB3012E02D015
:10237000022E25D104E0204600F07CF905441DE042
:1023800038464FF0FF30E168002841F01001E1606D
:1023900005DA204600F058F80120BDE8F081C903B5
:1023A0000BD56268E16A914200D81146A2691144D6
:1023B0002269891A814200DD08460544002D01DAB0
:1023C0000220EAE7E16A6068E268814206D291038E
:1023D000E06203D522F4003141F01002A669002723
:1023E000AE4213DCE16A814201D90B4600E00346AC
:1023F00003EB060C2369ACEB030CAC4506DD814214
:1024000001D98C4600E084469C4505D1A760276031
:1024100042F02000A5620DE0AD1BE669AE1B8142D3
:10242000A66000D90846C01A281A206058196060B2
:1024300022F0200003490840E060002084F8487042
:10244000ABE70000BFCFD7FFC16821F4001141F016
:102450008001C16000218160016070472DE9F74F64
:1024600015460C464FF0FF3B3848D768D2F814A009
:10247000074209D05046A9694FF0FF30002819DB08
:102480003248C0430740EF604FF000496FF000480A
:102490004C4501D3464600E0264600993B4650464F
:1024A0003246002000BFA96920F00042B21A114450
:1024B000A96128B12846FFF7C7FF5846BDE8FE8F3F
:1024C000A41BE5D10020F9E770B504460569C06A90
:1024D0006168884200D80846E16821F42011E16073
:1024E000C90312D5A84208D02246411B2846FFF74F
:1024F000B5FF10B14FF0FF3070BD0020E562C4E9B8
:102500000150E06820F48030E060002070BD10B51C
:102510000446C06820F02000E060A16AA0698842FB
:102520000DD02046FFF7D0FFE06820F4405040F087
:102530001000E060A06AA0612069E062606044F27F
:102540004001E0688843E06010BD00001000020018
:1025500070B505460C460A2000E06D1CAFF3008004
:1025600035B128780028F8D102E0641CAFF3008070
:1025700014B120780028F8D1BDE870400A2015F089
:102580007DBA000010B5014602A0FFF7E1FF01206F
:1025900010BD000053494752545245443A205265F9
:1025A0006469726563743A2063616E2774206F708A
:1025B000656E3A200000000030B44FF0013C50F846
:1025C000042B51F8043BCCFA52F4D51A20D1FCB9B3
:1025D00050F8042B51F8043BCCFA52F4D51A17D119
:1025E000B4B950F8042B51F8043BCCFA52F4D51A84
:1025F0000ED16CB950F8042B51F8043BCCFA52F4CC
:10260000D51A05D1002CDAD030BC4FF0000070474D
:1026100029BAB1FA81F111F01801D1F120008440FA
:10262000F2D1CA40CB4012F0FF0213F0FF0330BCDE
:10263000D01A70472DE9F04114460D46074601F1C6
:102640004C06304615F014FA094B7B4422462946C5
:102650003846FEF742FB0446287B000601D54FF0C2
:10266000FF34304615F008FA2046BDE8F08100003E
:10267000656C010010B50146C268900703D0900652
:1026800007D5886A0AE0FEF728FA01210160881E52
:1026900010BD8B69486818440B69C01A91F848301E
:1026A0001BB191F84910401A10BD1103FCD5002848
:1026B000FADD401E10BD10B5FEF70FFA006810BD20
:1026C00010B50446FEF709FA046010BD08487CB551
:1026D0007844009007487844009C0546019004E047
:1026E0002046016808448047241DAC42F8D17CBDD7
:1026F00048C4010046C4010080B542F2FC60C2F249
:10270000000000F0BEFC42F29470C2F20000BDE88E
:10271000804000F0B6BC000070B5044600688268D6
:10272000836802F0040203F00803D21852D0C26892
:10273000920114D5627F012A11D1227F012A0ED184
:102740000168490607D40121CAF24031013943D05A
:1027500002685206FAD540210160012104E00229F5
:1027600002D10221082611E0826852070AD5826848
:10277000920707D482684FF6C073C7F6FF731A40FA
:102780001032826001294FF0040610D082681207CF
:102790000AD58268920707D482684FF6C073C7F6DD
:1027A000FF731A4020328260032908BF0C2602F012
:1027B00047FB2168896831420CD0054602F040FB96
:1027C000411B2068062902D38168314204D1806808
:1027D0003042F3D1002070BDE06D40F01000E065A4
:1027E000206E40F001002066012070BD0146806A25
:1027F000C36DC26D13F0500F06D0D2060FD4406DDA
:1028000000F13402084620E042F40071C16501681D
:102810000B68CA681B0705D4910709D513E000F1BE
:10282000780212E012F4406F0DD1C96889040AD40D
:10283000C16D21F48071C165C16DC90403D4C16D3E
:1028400041F00101C16500F16C0211680847806A1E
:10285000C16D826F41F04001C165016E41F004011C
:1028600001661047806A016F08470000B0B5016833
:1028700004468A688868C0074FF0000031D012F023
:10288000020218BFB0BD886800F00D0001281FD1FA
:1028900088684FF6C072C7F6FF7210400230886039
:1028A0000320086002F0CCFA21688968C9070DD0BE
:1028B000054600BF02F0C4FA411B2068032902D379
:1028C0008168C90704D18068C007F3D10020B0BD7A
:1028D000E06D40F01000E065206E40F001002066E1
:1028E0000120B0BD70B5044600688168C90733D1C6
:1028F0004FF6C076C7F6FF76816806F17F02114277
:1029000009D0E06D40F01000E065206E40F001005D
:102910002066012070BD8168314041F00101816075
:1029200002F08EFA21680A68D20715D1054600BF69
:102930008868C00704D18868304040F00100886092
:1029400002F07EFA401B2168032802D30868C00702
:10295000D7D00868C007EBD0002070BD42F67800E1
:10296000C2F2000001F056B942F6D800C2F20000EF
:1029700001F050B970B5D0E913C4D0F854E0CCF8E8
:102980000440BEF1000F1CBFD0E916C4CCF80440CF
:10299000D0E9106E0468D0F808C00EF01F000125C1
:1029A00005FA00F0706008466360BCF1100F04BFC8
:1029B00010460A46A060E26070BD00004FF400407F
:1029C00002F04CB9802002F049B9704742F6381045
:1029D000C2F2000001F07ABC42F63810C2F20000E8
:1029E00001F074BC40F25030C2F20000027F02F0ED
:1029F000FD01012942F20001C4F202010FD10B686E
:102A000023F400730B600B6843F400630B600B68E6
:102A100023F400630B600B6843F400730B6002F057
:102A2000FE02022A0BD10A6842F480520A600A6848
:102A300022F480520A600A6842F480620A6000212F
:102A40000177704742F21401C4F20201CA685202CF
:102A500002D448F2040009E0C20703D00A6842F039
:102A600004020A60800704D54FF400400A6810434E
:102A70000860086840F480300860704742F2140231
:102A8000C4F20202D3685B0203D4116821F400612E
:102A900006E0C90713680CBF43F4006123F400612A
:102AA00011601168C0B221F47E7141EAC00010606B
:102AB000106840F002001060106840F48030106030
:102AC0007047000070B542F210060446C4F20206D8
:102AD00002F0B6F9054600BF3068C00306D502F023
:102AE000AFF9401BA042F7D9032070BD30684CF20B
:102AF000FA31014008D040F25030C2F20000426882
:102B00000A434260012006E03068C0074FF0000031
:102B100008BF70BD0121316070BD0000B0B5044632
:102B200002F08EF9216805460A6942F48030086196
:102B300020680069C0030BD502F082F9401BB0F594
:102B4000FA7FF5D9606B40F0800060630120B0BD72
:102B500000206063B0BD0000B0B582B00446002024
:102B6000019094F85800012801D102203BE0012097
:102B700084F8580020460D46FFF778FEE16D10B14D
:102B800041F010012BE041F2021291430231E16564
:102B900021684FF6C0738A68C3F6FF731A4005F0C8
:102BA00080431A4402F100428A604DF60262C0F28C
:102BB000040200BF8B68B3F1FF3F0CDC019B0133C3
:102BC0000193019B9342F5D3E06D40F0100020F09B
:102BD0000201012003E0E16D012262F30101E165E0
:102BE000002184F8581002B0B0BD7047704770479C
:102BF0007047704770B582B090F85820012A01D113
:102C0000022182E0002201920092026840F2080C48
:102C1000C5F2000CB2F1A04F0CF1F80508D040F25B
:102C20000043C5F200039A4231D10CF59F6300E0E6
:102C30002B469B68946823435B0728D44FF4E063DA
:102C4000D1F800E0AA4208BF4FF44073B2F1A04FA0
:102C500008BF4FF440735CF80340BEF1000F24F44A
:102C600060441AD04D6890F8386042F4807245EAAA
:102C700046352C4340F20015C5F20005AA424CF837
:102C8000034019D1DCF80020DCF800411BE0C16DE5
:102C900041F02001C165012134E042F4807140F22D
:102CA0000012C5F2000291424CF8034018D1DCF842
:102CB0000010DCF800211AE0DCF80044DCF80055D4
:102CC000DCF800262C432243D2071AD15CF80320FB
:102CD00040F61F748968A243114341EA0E010EE0D9
:102CE000DCF80024DCF80065DCF800163243114300
:102CF000C90706D15CF8031040F61F7291434CF8E7
:102D000003100021002280F85820084602B070BD50
:102D1000F0B581B00022009290F85820012A01D12C
:102D20000221A8E10123076880F85830BB685B07DF
:102D300035D4D1E900631F22C3F3012507EB8505D4
:102D40002C6B03F01F039A40C6F3846624EA020248
:102D500006FA03F31A432A63BA68BB6802F0040256
:102D600003F00803D21840F0BB800A68042607F17C
:102D7000140306EAD25CC2F340668D6853F82660FD
:102D8000C2F304540722A240B5F1004F26EA02061E
:102D90000BD143F80C601A6842F000430DE0C16D9E
:102DA00041F02001C165012162E105FA04F23243DC
:102DB00043F80C201A6822F000437B61D1E9043605
:102DC000FD68042B5FD13A6E3A6E0B68C2F38462E1
:102DD00093FAA3F6C3F3846C6FF3DF43B6FA86F578
:102DE000002B2C464FF6FF7E08BF6446A242C0F27D
:102DF000070E0CD13A6E22F000423A660A6802EAE7
:102E00000E03C2F3846C92FAA2F2B2FA82F57A6EE1
:102E10007A6E002BC2F384622C4608BF6446A2423D
:102E20000CD17A6E22F000427A660A6802EA0E033A
:102E3000C2F3846C92FAA2F2B2FA82F5BA6EBA6E5A
:102E4000002BC2F384622C4608BF6446A2420CD118
:102E5000BA6E22F00042BA660A6802EA0E03C2F3B2
:102E6000846C92FAA2F2B2FA82F5FA6EFA6E002B34
:102E7000C2F3846208BF6546AA4231D1FA6E22F0DD
:102E80000042FA662CE0062202EA950206FA02FCEB
:102E90000E6807F1600555F823404FF20002C0F2BA
:102EA000FF3206F0F846224046EA0C06324342F072
:102EB000004245F823200A698B6955F8226026F004
:102EC0008076334345F822300A690B7F55F822603B
:102ED000012B26F0007608BF06F1007645F8226047
:102EE000BA68D2074BD10E68CA6800253346C4F2CF
:102EF0007F05AA426FF3DF4318D1D7F8B02042EA2A
:102F00000302C7F8B020BBB196FAA6F2B2FA82F279
:102F1000013202F01E03092B02F01F0315D8012213
:102F20009A4003EB430342EA03531AE0D7F8B02078
:102F30009A43C7F8B02022E0012202EB966202F029
:102F40001E030A2B02F01F03E9D3012200269A4038
:102F500003EB4303CFF6206606EB03531A4342F01C
:102F60000073C3F3406607EB86068A687569C3F38E
:102F7000045307249C40A5439A402A4372610D687C
:102F80000021C8F208010D4271D040F2001EC5F2C6
:102F9000000E0EF500731C46774518BF0EF5C06491
:102FA0002146B7F1A04F08BF19468E680022CCF227
:102FB0002132954206F0E07C04D01022C9F2C00212
:102FC00095422BD1320252D440F20062C5F2000287
:102FD000974202D0B7F1A04F49D18A6822F0E0723F
:102FE00042EA0C0242F400028A6040F29811C2F2F6
:102FF0000001096842F663528909C0F23E52A1FB02
:103000000212910901EB41010C2202EB810100BF88
:103010000091009959B300990139F9E70022CCF2E7
:103020005272954208BF16F0807218D00021CCF67B
:1030300084318D424FF0000108BF16F4800217D191
:10304000B7F1A04F02D0774511D02346996821F0FF
:10305000E07141EA0C0141F48001996007E08A685F
:1030600022F0E07242EA0C0242F080728A60002193
:10307000002280F85820084601B0F0BD7047704724
:1030800070472DE9F04F81B00446016840F20830E6
:10309000C5F2000000F58068A0F5027940460E6890
:1030A0004D68494504BF40F20830C5F20000B1F157
:1030B000A04F04BF40F20830C5F200000068B2071C
:1030C00000F01F0A10D515F002000DD0E06DC0060B
:1030D00003D4E06D40F40060E065D4F88C10204625
:1030E000884721680220086040F2001B7007C5F283
:1030F000000B02D515F0040004D1300755D515F0AA
:10310000080052D0204650F85C2FD20603D4026843
:1031100042F400720260CA6812F4406F3FD1594510
:103120000CD040F20052C5F2000291420A4617D17B
:1031300040F20832C5F20002F83201E04FF0A0423E
:103140008A420A460CD0BAF1090F00F2218101220D
:1031500002FA0AF240F221231A420A4600F01881CC
:10316000D26892041BD40A68120718D58A685207DD
:103170000BD44A6822F00C024A60016821F4807185
:1031800001600168C90406D509E0E06D40F0100057
:10319000E06504F16000016841F001010160E16E49
:1031A0002046884721680C200860B00602D515F03B
:1031B000200004D1700638D515F0400035D02046E7
:1031C00050F85C2FD20603D4026842F40052026029
:1031D000CB6CCA68594503F4C0730CD040F2005759
:1031E000C5F20007B9420F4616D140F20837C5F2C2
:1031F0000007F83701E04FF0A0478F420F460BD091
:10320000BAF1070F00F2A980012707FA0AF717F0B1
:10321000C10F0F4600F0A180FF68002B78D0E16F4E
:103220002046884721686020086030060CD515F0DC
:10323000800009D0E06D616F40F48030E065204689
:103240008847216880200860F0050ED515F480704D
:103250000BD0E06DD4F8841040F40030E0652046D7
:10326000884721684FF480700860B0050ED515F4CA
:1032700000700BD0E06DD4F8881040F48020E06539
:103280002046884721684FF400700860F00625D575
:1032900015F0100022D0E06B90B1BAF1000F58D0B9
:1032A00040F208304945C5F2000008BF8046B1F140
:1032B000A04F08BF8046D8F8000010F4604F0BD034
:1032C000E06DA16F40F48060E065206E40F0020088
:1032D000206620468847216810200860700514D5B4
:1032E00015F4806011D0E06DD4F8802040F4804067
:1032F000E065206E4FF4806340F0080020662046B1
:103300000B6001B0BDE8F04F104701B0BDE8F08F91
:10331000BB0106D502F4406207F40053D2187FF4D3
:103320007EAF0A6852067FF57AAF17F400127FF479
:1033300076AF8A68120720D44A6822F060024A6099
:10334000016821F4805101600168C9053FF567AF4C
:1033500019E0C868C007B3D1BEE7594528D040F28C
:103360000057C5F20007B9420F467FF455AF40F24F
:103370000837C5F20007F8374EE7E06D40F010005F
:10338000E06504F16000016841F00101016046E779
:10339000594510D040F20052C5F2000291420A464F
:1033A0007FF4DEAE40F20832C5F20002F832D7E612
:1033B0004FF0A04730E74FF0A042D1E670B582B0A1
:1033C00004460020002C01907DD0E06D00283ED105
:1033D00043F27F0143F27D00C0F60201C0F6020015
:1033E0002167D4F8901043F2516243F2810342F610
:1033F000ED3C42F6EF3E42F6F13542F6F336E0663A
:1034000042F6EB30C0F60202C0F60203C0F6020C30
:10341000C0F6020EC0F60205C0F60206C0F60200B3
:103420006267A367C4F87CC0C4F880E0C4E9215691
:10343000C4F88C0029B943F25361C0F60201C4F804
:103440009010204688470020206684F858002168A4
:103450008868800006D588684FF6C072C5F6FF728E
:10346000104088608868C00020D44FF6C072886819
:10347000C5F6FF7202F18052104000F18050886062
:1034800040F29810C2F20000006842F663528009D0
:10349000C0F23E52A0FB02029009022202EB400061
:1034A0000190019810B101980138F9E78868C000CF
:1034B0000BD4E06D40F01000E065206E40F001009C
:1034C0002066012002E00120C0E000208A68E36D50
:1034D00002F0040203F01003D218E26D17D122F4B7
:1034E00081720232E2658A68D20733D140F200135A
:1034F00041F48072C5F2000340F2080C9A42C5F212
:10350000000C08D1DCF80030DCF800210AE042F0C1
:103510001001012099E0DCF80024DCF80065DCF8FB
:10352000003632431A43D20714D10CF1F8024FF49B
:10353000E0666368914208BF4FF44076B1F1A04F56
:1035400008BF4FF440765CF8062022F47C121A4340
:103550004CF80620627FE36B43EA4232D4E902630F
:103560001A4394F824303243012B42EA034206D135
:10357000A36A0026CFF6FE7606EB43431A43E36ABE
:1035800023B1266B03F4787333431A43CB6844F2B8
:103590000706CFF6F07633401A43CA600A69636BB8
:1035A00022F040621A430A618A688B6802F00402C2
:1035B00003F00803D2183AD194F83820237F520040
:1035C00042EA8332CB6844F20206B3431A43CA602C
:1035D00022690B694AB143F480330B61D1F8C030E2
:1035E00043F6FF76B3431A4307E023F480320A61BF
:1035F000D1F8C02043F6FF739A43C1F8C02094F875
:1036000040300A69012B0FD140F2FD7322EA030C0E
:10361000D4E91136D4E9135243EA0C0333432B4364
:103620001A4342F0010201E022F001020A616269DC
:103630000B6B012A23F00F0202D1236A013B1A43CC
:103640000A63E16D012262F30101E16502B070BD20
:103650007047F0B59BB0044616A81421FDF70EFA8A
:1036600001A85421FDF70AFA206840F20011C5F2C2
:103670000001884268D0B0F1A04F40F0DC804FF4E8
:10368000004001904FF00050129001A801F0CEFCD4
:1036900008B1FFF79AF941F69861C2F200010A6891
:1036A00041F24C00C4F20200531C0B6042B90168A5
:1036B00041F400510160016801F40051009100994A
:1036C000016816AD41F0010101600168032701F0B6
:1036D0000101009100990168002641F0020101609A
:1036E0000068294600F00200009000980D20169016
:1036F0004FF090401797189601F0BCFA40F6020080
:10370000CDE9160740F20040C4F60000294618969D
:1037100001F0B0FA42F678050820C2F20005C4F2C2
:103720000200052180224FF4807385E8430005F1F3
:1037300014004FF480674FF0200CC5E9036280E865
:1037400088104FF4005065E04FF4004001904FF0B6
:103750000050129001A801F069FC08B1FFF735F99B
:1037600041F69861C2F200010A6841F24C00C4F2CD
:103770000200531C0B6042B9016841F40051016022
:10378000016801F4005100910099016816AD41F003
:10379000010101600168032701F001010091009916
:1037A0000168002641F0040101600068294600F02C
:1037B000040000900098C02016904FF0904017979A
:1037C000189601F057FA1020CDE9160740F2004094
:1037D000C4F6000000F580602946189601F04AFA08
:1037E0000820C4F2020042F6D8051430C2F20005E7
:1037F00024214FF4807385E8430005F114008022F2
:103800004FF480674FF0200C80E888104FF4405050
:10381000C5E903622862284600F049FA08B1FFF7BB
:10382000D4F81220052100226565AC6201F047FB47
:10383000122001F032FB1BB0F0BD000022B1C36DBD
:10384000DB0707D1C36D8BB1016E41F0100101663A
:10385000012070470A29F7D8DFE801F00612141694
:10386000181A231D200C0F00C2661CE00A2904D080
:103870000929E9D1C0F8902015E0C0F8942012E0A1
:10388000026710E042670EE082670CE0C2670AE060
:10389000C0F8802007E0C0F8882004E0C0F88C2041
:1038A00001E0C0F88420002070472DE9F041044673
:1038B00040F200170068C5F200074FF4C163B84238
:1038C00008BF4FF40273B0F1A04F08BF4FF402736A
:1038D000DB5986689046720704D40E4694F8581057
:1038E000012902D10220BDE8F08107F5A06203F0B2
:1038F0001F050121904284F8581018BF002D08D1EF
:103900002046FEF7EFFF70B1002184F85810BDE8A3
:10391000F081052DF4D0092DF2D0002084F8580054
:103920000120BDE8F0812168E06D40F6017290430E
:1039300000F58070B942E06508D040F20050C5F251
:103940000000814208D107F5407001E04FF0A0402F
:10395000884218BF002D03D1E06D20F48010E0658F
:10396000E06D42F2ED73C0044FF0000044BF206EE2
:1039700020F006002066606D42F66507C0F602037F
:10398000C0F6020742F64F050022C0F60205C0E964
:103990000B371C2345630B6084F858204A68434664
:1039A00042F010024A60CA6842F00102CA60403127
:1039B000324600F00FFA21684FF6C0738A68C7F6E6
:1039C000FF731A4004328A60BDE8F081B0B5044646
:1039D00090F85800012801D1022537E0012084F831
:1039E000580020460321FEF797FE054658BB216884
:1039F000606DCA6822F00102CA6090F82520022A90
:103A000011D100F0D2F868B105462068E16D41F0AF
:103A10004001E165416821F0100141602046FEF758
:103A200025FF10E02168486820F01000486020461B
:103A3000FEF71CFF054630B9E06D41F201118843E5
:103A400001300025E065002084F858002846B0BD0C
:103A5000B0B598B1044690F8210028B9002084F848
:103A60002000204600F00DF80025201D142165627D
:103A7000FDF704F8012084F8210000E00125284624
:103A8000B0BD81B041F24801C4F202010068A1F565
:103A90008962904208D1086840F008000860086810
:103AA00000F008000090009801B0704780B54FF01A
:103AB0001F0E00BFBEF1000F08D0AEF1010E0EF0D8
:103AC0001F0321FA03F3DB07F4D001E04FF0FF3EC0
:103AD0004FEAF20CBCF1030F16D8DFE80CF0050238
:103AE0000E12BEF10F0F0FD800684161816821F0FE
:103AF000180111438160002080BDBEF1070FF3D98A
:103B000002E0BEF1060FEFD9012080BD10B588B1EB
:103B10000446407F20B900202077204600F02EF890
:103B200002206077207938B1D4E902122046FFF7ED
:103B3000BDFF58B1012010BD206841F6B751C0F259
:103B4000C1414161816821F01801816060790028DC
:103B500014BF20694FF0FF302168D4E905230861C4
:103B6000886820F0600010438860886820F080003A
:103B70001843886001206077002010BD81B0006884
:103B800043F20001C4F2020188420CD141F2480024
:103B9000C4F20200016841F480510160006800F441
:103BA00080500090009801B0704780B5014690F8B1
:103BB0002500022824D10868D1E910CE8A6C036858
:103BC00023F00E030360136823F48073136002680C
:103BD00022F0010202600EF01F00012202FA00F042
:103BE000CCF80400D1E913205060486D30B1026870
:103BF00022F480720260D1E916024260002002E0E5
:103C00000420C8630120012281F82520002281F8C8
:103C1000242080BDB0B5D0E910C30268DCF80010E4
:103C200003F01F030424D2F800E09C400C4218BFAC
:103C30001EF004051AD102249C400C4218BF1EF04D
:103C400002051FD1D94009071BD51EF0080118D065
:103C5000116821F00E011160012101FA03F2CCF884
:103C60000420C16380F82510416B18E011688906B3
:103C700003D4116821F004011160CCF80440016BF9
:103C800091B9B0BD1168890606D4116821F00A0106
:103C90001160012180F82510CCF80440C16A00228F
:103CA000002980F82420ECD0BDE8B0400847002867
:103CB0004FF0010100F08C802DE9F04740F2000C3C
:103CC000C4F2020C03684FF6F8320CF5816ECBF6A5
:103CD000FD72734538BF02F580624CF6CD441A443C
:103CE000CCF6CC44A2FB042803F0FC02A2F10802AB
:103CF000A2FB04290CF580656FF00304D0E9026291
:103D0000D0F810A03CBF0025C4F2020504EA9804D4
:103D1000C0E91054022580F825501D6847F6F07759
:103D200025EA07073A43476942EA0A0285693A43A6
:103D3000C7692A43056A3A432A4332431A600CF59D
:103D40000262734538BF0CF50062A3180CF50862D7
:103D5000C264C9F3041240F6840C01FA02F2B6F50B
:103D6000804FC4F2020C8364026505D100214160DA
:103D70001960CCF800201CE041685FFA81FE01392F
:103D800003294FF00001C3F800E0CCF8002010D860
:103D9000AEF101020CEB820747F87C1F02F01F0115
:103DA000012202FA01F30CF1BC023946CCF8C03012
:103DB00001E00022002300F1540C8CE80E000021E9
:103DC0000122C16380F8252080F82410BDE8F04767
:103DD0000846704710B5044690F82400012820D00A
:103DE000012084F8240094F82500012816D102202F
:103DF00084F825000020E063D4F800C0DCF800005F
:103E000020F00100CCF800002046FEF7B3FD20684A
:103E1000226B01683AB141F00E010AE0002084F8FB
:103E20002400022010BD21F004010160016841F06E
:103E30000A010160A16C0A68D20303D50A6842F442
:103E400080720A60616D19B10A6842F480720A607A
:103E5000016841F001010160002010BD70B540F221
:103E60007836C2F20006716804468847054618B9DC
:103E700014F076F9054600BF7068804708B914F061
:103E80006FF9401BA04228BF70BDF5E710B590F850
:103E90005C30013B012B6FD8006811F0070ED0F8A1
:103EA00058C00CF0010300D01BB311F0380F02D042
:103EB0001CF002041DD011F4E07F02D01CF00404B9
:103EC00017D011F4F05F02D01CF0080411D011F4E7
:103ED000604F02D01CF010040BD011F4403F02D010
:103EE0001CF0200405D011F47C0F06D01CF0400417
:103EF00003D1C46D44F00104C465BEF1000F18BFC6
:103F0000002B23D111F0380F18BF1CF002031DD174
:103F100011F4E07F18BF1CF0040317D111F4F05F17
:103F200018BF1CF0080311D111F4604F18BF1CF02A
:103F300010030BD111F4403F18BF1CF0200305D132
:103F400011F47C0F18BF1CF0400303D0C36D43F085
:103F50000203C3650B0604D5D0F8DC301343C0F868
:103F6000DC30CB0504D5D0F8E0301A43C0F8E020AF
:103F700000F15402002003E000F160020120022160
:103F800013681943116010BD2DE9F04190F85C30C1
:103F9000022B15D10668D6F8C4309B0214D4D6F88B
:103FA000C430D1E90075D1F808E00C69C3F3014CC5
:103FB0008DB144EA070343EA0E0343F0804E0EE05E
:103FC000016E41F0080102E0016E41F400710166EA
:103FD0000120BDE8F08144EA87434EEA030ED1E9AF
:103FE0000757D1E9058445EA0765CB682C43456D41
:103FF00044EA08040CEBCC071C4305EBC70345F867
:1040000037E05C60CF68B7F5803F0CD34EF2F465C3
:1040100008330024C0F6030517591F51CF89043413
:10402000EF5DBC42F8D3012101FA0CF1C6F8CC10C7
:1040300081650020BDE8F08180B590F85C20013AF0
:10404000012A13D80A68BAB101F1040ED1E904318A
:104050009EE80450406C43EA4E7E41EA8C7100EBCE
:10406000C20340F832E00020596080BD016E41F08B
:1040700002010166012080BDD1E90323D1E901CE0F
:10408000D206496942EA8E7242EA0342006C114349
:1040900040F82C10002080BD80B590F85CC0BCF1C9
:1040A000010F13D100689200D0F880C0DDF808E05D
:1040B00042EA011141EA43012CF03F0C41EA0E01B2
:1040C00041EA0C01C0F88010002080BD016E41F073
:1040D00004010166012080BDB0B590F85C20013A72
:1040E000012A43D800680B06426D22EA01024265AC
:1040F00044BF0022C0F8DC20C90544BF0021C0F83D
:10410000E010426D816D12F0070401F0010302F02E
:10411000380E31D083BB01F0020CBEF1000F18BF86
:10412000BCF1000F56D112F4E07F18BF11F0040368
:1041300050D112F4F05F18BF11F008034AD112F405
:10414000604F18BF11F0100344D112F4403F18BF64
:1041500011F020033ED112F47C0F18BF11F0400182
:1041600038D1C16D21F00201C16533E0016E41F02B
:10417000020101660120B0BDBEF1000F01F0020C8A
:1041800002D0BCF1000F21D012F4E07F02D011F078
:1041900004051BD012F4F05F02D011F0080515D011
:1041A00012F4604F02D011F010050FD012F4403F0E
:1041B00002D011F0200509D012F47C0F02D011F0CA
:1041C000400503D0C56D25F00105C565002CA4D0C0
:1041D000002BA2D00020B0BD7047704770B590F89A
:1041E0005C50022D0AD1D0F800C040290AD15CF8F9
:1041F000905F2D0763D000F1480509E0016E41F0A2
:1042000008015FE05CF8985F2D0758D000F14C057D
:10421000DCF80040D5F800E0C4F3012C0CEBCC0432
:104220005EF8345015F0804555605EF8345025F046
:10423000604608BFC5F38A4616605EF8345005F044
:10424000005595605EF834500EEBC40E05F0004446
:104250001461BEF80440D461DEF8044014F4702404
:10426000D460DEF8044004F480145461DEF80440A5
:1042700004F4001494619EF8074004F07F04146273
:10428000DEF804404FEAD47454620FD04EF2F46565
:104290000EF1080E0024C0F6030500BF1EF80460EE
:1042A0001E55D6890134AE5DB442F7D3006840296B
:1042B0000CBFC0F894C0C0F89CC0002070BD016E57
:1042C00041F480710166012070BD70472DE9F04F07
:1042D00083B004460068016D426D056DD0F85480CE
:1042E000D0F850A0476D036D01EA02090293436DB7
:1042F0000193036D0093D0F854B0036D5B0644BF87
:10430000416D5FEA41616CD4016D05EA0806C9059B
:1043100009F4E05544BF416D5FEAC15168D407EA32
:104320000A0706F007062DB12068626E0565204673
:104330002946904707F038052EB12068A26E066521
:104340002046314690472DB12068E26E0565204633
:10435000294690472068016D890544BF416D5FEA99
:10436000815151D4016D090644BF416D5FEA01617D
:1043700052D4016D890444BF416D5FEA814157D435
:10438000016D0904009901EA0B0544BF416D5FEA24
:10439000014156D4016DDDE90132490402EA03020C
:1043A00005F4602144BF436D5FEA434352D402F4F5
:1043B000710521B10165D4F88C202046904725B1C4
:1043C00020680565206E28432066206E30B1D4F841
:1043D0008810204603B0BDE8F04F084703B0BDE8A1
:1043E000F08F40210165E16F2046884720688BE708
:1043F0004FF48073D0F8D810D0F8E0200365A36F95
:104400001140204698478AE74FF400710165216FFB
:10441000204688472068A5E78023D0F8D410D0F83C
:10442000DC200365636F1140204698472068A0E7B1
:104430004FF400510165D4F8801020468847206869
:104440009EE74FF400410165D4F884102046884768
:1044500020689FE74FF480430365236E43F0800399
:104460002366A4E770B5002862D0044690F85C008B
:1044700000284AD1002044F2F97184F85D0044F626
:104480003100C0F6020144F2FB7244F63303C0F679
:104490000200C0F60202C0F60203A166D4F8901032
:1044A00044F62F0544F62D0C44F2CB2E44F62B0691
:1044B0006066E266236744F6290044F2D91244F2AA
:1044C000DB13C0F60205C0F6020CC0F6020EC0F601
:1044D0000206C0F60200C0F60202C0F602036567DB
:1044E000C4F878C0C4F87CE0C4F88060C4F88400E4
:1044F000C4F88820C4F88C3029B944F2D761C0F6DA
:104500000201C4F89010204688472068816921F094
:104510001001816100F094FC054600BF20688169AC
:10452000090707D500F08CFC401B0B28F6D312E0DE
:10453000012070BD816941F00101816100F080FCC2
:10454000054600BF20688169C9070BD100F078FCDF
:10455000401B0B28F6D3206E032140F0010020669B
:104560000120B5E0826946F2004CC4F2000C42F032
:1045700002026045826102D16268CCF80021227C8F
:104580008369012A23F0400318BF40338361627CB2
:104590008369012A23F4804308BF03F580438361C4
:1045A000A27C8369012A23F4805318BF03F580534A
:1045B0008361826922F44076D4E90223164386613E
:1045C000866926F0A4068661066926F01006066153
:1045D0009BB1012B0DD0022B09D08669032B46F02D
:1045E00080068661066946F01006066105D1202323
:1045F00000E00423866933438361D4E90563D4E989
:1046000007516FF0FF0E013B0EEB052545EA4363B2
:1046100000250139CFF6FF75194305EB0643194311
:10462000B2F5407FC1610FD104F124064ECE013AAC
:104630000EEB03231A436FF00F0303EB06131A4329
:1046400005EB01411143C160D4E90D13E26BD0F8D1
:10465000C0603243C0F8C0200CF580660CF5804283
:10466000B04204BF4AF25072C4F200020CF5006678
:10467000B04208BF02F5D4622264D0F8806026F40C
:10468000F81646EA0141C0F8801002F17001616439
:10469000D0F8801021F0706141EA0361C0F8801009
:1046A00002F1B000A06402F5C470E06402F5187075
:1046B000206502F51E70606502F55470002100BF90
:1046C00042F8041B8242FBD300200121A065206632
:1046D00084F85C1070BD10B59AB00446684604308A
:1046E0005021FCF7CBF9206846F60001C4F2000126
:1046F000884243D14FF4805000904FF080700E906C
:10470000684600F093FC08B1FEF75FF941F24C00F7
:10471000C4F20200C16841F00071C160C16801F0DB
:10472000007115911599016841F00201016000685E
:1047300015A900F00200159015984FF440501590FF
:10474000022016900020179003201890092019903D
:1047500040F20040C4F6000000F08CFA5620002120
:10476000002200F0ACFB562000F097FB5720002100
:10477000002200F0A4FB572000F08FFB1AB010BD00
:1047800082B190F85C30012B09D106290AD8DFE804
:1047900001F004191B1E2113160002671CE090F89B
:1047A0005C302BB1016E41F48071016601207047CD
:1047B000062904D00529F5D1C0F890200CE0C0F8F6
:1047C000942009E0C26707E0C0F8802004E0C0F848
:1047D000842001E0C0F888200020704731B190F8B3
:1047E0005C20012A02BF816600207047016E41F4FF
:1047F00080710166012070477047704790F85C1027
:1048000001290AD1022180F85C1001688A6922F02E
:1048100001028A610021016604E0016E41F0040199
:10482000016601210846704770477047704770471E
:10483000704770472DE9F04740F25039C2F2000945
:1048400099F80020012A01D102265EE005460120E8
:1048500089F800004FF47A708846FEF733F906466F
:1048600000284FD142F200040020C4F20204C9F82B
:10487000040020682168490502D4C0F3402009E003
:10488000216810F400704FF0030021F4806108BF2C
:104890000220216089F81C00286801280DD1686871
:1048A000FEF7D0F84FF47A70FEF70CF9064660690F
:1048B00048F204018843606122E04FF0FF30C8F8FD
:1048C0000000D5E902703844874215D240F2FA3A26
:1048D00069683846FEF7D2F84FF47A70FEF7F2F8BE
:1048E0006169064621EA0A0060613EB9D5E9020124
:1048F000013708448742EBD3002601E0C8F8007076
:10490000FEF770F8002089F800003046BDE8F08717
:1049100070B5416842F2200CC4F2020C04294FF039
:1049200006021DD803291BD007220429026017D8CC
:104930000CF10C03DFE801F00B03061409000CF185
:10494000100304E00CF12C0301E00CF130031968B2
:10495000072201F07F0181601968C1F30641C1603F
:10496000DCF80010C9B20B46AA2918BFBB23CC291A
:1049700008BF0B460361DCF80010C36921F0FF019A
:104980005D1E012D816171D8083200210260C4F2E0
:104990000101096847F2E056C1F6FF76C90534887F
:1049A00040F20001C0F604014FF6FF7509D4AC4295
:1049B0004FF0006E10D034684FF0006164F358215E
:1049C0000AE0AC4205D031684FF0006E61F3582E1A
:1049D00000E08E464FF00061DCF8004064020DD428
:1049E000022B1FD0012B3BD1DCF804104FF00066E6
:1049F00061F312160662DCF808601CE0022B1FD07F
:104A0000012B2DD1DCF804104FF6F874C0F203042A
:104A100004EAC10171440162DCF8081004EAC10132
:104A200071441CE0DCF824104FF0006661F31216AC
:104A30000662DCF828604FF0006166F312110EE0A8
:104A4000DCF824604FF6F875C0F2030505EAC606E7
:104A50000E440662DCF8286005EAC606314441626D
:104A6000DCF8081001F000411943C16102F11001A6
:104A70000160DCF85030C16A03F480334E1E012E11
:104A800083620ED830320129026005D0022918BF96
:104A900070BD0CF1540101E00CF150010968C9B27C
:104AA000016370BD40F25030C2F2000040687047B0
:104AB00042F21400C4F20200016841F000410160BA
:104AC0000068C043C00F70472DE9F04381B040F249
:104AD0005038C2F20008144698F80020012A01D18B
:104AE000022052E00546012088F800004FF47A7059
:104AF0001F460E46FDF7E6FF002843D142F2140997
:104B0000C4F202090020C8F804000DB3681E022890
:104B100034D2D9F8000040F48020C9F80000EFF347
:104B20001080EFF3108172B6402100BF54F8042BBF
:104B300001390B0646F8042BF8D180F310884FF4A6
:104B40007A70FDF7BFFF022D1CD16FF480210FE0BA
:104B5000D9F8000040F00100C9F8000034604FF4BB
:104B60007A70BFF36F8F7760FDF7ACFF6FF00101D4
:104B7000D9F800201140C9F8001003E04FF47A7012
:104B8000FDF7A0FF002188F8001001B0BDE8F08318
:104B900042F20800C4F20200C168B1F1FF3FC4BF95
:104BA0000020704740F22311C4F26751016048F6BB
:104BB000AB11CCF6EF510160C068C00F704710B365
:104BC00070B5044690F8310028B9002084F8300010
:104BD000204600F022F80025202620466560E5608A
:104BE000258284F83360C4E905552562A58384F8DD
:104BF0003260FDF793FF012807D1606BA02640F0DB
:104C00001001012003E001207047002100206163B2
:104C100084F8316084F8305070BD81B041F24801B1
:104C2000C4F20201006801F56E72904208D1086872
:104C300040F010000860086800F010000090009834
:104C400001B07047802806D0B0F5004F18BF7047FC
:104C5000012007F041BD002007F03EBD40F21441A5
:104C6000C4F201010A68024214BF08607047FFF7EE
:104C7000E9BF00002DE9F04F82B00D68002D00F073
:104C8000C98041F2004400F13847C4F6000406220E
:104C90004FEAB726A04208BF0522052E38BF4FEACB
:104CA000B722002401274FF0000E0026009200BF1B
:104CB00007FA06FB15EA0B0800F0A280D1F804A061
:104CC00003220AF0030CACF10105A240012D6FEAAA
:104CD00002090FD88268CD6802EA0902A5402A437A
:104CE00082604268CAF3001522EA0B02B5402A43EB
:104CF000426005E0BCF1030F02D14FF0030C21E04C
:104D0000C2688D6802EA0902A5402A43BCF1020F7D
:104D1000C26017D16FF0030202EA560202440EF09D
:104D20001C030F25D2F820C005FA03FA0D692CEAFE
:104D30000A0C05FA03F343EA0C031362D1F804A04A
:104D40000AF0030C02680CFA04F302EA09021A439F
:104D50001AF4403F026053D041F26003C4F20203F0
:104D60001A6840F2004942F001021A601A68C4F25F
:104D7000010902F001020192019A26F003024FF6A6
:104D8000084A4A44CFF6FF7A52F80AC00EF00C05E2
:104D90000F23009FAB402CEA030307FA05F52B43D2
:104DA00042F80A30D9F808C04B684CEA0805DA0224
:104DB00058BF2CEA080540F20C4CC9F80850C4F260
:104DC000010CDCF800209F0242EA080558BF22EAE5
:104DD0000805CCF80050D9F804209D0342EA0807E2
:104DE00058BF22EA0807C9F80470D9F80020DB038D
:104DF00042EA080758BF22EA0807C9F800700127ED
:104E00000D68013635FA06F20EF1040E04F10204C3
:104E10007FF44EAF02B0BDE8F08F0069084018BFC4
:104E200001207047426902EA0103914341EA0341CC
:104E3000816170471823002A08BF2823C15070479A
:104E400080B540F27830C2F200004068804700B17F
:104E500080BDBDE8804013F083B980B542F2000008
:104E6000C4F20200016841F480710160032000F087
:104E700051F80F2000F007F808B1012080BD00F0C4
:104E80000BF8002080BD80B540F27830C2F20000FF
:104E900000688047002080BD704700280ED4C1B252
:104EA00000F01F00012202FA00F04EF20012CEF2D2
:104EB000000242EAD10121F003010860704710B5F9
:104EC0004EF60C5CCEF2000CDCF80030C3F3022E80
:104ED0008EF00704042C28BF0424BEF103034FF016
:104EE000FF3E0EFA04F438BF0023A14399400EFAA6
:104EF00003F39A43114300F00F0200F160430901EC
:104F0000043A03F564436244002848BF02F10C03ED
:104F1000197010BD4EF60C51CEF200010A684FF622
:104F2000FF031A4060F30A2242F0806040F0FD70F7
:104F300008607047B0F5007F34D000286AD147F28E
:104F4000000CC4F2000CDCF80010DCF8802001F446
:104F5000C06122F48072B1F5806FCCF8802062D1FC
:104F6000DCF80010012262F34A21CCF8001040F274
:104F70009811C2F200010968322359434DF6836348
:104F8000C4F21B33A1FB031302EB9341002200BFC9
:104F9000DCF81400013942F10003400533D5002B41
:104FA000F6D130E047F2000CC4F2000CDCF800103F
:104FB000DCF8802001F4C06142F48072B1F5806FAA
:104FC000CCF880202FD1DCF80010012262F34A21B6
:104FD000CCF8001040F29811C2F2000109683223A7
:104FE00059434DF68363C4F21B33A1FB031302EB59
:104FF00093410022DCF81400013942F1000340051E
:1050000001D5002BF6D1DCF81400400544BF032085
:10501000704708E047F20000C4F200000168022275
:1050200062F34A2101600020704700002DE9F04141
:1050300082B00446807841F20C060007C4F20206F2
:1050400001D400204FE0F06C10F0805808D1F06CD3
:1050500040F08050F064F06C00F0805001900198B6
:1050600047F20007C4F20007386840F480703860E7
:10507000FFF7E6FE054600BF3868C00506D4FFF717
:10508000DFFE401B0228F7D9032025E0D6F8840074
:1050900010F4407017D0216D884211D0D6F88400EA
:1050A000D6F8841020F4407041F48031C6F88410A2
:1050B000D6F8841021F48031C6F88410C6F8840034
:1050C000C00740F0E880D6F88400216D20F44070DD
:1050D0000843C6F884000020B8F1000F03D1F16C3A
:1050E00021F08051F1642168CA0705D0F26F63682E
:1050F00022F003021A43F2678A0705D5F26FA3680C
:1051000022F00C021A43F2674A0705D5F26FE368F2
:1051100022F030021A43F2670A0705D5F26F2369BD
:1051200022F0C0021A43F267CA0605D5F26F63691E
:1051300022F440721A43F2678A0605D5F26FA3691A
:1051400022F440621A43F2674A0605D5F26FE3691A
:1051500022F440521A43F2670A0605D5F26F236A19
:1051600022F440421A43F267CA0505D5F26F636A1A
:1051700022F440321A43F2678A0307D5D6F890200A
:10518000A36A22F003021A43C6F890208A0505D5C7
:10519000F26FE36A22F440221A43F2674A050CD503
:1051A000F26F236B22F440121A43B3F5801FF267AB
:1051B00003D1326842F4801232600A050CD5F26FD6
:1051C000636B22F440021A43B3F5800FF26703D1F8
:1051D000326842F480123260CA040CD5F26FA36BBD
:1051E00022F040721A43B3F1807FF26703D1326834
:1051F00042F4801232608A040CD5F26FE36B22F025
:1052000040621A43B3F1006FF26703D1326842F48F
:10521000801232604A040CD5F26F236C22F0406297
:105220001A43B3F1006FF26703D1326842F480127F
:1052300032600A040CD5F26F636C22F040521A43BC
:10524000B3F1805FF26703D1326842F4803232609A
:10525000CA030CD5F26FA36C22F040421A43B3F19B
:10526000804FF26703D1326842F4803232604903E2
:105270000ED5D6F89010E26C21F440111143B2F52E
:10528000001FC6F8901003D1316841F480113160DD
:1052900002B0BDE8F081FFF7D3FD054641F2883743
:1052A000D6F8840080073FF50EAFFFF7C9FD401B1D
:1052B000B842F5D9E8E600002DE9F04700285CD0B7
:1052C00042F2000AC4F2020A0446DAF800000D466F
:1052D00000F00F0088420CD2DAF8000020F00F0036
:1052E0002843CAF80000DAF8000000F00F00A842D6
:1052F00043D1206841F20808C107C4F2020802D174
:10530000810778D490E06168022932D0032937D12F
:1053100058F8081C890130D5D8F80410D8F80410C2
:1053200042F20042C1F30311D8F804300131C0F257
:10533000F402B2FBF1F1C3F30622D8F80430514372
:10534000C3F34162022303EB4202B1FBF2F14BF2E1
:105350000042C0F2C442914208D9D8F8001011F0BE
:10536000F00F19D0800701D5A068A8B14FF000094F
:105370001BE058F8080C800306D40120BDE8F08734
:1053800058F8080C4005F8D500F0A1F84BF20041A0
:10539000C0F2C4418842E9D9D8F80000082161F37D
:1053A00007104FF00109C8F80000D8F80000616844
:1053B00020F003000843C8F80000FFF741FD06464F
:1053C00041F28837D8F80000616800F00C00B0EBBB
:1053D000810F05D0FFF734FD801BB842F2D940E0C1
:1053E0002068810707D4B9F1000F1DD0D8F800104C
:1053F00021F0F00116E0410705D5D8F8001041F47E
:10540000E061C8F80010010706D5D8F8001007229F
:1054100062F30D21C8F80010D8F80010A26821F03E
:10542000F0011143C8F80010DAF8001001F00F0184
:10543000A9421AD9DAF8000020F00F002843CAF870
:105440000000FFF7FDFC064641F28837DAF800005D
:1054500000F00F00A84207D0FFF7F2FC801BB84213
:10546000F4D90320BDE8F0872068410707D5D8F8B4
:105470000010E26821F4E0611143C8F80010000751
:1054800008D5D8F80000216920F4605040EAC10036
:10549000C8F8000000F01BF8D8F800104EF23812DF
:1054A000C1F30311C0F60302515C40F2981201F0FF
:1054B0001F0120FA01F140F28030C2F200000068C2
:1054C000C2F200021160BDE8F047FFF7DCBC41F218
:1054D0000801C4F20201086800F00C00042842F23E
:1054E0000040C0F2F40008BF70470A6802F00C02E6
:1054F000082A19D00A6802F00C020C2A1CBF0020EE
:1055000070474A684A684B68C2F303120132B0FB25
:10551000F2F04968C3F306225043C1F3416102220D
:1055200002EB4101B0FBF1F0704700002DE9F041C2
:1055300082B0002800F001810446007841F20006A4
:10554000C007C4F2020654D12078800772D42078B4
:10555000000700F195802078400700F1B3802078A3
:10556000800600F1FF80E069002840D0B16801F0BA
:105570000C010C2940F04C81012800F0DE80F0681D
:10558000216A00F003028A4240F0D780626A6FF01D
:105590000F0300F0F00103EB0212914240F0CD80C6
:1055A000A16A00F4FE42B2EB012F40F0C680E16A2E
:1055B00000F07842B2EBC16F40F0BF80226B002355
:1055C000CFF6E07303EA025200F4C001A2F5001224
:1055D000914240F0B280616B4FF07E4202EA01617D
:1055E00000F0C06001F17E41884240F0A6800020BA
:1055F0005EE1B06800F00C01F068082959D0032280
:1056000081F00C0122EA00000844B0FA80F0400961
:105610004FD16068B0F5803F07D0B0F5A02F40F0C3
:10562000CC80306840F480203060306840F48030B6
:105630003060CDE0B068F16800F00C00042866D05E
:1056400001F0030180F00C0081F002010844B0FA7F
:1056500080F040095BD1E1683068002900F0C68025
:1056600040F480703060FFF7EBFB05463068400582
:1056700000F1E480FFF7E4FB401B0228F6D916E1B5
:105680006169D6F89400002900F0858040F001009F
:10569000C6F89400FFF7D4FB054600BFD6F8940087
:1056A00080073FF558AFFFF7CBFB401B0228F5D929
:1056B000FDE0306880037FF547AF606800287FF425
:1056C00043AF3AE0B06D10F0805808D1B06D40F0B3
:1056D0008050B065B06D00F080500190019847F2A5
:1056E0000007C4F200073868C00528D4386840F4C1
:1056F00080703860FFF7A4FB054600BF3868C0051E
:105700001DD4FFF79DFB401B0228F7D9CFE030687E
:10571000400501D5E06880B17068216920F0FE4045
:1057200040EA0160706040F28030C2F20000006820
:10573000FFF7A9FB00283FF40AAF0120B8E0A068FA
:10574000012808D0052840F09680D6F8900040F057
:105750000400C6F89000D6F8900040F00100C6F8AA
:10576000900095E0A169D6F8980000296ED040F02D
:105770000100C6F89800FFF763FB0546D6F89800CD
:1057800080073FF5F0AEFFF75BFB401B02284FF0B0
:105790000300F3D98CE020F00100C6F89400FFF775
:1057A0004FFB0546D6F8940080077FF5D4AEFFF78F
:1057B00047FB401B0228F5D979E03168002821F425
:1057C00080313160316821F48021316000F08E80B9
:1057D000FFF736FB054600BF306880033FF5B4AEE7
:1057E000FFF72EFB401B6428F6D960E020F48070A0
:1057F0003060FFF725FB0546306840057FF5A7AE12
:10580000FFF71EFB401B02284FF00300F4D94FE0C6
:105810003168022821F0807131604CD1FFF710FB14
:10582000054600BF3068800140F18B80FFF708FB20
:10583000401B02284FF00300F4D939E07068216959
:1058400020F0FE4040EA0160706080E620F0010038
:10585000C6F89800FFF7F4FA054600BFD6F898009E
:1058600080077FF580AEFFF7EBFA401B02284FF070
:105870000300F3D91CE0D6F8901021F00101C6F81E
:105880009010D6F8901021F00401C6F89010E8B3FB
:10589000FFF7D6FA054641F2883700BFD6F89000E8
:1058A000800745D4FFF7CCFA401BB842F6D9032055
:1058B00002B0BDE8F081F0684FF6FF7120F0030000
:1058C000F060F068CFF6EE610840F060FFF7B8FADC
:1058D000044600BF306880017FF589AEFFF7B0FA5B
:1058E000001B02284FF00300F4D9E1E7FFF7A8FA04
:1058F000054600BF306880037FF526AEFFF7A0FAAB
:10590000401B64284FF00300F4D9D1E7FFF798FA61
:10591000054641F2883700BFD6F89000800707D5CA
:10592000FFF78EFA401BB8424FF00300F4D9BFE7EF
:10593000B8F1000F7FF413AEB06D20F08050B06569
:105940000DE6F06848F20C01C0F29F1104F1200747
:1059500000EA010C8ECF6FF00F00D4E90C5400EB7D
:1059600002100022CFF6E07241EA0C0102EA055271
:105970000843A2F500124FF07E4540EA032005EAF5
:105980000465104305F17E4540EAC7602843F06096
:10599000306840F080703060F06840F08070F060F7
:1059A000FFF74EFA0446306880013FF520AEFFF75E
:1059B00047FA001B02284FF00300F4D978E70000F3
:1059C00070B50446007A012804BF022070BD012092
:1059D0002072607A01281CD102200D466072FFF708
:1059E0002FFA21684A68D2070CD10646FFF728FA39
:1059F000801B2168032802D34868C0070FD048687D
:105A0000C007F3D088682061286001206072002000
:105A100002E00420E06001200021217270BD01201D
:105A200002216072E160F7E7D0B110B50446407A18
:105A300020B900202072204600F014F80220607285
:105A4000D4E90001026822F00802114301600168F4
:105A500041F004010160012060720020E06010BD8F
:105A60000120704710B596B0044601A804305021BB
:105A7000FBF704F8206840F60001C5F206018842F1
:105A800015D14FF48040019001A8FFF7CFFA08B17B
:105A9000FCF79BFF41F24C00C4F20200016841F0A8
:105AA00080610160006800F080600090009816B08E
:105AB00010BD7047704770477047F0B590F83C20B4
:105AC000012A01D102216BE0D1E90232D1E900CEF5
:105AD00022F47C5223F470531A4348F2FF73CFF63A
:105AE000F07303EA0E0342EA030E0A692CF47723EB
:105AF0004EEA030C22F476224B6942EA0C021A4366
:105B00000B6B22F4742C23F470238A6943EA0C0390
:105B100043EA0243026842F6004EC4F2010E45F227
:105B2000000C7245C4F2010C18BF624520D1CC694B
:105B300023F080532343724518BF62451FD101F102
:105B40002006002770CECFF6F04723F07C7307EADB
:105B50000656334324F000742343724543EA050399
:105B600018BF624512D1C96A23F000530B4313E0FA
:105B700043F20044C4F20104A242D8D0DBE743F26E
:105B80000044C4F20104A242D9D005E043F2004728
:105B9000C4F20107BA42E6D00021536480F83C10F9
:105BA0000846F0BD70B590F83C30012B01D10221C0
:105BB00064E013680F2B15DC5D1E072D3BD84FF0FA
:105BC000090E4FF0000C4FF40074DFE805F03A04C2
:105BD000341B343434224FF00A0E4FF0010C4FF4D2
:105BE00080642EE03F2B06DC102B19D0202B22D115
:105BF0004FF0050C1DE0402B19D0802B1BD14FF02E
:105C0000070C16E04FF00B0E4FF0020C4FF400643F
:105C100017E04FF00C0E4FF0030C4FF4805410E0DF
:105C20004FF00D0E4FF0040C4FF4005409E04FF00C
:105C3000060C002403E0002300244FF0000C4FF07A
:105C4000000E022904D0012914D10168603101E05D
:105C5000016864310D68D2E901629D4306FA0CF6D1
:105C600033402B4402FA0EF2A34322401A440A6046
:105C7000002100E00121002280F83C20084670BD90
:105C8000B0B5044690F83C00012804BF0220B0BD26
:105C90000D462068D1E90021AB684FF0010C84F873
:105CA0003CC002F0FEF82068816DD5E9042321F0A4
:105CB000E7012D7B19431143012D08BF41F020015D
:105CC00041F001018165002084F83C00B0BD7047BF
:105CD0000168886D20F0010200208A657047016824
:105CE000086840F4805200200A607047704770478F
:105CF00070B590F83C20012A4FF002025FD080F886
:105D00003D20026842F600435468D2F808C0C4F24D
:105D1000010345F2000E9A42C4F2010E18BF72450B
:105D200028D14D6824F470042C434FF68F75CFF6BC
:105D3000FF550E682C4042F6FF35C4F2010534438E
:105D4000AA4254600BDC40F2FF73C4F200039A4293
:105D500017DCB2F1804F27D040F2004319E043F640
:105D6000FF74C4F20104A24216DC9A421CD043F232
:105D7000004315E043F20045C4F20105AA42D0D029
:105D8000D3E740F60003C4F200039A420CD040F679
:105D90000043C4F2000305E0724505D044F200035D
:105DA000C4F201039A4204D189682CF0800319439C
:105DB00091600121002280F83D1080F83C201046BF
:105DC00070BD7047002800F09C8070B5044690F8C4
:105DD0003D00002873D1002084F83C0047F22120C8
:105DE00047F22321C0F60200C0F6020147F2533207
:105DF00046F6D75546F6D776C0F6020246F2657CDF
:105E000046F2677EC0F60205C0F60206C4F88400BA
:105E1000C4F8881046F6D97046F23F7147F2553300
:105E2000C0F6020CC0F6020EC4F88C20C4E9275656
:105E3000C0F60200C0F6020145F6B72245F6B325CA
:105E4000C0F60203C4F894C0C4F898E0C0F6020299
:105E5000C0F6020545F6ED4C45F6CF4EC4F8A40059
:105E6000C4F8A81004F1B800E16CC4F8903045F60D
:105E7000B92345F6B526C0F6020CC0F6020EC4F8EA
:105E8000AC2080E8205045F6EF4045F6C352C0F6FE
:105E90000203C0F60206C0F60200C0F60202C4F811
:105EA000B030C4F8B460C4F8C400C4F8C82021B944
:105EB00045F60771C0F60201E164204688470220DA
:105EC00084F83D002068211D01F052FF012084F874
:105ED000480084F83E0084F83F0084F8400084F8CD
:105EE000410084F8420084F8430084F8440084F8B8
:105EF000450084F8460084F8470084F83D000020FF
:105F000070BD0120704770B586B0044601A8142109
:105F1000FAF7B4FD206840F20041C4F20001884263
:105F20004CD044F20001C4F20101884200F08980A3
:105F300042F60041C4F20101884240F0808041F203
:105F40004C00C4F20200416941F4006141614169C1
:105F500001F4006100910099016841F002010160C3
:105F6000006801A900F00200009000984FF48060E2
:105F700001901220029001200390002004900C2038
:105F8000059040F20040C4F60000FEF773FE1820B2
:105F900000210022FEF793FF1820FEF77EFF1A2053
:105FA00000210022FEF78BFF1A20FEF776FF1B2050
:105FB00000210022FEF783FF1B203EE041F24C004F
:105FC000C4F20200C16801AC41F00201C160C168C5
:105FD000022501F00201009100990168002641F0BC
:105FE00001010160016801F001010091009901685F
:105FF00041F0020101600068214600F002000090BB
:106000000098102001904FF090400295CDE9036672
:106010000595FEF72FFE112001A961C140F2004055
:10602000C4F600002146CDE90465FEF723FE1D20DD
:1060300000210022FEF743FF1D20FEF72EFF06B0D1
:1060400070BD41F24C00C4F202004169002241F4EB
:10605000803141614069002100F480300090009857
:106060001820FEF72CFF182006B0BDE87040FEF7A0
:1060700014BF90F83D1001291CBF01207047022178
:1060800080F83D10016842F6FF30C4F20100814201
:106090000BDC40F2FF70C4F20000814214DCB1F16D
:1060A000804F28D040F2004016E043F6FF70C4F263
:1060B0000100814213DC42F60040C4F2010081423B
:1060C00019D043F2004012E040F60000C4F2000094
:1060D000814210D040F60040C4F2000009E045F2D1
:1060E0000000C4F20100814205D044F20000C4F275
:1060F000010081420CD188680722C0F201020240EF
:10610000062A4FF0000008D0B2F5803F08BF704764
:10611000086840F0010008600020704790F83D10CA
:1061200001291CBF01207047022180F83D10016841
:1061300042F6FF32C868C4F20102914240F0010009
:10614000C8600BDC40F2FF70C4F20000814214DC36
:10615000B1F1804F28D040F2004016E043F6FF70C6
:10616000C4F20100814213DC42F60040C4F2010097
:10617000814219D043F2004012E040F60000C4F220
:106180000000814210D040F60040C4F2000009E057
:1061900045F20000C4F20100814205D044F2000043
:1061A000C4F2010081420CD188680722C0F20102CA
:1061B0000240062A4FF0000008D0B2F5803F08BF29
:1061C0007047086840F001000860002070470146F1
:1061D000006841F21113026A1A4208D1026A44F2BD
:1061E00044431A4203D1026822F0010202600122F4
:1061F000002081F83D20704780B590F83C20012AAE
:106200004FF0020200F0928080F83D20D0F800C0EC
:106210008822DCF80830CFF6CE721A40CCF808207D
:106220000B68B3F5005F0CDA3F2B20DD5F2B30DD10
:10623000602B7DD0702B00F09D80B3F5805F6ED019
:10624000E0E02F22C0F21002934217DD4F21C0F28E
:1062500010018B4245DD5021C0F210018B4252D01B
:106260006021C0F210018B424DD0702147E01F2BFE
:106270003EDC002B47D0102B45D0C3E0B3F1101FFC
:106280003BDAB3F5005F00F08880B3F5801F3AD0A9
:10629000B8E0402B00F09480502B40F0B380D1F850
:1062A00004E0C968DCF82030DCF8202022F001028C
:1062B000CCF82020DCF8182022F0F00242EA01118C
:1062C00023F00A0242EA0E02CCF81810CCF8202083
:1062D000DCF808104FF68872CFF6CF7211405731B4
:1062E0001BE03021C0F210018B420CD0402106E0AF
:1062F000202B08D0302B06D084E004D02021C0F21F
:1063000010018B427ED1DCF808104FF68872CFF670
:10631000CF721140194341F00701CCF80810002258
:10632000012180F83D10002180F83C10104680BD0E
:10633000D1F804E0C968DCF8203023F01003CCF871
:106340002030DCF81830DCF8202023F4704322F0F1
:10635000A00243EA013142EA0E12CCF81810CCF840
:106360002020DCF808104FF68872CFF6CF7211406B
:106370006731D2E7D1E901E3C968DCF8082043EAD4
:106380000E0322F47F4243EA01211143CCF80810A6
:10639000DCF8081041F07701BFE7D1E901E3C968F3
:1063A000DCF8082043EA0E0322F47F4243EA01218D
:1063B0001143CCF80810DCF8081041F48041ACE738
:1063C000D1F804E0C968DCF82030DCF8202022F0A5
:1063D0000102CCF82020DCF8182022F0F00242EA7A
:1063E000011123F00A0242EA0E02CCF81810CCF890
:1063F0002020DCF808104FF68872CFF6CF721140DB
:1064000047318AE701228BE7002800F0B8802DE9A8
:10641000F047044690F83D000D46002865D1002065
:1064200084F83C0047F2212047F22321C0F6020005
:10643000C0F6020147F2533247F2553346F2657C0B
:1064400046F2677E46F6D75646F6D77704F18408BB
:10645000C0F60202C0F60203C0F6020CC0F6020E3D
:10646000C0F60206C0F6020788E80F5046F6D9705B
:1064700046F23F71C4E92767C0F60200C0F6020188
:1064800045F6B72245F6B92345F6B52745F6B326B6
:1064900004F1A408C0F60202C0F60203C0F6020727
:1064A000C0F6020645F6ED4C45F6CF4E88E88F0063
:1064B00004F1B800616FC0F6020CC0F6020E80E86D
:1064C000405045F6EF4045F6C352C0F60200C0F614
:1064D0000202C4F8C400C4F8C82021B946F28351AE
:1064E000C0F60201616720468847022084F83D001B
:1064F00020684BF6F8728168CFF6FE721140816019
:10650000211D01F035FC20684FF6FF788168826913
:10651000D0F820C0D5E9007ED5E9023A47EA010962
:10652000AF6922EA080243EA07234FF6FC47BB4360
:10653000D5E9077642EA0A0229691A4342EA0722A4
:1065400042EA01112CF0AA026B6942EA0E0241EA0A
:10655000063142EA0312C0F808908161026201200C
:1065600084F8480084F83E0084F83F0084F8440032
:1065700084F8450084F83D000020BDE8F087012044
:10658000704770B586B00068B0F1804F38D141F2E5
:106590004C00C4F20200C16801AC41F00101C160CD
:1065A000C168022501F001010191019901680026ED
:1065B00041F0010101600068214600F001000190F6
:1065C000019822200190012005904FF09040029503
:1065D000CDE90366FEF74EFB4FF4004001A961C10F
:1065E0000E2005904FF0904021460496FEF742FBA6
:1065F0001C2000210022FEF762FC1C20FEF74DFC4F
:1066000006B070BD80B590F83E2090F83F3090F80D
:1066100044E090F845C004290DD0D1B9012A4FF0CB
:10662000010208BFBEF1010F45D1022180F83E10E2
:1066300080F8441030E0012B4FF0010208BFBCF19C
:10664000010F38D1022180F83F1080F84510006812
:106650001EE0012A4FF0010208BF012B2BD1BEF131
:10666000010F28D1BCF1010F25D1022280F83E2074
:1066700080F83F2080F8442080F8452061B1006810
:10668000016A21F001010162016A41F00101016228
:1066900010216FF0100203E0006801216FF0010289
:1066A000036A1A400262026A114301620168002211
:1066B00041F001010160104680BD042904D029B9D0
:1066C00002686FF0010C0AE0026806E00268136AD3
:1066D00023F001031362136A13626FF0100C136A44
:1066E00003EA0C031362136A1362D2F820C041F26A
:1066F00011131CEA030F0AD1D2F820C044F244431C
:106700001CEA030F03D1136823F00103136004296B
:1067100006D049B9012180F83E1080F844100CE001
:10672000012180F83F1006E0012180F83E1080F83A
:106730003F1080F8441080F84510002070477047E3
:1067400090F83C20012A4FF0020209D080F83D2049
:10675000026851610121002280F83D1080F83C2040
:106760001046704770477047F0B581B0044690F806
:106770003C00012801D1022082E00D464FEAB2011F
:106780000120032984F83C0000F27780DFE801F063
:1067900002102D4C2068D5E90012EB6801F018FDBD
:1067A000206850F8181F21F00C010160A96860E012
:1067B0002168D5E900E3D5E902C5086A1B0220F08B
:1067C00010000862084650F8182F4FF2FF070E6AB3
:1067D000BB4322F4734265F30F331A4326F0A00340
:1067E0000EF00A0743EA07133BE02268D5E900C729
:1067F000D5E90216106A66F3071720F4807010625C
:10680000104650F81C5F136A25F0F30523F420634B
:106810000CF00A062F4343EA06230760136202685E
:1068200022F00C02026024E02168D5E900E3D5E9FA
:1068300002C6086A1B0220F480500862084650F81D
:106840001C5F0F6A4FF2FF0223EA020225F4734530
:1068500066F30F3227F420430EF00A072A4343EA77
:10686000073302600B62016821F4406101604FEA66
:106870000C210268114301600020002184F83C10C3
:1068800001B0F0BD002800F09C8070B5044690F87F
:106890003D00002873D1002084F83C0047F22120FD
:1068A00047F22321C0F60200C0F6020147F253323C
:1068B00046F6D75546F6D776C0F6020246F2657C14
:1068C00046F2677EC0F60205C0F60206C4F88400F0
:1068D000C4F8881046F6D97046F23F7147F2553336
:1068E000C0F6020CC0F6020EC4F88C20C4E927568C
:1068F000C0F60200C0F6020145F6B72245F6B32500
:10690000C0F60203C4F894C0C4F898E0C0F60202CE
:10691000C0F6020545F6ED4C45F6CF4EC4F8A4008E
:10692000C4F8A81004F1B800616DC4F8903045F6C1
:10693000B92345F6B526C0F6020CC0F6020EC4F81F
:10694000AC2080E8205045F6EF4045F6C352C0F633
:106950000203C0F60206C0F60200C0F60202C4F846
:10696000B030C4F8B460C4F8C400C4F8C82021B979
:1069700046F6C711C0F6020161652046884702202D
:1069800084F83D002068211D01F0F2F9012084F80F
:10699000480084F83E0084F83F0084F8400084F802
:1069A000410084F8420084F8430084F8440084F8ED
:1069B000450084F8460084F8470084F83D00002034
:1069C00070BD01207047704780B561B10A1F4FEA62
:1069D000B20EBEF1030F17D8DFE80EF002191C1F2C
:1069E00000F13F021BE090F83E2090F84430012A6D
:1069F0004FF0010208BF012B40F0B280022280F864
:106A00003E2080F8442046E000F1430207E000F118
:106A1000400204E000F1410201E000F1420292F87C
:106A200000C0082906D0042914BF00F1470200F174
:106A3000450201E000F146021378BCF1010F4FF06E
:106A4000010208BF012B40F08B80BEF1030F07D875
:106A5000DFE80EF0020A0E12022280F83F200EE05C
:106A6000022280F843200AE0022280F8402006E05B
:106A7000022280F8412002E0022280F84220022215
:106A8000082906D0042914BF80F8472080F8452043
:106A900001E080F846204FEAB103032B4FF00102DA
:106AA0005ED84EF2047C0068C0F6030C5CF823C08C
:106AB000C36801F01F0143EA0C03C360036A02FAD2
:106AC00001F123EA01020262026A114342F6FF3237
:106AD000C4F20102904201620BDC40F2FF71C4F289
:106AE0000001884214DCB0F1804F28D040F2004110
:106AF00016E043F6FF71C4F20101884213DC42F64E
:106B00000041C4F20101884219D043F2004112E071
:106B100040F60001C4F20001884210D040F6004166
:106B2000C4F2000109E045F20001C4F2010188420B
:106B300005D044F20001C4F2010188420BD1816802
:106B40000722C0F20102114006294FF0000207D0CF
:106B5000B1F5803F04D00168002241F001010160DD
:106B6000104680BD10B5044600680169890744BF1E
:106B7000C1685FEA81715CD40169490744BFC1689B
:106B80005FEA417160D40169090744BFC1685FEAE7
:106B9000017165D40169C90644BFC1685FEAC1617A
:106BA00069D40169C9071CBFC1685FEAC1716ED1B0
:106BB0000169090644BFC1685FEA016170D40169D7
:106BC000C90544BFC1685FEA016172D40169490621
:106BD00044BFC1685FEA416174D40169890644BF5A
:106BE000C1685FEA816176D40169C90244BFC168A6
:106BF0005FEAC12178D40169890244BFC1685FEAB4
:106C000081217AD40169490244BFC1685FEA412108
:106C10007CD40169090246BFC1685FEA012110BD49
:106C20006FF400010161D4F8C8102046BDE810409F
:106C300008476FF002010161012121778069800717
:106C40006DD004F1940070E06FF004010161022145
:106C50002177806910F4407F6ED004F1940071E0D8
:106C60006FF00801016104212177C069800770D0AD
:106C700004F1940073E06FF01001016108212177A5
:106C8000C06910F4407F71D004F1940074E06FF09B
:106C900001010161D4F8841020468847206887E705
:106CA0006FF080010161D4F8B41020468847206855
:106CB00085E76FF480710161D4F8B81020468847E9
:106CC000206883E76FF040010161D4F88C10204602
:106CD0008847206881E76FF020010161D4F8AC108B
:106CE0002046884720687FE76FF480110161D4F85F
:106CF000BC102046884720687DE76FF400110161D1
:106D0000D4F8C0102046884720687BE76FF48001E4
:106D10000161D4F8C41020468847206879E7D4F888
:106D20009C102046884704F1A0000168204688474F
:106D30002068002121771FE7D4F89C10204688475F
:106D400004F1A000016820468847206800212177CF
:106D500019E7D4F89C102046884704F1A000016888
:106D60002046884720680021217713E7D4F89C103B
:106D70002046884704F1A000016820468847206823
:106D8000002121770DE780B586B0006842F600410A
:106D9000C4F2010188421CD141F24C00C4F202004D
:106DA000016841F001010160006801A900F00100E3
:106DB000019001984FF4E0600190022002900020C1
:106DC000039003200490062005904FF09040FDF7BB
:106DD00051FF06B080BD7047B0B5044690F83C0046
:106DE000012804BF0220B0BD0D464FEAB2010120C8
:106DF000052984F83C0048D8DFE801F0030B131B99
:106E000023332068294601F057F8206850F8181FEE
:106E10001EE02068294601F090F8206850F8181FFD
:106E200026E02068294601F0D6F8206850F81C1F9B
:106E30000EE02068294601F01CF9206850F81C1F5C
:106E400016E02068294601F062F9206850F8501FCA
:106E500041F008010160016821F004010160296925
:106E60000FE02068294601F082F9206850F8501F91
:106E700041F400610160016821F4806101602969C9
:106E800009020268114301600020002184F83C10CF
:106E9000B0BD002800F09C8070B5044690F83D001D
:106EA000002873D1002084F83C0047F2212047F2EB
:106EB0002321C0F60200C0F6020147F2533246F623
:106EC000D75546F6D776C0F6020246F2657C46F202
:106ED000677EC0F60205C0F60206C4F88400C4F856
:106EE000881046F6D97046F23F7147F25533C0F626
:106EF000020CC0F6020EC4F88C20C4E92756C0F676
:106F00000200C0F6020145F6B72245F6B325C0F6E9
:106F10000203C4F894C0C4F898E0C0F60202C0F6B8
:106F2000020545F6ED4C45F6CF4EC4F8A400C4F872
:106F3000A81004F1B800616EC4F8903045F6B9238A
:106F400045F6B526C0F6020CC0F6020EC4F8AC2019
:106F500080E8205045F6EF4045F6C352C0F60203E4
:106F6000C0F60206C0F60200C0F60202C4F8B03055
:106F7000C4F8B460C4F8C400C4F8C82021B946F607
:106F8000D571C0F60201616620468847022084F868
:106F90003D002068211D00F0EBFE012084F8480030
:106FA00084F83E0084F83F0084F8400084F84100F3
:106FB00084F8420084F8430084F8440084F84500D3
:106FC00084F8460084F8470084F83D00002070BD36
:106FD00001207047704770477047000059B10A1F81
:106FE0004FEAB202032A11D8DFE802F002130D16AD
:106FF00000F13F0312E090F83E20012A1BD102224B
:1070000080F83E2028E000F1410307E000F143034F
:1070100004E000F1400301E000F142031B78012B82
:1070200009D1032A0DD8DFE802F002100814022269
:1070300080F83F2010E001207047022280F84120B4
:107040000AE0022280F8432006E0022280F8402075
:1070500002E0022280F84220026801F01F010120B4
:10706000136A00FA01F18B431362136A0B43A2F116
:107070008041A1F596314FEAB1210729136252D818
:10708000884010F0E50F4ED0506C42F6FF31C4F24C
:10709000010140F400408A4250640BDC40F2FF7072
:1070A000C4F20000824214DCB2F1804F28D040F2DA
:1070B000004016E043F6FF70C4F20100824213DC88
:1070C00042F60040C4F20100824219D043F200406F
:1070D00012E040F60000C4F20000824210D040F6F8
:1070E0000040C4F2000009E045F20000C4F20100D3
:1070F000824205D044F20000C4F2010082420CD169
:1071000090680721C0F20101014006294FF00000FC
:1071100008D0B1F5803F08BF7047106840F001000B
:1071200010600020704742F6FF30C4F20100824236
:10713000B4DD43F6FF70C4F201008242C0DD44F2C8
:107140000000C4F201008242DAD045F20000C4F22D
:1071500001008242E1D1506C40F400405064CFE71E
:1071600010B5026801F01F0E4FF0010C146A0CFA02
:107170000EF324EA03031362A2F18043A3F59633CE
:10718000146A4FEAB323072B146213D80CFA03F3E3
:1071900013F0E50F0ED0136A41F2111423420FD100
:1071A000136A44F2444423420AD1536C23F400434B
:1071B000536405E045F20003C4F201039A42EAD0A9
:1071C000136A41F21114234208D1136A44F2444471
:1071D000234203D1136823F0010313604FEAB10186
:1071E000042908D8DFE801F0030B0F131700012171
:1071F00080F83E1012E0012180F843100EE00121DA
:1072000080F83F100AE0012180F8401006E00121DB
:1072100080F8411002E0012180F84210002010BDEA
:10722000704770472AB190F83C30012B03D10221FE
:107230008DE001218BE090F83D30012B16D11F2904
:1072400017D8DFE801F02326292C2F3235383B3EB2
:107250004144474A104D505356595C5F6265686B14
:107260006E7174777A7D00F184016BE090F83D30A7
:107270000BB1012168E00D29FBD8DFE801F0070A16
:107280000D101316191C1F2225282B2E00F14C015E
:1072900058E000F1500155E000F1540152E000F1D6
:1072A00058014FE000F15C014CE000F1600149E061
:1072B00000F1640146E000F1680143E000F16C0177
:1072C00040E000F170013DE000F174013AE000F1AE
:1072D000780137E000F17C0134E000F1800131E019
:1072E00000F188012EE000F18C012BE000F190010B
:1072F00028E000F1940125E000F1980122E000F17E
:107300009C011FE000F1A0011CE000F1A40119E0C4
:1073100000F1A80116E000F1AC0113E000F1B001AA
:1073200010E000F1B4010DE000F1B8010AE000F155
:10733000BC0107E000F1C00104E000F1C40101E07C
:1073400000F1C8010A600021002280F83C200846B4
:1073500070477047704710B58CB0002401A82021F9
:107360000B94CDE90944F9F789FB42F2FC60C2F2C3
:1073700000004FF0A0414FF4403280E816000E218B
:1073800001234FF0080C0162022100F1280EC0E930
:10739000053C4FF4A8624FF4806C8EE806104FF461
:1073A0008051C0E90344848380F8243080F8383069
:1073B000C16380F84040FCF701F808B1FBF705FB1A
:1073C00042F2FC60C2F2000009A90994FBF712FC2A
:1073D00008B1FBF7FAFA0020CCF6843001900620C1
:1073E0000290052003907F20049004200590002047
:1073F000069042F2FC60C2F2000001A9FBF788FC93
:1074000008B1FBF7E2FA0C20029042F2FC60C2F2F3
:10741000000001A9FBF77CFC08B1FBF7D6FA0220BB
:10742000C0F230400190122002900220039042F2FC
:10743000FC60C2F2000001A9FBF76AFC08B1FBF78F
:10744000C4FA1820029042F2FC60C2F2000001A9C6
:10745000FBF75EFC08B1FBF7B8FA0820C0F69040D5
:1074600001904FF48070029042F2FC60C2F2000082
:1074700001A9FBF74DFC08B1FBF7A7FA4FF48370A5
:10748000029042F2FC60C2F2000001A9FBF740FC4E
:1074900008B1FBF79AFA1020C1F2C00001904FF436
:1074A0008670029042F2FC60C2F2000001A9FBF774
:1074B0002FFC08B1FBF789FA4FF48970029042F271
:1074C000FC60C2F2000001A9FBF722FC08B1FBF747
:1074D0007CFA41F20000C3F2602001904FF48C70FE
:1074E000029042F2FC60C2F2000001A9FBF710FC1E
:1074F00008B1FBF76AFA4FF40070029042F2FC60A8
:10750000C2F2000001A9FBF703FC08B1FBF75DFA2A
:1075100044F20000C3F6C020019040F20620029021
:107520000320059040F246700690002007908DF8E9
:10753000200042F2FC60C2F2000001A9FBF7E8FB68
:1075400008B1FBF742FA4FF40370029042F2FC607C
:10755000C2F2000001A9FBF7DBFB08B1FBF735FA2B
:107560000020CCF22130019040F21220029006203F
:107570000390042005900020069042F2FC60C2F2C5
:10758000000001A9FBF7C4FB08B1FBF71EFA4FF49A
:107590000670029042F2FC60C2F2000001A9FBF703
:1075A000B7FB08B1FBF711FA0CB010BD70B588B08D
:1075B00068462021F9F762FA42F2947040F2001115
:1075C000C2F20000C5F20001012304264FF440324C
:1075D000002480E81600C0E9053602264FF4A861B1
:1075E00006254FF40062C0E90A614FF48051C0E9FA
:1075F00003448483056280F82430026380F83830C5
:10760000C16380F84040FBF7D9FE08B1FBF7DDF914
:107610000820C0F690408DE861007F20CDE903048A
:1076200040F24670CDE9050442F29470C2F20000C7
:1076300069468DF81C40FBF76BFB08B1FBF7C5F9F9
:107640000C20019042F29470C2F200006946FBF7F0
:107650005FFB08B1FBF7B9F91020C1F2C000009040
:10766000122001900120049042F29470C2F20000B6
:107670006946FBF74DFB08B1FBF7A7F9182001900D
:1076800042F29470C2F200006946FBF741FB08B178
:10769000FBF79BF92020C1F2F04000904FF480707E
:1076A00001900220049042F29470C2F200006946F8
:1076B000FBF72EFB08B1FBF788F94FF483700190BC
:1076C00042F29470C2F200006946FBF721FB08B158
:1076D000FBF77BF908B070BD80B542F62C0040F690
:1076E0000041C2F20000C4F202010160FCF7B0F9EF
:1076F00018B1BDE88040FBF768B980BD80B542F69F
:10770000540043F20001C2F20000C4F20201016021
:1077100000218180C0E9051103210162FCF7F6F91F
:1077200018B1BDE88040FBF750B980BD80B582B08C
:1077300041F24800C4F202000168002241F0040155
:107740000160016801F0040101910199016841F0B3
:10775000010101600068002100F001000090009824
:107760000B20FDF7ACFB0B20FDF797FB0C20002155
:107770000022FDF7A4FB0C2002B0BDE88040FDF71D
:107780008CBB70B542F6381046F60001C2F200001C
:10779000C4F200014FF44073002280E80E00282359
:1077A0000121836100F1240301824FF0780C4FF036
:1077B0002F0E072412250F26416172C31C210823B6
:1077C000C2608274C0F81CC0C0F820E0C0E90D138C
:1077D000C263FCF747FE18B1BDE87040FBF7F5B88F
:1077E00070BD80B542F6D01041F20041C2F20000F7
:1077F000C4F202010160FDF7E2F918B1BDE8804072
:10780000FBF7E3B880BD2DE9F04F87B04FF00008DB
:1078100041F24C00CDE90588C4F20200016840F253
:10782000004541F0040101600168C4F6000501F063
:10783000040101910199016805F5806441F020017E
:1078400001600168002201F02001019101990168A5
:1078500041F040010160016801F04001019101998E
:10786000016841F001010160016801F0010101912D
:107870000199016841F00201016000684FF40C4178
:1078800000F00200019001982046FDF7D3FA284647
:107890004FF459710022FDF7CDFA28464FF480418C
:1078A00001220127FDF7C6FA4FF4C04002904FF4C1
:1078B000041002AECDE9030720463146FDF7DAF9A0
:1078C0004FF4004A20463146CDE902A7CDE90488AD
:1078D000FDF7D0F903204FF4806BCDE9030805F5DF
:1078E000A0503146CDF808B0FDF7C4F9242002A914
:1078F00081E88101284631460597FDF7BBF944F23E
:10790000403002A981E881014FF002092846314642
:10791000CDF81490FDF7AEF94FF40410CDE903094A
:1079200028463146CDF808A0FDF7A4F92046314697
:10793000CDE902B7CDE90487FDF79CF94FF400606B
:1079400002901120CDE90307204631460597FDF747
:1079500091F9282000210022FDF7B1FA2820FDF737
:107960009CFA07B0BDE8F08F80B542F6082040F6DB
:107970000001C2F20000C5F206010022C0E90012B7
:10798000FEF752F818B1BDE88040FBF71EB880BD85
:1079900080B588B042F6E82044F200020021C2F22D
:1079A0000000C4F20102A72340F2DB5C0791CDE99D
:1079B00005110291C0E90023C0E9021CC0E90411CD
:1079C0008161FEF7FFF908B1FAF7FFFF4FF480502D
:1079D000049042F6E820C2F2000004A9FEF70CFC75
:1079E00008B1FAF7F2FF202001900020039042F640
:1079F000E820C2F2000001A9FEF77AF908B1FAF70F
:107A0000E4FF08B080BD70B59EB00DAC00262046E6
:107A10001C21CDE91C66CDE91A66CDE91866CDE9D1
:107A20001666CDE91466F9F729F868463421F9F7A6
:107A300025F842F61C2542F60040C2F20005C4F2C9
:107A400001002021C5E9000605F1080040F2EB42E3
:107A5000802346C02846C5E90563FEF7B3F908B19F
:107A6000FAF7B3FF2846FEF73AF9286844F6BF61F3
:107A7000C162E96028460121FEF762FE4FF48050A2
:107A80001A901AA92846FEF7B7FB08B1FAF79DFF2E
:107A900042F61C20C2F20000FFF7FBF908B1FAF72A
:107AA00094FF00204FF410011790CDE9181042F612
:107AB0001C20C2F2000017A9FEF71AF908B1FAF764
:107AC00084FF0120CDE91400169042F61C20C2F27A
:107AD000000014AA0121FEF765F808B1FAF775FF56
:107AE00060200D90201D1821F8F7C8FF42F61C20D9
:107AF000C2F2000021460022FFF76EF908B1FAF742
:107B000064FF42F61C20C2F200000DA90422FFF718
:107B100063F908B1FAF759FF42F61C20C2F20000DF
:107B20000DA90822FFF758F908B1FAF74EFF43F6FE
:107B3000FA700E9042F61C20C2F200000DA9142229
:107B4000FFF74AF908B1FAF740FF4FF4805104916A
:107B50004FF40051002005910821CDE906104FF0A7
:107B60000071CDE90200CDE900000890CDE90910CF
:107B7000CDE90B0042F61C20C2F200006946FDF779
:107B80009CFF08B1FAF721FF42F61C20C2F2000068
:107B9000FFF7F9F81EB070BD10B592B0002468462A
:107BA00018210894CDE90644F8F768FF42F6B4308E
:107BB000C2F200004FF08041C0E9001480218161D1
:107BC00003214FF0FF32CDE909140121C0E902423F
:107BD000CDE90B140422CDE90F1409A90461CDE904
:107BE0000D241192FEF710FC08B1FAF7EEFE4FF0EB
:107BF0000070069042F6B430C2F2000006A9089464
:107C0000FEF776F808B1FAF7E0FE0020CDE90000B3
:107C100004218DF80C00CDE9040042F6B430029145
:107C2000C2F200006946FEF72BF808B1FAF7CDFE64
:107C300012B010BD10B58CB042F6804040F2004248
:107C40000021C2F20000C4F20002A8234FF6FF7424
:107C50000B91CDE909110791CDE90511CDE903118A
:107C6000CDE90111C0E90023C0E90214016181617D
:107C7000FEF7A8F808B1FAF7A8FE4FF48050089074
:107C800042F68040C2F2000008A9FEF7B5FA08B13A
:107C9000FAF79BFE42F68040C2F20000FEF7F2FDCA
:107CA00008B1FAF792FE42F680400024C2F20000CA
:107CB00005A905940794FEF71BF808B1FAF785FEAD
:107CC0000A2001900120CDE902040420049042F62C
:107CD0008040C2F2000001A90022FEF745FD08B174
:107CE000FAF773FE42F68040C2F2000001A90422B6
:107CF000FEF73AFD08B1FAF768FE42F68040C2F29C
:107D0000000001A90822FEF72FFD08B1FAF75DFE79
:107D10000CB010BD4EF68850CEF20000016841F460
:107D2000700101607047000042F61C20C2F20000A2
:107D3000FEF718BF42F61C20C2F20000FEF712BF89
:107D400042F61C20C2F20000FEF70CBF42F61C20D7
:107D5000C2F20000FEF706BF42F6B430C2F20000E5
:107D6000FEF700BF42F68040C2F20000FEF7FABE06
:107D700080B540F6FF330268C4F2000343F2FF3CD3
:107D80009842C4F2010C0ADD604516DC40F600435F
:107D9000C4F2000398421CD042F6004315E0B0F153
:107DA000804F16D040F20043C4F20003984210D036
:107DB00040F60003C4F2000309E045F20003C4F2F8
:107DC0000103984205D043F20043C4F201039842F4
:107DD00003D14B6822F070021A43604514DC40F274
:107DE000FF73C4F20003984223DD40F60003C4F29F
:107DF0000003984231D040F60043C4F20003984299
:107E00002BD042F6004324E044F2FF33C4F20103D6
:107E1000984216DD44F20043C4F2010398421CD09C
:107E200045F20003C4F20103984216D044F6000361
:107E30000FE0B0F1804F10D040F20043C4F20003D5
:107E400009E043F20043C4F20103984205D044F232
:107E50000003C4F20103984203D1CB6822F44072BC
:107E60001A434B6922F0800E8A6843EA0E03D1F868
:107E700000C00360C262A0F18042A2F596324FEAD0
:107E8000B222092AC0F828C008D8012303FA02F256
:107E900040F2E5231A421CBF0969016301214161D7
:107EA00080BDD0F808C011432CF47F4C41EA032177
:107EB00041EA0C018160704770B5026AA0F180440C
:107EC00022F001020262036A4268D0F818C08D688D
:107ED000A4F59634D1F800E023F002034FEAB4246D
:107EE000092C43EA05030BD80125A54040F2E526FD
:107EF00035421FBFCD6823F00C0325F004052B434A
:107F0000092C0CD8012505FA04F440F2E5252C4291
:107F10001FBF22F44072D1E9054522432A434FF6A0
:107F20008C74CFF6FE740CEA040646EA0E06426034
:107F3000866149684163036270BDB0B5026A42F66A
:107F4000004422F010020262036AC4F20104426893
:107F5000D0F818E0A0428C68D1F800C023F02003CC
:107F600043EA04130BD045F20004C4F20104A0421A
:107F700005D043F20044C4F20104A04207D1CC680A
:107F80006FF0400523F0C00305EA04142343A0F179
:107F90008044A4F596344FEAB424092C0DD8012569
:107FA00005FA04F440F2E5252C421FBFD1E905454E
:107FB00022F440622C4342EA840248F6FF44CFF6A2
:107FC000FF640EEA040545EA0C25426085614968B4
:107FD00081630362B0BDB0B5026A42F6004422F488
:107FE00080720262036AC4F201044268D0F81CE0A5
:107FF000A0428C68D1F800C023F4007343EA042344
:108000000BD045F20004C4F20104A04205D043F2B3
:108010000044C4F20104A04207D1CC6840F2FF45FD
:10802000240223F44063AC432343A0F18044A4F52D
:1080300096344FEAB424092C0DD8012505FA04F42E
:1080400040F2E5252C421FBFD1E9054522F44052FC
:108050002C4342EA04124FF68C74CFF6FE740EEAFB
:10806000040545EA0C054260C5614968C1630362C5
:10807000B0BDB0B5026A42F6004422F480520262FA
:10808000036AC4F201044268D0F81CE0A0428C6884
:10809000D1F800C023F4005343EA04330BD045F277
:1080A0000004C4F20104A04205D043F20044C4F22B
:1080B0000104A04207D1CC6844F6FF75240323F4E1
:1080C0004043AC432343A0F18044A4F596344FEAE7
:1080D000B424092C0DD8012505FA04F440F2E52555
:1080E0002C421FBFD1E9054522F440422C4342EA0D
:1080F000841248F6FF44CFF6FF640EEA040545EA11
:108100000C254260C561496801640362B0BD70B569
:10811000026AA0F1804522F480320262A5F596350C
:10812000D0F820C04268036D0C68D1F808E04FEA2F
:10813000B525092D0BD8012606FA05F540F2E526EE
:1081400035421EBF4D6922F4803242EA05224FF6C5
:108150008F75CFF6FE752B402343426003652CF4E8
:108160000036496846EA0E428164026270BD70B50D
:10817000026AA0F1804522F480120262A5F59635CC
:10818000D0F820C04268036D0C68D1F808E04FEACF
:10819000B525092D0BD8012606FA05F540F2E5268E
:1081A00035421EBF4D6922F4802242EA852248F6FC
:1081B000FF75CFF6FF652B4043EA04234260036559
:1081C0002CF40016496846EA0E52C164026270BD82
:1081D00010B5D0F820C042F6FF342CF0010CC0F8E6
:1081E00020C0D0F818E0D0F820C0C4F20104A042AA
:1081F0000BDC40F2FF74C4F20004A04214DCB0F1C6
:10820000804F28D040F2004416E043F6FF74C4F2D9
:108210000104A04213DC42F60044C4F20104A0426F
:1082200019D043F2004412E040F60004C4F2000406
:10823000A04210D040F60044C4F2000409E045F228
:108240000004C4F20104A04205D044F20004C4F2C8
:108250000104A0420CD12EF00304224363F3071261
:108260002CF00A0301F00A0119448261016210BD79
:108270004EF00102F2E7000080B542F2E851C2F28E
:10828000000100200A4642F8040F88600A6047F2A5
:10829000AD3040F20002C0F60300C0F60202F8F76B
:1082A000C1FB4BF64960C0F60200BDE8804012F009
:1082B00049BD00002DE9F04F81B02DED108BE0B0ED
:1082C000C0B2002801F02A821E460F46022841F063
:1082D0002882D6F8CC5150A82CAC00F1040904F146
:1082E00004080F2D04F10800039201900EDAC5F185
:1082F0000F0006EB85010128D8BF012001F5C871E8
:1083000082001CA8F8F7D1FD012D07DBAA001CA8EC
:10831000801A06F5C8713C30F8F7C7FD38684EF290
:1083200038712B90C0F6030120468022CDE90476F7
:10833000F8F7BBFD9FEDD91A9FEDD92A201F04F154
:108340003C0C002150AD4EAE4DAF0123B7EE000AFC
:108350000DF1680A0DF5987E1BE000BF83EE053A2B
:1083600023EE033A23EE043A33EE004AB0EE453AE8
:10837000B1EEC44A0121DA074FF00003774624EE3C
:10838000033A85ED003A86ED003A56464D4600F038
:10839000A28104EB811292ED003A00EB811292ED82
:1083A000025AB0EEC34AB4EE424AB0EE423AF1EE9F
:1083B00010FAC8BFB0EE443A24EE014AB0EEC55AF6
:1083C00024EE044AB4EE435A01F10102C8BFB0EEF4
:1083D000404AF1EE10FA3A600ADD83EE053A23EEE8
:1083E000033A23EE043A33EE004AB0EE453A05E094
:1083F00085EE035A25EE055A35EE044A090100EBD5
:10840000810797ED035AB0EEC55AB4EE435AF1EE28
:1084100010FA0BDD83EE053A23EE033A23EE043A1D
:1084200033EE004AB0EE453A06E000BF85EE035A4F
:1084300025EE055A35EE044A97ED045AB0EEC55ABA
:10844000B4EE435AF1EE10FA0ADD83EE053A23EE5C
:10845000033A23EE043A33EE004AB0EE453A05E023
:1084600085EE035A25EE055A35EE044A97ED055A76
:10847000B0EEC55AB4EE435AF1EE10FA0ADD83EEBF
:10848000053A23EE033A23EE043A33EE004AB0EE07
:10849000453A05E085EE035A25EE055A35EE044AC5
:1084A00097ED065AB0EEC55AB4EE435AF1EE10FA03
:1084B0000ADD83EE053A23EE033A23EE043A33EE67
:1084C000004AB0EE453A05E085EE035A25EE055A1E
:1084D00035EE044A97ED075AB0EEC55AB4EE435A4A
:1084E000F1EE10FA0ADD83EE053A23EE033A23EEAD
:1084F000043A33EE004AB0EE453A05E085EE035A01
:1085000025EE055A35EE044A97ED085AB0EEC55AE5
:10851000B4EE435AF1EE10FA0ADD83EE053A23EE8B
:10852000033A23EE043A33EE004AB0EE453A05E052
:1085300085EE035A25EE055A35EE044A97ED095AA1
:10854000B0EEC55AB4EE435AF1EE10FA0ADD83EEEE
:10855000053A23EE033A23EE043A33EE004AB0EE36
:10856000453A05E085EE035A25EE055A35EE044AF4
:1085700097ED0A5AB0EEC55AB4EE435AF1EE10FA2E
:108580000ADD83EE053A23EE033A23EE043A33EE96
:10859000004AB0EE453A05E085EE035A25EE055A4D
:1085A00035EE044A97ED0B5AB0EEC55AB4EE435A75
:1085B000F1EE10FA0ADD83EE053A23EE033A23EEDC
:1085C000043A33EE004AB0EE453A05E085EE035A30
:1085D00025EE055A35EE044A97ED0C5AB0EEC55A11
:1085E000B4EE435AF1EE10FA0ADD83EE053A23EEBB
:1085F000033A23EE043A33EE004AB0EE453A05E082
:1086000085EE035A25EE055A35EE044A97ED0D5ACC
:10861000B0EEC55AB4EE435AF1EE10FA0ADD83EE1D
:10862000053A23EE033A23EE043A33EE004AB0EE65
:10863000453A05E085EE035A25EE055A35EE044A23
:1086400097ED0E5AB0EEC55AB4EE435AF1EE10FA59
:108650000ADD83EE053A23EE033A23EE043A33EEC5
:10866000004AB0EE453A05E085EE035A25EE055A7C
:1086700035EE044A97ED0F5AB0EEC55AB4EE435AA0
:10868000F1EE10FA0EDD83EE053A23EE033A23EE07
:10869000043A33EE004AB0EE453A09E00000806A41
:1086A0000000801485EE035A25EE055A35EE044A83
:1086B0000CEB810191ED005AB0EEC55AB4EE435A6D
:1086C000F1EE10FA3FF74AAE85EE035A25EE055A51
:1086D00035EE044A4CE6A4F1440011904C98DFEDCD
:1086E000C30A1090DDF834B19DED506ADDED514ABA
:1086F000DDED1A3A9DED4E7A04F110000F219FED49
:10870000BC3A9FEDBC5A9FEDBC4ADFEDBC1A0F90FE
:1087100019AA01201591F0EE602A0021CDF82C80D5
:108720000CE000BFF1EEE55A65EEA44A1598012170
:1087300010301590002018AACDED514AC0071490B2
:1087400052D050A800EB8103D3ED015AF4EE465A03
:10875000F1EE10FA48DD3C9BDDE92C762C933D9B35
:10876000DDE92E502D933E9BF0EE473A2E933F9B32
:108770003F902F93409B30983093419B409031988D
:108780003193429B419032983293439B429033986D
:108790003393449B439034983493459B449035984D
:1087A0003593469B459036983693479B469037982D
:1087B0003793489B479038983893499B489039980D
:1087C00039934A9B49903A983A934B9B4A903B98ED
:1087D0003B93109BF0EE464A3C973D963E954B905E
:1087E000CDF840B001E000BF5B460D0101EB011187
:1087F00004EB810C01F1020EDCED005A08EB81095B
:108800009B46002005F111038F0013914E46F0EEB8
:10881000606AF0EE427A714610600AE088EE278ABC
:1088200028EE088A78EE266A0131994206F104069C
:1088300014D296ED008AB0EEC88AB4EE678AF1EEE3
:1088400010FAEBDDC7EE887A67EEA77A67EEA66AC4
:1088500076EE806AF0EE487AE6E700BFF1EEE66A6F
:1088600066EEA77AF5EE407AF1EE10FA00F092800B
:10887000F0EEE56AF0EEE77AF4EE676AF1EE10FAF0
:108880000ADAC6EEA76A66EEA66A76EE806AF1EEAE
:10889000E66A66EEA77A11E0F4EE676AF1EE10FA86
:1088A0000ADDC7EEA67A67EEA77A77EE807AF1EE58
:1088B000E77A67EEA67A01E066EE847AF1EE676AFF
:1088C000F5EE405AF1EE10FAB8BFF0EE676AF0EE3E
:1088D000E77AF4EE437AF1EE10FA4FDA139805F1E5
:1088E000100845420F985C4607444FF0FF310126BF
:1088F000CDF848C08C46C645B24613D966EE856AA7
:10890000F0EEE67AF4EE437AF1EE10FA65EE855A6F
:1089100044DA0CF10101BCF1120F0AF10106E9DBA6
:108920003CE000BF15993E4656ED037A05EB010B7E
:1089300067EE857ABBF1010F46ED037ADED056ED86
:10894000027ABBF1020F67EE857A46ED027AD5D046
:1089500056ED017ABBF1030F67EE857A46ED017A99
:10896000CCD0D6ED007A043967EE857AC6ED007A70
:10897000681806F11006D7D1C0E700BF76EEE57A99
:10898000C7EEA67A05F110008645C2ED007A50D9EF
:10899000F0EE665A119E149AF6E000BFF0EE606A9F
:1089A000F0EE427A7146A3460BE000BF88EE278ABC
:1089B00028EE088A78EE266A0131994209F1040905
:1089C0001ED299ED008AB0EEC88AB4EE678AF1EE45
:1089D00010FAEBDDC7EE887A67EEA77A67EEA66A33
:1089E00076EE806AF0EE487AE6E700BF000000000D
:1089F0000000000C00000073F304B53FF304B53928
:108A0000F1EEE66A66EEA77AF0EEE56AF0EEE77A56
:108A1000F4EE676AF1EE10FA3EDAC6EEA76A119E2E
:108A200066EEA66A76EE806AF1EEE66A66EEA77AF0
:108A300045E075EEE65AC0EE255A1398159B414263
:108A40000F98119EC21900BF52ED037ACF1867EE3E
:108A5000A57A012F42ED037A1AD052ED027A022F45
:108A600067EEA57A42ED027A12D052ED017A032F19
:108A700067EEA57A42ED017A0AD0D2ED007A043B86
:108A800067EEA57AC2ED007AC81802F11002DBD1B8
:108A9000149AF0EE665A77E0F4EE676A119EF1EEF2
:108AA00010FA0ADDC7EEA67A67EEA77A77EE807A2B
:108AB000F1EEE77A67EEA67A01E066EE847AF1EEEF
:108AC000676AF5EE405AF1EE10FAB8BFF0EE676A49
:108AD00076EEE57AC7EEA67AC645C2ED007A0DD9E4
:108AE000DDF82C80BCF1FF3F33DADDF848C0149A82
:108AF000F0EE665A0DF1680A2CAC45E075EEE65AC8
:108B0000C0EE255A159900BF57ED037A6A1867EE33
:108B1000A57A012A47ED037AE2D057ED027A022ABC
:108B200067EEA57A47ED027ADAD057ED017A032A8B
:108B300067EEA57A47ED017AD2D0D7ED007A0439F5
:108B400067EEA57AC7ED007A681807F11007DBD148
:108B5000C6E7AAF10101DDF848C0149A122900F213
:108B6000708166EE835A0DF1680A2CACDFE801F0E3
:108B70000C0A0A0A0A0A0A0A0A0A0A0A0A0A0A0A53
:108B80000A0A0A00F0EE605A002ACCED005A00F002
:108B9000A285DDED196A4FF07E50F5EE406AF1EEE8
:108BA00010FACCF8000000F045839DED3B8ACDF82B
:108BB00048C0B5EE408AF1EE10FA5BD13A98400019
:108BC0006BD13998400040F0F4803898400040F074
:108BD00001813798400040F00E813698400040F007
:108BE00017813598400040F020813498400040F0D3
:108BF0002D813398400040F034813298400040F09D
:108C00003C813198400040F041813098400040F074
:108C100045812F98400040F04A812E98400040F056
:108C20004A812D98400040F04C819DED2C8AB5EE94
:108C3000408AF1EE10FA00F0FD82DDED3C7AF5EEAF
:108C4000407AF1EE10FA00F0F582002067EE882AF3
:108C500001214FF0000C4FF0000E4FF000090023EF
:108C6000CDE908000A90CDE90C000E901490002286
:108C7000002551E2202500220020002114910E91B0
:108C80000D910C910A910991089100234FF0000970
:108C90004FF0000E4FF0000C11E01F254FF0010CBB
:108CA00000220020002100234FF000094FF0000EA9
:108CB00014910E91CDE90C110A91CDE90811DDED69
:108CC0003C7A9DED3D9AF5EE407AF1EE10FAB5EE64
:108CD000409A08BF0121F1EE10FA4FF0000708BFDB
:108CE0000127394200F034813E99490040F030813B
:108CF000002A40F09D823F9949007AD1002840F037
:108D000097824099490040F09F801499002940F0D3
:108D10008F824199490040F0AE800E99002940F0C1
:108D200087824299490040F0C0800D99002940F0A7
:108D30007F824399490040F0C2800C99002940F09D
:108D400077824499490040F0EF800A99002940F069
:108D50006F824599490040F0E9800999002940F067
:108D600067824699490040F0E3800899002940F065
:108D70005F8247992746490040F0DC80ABB94899AB
:108D8000490040F0D980B9F1000F0ED1499949004E
:108D900040F0D480BEF1000F07D14A99490040F05D
:108DA000CF80BCF1000F00F07F840DF1680A3C46D3
:108DB0003EE200211E254FF0010E002200201491FA
:108DC0000E91CDE90C110A91CDE9081100234FF065
:108DD00000095FE700211D254FF001090022002056
:108DE00014910E91CDE90C110A91CDE908110023DF
:108DF0004EE71321A9E000211C25012300220020B9
:108E000014910E91CDE90C110A91CDE908113DE7BD
:108E1000012000211B2508900022002014910E91B2
:108E2000CDE90C11CDE909112FE7012000211A2508
:108E300009900022002014910E91CDE90C110A91A5
:108E400022E7F0EE605A55E614217EE00120002171
:108E500019250A900022002014910E91CDE90C11E1
:108E600011E70120002118250C9000220020149108
:108E7000CDE90D1106E7152167E001200021172536
:108E80000D900022002014910E91FAE6012000219D
:108E900016250E90002200201491F1E601201525E0
:108EA0001490002200200021E9E616214DE014254F
:108EB00001200022E1E6132500200122DDE6172132
:108EC00043E0DDED3C7A9DED3D8AF5EE407AF1EE32
:108ED00010FA4FF00000B5EE408A08BF0120F1EE15
:108EE00010FA4FF0000108BF0121084240F0A281B2
:108EF000DDED2C2A9DED2D9A67EEA22A28EE098A37
:108F0000002078EE222A01254FF0000C4FF0000ED1
:108F10004FF000090023CDE908000A90CDE90C00CC
:108F20000E9014900022F6E018210EE019210CE0BA
:108F30001A210AE01B2104E01C2102E01D2100E0AF
:108F40001E21119E0DF1680A3C46A94280F0E28084
:108F5000DDED2C2A9DED2DAA9DED2EBA9DED3ECA8C
:108F600067EEA22A29EE0A9A79EE222A2CEE0B9AB3
:108F700079EE222A12B100250122CCE09DED2F9A34
:108F80009DED3FAA2AEE099A79EE222A10B100221D
:108F90000120BFE09DED309A9DED40AA14982AEE85
:108FA000099A79EE222A18B1012100201491B0E02B
:108FB0009DED319A9DED41AA0E982AEE099A79EE1F
:108FC000222A28B10020149001200E900020A0E059
:108FD0009DED329A9DED42AA0D982AEE099A79EEFE
:108FE000222A28B100200E9001200D9000208FE051
:108FF0009DED339A9DED43AA0C982AEE099A79EEDD
:10900000222A28B100200D9001200C9000207EE043
:109010009DED349A9DED44AA0A982AEE099A79EEBC
:10902000222A28B100200C9001200A9000206DE037
:109030009DED359A9DED45AA09982AEE099A79EE9B
:10904000222A28B100200A900120099000205CE02B
:109050009DED369A9DED46AA08982AEE099A79EE7A
:10906000222A28B1002009900120089000204BE01E
:109070009DED379A9DED47AA2AEE099A79EE222AAC
:109080001BB10020089001233DE09DED389A9DED35
:1090900048AAB9F1000F2AEE099A79EE222A03D0E4
:1090A00000234FF001092CE09DED399A9DED49AA6E
:1090B000BEF1000F2AEE099A79EE222A04D04FF071
:1090C00000094FF0010E1BE09DED3A9A9DED4AAA72
:1090D000BCF1000F2AEE099A79EE222A04D04FF053
:1090E000000E4FF0010C09E09DED4B9A4FF0000C83
:1090F00029EE088A78EE222A4FF0000E4FF0000980
:1091000000230020089009900A900C900D900E907A
:109110001490002200250021F5EE402AF1EE10FA0D
:1091200000F08680CDE906CEDDF84CE062EEA66A5E
:10913000CEF1110706EB870797ED008A002926EE8E
:10914000888A77EEC87ACDED3C7A71D1CEF11201E2
:1091500006EB8101D1ED007A9DED3D8A66EEA77A9E
:1091600078EE677A002DCDED3D7A61D1CEF1130115
:1091700006EB8101D1ED007A9DED3E8A66EEA77A7D
:1091800078EE677A002ACDED3E7A51D1CEF1140106
:1091900006EB8101D1ED007A9DED3F8A66EEA77A5C
:1091A00078EE677A0028CDED3F7A41D1CEF11500F7
:1091B00006EB8000D0ED007A9DED408A149866EEB3
:1091C000A77A78EE677ACDED407A88BBCEF11600AB
:1091D00006EB8000D0ED007A9DED418A0E9866EE98
:1091E000A77A78EE677ACDED417A08BBCEF1170009
:1091F00006EB8000D0ED007A9DED428A0D9866EE78
:10920000A77A78EE677ACDED427A88B9CEF1180068
:1092100006EB8000D0ED007A9DED438A0C9866EE57
:10922000A77A78EE677A0028CDED437A00F0AE8118
:10923000DDF848C0F5EE404AF1EE10FACCED005AE8
:109240003FF474AADDED3C5AC4EEA36AF0EEE55A91
:10925000C5EEA45A66EEA66A65EEA55A70EE655A8A
:10926000F5EE405AF1EE10FAB8BFF0EE605A66EE35
:10927000A56AF4EE616AF1EE10FA3FF753AADDED4C
:109280003D3ADDED3E5AF0EEE36A66EE813A63EE7A
:10929000A34AF4EE426AF0EE423AF0EEE55AF1EEFD
:1092A00010FAC4BFF0EE663AF0EE404AF4EE635AAC
:1092B000F1EE10FA0ADDC3EEA53A63EEA33A63EECF
:1092C000A43A73EE804AF0EE653A05E0C5EEA35A83
:1092D00065EEA55A75EEA44ADDED3F5AF0EEE55A6B
:1092E000F4EE635AF1EE10FA0ADDC3EEA53A63EE2E
:1092F000A33A63EEA43A73EE804AF0EE653A05E0D5
:10930000C5EEA35A65EEA55A75EEA44ADDED405AA6
:10931000F0EEE55AF4EE635AF1EE10FA0ADDC3EE10
:10932000A53A63EEA33A63EEA43A73EE804AF0EEF8
:10933000653A05E0C5EEA35A65EEA55A75EEA44A56
:10934000DDED415AF0EEE55AF4EE635AF1EE10FA13
:109350000ADDC3EEA53A63EEA33A63EEA43A73EED8
:10936000804AF0EE653A05E0C5EEA35A65EEA55ACF
:1093700075EEA44ADDED425AF0EEE55AF4EE635A7A
:10938000F1EE10FA0ADDC3EEA53A63EEA33A63EEFE
:10939000A43A73EE804AF0EE653A05E0C5EEA35AB2
:1093A00065EEA55A75EEA44ADDED435AF0EEE55A96
:1093B000F4EE635AF1EE10FA0ADDC3EEA53A63EE5D
:1093C000A33A63EEA43A73EE804AF0EE653A05E004
:1093D000C5EEA35A65EEA55A75EEA44ADDED445AD2
:1093E000F0EEE55AF4EE635AF1EE10FA0ADDC3EE40
:1093F000A53A63EEA33A63EEA43A73EE804AF0EE28
:10940000653A05E0C5EEA35A65EEA55A75EEA44A85
:10941000DDED455AF0EEE55AF4EE635AF1EE10FA3E
:109420000ADDC3EEA53A63EEA33A63EEA43A73EE07
:10943000804AF0EE653A05E0C5EEA35A65EEA55AFE
:1094400075EEA44ADDED465AF0EEE55AF4EE635AA5
:10945000F1EE10FA0ADDC3EEA53A63EEA33A63EE2D
:10946000A43A73EE804AF0EE653A05E0C5EEA35AE1
:1094700065EEA55A75EEA44ADDED475AF0EEE55AC1
:10948000F4EE635AF1EE10FA0ADDC3EEA53A63EE8C
:10949000A33A63EEA43A73EE804AF0EE653A05E033
:1094A000C5EEA35A65EEA55A75EEA44ADDED485AFD
:1094B000F0EEE55AF4EE635AF1EE10FA0ADDC3EE6F
:1094C000A53A63EEA33A63EEA43A73EE804AF0EE57
:1094D000653A05E0C5EEA35A65EEA55A75EEA44AB5
:1094E000DDED495AF0EEE55AF4EE635AF1EE10FA6A
:1094F0000ADDC3EEA53A63EEA33A63EEA43A73EE37
:10950000804AF0EE653A05E0C5EEA35A65EEA55A2D
:1095100075EEA44ADDED4A5AF0EEE55AF4EE635AD0
:10952000F1EE10FA0ADDC3EEA53A63EEA33A63EE5C
:10953000A43A73EE804AF0EE653A05E0C5EEA35A10
:1095400065EEA55A75EEA44ADDED4B5AF0EEE55AEC
:10955000F4EE635AF1EE10FA0ADDC3EEA53A63EEBB
:10956000A33A63EEA43A73EE804AF0EE653A05E062
:10957000C5EEA35A65EEA55A75EEA44AF1EEE44A8B
:1095800064EEA33AF0EE634AFFF7D0B8CEF11900CB
:1095900006EB8000D0ED007A9DED448A0A9866EED5
:1095A000A77ADDF848C078EE677A0028CDED447AD6
:1095B0007FF440AECEF11A0006EB8000D0ED007AC9
:1095C0009DED458A099866EEA77A78EE677A0028BD
:1095D000CDED457A7FF42EAECEF11B0006EB800078
:1095E000D0ED007A9DED468A089866EEA77A78EE6F
:1095F000677A0028CDED467A7FF41CAECEF11C00D0
:1096000006EB8000D0ED007A9DED478A66EEA77AE2
:1096100078EE677A002BCDED477A7FF40BAECEF172
:109620001D0006EB8000D0ED007A9DED488A66EEC5
:10963000A77A78EE677AB9F1000FCDED487A7FF41A
:10964000F9ADCEF11E0006EB8000D0ED007A9DED65
:10965000498A079866EEA77A78EE677A0028CDEDFA
:10966000497A7FF4E7AD8EF01F0006EB8000D0ED65
:10967000007A9DED4A8A069866EEA77A78EE677AB8
:109680000028CDED4A7A7FF4D5ADCEF1200006EB6F
:109690008000D0ED007A9DED4B8A66EEA76A78EEE9
:1096A000666ACDED4B6AC5E59DED4BAA2021B5EE6E
:1096B00040AAF1EE10FA18BF1F217FF442ACB5EEBC
:1096C000408A119EF1EE10FA0DF1680A3C467FF4D3
:1096D000AFADFFF73ABC9DED2C6A9FED6E1AF0EE30
:1096E000C61A21EE812A1098F4EE421AF1EE10FA11
:1096F0004C90CDF834B1CDF808B0CDED151A8DED04
:10970000142A21DC00252CA8CDE91A554FF0010BB5
:109710000B904FF000094FF00008E1E000201060CE
:10972000F8E240F64020C2F20000D0F8801BF1B110
:109730000B46D6F8D001642928BF6423C31A38BF6A
:10974000643306EB830315E09DED3D1A0025B0EE72
:10975000C11AB4EE421AF1EE10FA27DD01984FF06B
:1097600002084FF001090B904FF0000BB8E0D6F85B
:10977000D0013B4693ED000A97ED001A9FED462A73
:1097800031EE400A01EE101AB8EE411A20EE020A3C
:1097900080EE010A622882ED000A396846F820103E
:1097A0008CBF00200130C6F8D001B3E29DED3C7AB9
:1097B0001B95B5EE407AF1EE10FA1A9500F087800D
:1097C000B0EEC72AF4EE421AF1EE10FA0ADA81EE90
:1097D000821A21EE011A31EE001AB1EEC11A61EEC1
:1097E000020A11E0F4EE421AF1EE10FA0ADD82EEFE
:1097F000211A21EE011A31EE001AB1EEC11A61EE02
:10980000210A01E061EE840AB0EEE01AB4EE431AD8
:10981000F1EE10FA17DA27EE057A26EE055AF0EE89
:10982000C70AB0EEC56AB4EE606AF1EE10FA20DA4B
:1098300086EE201A21EE011A31EE000AB1EEC00ABE
:1098400020EE200A2CE0B1EE600AB5EE406AF1EE9F
:1098500010FAB8BFB0EE600A30EE461A36EE402A73
:1098600081EE001A87EE022AB0EE406A8DED1A1AD8
:109870002BE0B4EE606AF1EE10FA0FDD80EE861A8E
:1098800021EE011A31EE000AB1EEC00A20EE060AFE
:1098900006E000BF0000003600007A4426EE040A0D
:1098A000B1EE401AB5EE405AF1EE10FAB8BFB0EE84
:1098B000401A31EE450A35EE412A80EE010A87EE64
:1098C000022A21EE036A8DED1A0A8DED3C2A01254C
:1098D0004FF000094FF001084FF0010B8DED2C6A9D
:1098E0001CAB0FCB0DF5A07C8CE80F00DDE920014F
:1098F00022AFCDE95401CFCF0DF5AC7CDDED192AB7
:109900008CE8CF0028AB2B9A0BCBF5EE402AF1EE7A
:1099100010FACDE95E325D915C9000F0E7809DED3C
:109920005F0A9DED3B1ADDED503A9DED5E4A9DEDDF
:109930003A5A8DED121A21EE001A9DED5D6A9DEDE9
:10994000397A25EE042ADDED5C0ADDED381A31EEB8
:10995000231A67EE065A31EE021A61EEA06ADDEDB7
:109960005B4A31EE251ADDED375A31EE261ADDED70
:109970005A6ADDED367A25EEA42A9DED598A9DEDD1
:10998000359A31EE021A27EEA62A9DED58AA9DEDD2
:1099900034BA31EE021A29EE082A9DED57CA9DED20
:1099A00033DA31EE021A2BEE0A2A9DED56EA9DEDCE
:1099B00032FA31EE021A2DEE0C2ADDED558ADDED7C
:1099C000319A31EE021A2FEE0E2ADDED54AADDEDAA
:1099D00030BA31EE021A29EEA82ADDED53CADDEDC8
:1099E0002FDA31EE021A2BEEAA2A31EE021A2DEEF0
:1099F000AC2ADDED52EADDED2EFA8DED130A31EEE3
:109A0000020A9DED512A9DED2D1A2FEEAE3A30EE51
:109A1000030A21EE023A30EE030A60EE222AF5EE46
:109A2000402AF1EE10FA61D033EEE20A8DED500AD1
:109A300022EE810A32EE400A8DED510A22EEAF0A83
:109A40003EEEC00A8DED520A22EEAD0A3CEEC00A8F
:109A50008DED530A22EEAB0A3AEEC00A8DED540AA0
:109A600022EEA90A38EEC00A8DED550A22EE8F0AC1
:109A70003EEE400A8DED560A22EE8D0A3CEE400A7B
:109A80008DED570A22EE8B0A3AEE400A8DED580A08
:109A900022EE890A38EE400A8DED590A22EEA70A15
:109AA00036EEC00A8DED5A0A22EEA50A34EEC00A3F
:109AB0008DED5B0A22EEA10A30EEC00A8DED5C0A44
:109AC00022EE870A36EE400A8DED5D0A22EE850A07
:109AD00034EE400A8DED5E0A9DED120A9DED131ADB
:109AE00022EE800A31EE400A8DED5F0ADDED182A84
:109AF000059EF5EE402A0020F1EE10FA169000F0D7
:109B0000D1809DED5F0A9DED4B3ADDED513A9DED23
:109B10005E4A9DED4A5A23EE001A9DED5D6A9DED69
:109B2000497A25EE042ADDED5C0ADDED481A31EEB6
:109B3000231A67EE065A31EE021A61EEA06ADDEDD5
:109B40005B4A31EE251ADDED475A31EE261ADDED7E
:109B50005A6ADDED467A25EEA42A9DED598A9DEDDF
:109B6000459A31EE021A27EEA62A9DED58AA9DEDE0
:109B700044BA31EE021A29EE082A9DED57CA9DED2E
:109B800043DA31EE021A2BEE0A2A9DED56EA9DEDDC
:109B900042FA31EE021A2DEE0C2ADDED558ADDED8A
:109BA000419A31EE021A2FEE0E2ADDED54AADDEDB8
:109BB00040BA31EE021A29EEA82A31EE021A2BEE33
:109BC000AA2A71EE02EADDED53CA9DED3F2ADDEDD2
:109BD00052DA9DED3E1A62EE2CFA7EEEAFEA61EEAD
:109BE0002DFA7EEEAFEA6EEEA22AF5EE402AF1EEF5
:109BF00010FA57D022EE811A3DEEC11A8DED521A9D
:109C000022EE821A3CEEC11A8DED531A22EEAB1AE7
:109C10003AEEC11A8DED541A22EEA91A38EEC11A85
:109C20008DED551A22EE8F1A3EEE411A8DED561A21
:109C300022EE8D1A3CEE411A8DED571A22EE8B1A48
:109C40003AEE411A8DED581A22EE891A38EE411A71
:109C50008DED591A22EEA71A36EEC11A8DED5A1A59
:109C600022EEA51A34EEC11A8DED5B1A22EEA11A6E
:109C700030EEC11A8DED5C1A22EE871A36EE411ACB
:109C80008DED5D1A22EE851A34EE411A8DED5E1AC5
:109C900022EE831A73EEE23A30EE410ACDED513AEC
:109CA0008DED5F0A9DED150A9DED141A1790B4EE27
:109CB000410AF1EE10FA33DC02984EABDDE91612E0
:109CC00003EB800040F8041C1098039903EB80001C
:109CD00040F8042C4E9848F689030860D6F8CC0169
:109CE000C8F68803411C0A460E29A8BF0E22821A14
:109CF0000F32A2FB0337049B06EB80001B68C0F801
:109D00009031F8080001A0EBD700101A801A08441F
:109D1000C6F8CC0160B0BDEC108B01B0BDE8F08F8F
:109D200016AF4FEA880250A93846F7F7BEF8A8F1F7
:109D3000010107EB810090ED000ABBF1000FB5EEC9
:109D4000400A0CD0F1EE10FA27D00B9A02EB8112E8
:109D500012ED011A80EE010A80ED000A5FE0F1EEDB
:109D600010FA00F069810B9AB9F1000F02EB811231
:109D700012ED011A04EB811280EE010A80ED000A57
:109D800000F07A8192ED001A9DED162A21EE000A6C
:109D900032EE400A8DED160A52E1B9F1000F3ED0C5
:109DA000A8F1020207EB820090ED000AB5EE400A2E
:109DB000F1EE10FA33D0120104EB810303EB8203BE
:109DC00013ED011A022980EE011A80ED001A28D342
:109DD00004EB82019DED162A91ED000A20EE011A96
:109DE00032EE411A8DED161A90ED002A20EE022A6D
:109DF00031EE421A8DED161A90ED002A20EE022A5D
:109E000031EE421A8DED161A90ED002A20EE022A4C
:109E100031EE422A8DED162A90ED001ADEE7032975
:109E20004FD29DED1A0AB5EE400AF1EE10FA24D099
:109E30009DED171A9DED3C2A9DED163A21EE021A72
:109E40009FEDA02A002D18BFB0EE412A32EE031A72
:109E500020EE410AB5EE401A30EE032AF1EE10FA78
:109E60008DED162A09D09DED3C1A9DED172A21EEA5
:109E7000000A32EE000A8DED170A002D7FF41CAFA8
:109E80009DED1B0AB5EE400AF1EE10FA3FF414AF57
:109E90009DED171A20EE410AB5EE401A30EE012A68
:109EA000F1EE10FA8DED172A3FF406AF9DED3D1A45
:109EB0009DED172A21EE000A32EE000A8DED170AF9
:109EC000FAE69FED800A002011E000BF91ED033A11
:109ED00032EE032A21EE421AB5EE402A31EE033A61
:109EE000F1EE10FA81ED033A40F09A8010300AEB5F
:109EF000000292ED001A3918B5EE401AF1EE10FA90
:109F000023D091ED002AB0EE403A35B123189DEDF3
:109F1000173A93ED104A23EE043A33EE023A21EE5B
:109F2000431AB5EE403A31EE022AF1EE10FA81ED15
:109F3000002A0AD0231893ED102A9DED173A22EE3D
:109F4000011A33EE011A8DED171A92ED011AB5EED2
:109F5000401AF1EE10FA23D0B0EE402A35B12318A2
:109F60009DED172A93ED113A22EE032A91ED013A65
:109F700032EE032A21EE421AB5EE402A31EE033AC0
:109F8000F1EE10FA81ED013A0AD0231893ED112A6F
:109F90009DED173A22EE011A33EE011A8DED171AD4
:109FA00092ED021AB5EE401AF1EE10FA23D0B0EE9F
:109FB000402A35B123189DED172A93ED123A22EE6F
:109FC000032A91ED023A32EE032A21EE421AB5EE4F
:109FD000402A31EE033AF1EE10FA81ED023A0AD04E
:109FE000231893ED122A9DED173A22EE011A33EE53
:109FF000011A8DED171A92ED031AB5EE401AF1EE23
:10A0000010FA3FF473AF002DB0EE402A3FF45EAF7C
:10A0100022189DED172A92ED133A22EE032A55E7F6
:10A02000211891ED132A9DED173A22EE011A33EE15
:10A03000011A8DED171A59E7B9F1000F3FF43CAE44
:10A04000A8F1020207EB820090ED000AB5EE400A8B
:10A05000F1EE10FA3FF430AE120104EB810303EB92
:10A06000820313ED011A022980EE010A80ED000A35
:10A07000FFF422AE04EB82029DED162A92ED001A47
:10A0800021EE000A32EE400A8DED160A90ED002A0C
:10A0900021EE022A30EE420A8DED160A90ED002ADA
:10A0A00021EE022A30EE420A8DED160A90ED002ACA
:10A0B00021EE022A30EE422A8DED162A90ED000A9A
:10A0C000DEE700BF0000000070470000B0B5006888
:10A0D00042F23061C2F20001006C0A6842F2205C78
:10A0E000821A42F2346E08601146C2F2000CC2F2CB
:10A0F000000E12F5FA6FD8BF01F57A61DCF8003076
:10A10000DEF8000042F23864C2F2000454F8205035
:10A11000B2F5FA6FA8BFA2F57A615A1B431C44F846
:10A1200020105018CEF800300A2BCCF8000024BFC5
:10A130000020CEF80000B0BD0168096908470000A2
:10A1400001680969084700000168096908470000BB
:10A150000168096908470000006842F60041C4F23E
:10A160000101884218BF704742F61C20C2F200006D
:10A1700000684FF05072C16821F08001C16040F268
:10A180001841C4F600010A60002141638163C16384
:10A1900042F23450C2F20000016841F0080101604F
:10A1A000704700004EF60C50BFF34F8FCEF2000008
:10A1B0000168042201F4E061C0F2FA521143016027
:10A1C000BFF34F8F00BF00BF00BF00BFFAE7000022
:10A1D000006840F20041C4F20001884218BF704795
:10A1E00000F098B8000000002DE9F0412DED048B3F
:10A1F00040F64024C2F2000441F2A510255C9FED18
:10A20000442A9FED413B6E1E072E4FF0300032D89E
:10A21000DFE806F0700431313109212611EE100A11
:10A22000B0EE418A20E010EE100AB0EE608AB0EE87
:10A23000409A13F07DFD41EC100B04F58A5080ED3F
:10A24000000B18EE100A13F073FD41EC130B78208D
:10A25000B0EE492A0FE010EE900AB0EE608A03E0FB
:10A2600011EE900AB0EE618A13F062FD41EC130B1F
:10A270003020B0EE482A41F2A912A25C41F29418B3
:10A28000204441F2101154F80870084480ED003B5E
:10A2900072B341F2AA10205C012829D1012E04D802
:10A2A00004F6583080ED002A22E0E81E05281FD869
:10A2B000DFE800F003031E0F24270020C4F84C0B36
:10A2C000C4F8500BC4F8540BC4F8580BC4F85C0B1A
:10A2D0000EE041F28811214491ED000B04F5356048
:10A2E00080ED002A51EC100B12F076FFC4F8540BED
:10A2F00044F80870BDEC048BBDE8F08104F65430DE
:10A30000D0E704F65C30CDE700000000000000005C
:10A31000000000002DE9F04F83B040F2104AC4F66F
:10A32000000A42F22451DAF80000C2F200010A7871
:10A33000C0F3001090404FF60042CFF6FF725AF87B
:10A3400002204B78C2F300129A401043DAF8002042
:10A35000897802F0010202FA01F142F2185408432E
:10A36000C2F200042070207842F22D59C2F2000996
:10A3700010B1207807280AD142F23450C2F200000E
:10A38000016841F01001016099F800002070207808
:10A39000C3A189F80000207842F263660D5C41F6A3
:10A3A000BC60C2F200000078C2F20006C007BFF332
:10A3B0005F8F00F052813078A84210D0281A063002
:10A3C00042F6AB2141430A0C02EBD17101EB410192
:10A3D000A0EB410000F0FB0001284FD1357041F6A1
:10A3E0009C6BC2F2000BBBF804002178AEA232F8DD
:10A3F000111042F260680F1841F2555010FA87F5BB
:10A400001920C0F20600A5FB0006B8B24EF6A7213F
:10A41000884241F6B860C2F2000028BF063E0078CC
:10A42000C2F20008C007BFF35F8F00F0278142F23D
:10A430003850C2F200000780BBF80E00B0B399F8A4
:10A44000000030B3B8F800104AF6AB22701A06309C
:10A45000CAF6AA22A0FB02239A0802EB4202A0EB52
:10A46000420242F21C50C2F200000368012A2BD1C2
:10A470000133036041F255503D1A27E042F2345057
:10A48000C2F20000016841F04001016003B0BDE884
:10A49000F08F42F21C50C2F200000021016042F62F
:10A4A000B430C2F2000000684162016442F22E50F2
:10A4B000C2F200000780A8F80060207889F8000048
:10A4C000207803B0BDE8F08F013B036042F2646086
:10A4D000C2F20000037842F22E57C2F20007012BAD
:10A4E0003D8013D0002B40F0A680002E08BF052928
:10A4F00003D0052E08BF0029DDD142F6B431C2F2E7
:10A500000001096800224A620A6491E0711C8B1FF5
:10A5100018BF0B4642F6B431C2F200010968012AA5
:10A5200040F2A412C2F20002496A126842F2626763
:10A5300001FB02F242F26661C2F20001C2F20007C0
:10A5400008BF334621F8132001223D789A402A4360
:10A55000D3B23F2B3A70AED10F88BBF80420022350
:10A560000370B81A4F8841F25553BF1A1844FB1AAA
:10A570008F881BB203FA80F0BB1A43F6FF77DB1B10
:10A58000CF8800FA83F0BB1A46F6A927DB1B0F8998
:10A59000498900FA83F0BB1A46F6AD273B44891A75
:10A5A00044F2030200FA83F0114400FA81F04AF603
:10A5B000AB21C2F6AA2150FB01F000EBD0751020B0
:10A5C00010F046F9AAF14841A1F58061029144F2E8
:10A5D0004311C4F64C11016045F24221C5F24141DC
:10A5E000416044F25451C0F64421C0F807100021E4
:10A5F0000090C17242F2F850C2F2000001680B20D4
:10A60000019031B1684688479DF90B00B0F1FF3FDA
:10A6100005DC0299009821F000410DF018FA42F291
:10A620003050C2F20000058042F22C50C2F200000D
:10A63000012101703FE7002E08BF052904D0052E37
:10A6400008BF00297FF437AF42F6B430C2F20000F1
:10A6500000680021416201642DE741F6BC60C2F24E
:10A6600000000DF013FE00283FF4A5AE41F6BC60DB
:10A67000C2F2000035700DF01FFE9CE641F6B86096
:10A68000C2F200000DF002FE00283FF4D0AE41F609
:10A69000B860C2F20000A8F800600DF00DFEC6E63A
:10A6A000FF040203000501000000AAAA555500801E
:10A6B000000055D5AA2A000042F2C860C2F200008C
:10A6C000018849B140F2AC12C2F20002126802EBFA
:10A6D0005102B2FBF1F101E040F6E34140F2B01269
:10A6E000C2F200021180B0F9140042F22851C2F205
:10A6F000000108607047000042F2E462C2F200020A
:10A70000B2F90C00B2F91010B2F914200DF0FEBB32
:10A710007047000010B540F64024C2F2000441F238
:10A72000AA10205C01284AD141F29410205840F22E
:10A73000ED31884203D040F2572188423FD141F2A7
:10A74000A510205C411E01290AD804F58A5090ED1D
:10A75000000B51EC100B12F03FFDC4F8580B10BD6C
:10A760000338052888BF10BDDFE800F00303290F78
:10A770001F2A0020C4F84C0BC4F8500BC4F8540B2B
:10A78000C4F8580BC4F85C0B10BD04F58A5090ED6A
:10A79000000B51EC100B12F01FFD41F28811214407
:10A7A00091ED000BC4F8500B03E004F58A5090EDD6
:10A7B000000B51EC100B12F00FFDC4F8540B10BD40
:10A7C00004F58A5090ED000B51EC100B12F004FDD3
:10A7D000C4F85C0B10BD000042F2E462C2F2000259
:10A7E000B2F90000B2F90410B2F908200DF08EBBE6
:10A7F0002DE9F04F81B02DED028B40F64028C2F2DA
:10A80000000841F2A51018F800000138072800F2EE
:10A810003383DFE810F00800F5019F00F8004500E1
:10A820006A02D002820108F58B5494ED000B9FED73
:10A83000EE1B51EC100B53EC112B13F0A4FA002873
:10A8400040F0EE8340F22866C2F2000696F8090452
:10A850004FF480710228A6F8091440F0808441F278
:10A860004810404490ED000B54EC105B9FEDE00B62
:10A87000284653EC102B214613F09AFA002840F09A
:10A8800047849FEDDD0B284653EC102B214613F037
:10A890009DFA002800F05A844FF4004000F05ABCA2
:10A8A00041F2941058F8000040F25621884240F0DE
:10A8B000E88241F29C10012108F8001041F2A51035
:10A8C000042208F8002042F2E050C2F200000078B2
:10A8D00040F22862C2F20002012882F80E141ED152
:10A8E00042F27050C2F200000021017040F2A81044
:10A8F000C2F20000007842F61C20C2F2000000689C
:10A9000041638163C16342F23450C2F200000160CE
:10A9100040F21840C4F600004FF05071016041F25F
:10A92000A91018F8000080B141F2AA1018F8000030
:10A9300001280AD10020C8F84C0BC8F8500BC8F801
:10A94000540BC8F8580BC8F85C0B41F2941040F255
:10A9500056218FE241F29C1018F8009041F2381015
:10A96000404490ED000B41F2AF1054EC105B9FEDB2
:10A970009E0B18F800A056EC107B284621463A465C
:10A98000334613F000FA002800F08B82B9F1010F72
:10A9900040F08782BAF1000F40F0838242F2E05229
:10A9A000C2F2000241F2A5100521127808F8001049
:10A9B00040F22861C2F200010020012A81F80E0451
:10A9C00081F8080440F0588242F27051C2F200014E
:10A9D000087040F2A811C2F20001097842F61C2169
:10A9E000C2F20001096848638863C86342F23451C7
:10A9F000C2F20001086040F21840C4F600004FF0B7
:10AA00005071016038E241F2941058F8000040F2B1
:10AA10005C61884240F0A58241F2A510012108F84E
:10AA2000001040F22864D8F81C1BC2F20004042075
:10AA3000D8F8202BC4F8F813D8F8281B84F80E0493
:10AA4000D8F8105BD8F814CBD8F8180BC4F8FC234E
:10AA5000C4F8041441F2A6110522D8F8F8EAD8F88F
:10AA6000FC9AD8F800ABD8F804BBD8F8087BD8F823
:10AA70000C6BD8F8243BC4F8F403C4E9FB5CD8F8A9
:10AA8000080B08F801204FF48B51002548F80150BD
:10AA900008F58B51C4F80034C4E9F5E9C4E9F7AB13
:10AAA000C4E9F9764D6013F043F941EC100B41F223
:10AAB0006810404480ED000B41F2901048F80050BF
:10AAC00041F278104FF0663148F8001046F26661A6
:10AAD0004044C3F6E671416041F27B4141F270109F
:10AAE000C4F2AE7148F8001047F6E1214044C3F6C5
:10AAF000847141604FF48C50002148F8005008F5F3
:10AB00008C50C3F6F071416041F2581048F8005083
:10AB100040444560C4F8F453AEE141F2381040447B
:10AB200090ED000B51EC100B9FED2F0B54EC105BD4
:10AB30002A46234613F027F9002800F04E8141F2FF
:10AB40003010404490ED000B2A4651EC100B234688
:10AB500013F019F9002800F0A28241F2941058F87D
:10AB6000000040F28A31884240F0868141F29C1018
:10AB700018F800000138042800F27E81DFE810F0A8
:10AB80008F0279007C01ED00050041F66450C2F2AD
:10AB9000000090ED3D8A18EE100A13F0C9F841EC60
:10ABA000100B08F58A5080ED000B41F2A51007212B
:10ABB00008F8001041F2A91018F8000040F22861CE
:10ABC000C2F2000100284FF0050081F80E0400F0E9
:10ABD000228441F2AA1018F80000012840F01B84DA
:10ABE00008F6543000F015BC000000000000000022
:10ABF000000000000000E040000000000000E0C095
:10AC000041F23810404490ED000B51EC100B1FED59
:10AC10000A0B54EC105B2A46234613F0B4F80028C4
:10AC200000F0DB8041F23010404490ED000B2A46EA
:10AC300051EC100B234613F0A6F8002800F02F82E9
:10AC400041F2941058F8000040F28A31884240F0F6
:10AC5000138141F29C1018F800000138052800F219
:10AC60000B81DFE810F01C020600090109019403C2
:10AC7000AD0341F2A510062108F8001008F5306177
:10AC800040F2286091ED008AC2F20000022180F8B3
:10AC90000E1418EE100A13F04BF841EC100B08F5E7
:10ACA0008A5080ED000B41F28810002148F8001016
:10ACB00041F2A91118F801104044002940F20001A6
:10ACC000C3F6F071416000F0A68341F2AA1018F8B3
:10ACD0000000012840F09F8308F5356080ED008A70
:10ACE0004FF07E50C8F8540B95E341F238104044C1
:10ACF00090ED000B51EC100B1FED450B54EC105B6D
:10AD00002A46234613F03FF8002866D041F230105F
:10AD1000404490ED000B2A4651EC100B234613F0F3
:10AD200032F8002800F0BB8141F2941058F800007E
:10AD300040F28A31884240F09F8041F29C1018F81E
:10AD400000000138052800F29780DFE810F0A80124
:10AD50009500950006002003CA0341F66450C2F234
:10AD6000000090ED3E8A18EE100A12F0E1FF41EC6F
:10AD7000100B08F58A5080ED000B41F2A51002215E
:10AD800008F8001041F2A91018F8000040F22861FC
:10AD9000C2F2000100284FF0040081F80E0400F018
:10ADA0003A8341F2AA1018F80000012840F03383DA
:10ADB00008F658302DE341F23810404490ED000B76
:10ADC00051EC100B1FED780B54EC105B2A46234618
:10ADD00012F0D9FF002840F0568141F2A51003215E
:10ADE00008F8001042F2E050C2F20000007840F291
:10ADF0002861C2F2000101284FF0070081F80E041B
:10AE00001ED142F27050C2F200000021017040F2E7
:10AE1000A810C2F20000007842F61C20C2F2000026
:10AE2000006841638163C16342F23450C2F20000A2
:10AE3000016040F21840C4F600004FF0507101600C
:10AE400041F2A91141F2941018F8012058F80010AD
:10AE500082B141F2AA1218F80220012A0AD1002276
:10AE6000C8F84C2BC8F8502BC8F8542BC8F8582BEE
:10AE7000C8F85C2B48F80010BDEC028B01B0BDE8AF
:10AE8000F08F41F23810404490ED000B51EC100B64
:10AE90001FEDAB0B53EC102B12F075FF002872D096
:10AEA000EAE741F2941058F800A0284621463A46B5
:10AEB000334612F068FF0028DED040F28A30824527
:10AEC000DAD1B9F1010FD7D141F2A510042108F868
:10AED000001042F2E050C2F20000007840F2286117
:10AEE000C2F2000101284FF0010081F80E041ED1CA
:10AEF00042F27050C2F200000021017040F2A8102E
:10AF0000C2F20000007842F61C20C2F20000006885
:10AF100041638163C16342F23450C2F200000160B8
:10AF200040F21840C4F600004FF05071016041F249
:10AF3000A91018F80000002800F06D8241F2AA1054
:10AF400018F80000012840F066820020C8F84C0B79
:10AF5000C8F8500BC8F8540BC8F8580BC8F85C0B6D
:10AF600059E241F23810404490ED000B51EC100BC7
:10AF70001FEDE30B54EC105B2A46234612F003FF4F
:10AF8000002840F0A28041F2A510032108F800102B
:10AF900042F2E050C2F20000007840F22861C2F2B2
:10AFA000000101284FF0070081F80E041ED142F283
:10AFB0007050C2F200000021017040F2A810C2F2ED
:10AFC0000000007842F61C20C2F2000000684163D5
:10AFD0008163C16342F23450C2F20000016040F26A
:10AFE0001840C4F600004FF05071016041F2A91002
:10AFF00018F8000000283FF43FAF41F2AA1018F8FB
:10B00000000001287FF438AF0020C8F84C0BC8F8C6
:10B01000500BC8F8540BC8F8580BC8F85C0B2BE75A
:10B0200040F22867D8F80C0BC2F20007C7F8E80313
:10B0300041F2A61018F80000D8F8101BD8F8142B0D
:10B0400001380528C7F8EC13C7F8F0233FF614AF12
:10B05000DFE810F006006C01F1001701E200790151
:10B0600041F2981058F80000642808D34FF48B5030
:10B07000002148F800100020C3F6F07060604FF423
:10B080008A500022E3E041F23010404490ED000B82
:10B090002A4651EC100B234612F075FED8BB41F244
:10B0A000A510042108F8001042F2E050C2F200009E
:10B0B000007840F22861C2F2000101284FF001003F
:10B0C00081F80E043FF49DAEBAE641F230104044E0
:10B0D00090ED000B2A4651EC100B234612F053FE64
:10B0E00000284DD141F2A510042108F8001042F2C9
:10B0F000E050C2F20000007840F22861C2F2000184
:10B1000001284FF0010081F80E043FF450AF6DE7C5
:10B1100047F6FF701EE041F2941058F8000040F22C
:10B120008A3188427FF4A8AE41F29C1018F80000E2
:10B13000013805283FF6A0AEDFE810F00700440014
:10B140000600E8010600420196E6A8E728462146E7
:10B1500012F0C0FAA6F8A601012086F8080441F210
:10B16000A510042128F8001042F2E050C2F20000BD
:10B1700000780121012886F80E143FF442AE5FE604
:10B1800041F29C1018F8000001283FF475AE0CF055
:10B19000A1FF41F2941058F8000040F28A31884231
:10B1A0007FF46AAE41F29C1018F8000002380428BF
:10B1B0003FF662AEDFE810F0060005002700EB0066
:10B1C0008C0259E641F2A510062108F8001040F261
:10B1D0002860C2F20000022180F80E14D8F8000B9B
:10B1E00012F0A6FD41EC100B08F58A5080ED000B23
:10B1F00041F28810002148F8001000214044C3F6B5
:10B20000F07141609CE14FF48A50002148F8001031
:10B2100008F58A50416087E197F8090400283FF457
:10B220002BAE41F250100021002248F8001040449B
:10B23000C3F6F07224E241F29810002248F8002090
:10B2400041F2A610012108F800104FF48A5048F886
:10B25000002041F2A91018F8000008F58A530028D0
:10B2600041F2941058F800105A603FF403AE41F2D6
:10B27000AA1218F80220012A04BF0022C8F8582B8D
:10B28000F8E541F2581908EB090696ED000B51EC70
:10B29000100B9FEDF30B53EC102B12F074FD0028F4
:10B2A00000F0018141F2A610052108F800104FF4CA
:10B2B0008B50002548F80050D8F8080B656012F054
:10B2C00037FD41EC100B41F26810404480ED000B5B
:10B2D00041F2901048F8005041F278104FF066317A
:10B2E00048F8001046F266614044C3F6E6714160DA
:10B2F00041F27B4141F27010C4F2AE7148F8001087
:10B3000047F6E1214044C3F6847141604FF48C500C
:10B31000002148F8005008F58C50C3F6F0714160E8
:10B3200048F809507560C7F8F453A5E541F250108C
:10B330000021002248F800104044C4F2100242608C
:10B3400041F2981086E041F2901058F80000400059
:10B3500066D097F80904022862D141F250104044A7
:10B3600090ED000B9FEDC01B51EC100B53EC112B1B
:10B3700012F009FD002853D041F25010002148F886
:10B38000001000214044C4F2080141605FE041F632
:10B390006450C2F20000D0F8F40012F0C9FC41EC95
:10B3A000100B08F58A5080ED000B41F2A510072123
:10B3B00008F8001040F22860C2F200000521BDE04C
:10B3C00008F62C3090ED008A18EE100A12F0B0FC4E
:10B3D00041EC100B08F58A5080ED000B41F2A510EE
:10B3E000082108F8001041F2A91018F8000040F2F6
:10B3F0002861C2F2000100284FF0060081F80E0417
:10B4000009D041F2AA1018F80000012803D108F66B
:10B410005C3080ED008A41F2941040F28A3129E5D7
:10B4200041F66450C2F20000D0F8F40020F0004071
:10B4300012F07EFC024608F58C5090ED000B0B4696
:10B4400051EC100B12F0C2FC002800F08C8041F28D
:10B450009810002197ED448A48F8001041F2A61098
:10B46000062108F8001018EE100A12F061FC41ECF9
:10B47000100B41F2A91018F8000008F58A520028B4
:10B4800041F2941058F8001082ED000B3FF4F2AC3A
:10B4900041F2AA1218F80220012A04BF08F6583215
:10B4A00082ED008AE6E441F2901058F80000400076
:10B4B00000F0DE8097F80904012840F0D98041F2BD
:10B4C0009810002148F8001041F2A610012208F857
:10B4D00000204FF48A5048F8001008F58A50416067
:10B4E000E2E0D8F82C0B12F023FC41EC100B08F52D
:10B4F0008A5080ED000B41F2A510082108F80010D9
:10B5000040F22860C2F20000062117E041F66450C4
:10B51000C2F20000D0F8F80012F00AFC41EC100B67
:10B5200008F58A5080ED000B41F2A510022108F8C1
:10B53000001040F22860C2F20000042180F80E14CE
:10B5400041F2A91018F8000041F29414002840F2CA
:10B55000572048F8040018BFFFF7DCF840F28A30A3
:10B5600048F8040088E441F27811414491ED000B61
:10B5700041F2981058F8009051EC100B9FED900B91
:10B5800055EC106B32462B4612F0A4F941EC100B2F
:10B590000DF096FA51EC100B12F0CCF804468145F0
:10B5A0000FD341F25010404490ED000B9FED861BED
:10B5B00051EC100B53EC112B12F0E5FB002840F07E
:10B5C000A18041F27010404490ED000B324651ECE6
:10B5D000100B2B4612F07EF941EC100B0DF070FAB7
:10B5E00051EC100B12F0A6F881457AD2A14551D347
:10B5F00041F25010404490ED000B9FED771B51EC51
:10B60000100B53EC112B12F0BEFB002842D008F5B2
:10B61000306191ED000A9FED721A9FED722A31EEB2
:10B62000401A32EE400A9FED702A41F2A610032123
:10B63000B4EE421A08F80010F1EE10FAC8BFB0EEEE
:10B64000401A11EE100A12F073FB41EC100B41F29C
:10B650004810404480ED000BFFF70EBC00BF00BF58
:10B660000000000000807640000000000000004064
:10B6700041F25010002148F8001040444FF0804241
:10B68000426041F2981048F8001041F2A6100621DD
:10B6900008F80010D7F8100112F04AFB41EC100B2B
:10B6A00008F58A5080ED000B41F2A91018F800004F
:10B6B00041F2941458F80450002840F2572048F8FA
:10B6C000040018BFFFF726F848F80450FFF7D4BB72
:10B6D0004FF48A50002148F8001008F58A50416064
:10B6E00009E741F25010404490ED000B55EC106B0F
:10B6F0009FED310B304653EC102B294612F043FBE3
:10B70000002844D041F2581208EB020494ED000BDB
:10B7100041F2A610042108F8001051EC100B9FED27
:10B720002A0B53EC102B11F089FD41EC100B84ED2A
:10B73000000B11F051FD41F2681108EB010494ED8A
:10B74000000BC7F8F40308F6083090ED008A51ECBE
:10B75000100B11F041FD00EE100A38EE400A41F2E4
:10B76000901040449FED211AB5EE400A80ED000A8A
:10B77000F1EE10FA18BFB0EE481A11EE100A12F0EE
:10B78000D7FA41EC100B84ED000BFFF775BB9FED72
:10B79000100B304653EC102B294612F0F4FA002817
:10B7A0003FF424AF41F2A610022108F80010002057
:10B7B000C7F8F403FFF760BB000000000000004082
:10B7C0000000000000408F40000000000000F03F3B
:10B7D00000000000000008400000000000001040D1
:10B7E0000000344200809DC30000B443000000000C
:10B7F0002DE9F04740F64025C2F2000541F2AC10B9
:10B80000285C03283FD002280FD001280BD141F239
:10B810009410285840F26471884200F0818040F210
:10B820006371884261D0BDE8F08741F2AD1041F20A
:10B83000AE11285C695C884240F0748141F294103A
:10B84000285840F2637188424FD041F2B011695CD0
:10B85000002940F08E8040F264718842E3D14FF4B9
:10B860008950295C41F224102858032900F0648192
:10B8700002292AD001296FD140F22861C2F20001C9
:10B88000C1F8AC0168E041F2AD1041F2AE11285CA4
:10B89000695C884240F0468141F29410285840F299
:10B8A0006371884221D040F2647188425AD14FF4CA
:10B8B0008950295C41F224102858012900F0978012
:10B8C000032900F08D80022920D141F22811695806
:10B8D00040F22862C2F20002C2F8D00131F000400A
:10B8E00018BF012082F8D40136E041F21010295827
:10B8F0002844828940F22863C2F20003A3F8A821F9
:10B90000D0E90102C3E96710C3F8A42141F2AC10E9
:10B910000321295441F2B01001212954BDE8F087D8
:10B920004FF489502A5C41F22410285840F22861D3
:10B93000012AC2F2000146D0032A40D0022A40F078
:10B94000F18041F22812AA58C1F8D00132F000402B
:10B9500018BF012081F8D40141F2AC100221295412
:10B96000BDE8F08741F2B010285C002808BFBDE8B0
:10B97000F08740F22869C2F2000999ED740A9FED40
:10B98000721A4FF6FF7820EE010A9FED701AB0EEA2
:10B99000C02AB4EE412AF1EE10FA33DAB6EE001AFC
:10B9A000B4EE410AF1EE10FA15DABEEE001AB4EE6A
:10B9B000410AF1EE10FA21DD9FED650A33E001F551
:10B9C000DE72B02302E001F5D672A02319441060A4
:10B9D000C1F80C01A6E030EE010A0DF0DBF911E030
:10B9E00040F22861C2F20001C1F8BC018EE740F2CA
:10B9F0002861C2F20001C1F8AC0187E730EE010A0C
:10BA00000DF0EAF89FED531A4FF6FF7AB4EE410AB3
:10BA1000F1EE10FA0BDAB5EE400AF1EE10FA02DAA6
:10BA20004FF0000A03E0BDEEC00A10EE10AA99F82C
:10BA3000D46199F89E0142F2E05199F89D31002EAF
:10BA40003746C2F2000118BF0127002818BF0120A5
:10BA50000978002B18BF0123012936D1B9F9A411A7
:10BA600099F8A221002908BF002A2BD042F278546D
:10BA7000C2F200042180A270A4F804A0A071E371B6
:10BA800027720BF0FDFF41F69C60C2F20000A0F8A7
:10BA900004A0C77142F22450C2F200000024012128
:10BAA0000470002E18BF022141704FF0020118BF30
:10BAB00001218170FEF72EFC42F21C50C2F2000000
:10BAC000046002E0BAF1000FD0D141F212102E5CF6
:10BAD00041F21A102C5E204611F059FE41EC100B79
:10BAE00041F24810284480ED000BC6B1A0B20021FD
:10BAF00089F80A140121404541F2A41008BF02212F
:10BB0000285C41F2941489F809142E5940F25C61C2
:10BB10000028295118BFFEF76BFE2E5102E00120CC
:10BB200089F80A0441F2AC100121295441F2B01005
:10BB300000212954BDE8F08740F22861C2F20001DB
:10BB4000C1F8BC0108E700BF610B36430000004BA1
:10BB500000000000000080472DE9F0412DED068B2C
:10BB600040F64020C2F2000000F62C7898ED001A52
:10BB7000B0EE408AB1EE410AB4EE408AF1EE10FA1E
:10BB8000C0F2A380BFEE009A00F56A6500F5626618
:10BB900000F55A67B6EE00AA00F6A864B4EE498A2A
:10BBA000F1EE10FA33DAB4EE408AF1EE10FA2EDD3F
:10BBB00095ED001A31EE080ABDEEC00A10EE100A2B
:10BBC00006EB800010ED010ABDEEC02A38EE090A2E
:10BBD00031EE001ABDEEC11A11EE100A06EB80001C
:10BBE00010ED011A12EE100A07EB8000BDEEC11A2B
:10BBF00010ED012A11EE100A07EB800010ED011A7A
:10BC0000B4EE412AF1EE10FAB8BFB0EE408A28EE49
:10BC10000A0AB5EE400AF1EE10FA03DA0CF0DCFF86
:10BC200002E000BF0DF0B6F895ED002A32EE001AE2
:10BC300032EE080ABDEEC12A12EE100A06EB8000B1
:10BC4000BDEEC03A10ED012A13EE101A06EB810189
:10BC500011ED013ABDEEC24A14EE102A07EB820242
:10BC6000BDEEC35A12ED014A15EE102A07EB82020F
:10BC700012ED015AB4EE454AF1EE10FA25DA043815
:10BC8000043980ED003A81ED002A90ED002A38EE6B
:10BC9000088ABDEEC22A12EE100A04EB800000ED05
:10BCA000011A91ED001ABDEEC11A11EE100A04EB53
:10BCB000800000ED010A98ED000AB1EE400AB4EEF2
:10BCC000408AF1EE10FABFF669AFBDEC068BBDE815
:10BCD000F08100002DE9F0412DED068B40F640206B
:10BCE000C2F2000000F6287898ED001AB4EE410A7E
:10BCF000F1EE10FA00F3A380B0EE408AB7EE009A9E
:10BD000000F56A6500F5626600F55A67B6EE00AAAE
:10BD100000F6A864B4EE498AF1EE10FA33DDB4EE11
:10BD2000418AF1EE10FA2EDA95ED001A38EE090A82
:10BD300031EE002ABDEEC22A12EE100A31EE081AC8
:10BD400006EB8000BDEEC11A10ED012A11EE100ABB
:10BD500006EB8000BDEEC22A10ED011A12EE100AA9
:10BD600007EB8000BDEEC11A10ED012A11EE100A9A
:10BD700007EB800010ED011AB4EE412AF1EE10FA43
:10BD8000B8BFB0EE408A28EE0A0AB5EE400AF1EEDE
:10BD900010FA03DA0CF020FF02E000BF0CF0FAFF0B
:10BDA00095ED002A32EE081A32EE000ABDEEC12AE5
:10BDB00012EE100A06EB8000BDEEC03A10ED012A2B
:10BDC00013EE101A06EB810111ED013ABDEEC24AE5
:10BDD00014EE102A07EB8202BDEEC35A12ED014A9F
:10BDE00015EE102A07EB820212ED015AB4EE454A15
:10BDF000F1EE10FA23DA0438043980ED003A81EDCF
:10BE0000002A90ED002A38EE088ABDEEC22A12EE12
:10BE1000100A04EB800000ED011A91ED001ABDEE4E
:10BE2000C11A11EE100A04EB800000ED010A98ED32
:10BE3000001AB4EE418AF1EE10FA7FF76BAFBDEC59
:10BE4000068BBDE8F081000088B000200790104606
:10BE50001546F4F7ECFD04464FF6F870C7F6FF7090
:10BE6000844252D20B2C04D201AE8DF80F4064B93B
:10BE700010E044F00700471C38460EF0E9FC064687
:10BE8000019047F00040CDE9024030462946224665
:10BE9000F4F784FF00251EA201A8002135550BF000
:10BEA0005BF9D0E900138268CDE9041342F2F8513E
:10BEB000C2F200010968069205604560856009B11B
:10BEC00004A888479DF91B00B0F1FF3F05DC0699E7
:10BED000049821F000410BF0BAFD9DF90F00B0F17C
:10BEE000FF3F05DC0399019821F000410BF0AFFD05
:10BEF00007980130079007980130079007980130A4
:10BF00000790079801300790F2E701A80BF020F89E
:10BF10006F73616C5F696E69745F7072655F6D618C
:10BF2000696E5F743A3A6F6E5F666174616C28295E
:10BF3000202D3E200000000040688068704700000F
:10BF4000426800209368994238BF7047D2681A440B
:10BF5000914298BF01207047F0B581B00746006854
:10BF60001546426838461C460E46904768B1386808
:10BF7000A9194268384690470146002C4FF000004E
:10BF800018BF002904D101B0F0BD002001B0F0BD00
:10BF9000204631462A46F4F746FF012001B0F0BDA5
:10BFA00070B5044600681546426820460E46904724
:10BFB00020B12068A919426820469047002070BD32
:10BFC000F0B581B0044600681646426820461D461A
:10BFD0000F46904700284AD02068F1194268204651
:10BFE00090470146002D4FF0000018BF002901D1F5
:10BFF00001B0F0BDD4E900010B68D1E90212D0F81C
:10C0000018C02046E04790B36068324681680068F7
:10C01000791A21F0070108442946F4F704FF206843
:10C02000016920468847F8F7B3FD6068C168CE080B
:10C0300013D08568002000276168096801EBC00300
:10C0400051F830205B6800202946F8F73DFD0137A4
:10C05000B8B2864205F10805EED8F8F723FD009046
:10C0600000980090F8F724FD012001B0F0BD0020F9
:10C0700001B0F0BD4068C0687047000080B586B070
:10C0800040680021406801220291CDE90320059219
:10C090000191F8F77DFD02A801A9F8F7CBFBF8F7AD
:10C0A00007FD012006B080BD0120704701464EF219
:10C0B000A0424068C0F6030208320A6080B1B0B501
:10C0C0000C46017C31B9016821B1054608460BF0E8
:10C0D000B7FC284614210BF0BAFC2146BDE8B0405D
:10C0E000084608210BF0B3BC01464EF2A04240685E
:10C0F000C0F6030208320A6080B1B0B50C46017C7C
:10C1000031B9016821B1054608460BF099FC284673
:10C1100014210BF09CFC2146BDE8B0400846704756
:10C1200090F90B100268002958BF0246002A04BF8C
:10C130000020704780B5107840F6006CCEF2000CFD
:10C1400048B300214FF0604EDCF88030DB070B462F
:10C150001CBFDCF800105FEAC17106D112F8010FB4
:10C16000591C0028F0D114E000BFDEF8001069B9B6
:10C1700000BFDEF8001049B900BFDEF8001029B991
:10C1800000BFDEF800100029EED000BF8EF80000DE
:10C19000E4E7981C00E00120DCF88010C9071CBF10
:10C1A000DCF800105FEAC17100D180BD4FF0604142
:10C1B0000A6852B900BF0A683AB900BF0A6822B9D2
:10C1C00000BF0A680AB900BFF2E70A220A7080BD00
:10C1D00080B540F24830C2F20000006880474FF45A
:10C1E0007A720023F4F712FA80BD0000F0B587B030
:10C1F00008B1FF253EE040F2B410C2F20000C4696D
:10C2000001F00F0707F5E06040F20F7100250126ED
:10C21000CDE9051001A92046CDE901550496039604
:10C22000F7F70AFF07F5007040F20F21CDE905107E
:10C2300001A92046CDE9015604960396F7F7FCFEC6
:10C240000220CDE902060F20CDE9050701A920460D
:10C2500001950496F7F7F0FE032002A961C14FF49F
:10C260008070059040F20F10069001A920460195BC
:10C27000F7F7E2FE68B207B0F0BD00002DE9F04F1D
:10C280008FB0002818BF11F0010102D10FB0BDE836
:10C29000F08F40F2B417C2F20007F969884204D067
:10C2A000796C8842F2D1012500E0002542F23C5130
:10C2B000C2F200010968E940C907E7D00021CDE9D1
:10C2C0000311CDE9011101A90DF1140801F10804D0
:10C2D000064640462821F4F7D1FB3046402142462D
:10C2E0002346F7F77BFF05EB850007EBC009D9F87C
:10C2F000246099F80120D6E900400599031BB2EBB0
:10C30000231FBDF822206FF3DF2101918DF8082053
:10C3100009D804F11001451A03D020462A46F5F742
:10C32000B7FA60197060B168884205D201AF8ECF4C
:10C3300000F110058EC043E0D6F800B0A0EB0B086A
:10C34000012000EB2815B5F1805F45D2A1EB0B0A67
:10C350004FF6F070B5EBEA0FC7F6FF7038BF4FEA43
:10C36000EA05824528BF6FF070453DB1B5F1805FA9
:10C3700034D228010EF06CFA074600E0002707EBE4
:10C38000051201AD4FEA281000922CCD049C07EB5A
:10C39000001100013A50C1E90135CC6001F11005EE
:10C3A000384659464246F4F780FD0098BBF1000F2D
:10C3B000C6E90075B06003D0584651460BF047FB04
:10C3C000D9F81410756000293FF460AFD9F818004F
:10C3D00088470FB0BDE8F08F0AF0C6FD0BF010FBE8
:10C3E0002DE9F0438FB058B140F2B419C2F2000900
:10C3F000D9F81C10884206D0D9F84410884204D0DD
:10C400000FB0BDE8F083002400E0012442F23C516B
:10C41000C2F200010968E140C907F1D004EB8401D0
:10C4200009EBC106726822B1B1680546084690471B
:10C430002846376AD7E9005295423DD0804695E8B4
:10C440004300EB68CDE9021605F11001561A04937A
:10C45000019003D028463246F5F71AFAA8197860F9
:10C4600044EA840009EBC000C0694FF40071002267
:10C470000024F7F70BFD8DF83B40019805A96FF3F9
:10C48000DF20CDE905049DF808000794000408901A
:10C4900001A800F108024046CDE90944CDE90B446A
:10C4A0000D94F7F771FD8DF83B009DF83B008DF87A
:10C4B0003B000FB0BDE8F08301208DF8140044EA82
:10C4C000840009EBC000C0690168496DC1F34021D7
:10C4D0008DF814104FF40071F7F7FEFD9DF814006D
:10C4E000F16800298CD030690FB0BDE8F0430847EF
:10C4F000FDF758FE81B041F24C00C4F20200016821
:10C5000041F001010160006800F001000090009816
:10C5100001B0704781B041F24C00C4F202000168E2
:10C5200041F002010160006800F0020000900098F4
:10C5300001B0704781B041F24C00C4F202000168C2
:10C5400041F004010160006800F0040000900098D0
:10C5500001B0704781B041F24C00C4F202000168A2
:10C5600041F008010160006800F0080000900098A8
:10C5700001B0704781B041F24C00C4F20200016882
:10C5800041F010010160006800F010000090009878
:10C5900001B0704781B041F24C00C4F20200016862
:10C5A00041F020010160006800F020000090009838
:10C5B00001B0704781B041F24C00C4F20200016842
:10C5C00041F040010160006800F0400000900098D8
:10C5D00001B070472DE9F04786B007880026B6EB1A
:10C5E000173F4ED1FEB20A2E4BD84EF2902C3D0A88
:10C5F00007F00F07C0F6030C3CF81740012606FAB7
:10C6000005F525423DD00CEB8706D6F818A0BAF107
:10C61000000F36D0092934D801278F4040F28734E3
:10C6200027422ED08046706C30B1994616460F4690
:10C630008047394632464B460020059012A050F8FC
:10C64000210021A1CDE901501CA050F8220051F891
:10C650002310CDE9030101A95046F8F70BFB98F828
:10C6600001001F280DD898F8001042F24452C2F27F
:10C670000002012352F8217003FA00F0384342F817
:10C68000210006B0BDE8F0870000000001000000B6
:10C690001100000002000000120000000300000072
:10C6A0000300000000001100000021000000310024
:10C6B0000000120000002200000032000000000014
:10C6C0000100000002000000000000000100000066
:10C6D00002000000030000002DE9F04381B042F2A7
:10C6E000E451C2F200010968012202FA00F5294270
:10C6F0007AD040F20824C2F200040101615C04EB2C
:10C7000000164A1E032A07D2716800296CD0B0684F
:10C7100001B0BDE8F0430847042965D14EF26C3101
:10C72000C0F6030101EB8001D1F80490D4F8002198
:10C73000B9F801100027CBB20B2B4FF0000338BF24
:10C740000123B1F5805F38BF01272A4207EA0302BF
:10C750004DD0C2B14EF2902C01F00F02C0F6030C86
:10C760000F0A3CF812300121B94019420BD00CEBF2
:10C77000820292693AB189B280461046F8F74DFBC1
:10C780000146404600E0002199F800208A422BD063
:10C7900040F24832D4F80011C2F200021268A943F4
:10C7A000C4F800110546904704EBC50545F8C00FD5
:10C7B0002C4654F8402D55F83C7C831A61EB070257
:10C7C0005F1E72F1000769600CDBF768FB1A4FF01F
:10C7D000000373EB020205D272681AB1B068904789
:10C7E000D5E90001C4E9000101B0BDE8F083C2B1A0
:10C7F0004EF2902301F00F02C0F603030F0A33F844
:10C8000012600121B94031420BD003EB82029269E0
:10C810003AB189B206461046F8F7FFFA01463046AB
:10C8200000E0002199F800208A42DDD140F2483230
:10C83000D4F80011C2F2000212682943C4F80011B2
:10C840000546904704EBC502C2E9200101B0BDE8EE
:10C85000F0830000002070470020704700207047E0
:10C86000704700004068006870470000426801207F
:10C870001160704780B540688268084611460322FF
:10C880000EF004F8B0FA80F0400980BD0020704737
:10C890004EF2E841C0F60301083101604168002210
:10C8A000426041B110B5044608460C210BF0CFF8A8
:10C8B0002046BDE8104008210BF0C9B84EF2E8410F
:10C8C000C0F603010831016041680022002942607E
:10C8D00008BF704710B5044608460C210BF0B7F8A6
:10C8E0002046BDE810407047002070470020704788
:10C8F00000207047704700004068006870470000E3
:10C900004268012011607047002070470020704786
:10C910004EF22451C0F60301083101604168002243
:10C92000426041B110B5044608460C210BF08FF867
:10C930002046BDE8104008210BF089B84EF2245182
:10C94000C0F60301083101604168002200294260FD
:10C9500008BF704710B5044608460C210BF077F865
:10C960002046BDE810407047002070470020704707
:10C9700080B540688173426A806811720EF0A2FB34
:10C98000B0FA80F0400980BD04464068D0E9042533
:10C99000D0E9076712B120462946904730460DF08E
:10C9A00059FF014620462A46B847F7E7704700007E
:10C9B00004464068D0E90425D0E9076712B1204653
:10C9C0002946904730460DF045FF014620462A464D
:10C9D000B847F7E74B69002B08BF70472DE9F041D6
:10C9E0000446088800285AD08878002857D0606804
:10C9F000D1E90037D1E90265D1E904C1C0E90337C3
:10CA0000C0E90565C0E907C161684CF6B1178889BE
:10CA1000C0F60207073020F007038B81002A18BFF9
:10CA20001746486A897BC0E90074017243810EF0A1
:10CA30003FFB42F2E858C2F200084646054656F867
:10CA4000040F616837468D6018B90CE038683E46BF
:10CA500048B1074600698542F8D3A8421FD27868DA
:10CA60000028F6D13E1D18200DF0F2FE01460020F0
:10CA7000C1E90454C1E900008F603160D8F80000BA
:10CA8000006800281CBFC8F800003168D8F804000E
:10CA90000AF0E6FBD8F808000130C8F80800BDE845
:10CAA000F04170474068006870470000426801200C
:10CAB0001160704780B540688268084611460322BD
:10CAC0000DF0E4FEB0FA80F0400980BD0020704710
:10CAD000B0B54EF260514468C0F603010831016000
:10CAE0009CB10546A06830B100F0AEFEA0680EF023
:10CAF000C1F90020A060606A10B10C210AF0A7FF04
:10CB0000204628210AF0A3FF28460821BDE8B040AE
:10CB10000AF09DBFB0B54EF260514468C0F6030103
:10CB20000831002C016008BFB0BD0546A06830B1D7
:10CB300000F08AFEA0680EF09DF90020A060606AF7
:10CB400010B10C210AF083FF204628210AF07FFF54
:10CB50002846B0BD10B541F6C860C2F200000078AA
:10CB600042F27C64C007C2F20004BFF35F8F01D0C1
:10CB7000206810BD41F6C860C2F200000BF086FBD1
:10CB80000028F5D004200DF063FE00F0CDFA2060FF
:10CB900041F6C860C2F200000BF08EFB206810BDA9
:10CBA00041F6C860C2F20000007842F27C64C0071F
:10CBB000C2F20004BFF35F8F5ED041F6C060C2F2E4
:10CBC00000002568007842F27466C007C2F20006D1
:10CBD000BFF35F8F65D028683468D0E90685466A60
:10CBE00003200EF087F9616842F2E8598860C2F2CA
:10CBF00000096068CB465BF8041FD0F808A05F46C8
:10CC000019B90DE03968BB4651B10F4609698A452B
:10CC1000F8D3514523D279680029F6D107F1040BE6
:10CC200018200DF015FE01460020C1E904A4C1E959
:10CC300000008F60CBF80010D9F8000000680028D1
:10CC40001CBFC9F80000DBF80010D9F804000AF096
:10CC500007FBD9F80800411C6068C9F808100121D9
:10CC6000B8F1000F017103D020462946C04700BF2C
:10CC700020462946B047FBE741F6C860C2F20000F3
:10CC80000BF004FB002898D004200DF0E1FD00F02B
:10CC90004BFA206041F6C860C2F200000BF00CFBBA
:10CCA0008BE741F6C060C2F200000BF0EFFA0028FB
:10CCB00091D008200DF0CCFD04464EF2E840C0F6BD
:10CCC0000300083020600C200DF0C2FD0021C0E9F7
:10CCD00000118160606041F6C060C2F20000346003
:10CCE0000BF0EAFA77E700000A68002A68D08A8821
:10CCF000002A65D08A79002A62D08A8A002A5FD009
:10CD00008A7D002A5CD082B0D1E900C3D1E90265F6
:10CD1000D1E90424C0E90265C0E90424C0E900C3E4
:10CD200001F11806D1E90954C96A4CCEC16200F17B
:10CD30001801C0E909544CC18188C66B40F29815AE
:10CD4000828AC2F2000531824CF60171002440F261
:10CD5000011C2D68C0F602010368C0F20F1C72822C
:10CD6000C6E90B414CF6A1314CF6C552C6E901C5E6
:10CD7000C6E90544C6E90744C6E90944C0F602010C
:10CD8000C0F60202F360C6E90D120646C06B01A9A7
:10CD9000051D284601940DF001FD019810B10DF01C
:10CDA00057FD0446284621460DF062FBF06B012139
:10CDB000806B86F830100DF0CDFF02B0FEE700BFAB
:10CDC000FEE700002DE9F04141F6C460C2F2000028
:10CDD000007842F27865C007C2F20005BFF35F8FAA
:10CDE00057D02C6803200EF085F8616842F2E858AD
:10CDF0008860C2F200086068454655F8041F8668DE
:10CE00002F4621B90DE000BF39683D4649B10F46B4
:10CE100009698E42F8D3B14220D279680029F6D14F
:10CE20003D1D18200DF014FD01460020C1E90464E9
:10CE3000C1E900008F602960D8F800000068002870
:10CE40001CBFC8F800002968D8F804000AF008FAE6
:10CE5000D8F80800411C6068C8F808100121017169
:10CE600041F6C860C2F20000007842F27C65C0075B
:10CE7000C2F20005BFF35F8F2DD02868006882687A
:10CE800012B1C16820469047606801214171BDE838
:10CE9000F08141F6C460C2F200000BF0F7F90028FF
:10CEA0009FD008200DF0D4FC04464EF22450C0F66A
:10CEB0000300083020600C200DF0CAFC0021C0E9FE
:10CEC00000118160606041F6C460C2F200002C6015
:10CED0000BF0F2F985E741F6C860C2F200000BF0F2
:10CEE000D5F90028C9D004200DF0B2FC00F01CF9DF
:10CEF000286041F6C860C2F200000BF0DDF9BCE723
:10CF00002DE9F0418CB0144641F6C862C2F200022D
:10CF1000127842F27C65D207C2F20005BFF35F8F40
:10CF200000F0D880D5F800800028D8F80020C2E9A9
:10CF30000D1400F0C68042F2E85CC2F2000C6146BB
:10CF400051F8046F6EB30CF104010B463569374696
:10CF5000854238BF04373A6828BF3346DAB11769CB
:10CF60001546874238BF04352F6828BF134697B14E
:10CF70003A6982423A4638BF0432156828BF3B46B8
:10CF80004DB12A6982422A4638BF0432166828BF4A
:10CF90002B46002EDAD18B4203D01A69904228BF6B
:10CFA00019460CF1040081420CD04D6955B1286836
:10CFB000C1682846884728B12868C168284688473C
:10CFC000054603E04EF6E605C0F6030518200DF011
:10CFD0003FFC1821C8F2000102911021019147F293
:10CFE0006621C6F66F51016046F62071C3F67321C3
:10CFF000416045F23A41C7F26821816046F265110D
:10D00000C2F2640100270090C16007746846294697
:10D010000AF05AF88268D0E900130592CDE90313AB
:10D02000C0E9007787603AA103A80AF04DF882684A
:10D03000D0E900130892CDE90613C0E900778760B4
:10D0400006A821460AF040F8D0E900138268CDE92D
:10D05000091342F2F851C2F2000109680B9207600D
:10D060004760876009B109A888479DF92F00B0F192
:10D07000FF3F05DC0B99099821F000410AF0E7FC1D
:10D080009DF92300B0F1FF3F05DC0899069821F0D7
:10D0900000410AF0DCFC9DF91700B0F1FF3F05DC10
:10D0A0000599039821F000410AF0D1FC9DF90B008D
:10D0B000B0F1FF3F05DC0299009821F000410AF031
:10D0C000C6FCD8F80000816A09B1C06A88470CB074
:10D0D000BDE8F08141F6C862C2F200020646104681
:10D0E0000F460BF0D3F8024639463046002A3FF48B
:10D0F00019AF04200DF0ACFB00F016F8286041F6E3
:10D10000C860C2F200000BF0D7F83946304609E794
:10D11000202D3E200000000090F83020012A00D190
:10D12000FEE7FFF7E1FD0000F0B581B000270446FF
:10D13000076040200DF08CFB05464FF47A702860A4
:10D1400040F20040C0F20800C5E901074FF48060DA
:10D150006F61A8820820A8753C20C5E90377C5E95E
:10D160000D77C5E90677C5E90877C5E90A770DF0B7
:10D170006FFB2668294641F83C0F876107770775E2
:10D18000C0F82270C0F81E70C0E90A77C0E90C77B9
:10D190008763C0E90017C0E90277076185F830703E
:10D1A000256046B1F06B10B13C210AF050FC3046CE
:10D1B00040210AF04CFC204601B0F0BD80B540682B
:10D1C0000323C0680DF09EFCB0FA80F0400980BDDA
:10D1D0000020704780B540688174C26A806811720F
:10D1E0000DF070FFB0FA80F0400980BD80464068C5
:10D1F000D0E90526C568076A846A1AB140463146F7
:10D20000904700BF2846394603220DF0D7FB014660
:10D2100040463246A047F5E7704700004068006886
:10D22000704700004268012011607047002070477D
:10D2300000207047B0B54EF29C514468C0F603011F
:10D2400008310160CCB10546A06830B100F0FCFAAD
:10D25000A0680DF00FFE0020A060E06818B10DF08E
:10D2600073FB0020E060E06A10B10C210AF0EFFBD4
:10D27000204630210AF0EBFB28460821BDE8B040EB
:10D280000AF0E5BBB0B54EF29C514468C0F603010C
:10D290000831002C016008BFB0BD0546A06830B160
:10D2A00000F0D2FAA0680DF0E5FD0020A060E06873
:10D2B00018B10DF049FB0020E060E06A10B10C21CC
:10D2C0000AF0C5FB204630210AF0C1FB2846B0BD5C
:10D2D0000020704770B50C46096881B1406803238F
:10D2E000C668154630680DF00DFC706861682A4606
:10D2F00003230DF007FCB0FA80F0400970BD002058
:10D3000070BD000080B540688174C26A8068117287
:10D310000DF0D8FEB0FA80F0400980BD82B08146A1
:10D3200040684DF27935C468D0E9052A066A806AFA
:10D33000C0F60205002818BF0546002001900090A5
:10D3400012B1484651469047E84600BF2068314632
:10D3500003220DF033FB616807460846314603227D
:10D360000DF02CFB002F0190009718BFB8474846DE
:10D3700041465246A847E9E7704700004068006808
:10D38000704700004268012011607047002070471C
:10D390000020704770B54EF2D8514468C0F60301C2
:10D3A0000831016064B30646A06830B100F04CFA61
:10D3B000A0680DF05FFD0020A060E568B5B1A86829
:10D3C0004FF0FF310DF090FC28680DF0BDFA686851
:10D3D0000DF0BAFAA8680DF065FCA8680DF0BEFB68
:10D3E00028460C210AF033FB0020E060E06A10B10F
:10D3F0000C210AF02CFB204630210AF028FB304695
:10D400000821BDE870400AF022BB000070B54EF262
:10D41000D8514468C0F603010831002C016008BFF0
:10D4200070BD0646A06830B100F00EFAA0680DF09D
:10D4300021FD0020A060E568B5B1A8684FF0FF317C
:10D440000DF052FC28680DF07FFA68680DF07CFA48
:10D45000A8680DF027FCA8680DF080FB28460C2179
:10D460000AF0F5FA0020E060E06A10B10C210AF041
:10D47000EEFA204630210AF0EAFA304670BD00008C
:10D48000B0B541F6CC60C2F20000007842F280658F
:10D49000C007C2F20005BFF35F8F01D02868B0BD9E
:10D4A00041F6CC60C2F200000AF0F0FE0028F5D090
:10D4B00004200DF0CDF904460C200DF0C9F93221FD
:10D4C000C0F200410160082181800021816020605C
:10D4D00041F6CC60C2F200002C600AF0EDFE286834
:10D4E000B0BD000010B5002908BF10BD086890F855
:10D4F0003420012A0FD110300C4600F069FC20685E
:10D50000002190F8352080F83410012A02BF81866E
:10D51000C0E90A11016310BD2DE9F04F93B042F24A
:10D52000F45BC2F2000B9BF80010002940F0E08091
:10D53000D0E90012114300F0DB800189002900F0DE
:10D54000D780817A002900F0D380018B002900F078
:10D55000CF80817E002900F0CB8090E88C00D0E95C
:10D560000364456940F21031C2F200014D61C1E926
:10D57000036481E88C0000F118078CCFC56AD0E9FC
:10D58000096401F1180CCD62C1E909648CE88C00D2
:10D59000026B42F23A56C2F200060A63327890F801
:10D5A0003400002A81F8340040F09F8091F8340064
:10D5B000411E1E291AD84EF21030C0F60300DFE8D3
:10D5C00001F02010171C1515151515151515151535
:10D5D00015151515151515151515151515151515FB
:10D5E0003A004EF20030C0F603000AE086A008E0E0
:10D5F0004EF22030C0F6030003E04EF23030C0F6A9
:10D600000300806801466FF31201B1F1006F18BF8B
:10D610004FF0FF31421C18BF88420CD9401A4FF618
:10D620008071C1F2FF7108404EF6085100F10060B0
:10D63000CEF20001086042F2FC50C2F20000017814
:10D6400042F2F859C2F2000981B940F248314DF670
:10D65000D162C2F20001C0F602020A604CF221114E
:10D66000C0F60201C9F80010012101704CF2D1107E
:10D67000C0F6020040F200444FF0000A079006A8EE
:10D68000C4F60004CDF818A00AF0DEFD01203070C9
:10D690004EF26420C0F6030000F10208404601216A
:10D6A00000220323FEF796FF204604210122F7F70C
:10D6B000C1FB4EF26820C0F60300861C30460121F3
:10D6C00000220323FEF786FF204620210122F7F7E0
:10D6D000B1FB06AF38463421F3F7D0F93846F7F7F7
:10D6E00017F99DF83200400605D401208BF80000A0
:10D6F00013B0BDE8F08F6F46384602210AF047F9B3
:10D7000045A23846002109F027FDD0E900138268C0
:10D71000CDE90313D9F800100592C0F800A0C0F8B5
:10D7200004A0C0F808A009B103A888479DF9170014
:10D73000B0F1FF3F05DC0599039821F000410AF0A4
:10D7400086F99DF90B00B0F1FF3F05DC02990098C6
:10D7500021F000410AF07BF958200DF079F80746D6
:10D7600003905820C8F20000059055204EF678111D
:10D770000490C0F6030138465522F3F70FFBD9F8A1
:10D780000010002087F8550031B103A888479DF9A3
:10D790001700B0F1FF3F05DC0599039821F0004127
:10D7A0000AF055F94046012100220323FEF712FF3B
:10D7B000204604210122F7F73DFB304601210022DB
:10D7C0000323FEF707FF204620210122F7F732FB53
:10D7D000204604210022F7F72DFB204620210022BD
:10D7E000F7F728FBFA20F6F739FB2046042101223F
:10D7F000F7F720FB204620210122F7F71BFBFA2038
:10D80000F6F72CFBE4E700BF1F000000000000005B
:10D81000FFFFFFFF000000006E756D626572206FF4
:10D82000662062616E6B73206973206E6F74206175
:10D83000732065787065637465643A206465746507
:10D840006374656420000000F0B542F2E85CC2F247
:10D85000000CDCF80470002F00F0808001460CF111
:10D86000040003463D4600BF2C692A468C4238BF5F
:10D870000432146828BF2B46DCB122698A42224652
:10D8800038BF0432166828BF234696B13569324640
:10D890008D4238BF0432146828BF33464CB1226928
:10D8A0008A42224638BF0432156828BF2346002D1D
:10D8B000DAD1834252D01A6991422CBF1846F0BD8A
:10D8C0005968C9B10A680B46DAB111681346C1B18B
:10D8D0000A680B46AAB1116813460029F2D110E07C
:10D8E0008B681A6891420CD099680A68934207D0F5
:10D8F0008B681A68914204D099680A689342EFD104
:10D900000B46DCF80010814208BFCCF80030DCF890
:10D910000810D0F800E00139BEF1000F0346CCF842
:10D92000081010D04168034691B100BF0A680B4649
:10D930004AB11168134631B10A680B461AB1116831
:10D9400013460029F2D1D3F804E0BEF1000F06D04F
:10D950009C684FF0000CCEF8084005E0F0BD9C68D4
:10D960004FF0000E4FF0010C21688B4202D0C4F83A
:10D9700004E007E0BB42C4F800E001D0616801E0C8
:10D98000002177461C7B834215D08268154655F8E6
:10D99000046B9A60B04208BF15462B60D0E9005274
:10D9A0001D60AB60002A5A6018BF9360027B8742FB
:10D9B0001A7308BF1F46002F18BF002C04D118216E
:10D9C000BDE8F0400AF043B8BCF1000F6FD04FF053
:10D9D000000E4FF0010C07E099680A4652F8044B1C
:10D9E000A34218BF0A4611688B680A7B1C68A142D3
:10D9F0002ED0CAB95C6881F80CC0226883F80CE0AC
:10DA0000002A5A6018BF93609A68154655F8046B4F
:10DA1000A260B34208BF15462C6023600A68974293
:10DA200008BF0F4651689C600B6813B11A7B012A2E
:10DA300041D14C6814B1227B012A57D18B6881F8FF
:10DA40000CE0BB4230D0197B0029C5D12CE000BFCF
:10DA5000C2B9626881F80CC083F80CE0002A1A6031
:10DA600018BF93609A68154655F8046BA260B342DC
:10DA700008BF15462C6063604A68974208BF0F468E
:10DA800011689C600C6814B1227B012A61D14B683B
:10DA900013B11A7B012A42D18B6881F80CE0197B03
:10DAA000012901D1BB4297D10121197387E70121D7
:10DAB0008EF80C1083E74C6814B1227BD20715D086
:10DAC00001221A735A6800270F73002A0A6018BFD0
:10DAD00091608F680C463A4652F8046B9F60B142E1
:10DAE00008BF3A46136059608B6000E00B469968A6
:10DAF00001270A7B1A734A680F7313682773002B78
:10DB00004B6018BF99608F683B4653F8046B976071
:10DB1000B14208BF3B461A6011608A604FE714B1FA
:10DB2000227BD20715D001221A731A6800270F73BF
:10DB3000002A4A6018BF91608F680C463A4652F836
:10DB4000046B9F60B14208BF3A46136019608B6056
:10DB500000E00B46996801270A7B1A730A680F7365
:10DB600053682773002B0B6018BF99608F683B4682
:10DB700053F8046B9760B14208BF3B461A6051608E
:10DB80008A601CE7B0B541F6D460C2F200000078AC
:10DB900042F28865C007C2F20005BFF35F8F38D03C
:10DBA000086A0A6B4C680123013201288B860A63DC
:10DBB00004D068B9012081F8350009E0C86A8242C2
:10DBC00006D30122886881F8352003210DF040FB3F
:10DBD00028680068806830B1016800228B6921469E
:10DBE000BDE8B0401847206890F8341001290FD1E3
:10DBF000103000F0EDF82068002190F8352080F812
:10DC00003410012A18BFB0BD8186C0E90A11016332
:10DC1000B0BD41F6D460C2F200000C460AF036FBFB
:10DC200021460028BCD0FFF72BFC286041F6D460C9
:10DC3000C2F200000AF040FB2146B1E770B586B0A1
:10DC40000A68B2B14A68013A032A12D8DFE802F042
:10DC500002281316CA6862B18B6853B11368044670
:10DC60001B6810460D469847024629462046012A61
:10DC700027D006B070BD8A681ABBFAE7CA68002AC6
:10DC8000F7D08B68002BF4D0136804461B6810464D
:10DC90000D469847024629462046062AE9D110E05B
:10DCA000CA68002AE5D08B68002BE2D013680446CE
:10DCB0001B6810460D469847024629462046032A0F
:10DCC000D7D14A69012A02D18A69002AD1D00246F5
:10DCD00052F8283F012BCCD0D1E900CED1E9024344
:10DCE000D1E90465C0E90543C0E90765C0E903CE91
:10DCF000896900244162016AC2E900449460948108
:10DD0000D0E90232002918BF01218DF814104DF618
:10DD10008531C0F602014FF0FF360492CDE90010C4
:10DD200002A96A46054618460323CDE902660DF0AE
:10DD300043FA00289DD1D5E908022946012301288C
:10DD400008BF1446C1E90A3406B070BD42F2F4506F
:10DD5000C2F200000078012810D140F21031C2F266
:10DD60000001D1E90002024308D00A8932B18A7A5F
:10DD700022B10A8B12B18A7E0AB900BFFEE796B0C3
:10DD8000D1E902CE01F11007FCCFCDE901CE0DF1B2
:10DD90000C0C8CE8FC00D1E90A2301AFCDE9092085
:10DDA000DDE905200DF12C0CCDE90F20C5CF096B65
:10DDB0008CE8C500099ADDE907071591CDE911073F
:10DDC000CDE91323FEF7C6FE00680AA9FFF7A4F900
:10DDD000B0B5044600680138032800F27880DFE817
:10DDE00000F0020E3F1AA068002870D06168002978
:10DDF0006DD0016809688847012817D067E0A068DE
:10DE0000002864D06168002961D0016809688847EA
:10DE100003280BD05BE0A068002858D06168002977
:10DE200055D0016809688847062850D12068013814
:10DE300003284CD8DFE800F0023D142FA06800282A
:10DE400045D06168002942D00168096888470128E7
:10DE50003DD1D4E9011002685269BDE8B0401047D5
:10DE60006168002908BFB0BDE06880B10168251D68
:10DE700009688847042808D1E06801680B6A2946C8
:10DE80004FF0FF32BDE8B04018472968F9B1A068EB
:10DE9000BDE8B0400847A068C8B16168B9B1016881
:10DEA00009688847062812D1D4E901100268D369AD
:10DEB000E6E7A06858B1616849B101680968884718
:10DEC000032804D1D4E9011002689369D8E7B0BDF2
:10DED00080B50CF0E7FC022803D1BDE880400CF0CF
:10DEE00037BF0020002180BD70470000406801233B
:10DEF000016CC2E90013018F90F83A3001201181C2
:10DF00009372704710B540F24830C2F200000068CA
:10DF10001446804702460120C4E9002110BD0000DC
:10DF200080B54168104610312022F2F77CFF0120B5
:10DF300080BD000041680B6C13600B8F91F83A10A4
:10DF4000938091714068B0F83B100120A2F807104F
:10DF500070470000FEF7CCFA80B50B7840684A881D
:10DF6000194600F075F8002080BD00002DE9F04151
:10DF70000D460978012934D141F6E467C2F2000761
:10DF80000446387842F29868C007C2F20008BFF32E
:10DF90005F8F29D0D8F80000626801684868C968B6
:10DFA00003689E6902F108033022B0476068691C6B
:10DFB00010302022F2F737FF3878BFF35F8FC007A9
:10DFC00028D0D8F800506468296804F1080348682C
:10DFD000C9680268D7693022B84710B1207B296828
:10DFE00008700020BDE8F08141F6E460C2F2000054
:10DFF0000AF04CF90028CDD004200CF029FC00F0E8
:10E0000097FAC8F8000041F6E460C2F200000AF096
:10E0100053F9BFE741F6E460C2F200000AF036F9B6
:10E020000028CED004200CF013FC00F081FAC8F8D0
:10E03000000041F6E460C2F200000AF03DF9C0E7DA
:10E0400080B540680978002200F002F8002080BD09
:10E050002DE9F04F8DB0009041F6E460C2F200006F
:10E06000007842F2986516460C46C007C2F20005D9
:10E07000BFF35F8F7DD001AFD5F8009038463021D7
:10E08000F2F7FCFCD9F800103B464868C968026802
:10E0900095693022A8479DF808A0D9F80000FF2C08
:10E0A00080F800A00DD04CB10F2C07D0A24505D0B0
:10E0B000009821464079FEF799F830B30DB0BDE8DD
:10E0C000F08F48F2010046EA00054FF6FF708542E6
:10E0D000F4D042F608264FF0000BC2F2000601AF62
:10E0E0004FF0000830463946CDF804B0F7F768FC29
:10E0F000019800F00F0425FA04F0C007D3D0B8F15E
:10E10000F80F08F10108EDD9D8E701AE304630210B
:10E11000F2F7B4FCD9F8001033464868C9680268C1
:10E1200097693022B8478DF80840D9F80010334677
:10E130004868C9680268D7693022B847D9F80050E2
:10E1400000281CBF9DF80800287001AC2046302133
:10E15000F2F794FC6868E968026823469769302200
:10E16000B8479DF80800D9F8001008700DB0BDE858
:10E17000F08F41F6E460C2F200000AF087F8002850
:10E180003FF479AF04200CF063FB00F0D1F9286074
:10E1900041F6E460C2F200000AF08EF86BE700007E
:10E1A0004EF21461C0F6030108310160416800229B
:10E1B000426041B110B504460846442109F047FCCD
:10E1C0002046BDE81040082109F041BC4EF2146120
:10E1D000C0F6030108310160416800220029426055
:10E1E00008BF704710B504460846442109F02FFCCB
:10E1F0002046BDE8104070472DE9F04F97B0044627
:10E2000000201591FF218DF828008DF83C00CDE904
:10E2100007108DF82400ADF85000D3E90070D3E961
:10E220000216CDE91070C7F30220CDE9121601469F
:10E230008DF85820062808BFFE210C916FF00201CE
:10E2400008BF6FF0010051FA80F10429C1B201D377
:10E25000012910D1FEB2360907F00F058DF82C60A8
:10E26000461E8DF83450F6B23D2525FA06F6F6071F
:10E2700015D00F2715E007F4E0669DF84850B6F575
:10E28000E06F18BF05F07F05461E8DF83450F5B2DB
:10E29000062DFDB24FEA15158DF82C50E3D307F08B
:10E2A0000F079DF844608DF82D7056B1471EFFB2E0
:10E2B000062F0AD24EF22015C0F6030555F8277036
:10E2C00004E000270E9700260CE021270AAD2F441A
:10E2D0006FF0020555FA80F004280E9702D3012949
:10E2E00018BF013E18688DF83C60C0F302216FF042
:10E2F0000206062908BF6FF0010156FA81F6042EC6
:10E300004FF001068DF8286003D3C9B2012940F00F
:10E31000DD8000F00F00824205D138788DF8500082
:10E3200078788DF8510060680AAA0168209F4B69CF
:10E3300002F1280107AA9847606801688968884740
:10E340000001C6B29DF824009DF851105FFA80FAD2
:10E35000C8B2824515984FF0000128BF0121FE2860
:10E360004FF0000B0AD14FF0000C4FF0000E4FF0B1
:10E370000008002400254FF0000A27E0072860F37A
:10E380000B26F0D89DF823509DF850200123AA1A9F
:10E39000B2FA82F2DDF81CC09DF820E09DF82180E1
:10E3A0009DF82240520983409DF858B013F07A0F2F
:10E3B00002EA010200F096800BF00F000643E346EC
:10E3C000F446C646A0462C46554692460022D7E95A
:10E3D0000101884216D20821017100210660A0F8CF
:10E3E0000510C17180F808B080F809C080F80AE013
:10E3F00080F80B800473457380F80EA0C27300F19F
:10E4000010065FE0CDE903643C68CDE90558A0EB58
:10E410000409012000EB2918B8F1805F6FD20D1BB1
:10E420004FF6F070B8EBE50FC7F6FF7038BF4FEA54
:10E43000E508854228BF6FF07048B8F1000F4FF033
:10E4400000060FD0B8F1805FCDE901EC59D24FEA58
:10E45000081016460CF0FCF9DDE901EC07463246DF
:10E46000002600E000274FEA2910039B07EB00116C
:10E4700000013B50082008710698A1F80560C87299
:10E480000498CE710873059881F808B081F809C026
:10E4900081F80AE0487381F80EA0CA7301F11006F2
:10E4A000384621464A4607EB0818F2F7FEFC20984A
:10E4B000076007464660C0F808801CB12046294620
:10E4C00009F0C5FA7E6017B0BDE8F08F00F4E06196
:10E4D000187AB1F5E06F18BF00F07F0082423FF478
:10E4E0001CAF20E79DF82C10072801F00F0146EA29
:10E4F00001063FF46CAF00280BF07F0B67E708F0D4
:10E5000045FD09F07DFA00000120704701207047A9
:10E51000012070470120704700207047002070479D
:10E520000020704700207047042109F090BA0000D5
:10E530002DE9F04381B00446002020604FF4826052
:10E540000CF086F94FF20008C0F60108054608F104
:10E550008000C5E9020808200CF07AF906464EF260
:10E56000A040C0F6030008303060142005F1100907
:10E570000CF06EF907461F204FF4806101223A74B7
:10E58000C7E90090C7E90281F6F702FB2068FF2186
:10E5900077606E602970256018B14FF4826109F0D0
:10E5A00056FA204601B0BDE8F083000010B50446DD
:10E5B000C06801688968884721680C22002818BF54
:10E5C000082289582046BDE81040084701680969BB
:10E5D0000847000080B500791F2831D842F2405129
:10E5E000C2F20001096801228240114028D04EF297
:10E5F0006C21C0F6030101EB8000416800224888CD
:10E60000B2EB103F1CD1C2B20A2A19D84EF2902C9C
:10E610004FEA102E00F00F00C0F6030C3CF810205B
:10E62000012303FA0EF3134208BF80BD0CEB8000F8
:10E63000806928B10A7899B2BDE88040F6F7FABB44
:10E6400080BD000080B500791F2831D842F24051CA
:10E65000C2F20001096801228240114028D04EF226
:10E660006C21C0F6030101EB80004168002248885C
:10E67000B2EB103F1CD1C2B20A2A19D84EF2902C2C
:10E680004FEA102E00F00F00C0F6030C3CF81020EB
:10E69000012303FA0EF3134208BF80BD0CEB800088
:10E6A000806928B14A7899B2BDE88040F6F7C2BBCC
:10E6B00080BD0000B0B50446806890B10068054692
:10E6C00055F8281F012908D1806803210CF0C0FDEE
:10E6D0000020C5E90000A860A8812068C168204624
:10E6E0008847E068002808BFB0BD0168096988470D
:10E6F00000204FF0FF31C4E90301C4E90511C4E96A
:10E700000711C4E90911E162B0BD00002DE9F04133
:10E7100088B00446806890460E46F0B904200CF09C
:10E7200097F8074638200CF093F805464EF29030E3
:10E73000C0F603000021C5E90007C5E90311C5E9DA
:10E740000511C5E90711C5E90911C5E90B11A9862C
:10E750000CF0E2FCA8603D60A7603068416830467C
:10E76000884721680546896920468847C5B33068CF
:10E7700004F11001C368304620229847E06041F65A
:10E78000D0600126C2F20000B8F1000F08BF0226D7
:10E79000007842F28467C007C2F20007BFF35F8FC0
:10E7A00021D03968E068096802688F685168884735
:10E7B000E16805460A6808461268904700FB08F1C0
:10E7C000032002904EF2AD50C0F6020003AA91C29F
:10E7D000A0680791006801A901950696FFF72EFA37
:10E7E00008B0BDE8F08141F6D060C2F2000009F047
:10E7F0004DFD0028D5D004200CF02AF805460C2049
:10E800000CF026F831220821C0F200420023C0E9B2
:10E8100000218360286041F6D060C2F200003D60B4
:10E8200009F04AFDBDE700002DE9F04387B0054639
:10E83000806890460E4608B107681EE004200CF080
:10E8400007F8044638200CF003F807464EF29030E3
:10E85000C0F603000021C7E90004C7E90311C7E9B6
:10E860000511C7E90711C7E90911C7E90B11B986F5
:10E870000CF052FCB8602760AC603C4654F8280F9E
:10E88000012808D1B86803210CF0E2FC0020C4E99B
:10E890000000A060A0812868C168284688473EB370
:10E8A00041F6D0600127C2F20000B8F1000F08BFA6
:10E8B0000227007842F28464C007C2F20004BFF36A
:10E8C0005F8F18D02068710800680091806803216C
:10E8D0000490A86801914EF2CD51C0F60201006883
:10E8E000CDE9021569460597CDF81880FFF7A6F91E
:10E8F00007B0BDE8F08341F6D060C2F2000009F035
:10E90000C5FC0028DED004200BF0A2FF81460C20BD
:10E910000BF09EFF31220821C0F200420023C0E923
:10E9200000218360C9F8000041F6D060C2F2000007
:10E93000C4F8009009F0C0FCC4E7000000791F286B
:10E940002DD842F24051C2F20001096801228240F2
:10E95000114024D04EF26C21C0F6030101EB80007F
:10E96000406800214088B1EB103F18D1C1B20A299C
:10E9700015D84EF2902C010A00F00F00C0F6030CDF
:10E980003CF81030012202FA01F1194208BF704729
:10E990000CEB8000806910B189B2F6F743BA70477A
:10E9A000302109F054B800002DE9F04F81B0154630
:10E9B0000446804691B158F83C0F4FF0FF310CF0FF
:10E9C00093F9D8E9021291421BD295E84D002D69C6
:10E9D00081E84D000D6101F1140693E058F82C0F09
:10E9E0004FF0FF310CF080F9D8E90212914237D292
:10E9F00095E84D002D6981E84D000D6101F1140687
:10EA0000A8E0D4F840A04CF6CC40A1EB0A094CF6A3
:10EA1000CD414FEAA903CCF6CC4103FB01FBC0F684
:10EA2000CC400BF10106864200F2A080A2EB0A0363
:10EA30009A10514346F26662B6EB410FC0F266622D
:10EA400038BF4E00914228BF06460093A6B38642C7
:10EA500000F28E8006EB860080000BF0F9FE2CE0C1
:10EA6000D4F830A04CF6CC40A1EB0A094CF6CD41CD
:10EA70004FEAA903CCF6CC4103FB01FBC0F6CC4026
:10EA80000BF10106864271D8A2EB0A07BA10514376
:10EA900046F26662B6EB410FC0F2666238BF4E00C6
:10EAA000914228BF06467EB3864261D806EB8600B7
:10EAB00080000BF0CDFE28E0002006EB86030BEB78
:10EAC0008B0100EB830B95E8C8102D6900EB8102E8
:10EAD00040F82130101D1561A2EB090580E8C01037
:10EAE00002F11406284651464A46F2F7DEF9BAF119
:10EAF000000FC4E91056C4F848B003D0009950463E
:10EB000008F0A5FF666427E0002006EB86030BEB08
:10EB10008B0100EB830B95E848502D6900EB8102D7
:10EB200040F82130101D1561A2EB090580E8405026
:10EB300002F11406284651464A46F2F7B6F9BAF1F0
:10EB4000000FC4E90C56C4F838B003D0504639461B
:10EB500008F07DFF666310342046FFF739F9D8F8D6
:10EB6000000001B0BDE8F04F0CF09CB808F008FAC6
:10EB700008F046FF2DE9F0470446DDE908764CF63B
:10EB8000CD499A4690460020CCF6CC4925461060E7
:10EB9000386049B355F83C0F4FF0FF310CF0A4F842
:10EBA000D5E90110401A801000FB09F0B04238BFCF
:10EBB0000646002E3E6040D006EB860001EB800248
:10EBC0005046334608F016FE3968D4E9106001EB70
:10EBD000810189003BD03144471A30D030463A4653
:10EBE000F2F756FE216C2BE055F82C0F4FF0FF3159
:10EBF0000CF07AF8D5E90110401A801000FB09F0FA
:10EC0000B04238BF06463E60BEB106EB860001EB5F
:10EC100080025046334608F0EDFD3968D4E90C60B7
:10EC200001EB8101890012D03144471A0BD03046E4
:10EC30003A46F2F72DFE216B06E000240EE0314645
:10EC4000F019606402E03146F01960630E46801BE3
:10EC5000801000FB09F00124C8F8000028680CF0BF
:10EC600021F82046BDE8F08710B541F6EC60C2F20D
:10EC70000000007842F2A064C007C2F20004BFF3B3
:10EC80005F8F01D0206810BD41F6EC60C2F2000039
:10EC900009F0FCFA0028F5D004200BF0D9FD01F0B2
:10ECA00031F8206041F6EC60C2F2000009F004FB8C
:10ECB000206810BD42F2A460C2F200000168013178
:10ECC0000160704710B541F6C860C2F200000078DC
:10ECD000BFF35F8FC00718BF10BD41F6C860C2F216
:10ECE000000009F0D3FA90B104200BF0B1FD044606
:10ECF000FEF71AFA42F27C61C2F2000141F6C860E6
:10ED0000C2F200000C60BDE8104009F0D5BA10BD99
:10ED100094B0002ACDE91112139318BF002900D135
:10ED2000FEE711A98A68B2F5FA7FF9D38A89B2F5AC
:10ED3000806FF5D30A8FB2F5806FF1D391F83A2046
:10ED4000042AEDD391F83B20042AE9D3B1F84420FA
:10ED50000025B5EB922FE3D04C220446F2F7A5F83C
:10ED6000D4E90B014EF6B54601912168A789B4F8A4
:10ED70001CB0D4E9089AC0F60206D4F8088000282E
:10ED800018BF0646884737218DF812104EF6DD5120
:10ED9000C0F6020105AAADF8107032C20121019F30
:10EDA000CDE90285ADF820B08DF82210CDE9099AA1
:10EDB000CDE90B564EF2A831D4E90C23C0F603017D
:10EDC000002F04BF0A684B688DF83C0002A8CDE90B
:10EDD0000D23FEF7A1FBFEF7B9FF00002DE9F04F70
:10EDE0008FB041F6CC60C2F20000007842F280643D
:10EDF0008A46C007C2F20004BFF35F8F00F05B8554
:10EE0000276838688068002800F0EC8341F6D060FD
:10EE1000C2F20000007842F28464C007C2F200042B
:10EE2000BFF35F8F00F0698524682068816800293E
:10EE300000F0898441F6E060CDF810A0C2F2000035
:10EE4000007842F29464C007C2F20004BFF35F8FFF
:10EE500000F07585256842F2405C0FF6A0500FF671
:10EE6000985B0127C2F2000C08304FF0000A0590B1
:10EE700038E0261D48200BF0EBFC014680F810809E
:10EE800005984FF0FF328861002081F81C80C1E9AD
:10EE90000800C1E90A22C1E90C22C1E90E22C1E938
:10EEA0001022C1E900008C603160D9F808000068C8
:10EEB00000281CBFC9F808003168D9F80C0008F018
:10EEC000CFF9D9F8100042F2405C01300127C2F2BC
:10EED000000CC9F8100000BF0AF1010ABAF1020FD4
:10EEE00000F0A0801BF80A80B8F1010FF4D8D5F823
:10EEF000009007FA08F6D9F804103142ECD142F23A
:10EF00003A50C2F2000000780128E5D1DCF8002078
:10EF10004EF26C20C0F60300324200EB88043ED073
:10EF20004EF2902E41EA06003242C0F6030EC9F8B6
:10EF300004001ED0616800224888B2EB103F18D14F
:10EF4000C2B20A2A15D8020A00F00F003EF810607B
:10EF500007FA02F333420CD00EEB8000806940B117
:10EF60004A7899B2F5F766FF42F2405CC2F2000CB3
:10EF700001274E4656F80C0F344630B97AE700BFE9
:10EF80002068264600283FF475AF0446007C804583
:10EF9000F6D34045A0D260680028F6D169E7324335
:10EFA000D4F804E0CCF80020BEF802000023B3EB54
:10EFB000103FB5D1C3B20A2BB2D84EF29027030A44
:10EFC00000F00F00C0F60307039337F81030DDF8A8
:10EFD0000CC002930123019003FA0CF0029B18422B
:10EFE0001AD00346019842F2405C07EB800080692A
:10EFF00001270028C2F2000C92D09EF8012099B29D
:10F00000F5F718FF42F2405CC2F2000CD9F8041088
:10F01000DCF80020012783E742F2405C0127C2F2BE
:10F02000000C7DE72F68DDF810A0394651F80C3F41
:10F030000A46A3B11A6818464AB11368104633B19C
:10F040001A6818461AB113681046002BF2D188428C
:10F050000A4604D0027C002A18BF0846024602F184
:10F0600018008A4208BF07F11400016800224B69AA
:10F0700040F60011C0F23D019847DAF804008047DD
:10F080000546CAF84C0041F6F060C2F20000BAF83A
:10F0900038809AF83AB09AF83B90007842F2A8612A
:10F0A000C007C2F20001BFF35F8F00F072840868EE
:10F0B000476897F83400002840F0AB8130243020B6
:10F0C000C8F200040BF0C4FB064609902D200A90FC
:10F0D0000FF6583130462D220B94F1F75FFE42F2C5
:10F0E000F850C2F200000168002086F82D0031B10E
:10F0F00009A888479DF92F00B0F1FF3F05DC0B9967
:10F10000099821F0004108F0A2FC42F2A861B8F58C
:10F11000806FC2F20001C0F07C81BBF1000F00F0F3
:10F120007881B9F1000F00F074812D2087F8240058
:10F130004CF25030A7F82680C7E90A0587F830B0AE
:10F14000002D87F8319004BF07F11C05FD62286887
:10F15000416828468847F96A387608688268084610
:10F160009047397E78761F2908BF072187F8361027
:10F1700001F0070187F8370041EA001087F83500F1
:10F18000F88CBA6AADF8240041F2FD40C0F60300E5
:10F19000CDE90A070FF6C420CDE90C0240F2A92000
:10F1A00097F82410C0F6030000240E90082087F87A
:10F1B00038408DF826104FF008080BF049FB054643
:10F1C0004EF26050C0F603000830286028200BF093
:10F1D0003FFB0646C0E9004484604020B0814EF603
:10F1E000DC00C0F603004CF6AD1206F118034FF038
:10F1F000FF31C0F6020207C30C2086F80E80C6E974
:10F2000004440BF025FB0121C0E900440172418157
:10F21000706241F6DC60C6E901546E603D62C2F284
:10F220000000007842F29064C007C2F20004BFF30D
:10F230005F8F00F051842068F96A006841F6E86B3E
:10F24000002908BF01464160C2F2000B9BF8000094
:10F2500042F29C69C007C2F20009BFF35F8F00F061
:10F260005D84D9F80000046894F82800002840F074
:10F27000AA8038200BF0ECFA054606903020C8F240
:10F2800000000830089032204EF644110790C0F676
:10F29000030128463222F1F781FD42F2F850C2F212
:10F2A00000000168002085F8320031B106A88847C7
:10F2B0009DF92300B0F1FF3F05DC0899069821F085
:10F2C000004108F0C4FB2020C4E908000BF080FCDA
:10F2D000E0620BF07DFC256BA26B4CF6CD46A2EBF9
:10F2E0000508216A4FEAA802CCF6CC467243914247
:10F2F000E0632FD94CF6CC40C0F6CC40814200F2FE
:10F300006484606B01EB8109A0EB050B4FEA890077
:10F310000BF09EFA29465A46064600EB0B0A00EB14
:10F320008909F1F7C2FDC4E90C6AC4F83890DDF828
:10F3300010A042F29C6941F6E86B4CF6CD46C2F251
:10F340000009C2F2000BCCF6CC461DB1284641465E
:10F3500008F07DFB256CA16C606AA1EB05084FEA03
:10F36000A801714388422BD94CF6CC41C0F6CC4160
:10F37000884200F22A84616C00EB80094FEA890020
:10F38000A1EB050B0BF064FA29465A46064600EB42
:10F390000B0A00EB8909F1F788FDC4E9106AC4F88B
:10F3A0004890DDF810A042F29C6941F6E86BC2F289
:10F3B0000009C2F2000B1DB12846414608F047FB88
:10F3C000012084F828003C6A9BF80000BFF35F8F9F
:10F3D000C00700F0CE83D9F800004FF0FF31056878
:10F3E000E86B0BF081FC01260220C5E90060E86BA8
:10F3F000AC600BF057FC386A4AF24912C0F60202C0
:10F4000009A9FDF7E7FA42F2A861C2F2000187F804
:10F41000346041F6F060C2F20000BAF84450DAF805
:10F420004CB00078BFF35F8FC00700F0D58241F683
:10F43000F469C2F200090E68DAE90F8A99F800004F
:10F4400042F2AC64C007C2F20004BFF35F8F00F069
:10F45000E5822068076897F84000002840F0A880FF
:10F4600030200BF0F5F9044609903020C8F2000076
:10F470000B902D204EF614110A90C0F60301204681
:10F480002D22F1F78BFC42F2F850C2F20000016825
:10F49000002084F82D0031B109A888479DF92F007C
:10F4A000B0F1FF3F05DC0B99099821F0004108F00D
:10F4B000CEFA42F2A86142F2AC64B5F5806FC2F2B6
:10F4C0000001C2F2000473D3BAF1000F70D0280417
:10F4D0002C3007F128024FF47A7182E80308C7E95B
:10F4E0000D68002EC7F83CA004BF381D78632C209F
:10F4F000BBF1000F08BF3F638DF8260041F6AD0059
:10F50000C0F60300CDE90A070FF258700C904CF2D8
:10F5100050300D9041F64D00C0F603000E900820CB
:10F52000ADF824504FF008080BF092F904464EF263
:10F530006050C0F603000830206028200BF088F9E6
:10F540000026054606604020A8814EF6DC00C0F685
:10F5500003004CF6AD1205F118034FF0FF31C0F671
:10F56000020207C30C2085F80E80C5E904660BF083
:10F570006FF94FF001084AF25112C0E9006680F8B5
:10F580000880A0F80A806862C0F6020209A9204635
:10F59000C5E9014665603C62FDF71CFA42F2A861CC
:10F5A00042F2AC64C2F20001C2F2000487F840806B
:10F5B00099F80000BFF35F8FC00700F04D8241F65D
:10F5C000F060C2F2000024680078BFF35F8FC007CC
:10F5D00000F06082086800281CBF216848630FB0F3
:10F5E000BDE8F08F08204FF008080BF031F9054610
:10F5F0004EF29C50C0F603000830286030200BF01B
:10F6000027F900240646C0E90044C0E9024440202E
:10F6100030820FF2BC504FF0FF31C6E907010220E3
:10F6200086F824004DF21920C0F60200B0620C20CA
:10F6300086F81280C6E905440BF00AF90121C0E9F9
:10F64000004401724181F062C6E90154F4606E60C9
:10F65000386885603968888802063FF4D7AB4A88E5
:10F66000002A3FF4D3AB0B78002B3FF4CFAB8C6870
:10F670004FF00008616881F824004DF2E5400A82ED
:10F680008B740FF258524FF0FF33C0F6020081F82E
:10F690001380C1E90587C1E90723A1F8258081F816
:10F6A000278088626168088A073020F0070291F895
:10F6B00024000A820BF0B0F96168C8608A7C0B8A6A
:10F6C000C86A4AF24111C0F60201C0E90014027290
:10F6D00043810BF0EDFC42F2E859C2F200094F46BB
:10F6E000054657F8040F61683E468D6018B90DE075
:10F6F0003068374650B1064600698542F8D3A842C3
:10F70000BFF484AB70680028F5D1371D18200BF0CA
:10F710009FF80146C1E90454C0E90088866038605A
:10F72000D9F80000006800281CBFC9F8000039683B
:10F73000D9F8040007F094FDD9F808000130C9F8A1
:10F740000800FFF763BB3121C0F200414FF0080809
:10F750000160A0F8048008200BF07AF805464EF20C
:10F76000D850C0F603000830286030200BF070F845
:10F7700000270646C0E90077C0E9027740203082C2
:10F780000FF260404FF0FF31C6E90701022086F812
:10F7900024004DF27930C0F60200B0620C2086F8E9
:10F7A0001280C6E905770BF053F80121C0E9007714
:10F7B00001724181F062C6E90157F7606E6020680E
:10F7C000856021680D79002D3FF434AB488800280E
:10F7D0003FF430AB0A78002A3FF42CAB896807303D
:10F7E0004F6820F00700BA7400240FF204414FF074
:10F7F000FF3238820C20FC74C7E90544C7E90712C0
:10F8000087F82450C7F82540BC620BF021F8064663
:10F810000BF0DEF9B06028460BF0FEF830602846A9
:10F820000BF0FAF87060FE607968BA7C3B8AF86A7F
:10F830004AF23916C0F60206C0E90061027243813D
:10F840000BF036FC42F2E859C2F200094E4605467A
:10F85000B86056F8040FD7F80480374618B90DE0A1
:10F8600038683E4650B1074600698542F8D3A84241
:10F87000BFF4E0AA78680028F5D13E1D18200AF0F0
:10F88000E7FF0146C1E90458C0E9004487603060E1
:10F89000D9F80000006800281CBFC9F800003168D2
:10F8A000D9F8040007F0DCFCD9F808000130C9F8E9
:10F8B0000800FFF7BFBA41F6CC60C2F2000008F0C2
:10F8C000E5FC00283FF49CAA04200AF0C1FF05468D
:10F8D0000C200AF0BDFF3221C0F200410160082176
:10F8E000818000218160286041F6CC60C2F2000076
:10F8F000256008F0E1FCFFF783BA41F6D060C2F260
:10F90000000008F0C3FC00283FF48EAA04200AF08F
:10F910009FFF05460C200AF09BFF31220821C0F210
:10F9200000420023C0E900218360286041F6D060D6
:10F93000C2F20000256008F0BFFCFFF775BA41F67F
:10F94000E060C2F2000008F0A1FC00283FF482AAA7
:10F9500004200AF07DFF05461C200AF079FF4EF2D4
:10F96000C463C0F6030300210246083342F80C1FAB
:10F97000C0E904131F2303760170C0E90112286057
:10F9800041F6E060C2F20000256008F095FCFFF748
:10F9900061BA41F6F060C2F2000008F077FC42F272
:10F9A000A861C2F2000100283FF481AB08200AF0F0
:10F9B0004FFF01F0D3FE42F2A861C2F200010860DD
:10F9C00041F6F060C2F2000008F076FC42F2A86155
:10F9D000C2F20001FFF76BBB41F6F060C2F200001B
:10F9E00008F054FC42F2A861C2F2000100283FF482
:10F9F0001EAD08200AF02CFF01F0B0FE42F2A86113
:10FA0000C2F20001086041F6F060C2F2000008F0A6
:10FA100053FC42F2A861C2F2000108E541F6F4602D
:10FA2000C2F2000008F032FC42F2A861C2F200010A
:10FA300000283FF40EAD04200AF00AFF01F0C2FFD7
:10FA4000206041F6F460C2F2000008F035FC42F29A
:10FA5000A861C2F20001FCE441F6F460C2F20000C9
:10FA600008F014FC42F2A861C2F2000100283FF441
:10FA7000A6AD04200AF0ECFE01F0A4FF206041F6E0
:10FA8000F460C2F2000008F017FC42F2A861C2F272
:10FA9000000194E541F6F060C2F2000008F0F6FBC8
:10FAA00042F2A861C2F2000100283FF493AD0820A1
:10FAB0000AF0CEFE01F052FE42F2A861C2F200014D
:10FAC000086041F6F060C2F2000008F0F5FB42F277
:10FAD000A861C2F200017DE541F6DC60C2F20000DF
:10FAE00008F0D4FB00283FF4A6AB04200AF0B0FED7
:10FAF000054608200AF0ACFE4EF25061C0F6030144
:10FB000008310022C0E90012286041F6DC60C2F230
:10FB10000000256008F0D0FBFFF78DBB41F6E860E0
:10FB2000C2F2000008F0B2FB00283FF49AAB0420B8
:10FB30000AF08EFE05464C200AF08AFE2C2104466F
:10FB4000F0F79CFF2020C4E908000020C4E90B0066
:10FB5000C4E90D00C4E90F00C4E9110041F6E860F2
:10FB6000C2F200002C60C9F8005008F0A5FBFFF7B6
:10FB700078BB41F6E860C2F2000008F087FB00287D
:10FB80003FF429AC04200AF063FE80464C200AF0C2
:10FB90005FFE2C210546F0F771FF2020C5E9080023
:10FBA0000020C5E90B00C5E90D00C5E90F00C5E956
:10FBB000110041F6E860C2F20000C8F80050C9F830
:10FBC000008008F079FBFFF706BC07F0D9F900BF09
:10FBD0006D736754687265616400000074544D521F
:10FBE0006D616E0063626B54687265616400000051
:10FBF0007443424B6D616E00000100000000000084
:10FC0000000000003D6F0308396F0308D5E50208C6
:10FC100045E602083DE9020829E80208B5E60208BF
:10FC20000DE70208516B0308A1E90208656D626FD8
:10FC3000743A3A6170703A3A626C64633A3A746842
:10FC400065434F4D4D3A3A496D706C3A3A696E6969
:10FC50007469616C697365282900000074434F4D15
:10FC60004D000000744354524C00000090B04EF21E
:10FC70001423C0F6030303F10C0151F8044B6A4648
:10FC800042F8044B51F8044B42F8044B51F8044B32
:10FC900042F8044B51F8044B42F8044B51F8044B22
:10FCA00042F8044B51F8044B42F8044B51F8044B12
:10FCB00042F8044B51F8044B42F8044B51F8044B02
:10FCC00042F8044B51F8044B42F8044B51F8044BF2
:10FCD00042F8044B51F8044B42F8044B51F8044BE2
:10FCE00042F8044B51F8044B42F8044B51F8044BD2
:10FCF00042F8044B51F8044B42F8044B0ECBFFF78B
:10FD000007F8000010B5044650200AF0A1FD014696
:10FD100000204FF47A723723C1E90220C1E90400C0
:10FD2000C1E906008B734FF480538B8301238B77DB
:10FD300041F20003C1E900004FF4C052C1E90800DC
:10FD4000C1E90A00C1E90C00C2F220034864C1E91C
:10FD50000F00C1E9120020468A818B63A1F844207C
:10FD6000216010BD70470000F0B581B041F6E86039
:10FD7000C2F20000007842F29C670C46C007C2F253
:10FD80000007BFF35F8F08D0386801210068224662
:10FD9000FEF70AFE012001B0F0BD41F6E860C2F2B4
:10FDA000000008F073FA0028EED004200AF050FD9D
:10FDB00005464C200AF04CFD2C210646F0F75EFE6D
:10FDC0002020C6E908000020C6E90B00C6E90D00A6
:10FDD000C6E90F00C6E9110041F6E860C2F2000072
:10FDE0002E603D6008F068FACEE700002DE9F04F84
:10FDF00085B041F6E860C2F20000007842F29C67EC
:10FE00000D46C007C2F20007BFF35F8F00F05681B6
:10FE1000D5E900B4A34500F04A8138684FF0FF31BE
:10FE2000D0F80080A4EB0B07D8F83C000AF05CFF88
:10FE3000012FC0F23581D8E91193D5F800A0A3EBCA
:10FE40000900874231DDD8F840104CF6CD45B81096
:10FE5000CCF6CC45A9EB010268439610CDF80CB066
:10FE600006FB050B4CF6CC40C0F6CC40834500F2B7
:10FE70004E81591A8910694346F26662BBEB410F05
:10FE8000C0F2666238BF4FEA410B914228BF8346F9
:10FE9000BBF1000F019359D0834500F23A810BEB7F
:10FEA0008B0080000AF0D4FC51E007EB0A0CE2451D
:10FEB00000F0F480002104940AEB0103D3E90176F9
:10FEC00009EB0102DC685AF8015018691433C2E9E1
:10FED0000176634502F1140649F80150C2E9034076
:10FEE00073D0D3E90007D3E90254D3F810E01433F8
:10FEF000C6E90007634502F12807C6E90254C6F8BF
:10FF000010E064D0D3E90006D3E90254D3F810E03E
:10FF10001433634502F13C02C7E90006C7E9025405
:10FF2000C7F810E000F0B880D3E90007D3E9026514
:10FF30001C69C2E9000703F11400604501F150019A
:10FF4000C2E902651461B7D18944A6E00020049497
:10FF5000A7F11404A4FB051206FB05F101EB8101D6
:10FF6000012300EB810C03EB121212F0030E674425
:10FF7000029015D0DAE900362046DAE90254DAF8C0
:10FF80001020CCE900360CF11403BEF1010F0AF188
:10FF90001406CCE90254CCF8102005D1B24626E074
:10FFA00063463C2C26D259E096E83400D6E9031685
:10FFB00083E83400C3E903160CF12803BEF1020FF5
:10FFC0000AF1280205D1924611E0B14665E0B94632
:10FFD00063E0D2E90016D2E902541269C3E90016BF
:10FFE000C3E902541A610CF13C030AF13C0A0446CD
:10FFF0003C2C33D3A3F15002AAF1500353F8500F15
:020000040803EF
:10000000D3E90165D3E9034142F8500FC2E9034146
:10001000C2E9016503F1140643CED3E9084502F1B4
:10002000140EC2E908458EE8430003F1280643CECA
:10003000D3E90D4502F1280EC2E90D458EE84300D3
:1000400003F13C0643CED3E91254C2E9101602F183
:100050005001B942C2E91254D063CFD1D8F8405010
:100060000299A9EB05020BEB8B00ACEB020601EB4E
:10007000800430462946C8F84490F0F716FFC8F8C7
:100080004840DDE903B4C8E910674DB10198411B50
:10009000284607F0DCFC03E09146049CC8F8449035
:1000A0004046FDF795FED8F83C000AF0FBFDBBEB9F
:1000B000040018BF012005B0BDE8F08F41F6E860EC
:1000C000C2F2000008F0E2F800283FF4A1AE0420DC
:1000D0000AF0BEFB04464C200AF0BAFB2C2106466F
:1000E000F0F7CCFC2020C6E908000020C6E90B0090
:1000F000C6E90D00C6E90F00C6E9110041F6E86047
:10010000C2F2000026603C6008F0D6F880E606F0F7
:1001100037FF07F075FC00002DE9F04385B041F68C
:10012000E860C2F20000007842F29C6615468946FB
:10013000C007C2F20006BFF35F8F3FD030680021D6
:100140000768C9F80010F86A4FF0FF310AF0CCFDDB
:10015000D7E90C46B44227D0D4E900C1D4E9022340
:1001600020690DF1040EC5E900C1C5E9022328612B
:100170008EE80E00D7E90C52049005F11401B2EBA1
:100180000108284604D028464246F1F781FB386B27
:1001900005EB08017963081A4CF6CD418010CCF6C6
:1001A000CC414843C9F80000F86AA41B18BF0124D9
:1001B0000AF078FD204605B0BDE8F08341F6E8601E
:1001C000C2F2000008F062F80028B7D004200AF05C
:1001D0003FFB80464C200AF03BFB2C210746F0F702
:1001E0004DFC2020C7E908000020C7E90B00C7E943
:1001F0000D00C7E90F00C7E9110041F6E860C2F23F
:100200000000C8F80070C6F8008008F055F895E7BF
:100210002DE9F04782B041F6E860C2F200000078B4
:10022000DDF828A042F29C671C4615460E46C00722
:10023000C2F20007BFF35F8F0BD03868002100685F
:1002400032462B46CDE9004AFEF794FC02B0BDE8E9
:10025000F08741F6E860C2F2000008F017F80028C5
:10026000EBD004200AF0F4FA80464C200AF0F0FAB1
:100270002C218146F0F702FC2020C9E9080000206B
:10028000C9E90B00C9E90D00C9E90F00C9E911006E
:1002900041F6E860C2F20000C8F80090C7F800809C
:1002A00008F00AF8C9E700002DE9F04FBDB00029B9
:1002B00001F0EA801446CA07149400F05B870C90A2
:1002C000207E0E911F2800F2548742F23C51C2F268
:1002D0000001096801228240114000F04A8740F283
:1002E000B41100EB8000C2F2000101EBC004E06930
:1002F0000721F3F7F1FE606AD0E90012E069511AB4
:100300000911149C1C9107210022F3F7BFFD1C98D2
:10031000C3B2002B00F02D8715A8011D09300F90E6
:100320001CA80D9100F118010B9100F12801293052
:1003300003903BA8043006904EF25060C0F60300D4
:1003400042F2FD5B0830C2F2000B00270A910290D6
:1003500010930AE0109B42F2FD5BC2F2000BDDE954
:10036000116701379F4280F0FE86207E00261F28FD
:10037000F7D842F23C51C2F20001096801228240E2
:100380001140EED040F2B41100EB8000C2F2000147
:1003900001EBC00656F81C0F4FF00008072112971A
:1003A000CDE91C88F3F798FEB468D4E9005A5545A6
:1003B00018D0D5E90201D5F800802F79CDE91C01CC
:1003C00005F11001BAEB0109284604D028464A4637
:1003D000F1F75EFA206805EB0901081AC0F307106F
:1003E000616001E00027002011903068149C072113
:1003F0000022F3F74BFDDDE91C1055451B901A91C7
:1004000000F0D580082F4FF0080028BF07460F994D
:100410000020887008801D901C901CA81AA93A46DC
:100420000025F0F742FDD4F835008DF85C70CDE979
:100430001508DDE91C10199020681891606041F6DC
:10044000DC60C2F200000078BFF35F8FC00700F0ED
:10045000398642F29060C2F200000068D0F8008055
:10046000D8F804000168896888471699C1F3022307
:100470005A1E062B08BF6FF00202062A06D2D2B21D
:100480003D2727FA02F2D20740F0068101F00F0261
:100490000F2A04D000F00F00824240F0FD806FF080
:1004A0000200062B08BF6FF0010350FA83F0042806
:1004B000D8B20AD3012808D001F4E0639DF8602087
:1004C000B3F5E06F18BF02F07F02002800F08A80C9
:1004D000022800F06E80072840F0DE80A2F10C00B8
:1004E000262800F2A480DFE810F02700A701D90138
:1004F000D700D700D700D700D700D700D700D70044
:10050000D700D700D700D700D700D700D700D70033
:10051000D700D700D700D700D700D700D700D70023
:10052000D700D700D700D700D700D700D700D70013
:10053000D700D700D70073010D9F08208DF89A00CF
:100540008DCF0B9D00268DC5229F8DF87060C7F35F
:1005500002231846CDE93666CDE93466CDE9326628
:10056000CDE93066ADF89860062B08BFFE201E90DE
:100570006FF0020008BF6FF0010350FA83F2042A03
:10058000D8B202D3012840F0AA82FEB2360907F0A1
:100590000F058DF874605E1E8DF87C50F6B23D2517
:1005A00025FA06F6F60700F0AF820F26AEE2109BA2
:1005B000D5E61C2A00F08880322A6DD1FE211E91DA
:1005C0000B9900208DF87000ADF874008DF87C0058
:1005D00020908DF88400C1E90000C1E90200087490
:1005E000022015E05B2A73D0322A55D1FE211E91DC
:1005F0000B9900208DF87000ADF874008DF87C0028
:1006000020908DF88400C1E90000C1E9020008745F
:10061000279032200D998DF8A0001CA806F0B6FA9C
:10062000D8F8040001684A6A0A99904758E0FF2AFE
:1006300000F0668182BB0D9F0B9D8DCF00268DC57E
:10064000229F8DF87060C7F3022318468DF89860DA
:10065000062B08BFFE201E906FF0020008BF6FF04F
:10066000010350FA83F2042AD8B202D3012840F0E1
:10067000B184FEB2360907F00F058DF874605E1E76
:100680008DF87C50F6B23D2525FA06F6F60700F007
:10069000B6840F2600F0B5BC11F0F00F20D141F662
:1006A000E860C2F200000078BFF35F8FC00700F07F
:1006B0002B8542F29C60C2F20000006800210068B5
:1006C00015AAFEF771F90BE0404602211C2202E058
:1006D000404600215B220D9B0094FDF78DFD00BF7D
:1006E000D4E90087B8453FF435AED4F8109013979D
:1006F00011E000BFC9F800B01CAB0FCB09F1040C2E
:100700008CE80F0009F1140908F11008B845C4F885
:1007100010903FF41FAE98E80F00DDF854B0CDE91B
:100720001C0160691E9281451F93E3D3E7684CF674
:10073000CD42A9EB0705A910CCF6CC4201FB02F48F
:100740004CF6CC41661CC0F6CC418E4200F29F862E
:10075000A0EB070A4FEAAA00504346F26662B6EBE6
:10076000400FC0F2666238BF4600904228BF0E4676
:1007700046B18E4200F28D8606EB860080000AF0BC
:1007800067F800E0002004EB840106EB86031CAC54
:1007900000EB810200EB830640F821B01BCC02F194
:1007A000040C8CE81B00541B02F114092046394646
:1007B0002A46F0F77AFB1498C4600446C0F81090FB
:1007C00046611FB13846514607F041F9139F9BE738
:1007D0000D9F0B9D8DCF00268DC5229F8DF87060DB
:1007E000C7F302231846ADF89A608DF89860062B7F
:1007F00008BFFE201E906FF0020008BF6FF00103DB
:1008000050FA83F24FF0000C042AD8B202D3012828
:1008100040F0B080FEB2360907F00F058DF8746025
:100820005E1E8DF87C50F6B23D2525FA06F6F607D9
:1008300000F0B5800F26B4E00D9F0B9D8DCF0026F4
:100840008DC5229F8DF87060C7F3022318468DF87E
:100850009860062B08BFFE201E906FF0020008BFB4
:100860006FF0010350FA83F24FF0000C042AD8B263
:1008700002D3012840F0DA80FEB2360907F00F05F6
:100880008DF874605E1E8DF87C50F6B23D2525FA19
:1008900006F6F60700F0DF800F26DEE00D9B0B9ECC
:1008A0000FCB00270FC6229B8DF87070C3F3022276
:1008B0001046CDE930778DF89870062A08BFFE20E3
:1008C0001E906FF0020008BF6FF0010250FA82F133
:1008D0000429D0B202D3012840F0F781DFB23F09EA
:1008E00003F00F068DF87470571E8DF87C60FFB210
:1008F0003D2626FA07F7FF0700F0FC810F27FBE1F2
:100900000D9BFF2030900FCB0B9E00270FC6229B24
:100910000125C3F3022210468DF870708DF88470A3
:100920003195ADF8C8708DF8CA708DF89870062AA8
:1009300008BFFE201E906FF0020008BF6FF001029A
:1009400050FA82F10429D0B202D3012840F06F821C
:10095000DFB23F0903F00F068DF87470571E8DF853
:100960007C60FFB23D2626FA07F7FF0700F074828D
:100970000F2773E207F4E0669DF89050B6F5E06F3C
:1009800018BF05F07F055E1E8DF87C50F5B2062D70
:10099000FDB24FEA15158DF87450FFF444AF07F01F
:1009A0000F069DF88C708DF8756057B1013BDBB276
:1009B000062B0AD24EF22016C0F6030656F8233054
:1009C00004E000232093002708E021231CAE3344D9
:1009D000042A209302D3012818BF013F01F4E060EC
:1009E0009DF86010B0F5E06F8DF8847018BF01F0CD
:1009F0007F0132294FF001008DF8700011D19DF870
:100A00005C10187803298DF89800ADF89AC008D1C9
:100A100098780102ADF89A10597841EA0020ADF8B3
:100A20009A00D8F8040001688A6AFDE507F4E066D8
:100A30009DF89050B6F5E06F18BF05F07F055E1E7B
:100A40008DF87C50F5B2062DFDB24FEA15158DF8E4
:100A50007450FFF41AAF07F00F069DF88C708DF8F4
:100A6000756057B1013BDBB2062B0AD24EF220165D
:100A7000C0F6030656F8233004E000232093002735
:100A800005E021231CAE3344042A209304D242F211
:100A90000062C2F2000206E042F20062C2F200020C
:100AA000012818BF013F01F4E0609DF86010B0F527
:100AB000E06F8DF8847018BF01F07F010D294FF0B1
:100AC00001008DF8700040F0F7821878072800F2D6
:100AD000F382002800F0CE829BF80010D5E207F4E4
:100AE000E0669DF89050B6F5E06F18BF05F07F0501
:100AF0005E1E8DF87C50F5B2062DFDB24FEA15153D
:100B00008DF87450FFF44AAD07F00F069DF88C7015
:100B10008DF8756057B1013BDBB2062B09D24EF25E
:100B20002016C0F6030656F8233003E0002720976E
:100B300008E021231CAE3344042A209302D3012869
:100B400018BF013F01F4E0609DF86010B0F5E06F60
:100B50004FF001008DF8847018BF01F07F010C295F
:100B60008DF8700004BF0020ADF89800D8F804009C
:100B700030AA01680B690A9998479DF89A70002F6E
:100B80003FF4AEAD4FF0000BCDE9047818E006213C
:100B900001714FF04061C0F80510002103604672FA
:100BA00080F80AC080F80BE080F80C904273C18195
:100BB00000F1100565600BF1010BBB45BFF490AD72
:100BC000D8F804000168896888479DF899609DF805
:100BD0009A108E42EFD230A901EB860211F826C09E
:100BE0009DF8741092F801E001F00F0360F3071311
:100BF000701C8DF89900D4E9010192F80290D27826
:100C0000884203F5E063C2D32768A0EB070A0120FE
:100C100000EB2A15B5F1805F80F06D84A1EB070829
:100C20004FF6F070B5EBE80FC7F6FF7038BF4FEA2C
:100C3000E80580456FF0704028BF0546B5B1B5F1B5
:100C4000805FCDE907380992CDF84C9080F021847F
:100C50002801F146E04609F0FBFDC446CE46DDF82A
:100C60004C90099ADDE90738044600E000244FEA79
:100C70002A1004EB001100012350062008714FF0E8
:100C8000406004EB0515C1F80500002013954E7275
:100C900081F80AC081F80BE081F80C904A73C88192
:100CA00001F11005204639465246F0F7FEF8149837
:100CB0000460044645601398A0601FB13846414661
:100CC00006F0C5FEDDE9047874E703F4E0679DF8FB
:100CD0009060B7F5E06F18BF06F07F06571E8DF8DD
:100CE0007C60FEB2062EDEB24FEA16168DF87460F6
:100CF000FFF4FDAD03F00F079DF88C308DF8757093
:100D000053B1013AD2B2062A09D24EF22017C0F6E8
:100D1000030757F8222003E00023209308E0212254
:100D20001CAF3A440429209202D3012818BF013B8A
:100D30008DF88430D8F8040001258DF870500168D2
:100D400030AA8B690A999847D8F804000168896825
:100D500088473099DDF8C3203B919DF87410CDF899
:100D6000EF2001F00F03D4E9011260F30713914261
:100D700003F5E06911D2082008714FF06060C1F8F6
:100D800005003B98DDF8EF2001F11005C1F8009057
:100D9000C1F80900CA606560A2E426688F1B05EBF4
:100DA0002715B5F1805F80F0A683A2EB06084FF609
:100DB000F070B5EBE80FC7F6FF7038BF4FEAE805F3
:100DC00080456FF0704028BF054645B1B5F1805FA2
:100DD00080F05F83280109F03BFD044600E0002419
:100DE000381104EB0011000144F80090082008714C
:100DF0004FF06060C1F805003B98DDF8EF2004EB90
:100E0000051AC1F80900CA6001F1100520463146F3
:100E10003A46F0F74AF81498002E046004464560FC
:100E2000C0F808A000F0D38030464146CDE003F47E
:100E3000E0679DF89060B7F5E06F18BF06F07F0699
:100E4000571E8DF87C60FEB2062EDEB24FEA1616F3
:100E50008DF87460FFF485AD03F00F079DF88C30BA
:100E60008DF8757053B1013AD2B2062A09D24EF20A
:100E70002017C0F6030757F8222003E00023209331
:100E800008E021221CAF3A440429209202D3012811
:100E900018BF013B8DF88430D8F804008DF87050ED
:100EA000016830AACB680A999847D8F8040001680D
:100EB00089688847069A002191701180DDE9301217
:100EC0009DF8C8308DF8EC108DF8ED30BDF8C910E4
:100ED0009DF87430ADF8EE1003F00F0160F30711C8
:100EE00004240DF1E50601F5E068002A08BF03249B
:100EF00084F0070130190125F0F709F830463BA9C5
:100F00002246EFF74BFF149B04F10109D3E90101DD
:100F1000884213D24FF07F41C0F80510DDF8E5108C
:100F20003A9A00F11005C0F8008080F80490C0F8EB
:100F30000910C2601C465D60FFF7D2BB1E68871BAC
:100F400005EB2715B5F1805F80F0D582A1EB060A8D
:100F50004FF6F070B5EBEA0FC7F6FF7038BF4FEAF7
:100F6000EA0582456FF0704028BF054645B1B5F1EE
:100F7000805F80F08E82280109F06AFC044600E060
:100F80000024381104EB0011000144F800804FF0F8
:100F90007F40C1F80500DDF8E5003A9A04EB051B37
:100FA00081F80490C1F80900CA6001F110052046DB
:100FB00031463A46EFF779FF1498046004464560DD
:100FC000C0F808B01EB13046514606F040FD6560DD
:100FD000FFF786BB07F4E0669DF89050B6F5E06F2A
:100FE00018BF05F07F055E1E8DF87C50F5B2062D0A
:100FF000FDB24FEA15158DF87450FFF443AB07F0BE
:101000000F069DF88C708DF8756057B1013BDBB20F
:10101000062B0AD24EF22016C0F6030656F82330ED
:1010200004E000232093002708E021231CAE334472
:10103000042A209302D3012818BF013F01F4E06085
:101040009DF86010B0F5E06F8DF8847018BF01F066
:101050007F014FF001008DF8700029B91878002841
:1010600018BF01208DF89800D8F804000168CA69FB
:10107000FFF7DABA00218DF89810C2E90011C2E931
:101080000211C2E90411C2E9061117460122824089
:10109000D2B21143D3F80120FF298BF8001047F892
:1010A00020208DF898C007D1039839462022EFF709
:1010B00075FE01208DF89800D8F8040001680A6ACE
:1010C000FFF7B2BA41F6DC60C2F2000007F0DEF8CA
:1010D00000283FF4BEA9042009F0BAFB044608200A
:1010E00009F0B6FB02992060C0E9001542F2906059
:1010F000C2F20000046041F6DC60149CC2F2000001
:1011000007F0DAF8FFF7A5B941F6E860C2F200008F
:1011100007F0BCF800283FF4CCAA042009F098FBA3
:1011200004464C2009F094FB2C210546EFF7A6FC61
:101130002020C5E908000020C5E90B00C5E90D0025
:10114000C5E90F00C5E9110042F29C60C2F200003F
:10115000046041F6E8602560149CC2F2000007F0CC
:10116000ABF8FFF7A6BA26B10C9801684A690121CD
:1011700090470E9988073DD541F6E860C2F200001D
:101180000078BFF35F8FC00700F0878142F29C6058
:10119000C2F2000000684FF0FF310668F06B09F002
:1011A000A3FDD6E91010884221D0401A4CF6CD425A
:1011B0008010CCF6CC42504340F2E733984238BF1F
:1011C000034603EB830204F10C00950001EB82025D
:1011D00006F010FB5DB1D6E910406119451A03D045
:1011E00020462A46F0F754FB6019149C7064F06B9B
:1011F00009F058FDD4E90301814200F04481081A46
:101200004CF6CD418010CCF6CC4100FB01FA4FF0FA
:1012100001081CAC4FF0000BBAF1010F98BFC24699
:1012200009E000BF1CAC4FF00108BAF1010A0BF154
:10123000140B00F0BB80149FF8685844067A456888
:1012400000F10C010020082E28BF0826CDE91C0063
:1012500020463246EFF7A2FD387E1F28E5D842F23D
:101260003C51C2F20001096808FA00F21140DCD0DA
:1012700040F2B417139500EB8005C2F2000707EBAC
:10128000C5048DF8C080A14659F81C0F0168496D4E
:10129000C1F340218DF8C0104FF40071F2F71CFF2C
:1012A0009DF8C0008DF8C000D4F8208017F83510E4
:1012B000D8E90040021BB1EB221F0AD104F1100152
:1012C000451A03D020462A46F0F7E2FA6019C8F81A
:1012D0000400D8F80810012288420DD21399067133
:1012E00001600021A0F80510C171DDE91C1200F1B8
:1012F0001006C0E902124AE0D8F80070CDF8489014
:10130000C41B02EB2419B9F1805F80F0C480C91BB3
:101310004FF6F070B9EBE10FC7F6FF7038BF4FEA38
:10132000E109814228BF6FF07049B9F1000F1191B6
:1013300009D0B9F1805F80F0AC804FEA091009F064
:1013400087FA054600E000252011139A05EB0011ED
:1013500000012A50DDE91C0200230E71A1F80530BE
:10136000CB71C1E9020201F1100628463946224636
:1013700005EB0919EFF799FDC8E90056C8F8089080
:101380001FB11199384606F062FBDDF84890C8F8A5
:1013900004609DF8C00001287FF444AFD9F8000034
:1013A0004FF400710022F2F771FD3BE7149C207EA0
:1013B0001F2867D842F23C51C2F20001096801229D
:1013C000824011405ED040F2B41100EB8000C2F2C6
:1013D000000101EBC00757F81C8F01208DF8700049
:1013E000D8F800004FF40071406DC0F340208DF834
:1013F00070004046F2F770FE9DF870008DF86800AE
:101400007D68D5E90040844231D0D4E90021D4E997
:1014100002633092CDE9311604F11001461A33937C
:1014200003D020463246F0F733FAA0196860002056
:101430008DF8540030991E906FF3DF21CDE91C1018
:101440009DF8C410CDE9200009041F9130A901F1D5
:101450000802CDE9220024901CA94046F2F794FD31
:101460008DF854009DF854008DF8540003E09DF869
:101470006800012805D138684FF400710022F2F7A6
:1014800005FD149CE06820613DB0BDE8F08F05F0DB
:1014900077FD06F0B5FA05F067FD41F6E860C2F2A7
:1014A000000006F0F3FE00283FF470AE042009F0BF
:1014B000CFF904464C2009F0CBF92C210546EFF773
:1014C000DDFA2020C5E908000020C5E90B00C5E9C8
:1014D0000D00C5E90F00C5E9110042F29C60C2F29F
:1014E0000000046041F6E8602560149CC2F2000030
:1014F00006F0E2FE4AE605F049FD00002DE9F04F56
:1015000089B00E7E42F23C5B8946002EC2F2000B8F
:1015100040F093809BF80010C90740F08E8040F2A5
:101520000041C4F6000199F830A099F831B007469F
:1015300008464FF4804100220024F3F77BFC012091
:10154000F2F78CFCF6F71DF940F2B41106EB8600B9
:10155000C2F200014BEA0A2201EBC00541F830203B
:1015600041F24D70C0F60300686175A000EB860083
:101570004068C5E90144C5E90344AF61D0F8008083
:101580000C20C5F81C8009F063F90746C0E9004447
:10159000846028620C2009F05BF90646BBF1000F5D
:1015A000C0E900448460686208D04FEA0B1009F07B
:1015B0004FF900EB0B11C7E90000B960BAF1000F59
:1015C00008D04FEA0A1009F043F900EB0A11C6E906
:1015D0000000B16001244046022102220023009451
:1015E0000026F2F759FDE86940F2FF71079102A960
:1015F000CDE90266CDE904640696F2F71DFDEE69B9
:101600004CF2E132C0F6020230460021F3F7B8F89E
:101610004CF27D21C0F602013046F3F7DFF8E869AD
:10162000F3F7ECF842F23C5BC2F2000B28B9DBF8AE
:10163000000040F00100CBF8000099F8180099F87C
:101640001910FAF7D3FDD9F80C50D9F814004CF65C
:10165000CD41A0EB050899F831404FEAA800CCF63F
:10166000CC414843A04220D2D9F8100004EB8407B3
:10167000A0EB050AB80009F0EBF8294652460646E9
:1016800000EB0A0B00EB8707EFF70FFCC9E9036BD0
:1016900042F23C5BC2F2000BC9F814702DB128462F
:1016A000414606F0D4F999F83140D9F80050D9F8FC
:1016B0000800461BB4EB261F18D9D9F80400A0EB8C
:1016C0000508200109F0C4F829464246074600EB08
:1016D000080A00EB0414EFF7E8FBC9E9007AC9F83F
:1016E00008401DB12846314606F0B1F999F81800B6
:1016F0001F2822D8DBF800100122824011401CD0A4
:1017000001218DF8081040F2B41100EB8000C2F204
:10171000000101EBC004E0690168496DC1F340219B
:101720008DF808104FF40071F2F7D6FC9DF8080010
:10173000E06907210022F2F7A9FB09B0BDE8F08FAC
:101740000100000060E2030800000000002808BF5C
:10175000704701684A69012110470000B0B504468E
:101760004EF28C60C0F60300083020603C2009F087
:101770006FF83C210546EFF781F940F21F102883EE
:101780004EF25060C0F603000830E8610020C5E961
:101790000800C5E90B002C2085F824004FF4805088
:1017A000E8844CF25030A86242F2200028860120E2
:1017B00085F83700102085F8350020466560B0BDFB
:1017C000B0B54EF28C61C0F6030144680831016087
:1017D000002141609CB10546E06820B1616920614B
:1017E000091A06F034F9206820B1A1686060091A6E
:1017F00006F02DF920463C2106F029F9284608215B
:10180000BDE8B04006F023B9B0B54EF28C61C0F629
:1018100003014468083101600021002C416008BFC9
:10182000B0BD0546E06820B161692061091A06F083
:101830000EF9206820B1A1686060091A06F007F966
:1018400020463C2106F003F92846B0BDC80708BF72
:101850007047F0B583B0164656F8140F1746354654
:101860007060306A55F80C1D026846F8081C0021AB
:10187000D468029101914FF0040C01A902AB3246E9
:10188000CDF800C0A047B26A30462946904756F8C6
:10189000080C2968884204D0786B01684A68294698
:1018A000904703B0BDE8F040704700002DE9F04FCD
:1018B00087B00C468E6809694CF6CD45A1EB060948
:1018C0004FEAA901CCF6CC456943032983461CD8CD
:1018D000E068851B502008F0BBFFDA4600EB050BE3
:1018E00031462A464CF6CD45074600F15008CCF665
:1018F000CC45EFF7DAFAC4E9027BD346C4F810808E
:101900001EB13046494606F0A2F86669E069A0EBD0
:1019100006094FEAA9006843032816D8A069851B69
:10192000502008F095FF31462A46074600EB05088F
:1019300000F1500AEFF7B9FAC4E90578C4F81CA021
:101940001EB13046494606F082F8042008F080FFB8
:101950000746382008F07CFF06464EF29030C0F66D
:1019600003000025C6E90007C6E90355C6E9055589
:10197000C6E90755C6E90955C6E90B55B58609F00C
:10198000CBFBB060E06A694600900120CDE9010020
:101990000220CDE9050530463E606762CDF80CB007
:1019A000FCF74CF9A06B48B10546206B01688968CB
:1019B0008847294607B0BDE8F04F084707B0BDE8A3
:1019C000F08F000070B50446442008F041FF002667
:1019D000054606644EF25060C0F603000DA10830C3
:1019E0000831C5E9000105F108002421EFF746F8A8
:1019F0002C2085F828004FF4C05068854FF47A7089
:101A0000C5E90B062046C5E90D66EE6385F8406022
:101A1000256070BD0000000000000000351A0308BA
:101A2000391A03083D1A0308411A030865FD020824
:101A3000451A0308002070470020704700207047B7
:101A400000207047042106F002B800007047000033
:101A500070470000042105F0FABF000070B505468C
:101A600041F6F860C2F20000007842F2B4660C461B
:101A7000C007C2F20006BFF35F8F07D03068294667
:101A800000682246BDE8704002F062B841F6F86096
:101A9000C2F2000006F0FAFB0028EFD0042008F0A4
:101AA000D7FE05F031F8306041F6F860C2F2000070
:101AB00006F002FCE2E700002DE9F04F83B0044697
:101AC00040F218081820C8F2000808F0C1FE0546C8
:101AD0000090122001900FF6FC5128461222CDF8FA
:101AE0000880EFF75BF942F2F856C2F2000631685F
:101AF0000020A87431B1684688479DF90B00B0F109
:101B0000FF3F05DC0299009821F0004105F09FFF9E
:101B100041F6F860C2F20000007842F2B465C007F6
:101B2000C2F20005BFF35F8F00F091862868D0F8FD
:101B300000B09BF80900002840F0848638208BF81C
:101B4000084008F085FE0446009008F1200002904D
:101B5000362001900FF6905120463622EFF71EF9FD
:101B60003168002084F8360031B1684688479DF915
:101B70000B00B0F1FF3F05DC0299009821F0004115
:101B800005F065FF042008F063FE4EF2AC61C0F67C
:101B9000030101F108040460CBF80000042008F000
:101BA00057FE40F24D31C2F200010A7804601F2A4C
:101BB000CBF804004AD10120087047F29050272545
:101BC000C1F6FF70C0F24705026805F11E064368C2
:101BD0008068B24245F20E06C4F64E0608BFB34214
:101BE00028D0B2F1461F08BFB34223D0B2F1471F3D
:101BF00008BFB3421ED02224C0F24804A24243F2DE
:101C00005634C2F2340408BFB3421CD0AA4208BF03
:101C1000B34218D04825C0F24605AA424FF001024F
:101C200008BFB34212D143F25633C2F23403984292
:101C300006D00BE043F25632C2F23402904204D195
:101C400000220A7002E0A042FAD001220BF128041F
:101C500020460521002A18BF01228BF8122005F02A
:101C600037FE002042F2E458CBF82C009BF812001B
:101C7000C2F200080122D8F80010012802FA00F68A
:101C80002DD811EA06022AD142F23A52C2F20002DB
:101C90001278012A23D140F20821C2F20001030187
:101CA000002501EB0012CD544EF26C31C0F6030159
:101CB00001EB80004068C2E90155D560C27801306F
:101CC000002101230125FAF785FCD8F8000040EA3D
:101CD00006019BF81200C8F8001005FA00F61F284C
:101CE0004FF000052CD831402AD04EF26C31C0F6AE
:101CF000030101EB800045680020B5F80110B0EB4E
:101D0000113F18D1CAB20A2A15D84EF2902201F01A
:101D10000F00C0F603020B0A32F81060012199404F
:101D2000314207D002EB8000806918B189B2F3F725
:101D300074F800E000202978081AB0FA80F045090C
:101D4000DBE90B024FF6E076B0EB421FC3F6FF76FD
:101D500019D1411CB1F1FF3F40F377854FF6FE7179
:101D6000C3F6FF71884207D8304000F12001B1EB83
:101D7000821F38BF910101E06FF00041204605F05D
:101D8000A7FDDBF82C00411CCBF82C10DBF8281049
:101D9000420900F01F00012303FA00F0002D51F862
:101DA00022300CBF23EA0000184341F822009BF8C0
:101DB000120000251F2830D8D8F8001001228240D8
:101DC00011402AD04EF26C31C0F6030101EB8000C5
:101DD00045680020B5F80110B0EB113F18D1CAB228
:101DE0000A2A15D84EF2902201F00F00C0F6030225
:101DF0000B0A32F8107001219940394207D002EBEA
:101E00008000806918B189B2F3F707F800E000207C
:101E10002978081AB0FA80F04509DBE90B02B0EB2B
:101E2000421F17D1411C00F110854FF6FE71C3F619
:101E3000FF71884207D8304000F12001B1EB821FCA
:101E400038BF910101E06FF00041204605F040FDF0
:101E5000DBF82C00411CCBF82C10DBF828104209D1
:101E600000F01F00012303FA00F0002D51F822308A
:101E700014BF184323EA000041F822009BF8120027
:101E800000251F2830D8D8F80010012282401140C8
:101E90002AD04EF26C31C0F6030101EB8000456898
:101EA0000020B5F80110B0EB113F18D1CAB20A2AD0
:101EB00015D84EF2902201F00F00C0F603020B0A73
:101EC00032F8107001219940394207D002EB8000AE
:101ED000806918B189B2F2F7A0FF00E000202978EC
:101EE000081AB0FA80F04509DBE90B02B0EB421F9B
:101EF00017D1411C00F1A9844FF6FE71C3F6FF71A2
:101F0000884207D8304000F12001B1EB821F38BF72
:101F1000910101E06FF00041204605F0D9FCDBF8AB
:101F20002C00411CCBF82C10DBF82810420900F0E3
:101F30001F00012303FA00F0002D51F8223014BFD6
:101F4000184323EA000041F822009BF81200002504
:101F50001F2830D8D8F800100122824011402AD022
:101F60004EF26C31C0F6030101EB800045680020A1
:101F7000B5F80110B0EB113F18D1CAB20A2A15D832
:101F80004EF2902201F00F00C0F603020B0A32F865
:101F9000107001219940394207D002EB800080691E
:101FA00018B189B2F2F739FF00E000202978081A49
:101FB000B0FA80F04509DBE90B02B0EB421F17D104
:101FC000411C00F142844FF6FE71C3F6FF71884256
:101FD00007D8304000F12001B1EB821F38BF9101DA
:101FE00001E06FF00041204605F072FCDBF82C00A8
:101FF000411CCBF82C10DBF82810420900F01F0020
:10200000012303FA00F0002D51F8223014BF1843C9
:1020100023EA000041F822009BF8120000251F2847
:1020200030D8D8F800100122824011402AD04EF258
:102030006C31C0F6030101EB800045680020B5F863
:102040000110B0EB113F18D1CAB20A2A15D84EF2CE
:10205000902201F00F00C0F603020B0A32F8107054
:1020600001219940394207D002EB8000806918B104
:1020700089B2F2F7D2FE00E000202978081AB0FAFF
:1020800080F04509DBE90B10B1EB401F16D14A1C6B
:1020900000F1DB834FF6FE72C3F6FF72914206D861
:1020A00031402031B1EB801F38BF810101E06FF07A
:1020B0000041204605F00CFCDBF82C10481CCBF846
:1020C0002C00DBF828004A0901F01F01012303FA64
:1020D00001F1002D50F8223014BF194323EA010109
:1020E00040F82210DBF82C300121CBB15A0900EB6B
:1020F000820203F01F030027066801FA07F4264056
:1021000018BF01260DD01F2F08BF0430B7F11F05DF
:1021100018BF7D1C9D422F4608BF9042ECD100E0C5
:1021200001268BF813609BF8130040F600068BF82D
:1021300014009BF8130042F2745142F2345C42F2F4
:10214000E05740F2A81A42F61C25C4F600060C24FB
:102150000028C2F20001C2F2000CC2F20007C2F273
:10216000000AC2F2000518BF08242CD042F27050B9
:10217000C2F2000002780123012A0B7006D19AF8FE
:102180000010296800224A638A63CA634FF6184226
:102190000021CFF6FF724FF05073CCF80010B3500F
:1021A0003E78B946012E11D101709AF800002868D6
:1021B00041638163C16340F60000C4F60000CCF8BF
:1021C0000010835002E0B9460020087041F6E0603C
:1021D000C2F20000007842F29465C007C2F2000526
:1021E000BFF35F8F00F04A8328680568294651F8DD
:1021F0000C3F0A466BB308461A7C002A1A4608BFF1
:102200000432166818BF1846DEB1327C002A324606
:1022100008BF0432136818BF304693B11A7C002AF5
:102220001A4608BF0432166818BF18464EB1327CF1
:10223000002A324608BF0432136818BF3046002B0C
:10224000DAD188420A4604D0027C012A88BF0846B7
:10225000024602F118008A4208BF05F11400016825
:1022600057460959884741F6E040C2F20000012470
:10227000092140F64026C0E90441C2F2000641F2BD
:102280009C21C822705041F290218261C6F8F40A64
:10229000705041F2882040F20111315241F28A20FF
:1022A00041F20C1534544FF492504FF001327455F2
:1022B00041F2081532504FF0FF304BF65202745184
:1022C00041F29415A6F8C018A6F88918A6F8BB180C
:1022D0000021C3F67E72705140F22865C6F8B40A38
:1022E000C6F8C40AC6F8D40AC6F8E40A4023C4F201
:1022F000C81186F8784BC6F8742B06F53660C2F222
:10230000000540F20228C6F87C3BC6F8803BC6F8C0
:102310006C3BC6F8701BD6F8783B4FF0000A0EC035
:1023200005F59470212186F8BA48A6F8B88886F891
:10233000BD4886F8844B86F8604DC6F85C4D86F83B
:1023400064AD86F8304FC6F8684DC6F8904DC6F8B3
:1023500094AD86F86C4DC6F84CABC6F850ABC6F8D9
:1023600054ABC6F858ABC6F85CABC5F80BA4C5F8BF
:1023700008A485F84CA185F874A185F824A1C5E9C5
:1023800043AAC5E945AAC5E947AAEEF777FB05F5D3
:10239000A8702121EEF772FB05F5BC702121EEF744
:1023A0006DFB05F5D6702A21C5F89FA1C5F89CA143
:1023B000C5F8A4A185F8A8A1EEF760FB05F5757036
:1023C0003121EEF75BFB41F23D2034544FF48F5046
:1023D000002146F800A006F58F50C3F6F071416069
:1023E00041F2E81046F800A03044C0E901AAC0E973
:1023F00003AAC0F814A041F2702034544FF4945052
:1024000026F8008041F282200221315405F56A70DD
:102410002B21C5E9E6AAC5F8A0A385F8A4A3EEF789
:102420002DFB41F28420A5F80FA434549BF813002F
:1024300099F8002041F6FC4141F69C64C2F200018B
:10244000012AC2F2000481F8340030D142F2FC606B
:10245000C2F20000F1F7BAFA42F29470C2F2000040
:10246000F1F7B4FA42F6B430C2F200003C21A4F80D
:1024700012A0F4F722F94FF48030C4F80E0040F2B5
:10248000A410C2F20000C0F800A042F23050C2F224
:102490000000A0F800A042F22C50C2F2000080F828
:1024A00000A042F22E50C2F20000A0F800A0F4F703
:1024B00052FFF5F77BF8F5F7A6FAF5F7BBFBF5F752
:1024C0006BFBF5F709F9F5F78CF9F5F717F9F5F75F
:1024D0005FFA40F60005C4F6000528464FF40041B7
:1024E00001224FF00108F2F7A5FC0A20F1F7B6FC33
:1024F00042F27850C2F2000080F808A0C0E900AAB9
:1025000042F2FC60C2F200000068C4E900AA0028A0
:1025100042F23450C2F20000C4E902AAC4E904AA9B
:10252000C4F818A0C0F800A000F0C98042F294706E
:10253000C2F200000068002800F0C18042F2FC6690
:10254000C2F200063046F1F741FA42F29470C2F24C
:102550000000F1F73BFA30467F21F0F7FDFA002842
:1025600040F0AD8042F29470C2F200007F21F0F79B
:10257000F3FA002840F0A38047F29050C1F6FF70B4
:10258000408B40F6B831628A484340F2AC11AA460B
:10259000C2F20001086022B1A38AE18AB4F818C02F
:1025A0000FE040F24670C0F2467040F2467C40F2C6
:1025B000467140F2467340F24672C4F81200C4F805
:1025C00016006C26C5F20006356835684FF200002B
:1025D000C0F2FF3005402A4302F138423260D6F89B
:1025E000F420D6F8F42002401A4302F10C42C6F857
:1025F000F420D6F8F820D6F8F8200240114301F173
:102600001041C6F8F810D6F8FC10D6F8FC104AF2C3
:10261000B962084040EA0C0000F11440C6F8FC0022
:1026200042F2C860C2F200000021C0E90011C0E916
:102630000211C0E90411816142F2E460C2F20000BB
:10264000C0E90011C0E90211C0E9041142F2FC60C6
:10265000C2F20000C0F60202F1F7F0F8554670BB76
:1026600042F294704AF2D972C2F20000C0F602023D
:102670000121F1F7E3F810BB42F294704AF2F962DB
:10268000C2F20000C0F602020021F1F7D7F8B0B99B
:1026900042F2FC6042F2C861C2F20000C2F20001E4
:1026A0000E22F1F702F950B942F2947042F2E4615D
:1026B000C2F20000C2F200010C22F1F7F6F803208A
:1026C000C0F204000026C4E9020642F21C50C2F225
:1026D0000000A4F81080066042F68040C2F20000BC
:1026E0004FF6E0710068C3F6FF7101F5846188421E
:1026F00029D142F680404AF2D112C2F20000C0F65F
:1027000002021221F4F78EFDE8B942F68040C2F2CF
:1027100000000021F4F758F9A8B942F68040C2F24F
:1027200000000421F4F750F968B942F68040C2F283
:1027300000000821F4F748F928B942F68040C2F2B7
:102740000000F3F7EBFC0120206028464FF4006105
:102750000022F2F76FFB28464FF480610122F2F766
:1027600069FB0A20F1F77AFB28464FF40061012249
:10277000F2F760FB0A20F1F771FB42F61C244AF2E3
:102780005912C2F20004C0F6020220461A21F4F7E0
:1027900049FD2068C16841F08001C1603978466315
:1027A0008663C66320460021F4F718FCB0B942F6F0
:1027B0001C20C2F200000421F4F710FC70B942F6AC
:1027C0001C20C2F200000821F4F708FC30B942F6E0
:1027D0001C20C2F20000F3F7A1FC90B142F61C24C9
:1027E000C2F200042046F3F7F2FC20460021F4F781
:1027F000B7FC20460421F4F7B3FC20460821F4F787
:10280000AFFC40F29C1142F665420120C2F2000189
:10281000C0F6030289F800000A60C1F804B09BF812
:10282000081040F29412C2F2000211700021CBF89D
:1028300038100021C4F220118BF84400CBF840106E
:102840008BF8090003B0BDE8F08F04F0A5FB41F65A
:10285000F860C2F2000005F019FD00283FF466A9F7
:10286000042007F0F5FF04F04FF9286041F6F86006
:10287000C2F2000005F020FDFFF758B941F6E06014
:10288000C2F2000005F002FD00283FF4ADAC0420C8
:1028900007F0DEFF80461C2007F0DAFF4EF2C4632B
:1028A000C0F6030300210246083342F80C1FC0E9BA
:1028B00004131F2303760170C0E90112C8F8000059
:1028C00041F6E060C2F20000C5F8008005F0F4FCBB
:1028D0008AE400BF4D4244206973207374617274AE
:1028E000696E672075700000656D626F743A3A61B9
:1028F00070703A3A626F6172643A3A616D63626C09
:1029000064633A3A7468654D42443A3A496D706C72
:102910003A3A696E697469616C69736528290000C7
:102920002DE9F04F8DB042F2B060C2F200000078A5
:1029300041F6D86542F28C640028C2F20005C2F26A
:10294000000440F0F8802878BFF35F8FC00700F0E4
:102950002981206842F29864466840F20260C0F221
:10296000002030600020B08041F6E460C2F2000038
:102970000078C2F20004C007BFF35F8F00F044810B
:1029800096F802903088B6F8038040EA094B4FEA87
:10299000182001AFD4F800A00090384630214FEA4B
:1029A0001B24EEF76BF8DAF800103B464868C9685C
:1029B000026895693022A84701984DF6AD61C8F6C6
:1029C0008801884245D19DF82F205FFA88F0DAF817
:1029D0000010009B824212D19DF8300098420ED127
:1029E0009DF82C005FFA8BF2904208D19DF82D00E3
:1029F000E2B2904203D19DF82E00484566D0486867
:102A00008DF82CB002688DF82D408DF82E908DF841
:102A10002F808DF83030C968D56901AB3022A847C6
:102A2000DAF80010002851D042F28C6442F2B0680B
:102A300041F6D86542F2986741F6E462C2F20004BA
:102A4000C2F20008C2F20005C2F20007C2F20002A0
:102A500038E001AF07F108002821EEF70FF84FF634
:102A600001700290DAF80010009A48688DF8302062
:102A700002688DF82CB08DF82D408DF82E908DF8D1
:102A80002F80D5694DF6AD62C968C8F688020192FB
:102A900030223B46A847DAF8001042F28C6442F23A
:102AA000B06841F6D86542F2986741F6E462C2F236
:102AB0000004C2F20008C2F20005C2F20007C2F22E
:102AC0000002B8B19DF80800087013E042F28C646F
:102AD00042F2B06841F6D86542F2986741F6E46286
:102AE000C2F20004C2F20008C2F20005C2F20007FE
:102AF000C2F200029DF8080008701078BFF35F8FE3
:102B0000C00700F09780386806F10803016848683C
:102B1000C968026897693022B84748B1707B96F857
:102B200030103064D6F8310086F83810C6F8390015
:102B3000012088F800002878BFF35F8FC00703D01A
:102B400020680DB0BDE8F08F41F6D860C2F20000F9
:102B500005F09CFB0028F3D0082007F079FE06461C
:102B60004EF21460C0F6030008303060442007F0D5
:102B70006FFE054601210020A97002212880A5F8DA
:102B80000310687105F108003521EDF777FFFF208C
:102B9000286441F6D860C2F200007560266005F036
:102BA0008BFBCDE741F6D860C2F2000005F06EFB6A
:102BB00000283FF4CEAE082007F04AFE80464EF2D1
:102BC0001460C0F603000830C8F80000442007F085
:102BD0003FFE054601210020A97002212880A5F8AA
:102BE0000310687105F108003521EDF747FFFF205C
:102BF000286441F6D860C2F20000C8F80450C4F856
:102C0000008005F059FBA4E641F6E460C2F2000042
:102C100005F03CFB00283FF4B3AE042007F018FE9B
:102C2000FBF786FC206041F6E460C2F2000005F08C
:102C300043FBA5E641F6E460C2F2000005F026FB86
:102C400000283FF460AF042007F002FEFBF770FCA1
:102C5000386041F6E460C2F2000005F02DFB52E757
:102C600002207047002818BF002900D170472DE9C5
:102C7000F04F81B02DED108B9AB042F2E050C2F2CD
:102C800000000078D1E900798E6841F6FC43012804
:102C9000C2F2000327D142F21850C2F200000178BC
:102CA00041F69C60C2F20000C28983F83010E2B1A4
:102CB000008A28B142F22C50C2F200000078A0B184
:102CC00042F2305042F6B431C2F20000C2F20001CA
:102CD0000088096840F2A412C2F20002496A126830
:102CE00002FB010006E0002505E042F22E50C2F290
:102CF0000000008885B241F6FC60C2F20000007856
:102D000042F2B864C007C2F20004BFF35F8F00F064
:102D1000AF86206841F66452C2F20002281A42F2DD
:102D2000BC6392F8B620C2F2000300B2196890FBAF
:102D3000F2F000EE105A9FED51AA01EE107A9FEDCD
:102D4000502A03EE109A04EE106A01FA80F0B8EEF1
:102D5000400AB8EEC11AB8EEC33AB8EEC44A41F61A
:102D6000FC46186020EE0A0A21EE021A23EE023A0F
:102D700024EE022AC2F200064EF20013256086ED10
:102D8000051A86ED063A86ED072A86ED080AEFF366
:102D90000580CEF2000338B94FF48050C3F88000AC
:102DA000BFF34F8FBFF36F8F40F6402BC2F2000B83
:102DB0009BF86C088BF86D08EFF3058010B94FF4A1
:102DC000805018609BF96D08CC2110FB01B191F87F
:102DD000B69391F8BAC3B1F8BEE3EFF305823AB9FE
:102DE0004FF48052C3F88020BFF34F8FBFF36F8F33
:102DF0009BF86E288BF86F28EFF3058212B94FF419
:102E000080521A609BF96F2806F1140AC2EBC202C5
:102E10005A4492F81E8896E82C00D6E903479AE8AF
:102E200003040F9506F120050D920E93CDE910478E
:102E300012903DCD16AF1CC79BF88828CDE914A091
:102E40001391199592B39BF88A084EF2001A012843
:102E50001CBF3069CBF884089BF88908CEF2000AC1
:102E600001288BF88A2828D04FF07E50CBF88008B4
:102E70008BF889280BF684022EE000BF0000B43BDB
:102E80006F12833A0000B443610B363BABAA2A3F72
:102E9000ABAAAABE35FA8E3C3ACD133F62BEBC3710
:102EA000000000009A99F93E0AD7A33B4EF2001A9F
:102EB0000020CEF2000A8BF88A080BF5086090ED2E
:102EC000000A8BF88928B5EE400AF1EE10FAD4BF5B
:102ED00006F110020BF6840296ED030A92ED001A39
:102EE0000FFA8EF030EE410A01EE100A1FED1B8A38
:102EF000B8EEC11A30EE082AB4EE410A8DED0F0A81
:102F0000F1EE10FAC8BFB0EE402A32EE410A01EEEF
:102F100010CAB8EE411A1FED242A20EE019A29EEBC
:102F2000020A05F037FF20EE080A39EE400AF0EEFB
:102F3000480A05F067FFB9F1000F8DED150A12D1AF
:102F400096E88F000DF1340ED6E9055CF4698EE841
:102F50008F0006F120078FCFCDE913C40DF1540C7B
:102F600012958CE88F008BF88888EFF3058038B9CC
:102F70004FF48050CAF88000BFF34F8FBFF36F8FBC
:102F80009BF870088BF87108EFF3058018B94FF4BF
:102F90008050CAF800009BF9710840F228684FF48D
:102FA0008671C2F2000810FB01B140464FF48672F0
:102FB000EDF77BFFEFF3058038B94FF48050CAF886
:102FC0008000BFF34F8FBFF36F8F9BF872088BF8B1
:102FD0007308EFF3058018B94FF48050CAF8000069
:102FE0009BF97308C0EBC000584490F833C8EFF366
:102FF000058139B94FF48051CAF88010BFF34F8F63
:10300000BFF36F8F9BF874188BF87518EFF3058179
:1030100019B94FF48051CAF800109BF97518342281
:1030200011FB02B101F5B167D1F89455D1F898457B
:103030008CCFD1F89C05D1F8A0E5D1F8A465CDE9F5
:10304000035401F5B564D1F8B8158DE88C000590EE
:103050001DCC08AD0C910DA91DC5CDE906E668464D
:10306000BCF1000F08BF014691ED050A91ED061A6B
:103070001FED7A4A1FED7A5A91ED072A20EE046A75
:1030800020EE050A21EE057A21EE041A31EE000A3F
:1030900022EE051A91ED083A37EE066A31EE000A83
:1030A0001FED84DA91ED00BA98ED30CA31EE06EAF0
:1030B00030EE000A1FED881A30EE0E0A23EE0D9A4C
:1030C000B4EE4CBA20EE01FAB0EE490AF1EE10FA75
:1030D000B8BFB0EE4BCA05F03BFFB0EE408AB0EE91
:1030E000490A05F0AFFD98ED107A1FED944AB7EE4E
:1030F000002A27EE046A36EE023AC2EE030A20EEF8
:103100000F1A28EE0E2A98ED413A31EE421A98ED48
:103110000D5A98ED0E2AD8ED0F3A98F8030173EE88
:10312000412A22EE853A62EE821A62EEA32A0BF65B
:103130009407C7ED000A30B19BF8C018012902D0EE
:103140008BF8C00806E09BF8BA188BF8C008002975
:1031500000F0888400215FEDAE5ACBF89C188BF804
:10316000BA18FFEE004A36EE246A60EE864A25EE73
:10317000A46A32EEC66A0BF50B6181ED006A0BF6AC
:10318000A4010BF50A62D1ED007A76EE652A60EEB5
:10319000875A92ED007A65EEA22A73EE270A9BF811
:1031A000BB3831EE877A70EEA20A5FEDC26A37EE65
:1031B000607A002BF0EE410A0BF68C0308BFF0EEAC
:1031C000670A83ED007A38B19BF9B838002BDCBF71
:1031D00081ED001AF0EE410A27EE047A6CEE266AC1
:1031E00070EE870A0BF5096398ED37CAC3ED000A44
:1031F000D8ED2C1A98F801312CEE0DCA60EE0E7A3B
:1032000028EE0F9A6CEE211A33B132EE833A33EE88
:10321000203A33EE21CA0BE01FEDDD3AD8ED3F2A0C
:103220002BEE033A98ED42CA23EE223A33EE0CCA53
:10323000B4EE66CA37EE893AF1EE10FAF0EE662A7D
:103240000ADCF1EE667AB4EE67CAF0EE4C2AF1EED3
:1032500010FAB8BFF0EE672AF1EE437A58B19BF846
:10326000C138012B07D001239FED929A8BF8BC380F
:103270008BF8C1080DE09BF8BC380BF6A8069FED53
:103280008D9A8BF8C10896ED00CA002B08BFB0EEEE
:103290004C9A63EEA73A69EE244A73EEE43A0BF6D1
:1032A000B403C3ED003A73EEC94A0BF6AC0365EE06
:1032B000A44AD3ED005A23EE055A34EEC59A79EEAE
:1032C000254AB1EE665AF4EE454AF1EE10FAB0EE38
:1032D00045CAF4EE664AB0EE66DAC8BFB0EE64CA1C
:1032E000F1EE10FAB8BFB0EE4CDA74EECD4A62EEF1
:1032F000277AF5EE404A0026F1EE10FA4FF000056D
:10330000F5EE407AD8BF0125F1EE10FAC8BF0126CC
:103310006E40F607B0EE67CAF5EE404A9FED652AAB
:1033200018BFB0EE42CAF1EE10FA18BFF0EE4C7AB8
:10333000C7ED007A9BF8B9789BF8BD68F0EE434A78
:103340007FB2360608BFF0EE654AF0EE435A002F12
:10335000C8BFF0EE645A002808BFF0EE645A67EE6A
:10336000844A74EEA55A39EE254AB4EE664A0BF645
:103370009807F1EE10FAC7ED005A08DCB4EE454AA2
:10338000F0EE446AF1EE10FAB8BFF0EE456A98F834
:103390000271002F00F0868066EE807A22EE889A15
:1033A00037EEC99A22EE800A66EE886ADFED427A2D
:1033B000B6EE004A36EE800A2BEE045A20EE270ABB
:1033C00029EE044A74EE006A30EE440ADFED3B7ADF
:1033D000F1EE666AB4EE409AB0EE408AF1EE10FA71
:1033E00022EEA74AB8BFB0EE498AB4EE668A84EEF0
:1033F000054AF1EE10FAC8BFB0EE668A39EE485AB7
:1034000025EE275A85EE0BCA9FED2D5AB1EE049A90
:10341000B4EE454AF1EE10FAB8BFB0EE454AB4EE4C
:10342000674AF1EE10FA3CEE09CAB0EE675AB4EE04
:1034300067CAB8BFB0EE445AF1EE10FAB0EE674A70
:1034400008DCB5EE40CAB0EE4C4AF1EE10FAB8BF57
:103450009FED184A30EE480A20EE270A80EE0B0A4C
:1034600030EE09CAB4EE67CAF1EE10FAB0EE670AA0
:1034700008DCB5EE40CAB0EE4C0AF1EE10FAB8BF67
:103480009FED0C0A76EEC86A66EEA76AC6EE8B6AF6
:1034900076EE896AF4EE676AF1EE10FA12DDB0EEAC
:1034A000672A16E0B0EE425AB0EE420AB0EE424A47
:1034B0000FE000BF00000000D7B35D3F0000C8422E
:1034C0000000C8C2F5EE406AF1EE10FAA8BFB0EEF7
:1034D000662A72EEE11AC2ED001A0022CBF8BA2871
:1034E0000BF69C0282ED006A37EE206A81ED006ADD
:1034F0000BF6A80134EEA56A8BF8B808C1ED003AC6
:1035000083ED006A8BF8B908EFF3058038B94FF402
:103510008050CAF88000BFF34F8FBFF36F8F9BF8C6
:1035200076089BF877180130C2B2033A18BF0246FA
:10353000571CF8B2D3B2033818BF38468B4218BFB5
:103540001046EFF3058119B94FF48051CAF8001005
:10355000C1B202292ED80FF240520FF2485352F84E
:1035600021C053F821E00FF248570FF250560FF2E6
:1035700058550FF260540FF268520FF2705357F81B
:10358000217056F8216055F8215054F8214052F826
:10359000212053F8211000238CED005A8EED004AB3
:1035A00087ED000A86ED002A85ED001A84ED003AC9
:1035B00013600B608BF87608EFF3058038B94FF491
:1035C0008050CAF88000BFF34F8FBFF36F8F9BF816
:1035D00078089BF879180130C2B2033A18BF024646
:1035E000571CF8B2D3B2033818BF38468B4218BF05
:1035F0001046EFF3058119B94FF48051CAF8001055
:10360000C1B2022930D84EF21412C0F603020FF2F2
:10361000E84352F821C053F821E00FF2E8470FF2D7
:10362000F0460FF2F8450FF200540FF208520FF275
:10363000105357F8217056F8216055F8215054F86E
:10364000214052F8212053F8211000238CED005A1C
:103650008EED004A87ED000A86ED002A85ED001AFE
:1036600084ED003A13600B608BF87808EFF3058067
:1036700038B94FF48050CAF88000BFF34F8FBFF3C2
:103680006F8F9BF87A089BF87B180130C2B2033A1F
:1036900018BF0246571CF8B2D3B2033818BF3846D9
:1036A0008B4218BF1046EFF3058119B94FF48051D2
:1036B000CAF80010C1B2022959D001292BD0002923
:1036C0007ED10DAF8ECF0DF1580A0DF14C0E9AE858
:1036D0000007DDE911659EE81050CBF82416CBF801
:1036E000282619990BF5C96282E800074EF2001AE4
:1036F000CBF82C36CBF83076CBF83466CBF838568E
:10370000CBF83C46CBF840C6CBF844E6CEF2000AF4
:10371000CBF8541654E00DAF8ECF0DF14C0E0DF1D9
:10372000580ADDE911659EE810509AE80007CBF8C9
:1037300058161999CBF884A64EF2001ACBF85C26DD
:10374000CBF86036CBF86476CBF86866CBF86C566D
:10375000CBF87046CBF874C6CBF878E6CBF87C860D
:10376000CBF88096CEF2000ACBF8881628E00DAF91
:103770000DF1580A8ECF9AE800070DF14C0ECBF8E8
:1037800090260BF5D662DDE911659EE81050CBF866
:103790008C16199982E800074EF2001ACEF2000A40
:1037A000CBF89436CBF89876CBF89C66CBF8A0563D
:1037B000CBF8A446CBF8A8C6CBF8ACE6CBF8BC1641
:1037C0008BF87A08EFF3058038B94FF48050CAF8C7
:1037D0008000BFF34F8FBFF36F8F9BF87C089BF87F
:1037E0007D180130C2B2033A18BF0246571CF8B226
:1037F000D3B2033818BF38468B4218BF1046EFF3D8
:10380000058119B94FF48051CAF80010C1B20229DC
:1038100051D0012929D0002974D10DAF8ECF0DF1DF
:103820004C0E0DF1580ADDE911659EE810509AE83A
:103830000007CBF8C0161999CBF8C426CBF8C836C8
:10384000CBF8CC76CBF8D066CBF8D456CBF8D846AC
:10385000CBF8DCC6CBF8E0E6CBF8E486CBF8E8960C
:10386000CBF8ECA6CBF8F0164CE00DAF8ECF0DF1F7
:103870004C0E0DF1580ADDE911659EE810509AE8EA
:103880000007CBF8F4161999CBF8F8260BF5E3628C
:10389000CBF8FC36CBF80077CBF80467CBF80857A9
:1038A000CBF80C47CBF810C7CBF814E782E8000739
:1038B000CBF8241726E00DAF8ECF0DF14C0E0DF195
:1038C000580ADDE911659EE810509AE80007CBF828
:1038D00028171999CBF82C27CBF83037CBF8347749
:1038E000CBF83867CBF83C57CBF84047CBF844C708
:1038F000CBF848E7CBF84C87CBF85097CBF854A7D8
:10390000CBF8581741F664528BF87C08C2F20002DB
:103910000020906142F2BC61D06142F27050C2F26C
:103920000001C2F2000082ED041A91ED001A007845
:10393000B8EEC11A012841F6FC4021EE0A1AC2F283
:10394000000082ED005A82ED014A82ED020A82ED0A
:10395000032A82ED053A80ED021A7CD1B5EE404A89
:10396000F1EE10FA0FDD9FED4B1AB4EE414AF1EE85
:1039700010FA08DA9FED751A24EE011ABDEEC11A8D
:1039800011EE100A09E09FED431AB4EE414AF1EE40
:1039900010FAACBF44F6BF600020B5EE400AF1EE6D
:1039A00010FA0FDD9FED3B1AB4EE410AF1EE10FA6A
:1039B00008DA9FED661A20EE010ABDEEC00A10EE8D
:1039C000101A09E09FED331AB4EE410AF1EE10FA35
:1039D000ACBF44F6BF610021B5EE402AF1EE10FA0B
:1039E0000FDD9FED2C0AB4EE402AF1EE10FA08DA52
:1039F0009FED560A22EE000ABDEEC00A10EE102A14
:103A000009E09FED240AB4EE402AF1EE10FAACBFB3
:103A100044F6BF62002240F2A81344F6BF67C2F228
:103A20000003B8421B7828BF3846B94228BF394640
:103A3000BA4238BF174642F61C22C2F20002126890
:103A4000002B18BF0020506318BF00219163002B8A
:103A500018BF0027D7631AB0BDEC108B01B0BDE8CA
:103A6000F04F70470BF69C01D1ED005AFFF779BB80
:103A700041F6FC60C2F2000004F008FC00283FF4AC
:103A800048A941F6FC60C2F20000256004F014FC75
:103A9000FFF73FB90000C8429C110020BC11002074
:103AA000DC110020A0110020C0110020E011002036
:103AB000A4110020C4110020E4110020A81100204E
:103AC000C8110020E8110020AC110020CC1100200A
:103AD000EC110020B0110020D0110020F0110020C6
:103AE000B4110020D4110020F4110020B8110020DE
:103AF000D8110020F8110020001200202012002010
:103B00004012002004120020241200204412002041
:103B10000812002028120020481200200C12002059
:103B20002C1200204C120020101200203012002015
:103B300050120020141200203412002054120020D1
:103B40001812002038120020581200200A9749430A
:103B50002DE9F04F81B02DED108BE4B08046406828
:103B6000059203688A461A689047D8F82C3008F105
:103B70002800052BCDF81880C0F0E4805A1E012AD9
:103B8000C0F2D980066891461F2AA8BF4FF01F09CE
:103B9000A2EB0903C9F11F024FF0FF3C3568C9F1E0
:103BA00020082CFA02F22CFA08F702EA050425EAAA
:103BB000070747EA5407354645F8047B202B0CFAE3
:103BC00009FEC0F28680A3F120010124376804EBCE
:103BD0005114CDF838A014F0030A6FEA0E0418D07F
:103BE000B4465CF8045F07EA040B05FA09F747EAF4
:103BF0000B07376005EA0E0725FA08F52F43BAF1DF
:103C0000010FCCF8007005D106F1080566460B4699
:103C10002BE02AE0B4465CF8087F05EA040B07FABB
:103C200009F54BEA050B07EA0E0227FA08F542EA06
:103C30000507BAF1020F4CE901B704D1403B0CF182
:103C40000405664611E056F80C7F05EA040C07FAF5
:103C500009F54CEA050C07EA0E0527FA08F72F4389
:103C600046E901C7603B351DB446DDF838A0602940
:103C700030D300BF2A68274002FA09F13943316086
:103C800022FA08F16A68214002FA09F739437160A3
:103C900022FA08F1AA68214002FA09F73943B16013
:103CA00022FA08F1EA68214002FA09F73943F16083
:103CB00056F8101F22FA08F201EA0E0141EA020743
:103CC000A3F1A001803B11F1400F05F11005376011
:103CD000D0D3B446012B2EDBC3F120014FF0FF34CB
:103CE0002A6824FA01F11E4602EA01059845B8BF88
:103CF0004646A8EB060124FA01F1DCF8002001EAAF
:103D00000E0122EA010105FA09F211439A1B012A68
:103D1000CCF800100FDB09EB06014909C2F12002C3
:103D20005CF8213024FA02F223EA020225FA06F3B3
:103D30001A434CF82120DDF81880D8F82C104B1EBF
:103D4000C8F82C3098F8121000241F293AD842F2F3
:103D5000E452C2F20002126801278F403A4031D08B
:103D60004EF26C32C0F6030202EB81014C68002176
:103D7000B4F80120B1EB123F1FD1D7B20A2F1CD8E3
:103D80004EF29027110A02F00F02C0F6030737F82F
:103D90001260012505FA01F131420DD007EB8202D4
:103DA00092694AB189B205461046F1F736F8D8F85B
:103DB0002C300146284600E000212278511AB1FA41
:103DC00081F14C09D8F83020B3EB421F1BD1591CAC
:103DD000B1F1FF3F42F367864FF6FE71C3F6FF7104
:103DE0008B420AD84FF6E071C3F6FF7119402031BB
:103DF000B1EB821F38BF910101E06FF0004103F089
:103E000067FDD8F82C30581CC8F82C00D8F82800CA
:103E1000590903F01F02012303FA02F2002C50F8A3
:103E200021300CBF23EA02021A4340F82120D8F8BF
:103E30002C300121D3B15A0900EB820203F01F0399
:103E4000002400BF066801FA04F52E4018BF0126C1
:103E50000DD01F2C08BF0430B4F11F0718BF671C1A
:103E60009F423C4608BF9042ECD100E0012688F812
:103E7000136098F8130041F6FC4BC2F2000B8BF86C
:103E8000340098F8130042F27454012840F248308C
:103E9000C2F20000C2F2000440D100688047C8E9C5
:103EA000060142F27050C2F20000017801294FF081
:103EB000010121700DD140F2A811C2F20001097870
:103EC00042F61C21C2F20001096800224A638A639B
:103ED000CA6340F2184142F23452C4F60001C2F201
:103EE000000200234FF0507742F2E05613600F605B
:103EF000C2F200063678012E16D1037040F2A810E7
:103F0000C2F20000007842F61C20C2F200000068F5
:103F100043638363C36313600F6005E0006800219F
:103F200021708047C8E9080198F8140098F8131028
:103F3000884259D098F8130042F2946688F8140029
:103F400098F81300C2F200068BF8340041F6E060E6
:103F5000C2F2000098F813500078BFF35F8FC007DB
:103F600002F0A38530680668314651F80C3F0A46D6
:103F70006BB308461A7C002A1A4608BF0432176839
:103F800018BF1846DFB13A7C002A3A4608BF04320F
:103F9000136818BF384693B11A7C002A1A4608BF26
:103FA0000432176818BF18464FB13A7C002A3A46C7
:103FB00008BF0432136818BF3846002BDAD1884294
:103FC0000A4604D0027C012A88BF0846024602F154
:103FD00018008A4208BF06F1140001680C22002D67
:103FE00018BF082289588847DAE900010022814277
:103FF0008BF836208BF842208BF84E208BF85A2015
:104000005FD00D1A4CF6CD42A910CCF6CC4201FB84
:1040100002F7027A466800F10C010BF13A008BF8C6
:1040200037200824082A28BF2246ECF7FCFEABF80C
:1040300038600126012F8BF8366042D9DAF800008B
:10404000027F87698BF8432000F12001082A38BFDE
:1040500014460BF146002246ECF7E5FE282DABF89E
:1040600044708BF842602CD0DAF80000082490F8F5
:104070003020C66A00F134010BF152008BF84F205A
:10408000082A28BF2246ECF7CEFEABF85060012686
:104090003C2D8BF84E6014D0DAF8000090F84420E4
:1040A000056C8BF85B2000F14801082A38BF1446E4
:1040B0000BF15E002246ECF7B6FEABF85C508BF8D5
:1040C0005A6040F2B01042F2C861C2F20000C2F27F
:1040D00000010088098A484300EBC000C0F3CF20EC
:1040E00009F06CFB9FEDD40B53EC102B09F0F2FBA5
:1040F00009F072F898ED0E1A00EE100AB4EE401AAC
:10410000F1EE10FA02D198ED0F0A0BE098ED108A4B
:1041100088ED0E0A28EE000A04F0CCFE80EE080AB4
:1041200088ED0F0A40F29410C2F2000001786FF09F
:10413000010000EB410003904FF0FF3040F6402CAF
:104140009FEDCD8ADFEDCDCA9FEDCDAA9FEDCDBA13
:1041500000EB4100C2F2000C4FF0000E8BED000AA4
:104160000491029063E000BFCEEBCE0096F8781089
:104170000D9B02EB001080F8D911D3E900120EF16B
:10418000010EC0F8DC119968C0F8E021C0F8E41114
:10419000D3E9031307F6D402C0F8E8111168C0F898
:1041A000EC315368C0F8F0119168C0F8F431D3686D
:1041B000C0F8F8111169C0F8FC315369C0F8001259
:1041C0009169C0F80432D369C0F80812D2E9081224
:1041D000BEF1040FC0E9833107F5126307F51161E1
:1041E00096F87970C0F814229A8980F818720F68CE
:1041F000A0F838224A68C0E98772D1E90221C0F8E4
:1042000024221A68C0E98A12D3E90112C0F83012D8
:104210002968C0F83422C0F83C12D5E90112C0E97F
:1042200090124FF0000180F8D81100F08C830EEB53
:104230004E000BEB8000CEEB4E130CEB830B038F89
:1042400090F83640C3F3022690F83A10B6F103090D
:1042500090F8378090F83B200A948BF8C44818BF38
:10426000B146DEB203F00F03360909938BF8C73865
:10427000CB098BF8C5988BF8C668B8F1080FCDF854
:10428000208028BF4FF008088BF8C93801F07F0361
:104290008BF8CB18818F8BF8CC2890F83E20ABF8A8
:1042A000CD1890F83F10B0F840008BF8D018ABF85C
:1042B000D1080CEB0E164FF0FF3000218BF8CF2801
:1042C000C6F8B40A8BF8D4180BF6D8008BF830195E
:1042D00021210BF6C4078BF8C88807938BF8CA38DE
:1042E000CDF838E006F6B42A0BF6FC040BF513659E
:1042F000ECF7C4FB204621210D94ECF7BFFB002016
:10430000CBF82309CBF82009CBF828098BF82C0926
:10431000CBF83409CBF83809CBF83B0996F8BE0A3C
:104320005946002800F08C809AF80B0040F6402C8B
:10433000DDF838E00028C2F2000C3E4654460F4635
:1043400000F0D0800A98002800F0CC80207B012863
:1043500040F0C8805FFA89F0012800F095800028BD
:1043600040F0C0800798472840F3018148382F2843
:1043700000F2B880DFE810F03000B600B600B600FA
:10438000B600B600B600B600B600B600C901B60069
:10439000B600B600B600B600B600B600B600B6006D
:1043A000B600B600B600B600B600B600B600B6005D
:1043B000B6007D01B600B600B6002401B600B60016
:1043C000B600B600B600B600B600B600B600B6003D
:1043D000B600B600B6001A0204980999814240F06E
:1043E00029820898002818BF072840F21982B6F9D8
:1043F000090000EE100AB6F80B00B8EEC00A01EE94
:10440000100AB6F80D00B8EE411A02EE100A208923
:10441000B8EE422A20EE080A21EE081A22EE082AF7
:10442000013086ED132A86ED141A86ED150A2081D7
:10443000012054E000BF00BFFCA9F1D24D62503F03
:104440004FF00130CAF80A000220AAF80E0000203E
:1044500041F6FC4B40F2286240F6402CDDF838E093
:10446000AAF80800C2F2000BC2F20002C2F2000C6D
:104470003E4654460F465DE06F12833ACDCCCC3DAC
:1044800000C8AF400000003809980F282AD10498CE
:10449000042827D80898082824D30399029A07F6F5
:1044A000CB00415C805C41EA002000B2411100EE8B
:1044B000100A02EE101A2089B8EEC00AB8EEC22A1D
:1044C00020EE081A22EE2C2A20EE0A0A013086ED90
:1044D000100A86ED111A86ED122A2081052086F831
:1044E000780000BF607B41F6FC4B40F22862C2F2CC
:1044F000000BC2F20002E8B1A07B022806D001281E
:1045000018D10220A0730020208113E020683228F7
:1045100007D0782803D063281AD1032002E00120B5
:1045200000E00520616886F87A00481C606040F26F
:104530000110E081606800283FF416AE96F87B1009
:104540000138B1FA81F1490986F87B1060600BE609
:10455000E07B002840F0B4810A992089002900F00E
:104560009981002840F096816068022196E1012837
:1045700000F04D81052800F06C810928B2D1049823
:104580000999814240F05681B8F1010F00F048814D
:10459000B8F1000F00F04481317A0A2900F2A981B4
:1045A0000120DFE811F0C9010B00AA01AA01AA014C
:1045B000AA01C601AA01AA01AA01C8010220BBE101
:1045C00004980999814240F035810898002818BF65
:1045D000072840F22581B07B012186F83400C0F124
:1045E0000F0001FA00F000EE100AB8EE400A20EECB
:1045F0000B0A10EE100A09F09BFB8046B6F9080082
:10460000B6F90AB0B6F90CA0894609F0C0F84246DE
:104610004B4609F05FF908F0DFFD09EE100A584635
:1046200009F0B5F842464B4609F054F908F0D4FDBC
:104630000CEE100A504609F0AAF842464B4609F023
:1046400049F908F0C9FD00EE100ADDF838E040F63F
:10465000402C29EE081A2CEE082A20EE080AC2F295
:10466000000C86ED071A86ED082A86ED090A05205A
:1046700094E004980999814240F0DC800898002871
:1046800018BF072840F2CC80B07B012186F83400A7
:10469000C0F10F0001FA00F000EE100AB8EE400A77
:1046A00020EE0B0A10EE100A09F042FB8046B6F924
:1046B0000800B6F90AB0B6F90CA0894609F067F807
:1046C00042464B4609F006F908F086FDF06158466F
:1046D00009F05DF842464B4609F0FCF808F07CFD15
:1046E0003062504609F053F842464B4609F0F2F862
:1046F00008F072FDDDF838E040F6402C70620421CD
:104700002089C2F2000C31744BE00498099981426F
:1047100040F090800898002818BF072840F2808059
:10472000B07B012186F83400C0F10F0001FA00F0DF
:1047300000EE100AB8EE400A20EE0B0A10EE100A46
:1047400009F0F6FA8046B6F90800B6F90AB0B6F9EB
:104750000CA0894609F01BF842464B4609F0BAF80E
:1047600008F03AFDF061584609F011F842464B4610
:1047700009F0B0F808F030FD3062504609F007F853
:1047800042464B4609F0A6F808F026FDDDF838E071
:1047900040F6402CC2F2000C706202203074208976
:1047A0000421013086F8781020819BE6049809994D
:1047B00081423FD10898002818BF072830D9307AA5
:1047C00000F0010186F85E10C0F3400186F85D102C
:1047D000C0F3800186F86010C0F3C00186F868104D
:1047E000C0F30011C0F3401086F85F1086F85C003B
:1047F000D6F80900717B7066480886F86200B07BC5
:10480000218986F86100481C2081032067E604980E
:10481000099981420ED10898002818BF072854D85A
:10482000607B00283FF45EAEA07B022809D160685F
:1048300003213AE0607B00283FF454AEA07B0228BD
:1048400031D001287FF44EAE0220A07300202081D9
:1048500048E6049804283FF645AE08980828FFF477
:1048600041AEB6F90D10D6F8092088B2F26350B304
:104870004EF20003C0F38422C0F27F031F2A03EA32
:1048800040302DD08AB3703240EAC25001F000416E
:1048900008442AE0022810D360680421013086F819
:1048A0007A1060600CE060680121013086F87A10AF
:1048B000606040F20110E08114E6002086F87A0082
:1048C0000220E0811FE600200FE0307A032803D0A9
:1048D00002281CD001282AD1D6F80910316725E01A
:1048E00001F00041084400F1786021893064481CDF
:1048F000F3E5502901D106201EE0607B00283FF43B
:10490000F1ADA07B02289CD160680521CDE7B6F906
:10491000091000EE101AF17AB8EEC00A01EE101A72
:10492000B8EE411A86ED1C0A86ED1D1A2870062085
:10493000D5E5042000E00520218986F87900481C8F
:1049400020810220CBE54EF2001EEFF30580CEF26F
:10495000000E38B94FF48050CEF88000BFF34F8F6F
:10496000BFF36F8F9CF87C088CF87D08EFF305800F
:1049700018B94FF48050CEF800009CF87D0802284A
:1049800034D0012812D0002845D10CF5D8678FCF3C
:10499000DCF8D466DCF8D856DCF8DC460DF13C08CF
:1049A00088E88F0014960CF5DC672FE0DCF8F4063D
:1049B000DCF8F816DCF8FC26DCF80037DCF80477C5
:1049C000DCF808670DF13C08DCF80C57DCF8104700
:1049D00088E88F00DCF81407DCF81817DCF81C27CF
:1049E000DCF82037DCF82477149610E00CF5E56746
:1049F0008FCFDCF83C67DCF84057DCF844470DF11A
:104A00003C0888E88F000CF5E96714968FCFCDE954
:104A1000155417AC8FC4EFF3058038B94FF48050AC
:104A2000CEF88000BFF34F8FBFF36F8F9CF87808EC
:104A30008CF87908EFF3058018B94FF48050CEF860
:104A400000009CF87908022824D0012811D0C0BBAE
:104A5000DCF8BC07DCF8C017DCF8C427DCF8C83782
:104A6000DCF8CC77DCF8D067DCF8D457DCF8D84732
:104A700020E0DCF8DC07DCF8E017DCF8E427DCF801
:104A8000E837DCF8EC77DCF8F067DCF8F457DCF8B2
:104A9000F8470FE0DCF8FC07DCF80018DCF8042825
:104AA000DCF80838DCF80C78DCF81068DCF814580E
:104AB000DCF818480DF1700E8EE88F00CDE9216505
:104AC00023944BF652014FF00109C3F67E7140204A
:104AD000CCF8741B8CF8789B0FAFCCF87C0BCCF81F
:104AE000800BCCF8641BDCF8781BCCF86C0B8CCFFB
:104AF00040F64020C2F2000040F20008CCF8681BEB
:104B0000DDE91261C0F8F82A40F64022C4F2C81864
:104B1000C2F200028CF8849BCCF8708BCCF8608BCE
:104B2000DDE914C4C2F8081B40F640210DF1580E0F
:104B3000C2F8FC3AC2F2000119AB9EE82044C2F868
:104B4000007BC2F8046BC1F80CCB0ECB00F5326CC5
:104B5000C0F8104BC0F8145BC0F818ABC0F81CEBE1
:104B60008CE80E0000F5306141F66450C2F200009E
:104B700000F1F40240F64020C2F2000000F6883353
:104B800001200E91F3F796FB1CAF40F640248FCF27
:104B9000C2F20004C4F82C0BD4F8940DDDE92165B1
:104BA000DDF88CC00128C4F8301BC4F8342BC4F8DD
:104BB000383BC4F83C7BC4F8406BC4F8445BC4F891
:104BC00048CB00F0F88004F6A8608021C4F8949DDA
:104BD00084F8989DEBF752FF40F64020C2F20000A7
:104BE00000F55A604FF48071EBF748FF40F640241F
:104BF000C2F200044FF08440C4F89C0DC4F8A40E27
:104C0000C4F8200EC4F8200F0020C4F2E010C4F84D
:104C1000280EC4F8000F0020C4F2E810C4F8980E63
:104C2000C4F8080F0020C4F2F010C4F8240EC4F831
:104C3000100F0020C4F2F810C4F89C0EC4F8180F2E
:104C40000020C4F2C010C4F8300EC4F8E00E0020FA
:104C5000C4F2D010C4F82C0EC4F8F00E0020C4F238
:104C6000D810C4F8940EC4F8F80E0020C4F2101046
:104C7000C4F8E40EC4F8700E4FF08240C4F8EC0E95
:104C8000C4F8500E0020C4F2A010C4F8380EC4F8C6
:104C9000C00E0020C4F25010C4F8780EC4F8C40E40
:104CA0000020C4F2A810C4F8880EC4F8C80E002072
:104CB000C4F24010C4F8480EC4F8CC0E0020C4F270
:104CC000B010C4F8340EC4F8D00E0020C4F2301076
:104CD000C4F8740EC4F8D40E0020C4F2B810C4F89E
:104CE0008C0EC4F8D80E0020C4F22010C4F84C0E6C
:104CF000C4F8DC0E0020C4F2E000C4F8F40EC4F8DE
:104D00006C0E0020C4F26010C4F8440EC4F8BC0E4F
:104D10000020C4F2C000C4F8FC0EC4F8540E0020F9
:104D2000C4F29810C4F8840EC4F8B80E0020C4F27F
:104D3000A000C4F8040FC4F8680E0020C4F270107C
:104D4000C4F8280FC4F87C0EC4F8B40E4FF08140AC
:104D5000C4F80C0FC4F8580E0020C4F29010C4F828
:104D60003C0EC4F8B00E0020C4F24000C4F8140F8A
:104D7000C4F8640E4FF08340C4F82C0FC4F8400E02
:104D8000C4F8AC0E4FF08040C4F81C0FC4F85C0EA1
:104D90000020C4F28810C4F8A00EC4F8800EC4F835
:104DA000A80E4FF07E50C4F8908EC4F8E88EC4F878
:104DB000240FC4F8600E04F6A46090ED000A04F617
:104DC0003C33BDEEC00A10EE101A04F69C5293ED6F
:104DD000000A02EB810191ED001A81ED000A90EDCD
:104DE000003A92ED004ABDEEC32AF7EE00DA12EE69
:104DF000101A33EE2D3A34EE2D4A00EB8101B4EE59
:104E0000434A91ED002AF1EE10FA80ED003A04BF1A
:104E10004FF07E50C4F8A40E04F56A6999ED003A8B
:104E200040F22867B4EE432AF1EE10FAC2F200070E
:104E300009DDB4EE401AF1EE10FA32EE439A14DABC
:104E400039EE090A09E1B4EE432AF1EE10FA78DAF4
:104E5000B4EE410AF1EE10FA32EE43CA80F28780D6
:104E60003CEE0C0AF6F778FEF9E0B5EE409AF1EE6A
:104E700010FA57DDB6EE008A04F5626504F55A664D
:104E800004F6A86499ED00CA29EE080A3CEE09BAB6
:104E900003F080FFBDEECB2A3CEE001A12EE100AA2
:104EA00005EB8000BDEEC13A10ED012A13EE101A99
:104EB00005EB810111ED013ABDEEC24A14EE102A54
:104EC00006EB8202BDEEC35A12ED014A15EE102A1E
:104ED00006EB820212ED015AB4EE454AF1EE10FAE9
:104EE00020DA0438043980ED003A81ED002A90ED93
:104EF000002AB5EE400ABDEEC22A12EE100A04EBFB
:104F0000800000ED01BA91ED002AF1EE10FABDEE3D
:104F1000C22A12EE100A04EB8000B0EE409A00EDB7
:104F2000011AAFDCB5EE409A40F64024F1EE10FADB
:104F3000C2F2000440F09780BFEE000AF6F70CFEC4
:104F40008DE0D4F82C0F400007D0BFEE000AF6F732
:104F500003FE40F64024C2F2000404F6287090EDEF
:104F6000000AB5EE400AF1EE10FA74DC7BE0B5EE13
:104F700040CAF1EE10FA69DA9FEDEBBAB6EE009A8C
:104F800004F5626504F55A6604F6A8682CEE098AF1
:104F9000B0EE480A03F020FE99ED003AB5EE408AE3
:104FA000B0EE4B1AF1EE10FAB8BFB0EE401A33EE85
:104FB000012A33EE0C1ABDEEC23A13EE100A05EBCD
:104FC0008000BDEEC14A10ED013A14EE101A05EB57
:104FD000810111ED014ABDEEC35A15EE102A06EB10
:104FE0008202BDEEC46A12ED015A16EE102A06EBDB
:104FF000820212ED016AB4EE465AF1EE10FA25DA99
:105000000438043980ED004A81ED003A90ED003A11
:10501000B5EE408ABDEEC33A13EE100A08EB8000ED
:1050200000ED012A91ED002AF1EE10FABDEEC22A40
:1050300012EE100A08EB800000ED011A0BDAB5EE53
:10504000400AF1EE10FAB0EE40CA9FDBB5EE40CA5E
:10505000F1EE10FA07D1B7EE000AF6F73BFE40F684
:105060004024C2F2000499ED000AFFEE00BA30EECF
:105070002B1ABDEEC11A11EE100A04F5626101EBA4
:105080008000BDEEC00A10ED011A10EE102A01EBEF
:105090008201BDEEC11A11ED010A11EE100A04F5EC
:1050A0005A6202EB8000BDEEC00A10ED011A10EE4C
:1050B000100A02EB800010ED010A41F6645830EE50
:1050C000010AB6EE001AC2F200084EF2347120EE68
:1050D000010A08F5807204F63473C0F6030100205B
:1050E00088ED3E0A0024F3F7E5F840F6402CC2F2C2
:1050F000000C41F298105CF80010C8F8FC40013137
:1051000038BF4CF8001041F294104FF0FF319BF87B
:1051100034404CF8001041F2B2111CF801000CF8B8
:10512000014041F2AE111CF8012041F2AD1341F2F1
:105130009E150CF803201CF8052041F2B116002A38
:1051400041F29D121CF802200CF806000CF8012018
:1051500022D041F29F111CF80110002900F0DD81DE
:105160004FF48D511CF80110002900F0B38141F279
:10517000A1111CF80110032900F09381022900F00D
:105180007281012940F0A68141F2AF111CF8011093
:10519000002940F091819DE14EF2481107F586709B
:1051A000C0F60301CC22EBF780FE40F6402CC2F2A1
:1051B000000C4FF0013040F201214CF805000CEBDF
:1051C0000500C0F20151416041F2301100204CF85D
:1051D00001006144486042F2E051C2F200010978E6
:1051E0000CF80640012987F80E0487F808041DD141
:1051F00042F27051C2F20001087040F2A811C2F2EE
:105200000001097842F61C21C2F2000109684863D6
:105210008863C86342F23451C2F20001086040F270
:105220001840C4F600004FF05071016041F2A71021
:105230004FF001090CF8009041F21010002541F2E6
:1052400094140CEB000A41F29D1B41F2AB1828E0CC
:10525000D0E98B1241F210134CF80310B0F8381259
:10526000D0F8343290F8D8015CF804600CF80B00E8
:105270001CF80800AAF80C10CAE90123002840F223
:1052800063704CF8040005D0F6F7B2FA40F6402CF3
:10529000C2F2000C4CF804607035B5F5E07F00F008
:1052A000BF80781990F8D91101390529F4D8DFE8C1
:1052B00001F0047103544787CAE790ED870A90ED27
:1052C000891A90ED882A41F2AF101CF80000B0EE68
:1052D000C11AB0EEC22AB0EEC00A002887ED441A07
:1052E00087ED452A87ED460AD6D141F2AF100CF87A
:1052F000009041F2A4101CF800005CF80490002813
:1053000040F256204CF8040005D0F5F771FA40F64B
:10531000402CC2F2000C40F228674CF80490C2F214
:1053200000074FF00109B7E70000008000BF00BF91
:105330000000000000000000000000000000F03F3E
:1053400000F5F07090EC040A87F80B94F4F74CFF2A
:1053500040F6402CC2F2000C9EE790F8F01190ED60
:105360007F2A90ED801A90ED810A90F814020229AC
:105370004AD005293FD004297FF48EAF87F8480131
:10538000042087ED4C2A87ED4D1A87ED4E0A87F8E9
:10539000240181E790F8180241F29C110CF80100F9
:1053A00041F2A4101CF800005CF80460002840F2F0
:1053B0008A304CF804003FF46DAFF5F719FA65E751
:1053C00000F50F7390F8D8010ECB4FF489560CF806
:1053D0000B001CF808004CF806105CF804600CF593
:1053E0008951002840F26470C1E901234CF804009F
:1053F0007FF44AAF4EE787ED562A87ED571A87EDBF
:10540000580A87F8700147E787F89801022087ED6E
:10541000602A87ED611A87ED620A87F874013BE71D
:1054200041F2A8104FF001314CF8001041F2AC11DC
:10543000012200200CF8012041F2B01141F6FC4B92
:1054400041F66458CCF84C0BCCF8500BCCF8540B0C
:10545000CCF8580BCCF85C0B0CF80100C2F2000B36
:10546000C2F20008E4E198ED3E0A97ED461AB0EE6C
:10547000C00AB4EE410AF1EE10FA2BDB41F2A111A1
:1054800003220CF80120012187F80C1441F2381195
:1054900000224CF8012000226144C3F6F0724A60F9
:1054A00018E098ED3E0A97ED461AB0EEC00AB4EE49
:1054B000410AF1EE10FA0DDA41F2A11102220CF8C4
:1054C000012041F2381100224CF8012061444A6069
:1054D00087F80C2441F2A2111CF80110E9B141F245
:1054E000A3111CF80110022907D0012915D1A0B180
:1054F0009CB91FED710B022006E0A04218BF002CE2
:105500000BD01FED730B012041F2A3110CF8010029
:1055100041F23010604480ED000B41F2A4101CF801
:10552000000028B1F5F764F940F6402CC2F2000CF7
:1055300041F2A7101CF80000002800F0F98041F2A9
:10554000A8101CF80000012840F0F280002441F26D
:10555000AF1941F2941541F2101841F29D1A41F22F
:10556000AB1B87F80B4426E000F50B730ECB0CEB5E
:1055700008064CF80810B0F8381290F8D801B1813C
:105580000CF80A001CF80B00C6E901235CF8056062
:10559000002840F263704CF8050005D0F6F728F9B2
:1055A00040F6402CC2F2000C4CF805607034B4F5A3
:1055B000E07F00F0B080381990F8D9110139052941
:1055C000F4D8DFE801F0046203463878CCE790EDC8
:1055D000870A90ED891A90ED882A1CF80900B0EE30
:1055E000C11AB0EEC22AB0EEC00A002887ED441AF4
:1055F00087ED452A87ED460AD8D101200CF809002D
:1056000041F2A4101CF800005CF80590002840F25C
:1056100056204CF8050005D0F5F7EAF840F6402C86
:10562000C2F2000C40F228674CF80590C2F2000765
:1056300041F2AF19BAE700F5F07090EC040A0120CE
:1056400087F80B04F4F7D0FD40F6402CC2F2000CB2
:10565000ACE790F8F01190ED7F2A90ED801A90ED74
:10566000810A90F81402022949D005293ED0042964
:105670009CD187F84801042087ED4C2A87ED4D1A0C
:1056800087ED4E0A87F8240190E790F8180241F25E
:105690009C110CF8010041F2A4101CF800005CF809
:1056A0000560002840F28A304CF805003FF47CAFDA
:1056B000F5F79EF874E700F50F7390F8D8010ECB5C
:1056C0004FF489560CF80A001CF80B004CF8061031
:1056D0005CF805600CF58951002840F26470C1E95E
:1056E00001234CF805007FF459AF5DE787ED562A9A
:1056F00087ED571A87ED580A87F8700156E787F843
:105700009801022087ED602A87ED611A87ED620A11
:1057100087F874014AE741F6FC4B41F6645841F2C0
:10572000A8100121C2F2000BC2F200080CF8001010
:1057300041F2A9101CF8000000286ED041F2AA1016
:105740001CF80000012868D141F294105CF80000B8
:1057500040F2ED31884203D040F2572188425CD1BB
:1057600041F2A5101CF80000411E01290ED80CF5CD
:105770008A5090ED000B51EC100B07F02DFD40F618
:10578000402CC2F2000CCCF8580B46E00338052838
:1057900043D8DFE800F00303420D25340020CCF8A5
:1057A0004C0BCCF8500BCCF8540BCCF8580B32E027
:1057B0000CF58A5090ED000B51EC100B07F00CFD2E
:1057C00040F6402241F28811C2F20002114491EDEC
:1057D000000B40F64021C2F20001C1F8500B03E07B
:1057E0000CF58A5090ED000B51EC100B07F0F4FC17
:1057F00040F6402CC2F2000CCCF8540B0DE00CF536
:105800008A5090ED000B51EC100B07F0E5FC40F6D0
:10581000402CC2F2000CCCF85C0B41F2AB101CF82F
:10582000000028B1F5F7E4FF40F6402CC2F2000C6E
:105830000CF5356090ED00DA0CF6543097F80E4414
:1058400090ED00CA0CF6583090ED00BA022C40F0F2
:10585000128341F20820604490ED001B41F21020B9
:10586000604490ED000B0D9454EC115B57EC106B01
:105870002846214632463B468DED0A1BE04608F09D
:1058800082FAB0FA80F04FEA501928462146324693
:105890003B4608F078FA002840F0F58041F24321B9
:1058A00018F80100012800F0EB80284621462A461E
:1058B000234608F00FF82A46234606460F4608F00E
:1058C00009F89FEDD10B02460B4651EC100B07F087
:1058D00069FD9FEDCF0B8246884651EC100B2A469E
:1058E000234607F05FFD9FEDCC0B83460D4651EC40
:1058F000100B32463B4607F055FD5A462B460190A9
:1059000009912E4607F09AFC9FEDC50B05460490C1
:105910000F46039153EC102B504641465446CDF8A8
:105920001CA007F08BFC2A463B4607F087FCCDF80D
:10593000209081468A46204641464A465346CDF845
:10594000088007F02FFD41EC180B40F64020C2F212
:1059500000009FEDB50B00F58E5080ED008B53ECF1
:10596000102B2046414607F0B5FF4A4653460446F1
:105970000D4607F017FD41EC100B40F6402141F2B7
:10598000C810C2F20001084480ED000B41F2D010B3
:10599000084480ED000B41F2D810084440F6402244
:1059A00080ED008B4FF48F500021C2F200021150A5
:1059B00040F64020C2F2000000219FED9D0B00F553
:1059C0008F50C3F6F071416051EC100B5A463346CC
:1059D00008F0C0F8019F099B3A4607F02FFC2246C9
:1059E0002B4607F02BFC4A46534607F0DBFC41EC04
:1059F000100B40F6402141F2E810C2F200010844C9
:105A000080ED000B9FED8C0BDDE9033251EC100BA8
:105A100008F0A0F822462B4607F010FC4A465346F1
:105A200007F0C0FC41EC100B40F6402141F2F010B1
:105A3000C2F20001084480ED000B9FED810B584637
:105A400053EC102B314607F0F9FB099B3A4608F05E
:105A500081F8079A029B07F0F1FB4A46DDF8209097
:105A6000534607F09FFC40F64028C2F2000841EC84
:105A7000100B41F2F81041F24321404480ED000B3D
:105A800008F801900AE041F23C2018F8000041F2C9
:105A90004321002808F8019000F09A8041F2422941
:105AA00018F80900012800F0838041F2D01040442A
:105AB00090ED000B41F2C810404490ED001B51ECFA
:105AC000100B53EC112B07F0B9FB40F6402341F2C9
:105AD000D812C2F200031A4492ED000B53EC102BC3
:105AE00007F0ACFB0D4640F64021044641F2E810B9
:105AF000C2F2000140F64022084441F2F011C2F225
:105B00000002114491ED000B90ED001B51EC100BC5
:105B100053EC112B07F092FB40F6402341F2F812B0
:105B2000C2F200031A4492ED000B53EC102B07F065
:105B300085FB024640F64020C2F2000000F58E5080
:105B400090ED000B0B4657EC106B3046394607F0D2
:105B5000C1FE02460B462046294607F0FBFF9FED9B
:105B60003A0B04460D4651EC100B32463B4607F00B
:105B7000F1FF064640F64020C2F20000D0F8000BCC
:105B80000F4608F0D5F802460B463046394607F076
:105B9000A1FE22462B4607F005FC40F64028C2F243
:105BA000000841EC100B41F2B810404480ED000BAE
:105BB0004FF4925118F801200120012A08F8090039
:105BC0000BD041F23D2208F8020008F801000DE078
:105BD00041F24221002008F8010041F23D2118F86D
:105BE00001104FF4925208F80200A9B341F2B81024
:105BF000404490ED008BB0EE489AB0EE48FAF0EEDB
:105C0000689AF0EE68FA35E0DF25A09B463C84BE3A
:105C100059F9769EA459B0BF2A71934EFF4626BF0C
:105C200000000000000020C000000000000008404C
:105C3000000000000000384000000000000038C0F4
:105C40000000000000002040000000000000F03FC5
:105C50006F12033A0000000041F21820404490ED1A
:105C600000FB08F5915090ED009B41F22820404444
:105C700090ED008B1DEE100A08F05AF8CDE90110E6
:105C800041F2E810404490ED000B41F2F010404426
:105C900090ED00AB41F2F810404453EC1F5B90EDE7
:105CA00000EB51EC100B2A46039307F013FE8246DB
:105CB0000F4651EC1A0B53EC192B0492079307F083
:105CC00009FE81468B4651EC1E0B53EC182BCDE997
:105CD000082307F0FFFD04460E4648465946524643
:105CE0003B4607F0ABFA2246334607F0A7FA0246D6
:105CF0000B46DDE9011007F02DFF024641EC180BC1
:105D000008F58E5090ED000B41F2302040440B46D8
:105D100080ED008B51EC100B07F0DCFD044641F2E6
:105D2000C810404490ED000B039B0E4651EC100B45
:105D30002A4607F0CFFD2246334607F07FFA044695
:105D400041F2D010404490ED000B049A079B0D46A1
:105D500051EC100B07F0BEFD02460B4620462946CB
:105D600007F06CFA044641F2D810404490ED000B65
:105D7000DDE908230D4651EC100B07F0ABFD0246A0
:105D80000B462046294607F059FA07F025FA41F25A
:105D9000382108EB010494ED000A0021B4EE40DA4A
:105DA000F1EE10FA41F23C22B4EE40DA4FF0000579
:105DB00018BF012108F80210F1EE10FA41F2412259
:105DC00009D018F80230012B05D0D8F8003B4FF469
:105DD000905748F8073008F5905393ED000AB0EE5D
:105DE0006C1A3DEE400A80EE0C0A0AEE100A08F822
:105DF0000210B0EEC00AB4EE6C0AF1EE10FAC8BFA1
:105E0000B0EE401A11EE100A07F092FF40F6402C57
:105E1000C2F2000C41EC100B41F20820604480ED0E
:105E2000000B41F210209DED0A0B604480ED000B49
:105E300041F23D200CF8005041F22820604480EDF2
:105E4000009B0CF5915080ED00FB41F2182084ED91
:105E500000DA41F6FC4B40F2286741F664580D9C8D
:105E60006044B0EE4ADAC2F2000BC2F20007C2F29E
:105E7000000880ED008BB4F1060941F2702197ED26
:105E8000443A97ED452A18BF4FF001091CF801105C
:105E90000020072C88BF0120B4EB010A18BF4FF087
:105EA000010A97ED634A1FED960A97F80D2424EE38
:105EB000001A31EE2D5A8DEE855A002A08BFB0EE39
:105EC000423A0E9B5FED9D1A97F8D52193ED006A3B
:105ED000B0EE617A002A08BFB0EE467A97ED606AAC
:105EE0007DEE475A97ED437A65EE862A8C4241F261
:105EF000882308D01CF80370012F1EBF41F24C27E5
:105F000000264CF807600CF803A040F22863C2F2A8
:105F1000000393ED626AD3ED616A41F24C2363445E
:105F200031EE2B1AD3ED000A65EE014A26EE256A02
:105F300020EEA41A41F2742336EE411A634483ED35
:105F4000001A41F25023634471EE603A65EE040A90
:105F500026EEA54AD3ED005A41F25423634493ED53
:105F6000005A60EEA33A75EE845A32EE854A34EE5A
:105F7000234A8C4235EEC44A1CD04FF494531CF98A
:105F80000330002B06DC1FEDCD5A41F254230027CD
:105F90004CF8037041F289231CF8033024EE004AC8
:105FA00035EE045A012B1EBF41F2582300274CF84E
:105FB000037003E024EE004A35EE045A41F2582300
:105FC0006344D3ED006A41F289230CF803A066EE26
:105FD000A44A41F2782336EE646A634483ED006A92
:105FE00041F25C23634476EE664AD3ED006A60EECC
:105FF000A44A72EEA60A70EEA40A8C4275EEE00A7C
:106000000CD041F281231CF90330002B06DC5FED3C
:10601000EF6A41F25C2300274CF80370F0EEC75A98
:1060200020EE807A032C76EE870A06D0022C08D167
:1060300073EEA21A71EE851A03E074EEA21A71EEE5
:10604000A01A7CEE211AF4EE651AF1EE10FA02DDC8
:10605000F0EE651A08E0F1EE652AF4EE621AF1EE50
:1060600010FAB8BFF0EE621A40F22863C2F20003E1
:10607000D3ED593A002A63EE802A72EEAD4ACDEE96
:10608000A44A424618BF0C32D2ED3D5AD3ED576AAE
:1060900071EEE57AD3ED565A93ED588A67EEA55A1C
:1060A00066EEA76A68EE277A8C4241F28A2208D00F
:1060B0001CF80230012B1EBF4FF4935300274CF8FD
:1060C00003700CF802A00CF593527DEEE22A92EDDB
:1060D000008A64EEA22A62EE882A41F27C2377EEDF
:1060E000A22A6344C3ED002A41F2642341F26827E7
:1060F00072EEC87A64EEA33A6344674463EEA77A0B
:10610000D3ED003AD7ED004A41F282271CF8077020
:1061100076EEA33A75EEA46A76EEA76A7FB273EEC6
:10612000E63A012FF0EE646A9FED2D8AB8BFF0EEDB
:10613000486A8C4218BFF0EE664A63EE803A74EE0D
:10614000A34A77EEA55A75EEA45A042C18BFB0EEF8
:1061500065BAB4EE43BA7C25F1EE10FA83ED00BACD
:1061600006DCB1EE433AB4EE43BAF1EE10FA03DACC
:10617000B0EE43BA83ED003AD8ED3E5A611AB0EE64
:10618000E53A32EE433A22EE2C2A4FF00003B4EE09
:10619000423A18BF0121F1EE10FAC8BF012319439A
:1061A00041F28523B5EE403A1CF80330F1EE10FAC7
:1061B000D8BF02314EF2247603EB4101C0F603064C
:1061C00041F284278B191CF807701B7A25FA04F515
:1061D00047B141F26C27674497ED002A17E000BFF2
:1061E0000000000001278F401FED032A17F0F20F77
:1061F0000DD041F283271CF8077047B941F26C2794
:10620000674497ED002A63EE006A32EE262A41F2D7
:10621000502771EECC1A6744C7ED001A41F24C27A3
:10622000674487ED001A41F2542734EE051A67449B
:1062300087ED001A41F25827674487ED006A41F262
:106240005C2723EE000A054341F26C2030EE871AEA
:106250006744B4F10408F5EE405AB0EE429A32EECB
:10626000000A604487ED001A18BF4FF00108B1EE34
:10627000421AF1EE10FAB8BFB0EE419A80ED000A72
:1062800041F270200CF800404FF494500CF800A03C
:1062900041F281200CF800A041F282200CF800A00D
:1062A000705CC2ED002A41F2682241F2852134EE91
:1062B000A31A62440CF8010041F28420002182ED0F
:1062C000001A41F248220CF8001041F28320624487
:1062D0000CF800300CF5366382ED002A0FCB40F24B
:1062E00028670DF1900CC2F200078CE80F0024A87B
:1062F00097ED4DAA103007F58671CC220E91EAF782
:10630000D4FD41F66453C2F20003D3F80021F43304
:1063100040F640260BCBC2F200065E925BAA0BC28F
:10632000D6F84C0B0DF5BE7CD6F8501BD6F8542B86
:10633000D6F8583BD6F85C7B8CE88F00EFF30580ED
:1063400058B94EF200114FF48050CEF20001C1F85E
:106350008000BFF34F8FBFF36F8F96F8700896F8E9
:1063600071180130C2B2033A18BF0246531CDFB2A3
:10637000D0B2033F18BF1F46884205F0010518BF81
:106380001746EFF3058029EE0A9A30B94EF2001154
:106390004FF48050CEF20001086078B24FF486715D
:1063A00010FB016424A920464FF48072EAF77DFDBA
:1063B00040F64026C2F2000684F8008184F801917C
:1063C00084F8025184F803A184ED41BA84ED429A25
:1063D0004EF2001486F87078EFF30580CEF20004D8
:1063E00038B94FF48050C4F88000BFF34F8FBFF32B
:1063F0006F8F96F8720896F873180130C2B2033A9C
:1064000018BF0246571CF8B2D3B2033818BF38463B
:106410008B4240F2286541F6645818BF1046EFF3EE
:106420000581C2F20005C2F2000811B94FF4805193
:10643000216041B2C1EBC101D5F80B24D5F8083475
:106440003144C1F83428C1F8313886F87208EFF3C6
:10645000058038B94FF48050C4F88000BFF34F8FE7
:10646000BFF36F8F96F8740896F875180130C2B2B2
:10647000033A18BF0246571CF8B2D3B2033818BF0C
:1064800038468B4218BF1046EFF3058111B94FF41F
:106490008051216041B2342211FB0261D5E9F5231C
:1064A000C1F88825D5F8DC23C1F88C35D5F8E03360
:1064B000C1F89025D5F8E423C1F89435D5F8E83330
:1064C000C1F89825D5F8EC23C1F89C35D5F8F03300
:1064D000C1F8A025D5F8F423C1F8A435D5F8F833D0
:1064E000C1F8A825D5F8FC23C1F8AC35D5F800349F
:1064F000C1F8B025D5F80424C1F8B435C1F8B825E1
:1065000086F87408EFF3058038B94FF48050C4F86A
:106510008000BFF34F8FBFF36F8F96F87A0886F82D
:106520007B08EFF3058010B94FF48050206096F897
:106530007B08022808D0012803D048B906F22C6055
:1065400004E006F5CC6001E006F2946090ED009A5C
:10655000EFF3058038B94FF48050C4F88000BFF3E2
:106560004F8FBFF36F8F96F8760886F87708EFF3B2
:10657000058010B94FF48050206096F87708022803
:1065800008D0012803D048B906F25C7004E006F296
:106590007C7001E006F29C7090ED00AA002405F5E5
:1065A0006A702B2185F8A443C5E9E644C5F8A043E9
:1065B000EAF764FA40F64022C2F2000241F2982063
:1065C000115C85F80F44002950D095F80B04002881
:1065D0004ED098ED3E1A9FEDD13A95F80E0498ED05
:1065E0003D0A85EDE61A21EE031A9FEDCD3A0238F9
:1065F00085EDE79AC0B285EDE80A20EE030A9FED2B
:10660000C93A05289ABF0FF2F841085C0020B2EEA3
:10661000042A95F80C1429EE038A9FEDC33A2AEE5A
:10662000022A0D9085F8A4039BF8340085F8B7136F
:10663000B1FA81F1B4EE432A4F0940F20111F1EEB3
:1066400010FA85EDEAAA85F8B403A5F80F1480F2D4
:106650001F829FEDB63A0121B4EE432AF1EE10FA03
:106660000A9112DA4FF0000C802115E0012111543B
:1066700000200127B0EE480AB0EE481AB0EE482AD2
:10668000002185F810040D910A91BDEEC22A12EE88
:1066900010CA1FFA8CF1090A09919FEDA32AB4EEE2
:1066A000421AF1EE10FA0ADA9FEDA03AB4EE431A5C
:1066B000F1EE10FA07DA4FF0000980210AE04FF0FE
:1066C000FF097F2106E0BDEEC11A11EE109A1FFAF4
:1066D00089F1090AB4EE420AF1EE10FA08910BDAD8
:1066E0009FED921AB4EE410AF1EE10FA09DA4FF07A
:1066F000000B4FF0800A0CE04FF0FF0B4FF07F0AC9
:1067000007E0BDEEC00A10EE10BA1FFA8BF14FEA97
:10671000112A9FED870AB4EE408AF1EE10FA0CDAE6
:106720009FED840AB4EE408AF1EE10FA0BDA802372
:10673000002500264FF000080DE07F23FF25FF26EF
:106740004FF0FF0807E0BDEEC80A10EE105A2E0AFF
:106750004FEA15482B0E40F29411C2F20001002FAF
:106760000F7840F2031E4FF480714EEA071441EA9D
:10677000071141F664520A9FC2F2000282F80471C6
:106780000D9FA2F8064182F808715FFA8CF7099C08
:106790004FEA471747EA443482F80A7108BF40F0CD
:1067A0000800270A82F80B7140F2286782F80C0172
:1067B0000820C2F2000782F8050182F8110108984A
:1067C00097F80F7482F8150182F8185100204EF2E4
:1067D000001582F81071A2F8121182F8149182F853
:1067E00016B182F817A182F8196182F81A8182F82D
:1067F0001B3182F80901A2F80D0182F80F01C2E9EC
:106800004700C2E94900C2E94B00EFF30580CEF230
:10681000000538B94FF48050C5F88000BFF34F8FA2
:10682000BFF36F8F40F6402CC2F2000C9CF86C084E
:106830009CF86D180130C2B2033A18BF0246531CCF
:10684000DFB2FC1ED0B218BF1C46884218BF1446E7
:10685000EFF30580DDE90598DDF838A010B94FF4B5
:106860008050286060B2CC2110FB01C000F5497057
:106870005146CC22EAF719FB40F6402CC2F2000C3C
:106880008CF86C4840F22864EFF30580C2F20004F3
:1068900038B94FF48050C5F88000BFF34F8FBFF375
:1068A0006F8F9CF86E189CF86F08EFF3058212B991
:1068B0004FF480522A600131CAB2033A18BF0A4627
:1068C000531CDFB2033FD1B218BF1F46814218BF2D
:1068D000174678B2C0EBC000D4F80B14D4F80824E3
:1068E00041F664556044C2F20005C0F81F18C0F8B4
:1068F0001C2805F120005146CC228CF86E78EAF76E
:10690000D4FAD4F80B04D4F8081400264FF0000B86
:10691000C246C5F8EF00C5F8EC101FE000007A444D
:10692000DD693A3E610B364300000047000000C7B6
:106930000000004F000000CFC1E900280C72A1F850
:106940000960CE72C1E9037E01F11407C9F8047031
:106950000BF10C0BBBF1300F00F08F8005EB0B003F
:1069600090F804110129F3D190F80541B0F806819F
:1069700000F58471082C28BF082424A82246CDE9FC
:106980002466EAF792FA9AF834009AF8081000F0B0
:10699000070242EA0112090441EA0023D9E9011081
:1069A000D2B2249FDDF894E081421A44C4D3D9F8CE
:1069B00000500E924E1B4CF6CD42B110CCF6CC429C
:1069C00001FB02F911464CF6CC42C24609F101081E
:1069D000C0F6CC42904562D8431B9810484346F21B
:1069E0006661B8EB400FC0F2666138BF4FEA4008FD
:1069F000884228BF9046B8F1000F0D930CD0904507
:106A0000CDF828E04DD808EB8800800003F020FF87
:106A1000DDF828E0D44601E0D446002008EB8803E6
:106A200009EB890100EB83080E9B00EB810240F823
:106A3000213014720020941BC2F804C0A2F809008F
:106A4000D072C2E9037E02F114072046294632467D
:106A5000EAF72BFADDF81490C9E90047C9F8088075
:106A60001DB10D99284600F0F2FFDDF818A041F69F
:106A70006455C2F20005002668E7DAF804000168F0
:106A8000496864B0BDEC108B01B0BDE8F04F084719
:106A90007F21099101214FF0FF0C0A91FDE500F0E3
:106AA0006FFA00F0ADFF00F077FA41F6E060C2F255
:106AB000000001F0EBFB00283DF454AA042003F091
:106AC000C7FE04461C2003F0C3FE4EF2C463C0F6AA
:106AD000030300210246083342F80C1FC0E90413E7
:106AE0001F2303760170C0E90112206041F6E060C7
:106AF000C2F20000346001F0DFFBFDF733BA00BFE3
:106B00000100060A50A00000B0B50446482003F07A
:106B10009FFE38210546E9F7B1FF012028720020C9
:106B2000E860C5F80F00E8742875C5E90600C5E9F6
:106B30000800C5E90A00286385F83400C5E90E009D
:106B4000C5E9100020462560B0BD00007047000078
:106B50007047000070470000704700007047000059
:106B6000704700007047000070470000082100F0E7
:106B70006EBF000042F2C06CC2F2000CDCE9000102
:106B8000431C41F10002CCE900327047B0B5D1E9B5
:106B90000052D1E90243C0E90652C5F30222C0E91E
:106BA00008431346062A08BFFE2383606FF00203E2
:106BB00008BF6FF0010253FA82F3042B5FFA82FCE4
:106BC00002D3BCF1010F10D1EBB205F00F041B0989
:106BD000A2F1010E047303715FFA8EF33D2424FACF
:106BE00003F3DB0715D00F2315E005F4E063A2F1F2
:106BF000010E90F82040B3F5E06F5FFA8EF318BFF6
:106C000004F07F04062BEBB24FEA131304730371F5
:106C1000E2D305F00F03047F437154B1531EDBB27E
:106C2000062B0CD24EF22015C0F6030555F8233082
:106C300006E04FF0000EC0F810E000240EE0212323
:106C400000EB030E6FF0020353FA82F2042AC0F83D
:106C500010E003D3BCF1010F18BF013C0B686FF0CB
:106C60000205C3F302220475062A08BF6FF0010271
:106C700055FA82F590F830C00124042D047002D337
:106C8000D2B2012A08D103F00F018C4504BF9EF84F
:106C9000001080F82810B0BD03F4E062097AB2F564
:106CA000E06F18BF01F07F01EFE7000070B50E46FE
:106CB00009680446096830461546884768B1D6E930
:106CC0000310B1FBF0F18D4207D2B168C4E90205AF
:106CD00000FB0511C4E9006170BD00214FF0FF30D9
:106CE0004FF0FF35C4E90010C4E9020570BD000093
:106CF00070B50D4609680446096828461646884757
:106D000088B1A9688E420ED3E868084486420AD248
:106D10002869721AB2FBF0F202FB0011C4E9020208
:106D2000C4E9005170BD00214FF0FF304FF0FF3239
:106D3000C4E90010C4E9020270BD00002DE9F04F63
:106D400083B0044608680D462168686009682046DB
:106D50008847002862D06069224600285ED0D5F8B6
:106D600004B00027CDE901520CE000BF8BE80C0114
:106D7000CBF80C700BF1100B506901378742C5F846
:106D800004B04BD29168D2F81080A86808FB0713B2
:106D90008345EBD32E680121ABEB060901EB2914E7
:106DA000B4F1805F3DD2A0EB060A4FF6F070B4EB71
:106DB000EA0FC7F6FF7038BF4FEAEA04824528BFE2
:106DC0006FF0704454B1B4F1805F2CD220019B4627
:106DD00003F03EFD029A05465B4600E000254FEABF
:106DE000291005EB001100012A50C1E90138CF60DC
:106DF00001F1100B284631464A4605EB0414EAF728
:106E000054F8019805600546C0F804B084601EB1CE
:106E10003046514600F01BFE029AADE703B0BDE8D4
:106E2000F08F00F0A7F800F0EBFD000002790146BA
:106E3000022A4FF0000014D01F2A12D088680130B7
:106E400004BF00207047C868013810F1030F4FF0ED
:106E5000000088BF70470969013911F1020F38BF7E
:106E6000012070470120704700A070477449444CCE
:106E700045000000652070473720704700A070472C
:106E800074494E4954000000642070474068807B7C
:106E9000704700004068816902A0002918BF0846B9
:106EA000704700BF4576656E745468726561640012
:106EB000012070474068807C704700004068C169CD
:106EC00002A0002918BF0846704700BF4D657373C4
:106ED0006167655468726561640000000320704753
:106EE0004068807C704700004068C16902A00029AA
:106EF00018BF0846704700BF43616C6C6261636BEA
:106F0000546872656164000004207047406838303E
:106F10007047000040684079704700004068007B7F
:106F2000704700004EF2A330C0F603007047000027
:106F300000207047012070470079704701790020D8
:106F4000022938BF01207047007970470020704740
:106F50004EF63C00C0F6030000F065F94EF63C002A
:106F6000C0F6030000F066F94EF6EB00C0F6030031
:106F700000F059F94EF6EB00C0F6030000F053F9AB
:106F80004EF6EB00C0F6030000F04DF94EF6EB00B4
:106F9000C0F6030000F047F94EF6EB00C0F6030020
:106FA00000F041F92DE9F0410D464FF6F871C7F6B2
:106FB000FF718B4204461DD21F4690460A2B01D812
:106FC000E7720BE047F00700461C304600F042FD38
:106FD00046F00041C4E90007A1600446B8EB05068D
:106FE00004D0204629463246E9F71DFF0020A0556F
:106FF000BDE8F0812046FFF7ABFF2DE9F04F81B0EF
:107000000E464FF6F671C7F6FF711F468B1B9A426C
:10701000044656D894F90B00DDF8288000284FF676
:10702000F270D4F80090C3F6FF7058BFA1468642B4
:107030000DD89019B0EB460F98BF700040F00701D3
:1070400001F1010B0B2838BF4FF00B0B01E001F1F0
:10705000010B584600F0FEFCB8F1000F054604D0C5
:10706000284649464246E9F7DEFEDDE90BA22AB191
:107070000D9905EB0800E9F791FE0C9A0AEB080060
:107080003F1A0AD009EB080000EB0A0105EB0800E3
:1070900010443A46E9F7C7FE0C9A711C0B2903D03D
:1070A000484600F0D4FC0C9A4BF0004002EB08017B
:1070B0003944A0600020C4E90051685401B0BDE823
:1070C000F08F2046FFF744FFB0B5054608460C4652
:1070D000E9F7ADFC024628462146BDE8B040AFF3D3
:1070E0000080F0B585B01646D0E90152044690F90B
:1070F0000B0022F000420A2300284CBF531E054615
:107100005A1BB2428C460DD2A819C21A0020CDE9F2
:107110000050204619462B460296CDF80CC0FFF7CA
:107120006CFF16E0AEB12768002858BF27467819D3
:1071300061463246E9F777FE94F90B00B0F1FF3F64
:1071400005EB0600C6BF00F07F01E1726060002120
:107150003954204605B0F0BD70B5064610461446B9
:107160000D46E9F764FC0346304629462246BDE851
:107170007040AFF300802DE9F04385B0044690F9EC
:107180000B006668002858BF06468E4248D30F465B
:10719000A168904621F000420A21002848BF511EF4
:1071A0008A1B1D469A420CD27019421A0020CDE962
:1071B0000070204633460295CDF80C80FFF71DFF86
:1071C0002AE04DB3D4F80090002858BFA146BE4233
:1071D0000ED009EB06008045404609EB070138BF99
:1071E0002844F21B884528BF80464819E9F71BFE52
:1071F00009EB070041462A46E9F715FE94F90B0012
:10720000B0F1FF3F06EB0500C6BF00F07F01E17261
:107210006060002109F80010204605B0BDE8F08349
:107220002046FFF79BFE01464EF2FA70C0F60300BF
:1072300000F007F801464EF2B870C0F6030000F007
:1072400000F884B0844601A80EC040F2D45001AAD0
:10725000C2F2000061460092E9F7DBFCE9F76EFD3F
:107260000A1AB2FA82F24FEA52120A7308BF704742
:10727000B0B54FF0010E0DE0BCEB0001B1FA81F1A9
:107280004FEA511183F80CE08CF80C10614684F839
:1072900000E069D08B681A7B002A65D1D3F808C05A
:1072A000DCF80020934207D04AB312F80C4F012CAF
:1072B0001446E1D123E000BFDCF804401CB114F80F
:1072C0000C5F012DD8D11868814250D058681946FA
:1072D00002685A6022B19360D3F808C0DCF800104D
:1072E000C0F808C08B4218BF0CF1040CCCF80000A9
:1072F0009860D0F808C00360DCF8002038E0186817
:10730000814201D0184613E04168196000291CBF72
:107310008B60D3F808C0614651F8042BC0F808C050
:10732000934208BF614608609860D0F808C0436087
:1073300001210173DCF80400002201688CF80C20A4
:107340000029CCF8041018BFC1F808C0DCF80810F8
:107350000A4652F8043B81609C4508BF0A4610600B
:10736000C0F800C0CCF80800BDE8B040704718462F
:1073700001210173506800218CF80C100028CCF812
:10738000000018BFC0F808C0DCF80800014651F83A
:10739000043B90609C4508BF01460A60C2F804C0E7
:1073A000CCF80820BDE8B0407047000010B5044696
:1073B000406800F00DFA204610BDB0B543F68932A2
:1073C000C5F2E652A1FB02234FEA536C4EF20013C2
:1073D000C0F2F5530CFB13114DF68363C4F21B335B
:1073E000A1FB0332920C43F609535343A1EB8315DF
:1073F00041F25971CDF2B711A5FB011E4EF2D83101
:10740000C0F6030101EB4C0411F81C30647800F85D
:107410000A3B00F8094C01EB420311F812205B789B
:1074200000F8082C00F8073C4FEA5E3211F81240D1
:1074300001EB42035B7800F8064C42F2107402FB49
:10744000145200F8053C93B29B0841F27B456B4314
:107450005B0C11F8134001EB43056D7800F8044C08
:10746000642403FB142200F8035C92B201EB420394
:1074700011F812105A7800F8021C00F8012CB0BD67
:1074800010B544F2402CC0F20F0C61450ED242F20E
:107490000F72914258D8632900F2E180092900F265
:1074A0006F8141F0300100F8011B10BD4EF2001356
:1074B000C0F2F55399427BD24DF68363C4F21B337D
:1074C000A1FB033249F27F63C0F2980399424FEA6D
:1074D000924300F2E38043F609525A43A1EB821C27
:1074E00048F6B952C0F20602ACFB022103F13002A9
:1074F0004EF2D83E0270C0F6030E1EF811200EEBBD
:1075000041035B78427042F2107201FB12C183703A
:107510008AB2920841F27B435A43520C1EF8123051
:107520000EEB420C9CF801C0C370642302FB1311E4
:1075300080F804C089B20EEB41021EF81110527897
:1075400041718271073010BD41F25972CDF2B7120C
:10755000A1FB022348F29F62C0F2010291424FEA6E
:10756000533200F2DC8042F03003037042F21073B9
:1075700002FB131141F27B424A434EF2D83CD20C3B
:10758000C0F6030C1CF812300CEB420E9EF801E022
:107590004370642302FB131180F802E089B20CEB04
:1075A00041021CF811105278C1700271053010BDF3
:1075B0004CF6FF12C3F69A32914200F2DD8043F698
:1075C0008932C5F2E652A1FB0224620E02FB1311BE
:1075D0004DF68362C4F21B32A1FB02239A0C02FB1C
:1075E0001C1E41F25971CDF2B711AEFB011C3021C6
:1075F00041EA546101704EF2D831C0F6030101EB4B
:10760000420411F812206478427084704FEA5C32B0
:1076100011F8123001EB42046478C37042F2107327
:1076200002FB13E2047193B29B0841F27B44634373
:107630005B0C11F8134001EB430C9CF801C0447142
:10764000642403FB142280F806C092B201EB4203CB
:1076500011F812105A78C1710272093010BD8AB245
:10766000920841F27B435A43CB087C2B4FEA5242AB
:1076700000F29380642302FB131142F03002027087
:107680004EF2D83289B2C0F6030202EB410312F87F
:1076900011105A7841708270033010BD03FB1C1E1C
:1076A00041F25971CDF2B711AEFB011C4EF2D83147
:1076B000C0F6030101EB430211F813305278037056
:1076C00042704FEA5C3211F8123001EB420C9CF828
:1076D00001C0837042F2107302FB13E480F803C010
:1076E000A3B24FEA930C41F27B430CFB03F35B0C18
:1076F000642201EB430C03FB124211F813E09CF8E7
:1077000001C092B280F804E080F805C001EB4203AA
:1077100011F812105A788171C271083010BD4EF202
:10772000D83CC0F6030C1CF812300CEB420E9EF84D
:1077300001E0037042F2107302FB131141F27B432C
:107740008AB292085A4380F801E0520C1CF81230B9
:107750000CEB420E9EF801E08370642302FB1311D0
:1077600080F803E089B20CEB41021CF8111052784A
:1077700001714271063010BDBDE81040FFF71DBE1B
:107780004EF2D832C0F6030202EB410312F8111098
:107790005A7801704270023010BD4EF2D83CC0F6EB
:1077A000030C1CF812300CEB420E9EF801E0037043
:1077B000642302FB131180F801E089B20CEB410253
:1077C0001CF8111052788170C270043010BD000096
:1077D000002808BF704710B5016804460846FFF747
:1077E000F7FF6068FFF7F4FF20461821BDE810405E
:1077F00000F02DB92DE9F04381B004460068A76878
:1078000091463A1A4CF6CD469510CCF6CC467543C7
:10781000AB420D4634D948B1114660601F4600F0B6
:1078200016F93B460027C4E90077A7604CF6CC4028
:10783000C0F6CC40834248D8B910714346F2666224
:10784000B3EB410FC0F2666238BF4B00914228BFD4
:107850000346834239D803EB8306B00002F0F8FFF9
:10786000074600EB8600B9EB0506C4E90077A06087
:1078700004D0384629463246EAF70AF8B81920E01B
:1078800067683A1A911071438B4210D902EB0508D0
:107890001AB12946E9F7FCFF6768B9EB080504D07F
:1078A000384641462A46E9F7F3FF781909E0B9EB73
:1078B000050605D0294632460746E9F7E9FF38466E
:1078C0003044606001B0BDE8F083FFF759FB000071
:1078D0002DE9F04F81B0D0F80890B1EB491F51D994
:1078E000B1F1FF3F51DD8246481E4FF0010B0BEB1B
:1078F00050184FEA880002F0ABFFDAE900C200231B
:10790000511E4909212A38BF002140F8213052B3C5
:1079100051090CEB810E02F01F030022064665465A
:10792000002400BF2F683168E740FF070BFA02F719
:107930000CBF21EA07070F4331461F2C41F8047B97
:1079400008BF0435B4F11F0718BF671C1F2A08BF02
:107950000E46B2F11F013C4618BF511C9F420A4619
:1079600008BF7545DED1BCF1000FCAF80000CAF8A7
:10797000088007D04FEA8901604601B0BDE8F04FAA
:1079800000F065B801B0BDE8F08FFFF705FB2DE909
:10799000F04184B00DF105058046B1F1FF3F05F1DE
:1079A0000B0201DD284604E0681C2D2349428DF8B6
:1079B0000530131A092B18DC41F00104B4FA84F4E1
:1079C000C4F1200440F2D14666434EF2B037340B86
:1079D000C0F6030757F824704FF0FF3CB94238BF98
:1079E0000CEB1634671C9F4202DCFFF749FD024690
:1079F000531B40462946FFF7D5FA04B0BDE8F08195
:107A000001A0FFF71EFC00BF6261645F61727261DA
:107A1000795F6E65775F6C656E67746820776173F8
:107A2000207468726F776E20696E202D666E6F2DE0
:107A3000657863657074696F6E73206D6F6465003F
:107A4000AFF30080002808BF704702F0A5BEFFF723
:107A5000F9BF000002F0FCBE10B540F24C34C2F297
:107A60000004207802F07EFC0021217010BD00008F
:107A700002F0BABC02F0C4BC02F0F0BC70470000D7
:107A8000F0B597B041F69C660027C2F200060028C8
:107A90000D97CDE90B77CDE90977CDE90777CDE9EA
:107AA0000577CDE90377CDE901773382B27108BF5D
:107AB00001460029F18160D008B2102303EAD123E6
:107AC00081EAE031A1EBE030110400B291FBF0F16A
:107AD00040F2A41490FBF2F042F6B435C2F2000476
:107AE000C2F2000521604FF0804100B2C5E90017E5
:107AF000AB6005F04CFE9FED5E0B53EC102B05F0D8
:107B00009DFB05F017FEC5E9030730890124CDE987
:107B10000E0770890EA9CDE91170CDE915702846C0
:107B2000AF611094CDE91374EEF76EFC30BB4FF0EB
:107B300000700B9000200D9042F6B430C2F20000AD
:107B40000BA9EEF7D5F808B1012417E0308AC0B1CF
:107B500042F6B430C2F20000EEF7BAF842F6B4349E
:107B6000C2F2000420463C21EEF74CFD0028EBD188
:107B70002068C16841F01011C1600024204617B090
:107B8000F0BD70890025CDE90650B08942F6B434C5
:107B9000C2F20004CDE9090505A9204605958DF836
:107BA0002050EEF76DF80028CED142F6E82044F2DE
:107BB0000001C2F20000C4F2010140F2DB53A7222F
:107BC00080E82600C0E90335C0E90555EEF7FAF86C
:107BD0000028B9D14FF48050019042F6E820C2F25B
:107BE000000001A9EEF708FB0028ADD120200B9082
:107BF00042F6E8200025C2F200000BA90D95EEF731
:107C000077F80028A0D120684FF68F728168CFF6F0
:107C1000CF72114041F4801141F0200181604FF496
:107C20004071C161016A4AF2C90241F480510162A6
:107C300045620564C0F6020220461C21EFF7F2FA05
:107C400000287FF481AF42F6B4304AF2CD02C2F28E
:107C50000000C0F602021221EFF7E4FA00287FF4D8
:107C600073AF42F6E820C2F20000EEF702FA75E7C1
:107C7000000000000000E0BF7047000042F64C51D9
:107C8000C2F20001087810B1002040B270474EF6F1
:107C9000FC50CEF200000068C0010BD540F6006039
:107CA000CEF20000D0F88020D20703D00068B0F1F7
:107CB000FF3F02DDFF2040B270477C20CEF2000083
:107CC00001220A70016831B9016821B9016811B94E
:107CD00001680029F6D047F67941C0F6030101603A
:107CE000016831B9016821B9016811B90168002939
:107CF000F6D040F201110180016831B9016821B963
:107D0000016811B901680029F6D00121017040F223
:107D10007030C2F200000170B6E7000080B542F694
:107D20004C5EC2F2000E9EF80020002A40F27C0257
:107D3000CEF2000244D14EF6FC53CEF200031B6893
:107D4000DB013DD540F6006CCEF2000CDCF8803053
:107D5000DB0735D0DCF80030B3F1FF3F30DC012326
:107D60008EF80030136833B9136823B9136813B958
:107D70001368002BF6D047F67943C0F6030313606F
:107D8000136833B9136823B9136813B91368002B48
:107D9000F6D040F201131380136833B9136823B986
:107DA000136813B91368002BF6D040F270334FF00C
:107DB000010CC2F2000382F800C083F800C000BFCB
:107DC000136833B9136823B9136813B91368002B08
:107DD000F6D01160116831B9116821B9116811B973
:107DE00011680029F6D000F58070108080BD000079
:107DF00042F64C5140F27032C2F20001C2F200026F
:107E00000B781178012B10700CD17C22CEF200027D
:107E1000136833B9136823B9136813B91368002BB7
:107E2000F6D010700846704780B542F64C5EC2F23C
:107E3000000E9EF80020002A40F27C02CEF20002E2
:107E400044D14EF6FC53CEF200031B68DB013DD556
:107E500040F6006CCEF2000CDCF88030DB0735D049
:107E6000DCF80030B3F1FF3F30DC01238EF8003046
:107E7000136833B9136823B9136813B91368002B57
:107E8000F6D047F67943C0F603031360136833B99D
:107E9000136823B9136813B91368002BF6D040F2A6
:107EA00001131380136833B9136823B9136813B926
:107EB0001368002BF6D040F270334FF0010CC2F281
:107EC000000382F800C083F800C000BF136833B914
:107ED000136823B9136813B91368002BF6D0116027
:107EE000116831B9116821B9116811B911680029F7
:107EF000F6D0108080BD0000F6F7B6FE0068F7F7F8
:107F0000B5FE0000E8F732BBE8F776BBB0B540F24B
:107F1000B013C2F200031B8842F2246C00FB03F48E
:107F200004EB840444F34F3E01FB03F4534303EB9F
:107F30008303C2F2000C04EB840443F34F3344F395
:107F40004F34CCF8083040F2A813CCE900E4C2F278
:107F500000031C78012C40F0B08042F2206CC2F289
:107F6000000CBCF800404FF0000EBEEB942F63D124
:107F7000631C41F6007EACF80030C2F2000EDEF861
:107F800004C00EF1080454F82CC0DEF80030A3EB56
:107F90000C03CEF80030DEF8043044F8230054F827
:107FA0002300DEF800301844CEF80000DEF80400AC
:107FB00001308028CEF8040024BF0020CEF8040051
:107FC000DEF8000042F20810C2F20000436800F13F
:107FD000080454F823C00368A3EB0C030360436850
:107FE00044F8231054F823100368194401604168D1
:107FF00001318029416024BF00214160006842F2C4
:108000001030C2F20000416800F1080353F821105B
:108010000468611A0160416843F8212053F8211077
:10802000026811440160416801318029416024BF28
:1080300000214160006840E041F60070C2F200009B
:10804000016840F26010C5F2000002684FF20004BF
:108050006FF31F3202EBE11102680268C0F2FF34D5
:108060002240114341F00C41016042F20811C2F27A
:10807000000109684268456845686FF31F3202EBEA
:10808000E11105EA0402114341F01041416042F25E
:108090001031C2F2000109688268856885686FF353
:1080A0001F3202EBE11105EA0402114341F01441D1
:1080B000816083F800E0ACF800E040F29C10C2F26E
:1080C00000000268406842F22461C2F20001BDE88B
:1080D000B040104742F2E050C2F2000000780128A0
:1080E00018BF704742F27450C2F200000078D0B15D
:1080F00042F27050C2F200000021017040F2A8105C
:10810000C2F20000007842F61C20C2F200000068B3
:1081100041638163C16342F23450C2F200000160E6
:108120004FF0507015E042F27050C2F20000012191
:10813000017040F2A810C2F20000007842F61C2044
:10814000C2F200000068002141638163C1634FF403
:10815000507040F21841C4F60001086070470000FA
:1081600040F29810C2F200000068800B0ED000BFF1
:1081700000BF00BF00BF00BF00BF00BF00BF00BF07
:1081800000BF00BF00BF013800BFF1D142F650511F
:10819000C2F20001D1E90002013042F10002C1E95E
:1081A00000027047704770B5A8B0ECF756FE6C46F9
:1081B0000025201D5021CDE91E55CDE91C55E8F7BD
:1081C0005DFC0020ECF7B6FE21201A904FF48030C1
:1081D0001B900120032620900221CDE9226015206A
:1081E000CDE924011AA82191CDE92611EDF79EF9D8
:1081F0000F20CDE915064FF48060CDE9180015A8D1
:1082000004211795EDF758F84FF43C3000904FF0EB
:108210008070CDE90E054FF00050119020460A9570
:108220001095ECF703FFEFF7EEFAEFF77FFAEFF7B1
:108230009BFB40F20040C4F6000024210122ECF731
:10824000F9FD28B070BD000080B50EA1002818BF50
:108250000146D1E9002140F27830C2F20000C0E9C5
:10826000002122B948F2A512C0F60302026021B92A
:1082700048F26111C0F603014160FFF794FF00204E
:1082800080BD00BFA581030861810308017809B1A1
:10829000002070474178012903D08A0705D40222C3
:1082A0004270481E18BF0120704780B54EF6490045
:1082B000C0F6030000F004F801210170417070471E
:1082C000E8F73CFD5FEA400C08BF91F0000F4FEA71
:1082D0008C234FEAC12243EA51514FEA1C5018BF88
:1082E00000F5F0404FEA300018BF41F000415FEA6E
:1082F0006C5C00F02980BCF1FF3F08BF40F080407B
:108300007047130C06BF12044FF0100C4FF0000C16
:10831000130E04BF12020CF1080C130F04BF12015C
:108320000CF1040C930F04BF92000CF1020CD30F5C
:1083300004BF52000CF1010C11464FF00002A0F1F5
:108340001F00A0EB0C00704711F0004F08BF7047F2
:1083500031F000413FF4D5AF0B0C06BF09044FF0DC
:10836000100C4FF0000C0B0E04BF09020CF1080CAE
:108370000B0F04BF09010CF1040C8B0F04BF890023
:108380000CF1020CCB0F04BF49000CF1010CCCF135
:10839000200322FA03F341EA030102FA0CF2A0EBF4
:1083A0000C0000F10100704723F07F4720F07F4C64
:1083B00080EA030000F00040ACEB070303F57C53B8
:1083C00003F1FF032DE9804909B44FEA144324EA7D
:1083D00003484FEA154B25EA0B4E0FF2042606EB35
:1083E00013273E7803FB0667C7F5000707FB06F671
:1083F0004FEAD64606F102064FEA543707FB066CF1
:10840000CCF1005C4FEA1C472CEA074C0CFB06F54C
:1084100007FB06F404EB15464FEA961649085FEA97
:10842000320234BF00204FF000404FEAD13706FB44
:1084300007FC4FEA1C4C0CFB0BF7D21B03FB0CF7A1
:1084400061EB07010CFB0EF7B0EB074072EB174234
:108450000CFB08F734BFA2EB0742B2EB074261EB1B
:1084600017414FEA0C444FEA910706FB07FC4FEA1D
:108470001C4C0CFB0BF7B0EBC74072EB573203FB05
:108480000CF734BFA2EBC742B2EBC74261EB5731E6
:108490000CFB0EF7B0EBC70072EB57720CFB08F742
:1084A00034BFA2EBC702B2EBC70261EB57714FEAD0
:1084B000816141EA92114FEA826242EA90124FEAE8
:1084C000806004EBCC04039F4FEAD13706FB07FC26
:1084D0004FEA1C4C0CFB0BF7D21B03FB0CF761EBB8
:1084E00007010CFB0EF7B0EB074072EB17420CFBD9
:1084F00008F734BFA2EB0742B2EB074261EB17412A
:108500004FEA8C5504EB9C244FEA910706FB07FCCD
:108510004FEA1C4C0CFB0BF7B0EBC74072EB573229
:1085200003FB0CF734BFA2EBC742B2EBC74261EBCF
:1085300057310CFB0EF7B0EBC70072EB57720CFB18
:1085400008F734BFA2EBC702B2EBC70261EB577169
:108550004FEA816141EA92114FEA826242EA901247
:108560004FEA806015EB4C2544F100044FEAD13707
:1085700006FB07FC4FEA1C4C0CFB0BF7D21B03FB62
:108580000CF761EB07010CFB0EF7B0EB074072EB49
:1085900017420CFB08F734BFA2EB0742B2EB0742CD
:1085A00061EB17414FEA813141EA92414FEA823251
:1085B00042EA90424FEA80304FEA0C7615EB1C15E8
:1085C00044F1000448EA03434EEA0B484FF0000E22
:1085D000B2EB080C71EB030724BF624639464EEB41
:1085E0000E0E4FF0000B0018524149414BEB0B0BA4
:1085F000B2EB080C71EB03077BF1000B24BF624662
:1086000039464EEB0E0E4FF0000B00185241494117
:108610004BEB0B0BB2EB080C71EB03077BF1000B80
:1086200024BF624639464EEB0E0E51EA020718BFD0
:1086300046F0010616EB0E7655F1000254F10001EA
:1086400003D5BDE88901BDE80088BDE88901BDE822
:108650000048B619524141EB0101A3F101037047F3
:1086600080807F7E7D7C7B7A79787776767574736F
:10867000727171706F6E6E6D6C6C6B6A6A6968682E
:10868000676666656464636362616160605F5F5EC4
:108690005E5D5D5C5C5B5B5A5A595958585757563A
:1086A000565555555454535352525251515050509F
:1086B0004F4F4F4E4E4D4D4D4C4C4C4B4B4B4A4AF1
:1086C0004A49494948484847474747464646454535
:1086D000454444444443434343424242424141416E
:1086E0009C46002B30D477002BD04FEA37071CB5BF
:1086F00003B44FF010004FF01001BAF1000F06D094
:10870000BCF1000FDCBF40F0080040F008014FF062
:1087100000000FBCBDE810400BF1010BBBF1010FD5
:1087200008BF5FEA170722BF12F1010211F1010130
:108730004FF0004143F1000300F0004043EA000025
:108740007047F9D35708D0E746EA06464FEA16467F
:1087500013F1400F1FDD13F1200FDFBF16430A4650
:10876000002120335B42BED0C3F1200746EA064613
:108770004FEA164602FA07F746EA070622FA03F21C
:10878000C3F1200701FA07F742EA070221FA03F1D1
:108790004FF00003A7E746EA020646EA06464FEA1C
:1087A000164646EA0106BCBF46EA0646360C4FF0BE
:1087B00000034FF000024FF0000194E72DE9804CD8
:1087C00070B49A46934691E8380007C831EA400CE5
:1087D00048BF34EA430C03D5FFF7E6FDFFF780FFFF
:1087E000F0BCBDE8008C2DE9804C70B49A469346ED
:1087F00091E8380007C810F0804F08BF13F0804F91
:1088000003D100F005F8FFF76BFFF0BCBDE8008C6A
:1088100020F07F4723F07F4C80EA030000F0004007
:1088200007EB0C03A3F57C53A3F1FE0392F0000FBA
:1088300000F0B38095F0000F00F077802DE901493A
:108840004FEA114021EA00484FEA144624EA06475D
:1088500000FB06FC08FB06F607FB08F818EB0648C9
:108860004CEB164C00FB07F718EB07484CEB174096
:108870004FEA124B22EA0B4E4FEA154625EA06470D
:108880000BFB06FC0EFB06F607FB0EFE1EEB064E70
:108890004CEB164C0BFB07F71EEB074E4CEB174B44
:1088A00018EB0B0840F1000018EB0E0B58EB00081A
:1088B00040F100008F1A4FF000014FF000063CBF5E
:1088C000C943661B14BFB5EB040C00213CBFC94370
:1088D000F61B4FEA174427EA04454FEA1C472CEAE7
:1088E000074C04FB076205FB07F70CFB05F616EBCC
:1088F000074642EB174204FB0CFC16EB0C4642EB1E
:108900001C421BEB060658EB020241414EEA8E0E5A
:1089100046EA9E0601D5BDE80189B619524141EBF0
:108920000101A3F10103BDE801894FEA144524EADE
:1089300005464FEA114721EA074C05FB07F406FB01
:1089400007F70CFB06F111EB074144EB174405FB5D
:108950000CFC11EB0C4144EB1C444FEA124722EA99
:10896000074C05FB07F206FB07F70CFB06F616EBB8
:10897000074642EB174205FB0CFC16EB0C4642EB9C
:108980001C456A1854F1000148BF7047B61952419E
:1089900041EB0101A3F10103704795F0000F37D0BF
:1089A0004FEA114221EA02464FEA144724EA074CF3
:1089B00002FB07F106FB07F70CFB06F414EB074478
:1089C00041EB174102FB0CFC14EB0C4441EB1C4146
:1089D0004FEA154725EA074C02FB07F506FB07F7A8
:1089E0000CFB06F616EB074645EB174502FB0CFCA5
:1089F00016EB0C4645EB1C42121951F1000148BF21
:108A00007047B619524141EB0101A3F101037047D0
:108A10004FEA144524EA05464FEA114721EA074C7C
:108A200005FB07F106FB07F70CFB06F212EB07420A
:108A300041EB174105FB0CFC12EB0C4251EB1C41C6
:108A40004FF0000648BF7047921841EB0101A3F1B7
:108A500001037047000000000021016081808171E6
:108A60007047002101604160704703B401984100E4
:108A7000009850EAC12018BF04204A0D18BF40F0EA
:108A8000010040F2FF72B2EB515F08BF40F00200FC
:108A9000012808BF052002B070474100080218BF36
:108AA00004200A0E18BF40F001004FF07F4232EA66
:108AB000010108BF40F00200012808BF05207047EF
:108AC0002DE9F0412DED020B9FED3D0B2DED028BBD
:108AD0009FED3D8BDDE90254C4F30A50A0F2FF364E
:108AE000142E37DA002E18DA53EC102B9DED020B02
:108AF00051EC100B04F0A2FB53EC182B04F0E8FF30
:108B000057D2002CBCBF4FF00044002551DB54EA83
:108B1000050018BF2E4C1BD14BE02E4820FA06F75B
:108B200004EA070028431FD053EC102B9DED020BE5
:108B300051EC100B04F082FB53EC182B04F0C8FF2F
:108B400037D2002C03DD4FF48010F0400444BC43C6
:108B500000252EE0332E07DCA6F114004FF0FF3184
:108B600021FA00F73D4206D19DED020BBDEC028BD0
:108B700002B0BDE8F08153EC102B9DED020B51ECDF
:108B8000100B04F0DBFF53EC182B04F0A1FF10D204
:108B9000002C0DDD142E08BF641C09D0C6F1340072
:108BA000012101FA00F02844A84238BF641C0546A0
:108BB000BD43CDE902549DED020BD7E70000000054
:108BC0009C7500883CE4377E000000000000000037
:108BD0000000F03FFFFF0F0010EE100AC0F3C75176
:108BE0007F391729A8BF7047DFED140A002970EEFE
:108BF000200A0CDAF5EEC00AF1EE10FA1ADD0028B0
:108C0000C8BF4FF07E50B8BF4FF0004012E00C4A92
:108C100022FA01F2104208BF7047F5EEC00AF1EEE9
:108C200010FA07DD002804DD4FF4000323FA01F1F8
:108C30000844904300EE100A70470000CAF24971E0
:108C4000FFFF7F0010EE101A08B5444A6846B2EBE9
:108C5000410F28D94FF0E640B0EB410F94BF002000
:108C60004FF0FF3000900098002861DB60EE000AB2
:108C700010F0010F45D010F0020FDFED391A9FED13
:108C8000391A00EEA11ADFED381A40EE811A21EEF2
:108C9000A01AF0EE400A40EE010A08BFF1EE600AA9
:108CA000B0EE600A08BD314B21F0004293423CD93E
:108CB00011F0004FDFED2E0A20EE201ADFED2D0A15
:108CC00019BF31EE601A71EE200A31EE201A71EEF2
:108CD000600ABDEEE01A11EE100A9FED271A00F0AF
:108CE000030000EEC10A9FED251A009000EEC10AB4
:108CF0009FED231A00EEC10A9FED221A00EEC10A71
:108D0000B1E79FED211A9FED210A10F0020F00EE4E
:108D1000810A9FED1F1A00EE801AB7EE000A00EEDE
:108D2000810A18BFB1EE400A08BD00F0EDF99AE7DC
:108D300010EE100A4000B0F17F4F3CBFB7EE000AC2
:108D400008BD07D14FF00100E9F7BAFCBDE80840C3
:108D500000F0CAB9BDE8084000F0C2B9B61F927E63
:108D6000336D4CB9DA82083CA0AA2ABE490E4946A6
:108D700083F9223F0000004B0000C93F00A0FD39ED
:108D80000020A2331A61342CB93AB2BACA9F2A3DE4
:108D9000DDFFFFBE10EE100AC0F3C7517F3917295F
:108DA000A8BF7047DFED140A002970EE200A0DDA23
:108DB000F5EEC00AF1EE10FA1ADD0028A8BF002077
:108DC00016DAB0F1004F18BF0C4811E00C4ACA4047
:108DD000104208BF7047F5EEC00AF1EE10FA07DD49
:108DE000002804DA4FF4000323FA01F10844904309
:108DF00000EE100A70470000CAF24971000080BFFF
:108E0000FFFF7F0010B52DED028BF0EE408A18EECB
:108E1000900AB0EE608A20F00040C0F1FF40C00F21
:108E200007D118EE100A20F00040C0F1FF40C00F3B
:108E30002BD018EE101A18EE900A05F021F800EE6B
:108E4000100A10EE100A6FEAD05010F0FF0F04BFA6
:108E5000BDEC028B10BD18EE900A00F0004110EE40
:108E6000100A00F00040814204BFBDEC028B10BD2F
:108E700018EE101A10EE100ABDEC028B61F31E0002
:108E800000EE900A30EE600A10BD18EE900A4FF026
:108E90007F41B1EB400F1CBF18EE100A5FEA4000A3
:108EA000C7D10120E9F70CFCBDEC028BBDE81040F6
:108EB00000F01AB910B52DED028BB0EE408A18EE15
:108EC000100A05F05DF801EE100A18EE100AB7EE70
:108ED000000A78EE410A10F0004F4FF07F4010EE8C
:108EE000901A12D0B1F13F4F24BF10EE901AB0EBA0
:108EF000410F12D210EE901AB1F17C5F1CDD10EE22
:108F0000901AB0EB410F17D314E0B1F13F4F07D9DE
:108F100010EE901AB0EB410F02D331EE401A0BE085
:108F200010EE901AB1F17C5F06DB10EE901AB0EBF8
:108F3000410F01D331EE001A18EE100ABDEC028B7E
:108F400011EE101A61F31E0000EE100A10BD0000B1
:108F500000B510EE101A2DED028B81B0524A684612
:108F6000B2EB410F2ED94FF0E640B0EB410F94BF6A
:108F700000204FF0FF3000900098B0EE408A0028AB
:108F80006ADB10F0010F4BD068EE080A9FED471A1C
:108F90009FED470A00EE810A9FED461A10F0020F7E
:108FA00000EE801AB7EE000A00EE810A02BF01B09F
:108FB000BDEC028B00BD00BF01B0B1EE400ABDECBC
:108FC000028B00BD3C4B21F00042934241D911F08D
:108FD000004FDFED3A0A20EE201ADFED390A19BF03
:108FE00031EE601A71EE200A31EE201A71EE600A3D
:108FF000BDEEE01A11EE100A9FED321A00F00300E8
:1090000000EEC10A9FED301A009000EEC10A9FEDFC
:109010002F1A00EEC10A9FED2E1A00EEC10AABE72F
:1090200028EE080A9FED2B1ADFED2B0A10F0020F35
:1090300040EE010A9FED291A00EE201A61EE000AA7
:10904000B0EE480A08EE200AB6D101B0BDEC028BA2
:1090500000BD00F059F88FE718EE100A4000B0F19B
:109060007F4F0DD218EE100AFFF717FD042808BF36
:1090700000F042F8B0EE480A01B0BDEC028B00BD32
:1090800009D10120E9F71CFB01B0BDEC028B5DF8B2
:1090900004EB00F029B801B0B0EE480ABDEC028B39
:1090A0005DF804EB00F01CB8B61F927EB93AB2BA74
:1090B000CA9F2A3DDDFFFFBE490E494683F9223F84
:1090C0000000004B0000C93F00A0FD390020A23382
:1090D0001A61342C336D4CB9DA82083CA0AA2ABE3E
:1090E00030EE000A70470000DFED020A80EEA00AB1
:1090F00070470000000000009FED020A20EE000A09
:1091000070470000000000102DE9F0014FF07F4291
:10911000B2EB410F9FBF4FF0FF310160BDE8F0019E
:1091200070474FF0004242EA0123C1F3C752783A38
:10913000551112F01F0C434CCCF120067C44C1F3B6
:10914000C752A2F178024FEA621204EB820254F88D
:10915000254008BFD2E9015612D0556804FA0CF434
:1091600025FA06F73C43976805FA0CF527FA06F846
:10917000D26807FA0CFCF24045EA08054CEA020600
:10918000A4FB034CA5FB0352A6FB03631D449D42B5
:1091900034BF012600261319334416B1934202D975
:1091A00003E0934201D2012200E00022624402F176
:1091B000200C9206DC0C42EA443200EE102A5B03DB
:1091C000DFED210AF8EEC01A00EE103A4FEA9C1CBF
:1091D00011F0004FB8EE400AC0F800C020EE201A8F
:1091E00000EE105ADFED190AB8EE400A20EE200A10
:1091F00071EE810A70EE800A10EE902A02F500628C
:109200006FF30B0200EE902A70EEE11A31EEC11AF4
:10921000DFED101A30EE411A9FED0D0A20EE800AA4
:1092200001EE210A9FED0C1A00EE810A04BFBDE891
:10923000F0017047CCF180510160BDE8F001B1EE62
:10924000400A7047B44F0000000000360000802C38
:1092500022AAFD29DB0FC92F0000C92F12F0004FF1
:109260001FBF22F00042D21D22F00703102202BFCE
:10927000D21C22F003030C221BB103EB020C8C4521
:1092800001D901207047024401448360C0E90021F4
:10929000C91AD01888429CBF10600246F9D9002034
:1092A0001060704730380A2801D201207047002032
:1092B00070478A68002A02DC0022E8F757BF521E76
:1092C0008A604A68C0B2531C4B601070704710B57A
:1092D0000246080008BF10BD114603F03FFBBDE881
:1092E000104003F02BBB0000002808BF70472DE999
:1092F000F047284E0F46B0F1FF3F32D0264C0021F8
:109300003568E2680B46002A08BF4FF0000C38D0E1
:10931000214AD2F814C01A46BCEB000871EB0308CE
:1093200010D204E0D4F80C80B8F1000F29D0E46822
:10933000D4F8148018EB0C0C4A41BCEB000872EB1B
:109340000308EFD3E168E960E5602C61E968002972
:1093500018BF0D61BCEB000068616169A1EB000002
:1093600060610E480078012804BF112000F0A6FDBE
:10937000306847700A4802F065F8BDE8F04703F02E
:10938000E7BBE960E5602C61B0EB0C0060616961EE
:10939000E7E70000C800002080040020D000002083
:1093A000680400202DE9F0411D4DE868002808BF41
:1093B000BDE8F08168690026401EDFF8688001275B
:1093C00068616869002818BFBDE8F081EC68002C6E
:1093D00008BFBDE8F081A06838B16168416060688D
:1093E00010B1A16881606660A66021460E4803F056
:1093F000E9FA606968616078042806D1A069D8F844
:109400000010D8F80420401860616770E068E860D8
:10941000E06800281CBF0561E6602661D1E7000016
:1094200080040020B000002068040020014800688B
:10943000006A7047C800002010B50C0008BF10BDBE
:10944000E1690143E1616278206A062A19D0052AA0
:1094500018BF10BD014208BF10BD01402162E16983
:1094600021EA0000E061204603F029FB0120607042
:109470000221204603F01AFB2046BDE8104001F00F
:1094800051BF30EA0101EAD010BD00008C460F49FF
:1094900010B50B68D9696AB130EA010206BF21EA4A
:1094A0000000D86106210ED018626046FFF71CFF4D
:1094B000012010BD11EA00021ABF21EA0000C3E931
:1094C00007020521F0D0022010BD0000C8000020D6
:1094D00061220270002242708270426002814281E9
:1094E0008281C1817047000070B5164642680D4602
:1094F00012B1417801290FD08189C3894FF0000C46
:10950000994229D1002E04BF012070BD1F4C216853
:1095100092B103F057FA17E001F094FF0446406A55
:1095200004210560204603F0C1FA204603F0C7FA83
:10953000204601F0F7FE26E041602168C1F804C032
:109540002168886002214170206808214562304608
:10955000FFF7CAFE012070BD018900EB81010D619A
:1095600000F10C01D1E85F2F521C93B2C1E8523FC9
:10957000002AF7D10189491C89B20181C28991422F
:1095800008BFA0F808C0002070BD0000C80000207F
:109590002DE9F04104468089002790460D460028B9
:1095A0003AD0608904EB8000006908606089401C43
:1095B00080B26081E189884208BF6781606810B12C
:1095C000607802280DD004F10C0000BFD0E85F1FC6
:1095D000491E8AB2C0E8512F0029F7D10020BDE80A
:1095E000F081204601F02EFF0546002103F05EFACF
:1095F0002189686A04EB810108612089401C80B2DE
:109600002081E189884208BF2781284603F057FA64
:10961000284601F087FEE1E7B8F1000F04BF012002
:10962000BDE8F0810B4E6068316818B1204603F048
:10963000C9F906E0616030684760306884600120E5
:10964000607008214046FFF74FFE306845620120F8
:10965000BDE8F081C800002070B5194D0E460446E3
:109660004188286839B1A168814209D16088401CCD
:109670006080002070BDA060816AE1608462F5E7CF
:10968000002E04BF012070BD8A788078824203D208
:109690008870A06803F0C2F9606820B1204629688C
:1096A00003F090F906E028686060296800204860AF
:1096B0002868846009213046FFF716FE012070BD3E
:1096C000C8000020002819BF4378012BFF207047F5
:1096D00010B501234370D1E9003CC0E9063C8B681A
:1096E0008360CB68C360D1E90031C0E904311168FF
:1096F000016251684162022103F030F903F01EF962
:10970000002010BD38B18178002904BF00207047C7
:109710004178012901D1FF20704710B50121417026
:10972000002103F01BF903F009F9FF2010BD10B56B
:1097300004468089002808BF10BD608904EB8000C2
:1097400000690860606840B16078022805D1002196
:10975000204603F003F903F0F1F804F10C00D0E81F
:109760005F1F491E8AB2C0E8512F0029F7D16089D6
:10977000401C80B26081E189884204BF0020608182
:10978000042010BD10B503F0E9F8BDE8104003F067
:10979000D5B80000EFF3058000281CBF00207047FB
:1097A00008480078012803D1DFF81CC000DF7047AB
:1097B00010B501F03DFF01F077FE044601F039FFDE
:1097C000204610BD9800002049CE030810B510B106
:1097D0000378652B03D00F2000F070FB0FE0002909
:1097E00018BF002A0BD000BFEFF305831BB1FFF7B2
:1097F00069FFC0B210BD054B1B78012B01D0FF20C3
:1098000010BDDFF80CC000DF10BD00009800002084
:109810005DCE030810B510B10178652904D00F2082
:1098200000F04CFBFF2010BD0021EFF3058119B1C2
:10983000FFF768FFC0B210BD0449097801290ABFCB
:10984000DFF80CC0FF2000DF10BD000098000020F2
:109850007DCE0308EFF3058018B90548007801288C
:1098600001D000207047DFF80CC000DF7047000017
:109870009800002095CE030810B511B10A78602A2F
:1098800004D00E2000F01AFBFF2010BD0022EFF3E1
:1098900005821AB1FFF71BFD002010BD044A1278A3
:1098A000012A0ABFDFF80CC0FF2000DF10BD000056
:1098B00098000020A9CE0308EFF305831BB9054BE0
:1098C0001B78012B01D0FF207047DFF80CC000DFB0
:1098D0007047000098000020C3CE0308FEF712BBBB
:1098E000FEF712BB002808BF7047427C131C1FBF45
:1098F000134602EB83035B00DB1C10B45B1C1A44B1
:109900000A80837C9B004B801A44C37C5B008B8065
:109910001A4493B290F814C0C28A0CFB02F4002CD3
:1099200014BF02EB8C020022CA801A44837C90F898
:1099300013C08469634490F814C092B2A44413EB3A
:109940000C0318BF04230B811A44037C4FF0150C41
:1099500003EBC3030CEB43034B811A44037A4FF030
:10996000010C0CEB43038B81007C1A44801CC881E2
:10997000104400220A8210BC80B27047002808BF41
:1099800070478069C01DC0F3CF00088000224A8064
:109990007047002808BF7047007C00EB4000C00003
:1099A0000880704770B5002808BF70BDEFF30581CF
:1099B00000291CBF002070BD0B49097801290ED079
:1099C000054601F035FE284601F08AFF04001CBF61
:1099D0002946FFF77DFD01F02CFE204670BDDFF823
:1099E0000CC000DF70BD000098000020E9CE030825
:1099F00070B510B10178612904D00F2000F05EFA33
:109A0000FF2070BD0021EFF3058100291CBFFF205E
:109A100070BD0B49097801290DD0044601F008FEFC
:109A2000204601F0FBFE0546204602F00FF801F04B
:109A300000FEE8B270BDDFF80CC000DF70BD0000B2
:109A40009800002009CF030810B510B10378612BEE
:109A500003D00F2000F032FA10E000290ED000BF32
:109A6000EFF3058333B1FFF762FE00280CBF01203E
:109A7000002010BD044B1B78012B01D0FF2010BD2E
:109A8000DFF808C000DF10BD9800002027CF0308D2
:109A900010B510B10378612B04D00F2000F00EFA3E
:109AA000FF2010BD0023EFF305831BB1FFF76AFE13
:109AB000002010BD044B1B78012B0ABFDFF80CC03F
:109AC000FF2000DF10BD00009800002047CF0308F2
:109AD00010B5002804BFFF2010BD00BFEFF30581C3
:109AE00019B906490978012903D001F0F7FE0020D1
:109AF00010BDDFF80CC000DF10BD00009800002092
:109B000067CF03082DE9F0010023002856D000BFDD
:109B1000EFF3058CBCF1000F1EBFFF20BDE8F00184
:109B2000704790F80AC0BCF1010F04BF13800B808E
:109B300040D090F810C000230CEB4C0403EBC4049D
:109B4000437C1C441BB103EB83035B00DB1C5B1CED
:109B50002344847CC57C03EB840303EB45039FB261
:109B6000037DC68A03FB06F8B8F1000F14BF06EBAD
:109B7000830600263E4425448469B6B22344EB188C
:109B800018BF042333440CEBCC0403EB4403047AE6
:109B9000153303EB4403DB1C63444FF6FF7C0CEAF4
:109BA00083030B80008B0021C01D01EBD0000CEA69
:109BB000C0001080BDE8F0010020704713800B80CA
:109BC000BDE8F001FF207047EFF3058100291CBFBD
:109BD0000020704704490978012901D001F0C8BE6E
:109BE000DFF808C000DF70479800002071CF03083D
:109BF000002804BFFF2070472DE9F0470446807A13
:109C000017460D46002803D0EFF30580F0B904E0B5
:109C1000002D18BF002FF7D118E0184E307801281A
:109C200014D094E80E17164880E80E171549706096
:109C300001200870E6F7B0FBA07A50B1012815D0DA
:109C4000102000F03BF90020BDE8F087FF20BDE8C0
:109C5000F0873561207C00EB400005EB4010C6E941
:109C6000020701F011FF01F0ABFEECE700203061CC
:109C7000B060F060204601F0F3FCE4E798000020BB
:109C8000040400207001002010B5002808BF10BD9A
:109C9000EFF3058119B101F0D5FE044606E009494C
:109CA0000978012909D001F0CDFE0446002C04BF3B
:109CB0000C2000F003F9204610BDDFF80CC000DFD7
:109CC000F3E700009800002089CF030870B588B042
:109CD000344D4FF000040294EFF305800394002804
:109CE00051D00020CDE90400EFF3108000F0010016
:109CF00072B60690A869E969CDE904014FF0E02049
:109D000081690091284909680191C1F3806159B1C5
:109D1000806900990190884206D2DDE90410491C4F
:109D200040F10000CDE90410069800B962B60020A9
:109D3000CDE90600CDE90600686900992646401A7B
:109D4000D5E90812A0FB013C04FB01C100FB021095
:109D5000CDE90630DDE90601144A0023E6F756FC9A
:109D6000CDE906016868DDE904314068A0FB032CF9
:109D700006FB03C300FB0133DDE90601101859415E
:109D8000CDE9020107E02878012804D103A902A83F
:109D9000DFF81CC000DFDDE90201201808B06141D6
:109DA00070BD00009800002004ED00E040420F006C
:109DB00091CF0308EFF3058000281CBF00207047F7
:109DC0000A480078012803D1DFF824C000DF70477B
:109DD00010B501F02DFC01F0ABFD040018BF02F03E
:109DE0001DFD01F026FC204610BD0000980000205B
:109DF00059D0030870B510B10178632904D00F2041
:109E000000F05CF8FF2070BD0021EFF30581002910
:109E10001CBFFF2070BD0B49097801290DD00446F5
:109E200001F006FC204602F09DFC0546204601F0AC
:109E300017FE01F0FEFBE8B270BDDFF80CC000DFDA
:109E400070BD00009800002073D0030810B510B159
:109E50000178632904D00F2000F030F8FF2010BDF6
:109E60000021EFF3058119B904490978012901D0CE
:109E7000FF2010BDDFF808C000DF10BD98000020F3
:109E800091D0030810B510B10278632A04D00F20D6
:109E900000F014F8FF2010BD0022EFF305821AB97C
:109EA000044A1278012A01D0FF2010BDDFF808C053
:109EB00000DF10BD98000020A9D003089AB0122836
:109EC00080F03780DFE800F0090D111535353535A4
:109ED0003535191D212125292D311BA1D02002F056
:109EE000ABFE1DA1E52002F0A7FE21A1F02002F0AB
:109EF000A3FE2BA1F12002F09FFE34A1F22002F07C
:109F00009BFE3DA1F32002F097FE45A1E22002F066
:109F100093FE49A1F42002F08FFE55A1F52002F036
:109F20008BFE61A1F62002F087FE6CA1F72002F003
:109F300083FE034676A264216846E6F7DFFB6946A6
:109F4000E02002F079FE00006F73616C3A20756EBC
:109F50006B6E6F776E0000006F73616C3A207374E4
:109F600061636B206F766572666C6F77000000002E
:109F70006F73616C3A206B6E6F776E206572726FD3
:109F8000722066726F6D2072746F7320286973720D
:109F90006669666F6F766572666C6F772900000080
:109FA0006F73616C3A206B6E6F776E206572726FA3
:109FB000722066726F6D2072746F7320286D6278E4
:109FC0006F766572666C6F77290000006F73616C45
:109FD0003A206B6E6F776E206572726F72206672B8
:109FE0006F6D2072746F7320287374646C69627370
:109FF00070616365290000006F73616C3A206B6EBD
:10A000006F776E206572726F722066726F6D20724C
:10A01000746F7320287379736D75746578290000E7
:10A020006F73616C3A206D656D6F72792069732072
:10A030006D697373696E67006F73616C3A206B6E44
:10A040006F776E206572726F722066726F6D20720C
:10A05000746F7320287573656420616E20696E7655
:10A06000616C69642074736B707472290000000065
:10A070006F73616C3A206B6E6F776E206572726FD2
:10A08000722066726F6D2072746F7320287573650D
:10A090006420616E20696E76616C6964206F626A0B
:10A0A00070747229000000006F73616C3A206B6E4F
:10A0B0006F776E206572726F722066726F6D20729C
:10A0C000746F7320287573656420616E20696E76E5
:10A0D000616C696420706172616D29006F73616CDD
:10A0E0003A206B6E6F776E206572726F72206672A7
:10A0F0006F6D2072746F7320287573656420616EB4
:10A1000020696E76616C69642063616C6C29000063
:10A110006F73616C3A206572726F722030782578A7
:10A120002066726F6D2072746F73000070B5174EE9
:10A1300005460C463078012826D000BFEFF3058095
:10A1400010BB002D18BF002C1ED0286800281CBF93
:10A150006889002818D0E86800281CBF20680028FB
:10A1600012D0608900281CBFE06800280CD0E6F7F8
:10A1700013F90120307001F04FFA21462846DFF82C
:10A1800010C000DF002070BDFF2070BD98000020CF
:10A19000C5D00308EFF3058119B9054909780129EC
:10A1A00001D0FF207047DFF80CC000DF00207047AF
:10A1B00098000020DFD0030882B0EFF3058171B969
:10A1C00000281CBF0168002909D0C16800291CBFF4
:10A1D0004189002903D00C4A1278012A02D00020BC
:10A1E00002B07047ADF80210017A8DF800100169D5
:10A1F0000191D0E900C1C26860466B46DFF80CC02F
:10A2000000DF02B07047000098000020FBD0030878
:10A2100010B510B10178602904D00E20FFF74EFE72
:10A22000FF2010BD0021EFF3058119B90449097819
:10A23000012901D0FF2010BDDFF808C000DF10BDEC
:10A240009800002023D1030810B510B101786029CF
:10A2500004D00E20FFF732FE002010BD0021EFF3E6
:10A26000058119B904490978012901D0406B10BD55
:10A27000DFF808C000DF10BD980000203BD10308C4
:10A2800010B510B10178602904D00E20FFF716FE3A
:10A29000002010BD0021EFF3058119B905490978A7
:10A2A000012903D0BDE8104002F0FAB8DFF808C079
:10A2B00000DF10BD980000204DD10308EFF30580AA
:10A2C00008B102F03BB90448007801280ABFDFF862
:10A2D0000CC0002000DF70479800002051D1030817
:10A2E00010B510B10278602A04D00E20FFF7E6FD09
:10A2F000FF2010BD0022EFF305821AB9044A12783C
:10A30000012A01D0FF2010BDDFF808C000DF10BD1A
:10A310009800002065D1030801281CBF02280328EB
:10A3200004D0042805D00020FFF7C8BDC0B2FFF755
:10A33000C5BD1120FFF7C2BD074801684FF0E020FE
:10A34000416100218161072101610448016841F0F8
:10A350007F410160401770476C01002020ED00E054
:10A360007047000070B51B4C012804D0A07802286B
:10A370002AD2194870BD0025A562E5622563656390
:10A38000A563E56325646564A564E5642565656585
:10A39000A565E56525666566A566E5662567656765
:10A3A000A560A570E560A580656125706570256272
:10A3B0000A486562FEF750FB0948FEF74DFBE57061
:10A3C0000848FEF74EFBD4E7FFF778FFBDE8704082
:10A3D000FFF756BF20000020CC0400208803002097
:10A3E00096030020C800002004498978022938BF5C
:10A3F000704700684FF0FF31FFF744BD2000002098
:10A4000070B50B490546C878082803D309A1F32085
:10A4100002F012FC00EB40020F4B401C03EB8204E5
:10A42000C870204602F0FAF901202C6070BD0000CF
:10A430002000002061726D6339397374646C696245
:10A440003A206E6F7420656E6F756768207379733C
:10A45000206D757465780000A40300200349897895
:10A46000022938BF70470068FFF7F0BC20000020C9
:10A470002DE9F04782B04FF0000688460400ADF8A1
:10A480000060ADF804600AD0607850EA08000AD095
:10A49000207801280BD07CA1E42002F0CDFB80A124
:10A4A000E12002F0C9FB87A1E32002F0C5FBE078C0
:10A4B000012803D093A1E42002F0BEFB9A4DA878B6
:10A4C000022818BF032809D0A06A00281CBFA07862
:10A4D0000F2807D995A1E02002F0AEFB9FA1E02054
:10A4E00002F0AAFBB4E88F164435A5E88F16B4E84D
:10A4F0000F1085E80F10A64854F8301C01270160A2
:10A5000054F82C1C416080210172477214F8331CEE
:10A51000343C643D002918BF01218172217CC17245
:10A520006169C160217E0174217F4174617F6A4647
:10A53000491C8174A17FC174E17F0175218CC182A6
:10A54000618B816101A99248FFF7DCFABDF8040034
:10A55000BDF80010014304BF00210A4605D0C01D0C
:10A5600020F00700414600EB08028948FFF740FB56
:10A57000607800283ED0A089FFF786FBE860A189BB
:10A58000A980EE22E6F772FA607800283FD0E089D1
:10A59000FFF77AFB2861E189E980EE22E6F766FAA7
:10A5A000BDF80400BDF80010C01D20F00700C91D53
:10A5B000404421F007010844A189DFF8D881C91D72
:10A5C00021F007010844E189C91D21F00701084471
:10A5D00098F8011000291CBF6E612E7029D06E7092
:10A5E0004FF000002CD12878002892BF30466869CF
:10A5F0006F702AE0BDF80400BDF80010C01D20F007
:10A600000700C91D404421F007010844B6E7BDF822
:10A610000400BDF80010C01D20F00700C91D404413
:10A6200021F007010844A189C91D21F00701084450
:10A63000B0E7686198F8180000F102002870CEE7D2
:10A64000012904BF1020FFF71FFBE86198F80110F3
:10A65000002029B1012904BF1020FFF715FB0AE0F3
:10A6600069782878814228BF304604D2686900EBB7
:10A670000110491C6970A861A0682862AF7002B01F
:10A680000020BDE8F08700006F73616C3A20756EA2
:10A69000737570706F727465642072746F730000EC
:10A6A0006F73616C3A204E554C4C2063666720698D
:10A6B0006E206F73616C5F696E697469616C697338
:10A6C000652829006F73616C3A204E554C4C206D03
:10A6D000656D6F727920696E206F73616C5F696E52
:10A6E000697469616C697365282920666F722073CB
:10A6F0007461746963206D656D6F7279206D6F642C
:10A70000656C00006F73616C3A2063666720686156
:10A710007320612077726F6E6720637075206661A9
:10A720006D696C7900000000200000206F73616C7F
:10A730003A20696620757365642C207072696F20F9
:10A740006D757374206265206265747765656E202F
:10A750003020616E64203135000000006F73616C41
:10A760003A2063616C6C6564206F73616C5F696E25
:10A77000697469616C697365282920616674657202
:10A78000206F73616C5F737461727428290000001C
:10A790004800002064000020FFF79AB930B583B06C
:10A7A00004004FF000000D46ADF80000ADF80400C5
:10A7B00031D0264861680160A16841608021017242
:10A7C000012141726178002918BF01218172217C29
:10A7D000C1726169C160217E0174217F4174617F12
:10A7E0006A46491C8174A17FC174E17F0175218C87
:10A7F000C182618B816101A91448FFF783F9BDF81B
:10A800000400BDF80010C01DC008C91D00EBD10038
:10A810006178A9B905E0002D18BF0860002003B0D9
:10A8200030BDA189E289C91DC908D21D01EBD20141
:10A83000227E272303EB021201EBD2010844C00061
:10A84000002D18BF286003B030BD00004800002074
:10A85000FFF71ABA10B5B0F1FF3F08BF4FF0FF3154
:10A8600006D000280FBF00210749096AB0FBF1F1AB
:10A870000022501EFFF720F802281CBF002010BD48
:10A88000BDE81040FEF7E6BF20000020002904BF0D
:10A890006FF00100704710B50968FEF7EDFF00206A
:10A8A00010BD0000014880787047000020000020A3
:10A8B00070B5FFF77FFA002829D01E4D04461C4EC4
:10A8C0006878012818BF204625D01B4C0646A06892
:10A8D00050B14FF0FF3100F007FA1848C188491C09
:10A8E000C180A06800F0DEF9A660FFF7E7FCA1696F
:10A8F0000860AA6A1AB1A9786FF004009047606AEC
:10A900008047FFF7DBFCBDE87040FFF781BC0C49D6
:10A91000E22002F091F90820FFF7B6F9002818BFED
:10A92000C0E90046D1D10749E22002F085F90000D4
:10A9300066452301640000202000002096030020CB
:10A940003CAC030870AC0308002804BF6FF00100A2
:10A95000704770B5164E154A0025717804460129D6
:10A9600007D000BFFFF744F87178204601290ED1C7
:10A9700009E0016821B16068904208BF0846F1D043
:10A980004FF0FF3070BD05604560FFF7A1F8094C3E
:10A990004FF0FF31A06800F0A7F907484189491E30
:10A9A0004181A06800F07EF9002070BD554523016B
:10A9B00064000020200000209603002008B500223B
:10A9C0000092002808BF08BD104B114A5278012A96
:10A9D00012D000BFB1F1FF3F08BF4FF0FF3206D0E9
:10A9E00000290FBF00220B4A126AB1FBF2F269463E
:10A9F000FFF72AF8009808BD026822B14068984223
:10AA000008BF1046E6D0002008BD000055452301D0
:10AA1000640000202000002070B505001ED0FEF765
:10AA2000C1FF00281ED004461748164E4078012862
:10AA300018BF20461AD0154E04464FF0FF31B068BB
:10AA400000F052F912484189491C41818189294409
:10AA50008181B06800F026F9204670BD0DA1E32089
:10AA600002F0EAF817A1E22002F0E6F80820FFF76A
:10AA70000BF9002818BFC0E90046DCD12049E220CC
:10AA800002F0DAF855452301640000202000002080
:10AA9000960300206F73616C3A20696E636F727267
:10AAA00020706172616D20696E206F73616C5F6DE3
:10AAB00065737361676571756575655F6E65772828
:10AAC000290000006F73616C3A206D697373696EC1
:10AAD00067206D656D20666F722072746F73206FD2
:10AAE000626A20696E206F73616C5F6D657373615C
:10AAF000676571756575655F6E657728290000006B
:10AB000070AC0308002804BF6FF00100704710B557
:10AB1000104BDFF83CC05B78012B0FD0B2F1FF3F48
:10AB200018BF002A03D00C4B1B6AB2FBF3F2FEF7EE
:10AB3000AFFF002818BF6FF0020010BD036823B1FB
:10AB40004068604508BF1846E8D04FF0FF3010BDA0
:10AB5000554523016400002020000020002804BF88
:10AB60006FF00100704770B5164E154A00257178D8
:10AB70000446012907D000BFFFF73CF97178204651
:10AB800001290ED109E0016821B16068904208BF37
:10AB90000846F1D04FF0FF3070BD05604560FEF70C
:10ABA00097FF094C4FF0FF31A06800F09DF807486F
:10ABB000C188491EC180A06800F074F8002070BDF3
:10ABC0006645230164000020200000209603002039
:10ABD00070B5FFF7EFF8C0B104461548134D407843
:10ABE000012818BF204614D0124D0446A86850B161
:10ABF0004FF0FF3100F078F80F48C188491CC18040
:10AC0000A86800F04FF8204670BD0CA1E22002F0C9
:10AC100013F80820FFF738F8002818BFC0E90045EE
:10AC2000E2D113A1E22002F007F8000066452301FB
:10AC30006400002020000020960300206F73616CE8
:10AC40003A206D697373696E67206D656D20666F5C
:10AC5000722072746F73206F626A20696E206F7346
:10AC6000616C5F6D757465785F6E6577282900008B
:10AC70006F73616C3A206D697373696E67206D65DF
:10AC80006D20666F72206F73616C206F626A6563FE
:10AC90007420696E206F73616C5F7878785F6E6581
:10ACA0007728290010B5002804BF6FF0010010BDFF
:10ACB0000B4A0C494978012909D000BFFFF7C6F8B3
:10ACC000FF281CBF002010BD4FF0FF3010BD0168F1
:10ACD0000029F9D04068904208BF0846EED0F3E75B
:10ACE000664523016400002010B5002804BF6FF002
:10ACF000010010BD104B114A5278012A12D000BF3A
:10AD0000B1F1FF3F18BF002903D00D4A126AB1FB11
:10AD1000F2F1FFF7B7F8002816BF052800206FF002
:10AD2000020010BD026822B14068984208BF104678
:10AD3000E6D04FF0FF3010BD6645230164000020CF
:10AD4000200000200149C862704700006400002014
:10AD5000FEF7BCBF30B524498BB08A78012A08D0F1
:10AD60001AB122A1E02001F067FF28A1E02001F044
:10AD700063FF02228A70486280B3CA6900203323CD
:10AD8000106013715071B1F806C0A2F806C00C69CA
:10AD9000C2E902402B4DCDE90550CDE908428DF8BE
:10ADA0001C00ADF81EC08A69274C10601371FE2389
:10ADB0005371B1F804C0A2F806C0C968C2E9021014
:10ADC000CDE900408DF80830ADF80AC0CDE9031296
:10ADD00005A96846FFF7AAF90BB030BDFFE71BA134
:10ADE000E32001F029FF0000200000206F73616C58
:10ADF0003A2063616C6C6564206F73616C5F73747F
:10AE0000617274282920616761696E006F73616CDB
:10AE10003A2063616C6C6564206F73616C5F73745E
:10AE2000617274282920772F6F7574207072696F92
:10AE300072206F73616C5F696E697469616C6973AC
:10AE40006528290099CC0308B1A803086F73616CC9
:10AE50003A20696E636F727265637420706172610B
:10AE60006D20696E206F73616C5F737461727428FA
:10AE700029000000002804BF6FF00100704770B582
:10AE8000194D04464FF0FF31A868FFF72DFF2668E3
:10AE900016B12079332805D0A868FFF703FF4FF0DB
:10AEA000FF3070BD11484188491E418010494A78E1
:10AEB000012A03D10288E388D21A02800020206090
:10AEC00020716071E080A060E0604978204601292F
:10AED00008BFFEF7FDFDA868FFF7E4FE3046FFF768
:10AEE00097F9002070BD000020000020960300208C
:10AEF0006400002010B5FFF7E1F9BDE81040FFF74E
:10AF0000A3B900002DE9FF4F85B01E009046814691
:10AF100017D0B8F1020F14D3B8F1FB0F11D8B9F163
:10AF2000000F0ED02F4D4FF0FF31A868FFF7DCFE69
:10AF300005F144004FF0000A407830B101280ED0EE
:10AF400044E029A1E32001F077FE69782878814266
:10AF50003CD2686900EB0110491C697002E01020C6
:10AF6000FEF792FE040031D03046FEF72DFE5FEA78
:10AF7000000B2FD0264F3888304438800698019037
:10AF800001208DF80800CDF80090ADF80A60CDE9F9
:10AF900003B46846FFF710F95FEA00091ED078880D
:10AFA000401C78803320C4F80090207184F805801C
:10AFB000E680C4E902BAA868FFF774FE4146484635
:10AFC000FFF78EF909B02046BDE8F08F11A1E2200D
:10AFD00001F032FE1DA1E22001F02EFE27A1E220A9
:10AFE00001F02AFE200000206F73616C3A20696E28
:10AFF000636F727220706172616D20696E206F7371
:10B00000616C5F7461736B5F6E6577282900000067
:10B01000960300206F73616C3A206D697373696EDB
:10B0200067206D656D20666F72206F73616C5F7451
:10B0300061736B5F7420696E206F73616C5F746104
:10B04000736B5F6E65772829000000006F73616C79
:10B050003A206D697373696E67206D656D20666F48
:10B060007220737461636B20696E206F73616C5F13
:10B070007461736B5F6E6577282900006F73616C74
:10B080003A206D697373696E67206D656D20666F18
:10B09000722072746F73207461736B20696E206FFD
:10B0A00073616C5F7461736B5F6E65772829000054
:10B0B000002808BF70474389027A41680068FFF79B
:10B0C00021BF0000002804BF6FF00100704770B579
:10B0D0000446881E0D46FA2824BF4FF0FF3070BD8D
:10B0E0004FF0FF310B4EB068FFF7FEFD206810B146
:10B0F0002179332905D0B068FFF7D4FD4FF0FF3038
:10B1000070BD65712946FFF7EBF8B068FFF7CAFD1F
:10B11000002070BD2000002070B5FEF73BFBB8B1E9
:10B1200004461448124D4078012818BF204613D019
:10B13000114D04464FF0FF31A868FFF7D5FD0F48C9
:10B140008188491C8180A868FFF7ACFD204670BD4E
:10B150000BA1E22001F070FD0820FEF795FD00280C
:10B1600018BFC0E90045E3D11249E22001F064FDB7
:10B1700044452301640000202000002096030020A5
:10B180006F73616C3A206D697373696E67206D65CA
:10B190006D20666F722072746F73206F626A20690F
:10B1A0006E206F73616C5F74696D65725F6E657739
:10B1B0002829000070AC0308002819BF0029002AC4
:10B1C0006FF001007047F0B516461F4A0D461D4945
:10B1D000527887B0012A18BF044629D01B4AD5E906
:10B1E0000001176AC24372EA010204BF4FF0FF3048
:10B1F000014603D03A460023E5F708FACDE90001FD
:10B20000A868B0FBF7F00290287B002818BF0298CE
:10B210000390306804907068059004AA694620463F
:10B22000FEF7D4FAFF281EBF002007B0F0BD04E0EF
:10B23000046814B140688842D0D007B04FF0FF30A6
:10B24000F0BD0000444523016400002020000020E0
:10B25000002804BF6FF00100704710B50C490B4A7D
:10B260004978012909D000BFFEF7D4FAFF281CBF96
:10B27000002010BD4FF0FF3010BD01680029F9D04B
:10B280004068904208BF0846EED0F3E744452301EA
:10B290006400002010B50022427091B1022914D040
:10B2A000032918BF10BD04468178012908BF01F0A9
:10B2B000A3FD12480068E0B12146BDE8104000F04F
:10B2C0005FB8BDE8104001F097BD0D498369C269C0
:10B2D0000B604A6082688A60C268CA600949026A73
:10B2E0000A60426A4A600A46BDE81040044901F01B
:10B2F000E3BC2046BDE8104000F0F0BA0401002095
:10B30000B0040020E400002050E8001F31B10B68B9
:10B3100040E80032002AF7D108467047BFF32F8F6C
:10B32000FAE700002DE9F041134D04004FF002064A
:10B3300010D02868A17801278278914214D901F0B1
:10B3400063FB286847706C606670E078BDE8F04188
:10B3500000F070B9094800F075F868604670C07870
:10B36000BDE8F04100F066B967702146BDE8F041E4
:10B37000024801F027BB0000C8000020680400203C
:10B38000814224BF42688A429CBF01207047026804
:10B390000A60BFF35F8F50E8003F0A689A4204BF1B
:10B3A00040E80012002AF2D14FF000007047000080
:10B3B000214810B4214A0168A9B321485278008875
:10B3C00002F1010C431C63452AD9801A4FF0010C8D
:10B3D000401E2CEA000C501C0CEB0204621C824242
:10B3E0000CD900BF01EB800C5CF804CCBCF1000F61
:10B3F00004BF10BC7047401C8242F3D81046834201
:10B400000ED900BF01EB800252F8042C002A04BFC1
:10B4100010BC704751F820205AB1801C9842F1D3DB
:10B4200010BC00207047FFE75068411C516010BC01
:10B43000704710BC401C704738010020C00000203D
:10B44000580100200146406842684A600B7800229B
:10B45000622B18BF612B03D0632B1CBF4260704767
:10B460004368002B1CBF99604260826070470000F7
:10B47000094900204860886008490968002918BF08
:10B48000887007480068002808BF704728220549CF
:10B490000988FDF7E3BE0000C00400200001002081
:10B4A00004010020080100200D4810B5006810B10B
:10B4B000FFF72AFF02E0282000F0C4FA002808BFA6
:10B4C00010BD652101700021417081704160816073
:10B4D000C160C0E904118161C0E90711416210BD7A
:10B4E000040100200348416800290CBF4FF0FF30E1
:10B4F00080687047C004002001F0DEBB01F07CBC16
:10B500002DE9F047424E7068002808BFBDE8F0877B
:10B51000B0680024401EDFF8FC806527B0606DE055
:10B52000A868B060686870606878002866D12A6A88
:10B5300012B12846696A9047EA68002A52D0D5E9D4
:10B540000603C14371EA03012DD02146801843EB65
:10B550000102C5E90602D8F80030D8F80490B0EB33
:10B56000030C2B4862EB09092346826805E050462C
:10B57000DAF808A01AEB02025941B2EB0C0A71EB9F
:10B58000090A04D2D0F804A0BAF1000FEFD1416843
:10B590006960B2EB0C01A96045608168AA68A1EB03
:10B5A000020181602AE01A4B2146986805E04B466B
:10B5B000D9F8089019EB00006141B0EB020971EB7A
:10B5C000040C04D2D3F80490B9F1000FEFD15968FC
:10B5D000801AC5E901105D609868A968A0EB0100B8
:10B5E00098600BE02F706C70AC706C600020AC60E9
:10B5F000C5E90400A861C5E907046C62B0680028C9
:10B6000018BFBDE8F0877568002D89D1BDE8F087C7
:10B61000C0040020B000002010B5FCF72FFB034948
:10B6200000280CBF01200020887010BDC000002041
:10B6300070477047FF280CBF0120401CC0B206496C
:10B640008978002908BF704704494A6809688A4216
:10B6500008BF7047FCF7CCBBC0000020C80000202A
:10B660002DE9F04100282DED048B04BF0020FEF7EA
:10B6700025FC002442484449048042480568687A11
:10B6800000060860E87A002818BF01203F490870CA
:10B690003F49E8680860686802F090F80F4606467F
:10B6A00047EC180B286802F089F853EC182B02F0CD
:10B6B00011F99FED399B53EC192B01F073FE02F049
:10B6C00039F83749421E0A603649086002F076F8B8
:10B6D00047EC106B41EC180B53EC192B51EC100B91
:10B6E00002F0F8F853EC182B01F05CFE02F022F89F
:10B6F0002D49C1E900042D49012008702C496868D2
:10B7000008602C48384904602B4804602B480480AA
:10B710002B4804602B4804802B4804602B4804808D
:10B720002B4804602B4804802B4804602B4804609D
:10B730002B4804802B480460287A0870042101EB10
:10B74000C0000121FEF7CAF82849086028480460B3
:10B750002848048028480460284804802848046059
:10B760002848046028480460284804602848047079
:10B770002848047028480470BDEC048BBDE8F081B3
:10B78000580100209C0000205C010020680100207E
:10B7900064010020000000000000000080842E41B1
:10B7A0006C010020AC000020B800002070010020D7
:10B7B0007401002078010020000100200801002011
:10B7C00004010020100100200C01002018010020BD
:10B7D00014010020200100201C0100202401002071
:10B7E0002C0100202801002034010020300100201D
:10B7F00038010020400100203C01002048010020C9
:10B8000044010020500100204C0100205401002080
:10B81000D0000020D1000020D20000202DE9F0410E
:10B82000044640680027002818BF04F10C053BD0EF
:10B830006078012805D0022826D060680028F7D15A
:10B8400032E02046FFF7FEFD0646A089002804BF2F
:10B85000706A076015D06089716A04EB8000006926
:10B8600008606089401C80B26081E189884208BF1D
:10B870006781D5E85F0F401E81B2C5E8501F0028E0
:10B88000F7D11021304604E02046FFF7DBFD0646E5
:10B89000102101F00BF9304601F011F93046FFF7A5
:10B8A00041FD60680028C8D10A48406870B10A4D5F
:10B8B000807829688A78904208D9064801F082F891
:10B8C0002968012048700020FFF72CFD2770002018
:10B8D000BDE8F08168040020C8000020FEF700B831
:10B8E000104910B50B6883B1DFF83CC0DCF80810D4
:10B8F00001EB8002D01A0D4B10301B8898420BD9F7
:10B900000D20FEF7DBFA002010BD1021BDE810402D
:10B9100001EB800000F096B8084602F11001CCF867
:10B92000081010BD1C010020EC00002020010020A8
:10B930000C4810B5016881B10B4A0C4B10681B888C
:10B94000411A103199429EBF00F11001116010BDE3
:10B950000D20FEF7B3FA002010BDBDE81040102006
:10B9600000F070B80C010020EC0000201001002055
:10B9700070B51049C01DC008096879B10E4A0F4B57
:10B98000D4681B8804EBC000411A994298BFD0606C
:10B990000DD90D20FEF792FA002070BDC500284693
:10B9A00000F050F8044611222946E5F75FF82046DA
:10B9B00070BD000044010020EC0000204801002080
:10B9C00010B51648164C006820B116492060098849
:10B9D000E5F754F81448006820B1144960600988FC
:10B9E000E5F74CF81248006820B11249A0600988B8
:10B9F000E5F744F81048006828B11049E0601122CA
:10BA00000988E5F733F80E480068002808BF10BD24
:10BA10002061BDE8104000F001BF00000C010020D3
:10BA2000EC0000201001002014010020180100206B
:10BA30001C010020200100204401002048010020BA
:10BA4000240100200121FDF749BF000003490968D6
:10BA5000002918BF7047FFF741BF00001C010020FC
:10BA600003490968002918BF7047FFF737BF000076
:10BA70000C01002003490968002918BF7047FFF72F
:10BA80002DBF0000440100202DE9F04FB84F0024E5
:10BA90002DED048B8BB0A1463868002804BF002030
:10BAA000FEF70CFAB34EDFF8D0A2DFF8D0B2306860
:10BAB00000281FBFDAF800000028DBF8000000288B
:10BAC00003D14FF00000FEF7F9F904A93868FDF73B
:10BAD00009FF09A93868FDF751FFD7F80080A84988
:10BAE00098F81000801C088098F80910090641EAAF
:10BAF0000040A449086098F80B00002818BF0120F6
:10BB0000A1490870A149D8F80C000860D8F80400D1
:10BB100001F054FE054641EC180B0291D8F80000E4
:10BB200001F04CFE53EC182B01F0D4FE9FED989BD6
:10BB300053EC192B01F036FC01F0FCFD9649421E36
:10BB40000A609649086001F039FE41EC180B029931
:10BB500053EC192B41EC105B51EC100B01F0BAFEC9
:10BB600053EC182B01F01EFC01F0E4FD8C4900257C
:10BB7000904BC1E900058B490120DFF83CE20870D9
:10BB80008949D8F80400086088480560BDF810109D
:10BB90008748D1B1326898F811C0026082F800C0BD
:10BBA00000684FF0040808EB8C0180F80180BDF8B4
:10BBB0001000C1EB80021A8004EB91013268044648
:10BBC00002EB8101CEF8001003E005601D80CEF885
:10BBD0000050BDF81210794A794B4FF6FF700029DA
:10BBE00004BF15801D6009D000EA810CA2F800C0D6
:10BBF0003268214402EB84028CB21A60BDF8141042
:10BC0000704A714B002904BF15801D6009D000EAFD
:10BC1000810CA2F800C03268214402EB84028CB28D
:10BC20001A60BDF8161051B1684B00EA8102214438
:10BC30001A803268664B02EB84028CB21A60BDF83F
:10BC40001810644A002908BF156005D033682144E4
:10BC500003EB84038CB21360BDF81A105E4A5F4B8D
:10BC6000002904BF15801D6009D000EA810CA2F8EC
:10BC700000C03268214402EB84028CB21A60BDF825
:10BC80001C305749574A002B04BF0D7015600BD06C
:10BC9000D7F800C09CF808C081F800C0316801EBFB
:10BCA0008401116019198CB2BDF81E104E4A00298A
:10BCB00008BF156005D03368214403EB84038CB2C0
:10BCC0001360BDF820304949494A002B04BF0D805C
:10BCD000156006D000EA83030B80316801EB840114
:10BCE0001160BDF82410434A434B002904BF15805E
:10BCF0001D6006D000EAC1001080DAF80000894615
:10BD00001860BDF826203D483D49002A04BF056063
:10BD10000D6006D0D2000260DAF8000000EBC90026
:10BD2000086038680024002808BF2C460CD001A900
:10BD3000FDF72FFEBDF8040030B1DBF800401CB960
:10BD40000421FDF7CBFD04462E48002C046004BFFF
:10BD50000020FEF7B3F82C4805702C4805702C48DD
:10BD600005700BB0BDEC048BBDE8F08F0000000047
:10BD70009C000020A0000020A4000020A8000020BB
:10BD8000580100205C0100206801002064010020AF
:10BD90000000000080842E416C010020AC000020D7
:10BDA000B8000020700100207401002078010020FC
:10BDB00000010020080100200401002010010020E3
:10BDC0000C01002018010020140100202001002097
:10BDD0001C010020240100202C010020280100204B
:10BDE00034010020300100203801002040010020F3
:10BDF0003C010020480100204401002050010020A7
:10BE00004C01002054010020D0000020D10000206F
:10BE1000D20000202DE9F041384C20684578807828
:10BE2000002818BF012664D0206800EBC5014868CF
:10BE30000278602A06D0612A28D0652A2AD0622A90
:10BE40002CD042E007468968C0690843F8617A78D7
:10BE5000396A062A02D0052A04D036E031EA000009
:10BE600033D103E0084230D008403862F869884393
:10BE7000F861384600F023FE7E700221384600F05B
:10BE800015FE39461E4800F09DFD1EE0896800F051
:10BE9000F7FB1AE08968FFF7FDF916E0416871B118
:10BEA000FFF7D0FA074600F00AFE38467E700321FD
:10BEB00000F0FCFD3946124800F084FD05E0817871
:10BEC000C27891423CBF491C817020686D1CC078CB
:10BED000854208BF00252068801CD0E84F1F491EFE
:10BEE000C9B2C0E8421F002AF5D120688078002836
:10BEF0009AD120684570BDE8F08100003001002033
:10BF0000680400202DE9F84F074682480025DFF835
:10BF100008820560A8F10800C8F800507F4AC8F8F8
:10BF2000045045700E46156055607D48056085805B
:10BF30007C480168C9B17C4BB3F800C0BCF1000F6C
:10BF400013D000201CF001021CBF0D6001206245CF
:10BF50000BD200BF41F82050401C921C41F82050E9
:10BF6000B3F800C0401C6245F4D3704C206820B187
:10BF70006F4948220988FDF771F96E48006840B1A1
:10BF80006D49098889B241F000426C490968FDF7A2
:10BF900065F96B48006820B16A4908220988FDF7F5
:10BFA0005DF9DFF8A4A14FF0FF0900218AF80390A2
:10BFB000F068CAF840007089AAF83A007068CAF8B8
:10BFC00024003069CAF834005046326800F0BCFAE8
:10BFD0005E486421017045605D480170C56005617F
:10BFE0004561DAF83C002030E4F7D0F90220C8F8C7
:10BFF00000A08AF80100574857490068057045704D
:10C000000978C17055485649056009680161FFF714
:10C010002FFA5448016841F47F01016000684FF035
:10C020007F4101EA00205049C043B0FA80F009681E
:10C03000C0F10800C1F30221814228BF481C4B49CE
:10C040000A686FF0807303FA00F062F3170008606B
:10C05000FEF772F94649002808600EDB00F1E02186
:10C0600081F8009400F01F01012202FA01F1400959
:10C07000800000F1E020C0F8001100F05FFC3E7A83
:10C08000B7F80A80D7F810B038680090D7F804A045
:10C09000D7F80C90FFF78CF9070008BFBDE8F88FC0
:10C0A000002E08BF0126206840B1FFF72DF90400DB
:10C0B0000CD1BDE8F84F0D20FDF700BF482001214D
:10C0C000FDF70CFC040008BFBDE8F88FC4F84090F1
:10C0D000C4E90C5BA4F83A80C4F824A03146009A65
:10C0E00000F032FA0F48006800281CBF00EB870000
:10C0F00040F8044CF8B21F49E070897821B1401C27
:10C10000C0B2616CFBF70AFE2046BDE8F84FFFF7AE
:10C1100009B90000D8000020C8000020B0000020AD
:10C12000DC000020380100205801002028010020F8
:10C130002C0100204C0100205C0100205001002057
:10C140003C01002040010020200400206804002061
:10C1500080040020300100203401002098040020D9
:10C160006001002020ED00E00CED00E01CED00E09F
:10C17000D4000020C000002038B54FF6FF7401281D
:10C1800028D14FF0E025286900901848DFF860C0FA
:10C19000184902680120184B002A09DA05222A6191
:10C1A0008CF80000086802EA90601870400610E001
:10C1B00002F01F0500FA05F55211920002F1E0228B
:10C1C000C2F880518CF800000868C0F30070187045
:10C1D000C00608600948C168002918BF4469FFF714
:10C1E00081F9A04288BF204638BD0000D40000205D
:10C1F000D000002004ED00E0D200002080040020E8
:10C200002DE9F05F1D4691468A4683461E78B3F8B5
:10C210000280FFF7CDF8071E08BFBDE8F09F002E93
:10C2200008BF01261D48006838B1FFF76DF804000B
:10C2300009D10D20FDF742FE2CE048200121FDF739
:10C240004DFB040026D0002020636868C4F84090AD
:10C250006063A4F83A805A4631462046C4F824A0C8
:10C2600000F072F90E48006800281CBF00EB870040
:10C2700040F8044CF8B20B49E070897821B1401CB9
:10C28000C0B2616CFBF74AFD2046FFF74BF8204631
:10C29000BDE8F09F0020BDE8F09F000028010020CD
:10C2A00038010020C0000020002804BFFF20704794
:10C2B0002DE9F05FDFF8D4B1054690F80390DFF880
:10C2C000C8A10027DBF800004FF00108B9F1000F0A
:10C2D0001CBFC17849456DD14770E4F75AF8DBF8C7
:10C2E0000010C86300F01AFCDBF80000846A0CB38D
:10C2F0006068C0B12046FFF7A5F80646052100F0AA
:10C30000D5FB304600F0DBFB86F801803146604803
:10C3100000F058FBE168A4F80280A660B06AE06013
:10C32000B4620C4604E0E0686780A760E7600446FA
:10C33000002CDDD1DAF8000030B1DBF80010C9784C
:10C3400000EB810040F8047C5248006828B1DBF81B
:10C350000010096CFFF714F804E0DBF80000006C33
:10C36000FFF788FBDBF800004B490764897831B19F
:10C37000C178491CCAB2416C1046FBF755FDDBF889
:10C38000000007704548006828B12F63DBF80010F3
:10C39000FEF7F6FF08E0286B10B1FDF7A1FA2F6356
:10C3A000DBF80000FDF79CFA0020CBF80070FEF7E8
:10C3B000B9FF66E0284600F099FB284600F07FFBB5
:10C3C000AC6AFCB16068B8B12046FFF73BF806469E
:10C3D000052100F06BFB304600F071FB86F8018010
:10C3E00031462B4800F0EEFAE068A4F80280A6601F
:10C3F000B16AE160B46203E0E0686780A760E7606B
:10C400000400DFD1DAF8000000281CBF00EB89002F
:10C4100040F8047C1F48006818B1296CFEF7B0FF93
:10C4200002E0286CFFF726FB1B482F64807828B1B8
:10C43000E878696C401CC0B2FBF7F6FC17482F7017
:10C44000006820B129462F63FEF79AFF07E0286BAA
:10C45000002808BFFDF744FA2846FDF741FA0C48CA
:10C4600040688178DBF800008278914209D980F831
:10C4700001800748DBF8001000F0A4FA0020FEF766
:10C4800051FF0020BDE8F09F38010020C8000020C7
:10C49000680400204C010020C0000020280100207A
:10C4A00010B5040008BF10BD206B00281CBF206B16
:10C4B00010BD0848006838B1E17801EB410100EB9C
:10C4C00041106038206310BD60200121FDF706FA9D
:10C4D000F8E700005401002070B5040004BFFF20FD
:10C4E00070BD144D2868A04211D18170286880F871
:10C4F0002C10114840688078884219D90E48296864
:10C5000000F060FA29680120487000200EE0A17058
:10C5100084F82C102868A042EBD0204600F07EFA68
:10C520006078012804D10448FEF78CFFFEF7FAFE7C
:10C53000002070BDC8000020680400200148006889
:10C5400070470000C800002070B5044660202070CD
:10C5500001206070A17084F82C1000206060A06041
:10C56000E0602061A0626061A061E061206284F807
:10C570003800206C154600281CBF608F002803D1AE
:10C580004FF01100FDF79AFC29462046BDE87040A7
:10C59000AFF3008030B4428F374C930804BF228839
:10C5A000C2F38D03026C02EB830212F0040F18BF7A
:10C5B000121F4FF0807C42E9021C4FF0000C42F841
:10C5C00040CDC2F804C0C2F808C0C2F80CC0C2F81E
:10C5D00010C0C2F814C0C2F818C0C2F81CC0C2F81B
:10C5E00020C0C2F824C0C2F828C0C2F82CC0C2F8CB
:10C5F00030C0C2F834C0D0F824C0C2F820C0C26332
:10C600004164216811F0805F18BF112B2FD9103BB6
:10C610004FF0FF3101EB53054FF0010C4FF0CC31DF
:10C62000BCEB530F1ED04FF0000C15F0010F05D0DE
:10C6300042F8041C42F8081C4FF0010C6B100FD09C
:10C64000CCF1000402EBC4045B1E44F8041C44F863
:10C65000081C44F80C1C44F8101C0CF1020CEFD11F
:10C66000A2EBC502036C121F9A4288BF11600349F6
:10C67000006C016030BC70475C010020A52E5AE2BE
:10C680002DE9F0410446406800260F4604F10C05F0
:10C69000002845D060784FF0010801282BD00228EF
:10C6A00018BFBDE8F0812046FEF7CCFE074600210A
:10C6B00000F0FCF92189786A04EB8101C1F81000CF
:10C6C000D5E85F0F401C81B2C5E8501F0028F7D1A4
:10C6D0002089401C80B22081E189884208BF2681E0
:10C6E00087F80180384600F0EAF93946BDE8F041A4
:10C6F0001B4800F067B92046FEF7A4FE0446406AD6
:10C7000004210760204600F0D1F984F8018020461A
:10C7100000F0D5F92146BDE8F041114800F052B9CA
:10C72000A089E189884215D2208904EB8000076145
:10C73000D5E85F0F401C81B2C5E8501F0028F7D133
:10C740002089401C80B22081E189884208BF26816F
:10C75000BDE8F0810320BDE8F041FDF7DDBD00003C
:10C76000680400202DE9F04104464088294E002845
:10C7700026D0A068816AA14206BFE16881620029D3
:10C7800007D0CA68A24202D1E268CA6001E0110083
:10C79000F7D190F82C10826A4AB15368002B1CBF65
:10C7A0009B788B4288BF1946D268002AF5D18278DF
:10C7B0008A4205D081703168814218BF00F02EF99D
:10C7C0000127606888B12046FEF73CFE054600213F
:10C7D00000F06CF9284600F072F96F7029460E4897
:10C7E00000F0F0F860680028EDD10B48406860B1B7
:10C7F000316880788A78904207D9074800F0E2F8DB
:10C80000306847700020FEF78DFD00202070BDE8E5
:10C81000F0810000C800002068040020632101703E
:10C820000021418041608160C16070472DE9F04185
:10C830000446408820B1344DA1682A68914202D054
:10C84000FF20BDE8F081401E0004000C608057D13D
:10C850002968886AA04206BFE0688862002807D07D
:10C86000C268A24202D1E268C26001E01000F7D1C2
:10C8700091F82C20886A48B14368002B1CBF9B7834
:10C88000934288BF1A46C0680028F5D18A70DFF845
:10C890007C806068012728B32046FEF7D3FD06465A
:10C8A000052100F003F9304600F009F96780A66021
:10C8B000B06AE060B4622968D8F804208878927879
:10C8C000904228BF304619D2104800F07BF831461C
:10C8D0000E4800F077F82868477077700020FEF760
:10C8E00021FD0DE0D8F8040029688078904207D92E
:10C8F000064800F067F8286847700020FEF712FD30
:10C900000020BDE8F0810000C8000020680400207D
:10C91000084810B5026801215170006800F074F8F1
:10C92000FFF778FA0448FEF78DFDBDE8104000F0EF
:10C930000FB90000C80000206804002005480178F5
:10C9400000291EBF0121417070474FF080500249FD
:10C9500008607047D000002004ED00E0F0B4184DEE
:10C960002B6803F1020CDC78DCE84F2FA24210D1D7
:10C97000BFF32F8F2B6893F803C0944581BF03EB5F
:10C98000C202C2E90101F0BC70470220F0BCFDF711
:10C99000C3BC521CD6B2CCE8426F002AE4D100BF1F
:10C9A000D3E84F2F02F1010CA44508BF4FF0000C53
:10C9B0000CF0FF06C3E84C6FBCF1000FF0D1D9E7D3
:10C9C0003001002010B402784FF0000C622A1ABF28
:10C9D000612A632A4FF0010C8B78426822B1947867
:10C9E0009C4228BF1046F8D24A604160BCF1000F5B
:10C9F00001BF0020886010BC7047002A18BF9160FA
:10CA0000886010BC7047000003494A6842600022F9
:10CA100082604860704700006804002010B483689A
:10CA200023B11A781946602A07D00AE04178012913
:10CA30000EBF1D4910BC704703E089680A78602A60
:10CA4000FBD0002B08BF184A07D042685A604268E2
:10CA5000002A1CBF8368936007E05368834202D1B9
:10CA60004368536001E01A00F7D10A780023622A74
:10CA70001ABF612A632A012390F802C04A6822B1D2
:10CA80009478644528BF1146F8D242604860002B74
:10CA900001BF0021816010BC7047002A18BF906060
:10CAA000816010BC704700006804002090F83820B6
:10CAB000C06B002A14BF60302030016070470169EC
:10CAC000002908BF7047C268CA60C3680022002BF3
:10CAD00008BF4A6107D04B69D0F814C063444B616A
:10CAE000C3681961C2600261704700008168002953
:10CAF00008BF094907D042684A60416800291CBF45
:10CB00008068886070474A68824202D14068486005
:10CB100070471100F7D17047680400200948407A37
:10CB2000002808BF704708480068D0E90F1081420C
:10CB300004D300680549884208BF70470120FDF70B
:10CB4000EBBB000004040020C8000020A52E5AE220
:10CB50000349486002214170C078FEF76BBD0000B8
:10CB6000C800002038B52D480121026851700068C6
:10CB7000FFF74AFF2A482B4C007828B32A482B4954
:10CB800003684A68002193420DD00260026923685D
:10CB9000D4F804C0D21841EB0C03B2F1010C43F1FC
:10CBA000FF32C0E902C2D0E9025C226863686A40D1
:10CBB0008CEA03031A4307D101601C48FEF742FCCC
:10CBC00001461A48FFF7FEFE19480168491C01603A
:10CBD000EFF3108000F0010072B6009020686168E9
:10CBE000401C41F1000120606160009800B962B60C
:10CBF000FCF7D8FBFEF784FC0E4C206810F0805F39
:10CC000005D0FFF707F9206840F000602060074872
:10CC1000FEF718FCBDE83840FFF79ABFC8000020B7
:10CC200068010020B0000020980400206804002063
:10CC3000D800002004ED00E0104E0D460446B17807
:10CC40000020022902D0032905D008E00020FDF7CA
:10CC5000A1FA0320B070FDF731FBFDF7F5FA084BA0
:10CC6000214625B1DB6A2A463BB19847FEE7DB6ADD
:10CC700004A20BB19847FEE7FEE7FEE72000002084
:10CC800064000020756E7370656369666965642071
:10CC90006D65737361676500FDF710FB0449C96931
:10CCA00008600448006B08B18047FEE7FEE700001B
:10CCB00020000020640000202DE9F05F5FEA0008FA
:10CCC0000E4692461BD0D6E90045DFF82491002796
:10CCD000E04370EA05000ED0B268A118D9F8002030
:10CCE00045EB0700D9F80430511A73EB000009D363
:10CCF000F06838B903E0D6E90201C84202D1FF204A
:10CD0000BDE8F09FE14371EA05004AD0B068002811
:10CD100008BFF0682418D9F800007D41D9F8041044
:10CD2000001B71EB050017D3D6F80CB0D9F8000042
:10CD3000D9F80410001B61EB05013C465A4600235C
:10CD4000E3F764FCD9F80000D9F804101BEB0000ED
:10CD50006141841A61EB0305D9F80000D9F8041089
:10CD6000B4EB000965EB010B98F80200012804BF41
:10CD7000404600F041F8012088F80200F068C8E958
:10CD80000304C8E90554C8F81C50DAF80000C8F8D4
:10CD90002000DAF80400C8F8240016483A468168F2
:10CDA0000CE0D6F80890B9F1000F08BFD6F80C9047
:10CDB000BB46D9E718469B6859185741B1EB0903A0
:10CDC00077EB0B0302D24368002BF3D14268B1EB3F
:10CDD0000901C8E90121C0F804808168D8F8082059
:10CDE000A1EB020181604FF00000BDE8F09F000060
:10CDF000B0000020C00400208178002904BF00207A
:10CE0000704710494A68824204D0110018D04A681D
:10CE10008242FAD142684A608A6883681A448A600A
:10CE20006521017000214170817041608160416124
:10CE3000C0E903118161C0E90711416208467047EA
:10CE4000FF207047C004002010B5FEF7F1FBFEF78D
:10CE50002BFB0446FEF7EDFB204610BD70B51446D3
:10CE60000D460646FEF7E4FB224629463046FEF70D
:10CE700043FB0446FEF7DDFBE0B270BD10B504468F
:10CE8000FEF7D6FB2046FEF739FB0446FEF7D1FB42
:10CE9000E0B210BD10B5FEF7CBFBFCF7C7FA0446B5
:10CEA000FEF7C7FB204610BD70B50C460546FEF7E1
:10CEB000BFFB21462846FCF7BFFAFEF7BAFB00206D
:10CEC00070BD70B514460D460646FEF7B1FB012C49
:10CED0000CBF0122002229463046FCF7D7FA04464F
:10CEE000FEF7A7FBE0B270BD70B50546FEF7A0FBEC
:10CEF0002846FEF7F5FC04001CBF2946FCF7E8FABB
:10CF0000FEF797FB204670BD70B50546FEF790FB17
:10CF10002846FEF783FC04462846FEF797FDFEF7F9
:10CF200088FBE0B270BD70B514460D460646FEF7AC
:10CF30007FFB224629463046FCF72AFB0446FEF7D3
:10CF400078FBE0B270BD70B514460D460646FEF79C
:10CF50006FFB224629463046FCF7C6FA0446FEF728
:10CF600068FBE0B270BD10B5FCF7BAFC002010BD44
:10CF700010B50446FEF75CFB2046FEF7F9FC0446BC
:10CF8000FEF757FB204610BD0121FCF7A7BC0000AF
:10CF9000F0B587B00E460746FEF74AFB0020CDE904
:10CFA00002000546EFF3108000F0010072B6274C36
:10CFB0000490A069E169CDE902014FF0E0208169A8
:10CFC0000091234909680191C1F3806159B18069D9
:10CFD00000990190884206D2DDE90210491C40F117
:10CFE0000000CDE90210049800B962B60020CDE936
:10CFF0000400CDE9040060690099401AD4E90812E0
:10D00000A0FB013C05FB01C100FB0210CDE904308F
:10D01000DDE904010F4A0023E3F7F8FACDE9040142
:10D020006068DDE902324068A0FB031C05FB03C316
:10D0300000FB0233DDE904208A1843413A60336083
:10D04000FEF7F7FA07B00020F0BD000098000020BE
:10D0500004ED00E040420F0010B5FEF7E9FAFEF7DC
:10D0600067FC040018BFFFF7D9FBFEF7E2FA204681
:10D0700010BD70B50546FEF7DBFA2846FFF772FBD8
:10D0800004462846FEF7ECFCFEF7D3FAE0B270BD8A
:10D0900010B50446FEF7CCFA2046FFF7C7FB04465E
:10D0A000FEF7C7FAE0B210BD70B50C460546FEF7B4
:10D0B000BFFA21462846FCF7CFFA0446FEF7B9FA34
:10D0C000E0B270BD70B50C460546FEF7B1FA2146D8
:10D0D0002846FEF717FFFEF7ACFA606870BD10B582
:10D0E0000446FEF7A5FA0120FFF746F8002C18BF0A
:10D0F0002060FEF79EFA002010BD2DE9F0411C468D
:10D1000015460E460746FEF793FA23462A46314651
:10D110003846FFF775F80446FEF78BFA2046BDE85F
:10D12000F08110B50446FEF783FA2046FFF7BCF8FD
:10D130000446FEF77EFAE0B210BD10B50446FEF7D5
:10D1400077FA646BFEF775FA204610BDFFF7A8B9B1
:10D1500010B5FEF76DFAFFF7F1F90446FEF769FA2C
:10D16000204610BD70B50C460546FEF761FA214613
:10D170002846FFF7B1F90446FEF75BFAE0B270BD4E
:10D1800010B500290AD00878002807D0054878444F
:10D19000E5F712FA002801D0002010BD02487844BB
:10D1A00010BD0000621800005A18000010B50029D8
:10D1B0000AD00878002807D005487844E5F7FCF93C
:10D1C000002801D0002010BD0248784410BD0000A6
:10D1D000461900003E19000021F0004201F0004312
:10D1E000A2F16052B2F5801F28BFD2F17F6C0BD93B
:10D1F0005FEA001C43EAC20242EB507018BF70475E
:10D2000028BF20F001007047B2F5801FBCBF184650
:10D2100070474FEA410C1CF5001F02D2084600F08F
:10D22000A9BE70B500F000FC00000089FFF7F6BF52
:10D230004FF00040A0F580007047000010B591EA63
:10D24000030F48BF83F0004300F18C84841A71EB14
:10D25000030C05D2121943EB0C03001B61EB0C010C
:10D260004FEA1154A4EB135CDFF81CE11EEA430FF4
:10D2700018BF9EEA445F00F0748021EA045123EA5B
:10D280000E0343F48013DCF1200E32D322FA0CFE9D
:10D2900010EB0E0023FA0CFE41EB0E01CCF1200E38
:10D2A00003FA0EFE10EB0E00CCF1200E51F100013E
:10D2B000B1F5801F32D201EB045112FA0EF2BDE833
:10D2C000104058BF7047401C38BF5FEA420218BF89
:10D2D0007047002814BF20F0010041F100014FEA1F
:10D2E000410313F5001F38BF7047A1F1C04100F0A2
:10D2F000E9BB012A43EB0302ACF1200CDCF11F0E69
:10D3000032BF4FF0000E23FA0CF310EB030041EB99
:10D310000451B4EB115FD0D0A1EB045101F58011A1
:10D32000490801EB04515FEA30000ED350F10000D0
:10D3300038BF12FA0EFE08D1BDE81040C9E7401C04
:10D3400038BF5FEA4202CAD1C3E7BDE810404FEAE6
:10D35000410313F5001F38BF7047A1F1C04100F031
:10D36000B1BB9EEA445F08D011EA5E0FBDE81040F1
:10D3700004BF01F0004100207047BDE8104070B5C7
:10D3800000F052FB64FBBE3E0000E0FF491058BFB6
:10D39000C1F140415B1058BFC3F140438B42EFF3F2
:10D3A000008070472DE9C04130B4DFF8A8C23CEAE4
:10D3B000111418BF3CEA131400F0F0801CEA111499
:10D3C00081EA030544EAD57418BF1CEA131500F07E
:10D3D000CB80A4EB050404F17F7404F500344FF016
:10D3E000004545EAC12145EAC32341EA505143EAD9
:10D3F00052534FEAC0204FEAC222994208BF9042DE
:10D4000000F0A0804FEA13650FF24816765D4FEAF0
:10D41000134506FB05F7C7F1807706FB07F74FEAD0
:10D42000D737A7FB03687642A7FB06CEC8F580383E
:10D4300038BFA8F1010807FB08E6A6FB028C4FF0F5
:10D44000000EE6FB03CED8F100086FEA0C0C5CF18D
:10D45000000C6FEA0E0E4EF1004EA6FB0C584FF07A
:10D460000007E6FB0E87A1FB08C6A0FB07CE16EB64
:10D470000E064FF0000545F10005E1FB076515F1CB
:10D48000E04E7EBFA4F580345FEA46066D4116F19A
:10D49000800745F100054FEA172747EA05674FEA7D
:10D4A00015254FEA0666A6F1DE46B6F1805F20D963
:10D4B000384605EBC47124F0010C01EB0C11BCF1F2
:10D4C000FE6F02D8F0BCBDE8008124425CBF01F5CC
:10D4D000801E9EEAC47F02D4F0BCBDE800812442D5
:10D4E00000F13980A1F1C041F0BCBDE8004100F07D
:10D4F000E9BA4FEAD02040EA41504FEAD1214FEA41
:10D50000D22242EA43524FEAD323A7FB028607FB0B
:10D51000036605FB02661EEA0E0F58BFA6EB005617
:10D52000B6EB00564FEA520E4EEAC37E18EB0E0ED3
:10D5300056EB530EBCD518EB02085E417F1C55F12B
:10D540000005B5E74FF480154FF000074FF00006D7
:10D550004FF00008ACE701F1C04101F000414FF08D
:10D560000000F0BCBDE800810CEA131511EA0C1FA5
:10D5700000D00CE013EA0C1F00F025804FF00000F3
:10D5800081EA030101F00041F0BCBDE80081F0BC7C
:10D59000BDE8004181EA030100F094BAF0BCBDE8A7
:10D5A000004170B500F040FA097EFC3E00F007B87B
:10D5B0004FF0000081EA030101F00041704781EA69
:10D5C000030100F07FBAF0BCBDE8004122494FF0F2
:10D5D00000007047FFFDFBF9F7F5F4F2F0EEEDEB1C
:10D5E000E9E8E6E4E3E1E0DEDDDBDAD8D7D5D4D361
:10D5F000D1D0CFCDCCCBCAC8C7C6C5C4C2C1C0BFAD
:10D60000BEBDBCBBBAB9B8B7B6B5B4B3B2B1B0AFB2
:10D61000AEADACABAAA9A8A8A7A6A5A4A3A3A2A196
:10D62000A09F9F9E9D9C9C9B9A9999989797969551
:10D6300095949393929191908F8F8E8E8D8C8C8BED
:10D640008B8A898988888787868585848483838275
:10D65000828181800000FF070000F87F51EA030CFF
:10D6600017D41CF5801F58BFBCF5801F00F1068041
:10D67000994218BF704708BF9042704707D711F50D
:10D68000801F58BF13F5801F19D4994270478942F3
:10D6900070471CF5801F08D5BCF5801FF7D58B425D
:10D6A00018BF704708BF824270474FF4001C1CEB44
:10D6B000410F38BF1CEB430F01D28B42704770B54E
:10D6C00000F0B2F9922449004FF000514FF080531E
:10D6D000FFF75CBE4FEA41034FEA5353A3F5806363
:10D6E000D3F11E03C8BFD3F1210C0CDD4FF0004273
:10D6F00042EAC12242EA505232FA03FC8CEAE17C4F
:10D70000ACEBE1707047102BC4BF0020704703F5ED
:10D71000787CBCF1FF3F04D06FF0004282EA210028
:10D72000704770B500F080F949922480002070475E
:10D73000F2E700004FEA1153A3F58063D3F11E0313
:10D74000A8BFD3F1200C08DB4FF0004242EAC1220F
:10D7500052EA505232FA03F0704709420BD4102BB0
:10D76000C4BF0020704703F5787CBCF1FF3F05D0B3
:10D770004FF0FF3070474FF00000704770B500F079
:10D7800053F900BF4992248000207047F0E710F061
:10D79000004248BF4042B0FA80F310FA03F10AD0C9
:10D7A000C3F11D0303F5806302EB03524FEA4150BE
:10D7B00002EBD12170474FF000007047B0FA80F3C0
:10D7C00010FA03F10AD0C3F11D0303F580634FEA99
:10D7D00003524FEA415002EBD12170474FF0000055
:10D7E0007047000051EA030C17D41CF5801F58BF86
:10D7F000BCF5801F00F10680994218BF704708BF32
:10D800009042704707D711F5801F58BF13F5801F4E
:10D8100019D499427047894270471CF5801F08D57A
:10D82000BCF5801FF7D58B4218BF704708BF8242F6
:10D8300070474FF4001C1CEB410F38BF1CEB430F2B
:10D8400001D28B42704770B500F0EEF89224490087
:10D850004FF080514FF00053FFF798BD51EA030C91
:10D8600017D41CF5801F58BFBCF5801F00F106803F
:10D87000994218BF704708BF9042704707D711F50B
:10D88000801F58BF13F5801F19D4994270478942F1
:10D8900070471CF5801F08D5BCF5801FF7D58B425B
:10D8A00018BF704708BF824270474FF4001C1CEB42
:10D8B000410F38BF1CEB430F01D28B42704770B54C
:10D8C00000F0B2F8922449004FF000514FF080531D
:10D8D000FFF75CBD70B5DFF848C11CEA111E1EBF22
:10D8E0001CEA13159EEA0C0F95EA0C0F00F06F80EE
:10D8F00081EA03044EEAD47EAE4421EA4C1123EAC5
:10D900004C1341F4801143F48013AEF17F7EA1FBF0
:10D91000024CA0FB0365361955EB0C05A1FB034C2B
:10D920004CF10003A0FB021C16EB0C06654153F101
:10D930000003094218BF46F0010613F4007F0BD123
:10D940004FEA03314FEA053041EA155140EA1650DB
:10D9500034036FF003020AE04FEAC3214FEAC52007
:10D9600041EA555140EA5650F4026FF0020202EBD0
:10D970002E4201EB025585EACE710AD05FEA440CD3
:10D9800018BF24F0004450F1000041F1000120EAEA
:10D99000D47040F2FE7C624500D270BDA84214BF34
:10D9A0004FF080444FF04044002E08BF0024BEF1E9
:10D9B000806FA8BFA1F1C041BDE8704080F28280B5
:10D9C00001F1C04101F000414FF0000070470CEA46
:10D9D00013159EEA0C0F18BF95EA0C0F06D081EACA
:10D9E000030E4FF000000EF0004170BD00F01CF877
:10D9F0008900013E00F007B800F009B84FEA430C77
:10DA00005FEA5C5C08D081EA030100F05BB84FEA92
:10DA1000410C5FEA5C5CF6D102494FF000007047B0
:10DA20000000FF070000F87F0EF1020E2EF0030E3B
:10DA30005EF8046B364205D4012A43EB030515F565
:10DA4000001F12D8012841EB010C1CF5001F0CD857
:10DA50000ED14FEAD17C0CEB4C0C0CF1020C15F5FD
:10DA6000001F08BF4CEBD37C04E04FF0080C01E032
:10DA70004FEAD37C0CEB4C0526FA05F606F00706B8
:10DA8000B6F1040C06D20EEB860CBDE870404CF0EB
:10DA9000010C6047DFE80CF0090B02024FF0004177
:10DAA000A1F500214FF0000070BD19461046012875
:10DAB00051EB010418BFD4F5001484BF002001F01D
:10DAC000004170BD0808A0F500114FEA3101704710
:10DAD00053EA010C17D41CF5801F58BFBCF5801FFA
:10DAE00000F106808B4218BF704708BF8242704722
:10DAF00007D713F5801F58BF11F5801F19D48B422B
:10DB000070479B4270471CF5801F08D5BCF5801FED
:10DB1000F7D5994218BF704708BF904270474FF43D
:10DB2000001C1CEB430F38BF1CEB410F01D2994284
:10DB300070470FB40CBC03BCFFF7C1BE10B591EA2F
:10DB4000030F81F000413FF581AB83F0004300F00B
:10DB500009B8000010B591EA030F48BF83F00043F5
:10DB60003FF574AB841A71EB030C07D28CF0004CB8
:10DB7000121943EB0C03001B61EB0C014FEA11542B
:10DB8000A4EB135CDFF8A4E11EEA430F18BF9EEA82
:10DB9000445F00F0B48021EA045123EA6E0352424C
:10DBA000C3EB6E0338BF5B1EDCF1200E25D322FAD7
:10DBB0000CFE10EB0E0043FA0CFE41EB0E01CCF113
:10DBC000200E03FA0EFE10EB0E00CCF1200E51F1E8
:10DBD000000129D401EB045112FA0EF2BDE8104005
:10DBE00058BF7047401C1CBFB2F1004F704700285F
:10DBF0000CBF491C20F00100704712EB020E43EBF2
:10DC0000030218BF4FF0010E4EEA4202ACF1200CA5
:10DC1000DCF11E0E56D943FA0CFE10EB0E00CCF1CF
:10DC20001E0E51F1FF31D5D50EF1010E12FA0EFE86
:10DC3000404141EB010101EB445C5FEA5C5C10D9BF
:10DC400001EB045110EBDE7038BFBEF1004FBDE8B0
:10DC5000104018BF704700280CBF491C20F001007D
:10DC6000704734D24FEAD42C24F4006411F500112B
:10DC70001BD0B1FA81F20B3AA41AA41ED2F12003F0
:10DC8000914030FA03F31943904001EBCC7101EB62
:10DC90000451002CBDE81040A8BF704701F1C041FD
:10DCA00001F000414FF000007047B0FA80F310FA25
:10DCB00003F102D1BDE810407047E41A173C480553
:10DCC000C90AE2E701EB0451BDE810407047491072
:10DCD0004FEA300001EB0451BDE8104002E04FF084
:10DCE000000170474A0008BF0042F8D0B2F5001F9B
:10DCF00028BF704701F000414FF0000070479EEAD6
:10DD0000445F07D011EA5E0FBDE8104004BF002158
:10DD100000207047BDE8104070B5FFF785FE00BFDA
:10DD200040DFF63E104683F0004170470000E0FF00
:10DD300043004FEAD30C4FEA3C0C43401FBF40075F
:10DD40000CF1605113F0FE4F70471CF0006F03D1CF
:10DD50000CF00041002070470CF0004343EA507083
:10DD600040EACC0010B500F038F800BF0000009287
:10DD70004FEA0001FFF7A6BE4FF00041A1F50021D8
:10DD80004FF00000704710B5FFF768FC0CBF012092
:10DD9000002010BD10B5FFF761FC14BF012000206A
:10DDA00010BD10B5FFF71EFD8CBF0120002010BD77
:10DDB00010B5FFF717FD2CBF0120002010BD10B5D6
:10DDC000FFF74CFD94BF0120002010BD10B5FFF7F8
:10DDD00045FD34BF0120002010BD0EF1020E2EF0D3
:10DDE000030E5EF8044B244204D44FEA4102B2F120
:10DDF0007F4F11D84FEA4003B3F17F4F0CD80ED1BB
:10DE00004FEAD07C0CEB4C0C0CF1020CB2F17F4FC2
:10DE100008BF4CEBD17C04E04FF0080C01E04FEA66
:10DE2000D17C0CEB4C0324FA03F404F00704B4F1A6
:10DE3000040C06D20EEB840CBDE810404CF0010C33
:10DE40006047DFE80CF0070802024FF00040A0F541
:10DE5000800010BD0846420018BFD2F1807288BF12
:10DE600000F0004010BDF1EE100A4FF6FF71C0F255
:10DE7000C03120EA010040F04070E1EE100A704726
:10DE80004FF07F4C3CEA410318BF3CEA400200F0EF
:10DE900062804FF47F0C0CEAD11310F0004F18BFD2
:10DEA00043F005031CEAD01218BF13EA0C0F00F070
:10DEB00057804FF0004C4CEA00204CEA0121A3F5BA
:10DEC00080339A4210DD23F00203B0F1004F06D3F5
:10DED00043F00203401ABCBF404283F001034FEA03
:10DEE0004000A2F58032ECE74FEA224CBCEB234F16
:10DEF00008DB884206D31CD0A0EB4100C0F1000033
:10DF000083F0010340001DD217D40DD0B0FA80FC7D
:10DF10000CF1010C00FA0CF0A2EB0C42D2F1000C57
:10DF200012DB4FEAC37070474FEA437000F00040C5
:10DF3000704713F0020FE5D0DEE74FEA4000B2F57C
:10DF40008032EBDD002AE9DD4FEAC21242EA5020BE
:10DF500040EAC370704710B5FFF73FFFEDFFFF3E8B
:10DF60001CEAD11F02D000F0004070470048704703
:10DF70000000C07FFF2141EAD050C005704700007B
:10DF80005FEA400C5FEA1C6CBCF17F0314D4D3F150
:10DF9000170240F31C804FF0010C0CFA02FCACF1AC
:10DFA0000103034020EA0300B3EB5C0208BF10EA60
:10DFB0000C0F88BF60447047B3F1FF3F28BF5FEA92
:10DFC000002C00F0004088BF40F07E507047BCF14C
:10DFD000FF0FB8BF704710B5FFF7FFFE40DBB6BEBE
:10DFE000E3F722B9E3F702BD303132333435363747
:10DFF000383941424344454640305800303132338D
:10E00000343536373839616263646566403078008C
:10E0100004000008000000000000000200010000F1
:10E020001000000000000000000000003A747400BE
:10E030003A7474003A747400303132333435363700
:10E040003839616263646566787000303132333428
:10E050003536373839414243444546585000000070
:10E0600002400000000000A0000000000540000089
:10E07000000000C8000000000C4000000000409CB0
:10E0800000000000194000000020BCBE000000009D
:10E0900034400000BFC91B8E00000004B5400000E2
:10E0A000504BCFD06607E2CF010000006C4100006A
:10E0B0003E8251AADFEEA73401000000D9420000E1
:10E0C000DCB5A0E23A301F97FFFFFFFFB445000028
:10E0D000FD25A0C8E9A3C14FFFFFFFFFFF3F0000E0
:10E0E0000000008000000000FF3F000000000080F2
:10E0F00000000000000000006E83F9A22915444EC4
:10E10000D15727FCC0DD34F5999562DB4190433C43
:10E11000AB6351FEFC1100201C1200203C120020B9
:10E12000200000002100000020000000200000006E
:10E13000200000002000000000000000000000009F
:10E14000010203040607080900401C473333B33EAD
:10E150003333333F0000803F007D000000000000AB
:10E16000040000000000000000000000000000406B
:10E170000000FA4300000000000020410000000001
:10E18000000000000000000005000000000000008A
:10E19000000000000000A0C10000A0C100000000BD
:10E1A0000000C84200000000000000000A0000005B
:10E1B000020000000000000000000000000000005D
:10E1C000000000000000000000000000000000004F
:10E1D0000000000000000000000100000000070037
:10E1E000000000000000000000000000000000002F
:10E1F00000000000000000000000C041000000001E
:10E200000000000000000000000000000000F041DD
:10E2100001000000612C030821290308E803000025
:10E22000001837000000000000000000000000009F
:10E2300000100100000000000000000000000000CD
:10E24000000000000000000000000000001020207E
:10E25000B91A03085D1A0308001800000000000046
:10E26000382900200001010200010105030000001F
:10E2700064E2030868E203080000000000000000F8
:10E28000000000000000000000000000000000008E
:10E29000FFFFFFFFFFFFFFFFFFFFFFFFFFFF00008C
:10E2A00000000000000000000000004800040048DA
:10E2B00000080048000C0048001000480014004806
:10E2C00000180048000000000000000000000000EE
:10E2D00000000000F5C4020815C5020835C5020893
:10E2E00055C5020875C5020895C50208B5C50208DE
:10E2F000000000000000000000000000000000001E
:10E300000200000040E303080000020800F00500DE
:10E310000100000040E303080000000800F00100D5
:10E320000300000040E3030800F0010800100000B3
:10E330000400000040E3030800F00708001000009C
:10E34000D8E40308000000000000000800000800F6
:10E3500000100000800000008000000001010702A2
:10E360001700000001010F02280000000300000058
:10E370005CE3030864E30308000000000000000001
:10E38000000000000000000000000000000000008D
:10E390006F733A3A54696D65723A3A4A6F686E44DF
:10E3A0006F65000000010001C5EC020800000000DC
:10E3B000000000000A00000064000000E803000004
:10E3C00010270000A086010040420F0080969800B0
:10E3D00000E1F50500CA9A3B30303031303230333D
:10E3E0003034303530363037303830393130313103
:10E3F00031323133313431353136313731383139E9
:10E4000032303231323232333234323532363237E0
:10E4100032383239333033313332333333343335C6
:10E4200033363337333833393430343134323433AC
:10E430003434343534363437343834393530353192
:10E440003532353335343535353635373538353978
:10E450003630363136323633363436353636363770
:10E460003638363937303731373237333734373556
:10E47000373637373738373938303831383238333C
:10E480003834383538363837383838393930393122
:10E490003932393339343935393639373938393908
:10E4A0000000000000000000A9C0020841BF0208EF
:10E4B00039BF020875C002087DC00208A1BF02086A
:10E4C00059BF0208C1BF0208E9C00208ADC0020876
:10E4D00000000000000000002D6E0308F16C03082E
:10E4E0003D6D0308AD6C0308000000000000000053
:10E4F000756E0308656E03085DC80208696E03083F
:10E5000061C8020875C8020855C802088DC802080B
:10E5100059C802086DC8020865C80208BDC80208CB
:10E5200091C802080000000000000000896E030886
:10E53000796E0308F1C802087D6E0308F5C8020869
:10E5400009C90208E9C802080DC90208EDC8020895
:10E5500001C90208F9C802083DC9020811C9020828
:10E560000000000000000000B16E03088D6E03087B
:10E5700071C90208956E030889C90208B5CA020864
:10E5800069C90208CDCA02086DC90208ADCA0208ED
:10E59000A5CA020815CB0208D1CA02080000000073
:10E5A00000000000DD6E0308B56E0308D5D1020837
:10E5B000BD6E0308EDD102082DD20208BDD10208BC
:10E5C00031D20208D1D1020825D202081DD2020898
:10E5D00085D2020835D202080000000000000000C9
:10E5E000096F0308E16E030805D30208E96E03080A
:10E5F0001DD302088DD30208D1D2020891D302089C
:10E60000D5D2020885D302087DD302080DD40208B2
:10E6100095D3020800000000000000000D6F030801
:10E62000156F03081D6F0308EDDE020821DF0208E5
:10E6300035DF020805DF020855DF02086DDF02083A
:10E6400041E0020859DF0208CDE10208A1E1020819
:10E650000000000000000000256F0308316F030870
:10E66000356F030809E5020811E5020815E50208FF
:10E670000DE5020819E5020821E5020825E5020872
:10E680001DE50208E9DE020829E502080000000095
:10E690000000000069FD0208EDFD020819010308F1
:10E6A0001102030809180308C1170308000000003D
:10E6B00000000000511A03084D1A03084D6B0308AF
:10E6C000551A030800000000000000004D6F030809
:10E6D000496F0308556B0308596B0308696B0308FE
:10E6E000656B03085D6B0308616B0308516B0308DE
:10E6F0006D6B03080001020304050607080C1014E3
:10E700001820304002000000040000000800000053
:10E7100010000000FDFFFFFFFBFFFFFFF7FFFFFF03
:10E72000EFFFFFFF000100000101000001000101F7
:10E730000000000000000000000000006F12833A9B
:10E740006F12033BA69B443B6F12833B0AD7A33B4C
:10E75000A69BC43B4260E53B6F12033CBC74133C78
:10E760000AD7233C5839343CA69B443CF4FD543C26
:10E770004260653C8FC2753C0000803F0000803FD6
:10E780000000803F0000803F0000803F0000803F8D
:10E790000000803F0000803F0000803F0000803F7D
:10E7A0000000803F0000803F0000803F0000803F6D
:10E7B0000000803F0000803F6F75745F6F665F727E
:10E7C000616E676520776173207468726F776E2061
:10E7D000696E202D666E6F2D657863657074696F44
:10E7E0006E73206D6F64652077697468206D657342
:10E7F000736167652022257322006C656E677468FB
:10E800005F6572726F7220776173207468726F77C0
:10E810006E20696E202D666E6F2D6578636570744D
:10E82000696F6E73206D6F64652077697468206D01
:10E8300065737361676520222573220062617369C5
:10E84000635F737472696E67005F5F6378615F67AF
:10E85000756172645F616371756972652064657466
:10E86000656374656420726563757273697665208B
:10E87000696E697469616C697A6174696F6E3A2056
:10E88000646F20796F7520686176652061206675F8
:10E890006E6374696F6E2D6C6F63616C207374614D
:10E8A000746963207661726961626C652077686F54
:10E8B000736520696E697469616C697A6174696FE6
:10E8C0006E20646570656E6473206F6E207468617D
:10E8D000742066756E6374696F6E3F00657674545C
:10E8E0006872656164006E6F6E6500766563746F53
:10E8F0007200000043414C494252415445440A00D1
:10E9000066726F6D206F733A3A5468726561642065
:10E9100000000000656D626F743A3A6170703A3AB7
:10E92000626C64633A3A7468654354524C3A3A49AB
:10E930006D706C3A3A696E697469616C69736528C7
:10E9400029000000656D626F743A3A6170703A3A5E
:10E95000626C64633A3A7468654D534762726F6BD8
:10E9600065723A3A496D706C3A3A696E69746961D8
:10E970006C6973652829000063616E6E6F74206393
:10E980006F6E74696E75652E2070726F6772616D3F
:10E99000204F7074696F6E206279746573202F2028
:10E9A0005573657220436F6E66696775726174692D
:10E9B0006F6E202F204442414E4B20746F206265C1
:10E9C0002031206F7220322062616E6B7300000074
:10E9D00020EB030820000020680300003C0202082E
:10E9E00090EB030888030020D0C901007C020208D4
:10E9F0001001000043000000F8FFFFFF004040400E
:10EA00004040404040404141414141404040404001
:10EA100040404040404040404040404040050202AD
:10EA2000020202020202020202020202022020206C
:10EA300020202020202020020202020202029090C8
:10EA400090909090101010101010101010101010C6
:10EA5000101010101010101002020202020288881A
:10EA60008888888808080808080808080808080826
:10EA7000080808080808080802020202400000000E
:10EA80000000000000000000000000000000000086
:10EA90000000000000000000000000000000000076
:10EAA0000000000000000000000000000000000066
:10EAB0000000000000000000000000000000000056
:10EAC0000000000000000000000000000000000046
:10EAD0000000000000000000000000000000000036
:10EAE0000000000000000000000000000000000026
:10EAF0000000000000000000000000000000000016
:10EB00001C00000043000000F8FFFFFF0C000000A5
:10EB10000E0000000F0000002E0000005D97FEFFB9
:10EB20000133021201035B0101420102D0015203D1
:10EB30005824F40011A7020833B07242013788C28A
:10EB40004B00E30C0327080803370808E4A08601FC
:10EB5000E4A08601E4A08601E4A08601E4A0860189
:10EB6000E4A08601E4A08601048AA0860183E8036C
:10EB7000F30408031A0408421F0713756B03080106
:10EB80001F02100182018AA5810308618103081018
:04000005080201D913
:00000001FF
