:020000040802F0
:10000000A8870010910502084B510208353F0208ED
:1000100033510208173F0208575102080000000040
:100020000000000000000000000000004904020879
:100030002F3F0208000000000105020865050208C4
:10004000AB050208AB050208AB050208AB050208C8
:10005000AB050208AB050208AB050208AB050208B8
:10006000AB050208AB050208AB050208AB050208A8
:10007000AB050208AB050208AB050208AB05020898
:10008000AB050208AB05020835120508C9140508BE
:10009000BD140508AB050208C3140508AB0502082A
:1000A00035280508AB05020881280508AB050208BC
:1000B000AB050208AB050208AB050208AB05020858
:1000C000AB050208AB050208AB050208C52305080D
:1000D000CB230508AB050208AB050208AB050208F7
:1000E0000D1E050851510208AB050208AB050208B8
:1000F000AB050208F9280508AB050208AB050208A4
:10010000AB050208AB050208AB050208D1230508C0
:10011000AB050208AB050208A9280508D128050887
:10012000AB050208AB050208AB050208AB050208E7
:10013000AB050208A51C0508AB050208DB14050881
:10014000CF140508AB050208D5140508AB05020855
:10015000AB050208AB050208AB050208AB050208B7
:10016000AB050208AB050208AB050208AB050208A7
:10017000AB050208AB050208AB050208AB05020897
:10018000AB050208AB05020800F002F800F018F910
:1001900014A696E8000CB244B344DA4501D100F04D
:1001A0000FF9BAE80F000FA696E83000A5EB04059A
:1001B00004EB0607AAEB0704A7F101074FEA1515A0
:1001C0004FEA3414A4F10104AC4201D300F0F8F872
:1001D00013F0010F18BFFB1A43F0010300F001F800
:1001E000DBE7184784B70400B4B70400704710B5C4
:1001F000002003F0AFF803F041F810BD14F0E2B8AE
:1002000002020371E9C7702D000002080000060019
:1002100000000020C0FF01000000000000000000FE
:1002200007614D4334303076330000000000000099
:1002300001000100010000004558540000000000CA
:100240004A756E20313920323032362031303A3220
:10025000323A3330000000000000000000000000CF
:10026000000000000000000000000000000000008E
:10027000000000000000000000000000000000007E
:100280000A444FF0000C10F8013B13F0070408BFBC
:1002900010F8014B1D1108BF10F8015B641E05D05A
:1002A00010F8016B641E01F8016BF9D113F0080F0F
:1002B0001EBF10F8014BAD1C0C1B09D16D1E58BFA1
:1002C00001F801CBFAD505E014F8016B01F8016BD8
:1002D0006D1EF9D59142D6D370470000002300244B
:1002E00000250026103A28BF78C1FBD8520728BF46
:1002F00030C148BF0B6070476E2902F0308470290E
:1003000001F06183662900F0CCA6652900F0C9A63A
:10031000672900F0C6A6612900F0C5A603681B0A7C
:1003200028BF41F08001692901F09482642901F01D
:100330009182752901F08E826F2902F0E584782977
:1003400001F02D83E92901F0C182E42901F0BE8288
:10035000F52901F0BB82EF2902F0E284F82901F0CF
:100360002C830368DB0928BF41F08001632902F078
:100370001083732902F01583E32903F0DF81F32949
:1003800003F0E481002070471FB540F034FE9DE883
:10039000030001F032FF02F08BFB0400002000217B
:1003A00040F08EFA401C60600020002140F072FA9C
:1003B000E06003F001F802F0E9FE01F0EBFE1FBD82
:1003C00003F00FF81146FFF7DFFF2AF0D7FD03F027
:1003D000E5FA03B4FFF70BFF03BC02F05BFB000080
:1003E00080F309887047EFF309807047684680F30F
:1003F000098804480078C00714BF0220032080F356
:1004000014887047F8030010DFF818C0EFF3058375
:100410001B0618BF6047EFF31483DB0708BF604774
:1004200000DF704765AB0508DFF818C0EFF3058300
:100430001B0618BF6047EFF31483DB0708BF604754
:1004400000DF7047DDAB0508EFF30980816911F823
:10045000021CE1BB90E80F1010B5E047BDE810406A
:10046000EFF3098C8CE80700214B93E806009142DA
:1004700008BF704741B91EF0100F16D11D4908681A
:1004800020F00100086010E01EF0100F06BF2CEDF8
:10049000108A0120002081F838002CE9F00FC1F803
:1004A0003CC00CB43CF082F80CBC1A60D2F83CC0E2
:1004B000BCE8F00F92F8380000280EBF6FF0020E73
:1004C0006FF0120EBCEC108A8CF30988704710B5DF
:1004D000094A1268914209D8084C54F8214090E822
:1004E0000F10A047EFF3098C8CE80F0010BD00003F
:1004F0006C03001034EF00E0541105085411050896
:1005000010B53BF04DFFBDE81040154B93E80600D9
:10051000914208BF7047EFF3098C1EF0100F06BF21
:100520002CED108A0120002081F838002CE9F00F12
:10053000C1F83CC00CB43CF039F80CBC1A60D2F8DD
:100540003CC0BCE8F00F92F8380000280EBF6FF0F6
:10055000020E6FF0120EBCEC108A8CF30988704703
:100560006C03001010B53CF045F8CCE710B539F03D
:10057000B5F83CF03FF8C6E700487047003000008F
:100580000048704700FC0100401EFDD1704700008C
:100590000948804709480047FEE7FEE7FEE7FEE717
:1005A000FEE7FEE7FEE7FEE7FEE7FEE70448054953
:1005B000054A064B70470000E1260508890102083C
:1005C00000000020A887001000FC0120A8570010A0
:1005D000F7B514466E46002914BF0125002588484A
:1005E0000078E8B100F07AFA2946304632F068FE29
:1005F000C5B2012C0DD183480099834CC0F8261058
:10060000014620684022001D01F030FC206800F007
:1006100040FE00F06DFA012D02BF002003B0F0BDD6
:100620004FF0FF3003B0F0BD38B56C4600900029A4
:1006300014BF012500257248007860B100F04EFA21
:100640002946204632F03CFEC4B200F051FA012C9B
:1006500004BF002038BD4FF0FF3038BD2DE9F3470F
:1006600067480D46E94600784FF0FF37F0B1674E16
:100670003088D8B100F032FA30880024002888BFD2
:10068000DFF88C810FD900BFC4EBC40008EB400039
:10069000042249460A3001F09EFB60B1601CC4B2DE
:1006A00030888442F0D300F023FA11E002B04FF01A
:1006B000FF30BDE8F087C4EBC40008EB4000041D28
:1006C00000F016FA00271DB120682860A088A880D5
:1006D00002B03846BDE8F0872DE9F1434848E846C6
:1006E0004FF0FF360078E8B1484D2888D0B100F0CF
:1006F000F5F928880024002888BF454F0FD900BF8E
:10070000C4EBC40007EB4000042241460A3001F06C
:1007100062FB58B1601CC4B228888442F0D300F058
:10072000E7F919E04FF0FF30BDE8F883C4EBC400EF
:1007300007EB4000041D00F0DBF906223549204696
:1007400001F049FB58B106223349204601F043FB32
:10075000002818BF002602D03046BDE8F8834FF0CD
:10076000FF36F9E7002070470020704710B5254C90
:10077000FF21204632F0E2FB28484FF4C1634FF0DE
:10078000080C0169C4F80610828A6281A3814FF4C3
:100790008073E381A4F810C04FF0060C84F812C0F7
:1007A0004FF0040C84F813C0A382C4F816106283BF
:1007B0008069E06104F1200032F0B3FB0020C4F84E
:1007C0002600C4F82A00C4F82E00C4F83200C4F889
:1007D00036000D4AC4F83A00E08704F14001116088
:1007E0002A220A80488010BD90F82010202984BF5A
:1007F0004FF0FF30704710B500F0F5FC002010BD41
:1008000008020010D0210010000200103E0300106A
:1008100038250010AA100608B0100608582200104B
:10082000B84A126F02B11047FEE770B50C46B8B176
:100830000546FFF797FF0646284600F091FC064460
:10084000284600F029FA0644284600F06CFA0644CF
:10085000284600F067FC3044002C18BF206070BDB3
:10086000E120A84AA8A1126F12B19047002070BDE4
:10087000FEE710B5A34C606F002808BF10BD80478D
:100880000028AB49086018BF10BDE020226FA9A165
:1008900012B1BDE810401047FEE770B5A44D416F9E
:1008A00081B1816F974C00291FBFC16F0029D0F81B
:1008B000800000280DD0606F002818D08047286085
:1008C00080B114E000218167C167C0F88010296001
:1008D0000DE0226FE320A7A11AB190474FF0FF303F
:1008E00070BDFEE7226FE02092A112B19047002078
:1008F00070BDFEE710B5D821824801F0DFFB8C49BE
:100900000020086010BD2DE9F0417E4C88460500AE
:1009100007D02A6F2267287850B1E420A0A132B115
:100920002EE0226FE120ABA1002A29D1FEE7FEE7ED
:10093000B1480078012804D02846FFF755FF20B1C0
:100940001AE0E020ADA1DAB9FEE7D8216D4801F048
:10095000B5FB774F002628463E6000F01FFC58B9D3
:10096000284600F09FF938B9284600F0E2F918B996
:10097000284600F0DDFB40B1AA49226FE3205AB1BE
:1009800090474FF0FF30BDE8F08141462846FFF721
:10099000EBFE002875D100E0FEE72846FFF7E2FEF7
:1009A00020F0030080444146284600F0DBFB00288D
:1009B00067D1284600F0D4FB20F003008044414674
:1009C000284600F06BF900285BD1284600F064F956
:1009D00020F0030080444146284600F0A6F9002894
:1009E0004FD1284600F09FF920F0030000EB0801EA
:1009F000284600F099FB002843D1284600F092FBDE
:100A0000D82229463F4801F0B8FA3E4D2846FFF764
:100A1000ADFE002835D1686F60B1A96F00291FBFF6
:100A2000E96F0029D5F88010002909D08047386087
:100A300068B111E0AE67EE67C5F880603E600BE01C
:100A4000226FE3204BA10AB190471AE0FEE7226F24
:100A5000E02038A12AB19047284600F085FB80B9F4
:100A600000E0FEE7284600F01BF950B9284600F0E8
:100A70005EF930B9284600F059FB002808BFBDE8F0
:100A8000F0814FF0FF30BDE8F08170B504000D46F5
:100A900016D0FFF767FE0646204600F061FB0644CD
:100AA000204600F0F9F80644204600F03CF90644E0
:100AB000204600F037FB3044002D18BF286070BD81
:100AC000E120104A10A1126F12B19047002070BDB2
:100AD000FEE718E7002070470020704714480068C0
:100AE000002808BF7047074AD2F88010926F10475D
:100AF0000F480068002808BF70470249C96F0847BF
:100B000000687047582200106970616C5F62617301
:100B1000655F6D656D6F72795F67657473697A651E
:100B20002829206E65656473206120636667000074
:100B3000040200106970616C5F626173655F6869CF
:100B4000645F7468726561647361666574795F6916
:100B50006E697428293A2063616E6E6F7420616C2F
:100B60006C6F6361746520746865206D7574657859
:100B7000000000006970616C5F626173655F696E9F
:100B8000697469616C6973652829206E6565647391
:100B9000206F73616C2066756E6374696F6E73008D
:100BA0006970616C5F626173655F696E69746961C8
:100BB0006C69736528293A20756E737570706F7251
:100BC000746564207463702F697020737461636B43
:100BD000000000006970616C5F626173655F696E3F
:100BE000697469616C69736528293A206D6973734A
:100BF000696E672063666700080200106970616CA7
:100C00005F626173655F696E697469616C69736560
:100C100028293A20616C726561647920737461726D
:100C2000746564006C1A060831B524486C46007877
:100C300038B1234890F82C0018B19DF80000EF2837
:100C400002D04FF0FF3038BDFFF748FF204637F0A5
:100C500055F8002814BF00244FF0FF34FFF748FF79
:100C6000204638BD31B515486C46007888B1144827
:100C700090F82C0068B1FFF731FF204637F066F896
:100C800000280CBF4FF0FF340024FFF731FF20464F
:100C900038BD4FF0FF3038BD00207047002070474E
:100CA0000020704790F82D10062984BF4FF0FF30C8
:100CB000704710B500F019FB002010BD08020010AD
:100CC00058220010224810B5406848B121480178E8
:100CD00001290CD00121017037F0ECFA002010BD81
:100CE0001DA1E120FFF79CFD4FF0FF3010BD24A1B6
:100CF000E020FFF795FD4FF0FF3010BD10B5FFF776
:100D0000EDFE37F0F3FCBDE81040FFF7F1BE10B583
:100D1000FFF7E4FE3FF09AFCBDE81040FFF7E8BEA5
:100D20000B48406870470020704700207047002043
:100D300070470189B1F5C05F84BF4FF0FF30704745
:100D400010B50021034A117000F027FB002010BDF0
:100D500058220010080200106970616C5F7379738B
:100D60005F737461727428293A206D697373696EB8
:100D70006720636F6E66696775726174696F6E0074
:100D80006970616C5F7379735F7374617274282921
:100D90003A2063616E6E6F742073746172742061A7
:100DA0006761696E0000000008B1062801D90020C3
:100DB0007047F0B515460A46E64900EB400085B09D
:100DC00001EBC000A0F1180450F8080C0A9F1E4661
:100DD00098B11046FFF794FE0346E06820B19842B0
:100DE00004BF2089A84208D10396ADF80870009589
:100DF000D4E904C002AA2146E04705B00020F0BDB6
:100E00004107090EC0F3C00241EA0211C0F300120B
:100E100010B541EAC201C0F3401041EA8004CE4857
:100E20000078002808BF10BDFFF758FECB4A01210B
:100E300020463FF02FFCC0B1C64900EB400201EB59
:100E4000C20404F8180C002024F8160C44F8140C02
:100E500024F8100C44F80C0C44F8080C44F8040C6A
:100E6000FFF746FEA4F1180010BDFFF741FE002079
:100E700010BD70B504001CBF2078002821D0FFF7FA
:100E80002DFE6088002518B120783FF0E5FB6580D5
:100E900020783FF061FC06462078AE4900EB400028
:100EA00001EBC00000F8185C257065806560258145
:100EB000E56025616561FFF71BFE002E1CBF002069
:100EC00070BD4FF0FF3070BD70B515460E46040082
:100ED0001DBF20780028002D4FF0FF3008BF70BDE7
:100EE000FFF7FCFD608820B120783FF0B5FB0020C3
:100EF00060809849002000BF00EB400201EBC20275
:100F00005288AA4210D0401CC0B20628F4D32078E0
:100F100029463FF0E3FB10F0FF0F05D065806660C7
:100F2000FFF7E6FD002070BDFFF7E2FD4FF0FF3058
:100F300070BD2DE9F04790460F46040019BF207898
:100F400000284FF0FF30BDE8F087FFF7C7FD60884D
:100F500050BB207800264546002818BF002D2DD014
:100F6000FFF7BCFD60884FF0000920B120783FF00A
:100F700073FBA4F802907749002000BF00EB400209
:100F800001EBC2025288AA4216D0401CC0B2062809
:100F9000F4D3207829463FF0A1FB10F0FF0F0BD0CF
:100FA00065806660FFF7A4FDA4F80880E760FFF79E
:100FB0009FFD0020BDE8F087FFF79AFDFFF798FD41
:100FC0004FF0FF30BDE8F08710B5040019BF20785E
:100FD00000284FF0FF3010BDFFF780FD002020817A
:100FE000E060FFF785FD002010BD2DE9FF4182B0D4
:100FF00098460C46050004AF1CBF2878002828D06E
:101000006888002818BF002C23D0606800281CBF07
:10101000208800281DD0FFF761FD20883FF032FBBB
:1010200006001BD02288616800F020FF2088009015
:1010300028783346424639463FF0A6FB00280CBFCD
:101040004FF0FF340024FFF753FD06B02046BDE803
:10105000F08106B04FF0FF30BDE8F081FFF748FDAA
:1010600006B04FF0FF30BDE8F0812DE9F04383B0CA
:101070000C4605001CBF688800283CD0E8680028A2
:101080001CBF2889002836D0FFF728FDE8680190AA
:101090002878B5F808900DF104084FF0FF360028C5
:1010A0001CBF6888002820D0002C1FBF6068002863
:1010B0002088002819D0FFF711FD20883FF0E2FAC0
:1010C000070010D02288616800F0D0FE20880090D0
:1010D00028783B464A4641463FF056FB00280CBF65
:1010E0004FF0FF360026FFF703FDFFF701FD03B0C9
:1010F0003046BDE8F08303B04FF0FF30BDE8F08329
:10110000002812BF00294FF0FF30704770B5164617
:101110000D460446FFF7E2FCC4E90456FFF7E8FC7D
:10112000002070BD002070470020704700207047ED
:1011300010B5044690F83000062884BF4FF0FF3009
:1011400010BD9021034800F0B9FF204600F08AF955
:10115000002010BD3023001008020010A90D020865
:10116000002070470020704710B5D0F88C1000297F
:101170001CBFD0F89010002908D0D0F89410002996
:101180001FBFD0F898000028002010BD06A14FF026
:10119000E100FFF745FB4FF0FF3010BD10B500F048
:1011A00095F8002010BD00006970616C5F6574687F
:1011B0005F6869645F696E697428293A206D697394
:1011C00073696E67206574682066756E6374696FF5
:1011D0006E730000A94890F82200012818BF7047DC
:1011E000002032F08FB910B504464FF4E071A448E6
:1011F00000F064FFA34894F82010C180A249626AFD
:10120000B2FBF1F2028194F821200270A26AB2FBD3
:10121000F1F14170002010BD9848D0F89C000028E2
:1012200008BF7047004700291CBF0020704732F0FC
:10123000C7B910B5954A84B09069D2E90812CDE9D2
:1012400002128E4A0090907A8DF80000904801902A
:10125000904890F803C0818883784FEA0C6441EA93
:101260001C214FEA134C44EA034341EA0C0490F872
:1012700001C0007843EA0C2344EA1C611843CDE91D
:101280000201D2F88C10684688477E49487104B044
:1012900010BD7A49D1F89810084710B5774CD4F8AA
:1012A00090008047D4F88800002808BF10BDBDE832
:1012B0001040004710B5714CD4F88400002818BFC6
:1012C0008047D4F89400BDE8104000476D4902699A
:1012D0004A61808A088300207047684991F82C1081
:1012E000012918BF704739F04BBB654A0021664B96
:1012F000C2F8C011C2F8C411C2F8C811C2F8CC11AA
:10130000C2F8D011C2F8D411C2F8D811C2F8DC1159
:10131000C2F8E01142685B49B3FBF2F290F82D008D
:10132000488192B24CF6CD405043800C887000202A
:101330007047062806D2584901EB4011F030C0B280
:10134000FFF76EBA55A1E020FFF76ABA10B536F084
:10135000E1FF4A4C94F82C00012808BF36F0ECFF5E
:1013600094F82F00012808BF37F00EF894F82200F7
:10137000012818BF10BD0020BDE8104032F0C2B8EF
:1013800010B53BF0BBF93D4890F82C00012818BF80
:1013900010BDBDE810403BF009BA2DE9F041384DD1
:1013A00000260446C5F8E461C5F8E861C5F8EC61BB
:1013B000C5F8F061C5F8F461C5F8F861C5F8FC61DD
:1013C000C5F80062C5F80462C5F80862C5F80C6289
:1013D000C5F81062C5F81462C5F818624FF4C05120
:1013E00005F50870C5F81C6200F068FE05F5C057E9
:1013F000C022C7F82862C7F82C62A169C5F8E411B9
:10140000E169C5F8EC1105F5F271A8230A734B7375
:101410008E734FF0FE0C81F80FC00A744B748E74FB
:1014200081F813C00A714B71184A8E7181F807C098
:10143000D2E90012C7E9881212480121124AC1708C
:10144000218901616168B2FBF1F18181C6810020CF
:10145000BDE8F081094991F82F10012918BF7047A4
:1014600039F0CEBA10B504464821124800F026FEE5
:10147000044894F830100171002010BD582200106B
:10148000382500103803001040420F0008130608EA
:10149000101306084C03001030130608756E6B6EAF
:1014A0006F776E2073797374656D206572726F72D9
:1014B00000000000683F001000487047D84100104D
:1014C00070B5A0FB01400021D4F1FF3271EB0000A8
:1014D0003CBF002070BD204600F007FF05001CBF88
:1014E000214600F0C9FD284670BD70B516460D4670
:1014F000041F002808BF70BD002E1CBF05F10800A6
:10150000AFF300802B465868002818BFA04238BFB0
:101510000346F8D31968CA18A24218BF5C6003D109
:1015200022681C461144196021680A19824218BFBA
:10153000606004D142686260006808442060002E48
:101540001CBF05F10800AFF3008070BD10B5044664
:1015500000F036FE01682046BDE810400122C4E7D5
:101560000844401E491E884370470821001DF7E7C4
:101570002DE9F0410F468046041F00F021FE066869
:1015800007B3B8F1000F384622D0FFF7EEFFB8429C
:1015900005463CBF0020BDE8F08106F10800AFF32E
:1015A00000802268AA4238BF314615D3511B082952
:1015B00031D36019002240F8041B31462560FFF743
:1015C00094FF28E04046FFF7C1FF0020BDE8F0810E
:1015D000BDE8F04100F089BE4868002818BFA0426D
:1015E00038BF0146F8D3131983421BD103681A444C
:1015F000954217D8531B082B0AD3436862195360CE
:10160000236800681844401B106025604A6002E0AF
:1016100022604068486006F10800AFF30080201D9A
:10162000BDE8F08100223146384600F01DFE05007D
:101630000AD041462068021F284600F09EFC002286
:101640003146201DFFF751FF06F10800AFF300807F
:101650002846BDE8F08153EA020C00F069802DE9CC
:10166000F04B4FF00006002B1FBFB3FA83F503FACF
:1016700005F424FA05F65E4012BF1643B2FA82F56D
:1016800002FA05F4C5F120051EBF22FA05FC44EA62
:101690000C04203556EA044C4FEA144418BF641C6D
:1016A0004FF000084FF00009904271EB030C39D362
:1016B000002919BFB1FA81F701FA07F6B0FA80F7ED
:1016C00000FA07F6C7F120071EBF20FA07FC46EA1A
:1016D0000C062037B6FBF4FCA7EB0507103F07F01C
:1016E0001F0BCBF120062CFA06F60CFA0BFB44BFBD
:1016F000B3460026202FA4BF5E464FF0000B5BEAE6
:10170000060C08BF4FF0010B19EB0B0948EB06085C
:10171000ABFB027C06FB02CC0BFB03CCC01B71EBCA
:101720000C01C1E70B46024641464846BDE8F08B36
:1017300013B5084318BF4FF0FF300146AFF30080E8
:10174000BDE81C40704700000FB41CB5084B06AA4A
:101750007B4469460090059801F0F1F804460020AA
:10176000694601F0FFF820461CBC5DF814FB000040
:10177000111200000FB41CB50C0007AA009007D08E
:101780004142A14202D32044401E01E04FF0FF300D
:10179000074B7B4469460190069801F0D0F8002180
:1017A000002C01D0009A11701CBC5DF814FB0000E5
:1017B000D911000070B5044685690068C10601D5DD
:1017C000302600E02026C00707D070BDD4E90121F3
:1017D00030469047206A401C20626D1EF6D570BDD1
:1017E00070B5044685690078C00707D170BDD4E99B
:1017F000012120209047206A401C20626D1EF6D5F2
:1018000070BD70B50C460546012A05D028788006C3
:1018100000D5EA69002302E0012305E05B1C934246
:1018200002D2E05C0028F9D1A869E618C01AA861C4
:10183000286A184428622846FFF7BCFF04E0D5E96F
:10184000012114F8010B9047B442F8D32846FFF762
:10185000C7FF70BD2DE9F0410646002410687529C8
:10186000314616A510D001F068F9002802DA40428E
:1018700013A507E031688A0701D512A502E04907E0
:1018800004D511A5012401E001F060F900210A222C
:1018900006F1240709E0B0FBF2FCB0FBF2F302FB17
:1018A0001C00303078541846491C0028F3D12346D8
:1018B0002A463046BDE8F04100F0D5BD00000000EA
:1018C0002D0000002B000000200000002DE9F04159
:1018D0008046D21D22F007020025D2E90002F52938
:1018E00015A614D0011E72F1000106DA0023D0EB18
:1018F000030063EB020211A608E0D8F800108B0782
:1019000001D50FA602E0490701D50EA60125114613
:10191000002408F1240704E000F05BFD30323A5562
:10192000641C50EA0102F7D12B463246214640465C
:10193000BDE8F04100F097BD000000002D00000060
:101940002B00000020000000F0B40D4601880905BE
:1019500002D5214C7C4402E01F4C7C440E34002113
:1019600000F1240608E002F00F071209E75D42EAE1
:1019700003721B097754491C52EA0307F3D102781A
:101980000023120704D5702D06D009B102231134AB
:101990002246F0BC00F067BD01231034F8E770B5B3
:1019A00004460D462146106801F0D0F8024629464B
:1019B0002046BDE870400023C6E7D21D22F0070391
:1019C000D3E90023C0E70368126843F020030360F3
:1019D0000823C3610023B7E70A0004002DE9F05F84
:1019E000894604464FF0000ADFF874B1FB44C0F8A2
:1019F00020A02046E1688847002874D0252806D01A
:101A0000D4E901219047206A401C2062F1E70026BA
:101A10005F462046E16888472028054607DB312DD0
:101A200005D2781910F8200C08B10643F1E7B00789
:101A300001D526F00406C4F81CA00027C4F818A09D
:101A40002A2D09D0284631F0BDFA38B304EB8708B7
:101A5000303DC8F8185019E059F8041B204604EB33
:101A600087029161E1688847012F054618D1E06936
:101A7000002820DA26F020061DE0D8F8180000EB38
:101A8000800005EB40003038C8F818002046E168B7
:101A90008847054631F096FA0028EED1012F0AD08A
:101AA0002E2D08D12046E16888477F1C0546022F6D
:101AB00046F02006C4DBA069002803DA404246F065
:101AC0000106A061F00701D026F010066C2D0BD0A6
:101AD000682D09D04C2D39D06A2D35D0742D35D0D4
:101AE0007A2D33D016E038E0E1682F46204688474B
:101AF000B842054609D16C2F26D04FF48060E168CA
:101B0000064320468847054604E06C2F1AD04FF460
:101B1000807006430DB3A5F14100192802D8203585
:101B200046F400664A462946204626604E46FEF7A1
:101B3000E3FB80B101280BD0F61D26F0070000F171
:101B4000080956E74020E4E78020D8E70020D6E7E0
:101B500006F104094DE7284652E7206ABDE8F09FE8
:101B60009AFF03000FB400B58DB010A90990009141
:101B70000B904FF0FF300A9000200C9006487844FC
:101B80000690064878446A4607900F9909A800F025
:101B900021FF0DB05DF814FB730E00008B0E0000EA
:101BA0002DE9FF5F1D464FF0FF3B91464FF00008C7
:101BB0005F46D5E90146A96901987F1C8847296AD3
:101BC000824688470028F6D1BAF1FF3F0CD0002E9C
:101BD00024F4C06419DD600614D5BAF12B0F09D0C6
:101BE000BAF12D0F0ED103E0584604B0BDE8F09FC6
:101BF00044F48064A96901987F1C8847761E824658
:101C0000002E02DDBAF1300F03D0B9F1000F26D05B
:101C100032E0A969761E01987F1C44F4007488475D
:101C2000002E824605DDBAF1780F06D0BAF1580FC2
:101C300003D0B9F1000F10D01EE0B9F1000F02D0AF
:101C4000B9F1100F18D1A969761E01987F1C24F4F0
:101C5000007488478246102002E0082000E00A2035
:101C6000814609E0A96908FB0908761E01987F1CD6
:101C700044F4007488478246002E05DD49465046EC
:101C800000F093FE0028EDDAE96901988847A00585
:101C900002D46FF00100A8E7E00725D1600613D554
:101CA000600502D5C8F1000000E0404629680A1D21
:101CB0002A600968220501D5087015E0220701D5C0
:101CC000088011E008600FE02868011D29600068A5
:101CD000210502D580F8008006E0210702D5A0F892
:101CE000008001E0C0F8008038467EE72DE9FF5F04
:101CF0004FF000089946144646469169D2E901A77B
:101D0000DDF838B001988847054659EA0B0005D040
:101D100009E0A1690198761C88470546216A284692
:101D200088470028F5D1681C03D05FEACA7005D047
:101D300015E04FF0FF3004B0BDE8F09F2068011DB2
:101D40002160D0F800800AE05FEACA7001D108F88B
:101D5000015BA169761C01987F1E88470546002F0C
:101D60001ADD681C18D0B9F1000F0DD0E81705EB8B
:101D7000D060421120F01F0059F822102A1A0120C9
:101D800090400142E0D107E0BBF1000FDCD12846D2
:101D9000216A88470028D7D0E16901988847BBF1BC
:101DA000000F07D1002E05DD5FEACA7002D10021C5
:101DB00088F80010A068B84203DDBBF1000F03D023
:101DC00017B16FF00100B6E73046B4E70B460146A5
:101DD000184600F03BBE40EA010310B59B070FD147
:101DE000042A0DD310C808C9121F9C42F8D020BA8B
:101DF00019BA884201D9012010BD4FF0FF3010BD43
:101E00001AB1D30703D0521C07E0002010BD10F810
:101E1000013B11F8014B1B1B07D110F8013B11F8D6
:101E2000014B1B1B01D1921EF1D1184610BD10B5FC
:101E3000431C02E010F8011B71B18107FAD14FF089
:101E4000013202C88C1A8C4314EAC211F9D0C01AAC
:101E50000A0603D0C01E10BDC01A10BD0A0401D06E
:101E6000801E10BD0902FCD0401E10BD032A40F2A6
:101E7000308010F0030C00F0158011F8013BBCF12C
:101E8000020F624498BF11F801CB00F8013B38BF44
:101E900011F8013BA2F1040298BF00F801CB38BF52
:101EA00000F8013B11F0030300F06780083AC0F02E
:101EB000088051F8043B083A51F804CBA0E8081018
:101EC000F5E7121D5CBF51F8043B40F8043BAFF34B
:101ED0000080D20724BF11F8013B11F801CB48BFA5
:101EE00011F8012B24BF00F8013B00F801CB48BFDB
:101EF00000F8012B7047431A28BF9A427FF6B6AF0D
:101F000010441144032A40F2268010F0030F1EBF34
:101F100011F8013D521E00F8013D10F0030F7FF44F
:101F2000F6AF11F0030300F06D80083AC0F00B80AB
:101F300051F8043D083A51F804CD40F8043D40F80A
:101F400004CDFFF7F3BF121D5CBF51F8043D40F80C
:101F5000043DAFF30080D20724BF11F8013D11F812
:101F600001CD48BF11F8012C24BF00F8013D00F855
:101F700001CD48BF00F8012C704710B5203AC0F0E1
:101F80000B80B1E81850A0E81850B1E81850A0E84C
:101F90001850203ABFF4F5AF5FEA027C24BFB1E8E5
:101FA0001850A0E8185044BF18C918C0BDE8104028
:101FB0005FEA827C24BF51F8043B40F8043B08BF31
:101FC0007047D20728BF31F8023B48BF11F8012BF8
:101FD00028BF20F8023B48BF00F8012B7047431A86
:101FE00028BF9A427FF6C9AF1044114410F0030F86
:101FF0001EBF11F8013D521E00F8013D10F0030F05
:102000007FF4F6AF103AC0F00A8010B531E91850ED
:1020100020E91850103ABFF4F9AFBDE8104053075B
:1020200024BF31E9081020E9081044BF51F8043DED
:1020300040F8043D12F0030F08BF7047D20728BFD5
:1020400031F8023D48BF11F8012C28BF20F8023DAD
:1020500048BF00F8012C704702F0FF0343EA032257
:1020600042EA024200F00AB802F0FF0343EA032208
:1020700042EA024200F024B84FF000020429C0F006
:10208000128010F0030C00F01B80CCF1040CBCF1AA
:10209000020F18BF00F8012BA8BF20F8022BA1EBFC
:1020A0000C0100F00DB85FEAC17C24BF00F8012BE1
:1020B00000F8012B48BF00F8012B70474FF00002D9
:1020C00000B5134694469646203922BFA0E80C502E
:1020D000A0E80C50B1F12001BFF4F7AF090728BF09
:1020E000A0E80C5048BF0CC05DF804EB890028BF85
:1020F00040F8042B08BF704748BF20F8022B11F0AE
:10210000804F18BF00F8012B70470000000000004E
:1021100030B44FF0013C50F8042B51F8043BCCFA9A
:1021200052F4D51A20D1FCB950F8042B51F8043BD5
:10213000CCFA52F4D51A17D1B4B950F8042B51F88F
:10214000043BCCFA52F4D51A0ED16CB950F8042BDA
:1021500051F8043BCCFA52F4D51A05D1002CDAD050
:1021600030BC4FF00000704729BAB1FA81F111F08C
:102170001801D1F120008440F2D1CA40CB4012F0C6
:10218000FF0213F0FF0330BCD01A7047704770474E
:102190007047000008487CB57844009007487844B0
:1021A000009C0546019004E02046016808448047F1
:1021B000241DAC42F8D17CBD289904002699040066
:1021C00010B5FFF779F9083010BD704770477047B8
:1021D000704738B504460A4600206946AFF30080D0
:1021E000002808BF38BD02460099204600F07AFC5E
:1021F000012038BD012001F0ECB8F8B5AFF3008044
:10220000054600200C460C2000BF0646A819A04237
:102210000DD9324669460020AFF30080070008BFA1
:1022200001F0D7F80098A04218BF0546C419FFF77F
:10223000C7FF05600746F01D20F007004619284635
:1022400000F040FCB44208BFF8BDA21B314638681C
:10225000BDE8F84000F046BC0844401E491E8843D3
:1022600070470821001DF7E72DE9F04117460E469B
:102270000446FFF7F6FFA042054633D9002F1CBFE6
:1022800006F10800AFF3008030467468F4B12168AD
:10229000A94217D305F1080291423CBF6168416031
:1022A00007D3626861194A602268521B0A60416064
:1022B0002560002F1CBF06F10800AFF30080201D31
:1022C000BDE8F08120466468002CE0D12946304604
:1022D000FFF77FFF0028D7D1002F1CBF06F10800B1
:1022E000AFF300800020BDE8F08110B50446FFF791
:1022F00067FF01682046BDE810400122B4E70844AA
:10230000401E491E884370470821001DF7E72DE94C
:10231000F04791460C468046FFF752FF0668604240
:1023200034EA000001D1042C02D20520BDE8F08778
:10233000601E40F007074846FFF7E6FF48450546A0
:102340009CBF0620BDE8F08706F10800AFF30080CF
:1023500074683046002C2FD02368211D494207EABB
:102360000102934224D9991A8D4221D84AB12146BB
:1023700014440B689B1A23604B6863600A604160D9
:102380000846226805F108018A4205D36119521BEB
:102390000A602560416008466168416006F10800F6
:1023A000AFF30080241D0020C8F80040BDE8F0878E
:1023B00020466468002CCFD129463046FFF709FF3C
:1023C0000028C5D106F10800AFF300800620BDE863
:1023D000F08730B5B0F10A0271F100034FEA900EB8
:1023E0004EEA817EB0EB0E0061EB91014FEA101EC8
:1023F0004EEA017E10EB0E0041EB11114FEA102E58
:102400004EEA016E10EB0E0041EB11214FEA104E27
:102410004EEA014E10EB0E0041EB1141401841F124
:1024200000014FEAD00040EA41704FEAD1014FEA83
:10243000810444EA907410EB800544EB01046D19AB
:1024400044EB0404521BA3414FF0000348BF0A327F
:1024500000D530BD401C41F1000130BD0B460146A6
:10246000184601F017BD2DE9F0470D4699469246F2
:10247000044600F124080168880604D5E06921F0CB
:102480001001216000E00120A84201DD471B00E0AF
:102490000027A1697A1902EB0900081AA0612078C7
:1024A000C00602D42046FFF785F9002608E0D4E9EB
:1024B00001211AF806009047206A401C761C206211
:1024C0004E45F4DB2078C0060AD52046FFF772F9A6
:1024D00006E0D4E9012130209047206A401C2062A8
:1024E000381EA7F10107F4DC07E0D4E9012118F850
:1024F00005009047206A401C2062281EA5F10105B6
:10250000F3DC2046FFF76CF92078000602D50220A4
:10251000BDE8F0870120FBE72DE9FF4F0C461E4682
:102520004FF0FF378BB0D2E90001DDF860800A90F0
:102530008A46C1F30A5505B93D46002108464FF0C9
:102540000000BAF1000F00F4400005DA00EB800053
:102550004FF4400101EA50004FEA9059B9F1010FE0
:1025600000DDB9460A9850EA4A000ED044F61050F1
:10257000A5F2FF3545432F14B8F1000F1ED0754268
:10258000291E1EDDC9F100021CE0B8F1010F4FF059
:10259000000001D0302103E0F24305E02154401C4B
:1025A000B042FBDB30460022002121540B99C1F8D8
:1025B0000880C1E900200FB0BDE8F08FBD1B6D1C85
:1025C000DEE74A4600DA694206A800F06DFD06AB78
:1025D00093E8070003AB83E8070050460A992EF002
:1025E000F1F98DE80700A0F500501F38009003981E
:1025F000002D0ADD42F21F014A460844002303A9C8
:10260000039068462EF05AFC09E0A0F500504A46B7
:102610001F38002303A9039068462EF064FC8DE860
:1026200007000004000C03D04FF0FF30410800E029
:102630001046B8F1000F03D00022009215461EE0AC
:10264000751E05D4FFF7C5FE303262556D1EF9D5F3
:10265000B3460122084302D000227F1C04E0207808
:10266000302801D100227F1E002A099784D01DE066
:10267000112D07DAFFF7ADFE303262556D1C50EABE
:102680000102F5D1084302D00098C8B10EE0002144
:10269000681E05E0235C625C63542254401E491CA2
:1026A0008142F7DBAB46A81B401E0990002004F8CE
:1026B0000B000B98099AC0F80880C0E9002B7AE754
:1026C00011264FF0000857E72DE9F04F88460446E1
:1026D000D21D22F0070191B0D1E90001CDE90A0134
:1026E00030F034FC02460B98C00F01D02D2007E0DB
:1026F0002068810701D52B2002E0202101EAC000DB
:10270000032A099001D0072A05DB034641462046EB
:1027100000F03AFA0BE12078800601D5E06900E08C
:102720000620B8F1650F814606D0B8F1660F18D0C3
:10273000B8F1670F70D131E00020B9F1110F0090AE
:1027400001DB112301E009F101030AAA01A90CA888
:10275000FFF7E2FEDDE90C70002609F10105834672
:1027600047E001204B4600904FF000470AAA01A91C
:102770000CA8FFF7D1FEDDE90DB00C995D460026EF
:1027800010B909F101000D18B9EB050003D4C0F12F
:10279000FF3609F10105A5EB09002BE0B9F1010FA6
:1027A00001DA4FF001090020B9F1110F00904846FD
:1027B00001DD112300E003460AAA01A90CA8FFF7D6
:1027C000ABFEDDE90C704D460026834620780007FD
:1027D0000AD4AB4500DA5D4601A8012D04DD41199C
:1027E00011F8011C302907D04F4502DA17F1040F08
:1027F00004DA012082460FE06D1EEEE7002F02DCB6
:10280000ED1B3E4403E0781CA84200DD7D1CB81B94
:1028100000F1010A4FF000472078000703D4AA45D1
:1028200001DB4FF0FF3A0021B7F1004F0DF14308F3
:102830008DF8431024D002202B23002F01DA7F4291
:102840002D230A21021EA0F1010000DC5FB197FBDD
:10285000F1FC97FBF1F201FB1C7C17460CF1300CEC
:1028600008F801CDEEE7A8F1010003702188090501
:1028700001D5452100E06521A0F1010800F8011C07
:1028800009980FA9A1EB0807FF1D00B1012041190C
:1028900001EBEA70A1693844081A401EA061207853
:1028A000C00602D42046FEF785FF099828B1D4E976
:1028B00001219047206A401C20622078C00622D562
:1028C0002046FEF777FF1EE0002E04DBB34502DD55
:1028D00001A8805D00E03020D4E901219047206A02
:1028E000401C2062761CAAF101005FEA000A0AD1AE
:1028F00000F0DEF8C0680168405CD4E9012190472F
:10290000206A401C2062281EA5F10105DCDC07E0DE
:10291000D4E9012118F8010B9047206A401C20627D
:10292000381EA7F10107F3DC2046FEF759FF03200C
:1029300011B041E601694A1C02610878704700B590
:102940008FB0CDE901310021059105497944CDE9E8
:10295000031011466846FFF741F80FB000BD0000B4
:10296000E5FFFFFF0A6802F8010B0A607047D1E932
:1029700000239A4202D2531C0B601070704710B5AE
:10298000436913B1AFF3008001E0FEF73AFF012085
:1029900010BD127800F124010A7000224A70012251
:1029A000EDE711684FF0FF32E9E73A2800D23038FE
:1029B00020F02002412A01D3A2F13700884201D33E
:1029C0004FF0FF3070470000026811441378016037
:1029D00018467047D16005497944516104497944EA
:1029E000116200211161114600F0A4B9EDFFFFFF53
:1029F00047010000426842B1016811F8013B23B170
:102A0000521EC0E90012184670470121C160881E9D
:102A1000704742685AB1C368016843B983688B4202
:102A200005D0491E521CC0E90012002070474FF02B
:102A3000FF30704710B5002000F0C4FCFDF7D7FB55
:102A4000BDE81040012000F025B800002DE9F0415C
:102A5000074615460E461020FFF747FC040013D02A
:102A60006760C4E902650948AFF3008000F025F80B
:102A70000168216006490460002008600348AFF344
:102A800000800020BDE8F0810120FBE7FC0400107D
:102A9000F804001001491820ABBEFEE72600020032
:102AA00010B500F005F8001D10BD00BF15DE0300D5
:102AB00010B5FEF701FD203010BD10B5FEF7FCFC8F
:102AC000383010BD002140F8041B40F8041B11F001
:102AD00084BC0C207047801A0844401E491E88435D
:102AE0001044704770B5144605468C464368002B69
:102AF00018BF634538BF1846F8D3026810446045D4
:102B000008D06646604604220821FFF7E4FF811BD7
:102B10008446641A2946CCF80040BDE87040002283
:102B20000CF10400FEF7E1BC10B50446FFF7B8FF56
:102B30000068005D00F0010010BD09684A0501D57C
:102B400040B27047C905FCD500B2704709684A0514
:102B500001D5C0B27047C905FCD580B27047116875
:102B60000268006A530501D508700AE0D30501D553
:102B7000088006E0130603D5C217C1E9000200E091
:102B800008600120704700002DE9F0411F4604460F
:102B900003260168072A01F4006004DB08B116A5CA
:102BA00005E016A503E008B115A500E015A521F084
:102BB00010002060A069C01EA0610FB1401EA0617E
:102BC0002046FEF7F7FD4FB1D4E901213846904782
:102BD000206A401C2062C01C206206E0206AFAE7DE
:102BE000D4E9012115F8010B9047761EF8D2204652
:102BF000FEF7F6FDBDE8F0814E414E006E616E00BD
:102C0000494E4600696E66002DE9FF5F15468A460B
:102C10000446DFF8AC80F8440027D8E900103E46AF
:102C2000CDE9001010E03AF816106A4602A800F04C
:102C300091FE411C07D02178890603D5E269391835
:102C400091420DD80744761C2078800602D5E069B1
:102C5000B84205DDAE42E6DB3AF816000028E2D1C4
:102C6000A069C01BA0612046FEF7A4FDD8E90010B2
:102C7000CDE90010002017E03AF818106A4602A8C3
:102C800000F068FEB0F1FF3F81460BD000250DF14A
:102C9000080B05E0D4E901211BF8050090476D1CE5
:102CA0004D45F7D308F10100B0428046E4DB206ACD
:102CB000384420622046FEF793FDBDE8FF9F0000E8
:102CC00082ED030030B4002100F1240408E002F09A
:102CD0000705D208303542EA4372DB086554491CC7
:102CE00052EA0305F3D10468002310A2250708D592
:102CF00004F020040C4304D0C46901230CA2641E18
:102D0000C46130BCFFF7AFBB10B504462146106864
:102D1000FFF71CFF02462046BDE810400023D1E724
:102D2000D21D22F00701D1E90023CBE7000000000B
:102D3000300000002DE9F34F4FF0000A0C465646D4
:102D40008DB001200C9001F10C000B9062690B9882
:102D500001219047051E2DD0252D2CD0216A8847B2
:102D6000C0B162690B9801219047216A8847002809
:102D7000F7D16269411E0B98904700E0761CA1696B
:102D80000D988847216A88470028F7D1E1690D9896
:102D90008847DBE7A1690D988847A842074601D11B
:102DA000761CD3E7E1690D9888477F1C02D1BAF100
:102DB000000F6FD06BE162690B9800273D463946E2
:102DC00090472A2804D162690B9801219047012578
:102DD000DFF8D08262690B9801219047A0F13001A1
:102DE0000A290AD24745E5DC07EB870100EB4107DA
:102DF000303FDFD445F01005ECE7E90601D46FF071
:102E000000476C280AD04C2814D0682815D06A28AE
:102E10000DD074281CD07A281AD01DE062690B9856
:102E2000012190476C2802D045F0040514E045F0DC
:102E300002050DE045F020050AE062690B980121CA
:102E40009047682802D045F0080505E045F4006584
:102E500062690B9801219047C4E9015765283DD06C
:102E600019DC58287AD00CDC452837D004DC25281A
:102E700026D041289ED131E046282FD0472899D12D
:102E80002CE05B2877D0612828D063287CD0642888
:102E900023D15AE0F6E06F2848D008DC66281DD020
:102EA00067281BD0692821D06E2816D127E070280A
:102EB00045D0732868D0752847D078280DD14DE0CB
:102EC000A1690D988847252805463FF469AFE16957
:102ED0000D9888476D1C3FF46AAFD8E00D992346E2
:102EE0006A466FF00100AFF30080C5E045F0400096
:102EF00023464FF000026060A80736D43EE0E807A2
:102F00007FF447AF2068011D21600068290501D5C5
:102F100006701BE7290701D5068017E7A90703D527
:102F2000F117C0E9006111E706600FE745F04000C6
:102F300023464FF008026060A80716D41EE040F652
:102F40000E0125EA0100606016E045F040002346CE
:102F50004FF00A026060A80707D40FE045F0400078
:102F60006060A80708D5234610220D996FF0010074
:102F7000AFF3008080E007E0102223460D996FF048
:102F80000100FEF70DFE77E04FF0000963284F4681
:102F9000C8464B46CB4602D05B2806D038E0E80650
:102FA00001D40120A060012732E06269D4F80CB09E
:102FB0000B98012190475E2807D14FF0010949463F
:102FC0006269D4F80CB00B989047216939B9002197
:102FD0000A4603AB43F82120491C0829FADBD8B381
:102FE000216949B308F1010862690B9801219047F2
:102FF0005D28F4D1B9F1000F09D0002003A951F8E0
:103000002020D24341F82020401C0828F7DB03ABE6
:103010002069002820794FEA40701ED05B46224686
:10302000CDF80080CDE901970D9900286FF00100DF
:1030300020DAAFF300801FE0C11703AA00EBD161D3
:103040004B1121F01F0102EB8302411A136801208A
:10305000884003431360C7E719E00D992246002812
:103060006FF00100009702DAAFF3008004E0FEF792
:103070003DFE01E0AFF3008000280ADA401C06D1D3
:103080000C9820B14FF0FF300FB0BDE8F08F5046E4
:10309000FAE7E90701D10AF1010A064400200C9081
:1030A00054E60000CCCCCC0C2DE9F0478146164606
:1030B0008AB0354878440DC88DE80D003248784410
:1030C000801C03AC0DC884E80D0041F69B30084419
:1030D000372190FBF1F290FBF1F5A5F1800501FBA2
:1030E00012041B3C02D56442012000E00020DFF8FE
:1030F00098A080460027FA44AAF1BE0A0EE0E00735
:103100000AD03246684607EB470101230AEB8101EA
:103110002DF0E9FE8DE8070064107F1C002CEED135
:10312000194F7F44AE3F19E0E80715D007EB0410B4
:103130000DF1180A90E80E008AE80E00C068F0420F
:1031400001D1981908903246012306A903A82DF051
:10315000CAFE03AB83E807006D10641C002DE3D1A9
:103160004FF0010332466946B8F1000F03A802D0C0
:103170002DF0A4FE01E02DF0B6FEC9E90001C9F86A
:1031800008200AB0BDE8F08768E9030010B565487B
:103190005421FEF793FF64485421FEF78FFF6348E4
:1031A0005421FEF78BFF62485E49624A624B016020
:1031B0005D4810605D4A1A60431C0B65511C016537
:1031C0000120106557484C3011F007F956484C3033
:1031D00011F003F955484C3011F0FFF8574811F041
:1031E000FCF858484F4A56A1784400F067FB20B9D4
:1031F000544878440A3800F0F7FB54484A4A52A130
:10320000784400F05BFB20B9504878440A3800F05D
:10321000EBFB4F48454A4CA1784400F04FFB20B9E6
:103220004B4878440A3800F0DFFB40233D48DC007F
:103230000021224600F0B4FA20B1424878445438C4
:1032400000F0D2FB384822464023002100F0A8FAC3
:1032500020B13E487844543800F0C6FB334822463B
:103260001023002100F09CFA002806D0384878444A
:10327000BDE81040563800F0B7BB10BD2B482DE913
:10328000F041006D2D4E20F001043046AFF3008078
:10329000244D4C352846AFF30080224800F05AFAFE
:1032A0002846AFF300802846AFF300801E4D4C3512
:1032B0002846AFF300801C4800F04CFA2846AFF3D4
:1032C00000802846AFF30080184D4C352846AFF3F8
:1032D0000080164800F03EFA2846AFF300802846EA
:1032E000AFF3008014E0206D20F0010504F14C00E4
:1032F0000746AFF30080204600F02CFA3846AFF3C3
:1033000000803846AFF300802046FEF71FF92C46B8
:10331000002CE8D13046AFF300800848AFF30080BE
:10332000BDE8F081384200108C420010E0420010ED
:10333000EC040010F0040010F4040010000500106C
:10334000720000004CE803007700000038E803003A
:1033500024E803002DE9F84306461548AFF3008042
:10336000FFF7ABFB134F8146E8464D4616E026B10A
:10337000E068B04201D0254610E0206828600C4883
:10338000C7F80080AFF30080D4E9010188470848FE
:10339000AFF300803968414500D04D462C68002CC1
:1033A000E5D1002038600248AFF30080BDE8F88323
:1033B000FC040010F8040010014811F00EB80000E1
:1033C000FC04001010B500F0F7FABDE8104000F062
:1033D000EEBA10B500F010FBBDE8104000F0E7BAFF
:1033E00070477546FEF768F8AE46050069465346D5
:1033F00020F00700854618B020B5FDF7D7F8BDE8E6
:1034000020404FF000064FF000074FF000084FF04B
:10341000000BAC46ACE8C009ACE8C009ACE8C00998
:10342000ACE8C00921F007018D4670472DE9F04F47
:1034300004460D46D21D22F0070089B0D0E900975E
:10344000484639462FF082FD0246F80F01D02D2361
:1034500007E02068810701D52B2302E0202101EA43
:10346000C0038DF820300BB1012000E00020032ABA
:10347000824601D0072A04DB29462046FFF784FB59
:103480003FE12078800601D40D2500E0E569C7F30F
:103490000A560D2D49DA00214FEA175B08464FF016
:1034A0000000002F00F4400007DA00EB80004FF42A
:1034B000400100EBD07001EA60008115012901DDB7
:1034C0004FF0FF3100224FEA850CBCF1180F06D3F4
:1034D0001346ACF118004FF08052C24003E04FF4A5
:1034E000801323FA0CF30CF10C0CBCF1200F04D365
:1034F000ACF1200C09FA0CF001E007FA0CF00029FD
:103500004FF0004801DD18B90FE00ED140450CD353
:1035100019EB02095F4121B9404502D19F4329EAD5
:103520000209BBEB175F00D0761C2088000502D58E
:103530007B48784402E07A487844193808AA302356
:1035400002F80A30037C0AF10101002E0AF1020A96
:1035500053546A4602DC4FF0300101E04FF0310174
:103560004FF001088DF8001002D0A6F2FF3603E0FC
:1035700059EA470100D06B4E002D02DC2178090783
:1035800004D54FF002082E218DF80110C446002109
:103590000BE0C7F303433F01C35C491C6D1E02F8F7
:1035A0000830052908F1010801DA002DF1DC0021BD
:1035B0000CE000EB1973491C1B786D1E082902F8FA
:1035C00008304FEA091908F1010801DA002DF0DC92
:1035D00021688B0602D516E0A8F10108E04505DD5B
:1035E00002EB080313F8013C302BF5D0B8F1000FC3
:1035F00009DD02EB080313F8013C2E2B03D1090768
:1036000001D4A8F10108002D05DD3E2102F80810C3
:103610006D1E08F10108407C002E02F8080008F138
:10362000010804DA2D20764202F8080002E02B207F
:1036300002F808000A214FF47A70864208F1010866
:103640000BDB96FBF0F3303302F8083096FBF0F317
:1036500008F1010800FB136601E0642E0CDB642016
:1036600096FBF0F3303302F8083096FBF0F308F1E4
:10367000010800FB136601E00A2E06DB96FBF1F061
:10368000303002F8080008F1010896FBF1F001FB68
:103690001060303002F80800A16908F1010808EB59
:1036A000050202EB0A00081AA0612078C00602D4C5
:1036B0002046FEF77FF8216A08AE01EB0A0020627F
:1036C00004E0D4E9012116F8010B9047BAF1010A90
:1036D000F7D22078C00602D52046FEF76BF86E467A
:1036E00009E016F8010B3E280FD0D4E901219047DC
:1036F000206A401C2062B8F10108F2D22046FEF791
:103700006FF809B00320BDE8F08F206A28442062DA
:1037100003E0D4E90121302090476D1EEBD3F8E798
:1037200021E5030002FCFFFF10B5436913B1AFF3BD
:10373000008001E0FFF768FA012010BD128800F157
:10374000240182840022C2840122EDE711684FF037
:10375000FF32E9E72DE9F04704464FF0FF38002635
:10376000C568D4E90497A80718D0204600F01AFBD2
:10377000384610F034FE002800DA4646280502D507
:103780004846FDF7E3FE4C212046FEF797FC206DEE
:1037900020F0010020653046BDE8F0874046FBE799
:1037A0002DE9F04704461E4690460D46C7684C304A
:1037B0008146AFF30080B80714D0780212D4404697
:1037C000B8F5807F09D0B0F5007F06D0B8F5806FDE
:1037D00008D1012604F1240506E0701E6FF07F4138
:1037E000884201D3012409E02561E6616560E06853
:1037F00020F4706040EA0800E06000244846AFF31F
:1038000000802046BDE8F0872DE9F047164688463F
:10381000070010D006F14C008146AFF3008030461F
:10382000FFF798FF18F8010B61280DD0722805D01A
:10383000772841D105E00020BDE8F087012500246C
:1038400005E00225042402E0082448F2020518F8E5
:10385000010B2B2806D0622809D018F8010C742817
:103860000AD00BE045F0030544F00204EFE745F011
:10387000040544F00104EAE744F010043846214608
:1038800010F0B4FD411C17D00021316171604FF47C
:103890000071F560F1617061200704D530460222A5
:1038A000002100F0C3F9306D40F00100306548465A
:1038B000AFF300803046BFE70026F8E72DE9F0417E
:1038C00015460E460746214C2046AFF300802A4697
:1038D00031463846FFF798FF05462046AFF3008093
:1038E0002846BDE8F0812DE9F0410E468046174D8F
:1038F0002846AFF30080164C206DC10704D0410864
:1039000004D020F00104F7E7224612E05420FEF72D
:10391000ECFC070017D0206D47F00101084354214B
:1039200020653846FEF7CAFB07F14C0010F055FD44
:103930003A4631464046FFF767FF04462846AFF354
:1039400000802046CDE70024F8E7000000050010C5
:10395000384200102DE9F04116460C460546FFF7A7
:103960009FF8036893F80101012807D0FF2C12D8B3
:10397000185D80B101202C70BDE8F081D3F80701FB
:103980003246214603F20713C7182846BC46BDE855
:10399000F041002360474FF0FF30EDE710B50446DB
:1039A000AFF300802046BDE81040FCF712BD0028B0
:1039B00001D0FFF76FB8704710B5002102A000F0EA
:1039C00035FA012010BD0000534947414252543A94
:1039D0002041626E6F726D616C207465726D696EEC
:1039E0006174696F6E00000010B500F039FABDE82F
:1039F0001040FFF7DCBF000010B5012805D0002102
:103A000003A000F013FA012010BD09A1F8E700009F
:103A100053494752544D454D3A204F7574206F66B7
:103A20002068656170206D656D6F7279000000001F
:103A30003A2048656170206D656D6F727920636F03
:103A400072727570746564002DE9F05F0546174663
:103A50000C46C86820F4201040F48000C86080063E
:103A600002D5084600F0C1F9E06841F282014FF04A
:103A7000FF3A0140022903D0204600F053F9B9E093
:103A800000F42041B1F5004F0FD1C00306D56168A5
:103A9000E06A884200D80846606006E02069E0627B
:103AA0006060606910F09DFCA061A0680022EEB229
:103AB00000280DDAE1688B050AD4C043A06041F408
:103AC00090302260E0606068411C61600670AAE08E
:103AD000E0689146226040F40050E060206978BBC5
:103AE000606910F081FC04F124054FF00108A8B1D1
:103AF000A08910F4407F08D0E069FEF7F6FB206152
:103B000018B1E06840F4006017E0C4F81C8025613B
:103B1000E06820F4407040F480600EE0E069FEF759
:103B2000E4FB00282061F0D0E06840F4006010F46D
:103B3000407FE06002D140F48070E0602069606006
:103B4000E06825696FF0010BC1051ED56168E06A68
:103B5000884200D80846411B04D02246284600F07F
:103B6000EBF8E8BB1FB1E562C4E9015959E0681CF4
:103B7000E0626060E069401EA060E06840F4803070
:103B8000E06030462E70BDE8F09F17B100F480323F
:103B90000AE06068411C61600670E0680A2E40F42B
:103BA0008030E06006D00022E16A6068814203D97B
:103BB0000B4602E00122F7E70346B4F80CC05B1B9A
:103BC0005FEA4C5C04D4D4F81CC09C4500DD02B311
:103BD000814200D80146002BA1EB0008E56200E01D
:103BE00008E0C4E9015907DD22461946284600F0DD
:103BF000A3F808B15046C6E7B8F1000F09D0A16993
:103C0000E5626560A1EB0800A061E06840F010008B
:103C1000E06047B16168A069E562491B08446560DE
:103C2000A0615846AFE73046ADE700002DE9F0410E
:103C3000044616460D464769007B80072ED038465D
:103C400010F0D2FB50BB3EB3012E02D0022E25D184
:103C500004E0204600F03EF905441DE0384610F02F
:103C6000C0FBE168002841F01001E16005DA204660
:103C700000F058F80120BDE8F081C9030BD5626857
:103C8000E16A914200D81146A26911442269891A59
:103C9000814200DD08460544002D01DA0220EAE7F2
:103CA000E16A6068E268814206D29103E06203D56E
:103CB00022F4003141F01002A6690027AE4213DC65
:103CC000E16A814201D90B4600E0034603EB060C92
:103CD0002369ACEB030CAC4506DD814201D98C466F
:103CE00000E084469C4505D1A760276042F0200093
:103CF000A5620DE0AD1BE669AE1B8142A66000D94E
:103D00000846C01A281A20605819606022F0200066
:103D100003490840E060002084F84870ABE70000E9
:103D2000BFCFD7FFC16821F4001141F08001C1600D
:103D300000218160016070472DE9F74F15460C4660
:103D40004FF0FF3B3848D768D2F814A0074209D09B
:103D50005046A96910F04CFB002819DB3248C043DB
:103D60000740EF604FF000496FF000484C4501D329
:103D7000464600E0264600993B465046324610F043
:103D80003AFBA96920F00042B21A1144A96128B196
:103D90002846FFF7C7FF5846BDE8FE8FA41BE5D1B4
:103DA0000020F9E770B504460569C06A6168884279
:103DB00000D80846E16821F42011E160C90312D55A
:103DC000A84208D02246411B2846FFF7B5FF10B194
:103DD0004FF0FF3070BD0020E562C4E90150E0689B
:103DE00020F48030E060002070BD10B50446C0684B
:103DF00020F02000E060A16AA06988420DD0204632
:103E0000FFF7D0FFE06820F4405040F01000E06081
:103E1000A06AA0612069E062606044F24001E0684D
:103E20008843E06010BD00001000020070B5054638
:103E30000C460A2000E06D1C10F0DFFA35B128783E
:103E40000028F8D102E0641C10F0D7FA14B12078F1
:103E50000028F8D1BDE870400A2010F0CEBA00006A
:103E600010B5014602A0FFF7E1FF012010BD0000E0
:103E700053494752545245443A2052656469726529
:103E800063743A2063616E2774206F70656E3A2008
:103E9000000000002DE9F04114460D46074601F1EF
:103EA0004C063046AFF30080094B7B44224629463E
:103EB0003846FEF744FD0446287B000601D54FF046
:103EC000FF343046AFF300802046BDE8F0810000AB
:103ED000ABF7020010B50146C268900703D0900608
:103EE00007D5886A0AE0FCF789F901210160881E7C
:103EF00010BD8B69486818440B69C01A91F84830A6
:103F00001BB191F84910401A10BD1103FCD50028CF
:103F1000FADD401E10BD04207146084202D0EFF3C6
:103F2000098001E0EFF30880816901F0F2B80A200E
:103F300026F0F3BF04207146084202D0EFF3098057
:103F400001E0EFF30880816901F0E7B810B545F2B0
:103F5000A072C1F2000213688C4693F84E10D3E9A8
:103F6000092E0029014609D0187B98244843135C88
:103F700013FB04E393F85F3013B110BD187B484383
:103F8000105C982210FB02E06246BDE8104002F08F
:103F90005FBC00002DE9F04F9FB0044645F2A070D1
:103FA0002178C1F20000D0F800B0481E0E288BF82E
:103FB0004D102DD80C94DFE800F01F2B30082B2B70
:103FC0002B2B2B2B082B2B39120004F10C0012F099
:103FD0005EFE0E90A07B00210D9124212FE004F1C4
:103FE0000C0012F054FE0E9012F052FE24220B929E
:103FF000012201210D9224E004F10C0012F047FE91
:1040000000210E90A07B0D9124210B91012118E03D
:10401000FF208BF84D0000F00DBC201D12F037FE84
:104020000E90A07900210D911C2108E004F11C00E4
:1040300012F02DFE0E90A07F00210D9134210B91E6
:1040400002219BF84D208BF80100FF2A8BF800001D
:104050008BF802008BF84C1000F0EC83002800F085
:10406000058100254FF0010A4FF4D27700244FF06C
:1040700000094FF0000800BF5FFA88F60E9831463D
:1040800012F003FE817801F0E001202902D1012124
:1040900006E000BF017901F0E001202918D10321D9
:1040A000415C01390C2913D8DFE801F007121E4CDE
:1040B00012125527353E077A7100DBF834104C2375
:1040C00008FB031208FB03F301F803A073E000BF31
:1040D000DBF834104C2308FB031208FB03F382F8CF
:1040E0003DA001F803A068E0DBF834104C2308FB86
:1040F000031208FB03F303275AE0DBF83410002215
:10410000214400BF8B1801F802A04C32E42A83F846
:104110003D50F7D151E0DBF834104C2308FB03127B
:1041200008FB03F3092743E0DBF83410002249447D
:104130008B1801F802A04C32B2F5987F83F83D50FD
:10414000F6D13AE0DBF834104C2308FB031208FBED
:1041500003F304272CE0DBF8341098224FEA480CD4
:1041600008FB021308FB02F70CF101024FF04C0CA4
:1041700083F83D5002FB0C1302FB0CF201F807A080
:104180004FF4D27701F802A083F83D5015E0DBF838
:1041900034104C2308FB031208FB03F30D2707E040
:1041A000DBF834104C2308FB031208FB03F30C2745
:1041B000CF544FF4D27782F83D509BF84C20DBF877
:1041C0002C10931E08FB0711B3FA83F3012A4FEA60
:1041D000531318BF5A00012A4A7013D0022A40F024
:1041E00029830A7802F0F80202320A70DBF82C10F8
:1041F00008FB07F28B5C007803F00F0343EA001022
:104200001BE000BF0D9B027823B10A7016E000BFCF
:10421000000000000B7802F0010203F0F8031A44DA
:104220000A70DBF82C1008FB07F200788B5C00F0BA
:104230001E0003F00F0343EAC000885412F0A8FFE9
:10424000314612F0C3FFDBF830104FF4157208FB53
:10425000021108F10108C1F8E8019BF8010009F515
:104260009879804504F1E404FFF406AFDDE90B1012
:1042700000EB010945F2A070C1F20000D0F8008007
:104280000020002119F80020CBB29A4288BF1346C3
:10429000FF2A00F1010018BF19460428F2D1D8F80E
:1042A0004840481C09F1D405002688F8020000BFE8
:1042B000002700BFE85912F063FB54F82600384489
:1042C0000437182F80ED000AF4D10136042E05F1D1
:1042D0001805EDD1D8F83C0009F1040108F07AFE88
:1042E000D8F8380009F14405294608F073FED8F8DB
:1042F0004000294608F06EFECDF83480D8E9101849
:104300000DF13C0A00225346002700BF51F8270058
:1043100058F82760002500BF445972515C5104359C
:10432000102DF9D10137042F03F11003EED1002035
:104330004FF07E5158F80020115004301028F9D168
:104340001FED4D1A0AF1100C0026BFEE000A51466F
:10435000D64600BF4FF0FF327346B0EE412A3746D3
:1043600093ED003A103323EE033AB4EE423AF1EE05
:1043700010FAC4BFB0EE432A3A460137042FEFD1FA
:10438000501C00F0B68058F82640B2420FD058F8C2
:1043900022000AEB02120023D558CF58CD50D75037
:1043A000C558E758E550C7500433102BF4D10AEB39
:1043B000061000EB860090ED002A624680EE022A8D
:1043C000334600BF01330AEB031000EB860090ED8B
:1043D000003A58F8237022EE033A0025481990ED70
:1043E000004A501990ED005A23EE044A34EE054A73
:1043F00080ED004A601990ED004A781990ED005A5E
:1044000023EE044A043534EE054A102D80ED004AAF
:10441000E4D1032B02F11002D4D101360EF1140EB7
:104420001031032E0CF1100C94D10AF1200C0AF17A
:1044300030024FF0030E00BF0AEB0E1000EB8E00AF
:1044400090ED001A58F82E6080EE011A614673460E
:104450001F46013B0AEB031000EB8E0090ED002A93
:1044600058F8235021EE022A002000BF141894EDC2
:10447000003A0C1894ED004A22EE033A33EE043A67
:1044800084ED003A341894ED003A2C1894ED004A6B
:1044900022EE033A043033EE043A102884ED003A59
:1044A000E4D1012FA1F11001D2DCBEF1010EACF17B
:1044B000100CA2F11002BFD80021B7EE000A00BF15
:1044C0000AEB011000EB810090ED001A58F8210072
:1044D00080EE011A002200BF831893ED002A0432F7
:1044E00021EE022A102A83ED002AF5D10131042998
:1044F000E6D145F2A078C1F20008D8F80050DDE915
:104500000DA7002019F80010FF2903D02A6A1154C2
:10451000EA69115401300428F4D16878E8B1002424
:10452000002600BFE1B2384612F0AFFB407823F01E
:104530009BF9012898BF012019F80420F1B250FA24
:1045400086F000BF6B6A01365A54F1B28842F9D83E
:10455000697801348C420646E4D3384600210024B1
:1045600012F093FB407823F07FF9012898BF0120D7
:104570006978AA782873484328704AB1002000BFA0
:10458000A9680C54A97801308842F9D328780C46E0
:10459000000610D0002000BF696AAA68095CAB69F8
:1045A000575C53F821307E1C5654D8552978013079
:1045B0008842F1D3AC784FF0000044B1002100BF35
:1045C0006A685054AA7801319142F9D3104669784B
:1045D00081B10020296A6A68095C6B69575C53F8ED
:1045E00021307E1C5654D855697801308842F1D369
:1045F000A87800E0002140B1002000216A685054F2
:10460000AA7801319142F9D3697879B1002000BFCD
:10461000E9696A68095C2B69575C53F821307E1C94
:104620005654D855697801308842F1D39AF802007F
:10463000E0B309F18C040025002600BF14F8040C37
:10464000DAF8281000F00F024819826314F8041CED
:104650000909C16314F8071C01F00F01416314F844
:10466000071C0909016414F8061C01F00F014164DC
:1046700014F8061C0909816414F8051C01F00F01E7
:10468000C16414F8051C0909016514F8081CC1F37C
:10469000400180F85E10214604F0E4FF9AF8020021
:1046A00001369835864204F11404C7D3D8F8009037
:1046B00099F80280B8F1000F57D0D9F828E000230C
:1046C0004FF0980C4FF41575012400BF03FB0CE16B
:1046D00091F8621001292FD0032917D0022941D166
:1046E000D9F80470F95C00293CD0D9F81000D9F849
:1046F000306050F823200021505C013110FB056030
:1047000080F8C641F85C8142F6D32BE0D9F80470FA
:10471000F85C38B3D9F81000D9F8306050F823208D
:10472000002100BF505C013110FB056080F8C641DC
:10473000F85C8142F6D315E0D9F80470F95C89B1D0
:10474000D9F81010D9F8306051F82320002100BFAB
:10475000505C013110FB056080F8C641F85C814275
:10476000F6D300BF01334345B0D1DBF848700120D8
:104770000021B7EE000A00BF57F82120002602EB07
:10478000810300BFB14205D193ED001AB4EE401A87
:1047900004E000BF92ED001AB5EE401AF1EE10FAF7
:1047A00006F1010618BF0020082E02F10402E9D12B
:1047B00001310429E0D1002818BF00279BF802002E
:1047C0000B97B8B3DDF82C9000250026DBE90A0131
:1047D000DBE904380D91DBF8381000EB050EDBF84F
:1047E00018000C91DBF83C1058F8268050F8260091
:1047F000DBE90C7A0E91DBE9104CDBE9011253F88E
:104800002630CDE900800D980297CDE9030A0C9877
:104810000E9F31443244CDE905047046CDE908C904
:10482000079701F0F9FB9BF802000136864205F17B
:104830009805CBD31FB0BDE8F08F00002DE9F04FF5
:1048400083B045F2A076C1F2000637680446386BA3
:104850004FF4157804FB08000D4604F00DFF306896
:104860004FF4D276C06A05F1500104FB060004F053
:10487000A6FDF86A95F8C61004FB060003F05EFC7E
:10488000F86A05F1A40C04FB060095ED270AD5EDA6
:10489000280A9CE80E10D5F8B460CDE900C604F0F3
:1048A000D3F8386B5FFA84F904FB080049462A46BE
:1048B00000F0BEFF387B90B34FF04C0A002604FB9B
:1048C0000AFB4FF0000800BF97F84D10042908D1EB
:1048D000796B604300FB0A10304405F09EFFB8B9C5
:1048E000387B796BD5F898200BFB001095ED320AD8
:1048F0003044494601F090FC45F2A070C1F200003E
:10490000006895ED330A406B04FB0A0005F07CFF5C
:10491000387B08F10108804506F14C06D4D303B07A
:10492000BDE8F08F45F2A072C1F2000212684FF4A8
:104930001573126B00FB032003F0E4BB45F2A07378
:10494000C1F200031B6800EE101AD3F830C04FF418
:10495000157300FB03C001EE102AB8EEC00AF8EE92
:10496000C10A01F0FFBB45F2A072C1F20002126859
:104970004FF41573126B00FB032004F07DBE0A4652
:1049800045F2A071C1F2000109684FF4D273C96AFF
:1049900000FB0313C1B2184601F00CB845F2A07237
:1049A000C1F2000212684FF4D273D26A00FB0320F6
:1049B00003F04ABF10B582B045F2A072C1F2000206
:1049C00012684FF4D273D26A91EC020A00FB032002
:1049D000D1E902C2D1E9043E8C696146CDE900E427
:1049E00004F032F802B010BD45F2A071C1F200012E
:1049F00009684FF4D272C96A00FB021004F06CBE61
:104A000045F2A072C1F2000212684FF4D273D26A6A
:104A100000FB032004F02EB900F07EB870B545F21B
:104A2000A074C1F200042268907858B100250026D5
:104A3000906A284400F0CCFD2268013690789835C1
:104A40008642F5D3D06A517892F84C20BDE8704088
:104A500001F0A4B945F2A072C1F200021368024647
:104A6000186B4FF4157302FB03000B4611461A46F0
:104A700001F0ECBA45F2A070C1F20000006890F8B5
:104A80004E00704745F2A072C1F2000212684FF466
:104A9000D273D26A00FB032001F0FDBAF0B581B0F9
:104AA00045F2A077C1F2000716463A680446106B3B
:104AB0004FF4157204FB02000D4603F0E7FA40B113
:104AC00038684FF4D271C06A04FB0100294603F034
:104AD00038FB46B138684FF4D271C06A04FB01005C
:104AE000D0F89C00286101B0F0BD000070B545F21F
:104AF000A074C1F200042068817861B1002500260D
:104B0000806A0D21284405F08FFE206801368178E7
:104B100098358E42F4D370BDF0B581B02DED048B85
:104B200045F2A070C1F200000468002C00F07F8004
:104B300060789FED419A01250026B7EE008A4FF478
:104B40001577A070257300BF606800228555E06965
:104B50008655606A8655206950F826000670206CDC
:104B6000A16B50F8260051F8261000BF9642B0EE17
:104B7000490A02F1010208BFB0EE480AA0EC010A9E
:104B8000A1EC010A042AF1D1A06C002150F8260002
:104B90008E42B0EE490A01F1010108BFB0EE480AA9
:104BA000A0EC010A0829F3D1206B06FB070000F0F6
:104BB00022FBA0688555A06950F8260006700136D2
:104BC000042EC1D100254FF4D27600BF206A002206
:104BD0004555606950F825000570606CE16B50F830
:104BE000250051F8251000BF9542B0EE490A02F1A8
:104BF000010208BFB0EE480AA0EC010AA1EC010ACC
:104C0000042AF1D1E06A05FB060000F08AFB0135B9
:104C1000042DDBD1002500BF606B284401F0D9F9D9
:104C20004C35B5F5187FF7D1FF2084F84D00BDEC69
:104C3000048B01B0F0BD00BF00000000F0B581B0F2
:104C400045F2A075C1F200052A68137B8BB10C46B2
:104C5000516B58434C2200FB02100026214600F104
:104C60004C0701F0A8FD28680136007B86423846D3
:104C7000F4D301B0F0BD45F2A072C1F20002126897
:104C80004FF4D273D26A00FB032004F01FBD45F23B
:104C9000A072C1F2000212684FF4D273D26A00FB14
:104CA000032005F03DBF45F2A072C1F20002126878
:104CB0004FF4D273D26A00FB032006F06AB945F2C2
:104CC000A072C1F2000212684FF4D273D26A00FBE4
:104CD000032003F0E3BF45F2A072C1F200021268A4
:104CE0004FF4D273D26A00FB032004F068BB45F294
:104CF000A071C1F2000109684FF4D272C96A00FBC9
:104D0000021003F0ABBE0000F0B581B045F2A07711
:104D1000C1F200073C680E4605465CB916F0CEF8B5
:104D200004215022012316F0D3F8044600283860ED
:104D300000F0DF80042026706570A57000F042FD51
:104D4000A06216F0BBF804210122042316F0C0F87B
:104D5000606016F0B3F804210122042316F0B8F8BD
:104D6000A06016F0ABF804210422042316F0B0F87A
:104D7000206116F0A3F804210422042316F0A8F8F9
:104D8000606116F09BF804210422042316F0A0F8B9
:104D9000A06116F093F804210122042316F098F87C
:104DA000E06116F08BF804210122042316F090F83C
:104DB000206216F083F804210122082316F088F8F7
:104DC0006062042008F0D0F82063042008F0E4F8C2
:104DD000E062082001F076F8606316F06FF80421B5
:104DE0000422042316F074F8A06316F067F8042177
:104DF0000422042316F06CF8206416F05FF80421F6
:104E00000422042316F064F8E06316F057F8042136
:104E10000422042316F05CF8606416F04FF80421B5
:104E20000422042316F054F80025A06416F046F876
:104E300004210122042316F04BF8216941F82500D2
:104E400016F03CF804210422042316F041F8A16B6B
:104E500041F8250016F032F804210422042316F04C
:104E600037F8216C41F8250016F028F804210422B7
:104E7000082316F02DF8A16C41F825000135042D0A
:104E8000D4D1002516F01AF804210122042316F0CB
:104E90001FF8616941F8250016F010F8042104227A
:104EA000042316F015F8E16B41F8250016F006F81A
:104EB00004210422042316F00BF8616C41F825004C
:104EC0000135042DDED1002515F0F8FF0421012263
:104ED000082315F0FDFFA16941F825000135042DD7
:104EE000F2D1002084F84E00FFF716FE204601B0F4
:104EF000F0BD0024FAE745F2A072C1F20002126888
:104F0000D369926A185C982310FB032005F08CBCCF
:104F100045F2A072C1F200021268D369926A185C6D
:104F2000982310FB032006F05FB845F2A071C1F290
:104F3000000109684FF41572096B00FB021001F0C3
:104F400055BA45F2A071C1F2000109684FF415721B
:104F5000096B00FB021001F05EBA45F2A071C1F2CC
:104F6000000109684FF41572096B00FB021001F093
:104F700080BA45F2A071C1F2000109684FF41572C0
:104F8000096B00FB021001F0A3BA45F2A071C1F257
:104F9000000109684FF41572096B00FB021001F063
:104FA000ACBA45F2A071C1F2000109684FF4157264
:104FB000096B00FB021001F0B5BA45F2A071C1F215
:104FC000000109684FF41572096B00FB021001F033
:104FD000D8BA45F2A071C1F20001096881F84E000B
:104FE000704745F2A071C1F2000109684FF41572D3
:104FF000096B00FB021000F08AB9000070B545F2A1
:10500000A074C1F2000421680A7B7AB1496B504355
:105010004C2200FB0210002500F14C0601F0FCFBC5
:1050200020680135007B85423046F5D370BD000015
:10503000F0B581B045F2A076C1F200063268137B6C
:105040008BB10C46516B58434C2200FB02150027D4
:1050500034F82710284601F003F930680137007B47
:105060004C358742F4D301B0F0BD45F2A071C1F2D6
:10507000000109684FF41572096B00FB021006F07D
:1050800057B845F2A071C1F2000109684FF41572DA
:10509000096B10FB021004F08BB945F2A072C1F24B
:1050A000000212684FF4D273D26A00FB032004F0AE
:1050B00017BB45F2A072C1F2000212684FF4D2731E
:1050C000D26A00FB032006F088B845F2A072C1F254
:1050D000000212684FF4D273D26A00FB032003F07F
:1050E00001BC45F2A072C1F2000212684FF4D27303
:1050F000D26A10FB032003F0D7BD45F2A072C1F2C3
:10510000000212684FF4D273D26A00FB032005F04C
:105110005BBF0146082025F018BF0146062025F098
:1051200014BF0146072025F010BF0146092025F0D5
:105130000CBF04207146084202D0EFF3098001E061
:10514000EFF308808169FFF7ECBF052025F0E5BE8D
:105150000B2025F0E2BE04207146084202D0EFF396
:10516000098001E0EFF308808169FFF7DEBF70B5C9
:1051700044F24834C1F2000420464FF4A871FCF711
:105180009DFF40F2FF10C0F2023020644FF6FF7026
:105190000125A4F8610004F17000902184F85450B6
:1051A000FCF78CFF002604F5967084F8286184F8DB
:1051B000296184F82A610DF0F2FE4FF47A70C4F888
:1051C00038014FF4C8704FF42F716423C4E95001C3
:1051D00040F2293040F2000284F83061A4F83251E4
:1051E000C0F60300C0F602022146C4F84831BDE80B
:1051F0007040FCF7EBBD2DE9F0474FF0000A044684
:10520000C0F864A08C30122104F1A00504F5827866
:10521000FCF754FF28466021FCF750FF404600F0A1
:1052200045FE04F58879484600F040FE04F58E7688
:10523000304600F03BFE04F59477384600F036FE29
:1052400004F59A75284600F031FE4046642105F0C9
:10525000EFFD4846642105F0EBFD3046642105F082
:10526000E7FD3846642105F0E3FD2846642105F09A
:10527000DFFD404600F0A5FE304600F0A2FE4846A5
:1052800000F09FFE384600F09CFE284600F099FE94
:1052900004F5A07000210022002300F014FF201D5F
:1052A00007F05CFE0B2004F5DC75A4F8A801284685
:1052B000A4F8C4A184F8AAA100F0F8FD04F5D676FC
:1052C000304600F0F3FD284641F2883105F0B0FD8C
:1052D000304641F2883105F0ABFD284600F071FE02
:1052E000304600F06EFE04F16C00202104F5F275EA
:1052F00084F8C6A184F868A0FCF7E0FE28462821BF
:10530000FCF7DCFEFF2084F80802BDE8F08790ED92
:10531000320A00F5A070BDEEC00A10EE101A00F0BF
:10532000F1BEB0B54FF4D2710446FCF7C7FE4FF0A2
:105330007E50606040F20110A4F800014BF2B00012
:10534000A4F81C01002504F5907084F80451C4E908
:105350004255C4E9445500F0A9FD04F5A27000F0DF
:10536000A5FD04F596701421FCF7A8FE04F5B870AD
:105370002A21FCF781FE0020C4F2C8204DF20A71F8
:1053800047F2A40204F5AC73C3F62341C3F67D7261
:1053900027C384F86851C4F86C51B0BDB0B52DED89
:1053A0000A8B0D4691F82410012202FA01F100EE59
:1053B000101AB8EEC00AB7EE008A88EE009A95ED92
:1053C000000A95ED033AA96995ED011A95ED022AB7
:1053D00004460160142120EE09AA29EE030A80ED9B
:1053E00001AA80ED040A143029EE02BA29EE01CA9E
:1053F000FCF764FE95ED070A95ED081A29EE000A00
:1054000084ED0D0A29EE010A84ED0E0A9FED200AB3
:10541000B2EE041A2BEE000A2AEE011A31EE001A3F
:1054200080EE011A28699FED192A6969A06200209F
:105430002CEE022AB5EE400A9FED163AC4E914108C
:1054400084ED032AF1EE10FA4FF00001B5EE40AA08
:1054500038EE412AA06584F85C0084ED020A18BF8A
:105460000121F1EE10FA18BF012020EE020AB0EE81
:10547000432A08401CBFB0EE412AB0EE403A84ED0A
:105480000B2A84ED0C3ABDEC0A8BB0BD6F12033AC7
:1054900000007A440000000090ED081A90ED033AF5
:1054A00090ED094A30EE015A23EE055A90ED0A3A82
:1054B00090ED012A35EE044AB4EE434A20EE022A6A
:1054C000F1EE10FA80ED094A06DCB1EE433AB4EE93
:1054D000434AF1EE10FA03DAB0EE434A80ED093A9E
:1054E00032EE042A90ED074A90ED0B5A90ED0C6ACB
:1054F00030EE411A25EE044A26EE011A90ED003AEC
:1055000031EE041A32EE014A90ED142A80ED071AAA
:1055100034EE031AB4EE421AF1EE10FA80ED080AE6
:1055200002DDB0EE421A08E0B1EE420AB4EE401AD3
:10553000F1EE10FAB8BFB0EE401A90F85C10B0EE81
:10554000410A013903292ED8DFE801F0021D0B14AE
:1055500090ED160A90ED152A9FED193A9FED194A24
:1055600019E090ED160A90ED152A9FED113A9FED86
:10557000114A10E090ED160A90ED152A9FED123AAF
:105580009FED124A07E090ED160A90ED152A9FED67
:105590000A3A9FED0A4A31EE000A20EE030A22EE93
:1055A000042A32EE000A80ED150A80ED161A7047C3
:1055B0001F4C243B68B77E3F75B2613B9B3C7E3FEE
:1055C00072FA183C2C387B3F8F90CD3A6F327F3F78
:1055D0002DE9F047044602F0D9FD204603F07CFF98
:1055E00094F85F0020B12046BDE8F04702F0F6BA1B
:1055F00094F86810FF2904D1002084F85F00BDE80A
:10560000F087D4F80080E26E98F800A047F230539B
:105610009A4218DA606890F80080501CE066C81E54
:1056200001220B2884F85F2000F26D80DFE800F093
:1056300007068606067E82768A7A8E72DCE7204628
:1056400005F084FE85E0FE2921D1BAF1000F53D088
:10565000A168626900234FF4157E4FF4D27C554651
:10566000CE5C16FB0E2696F80872062F0CD106F5B6
:10567000F675E668A769F65C686916FB0C76F06358
:10568000A869306498F800500133AB42E8D3FF209A
:1056900084F868004FF00B080020BAF1000F84F87E
:1056A0005A8084F85F0025D000274FF415794FF415
:1056B000D27600BFD4E90201D4E90523C05D10FB16
:1056C000092080F8A881C85D002110FB063001F098
:1056D0000BF8E068A169C05D10FB061000F04BFC00
:1056E000E068A169C05D10FB061001F043F80137C6
:1056F000BA45DFD1BDE8F087FF2084F868000B20B1
:1057000084F85A0078E7FE297FF476AF204607F048
:1057100007F81EE0204606F061FB1AE0204606F07E
:10572000B9F916E0204606F021FB12E0204605F00C
:105730004BFE0EE0204605F077FF0AE0204605F01C
:1057400021FE06E0204606F051FA02E0204606F06F
:1057500029FB002884F85F0008BFBDE8F087B8F196
:10576000000F0ED000274C262069E169C05D10FBB8
:10577000061003F0ABFE00283FF43EAF0137B845FA
:10578000F2D1FF2084F86800204602F0FFFC0020E0
:10579000BAF1000F84F85A000DD0A16862694FF485
:1057A000157300BF11F8017BBAF1010A17FB03273B
:1057B00087F8A801F6D120460121BDE8F04705F0A1
:1057C00033B800002DE9F04F81B0054615F076FBA7
:1057D000042198222B46982615F07AFB04461DB327
:1057E00005FB06FB00264FF00B084FF001094FF0B8
:1057F000FF0A0027E51905F114002021E651C5E94B
:105800000166EE60FCF75AFC05F134002021C5F872
:105810005A80FCF753FC9837BB45A5F85E90A5F875
:10582000616085F868A0E5D1204601B0BDE8F08F41
:105830002DE9F047044690F89D001546217050B1BF
:105840009FED551A9FED553A9FED552ADFED550A0C
:105850009FED550A13E095ED1F1A95ED1E0A95ED83
:10586000202A95ED213AF8EEC10A95ED251AB8EEF9
:10587000C00AB8EEC22AB8EEC33AB8EEC11A04F1B3
:105880008C0080EC030A49F2806084ED280AC4EDA4
:10589000290A84ED2A2A84ED2B3AC4F6183095EDB6
:1058A000222AC4F89800D5F89000B7EE003AD5F84F
:1058B0008C10DFED3F1A83EE023AC4F8F400B5EE27
:1058C000402A04F5A070C4F8FC1084ED3E2A9FED38
:1058D000374AF1EE10FA08BFB0EE443A84ED403A90
:1058E00003F072FFB5F8BC1004F58E79484605F058
:1058F0009FFAB5F8BE1004F59A78404605F098FA7C
:10590000B5F8C01004F5947A504605F091FAB5F850
:10591000C21004F58877384605F08AFAB5F8C41045
:1059200004F58276304605F083FA484600F049FBDC
:10593000384600F046FB504600F043FB404600F07E
:1059400040FB304600F03DFB002095F8D410C4F831
:105950000001D5F8D000606684F86810D1B1D5F8A0
:10596000E010D5E936026167C4E91B02D5F8EC10F6
:10597000D5E93902C4F88010C4E91E02D5E93C011A
:10598000C4F8840004F50370C4F88810BDE8F0473B
:1059900009F069BFBDE8F087000080465575D8461C
:1059A0005575D8C65555D5465555D5C60000000085
:1059B0008096184BF0B581B02DED068B9AB08170B2
:1059C0000446906F4FF0FF31606092F88D001546ED
:1059D000C0F340002074D06FB0F1FF3FC8BF012179
:1059E000616592ED240A92ED051A84ED160AB2F86B
:1059F0009A00BDEEC11A6082D2F89C00E063D2F832
:105A0000A0002064D2F8800084ED1B1AE065B2F992
:105A10008800A067B2F98600E067B2F98400627876
:105A2000C4F88000B5F99810022A88B200F07A8193
:105A3000012A40F0958100B2B0F5FA4FA8BF4FF4AB
:105A4000FA40A061A5F89800002084F8500195F86C
:105A50008D00C0F3800084F8500195F88D10CA07BE
:105A600004D0023084F8500195F88D100A0704D54F
:105A7000083084F8500195F88D108A0705D540F05C
:105A8000040084F8500195F88D10CA0604D5103032
:105A900084F8500195F88D10490644BF203084F8F1
:105AA0005001E86FB2EE041AA4F85101B5F88A006B
:105AB00020EE010AA4F8530195F88C00BDEEC00A4F
:105AC00084F8550110EE100A84F856012046294644
:105AD00008F0D4F805F12801204608F069F995F896
:105AE0007400012606FA00F000EE100AB8EEC00AB3
:105AF000B7EE001A81EE000A95ED141A21EE00AA05
:105B0000B5EE40AAF1EE10FAC0F2A98095ED151A93
:105B100021EE009AB5EE409AF1EE10FAC0F29F80A5
:105B200095ED161A21EE001AB5EE401AF1EE10FAB4
:105B3000C0F2958095ED171A20EE018AB5EE408AE5
:105B4000F1EE10FAC0F28B8020780027020300F0FB
:105B500007013FFA82F242EA01210844159003202E
:105B6000ADF85800ADF85F0015A88DF85A70CDF863
:105B70005B708DF8617019970CF002FE20788DF83B
:105B80004670020300F007013FFA82F242EA012167
:105B90000844109040F20320ADF844001AEE101AA9
:105BA000ADF84B0010A8CDF847108DF84D708DED75
:105BB00014AA0CF0E5FD20788DF83270020300F095
:105BC00007013FFA82F242EA012108440B9040F2B9
:105BD0000330ADF8300019EE101AADF837000BA8FD
:105BE000CDF833108DF839708DED0F9A0CF0C8FD9B
:105BF00020788DF81E70020300F007013FFA82F250
:105C000042EA01210844069040F20370ADF81C00FE
:105C100018EE101AADF8230006A8CDF81F108DF865
:105C200025708DED0A8A0CF0ABFD20788DF80A7096
:105C3000020300F007013FFA82F242EA0121084420
:105C4000019040F20310ADF80800ADF80F0001A874
:105C5000CDF80B708DF8117005970CF091FD207840
:105C6000B5F89A20030300F007013FFA83F343EAF3
:105C7000012108440B900BA8ADF830200CF0F5FC86
:105C80002078D5F88420070300F007013FFA87F752
:105C900047EA0121B5F888300844CDE9100210A880
:105CA000ADF848300CF0CDFC207840F200730202D1
:105CB00042EA0032C0F20F031A40D5F894101044A3
:105CC00015908DF85860002615A8CDF85910ADF83C
:105CD0005D600CF052FC2078D4F85021070300F0EE
:105CE00007013FFA87F747EA0121084415A9D4F8CC
:105CF00054310DC115A80CF068FC04F5A2752846B6
:105D0000322105F095F8284600F05BF904F590750E
:105D10002846322105F08CF8284684F81D6100F0F1
:105D200050F920E000B2B0F5526FA8BF4FF45260B6
:105D3000A06195ED250AA5F89800B5EE400AF1EEB0
:105D400010FA15D095ED031AB5EE401AF1EE10FADF
:105D50000ED0B7EE002A82EE011A84ED670A0CE03D
:105D6000A161A5F898001AB0BDEC068B01B0F0BD9A
:105D70009FED091A0020C4F89C012078002184EDD1
:105D8000681A000984F81C111AB0BDEC068B01B02A
:105D9000BDE8F0402EF016BE00000000B0B58AB09D
:105DA0000C46012A14D0022A4AD1002C48D000F116
:105DB0009C0500BF296815F89C0C45F8801C00095B
:105DC00009B22FF02FF9013C05F5D275F2D137E079
:105DD000002140F20772089101910092CDE9022161
:105DE000CDE90421CDE906218DF821102CB300F175
:105DF0009C01EC46042C28BF042400BF002814BFDB
:105E000011F89C3C07239DF82050032D11D81A034C
:105E10003FFA82FE03F007024EEA022202EB030E73
:105E20006B1C0A688DF820300CEBC5034CF835E08C
:105E30005A60013C01F5D271E0D168460CF02EFBAE
:105E40000AB0B0BDB0B504464078012803D194F83B
:105E50001421D2071AD14A1E91B2042916D8D2B2FF
:105E6000172323FA02F2D20710D00EA2555C0228A3
:105E70000ED001280AD12046294607F041FE04F53C
:105E8000907084F81D5100F09CF809E00020B0BD2E
:105E90002FF09EF9207800092EF03AFE84F81C516C
:105EA0000120B0BD500A06500B0000004CF6002146
:105EB000C3F69A310022C0E900128260704721F0D7
:105EC00011BC000070B5044614F0F8FF04214C2208
:105ED00023464C2514F0FCFF5CB304FB05F10022C3
:105EE0004FF0010C6FF0802E4FF07E53002400BF66
:105EF000051995F8406000F804C006F0F0064C342F
:105F00000736A142A5F83B2085F83D2085F83A20C8
:105F10002A87C5E90122C5E90322C5E90622C5E9A8
:105F20000832C5E90A22C5E90C2E6A6485F840608A
:105F3000DED170BDB0B5D0E90B3CD0E902E5A3EBF2
:105F40000C0403630EF1010305EB040C9342C0E95A
:105F5000023C0DD9BCF1000F48BFCCF1000C00226F
:105F60008C454FF00001B8BF0121C0E9022200E0DA
:105F700000210846B0BDB0B50446407802280FD0D5
:105F8000012818BFB0BD20460021002507F0B8FD4C
:105F900004F5907084F81D51BDE8B04000F011B8D0
:105FA000207800092EF00EFD94F81C012A21A0286B
:105FB0001CBF002084F81C0104F5B870FCF75CF8E5
:105FC000B0BDD0E90021914238BF016081684160D5
:105FD00070470122002102706FF08022C0E90C128C
:105FE00090F840204FF07E53A0F83B1080F83D1011
:105FF00080F83A100187C0E90111C0E90311C0E936
:106000000611C0E90831C0E90A11416402F0F0014B
:10601000073180F8401070472DE9F04FDDE911ECB1
:10602000DDE90F98DDE90DBADDE90B54DDE909760C
:1060300080E88E00C0E90465C0E9064BC0E908A805
:10604000C0E90A9EC0F830C0BDE8F08FB0B5044684
:10605000B0F8A8011546908404F5A07001F06EFD1B
:10606000002818BF012094ED320A94ED331A94ED04
:10607000342A85F82600D4F8D400BDEEC00ABDEE5F
:10608000C11ABDEEC22A85ED000A85ED011A85ED23
:10609000022AE860B0BD10B50C46D0F81CC0826A78
:1060A000416F436B4FF0000E84E80C40A181A4F8CF
:1060B00010C006F0D7F928B142F22860C0F60600F9
:1060C0000068606110BD80B500EE101A01EE102A64
:1060D00002EE103AB8EEC00AB8EEC11AB8EEC22A03
:1060E000002200F1300180ED050A80ED061A80EDF6
:1060F000072AC0E9082280F8282008461421FBF767
:10610000DDFF80BD90ED000A90ED011A02EE101A3D
:10611000B4EE410AF1EE10FAB8EEC22A0ED0B4EE97
:10612000420AF1EE10FA0BDCB4EE421AB0EE420A6B
:10613000F1EE10FAB8BFB0EE410A01E0B0EE420A4B
:1061400010B500F1180180ED040A80ED050A00F198
:10615000300408461121FBF7B1FF20461421FBF75C
:10616000ADFF10BD014690F89D009FED0B1A9FED0D
:106170000B2A002804BFB0EE401AB0EE602A81ED71
:10618000231A9FED071A01F5A070F0EE411A81ED78
:10619000242A03F019BB00BF5555D5C65555D54621
:1061A0000000000010B504464078022811D00128F4
:1061B00016D12046092107F0A3FC002084F81D0118
:1061C00004F59070FFF7FDFE04F5A270FFF7F9FEED
:1061D00006E0207800092EF0F5FB002084F81C0171
:1061E000002084F80401C4E94400A4F80601A4F8DE
:1061F0004001A4F8020110BD90F81C1101200B29E8
:1062000005D800FA01F212F4446F18BF7047502904
:106210001CBF00207047704710B5044690F83D0041
:1062200084F83B1048B194F840204FF07E50012193
:10623000C4E9071022F004000DE04FF0FF30B2F186
:10624000FF3FC8BF0120E061204684ED090A05F048
:1062500023F894F8400000F0FE0084F8400010BDE0
:10626000002800F0B98070B586B0044690F83D0073
:10627000002840F0AE8094F84000C20740F0A980AA
:1062800000224307226313D4B4F934006282A28946
:10629000A18130B18A1A12B2824242DC404290425D
:1062A0003FDCE2892046914220D150F82C1F3EE08D
:1062B00022780D2A00F28B80012303FA02F243F6C2
:1062C00002631A4272D094F83C20002A06BFA181D2
:1062D0000B46A389B4F934605B1AB3421ADB7642E9
:1062E000B34217DC002084F83C0070E050F82C3FEB
:1062F0008A1A20F81E1C50F8041C20F81A2C01FAE7
:1063000082F140F8041CC3EBC3014FF47A7313FB12
:1063100002110EE0013253B20A2B84F83C2048DA15
:1063200055E0204650F82C1F828901328281C1EB52
:10633000C101C91001601FF0CDFE1FF0D4FE05465B
:106340000E461FF0C7FE1FF0D5FE02462846314616
:106350000023FBF780F952EA03003AD1208FC0B343
:1063600094F93B100025ADF80E10CDE9040502208C
:106370000A21ADF80C501EF0A7FD029011F074F93F
:1063800002AE032100220023009611F04AF9208F6B
:10639000E18E884208D994F8440040F0100084F857
:1063A0004400012084F83A00258712E012F0180F0B
:1063B0000DD0228AA181E181891A89B2A1620021CE
:1063C00000F0FA00618284F83C1084F8400000205C
:1063D000E06206B0BDE87040704790F82C0100F014
:1063E00003000138B0FA80F04009704710B52DED78
:1063F000028B044600F59A70B0EE408AFFF7E1FD8B
:1064000094F8A801062806BF84ED2D8A01200020FB
:10641000BDEC028B10BD90F8A81109291CBF00200B
:106420007047B0EE401A90ED230A90ED242AB4EEA6
:10643000420AF1EE10FA0ED0B4EE401AF1EE10FA64
:106440000BDBB4EE421AB0EE410AF1EE10FAC8BF0F
:10645000B0EE420A01E0B0EE410A80B5002180EDC5
:106460002E0AC0F8BC1000F5A07002F0E5FC012077
:1064700080BD90F8A8210021082A27D8012303FA1B
:1064800002F212F4C17F21D090ED231A90ED242A5C
:10649000B4EE421AF1EE10FA0ED0B4EE410AF1EE6B
:1064A00010FA0BDBB4EE420AB0EE401AF1EE10FA2D
:1064B000C8BFB0EE421A01E0B0EE401A80B5B0EEAF
:1064C000410A06F02AFE0121BDE8804008467047D7
:1064D00010B52DED028B044600F59470B0EE408AA5
:1064E000FFF76FFD94F8A801502806BF84ED2D8AB0
:1064F00001200020BDEC028B10BD10B52DED028BEC
:10650000044600F58870B0EE408AFFF75AFD94F813
:10651000A801032806BF84ED318A01200020BDECCC
:10652000028B10BD10B52DED028B044600F58E7068
:10653000B0EE408AFFF745FD94F8A8010E2809D176
:1065400094ED250AB4EE408AF1EE10FA04DDB0EEC7
:10655000408A0AE0002011E0B1EE400AB4EE408A21
:10656000F1EE10FAB8BFB0EE408A04F5A070B0EEBC
:10657000480A84ED2F8A02F0EDFC0120BDEC028B6D
:1065800010BD10B52DED048B044600F58E70B0EEF5
:10659000608AB0EE409AFFF714FD94F8A81100202D
:1065A0000E2947D8012202FA01F144F28412114265
:1065B00040D094ED250AB4EE409AF1EE10FA02DDD7
:1065C000B0EE409A08E0B1EE400AB4EE409AF1EE27
:1065D00010FAB8BFB0EE409A94ED260AB4EE408AA5
:1065E000F1EE10FA02DDB0EE408A08E0B1EE400AAA
:1065F000B4EE408AF1EE10FAB8BFB0EE408AB5EEC4
:10660000408A84ED2F9A84ED308AF1EE10FA04F579
:10661000A07407D1204603F0EAF820460021FFF7D6
:1066200071FD06E02046B0EE490AF0EE480A02F09D
:106630002FFC0120BDEC048B10BD90F8021109B1B4
:10664000012070474178022906D001290AD190F82B
:10665000140100F0010006E080B52EF0E9FABDE873
:10666000804000E00020002818BF0120704780B55E
:1066700086B0C2B200F0F00160F30A2242EA0130B3
:10668000019040F20170ADF80800002110EE102AD0
:10669000ADF80F0001A88DF80A10CDF80B208DF889
:1066A00011108DED050A0CF06BF806B080BDD0E935
:1066B0000F3293420AD0D0F828C0B1F1FF3FD8BFC3
:1066C0009C450CDB0129A8BF944508DCC26E5342EF
:1066D0009142B8BF0A469942B8BF1A4600E000226C
:1066E0000267C0F89C207047D0E90F3293420AD06D
:1066F000D0F828C0B1F1FF3FD8BF9C450CDB012981
:10670000A8BF944508DC826953429142B8BF0A464B
:106710009942B8BF1A4600E000220262C0F89C20ED
:1067200070470000D0E90F3293420AD0D0F828C059
:10673000B1F1FF3FD8BF9C4515DB0129A8BF9445A7
:1067400011DC00EE101A90ED011AB8EEC00A9FEDB0
:10675000082A21EE000A80EE020A0166BDEEC00A98
:1067600010EE101A01E000210166C0F89C1070477D
:1067700000007A4441780122012980F8012118BFE4
:10678000704780B584B00078020300F007013FFA3B
:1067900082F242EA01210844009000208DF80400B2
:1067A000029068460BF039FF04B0BDE880407047A6
:1067B00080F85C10704710B190F83D2002B170472E
:1067C00090F84020D307FAD11229F8D012F0020233
:1067D000F5D1028E332A39BF01320286012280F8B8
:1067E0003A2002294FF0020204DC71B1022908BFED
:1067F000012205E0032902D00F2906D000E008227B
:1068000090F84410114380F84410002180F83C10A7
:10681000704790F83D00704710B190F83D1001B1FD
:10682000704790F840108907FAD1418E332939BF5B
:1068300001314186012180F83A1090F8441041F06E
:10684000040180F84410002180F83C1070470000DB
:106850002DE9F04F81B02DED048BAAB004464069BC
:106860000D464FF41571164615FB0101FE2291F8F5
:10687000A8B194F85AA081F8A821002184F85A20E0
:1068800084F85F103178CA1E0B2A00F23484DFE8E6
:1068900012F0080232042B02200292010C000C00BC
:1068A000D60048028900B902110194F868208A4292
:1068B00000F02184002284F86810A1686265E26615
:1068C0000F784FF4157517FB0507FE232269D4F8DE
:1068D0001CC087F8A8314F7817FB050787F8A83147
:1068E000897811FB050080F8A83110784C2510FB41
:1068F00005C003F07DFF2069E169407810FB0510B9
:1069000003F076FF2069E169807810FB051003F041
:106910006FFF7068A1692067B0684FF4D275A067F7
:10692000F0686067E068007810FB0510FFF722FF51
:10693000E068A169407810FB0510FFF71BFFE068D5
:10694000A169807810FB0510FFF714FFE068A169CA
:10695000007810FB05100121FFF774FAE068A169C7
:10696000407810FB05100121FFF76CFAE068A1697F
:10697000807810FB05100121FFF764FAE068A16937
:10698000027812FB0512926CE267427812FB051244
:10699000926CC4F88020807810FB0510806CC4F8DD
:1069A0008400A8E310F0F4FB294610F01CFCD6E9A3
:1069B0000121002A00D5524200EE102A90ED331A30
:1069C000B8EE400A21EE000ABDEEC00A10EE102A11
:1069D00048F20003D0F89800CFF6FF73B2F5004FED
:1069E000B8BF4FF4004300280FF66400C8BF04305E
:1069F00090ED000A03EB020880EE010A45F64962B9
:106A00000DF15809C0F606022B46BDEEC00A10EE85
:106A1000100A0F1848465021CDE90087FAF7AAFE60
:106A200000234846294600220093019304F0DEF932
:106A3000E0694C2115FB010041463A4637E10A2145
:106A400084F868100021E1664FF4157115FB010010
:106A500002F016FEA0694FF4D27715FB0700002163
:106A600004F014F9A069012115FB0700FFF7EAF90A
:106A7000D4E90601726815FB07004C27426215FB3A
:106A80000710FFF7C6FE002800F0F181E06915FB52
:106A9000070003F0ADFEB068C4F88C007068C4F85D
:106AA000880042F6E060C4F890004FF47A70C4F8B1
:106AB000940020E396ED020A4FF41577B8EEC00A71
:106AC00015FB070080ED7C0A6069B16915FB0700C2
:106AD000C0F8F4114FF000090E20C4F86C9084F84F
:106AE00068006069317815FB070080F80812012101
:106AF00080F8EC1160690DF1580815FB070080F86B
:106B0000ED9140464621FBF7D9FA606915FB070075
:106B1000D0F8F0013AF0CEF941EC100B70680FF2AA
:106B2000A0620290404646218DED000BFAF722FE4E
:106B3000404629460022CDF80090CDF8049004F09C
:106B400055F916F0CDFB16F06DFE002800F0AD8172
:106B50000DF1580840464621FBF7B0FAD6F804C0BC
:106B6000B7690FF28062404646212B46CDE900C747
:106B7000FAF700FE404629460022CDF80090CDF8F5
:106B8000049004F033F9D6E90478384620F07CFE0E
:106B9000814600F0FE000E2840F02F8216AC204601
:106BA0004621FBF78BFA45F68262C0F606022046C4
:106BB00046214B4616E2FE224FF41579002184F857
:106BC000682015FB09000722E16680F8082280F89A
:106BD000ED1160694FF0010815FB090080F8EC81A8
:106BE0006069D6E9031215FB0900D0F8E8A1501A34
:106BF00000EE100ADAE91E02B8EEC00A121A01EE1F
:106C0000102AB8EEC11A80EE018A00EE101AB8EE12
:106C1000C00A01EE100AB8EEC11A80EE080A30EE82
:106C2000410ABDEEC09A0BF064FB0E218DF81050A6
:106C30008DF811108DED168A8DED179A016816AA40
:106C40004B6A04A99847E0694C2715FB0700B0EE92
:106C5000480A04F07DF9E06915FB070090F8401040
:106C600041F0040180F8401096ED030A9AED1E1AD7
:106C7000B8EEC00A80EE080AB8EEC11A606915FBCA
:106C8000090030EE410AB8EEC91A30EE410ABDEEF5
:106C9000C00A80ED7C0A606915FB090080F8ED816F
:106CA00029E2E0694C23D6E9031215FB030004F046
:106CB0008DF9A0694FF4D27715FB0700002103F08E
:106CC000E5FFA069B4F9401015FB0700FFF7BAF81B
:106CD000C9E0318B012900F00A814FF6FF72914221
:106CE00040F078810C2103E10020E066A0694FF4B8
:106CF000D271331D15FB01000ECBD21A05F07AFBC1
:106D00006169002800F0EE804FF4157015FB00104B
:106D100002F0B6FCE0694C2115FB010003F068FDB0
:106D2000A1E0E069E42115FB0107F8697168C0EB97
:106D3000C032384604F04AF9BA6EB16807F14C0027
:106D4000C2EBC23204F042F9D7F8B420F16807F17F
:106D50009800C2EBC23204F039F9204601F016FA6D
:106D6000A0694FF4D27715FB0700002103F08EFFD6
:106D7000A069012115FB0700FFF764F8A06915FB66
:106D80000700FFF7F7FC60694FF4157115FB010070
:106D90004FF4F851C0F8D011716990ED321A9FED9F
:106DA000E92AC0F8D41131EE021A316990ED240AB3
:106DB000BDEEC12AB8EEC21AC0F8E0114FF46171FD
:106DC000B4EE410AC0F8D811F1EE10FA80ED772A3E
:106DD000BEBFBDEEC00A80ED770AB8EEC01A90EDD6
:106DE000230AB4EE410AF1EE10FAC4BFBDEEC00AA8
:106DF00080ED770A307884F8680001206065002013
:106E0000E06678E1E0694FF4987115FB0107F869D5
:106E10007168C0EBC032384604F0D8F8BA6EB16879
:106E200007F14C00C2EBC23204F0D0F8D7F8B4201E
:106E3000F16807F19800C2EBC23204F0C7F8D7F846
:106E40000021316907F1E400C2EBC23204F0BEF860
:106E5000204601F09BF9A0694FF4D27115FB0100A7
:106E6000002103F013FF307884F8680043E1B06834
:106E7000E169C4F88C007068C4F888004FF47A7037
:106E8000C4F89000C820C4F8940015FB071004F063
:106E900071F8E069B16815FB07002AB0BDEC048BFE
:106EA00001B0BDE8F04F05F027BF4BF60410C0F667
:106EB000060090E88E00D0E90464D0F818C0808BFA
:106EC0000DF1100E8EE88E00ADF82C0004A82946B6
:106ED0000022CDE90864CDF828C0CDF80090CDF8A7
:106EE000049087E04FF4157015FB0010DAE01021D4
:106EF000314491ED000AFE214FF41578002784F803
:106F0000681015FB08000621E76680F808120121C9
:106F100080F8EC116069B8EEC09A15FB080080F8A3
:106F2000F871606915FB0800D0F8E89113F0C0F81B
:106F300013F03BFB002800F0BA80D6E90301081AE1
:106F400000EE100AD9E91E01B8EEC00A081A01EED7
:106F5000100AB8EEC11A80EE018A0BF0CAF90E21B0
:106F60008DF810508DF811108DED168A1797016865
:106F700016AA4B6A04A99847E0694C2715FB07003D
:106F8000B0EE480A03F0E4FFE06989EE081A15FB49
:106F9000070090F8401041F0040180F8401096ED91
:106FA000030A99ED1E2AB8EEC00A80EE080AB8EE70
:106FB000C22A606915FB080030EE420ABDEEC02A05
:106FC00080ED7F2A606931EE400A15FB080080EDF4
:106FD0007C0A7FE045F66B6216AC0BB2C0F6060287
:106FE00020464621FAF7C6FB002320460093294697
:106FF0000022019303F0FAFE7DE0812107EB0800F7
:10700000C8F2080151FB00019FED811ACA1302EB7F
:10701000D171C1EB0131C0EB011000EE100AB8EEE6
:10702000C00A20EE010AB2EE041A20EE018AB9F17C
:10703000040F28BF4FF00F0916F052F9337BBDEE55
:10704000C80A29464A468DED000A16F033F8002892
:1070500057D00DF1580808F121002521FBF70CF855
:107060006C480DF15C0916906AA0071D8ECF00F1E7
:10707000140E90F820009EE8405089E88E008DF8AC
:1070800078000023404629460022CDE91B6CCDF84C
:1070900074E00093019303F0A9FE60694FF4157149
:1070A00015FB010080F8A8B184F85AA023E016F07F
:1070B00017F916F0B7FB002846D060694FF4157138
:1070C00015FB010080ED7C9A606915FB0100002131
:1070D000C0F8FC1196ED020A60694FF41571B8EE24
:1070E000C00A15FB010080ED7D0A606915FB0100F7
:1070F000012180F8F8112AB0BDEC048B01B0BDE885
:10710000F08FD4E905104FF4157715FB071191EDB9
:107110007C0A4FF4D2727168BDEEC00A15FB020002
:1071200010EE102A05F066F980B3606915FB0700C0
:1071300002F0A6FA6069012115FB070080F8ED1145
:10714000D9E700BF000061444BF62410C0F60600EA
:1071500090E88E00D0E904640DF15808D0E906CE1D
:1071600088E88E0000F12007CDE91A64DECFCDE972
:107170001CCE0DF1780C90F838008CE85E000023EE
:1071800023978DF89000009316A830E716AE30468E
:107190004621FAF793FF28A23046462100234FF0FC
:1071A0000008FAF7E7FA304629460022CDF80080B9
:1071B000CDF8048003F01AFE606915FB070071E743
:1071C000476F696E6720746F206861726473746FB3
:1071D00070506F733A252E326620772F2050574D0E
:1071E0003A2564004D6F7665206872645F73747031
:1071F000206D6F746F723D2564207769746820700C
:10720000776D3D256420616E6420637A3D256400BE
:107210000000B43B4572726F7220696E2072656324
:10722000616C69627261746520504F5320656E63B2
:107230006F646572000000004572726F7220696EA3
:10724000207365742068733A207265743D2564006C
:10725000000000C700000047B0B582B0044690F8B7
:10726000A8010B282BD0FE2829D094ED230A94EDF9
:10727000241AB4EE410AF1EE10FA20D094ED2A1A45
:107280009FED9D2A94ED320A31EE021AB4EE410AC6
:10729000F1EE10FA0ADB94ED2B1A9FED982A31EEED
:1072A000021AB4EE410AF1EE10FA08DD94F8E50195
:1072B00040F0020084F8E5010A2084F8A80194F85F
:1072C000C511002900F0F58004F5827001F051FE2F
:1072D000002800F0EC800020C4F8D400C4F8C400FA
:1072E000C4F8EC00012094F8E511084384F8E501A6
:1072F0000A2084F8A801B4F8E60141F2883201308E
:1073000081B29142A4F8E60105D90020A4F8E60173
:1073100084F8E50101E094F8E50194F8E41188426D
:1073200000F0C280227844F21855C1F20005EA80CC
:107330000022C007C5E90222AA8017D011F001007F
:1073400014D1022007211DF0BFFD286010F08CF938
:10735000042100220023009510F063F90FF018FFBC
:1073600021780FF087FF08B12968416194F8E501A1
:1073700080061CD594F8E401800618D40020012171
:10738000C5E90210022014211DF09EFD286010F0B6
:107390006BF9042100220023009510F042F90FF050
:1073A000F7FE21780FF066FF08B12968416194F873
:1073B000E501C0061CD594F8E401C00618D40020ED
:1073C0000221C5E90210022014211DF07DFD286074
:1073D00010F04AF9042100220023009510F021F951
:1073E0000FF0D6FE21780FF045FF08B12968416102
:1073F00094F8E50100071CD594F8E401000718D4BF
:1074000000200321C5E90210022014211DF05CFDBB
:10741000286010F029F9042100220023009510F0C3
:1074200000F90FF0B5FE21780FF024FF08B12968AC
:10743000416194F8E501800718D594F8E4018007CC
:1074400014D4022010211DF03FFD286010F00CF92B
:10745000042100220023009510F0E3F80FF098FEBD
:1074600021780FF007FF08B12968416194F8E50120
:107470000021C5E90201022003211DF025FD28603D
:1074800010F0F2F8042100220023009510F0C9F852
:107490000FF07EFE21780FF0EDFE08B12968416102
:1074A00094F8E50184F8E401012002B0B0BD94F83D
:1074B000A801502811D0062808D0032816D104F5B9
:1074C000887001F056FD78B120200CE704F59A7021
:1074D00001F04FFD40B1102005E704F5947001F074
:1074E00048FD08B10820FEE694F8A8010A283FF4F8
:1074F00002AF0020D9E700BF0080E3C40080E3446E
:1075000010B504460020A4F8E40104F58E70FEF7DF
:1075100058FD04F58870FEF754FD04F59470FEF7ED
:1075200050FD04F59A70FEF74CFD04F58270BDE83D
:107530001040FEF746BD10B50446043005F043FD8B
:1075400094ED320A04F5A070BDEEC00A10EE101AD8
:10755000FEF7D8FDD4F8C800D4F8D4100022C4E94E
:107560002D20C4E92F22C4F8C410C4E93922C4E98B
:107570003B2210BD2DE9F047044690F81C01A028DD
:1075800004BF012084F80201607802280BD12DF09D
:107590004FFB94F8141100F0010001F0FE010844C3
:1075A00084F8140101E094F8140110F001001CBFEC
:1075B000002184F81D116178012950D194F81C1123
:1075C00094F81D21914204D094F80211084300F070
:1075D0003B814FF0000804F5907084F80481FEF7B9
:1075E000F0FC04F5A27001F0C4FC002807BF4FF0C6
:1075F000000A84F803A14FF0010A84F802A194F86C
:107600001801C10704D0B4F80A110131A4F80A1115
:10761000410704D5B4F80C110131A4F80C1100078E
:1076200004D5B4F80E010130A4F80E01B4F8080135
:1076300042F21172013081B29142A4F8080112D3D2
:10764000D4F80A21B4F80E3152EA030003D0A0782E
:107650000B2105F0DCFC0020C4E9420003E04FF000
:1076600000084FF0000A94F81401C00702D194F802
:10767000020198B36078022803D1207800092DF028
:10768000A1F9B4F8060141F28832013081B2914289
:10769000A4F8060108D900200021A4F80601C4F8C6
:1076A0001001A4F8030102E0D4F81011C8B2D4F814
:1076B0001451A94200F0C080EFB2F90715D010F0C4
:1076C00001003E4612D1A07800210022002305F0DF
:1076D0009EFC07F0FE0694F8147107E00020C4F841
:1076E0001001A4F80301BDE8F0873E4638074FEAD1
:1076F00015490BD594F81001000707D4A078012193
:107700000022002305F083FC06F0F70694F816012A
:1077100080070BD594F81201800707D4A0780221C6
:107720000022002305F073FC09F0FD0994F8140110
:10773000410603D594F81011490605D5C1060DD5AB
:1077400094F81011C90609D4A0780321002200235F
:1077500005F05DFC94F8140106F0AF0640B2B0F1FC
:10776000FF3F4FEA15270BDC94F91001002807D4DE
:10777000A07804210022002305F049FC06F07F06D2
:1077800094F8150141060ED594F8111149060AD452
:10779000B4F91420A078D317122105F038FC94F81E
:1077A000150107F0BF0740B2B0F1FF3F0BDC94F9C1
:1077B0001101002807D4A07813210022002305F02E
:1077C00026FC07F07F07BAF1000F08D094F80301F8
:1077D00028B9A07806210022002305F018FCB8F192
:1077E000000F05F07F4508D094F8040128B9A0786F
:1077F0000F210022002305F00AFC5FFA89F045EA18
:107800000040F9B240EA012050EA060505D0A07810
:107810000E212A46002305F0FAFBD4F8140140B1EA
:10782000A0780E212A46002305F0F1FBD4F81401BC
:1078300000E00020C4F8100194F8020184F80481EB
:1078400084F803A1BDE8F08704F5907001F091FB86
:1078500000281ABF4FF0010884F802814FF0000899
:10786000BFE6A03005F0AFBB80B586B0C2B200F075
:10787000F00160F30A2242EA013001904FF4E06027
:10788000ADF80800002110EE102AADF80F0001A895
:107890008DF80A10CDF80B208DF811108DED050A2A
:1078A0000AF06EFF06B080BD90ED081A90ED090A4F
:1078B000B4EE410AF1EE10FA30DA90ED113A90EDA3
:1078C000167A90ED156A20EE033A27EE037A90EDD2
:1078D000145A37EE066A26EE036A90ED134A36EE26
:1078E000055A25EE033A9FED945A90ED062A33EEA1
:1078F000043A23EE054A90ED051A34EE022A22EEF0
:10790000054A34EE011A30EE050A80ED051A80EDC5
:10791000062A80ED073A80ED090A03E04FF0000CDB
:10792000C0E906CC90ED0F1A90ED100AB4EE410AB2
:10793000F1EE10FA42DA90ED123A90ED195A20EE7B
:10794000030A90ED186A25EE005A90ED173A35EECD
:10795000065A25EE000A9FED785A90ED0D4A30EE5A
:10796000030A20EE053A90ED0C2A33EE043A90ED2E
:10797000051A23EE054A34EE022A80ED0E0A32EE95
:10798000010A80ED0C2A80ED0D3A81ED000A90EDA0
:10799000060A90ED0D1A30EE010A82ED000A90ED14
:1079A000070A90ED0E1A30EE010A83ED000A90ED01
:1079B000100A30EE050A80ED100A2FE090F828C07A
:1079C000BCF1000F1ED090ED0D1A9FED5B2A90EDDB
:1079D0000C3A90ED050A21EE021A31EE031A4FF02F
:1079E000000C31EE000AC0F838C080ED0C1A81EDB1
:1079F000000A90ED060A90ED0D1A30EE010A82EDB4
:107A0000000A07E0D0F814C0C1F800C0D0F818C0D0
:107A1000C2F800C0D0F81CC0C3F800C080B590ED1B
:107A2000001A90ED010AB4EE401AF1EE10FA0BD0F4
:107A300091ED002AB4EE412AF1EE10FA07DDB4EE22
:107A4000402AF1EE10FA3FDA4FF0000E39E092EDE5
:107A5000000AB5EE400AF1EE10FA25DA90F828C0D7
:107A6000BCF1000F08D190ED0F0A90ED101AB4EEA2
:107A7000401AF1EE10FA13DA90ED050A90ED0C1AA7
:107A80004FF0000C31EE000A80F828C0C0F83CC06E
:107A9000C0F840C080ED050AC0E90DCCC0E90BCCB0
:107AA0004FF0000CC2F800C093ED000A4FF0FF0E3B
:107AB000B5EE400AF1EE10FA01DA00221A60006811
:107AC00008604FFA8EF080BD92ED000A00F1040CC0
:107AD000B5EE400AF1EE10FA23DD90F828E0BEF191
:107AE000000F08D190ED0F0A90ED101AB4EE401A75
:107AF000F1EE10FA13DA90ED050A90ED0C1A4FF042
:107B0000000E31EE000A80F828E0C0F83CE0C0F832
:107B100040E080ED050AC0E90DEEC0E90BEE002063
:107B2000106093ED000A4FF0010EB5EE400AF1EE41
:107B300010FA6046C1DCC2E76F12833A90ED080A82
:107B400090ED091A0020B4EE401AF1EE10FAA8BF29
:107B50000120704780B5B0F912E0D0E901C39E441E
:107B60000CF101039342C0E9013E0DD9BEF1000FB3
:107B700048BFCEF1000E00228E454FF00001B8BF85
:107B80000121C0E9012200E00021084680BDC16951
:107B9000826A90ED081A514300EE101AB8EEC00A3E
:107BA00080EE010A90ED061AB8EEC11A30EE410AD5
:107BB000BDEEC00A10EE100A7047C169C26A90EDAE
:107BC000081A514300EE101AB8EEC00A80EE010AFE
:107BD000BDEEC00A10EE100A704700002DE9F04F0C
:107BE00081B02DED048B86B08346B0F85800013883
:107BF000042800F23A82DFE800F0A903B26A030029
:107C0000DBF8000090F80090B9F1000F4BD0002590
:107C10004FF41576DBF80800DBF81410405D10FB1C
:107C2000061000F0ABFC0135A945F3D19FEDC88AE1
:107C300000264FF415774FF4D27800BFDBF80C0024
:107C4000DBF82C3010F806C0D3B1DBF80810DBF8F5
:107C5000142053F82C304D46B0EE480A11F8014B71
:107C6000013D03EB840090ED001A14FB072090ED1A
:107C70003C2A21EE021A31EE000AEFD106E000BFE5
:107C8000DBF814001CFB070090ED3C0ADBF8180041
:107C9000BDEEC00A1CFB080010EE101AFEF742FDF4
:107CA00001364E45CAD19BF86200012800F0E381FD
:107CB000022800F0D181032840F0D781584606B051
:107CC000BDEC048B01B0BDE8F04F07F091B9DBF8D3
:107CD00000000778002F00F0C881DBF80800DBF80F
:107CE00014104FF4157200233D4600BF10F8016BCD
:107CF000013D16FB0216C6E92E33C6F8C430C6E9AC
:107D00003933C6F8EC30C6F8F030EFD100244FF428
:107D1000D27600BFDBF80C00DBF81810055D15FB10
:107D200006100021FEF7C3FCDBF81800002115FB4C
:107D30000600FEF7D9FCDBF81800002115FB060051
:107D4000FEF7F0FC0134A742E4D18EE1584606B0BC
:107D5000BDEC048B01B0BDE8F04F01F06BB9DBF86E
:107D6000000002780020002A01928BF8610000F0E8
:107D70006D8100264FF41574012700BFDBF8080061
:107D8000DBF81410805D10FB0415284604F070F930
:107D90009BF85D0018B99BF85A00062805D12846C3
:107DA00000F0ACF908B18BF8617001980136B0426F
:107DB000E4D19FEDB58A4FF0000A4FF415784FF4E7
:107DC000D27400BFDBF80C009BF85D20DBF82010BC
:107DD00010F80A90002A41D000295BD0DBF824007B
:107DE000DBE905C44FF4D27350F8295019FB034066
:107DF000DBF8082090ED012A019CB0EE481AB0EEA5
:107E0000480AF0EE480A00BF12F8017B013C51F825
:107E1000276017FB08C306EB890696ED003A93ED41
:107E2000314A93ED355A23EE044A05EB870734EEC9
:107E3000000A23EE053A93ED334A97ED005A73EEAC
:107E4000200A25EE043A23EE023A33EE011ADBD182
:107E500000F020FD4FF4D27436E000BF69B3DBF8C8
:107E60000800DBF81420019BB0EE480A10F8017BF3
:107E7000013B51F8276017FB082706EB890696EDB2
:107E8000001A97ED3C2A21EE021A31EE000AEDD1DC
:107E90001AE000BFDBE9050119FB080219FB041019
:107EA00090ED011A92ED332A92ED310AD2ED350AA6
:107EB00022EE011A00F0EEFC06E0DBF8140019FBDC
:107EC000080090ED3C0A00BFDBF81800BDEEC00AC8
:107ED00019FB040010EE101AFEF7E9FB01980AF1F5
:107EE000010A82457FF46EAF9BF86100002800F024
:107EF000AD809FED658A4FF000094FF4D2770DF108
:107F0000080A4FF4157800BFDBF80810DBF82C00E6
:107F100011F80950F0B1DBF80C10DBF81820019BC8
:107F2000B0EE489A11F8014B013B50F8246014FB65
:107F3000072406EB850694ED1C0A96ED001AB8EEB0
:107F4000C00A21EE000A30EE099AEBD10AE000BF28
:107F500000000000DBF8180015FB070090ED1C0A7C
:107F6000B8EEC09ADBF814000AEB850415FB080094
:107F700084ED009A00F0C2F860B3DBF81400002131
:107F800015FB080090ED2C0A0022B5EE400AF1EE38
:107F900010FAB4EE490AC8BF0121F1EE10FA00F55B
:107FA000DC70B8BF0122514018BFB0EE409A84ED9A
:107FB000009A00F0DEFF68B1DBF8140015FB080042
:107FC00004F0A7FEDBF8140015FB080000F5DC70D8
:107FD000FDF7F7FF019809F10109814594D19FED63
:107FE0002A8A00254FF4D276DBF80C00DBF820104B
:107FF000405DC9B1DBF80820019BB0EE480A00BF24
:1080000012F8017B013B51F827400AEB870704EB8C
:10801000800494ED001A97ED002A21EE021A31EE49
:10802000000AEDD104E000BF0AEB800191ED000AE7
:10803000DBF81810BDEEC00A10FB061010EE101A87
:10804000FEF735FB019801358542CDD19BF86200E2
:10805000012810D0022808D1584606B0BDEC048B88
:1080600001B0BDE8F04F06F015B906B0BDEC048BC9
:1080700001B0BDE8F08F584606B0BDEC048B01B0EE
:10808000BDE8F04F05F0D0BF0000000090F8C4211B
:1080900062B190ED2E0ABDEEC00A81ED000A90EDAE
:1080A000390ABDEEC00A10EE102A01E000220A6073
:1080B00010B58A6090F8C52162B190ED310A4FF099
:1080C000010EBDEEC00A10EE103A4FF00C0CEC227F
:1080D000042407E000234FF0100CF0220C244FF092
:1080E000000E4B600B51104490ED000A7046BDEE3F
:1080F000C00A10EE102A41F80C2010BD90F9AA0118
:108100007047000091ED000AD1E90121B7EE001A95
:108110009FED092AB5EE400A81EE001A80ED3E0A75
:10812000C0F8FC20C0F8F410F1EE10FA18BFB0EE61
:10813000412A80ED402A704700000000A030FEF781
:1081400037BB90ED240ABDEEC00A81ED010A90ED27
:10815000260ABDEEC00A81ED030AD0F89C00086132
:10816000704790F80101B0FA80F04009704780B57F
:10817000DDE902EC00F13C0780ED050AC0ED060ADE
:1081800087E80E40C0F84CC080BD00002DE9F04FDC
:10819000A7B00168D0F828B00D78BBF1000F0A95A0
:1081A00005904DD0002D6FD0D0E90212D0E905A77F
:1081B0009FEDE10ACDE907214FF4D271002200BF03
:1081C00008980024865C4FF4157016FB00A0034647
:1081D00043F8DC4FC0F8E0405BF826E090F868C058
:1081E000DDF81C90B0EE401AB0EE402A099600BFB0
:1081F00019F8016BBCF1000F16FB01780EEB860439
:1082000098ED123A94ED004AB8EEC33A24EE033AE0
:1082100033EE022A83ED002A0BD198ED193A94ED42
:10822000004AB8EEC33A24EE033A33EE011A80ED69
:10823000381A013DDCD10A9D0132AA42C0D123E0A7
:1082400015B38768D0E905214FF4D27C4FF415703F
:108250002C4600BF17F8013B13FB0C15099313FBC9
:10826000002395ED120A93F86860B8EEC00A83ED1A
:10827000370A2EB995ED190AB8EEC00A83ED380A0F
:108280000A9D013CE6D1FFE7059C206B0028049085
:1082900000F0BA8060680078002808904BD0002772
:1082A0004FF415780DF12C0B4FF04C0A1BAE00BFAC
:1082B000D4E9040110F8079019FB0810D0F8DC008D
:1082C000E1694BF8290019FB0A10FEF7A2FA38B150
:1082D000606919FB0800D0F8DC1046F8291012E09C
:1082E000E06919FB0A00FFF752FC00EE100A94F84F
:1082F0005E00B8EEC00A06EB890181ED000A70B19C
:10830000606919FB080090ED380A089913A8013735
:1083100000EB8900B94280ED000AC9D109E0E069AB
:1083200019FB0A00FFF749FC00EE100AB8EEC00A7C
:10833000EBE7206B0490002D63D005989FED8D0A2C
:1083400081684069079106901BA813A90BAA002712
:10835000079B4FF41576DC5D069B089D14FB0633E6
:108360009C4600264CF8C86FE6464EF8046F002D78
:1083700023AD099445F824603FD0099D23AC04EB5C
:108380008508059C93F868B0D4F81090049C089B6D
:1083900054F825A0B0EE401AB0EE402AB0EE403AB4
:1083A00019F8014BBBF1000F0AEB840500EB8406C2
:1083B00095ED004A96ED005A01EB840624EE054A3D
:1083C00034EE033A8CED003A95ED004A96ED005AF2
:1083D00024EE054A34EE022A8EED002A0BD002EB81
:1083E000840495ED004A94ED005A24EE054A34EEDB
:1083F000011A88ED001A013BD2D10A9D0137AF4224
:10840000A6D1059C099E56E0099E002D53D06069B7
:1084100000274FF415780DF18C094FF04C0A4FF4FA
:10842000D27B00BF2169CE5DE16916FB0800D0F860
:10843000DC0049F8260016FB0A10FEF7EAF938B10D
:10844000606916FB0801D1E93723C1E932232FE027
:10845000E06916FB0A00FFF79AFB00EE100A60695C
:10846000B8EEC00A16FB080181ED320A94F85E20CE
:1084700022B1D1F8E020C1F8CC2019E0E06916FB68
:108480000A00FFF79AFB00EE100AD4E90501B8EEE6
:10849000C00A16FB080282ED330A16FB0B1191EDA0
:1084A000011A21EE000ABDEEC00A81ED0D0A00BFDF
:1084B0000137BD42B6D160694FF4157106FB010169
:1084C00091F86810D1B394F85E10B9B30021002D73
:1084D000CDE91C111B9149D0A34600264FF4157A13
:1084E0000DF18C080DF16C09DBF808108C5D14FBA4
:1084F0000A0505F5037005F1680108EB840205F132
:108500006C0305F1880705F1780C8435CDE9007C12
:10851000CDE9025907F0ACF9DBF814001C9914FB03
:108520000A02C2F8CC100A9B1D990136B342C2F868
:10853000D010D9D11AE000BF00000000B5B1A16889
:108540009FED0D0A4FF4157211F8013B013D13FB2D
:10855000020393ED331A93ED362A83ED361A31EE8A
:10856000422A22EE002A83ED342AEDD127B0BDE85D
:10857000F08F00BF0000000000007A4470B590F852
:10858000A811044600200E2984F8AA0100F2A78051
:1085900001228A4044F284131A4209D004F58E70F5
:1085A00000F0E7FC40B104F5A07001F020F903E011
:1085B00040F202231A425ED004F5A07604F1BC0515
:1085C00004F1B80104F1C00330462A46FFF76CF904
:1085D00094ED2E2A94ED2F0A94ED321A94ED333A4D
:1085E00094F8A90132EE412A30EE433A84ED392A5B
:1085F00084ED3A3A08B394ED234A94ED243AB4EE6C
:10860000434AF1EE10FA09D0B4EE441AF1EE10FA32
:108610005BDDB4EE431AF1EE10FA74DA94ED351A1C
:1086200094ED403A94ED024A23EE011A31EE021A1B
:1086300024EE011A31EE000A72E094F8A80100213C
:108640000828C4F8C410C4F8EC1055DC411E0229F7
:1086500002D3082840F08B80B5EE400AF1EE10FA04
:1086600063D194ED190AB4EE402AF1EE10FA6BDDF5
:1086700032EE400A73E0032931D194ED231A94EDD0
:10868000240A94ED312A94ED353AB4EE401A32EED4
:10869000433AF1EE10FAC4F8B800C4E9390084EDA9
:1086A0003B3A0DD094ED322AB4EE412AF1EE10FAA5
:1086B00040F39780B4EE402AF1EE10FA80F29F80EA
:1086C00094ED400A20EE430AA6E094ED020A9FEDE5
:1086D0005C2AFF2020EE020A34EE411A1CE09FEDD6
:1086E000590AC4E92E00C4F8C400C4E93900C4F82A
:1086F000EC00C4F8F00070BD0E2821D0092836D156
:1087000094ED020A2FE094ED020A9FED4D2A01201C
:1087100020EE020A33EE411A84F8AA0121EE000A83
:1087200094ED251A84ED2F0A48E094ED023A94ED79
:10873000054A22EE032A24EE000A30EE020A14E073
:108740000020C4F8E40012E0B1EE403AB4EE432A4F
:10875000F1EE10FAB4BF32EE000A9FED3A0A94ED42
:10876000022A84ED390A22EE000A84ED2F0A94EDE4
:10877000233A94ED242AB4EE423AF1EE10FA1BD0DB
:10878000B4EE431AF1EE10FA0ADDB4EE421AF1EE3D
:1087900010FA11DBB5EE400AF1EE10FA05DC0BE041
:1087A000B5EE400AF1EE10FA06DA304601F01FF895
:1087B0009FED240A0020286094ED251AB4EE410AAA
:1087C000F1EE10FA06DCB1EE411AB4EE410AF1EE18
:1087D00010FA03DA85ED001AB0EE410A84ED3C0A86
:1087E00070BD94ED020A9FED163AFF2020EE030AB9
:1087F00031EE421A84F8AA0121EE000A0CE094ED51
:10880000021A9FED0F3A012021EE031A30EE420AC0
:1088100084F8AA0120EE010A94ED251A84ED2F0AAE
:10882000B4EE410AF1EE10FA06DCB1EE411AB4EEF4
:10883000410AF1EE10FAD1DA84ED2F1ACCE700BF2D
:10884000CDCCCC3D0000000043784FF0FF32B1F1B9
:10885000FF3FC8BF0122012B426518BF704780B59A
:1088600084B00278A0F85111130302F00701D0F888
:1088700050C1D0F854013FFA83F343EA0121114477
:10888000039001A8CDE9011C09F09FFE04B0BDE8EA
:1088900080407047B0B52DED048BB0EE418A30EECC
:1088A000601A00F1900100F1A005044681EC030A72
:1088B0002846B0EE410AFCF7EFFDD4ED240AB0EEF5
:1088C000409A2846B0EE480A00F078F839EE000ADF
:1088D000BDEC048BB0BD90ED590ABDEEC00A10EEA0
:1088E000100A704770B5C26A48F200058C1ACFF6BC
:1088F000FF7514F5004FD8BF2C461444641A4FF688
:10890000FF7E744424EA0E0421448C1A4FF4004381
:10891000B4F5004FB8BF23461344C91A71446FF32E
:108920000F01631A991801EE101A90ED010AB8EEC2
:10893000C11A81EE001A90ED0E2A4FF47A7CB8EE3F
:10894000C22A046D03FB0CF2C1624FF40041426382
:1089500031EE421ABDEEC11A11EE102A1CB90023E5
:10896000144680F80031436D141B04FB03F616F522
:10897000004FC8BF354604FB1355866C754425EA85
:108980000E0504FB03530265B3F5004FB8BF19464B
:10899000591A71446FF30F01591A721801EE102A17
:1089A000B8EEC11A20EE010A01FB0CF1BDEEC00ABF
:1089B0008264416680ED0A0A70BD000090ED132AC2
:1089C000B1EE421AB4EE410AF1EE10FA19DD90ED63
:1089D000061AB4EE420AF1EE10FA29DD90ED112AE2
:1089E0009FED173A90ED0F4A22EE032A90ED043ADC
:1089F00020EE040A32EE000A23EE202A32EE000AAC
:108A00001AE090ED102A90ED123A20EE020A9FED46
:108A10000D2A90ED041A23EE022A90ED064A30EE5C
:108A2000020A21EE201A31EE000A24EE000A7047F5
:108A300090ED040A20EE800A21EE000A704700BF84
:108A400000247449002474C980B5DDE902ECA0302B
:108A5000CDE902ECBDE88040FFF789BB10B50446C4
:108A6000007800092BF0AEFF94F8160140F00200E8
:108A700084F81601A02084F81C0110BD50B140F606
:108A8000006CC1F2000C9CF8010028B1062906D93F
:108A9000FF2002E0FE2000E0002040B27047DCF83A
:108AA000D00101F0BBB810B504460078042807D106
:108AB00011F0FEFA11F079FD10B9012084F83A00A6
:108AC00094F83A0078B1B4F8460041F288320130A7
:108AD00081B29142A4F8460007D90020A4F84600CC
:108AE00084F8450003E0002010BD94F8450094F898
:108AF000442090422ED0C10702D112F0010109D1C9
:108B0000810702D412F0020104D100070AD412F046
:108B1000080007D094F83B000821002304F0DBFA9A
:108B200094F84420500708D594F83B00092100220E
:108B3000002304F0D0FA94F84420D00608D594F825
:108B40003B000A210022002304F0C5FA94F84420D7
:108B500084F84520012010BD2DE9F04186B090F841
:108B6000A821CDB2AA4201D1012006E00446FE2A86
:108B70004FF0000018BF0B2A02D106B0BDE8F0810B
:108B80000A2A05D10D2DF8D12046FEF7B9FC0DE0DB
:108B90000E2D13D80FF20401DFE805F025250B1A7E
:108BA0000A0A201825250A0A0A080B0000251AE0DF
:108BB000E3E704F58E70FDF704FA14E0502DDCD1E4
:108BC00004F59470FDF7FDF950250CE008250AE046
:108BD00004F58870FDF7F5F9032504E004F59A70B3
:108BE000FDF7EFF9062527780420012184F8A85124
:108BF0004FF001081CF068F9002602908DF80C6017
:108C00008DF80D70ADF80E50CDE904560EF02CFD28
:108C100002AF14A20221002300970EF002FD94F887
:108C2000A8110E2910D808FA01F044F28632104239
:108C30000AD00120032984F8C4010AD094F8A901BC
:108C4000012805D1012004E0032984F8C461F9D08A
:108C5000002084F8C5012046FEF76DFC204602F096
:108C600067FA81E753455420434F4E54524F4C4DC1
:108C70004F44450002464078022807D001280AD117
:108C8000B1F5FA4FA8BF4FF4FA4104E0B1F5526FC5
:108C9000A8BF4FF4526108B2906170474278012A30
:108CA00018BF704705F084B8B0B5054600F5A2704E
:108CB0000C46FDF786F96068C5F8140120786178E4
:108CC00085F81C01B4F9020085F81811E861C1F3B8
:108CD000001085F80101B0BD90F8281041B990ED61
:108CE0000F1A90ED102AB4EE412AF1EE10FA10DAC4
:108CF00090ED051A90ED0C2A002132EE011A80F851
:108D00002810C163016480ED051AC0E90D11C0E9A6
:108D10000B1190ED001AB4EE410AF1EE10FA0ADBE5
:108D200090ED012AB0EE401AB4EE420AF1EE10FACC
:108D3000C8BFB0EE421A90ED020AF4EE400AF1EE1E
:108D400010FA02DDF0EE400A08E0B1EE400AF4EE5F
:108D5000400AF1EE10FAB8BFF0EE400A90ED050AB5
:108D6000F5EE400A31EE400AF1EE10FA4FF0000144
:108D7000B5EE400AC8BF0121F1EE10FA4FF0000233
:108D8000B1EE602AC8BF0122514018BFF0EE420A7E
:108D900030EEA02A80EE020A9FED253A002180EDF8
:108DA000041AB4EE430AF1EE10FA80ED080A07DA6D
:108DB0009FED200A80ED051AC0E90611016233E03B
:108DC000B7EE001A81EE001A90ED063A90ED074AD0
:108DD00033EE422AB6EE086AB1EE400A23EE015A9B
:108DE000B8EE0E3A22EE032ABFEE043A80ED111AD5
:108DF00035EE045A24EE033A22EE011AB6EE002AAA
:108E000025EE065A31EE031A24EE022A32EE453AD6
:108E100032EE012AB1EE422A80ED133A80ED142A97
:108E200080ED155A80ED161A80ED090A704700BFD3
:108E30006F12833A0000000090ED001A90ED012AB5
:108E4000B4EE421AF1EE10FA0ED0B4EE410AF1EE91
:108E500010FA0BDBB4EE420AB0EE401AF1EE10FA53
:108E6000C8BFB0EE421A01E0B0EE401A10B500F1F2
:108E7000180180ED041A80ED051A00F1300408464F
:108E80001121F9F71BF920461421F9F717F910BD44
:108E900090ED0D1AF5EE400A30EE412AF1EE10FA8F
:108EA0004FF00001B5EE402AC8BF0121F1EE10FAE3
:108EB0004FF00002B1EE601AC8BF0122514018BF46
:108EC000F0EE410A30EEA01A82EE012A9FED1F3A21
:108ED000012180F82810002180ED0B0AB4EE432A0E
:108EE000F1EE10FA80ED0F2A08DA9FED191AC1632E
:108EF00080ED0D0A3821B0EE410A20E0B7EE000AFD
:108F000080EE023AB1EE420A90ED0E2AB6EE084A21
:108F100021EE041A642180ED123ABEEE003A22EEF0
:108F2000032AB6EE003A22EE033A31EE031A80ED40
:108F3000171A32EE011AB1EE411A80ED182A0144D7
:108F400081ED001A80ED100A704700BF6F12833A5E
:108F5000000000000021C0E908110163C0E90E1102
:108F60000164012180ED0B0A80ED0D0A80F82810C4
:108F70007047816819B1416819B101394160002019
:108F800070470120704700284FF0FF0047D0B0B570
:108F900082B00C4606293FD80020012A88BF012054
:108FA000B2F10E0118BF012108424FF0FF0033D18A
:108FB0001D468BB300208DF807008DF8060001F0E8
:108FC000DAFD0DF107020DF10603214602F052FD14
:108FD0009DF80700042816D09DF80610042912D029
:108FE000032818BF032916D101F0C5FD95ED000A2D
:108FF000214603F04EFF78B901F0BDFD6A682146B5
:1090000003F0A8FE08E001F0B6FD95ED000A214648
:1090100003F011FF00E0FF2002B0BDE8B04040B215
:109020007047002180F83A10A0F8441001630187CE
:10903000704700002DE9F04F81B02DED048B86B014
:109040008346006802780020002A01928BF86100B4
:1090500000F0828100244FF415760127DBF8080028
:10906000DBF81410005D10FB0615284603F000F82D
:109070009BF85D0018B99BF85A00502805D1284686
:10908000FFF73CF808B18BF8617001980134A042F9
:10909000E4D10198002800F05C819FEDC48A4FF074
:1090A000000A4FF415784FF4D27400BFDBF80C00BF
:1090B0009BF85D1010F80A90002943D0DBF820C01F
:1090C000BCF1000F5CD0DBF82400DBE905354FF480
:1090D000D27150F8294019FB0150DBF8082090EDBF
:1090E000012A019DB0EE481AB0EE480AF0EE480A97
:1090F00012F8017B013D5CF8276017FB083106EB95
:10910000890696ED003A91ED314A91ED355A23EEFC
:10911000044A04EB870734EE000A23EE053A91ED8A
:10912000334A97ED005A73EE200A25EE043A23EEF7
:10913000023A33EE011ADBD1FFF7ACFB4FF4D274E5
:1091400038E000BFDBF824206AB3DBF80800DBF866
:10915000141052F82920019BB0EE480A10F8017B48
:10916000013B02EB870617FB081796ED001A97EDF7
:109170003C2A21EE021A31EE000AEFD11AE000BFBC
:10918000DBE9050119FB080219FB041090ED011A37
:1091900092ED332A92ED310AD2ED350A22EE011A10
:1091A000FFF778FB06E0DBF8140019FB080090EDF0
:1091B0003C0A00BFDBF81800BDEEC00A19FB040032
:1091C00010EE101AFDF790FA01980AF1010A824593
:1091D0007FF46CAF9BF86100002800F0BD8001981F
:1091E000002800F0B9809FED718A4FF000094FF41C
:1091F000D2770DF1080A4FF4157800BFDBF808109C
:10920000DBF82C0011F8095000B3DBF80C20DBF878
:109210001830019C0AEB850CB0EE489A12F8011B3D
:10922000013C50F8216011FB073106EB850691EDFA
:10923000080A96ED001AB8EEC00A21EE000A30EED8
:10924000099AEBD18CED009A0CE000BFDBF8180016
:1092500015FB070090ED080A0AEB8500B8EEC09AEE
:1092600080ED009ADBF8140015FB0800FEF746FFBE
:1092700078B3DBF81400002115FB080090ED2C0AF0
:109280000AEB8502B5EE400AF1EE10FAB4EE490A97
:10929000C8BF0121F1EE10FA4FF0000300F5D670BF
:1092A000B8BF0123594018BFB0EE409A82ED009A32
:1092B000FFF75FFE68B1DBF8140015FB080003F050
:1092C00028FDDBF8140015FB080000F5D670FCF74C
:1092D00078FE019809F1010981458FD10198D8B331
:1092E0009FED328A00254FF4D27600BFDBF80C00E8
:1092F000DBF82010405DC9B1DBF80820019BB0EE1F
:10930000480A00BF12F8017B013B51F827400AEBE5
:10931000870704EB800494ED001A97ED002A21EEF4
:10932000021A31EE000AEDD104E000BF0AEB800121
:1093300091ED000ADBF81810BDEEC00A10FB061014
:1093400010EE101AFDF7D0F9019801358542CDD104
:1093500002E09BF8610000289BF86200012815D00C
:1093600003280AD002281AD1584606B0BDEC048B57
:1093700001B0BDE8F04F04F08DBF584606B0BDEC1B
:10938000048B01B0BDE8F04F05F032BE584606B080
:10939000BDEC048B01B0BDE8F04F04F045BE06B053
:1093A000BDEC048B01B0BDE8F08F00BF00000000F1
:1093B000014600F5827081ED350AFCF702BEA0304F
:1093C000FBF7ECBF4178022907D0012912BF00202A
:1093D00090F8140100F0010070472BF029BC48B14F
:1093E00090F82810012903D090F83000012801D10D
:1093F000002070470120704748B140F60060C1F27C
:10940000000043782BB1062906D9FF2002E0FE2098
:1094100000E0002040B27047D0F8D00101F016BD46
:109420002DE9F0418CB000284FF0FE074AD00C46E1
:10943000002947D020461D4616460DF029FC042879
:1094400001D9FF273EE040F60067C1F20007D7F8D8
:109450008001DDF8488018F08DFD20464146C7E9BF
:109460000167BD70C7F8D48104F086FDD7F8D0013C
:1094700001F08AFB04AD28462021F8F71FFE20F0FA
:109480005FFF20F066FF4EF279010346C0F602014D
:10949000284622460BF019FB43F2CC02C0F6060226
:1094A000D7F8B80143F2B8011768C0F60601D1E950
:1094B000002307EB870189000027CDE900170295FB
:1094C00018F0E4FC78B20CB0BDE8F08190F84000F0
:1094D000012121EA500070472DE9F04F81B0044688
:1094E000D0E90001002590F8008091F80090B8F1D3
:1094F000000F84F8605034D04FF4157A01274FF4F0
:10950000D2764FF0000B00BFA068616910F80B0025
:1095100010FB0A10FDF7A0FE0028E068A16910F812
:109520000B0018BF3D4610FB0610FEF723F848B1AC
:10953000A068616910F80B00012510FB0A100A21D0
:1095400080F8A811E068A16910F80B0010FB061064
:10955000FFF738FF08B184F860700BF1010BD845B4
:10956000D2D1B9F1000F27D000264FF04C0A4FF0AE
:10957000010B00272069E169805D10FB0A10FFF7ED
:1095800092FA002806F101061CBF5F465D46B14510
:10959000F0D18FB1B8F1000F0ED0A06861694FF41F
:1095A00015720A23474600BF10F8016B013F16FBF6
:1095B000021686F8A831F7D1280623D0B8F1000F9B
:1095C0001ED000264FF415794FF4D277A068616958
:1095D000805D10FB09100021FFF7BEFAE068A16969
:1095E000805D10FB0710FCF707FE30B1E068A16951
:1095F000805D10FB0710FCF7BEFC0136B045E5D1DD
:109600000A2026E094F8600040B3B8F1000F1FD0A4
:1096100000264FF415794FF4D27700BFA068616936
:10962000805D10FB09100021FFF796FAE068A16940
:10963000805D10FB0710FCF7DFFD30B1E068A16929
:10964000805D10FB0710FCF796FC0136B045E5D1B4
:10965000002084F85A000020A4F85C00E8B201B0B1
:10966000BDE8F08F91ED010A0A78BDEEC00A80F8DE
:10967000622080ED190A70470430FBF78FBE0000AE
:109680000146012081F89C0091F89D009FED0C1A85
:109690009FED0C2A91ED2A0AD1ED2B0A002804BF78
:1096A000B0EE401AB0EE602A81ED231A9FED061A43
:1096B00001F5A070F0EE411A81ED242A00F084B883
:1096C0005555D5C65555D546000000004278012AAB
:1096D00018BF704704F0D2BA80ED010A704700004D
:1096E00070B590ED680A0646B5EE400AF1EE10FA44
:1096F00018DD96ED671AB5EE401AF1EE10FA11DD9D
:1097000096ED0D3A96ED072AB8EEC33AB8EEC22AA6
:1097100021EE031A32EE411A20EE010ABDEEC00A14
:1097200010EE101AB6F9980146F2676206EB400097
:10973000A0F87011B6F99801C6F26662013050FBCC
:1097400002F2D30803EBD27202EB8202A0EB82009A
:10975000A6F8980148F2010047F6FF730022B825E9
:109760001BB236F91540994200B2B8BF0B46814290
:1097700005F10105C8BF0846CC2D2244F0D119B22D
:1097800001FA80F048F63961101AC3F6E30150FB84
:1097900001F0811001EBD07005B2002D284600D5F4
:1097A0006842B16F88420CDD307800092BF00AF96D
:1097B00096F8140140F0080086F81401A02086F8FD
:1097C0001C012846756770BDB5EE401AF1EE10FA1F
:1097D000F5EE401A80ED000AC0ED010A18BF80EDD9
:1097E000021AF1EE10FA18BFC0ED031A704790ED9F
:1097F000050A90ED0C1A002131EE000A80F82810BD
:10980000C163016480ED050AC0E90D11C0E90B11C7
:10981000704700002DE9F04F87B000284FF0FE049C
:1098200000F0F7810E46002900F0F38180463046B3
:1098300091460DF02DFA072801D9FF24E9E13046C1
:109840000DF025FA40F6A031C1F200014978064634
:10985000012902D1404601F027FA30460DF018FAEE
:109860004FF0000788F80800CDF80090A8B1002557
:10987000E9B230460DF009FA48B1B0F8011008EB32
:109880008502A2F80910B0F80300A2F80B0098F8BE
:1098900008400135A542EBD300E0002408F1250A79
:1098A00008F129000121FF224FF0FF330025ADF818
:1098B000107003970AEBC706C9072AF83720B5705E
:1098C000F57040F837304FF001074FF00001F1D14B
:1098D000002CCDF8088000F0D08008F10C080020A2
:1098E000012343F20221019018F8039CB9F10D0FF6
:1098F0002DD803FA09F0084229D018F8020C00F01C
:109900001F071F2F23D002984568E819C678FF2E3D
:109910001DD0484605F090FE03AA0AF83600A819A3
:10992000D25D40780AEBC60188700AB101230CE0D1
:109930004A780123824205D203A8C3558818013210
:109940004A70077101980130019043F2022118F822
:10995000017C0D2F32D803FA07F008422ED098F878
:10996000000000F01F0BBBF11F0F27D002984568C5
:1099700005EB0B00C678FF2E20D0384605F05CFEC4
:1099800003AA0AF83600A81912F80B2040780AEB4F
:10999000C60188700AB101230EE04A780123824291
:1099A00007D203A800F80B30881801324A7080F8FB
:1099B00004B001980130019043F20221A9F107009F
:1099C000012825D818F8020C00F01F051F2D1FD004
:1099D00002984068284490F803B0BBF1FF0F17D0FD
:1099E000484605F029FE03AA525D01230AEBCB018C
:1099F0000AF83B008B7042B9487818B903A8435560
:109A00004B700D7101980130019043F2022100BFAB
:109A1000F81F012822D898F8000000F01F051F2D1C
:109A20001CD0029840682844C678FF2E16D03846CD
:109A300005F002FE03AA525D01230AEBC6010AF8F3
:109A400036008B7042B9487818B903A843554B705B
:109A50000D7101980130019043F20221013C08F19F
:109A600004087FF441AFDDF808800199D8F80400BC
:109A7000C9B20078814200F2748003AE301D4DF609
:109A8000A9574EF2710801900124C0F60207C0F6F2
:109A9000020800201AF83010052958D80AEBC0092E
:109AA000DFE801F0151E0303302805208DF80C00B7
:109AB0008DF81810002199F80400ADF819108DF8F0
:109AC0001B103146CDE904792CF0C6F93FE00521A1
:109AD0008DF80C1001990022C1E900228A6019E07A
:109AE00005218DF80C100021CDE904110121C7F2E8
:109AF00076710EE0052200218DF80C20CDE90411CD
:109B0000069207E005218DF80C100021CDE9041123
:109B10000421069102994FF0000B01EBC00500BF34
:109B200005EB0B0191F82900FF280BD011F82A2F23
:109B3000FF2A424604BF3A464946CDE90421314650
:109B40002CF08AF90BF1010BBBF1030FE8D10120D6
:109B5000E1074FF000049DD1DDF8088098F8080077
:109B6000B8B1002408EB8405687A052804D1A87AE6
:109B700000F01F002BF0C6FCE87A052804D1287BF2
:109B800000F01F002BF0BEFC98F80800013484425E
:109B9000E8D3009E40F6A037C1F20007F0B2330AC6
:109BA0000122310C87F8C330002304287A7087F82B
:109BB000C260A7F8C41087F8C0300AD002280DD1BF
:109BC00043F2CC03C0F606031B6887F8C020594354
:109BD00002E0002187F8C020C7E932110338B0FA4B
:109BE00080F04FEA50104FF000044FF0000108BF22
:109BF0000F21C8E90F40FF2088F8381088F844008A
:109C000088F8460008F150001421A8F84840F8F7F9
:109C100055FA60B207B0BDE8F08F00002DE9F04FB3
:109C200081B02DED068BA0B0804600284FF0FE00DD
:109C300018BF002A00F0B085002B00F0AD851CA8ED
:109C400000F1080908EB81000E468F0000F10B01BE
:109C500000F10905CDE91E1300F168018430089078
:109C600008F1A000059040F6A030C1F2000000EB22
:109C700046000A9100F5B171079100F5AA710991AA
:109C800000F5A3710B9100F5957100F580700690B9
:109C9000C6EBC60008EB800000F5CE70119008F10D
:109CA0006000109030010E9008F150000D900E20D1
:109CB0009FEDD7AAB840CDE91C52B6EE008AB2EEAD
:109CC000049A0F97049000271CA80F2401254FF039
:109CD000000B12911396CDF8308000BFD0E900A69A
:109CE0009AF800001DF0C0FD70749AF8010011216F
:109CF0004009B0743046F8F7E1F99AF8000028B14D
:109D00009AF8010000F01F001D2803D1347400F000
:109D10002BBD00BFCDE91A7719979AF80000129F62
:109D200001384C464FF000090C2800F26B81DFE847
:109D300010F00D006901A5007F007200690150005C
:109D40005D00BC00D0003301230139009AF8010006
:109D500019A900F01F001AAA2BF05AFF002840F0A2
:109D60001681199800210022A146317420FA01F3CE
:109D7000DBB20131122982EA0302F7D1D10713992C
:109D80004FF00F0440F0D38200F03802202A40F058
:109D900013849AF80120C0F38B10520904F0CDFE11
:109DA00000F082BC9AF8010019A900F01F001AAA5D
:109DB0002BF02EFF002800F02D81388840F6A038C7
:109DC0000130388013200027C1F20008A14630740A
:109DD0002EE29AF8010019A900F01F001AAA2BF030
:109DE00017FF002800F03C810720D1E000271697DC
:109DF000CDE914779AF8010014A900F01F001AAAFF
:109E00002BF006FF002800F05B8108204FF6FF775B
:109E1000A1463074DCE19AF8010000F01F002BF03D
:109E200043FB411C199000F091819AF80110BDE1AB
:109E30009AF801900DF0ACF9002100270DF0F0F92F
:109E4000002800F0858109F01F010629A14600F2D3
:109E5000D08300F108070F24DFE811F00700D203D8
:109E6000B703C003B403DD03EF0338460021002726
:109E70000BF049F9002840F0AF83FEE39AF80100A7
:109E800000F01F0029F0B0FE411C199000F0628123
:109E90000899A14691ED000AB5EE400AF1EE10FADC
:109EA00040F09F8140F6B830ACE19AF8010019A962
:109EB00000F01F001AAA2BF0ABFE002800F0508122
:109EC0000920139F307400204FF00008A146039032
:109ED0007DE29AF801700DF05BF900210DF0E8F9D0
:109EE0000028A1464FF00F0400F08F8081790629E9
:109EF00040F08B8007F01F01012900F02383002927
:109F000040F08380B0F90810B0F90A2000EE101A72
:109F1000B8EEC00AB0F90C30B0F90E0080EE090AB4
:109F200001EE102AB8EEC11A81EE091A02EE103ABB
:109F300003EE100AB8EEC22AB8EEC33A82EE092A3E
:109F400083EE093A042120EE0A0ABCEEC00A86ED2F
:109F5000000A21EE0A0ABCEEC00A86ED010A22EED2
:109F60000A1A23EE0A0ABCEEC11ABCEEC00A86ED3C
:109F7000021A10EE100A04E39AF8010019A900F081
:109F80001F001AAA2BF044FE002800F00A810120CD
:109F90004FF6FF773074E1E09AF80100C6F80090C0
:109FA0000390012070740DF0F3F800210DF072F9A8
:109FB0000028A1464FF00F0400F0BE81071D38466F
:109FC0000BF03CF90E2840F0B781039800F01F0118
:109FD000072980F0AE8138460BF095F8002800F094
:109FE000AB81B0F9000000EE100AB8EEC00A80EEB6
:109FF000090A012020EE0A0ABCEEC00A86ED000A1A
:10A00000707452E30E203074D5E00A2095E100BF51
:10A01000610B36439DF86C0040F6A038139F410752
:10A02000C1F20008A14608D51022327408EB47029D
:10A03000B2F80E310133A2F80E31820700F1E4804C
:10A04000C20740F0ED80002900F1F0809AF801107D
:10A0500019984A09394604F070FD30600027E7E09E
:10A06000199F86F810901FFA87F948460CF049FDB1
:10A07000C00740F0AF804FEA174840460CF041FD62
:10A08000C00740F0A7804846012101270CF026FDBB
:10A090000128A14600F0A0804046012101270CF0D4
:10A0A0001DFD012800F0988019984FF6F07101EA23
:10A0B00080003060199801EA90307060002139E228
:10A0C000DDE9140916991FFA80F8404603913774A8
:10A0D0000CF017FDC00772D11FFA89F738460CF053
:10A0E00010FDC0076BD103981FFA80F948460CF0A9
:10A0F00008FDC00763D140460121CDE902974FF02A
:10A1000001080CF0EBFC0128A1465BD0039801216B
:10A110004FF001080CF0E2FC012853D00298012115
:10A120004FF001080CF0DAFC01284BD014984FF6E0
:10A13000F07101EA800030601598002701EA800084
:10A140007060169801EA8000B0603FE0042002E0F1
:10A15000A14691E2052030744FF0FF3700212CE03A
:10A160009DF86800139F03284FF00008A14600F0F7
:10A17000E680022840F00A81BDF86C10481E0228D3
:10A180000B98C0F000810998082900F0FC8009981C
:10A19000042900F0F8800B9908880130088009989C
:10A1A000F1E019989AF80110C0F34D004A0913998B
:10A1B00004F0C3FC306000210027A146BDE14FF050
:10A1C0000208A146BDF8507086F81080DDF8308096
:10A1D0000F24F5E10227A1463774BDF86470002111
:10A1E000A9E101EE100AB0EEC00AB8EE411A81EE04
:10A1F000000A0598139950F82100BCEEC00A10EE31
:10A20000101A081A0F244FE21121317408EB47018C
:10A21000B1F81C21C30702F10102A1F81C2105D0ED
:10A220001221069A317411880131118000F007075C
:10A23000139842F2117308EB4008B8F83801411C3A
:10A240008AB29DF86C009A42A8F8381168D3129A25
:10A25000139B118800F0070000294FF00001CDE9A1
:10A260001411ADF85630CDE9161004D00420039037
:10A27000062114463AE0B8F80E01B0B101200321DE
:10A280001AF022FEB8F80E11169A149042EA010054
:10A2900016900DF0E9F904210022002314AC00947B
:10A2A0000DF0BFF90020A8F80E01B8F81C01B0B1FC
:10A2B000012004211AF008FEB8F81C11169A149017
:10A2C00042EA010016900DF0CFF90421002200238C
:10A2D00014AC00940DF0A5F90020A8F81C01069C10
:10A2E0002088B8B1069C01200521039001201AF0B6
:10A2F000EBFD2188169A149042EA010016900DF0A9
:10A30000B3F9039900220023A44614AC00946446D8
:10A310000DF087F99DF86C0000212180A8F8381114
:10A320009DF8681000F0070040EA014103E10221B6
:10A3300043E10020306070740B203074B5E11B984D
:10A3400040F6A03310F0060FC1F2000306D003EB75
:10A350004701B1F88C210132A1F88C21010706D503
:10A3600003EB4701B1F87E210132A1F87E214106BD
:10A3700006D503EB4701B1F870210132A1F8702135
:10A380000006079802D5018801310180FE200121D5
:10A3900000223B461DF03AFF90ED330A199830EE4B
:10A3A000080ABDEEC00A10EE101A402905D089B285
:10A3B000202908BFC0F34D0001E06FF39F309AF8E9
:10A3C000011003904A09394604F0B7FB306044F2AB
:10A3D0002852C1F2000232F8170042F21173013024
:10A3E00081B2994222F8170072D30B98CDE91488F4
:10A3F0000088ADF85670CDF85C80CDF8588010B963
:10A400000998008800B3012007211AF05DFDDDF8EE
:10A410002490DDF82C801490B9F80000B8F80010F2
:10A42000CDE916100DF020F914AF0321002200230E
:10A430000097139F0DF0F5F80020A8F80000A9F888
:10A440000000A1464FF000080798008870B940F658
:10A45000A030C1F2000000EB4700B0F8701129B93C
:10A46000B0F87E1111B9B0F88C0158B30120082161
:10A470001AF02AFD1490139840F6A031C1F20001A1
:10A4800001EB4004B4F86201B4F87011B4F87E2115
:10A49000B4F88C3141EA004043EA0241CDE916109C
:10A4A0000DF0E2F803210022002314AF00970DF015
:10A4B000B8F8139FA4F86281A4F87081A4F87E8193
:10A4C000A4F88C8144F22850C1F2000020F81780D3
:10A4D00040F6A0311B98C1F200019DF8682091F868
:10A4E000C010C3B2002943EA024123D0012F4FF02C
:10A4F00000074FF00F0422D89AF80030092B1ED124
:10A5000040F6A033139FC1F2000303EB870C039BBB
:10A51000032ACCF8D03037D0DDF8308040F6A033B5
:10A52000022AC1F200033FD103EB4702B2F8D82060
:10A53000104335E00027DDF830800F24B7E0DDF868
:10A540003080B4E0B0F91010B0F9120000EE101A2B
:10A5500001EE100AB8EEC00AB8EEC11A80EE090A80
:10A5600081EE091A00200221B06020EE0A0A21EED5
:10A570000A1ABCEEC00ABCEEC11A86ED000A86EDCE
:10A58000011AF060717490E040F6A033C1F200034C
:10A5900003EB4702B2F8D820DDF8308042EA002011
:10A5A00003EB4702A2F8D800D81990F8DC20002766
:10A5B000013280F8DC207AE003213174C0F38B177C
:10A5C000002174E03846062101E0384603210AF0F4
:10A5D0009AFD002800F0DD8007784EE0384604211F
:10A5E0000AF091FD002814BF0478002438460521A4
:10A5F0001BE04FF0FF3706201997307400219CE7CD
:10A60000384601210AF07FFD002814BF0478002499
:10A610003846022109E0384607210AF074FD002877
:10A6200014BF04780024384608210AF06CFD002885
:10A6300014BF0078002007191EE038460E210AF0EA
:10A6400062FD002814BF90F800804FF000083846E3
:10A650000C210AF058FD002814BF04780024384665
:10A660000D210AF050FD002814BF0078002004EBF3
:10A670000801DDF830800F180F240A9802EE107AD6
:10A6800090ED000AB8EE422AB0EEC01A82EE011A2E
:10A69000B5EE400A1997F1EE10FABCEEC11A11EEB0
:10A6A000100A08BF40F6B830306000210027119B27
:10A6B000199803EBCB0243F83B0098F8380051603F
:10A6C00013990CF069F901284DD19AF80000092876
:10A6D00029D19DF86800002845D0109F0F9B00F0FD
:10A6E0000F0137F81B20994011431B9A0E9B62F310
:10A6F0000F20C3F1200220FA02F227F81B10B3F159
:10A70000200158BF00FA01F200FA03F058BF002000
:10A710000D9E06EBCB0156F83B704B6838431A434D
:10A7200046F83B001EE0307C0F282AD801218140EA
:10A7300040F6FE52114220D0109B0F9A33F81B10A6
:10A740009040084323F81B00B8B20E990D9F884033
:10A7500007EBCB014A6857F83B3002EAE072184039
:10A7600047F83B004A600027E8074FF0010B4FF025
:10A77000000548467FF4B2AA0DE048F2010001420C
:10A78000F1D11099049A31F81B00104321F81B00F5
:10A79000E9E7002771E7002040B220B0BDEC068B4E
:10A7A00001B0BDE8F08F00284FF000001ED0F0B5DA
:10A7B00081B00D46062916D81446012A13D8002068
:10A7C0008DF803008DF8020000F0D5F90DF10306B5
:10A7D0000DF10207294632463B4601F04BF9002CA9
:10A7E00008BF3746387801B0BDE8F040C0B27047C6
:10A7F000002101828161C18990F84020816202F0CC
:10A80000F50180F84010704790F83D1080ED080A7F
:10A81000002918BF704700F03FBD90F840000121AB
:10A8200021EA9000704700002DE9F04F81B08A4680
:10A8300090F85A100446BAF10D0F32D1A04658F8DC
:10A840005A0B0A2990F800904F4647D16068057866
:10A8500065B100264C2700BF2069E169805D10FBCF
:10A860000710FEF7DEFB0136B542F5D1B9F1000F56
:10A8700033D000254FF4D2764FF41577E068A16904
:10A88000405D10FB0610FBF78DFCA0686169405D20
:10A8900010FB07100D21FEF75FF90135A945EDD139
:10A8A00019E00B294FF0000000F03781FE2900F07D
:10A8B0003481BAF1030F03D1606B002800F00281EC
:10A8C000A04658F85A0B0A2990F8009003D1BAF123
:10A8D0000D0FBBD0F6E04F4600E0002794F85B2058
:10A8E0002046514602F0CAFB002800F0EB80BAF186
:10A8F0000E0FA4F8580078D8012000FA0AF044F2AC
:10A90000863108423ED0002F00F0CF8000264FF461
:10A91000D2754FF4157B00BFE068A169805D10FB24
:10A920000510FCF79EFFA0686169805D10FB0B10AD
:10A93000FCF701FEE068A269805DB4F9581010FBD5
:10A940000520FBF77FFA002800F0BC800136B145F6
:10A95000E2D194F862000428504608BF0920002F75
:10A9600000F0A38000254FF4157746B2A068616916
:10A97000405D10FB07103146FEF7EEF80135A945A2
:10A98000F4D192E010F0480F32D1012000FA0AF021
:10A9900042F20101084228D0002F00F086800026F4
:10A9A0004FF4D2774FF41575E068A169805D10FB14
:10A9B0000710FCF756FFA0686169805D10FB051069
:10A9C000FCF7B9FDE068A169805D10FB0710FBF79B
:10A9D000D2FAA0686169805D10FB05105146FEF750
:10A9E000BBF80136B145DFD15FE0BAF1500F69D154
:10A9F0007FB300264FF4D2754FF4157BE068A16950
:10AA0000805D10FB0510FCF72CFFA0686169805D7C
:10AA100010FB0B10FCF78FFDE068A269805DB4F9B4
:10AA2000581010FB0520FBF70DFA00284AD001361C
:10AA3000B145E3D16FB100254FF41576A068616987
:10AA4000405D10FB06105146FEF786F80135A9451A
:10AA5000F4D1BAF10D0F37D0BAF1070F2BD0BAF1FC
:10AA6000060F39D197B300254FF415774FF4D27BF9
:10AA7000D4E90201D4E90523405D495D10FB0726B6
:10AA800011FB0B30FDF727FF00EE100AB8EEC00AED
:10AA90003046FBF7ABFCA0686169405D10FB071016
:10AAA00000F046FB0135A945E2D1BAF10D0F0BD0FC
:10AAB000BAF1070F10D1082084F85A00012084F859
:10AAC0005C001AE0002028E04FF0000A002084F823
:10AAD0005AA084F85C001CE0BAF10E0F88F800A0C0
:10AAE00011D8012000FA0AF144F2863211420AD04C
:10AAF000BAF1030F84F85C000CD094F85B000128D5
:10AB000007D1012006E00020BAF1030F84F85C00B1
:10AB1000F7D0002084F85D00012001B0BDE8F08F7F
:10AB2000B1F802C0B1F904300FFA8CF2C267427872
:10AB30000988012A0AB28367C0F8802018BF7047CD
:10AB400080B584B000781FFA83FE020300F007038B
:10AB50003FFA82F242EA03221044019001A8ADF8C4
:10AB60000810ADF80AC0ADF80CE007F06AFD04B0BB
:10AB7000BDE88040704740F6A030C1F20000017887
:10AB8000012918BF00207047D8B1F0B581B000F19D
:10AB90002504002501260127002100BF04EBC10187
:10ABA0000879CD70FF2802D0CE702BF067FA002014
:10ABB0000121FA074FF00007F0D101B0BDE8F040E5
:10ABC00000E0FE2040B27047F0B581B00646002894
:10ABD0004FF0FE0026D00D4621B3284614460CF057
:10ABE00057F8042801D9FF201CE040F60067C1F2A5
:10ABF00000077878012802D1304600F045F907F5C2
:10AC0000D07029461822F7F731F928462146C7F8AF
:10AC1000D44103F0B1F9D7F8D001FFF7B5FF012017
:10AC20007870002040B201B0F0BD90F8A9218A42AE
:10AC30002AD080B590F8A83180F8A9110E2B12D82F
:10AC40004FF0010E0EFA03FC44F286321CEA020FAA
:10AC500009D0032B80F8C4E10FD001290BD10121C9
:10AC600080F8C5110EE00022032B80F8C42102D128
:10AC70004FF0010E01E04FF0000E80F8C5E109B978
:10AC8000FCF759FCBDE880400120704742788163A1
:10AC90000021022A4FF00102016580F8002108BF5F
:10ACA00080F801117047000000283ED02DE9F047E0
:10ACB00040F6A038C1F20008814698F80100B0B310
:10ACC00009F1250A09F129070020012507EBC00435
:10ACD000002600BFA05DFF2818BF2AF04FFF0136F5
:10ACE000032EF7D10120E9074FF00005EED1002037
:10ACF0000121FF224FF0FF33002600BF0AEBC605FB
:10AD0000C9072AF83620A870E87047F836304FF0A7
:10AD100001064FF00001F1D109F108001D21F7F7FC
:10AD2000CDF90020A8F8010002E0FE2002E000209A
:10AD3000BDE8F04740B2704770B540F6A034C1F2AC
:10AD400000042078012846D00020A0702BF02CFAB7
:10AD5000002860603ED004F108001D21F7F7AEF92D
:10AD600000200121FF224FF0FF330025C90704EB2B
:10AD7000C5064FF001054FF00001A6F8252086F822
:10AD8000270086F82800C6F82930EFD143F2CC001E
:10AD9000C0F606000068FA2148430026C4E93200E4
:10ADA0000420052184F8C060C4E93466C4F8D86082
:10ADB000A4F8DC601AF088F8C4E9380604200621FB
:10ADC000C4E93A661AF080F8C4E93C06C4E93E6674
:10ADD000257000E00024204670BD40F60060C1F2FE
:10ADE00000000178012918BF002070472DE9F041CB
:10ADF00086B00D46DDE90C87064604200121144685
:10AE00001AF062F8029000208DF80C008DF80D50B9
:10AE1000ADF80E40CDE904870CF026FC02AF02210C
:10AE20003246002300970CF0FCFB06B0BDE8F08131
:10AE30004FF47A72514344F6D352C1F26202A1FB3D
:10AE400002129109C0E90011816070474FF0FE03C2
:10AE5000C0B1BAB1B0B5C1EBC10100EB8100D0F80F
:10AE6000B04100F5D275D0E967CE2ACD546102F128
:10AE700008042AC4C2E900CED0F8B40100239061CE
:10AE8000BDE8B04058B27047C8B170B540F6006533
:10AE9000C1F200050446687858B1D5F8800117F072
:10AEA00069F8D5F8D001002685F8D461FFF7FCFEDB
:10AEB0006E70012020730020BDE8704000E0FE208D
:10AEC00040B27047B0B540F60064C1F2000420788B
:10AED000012820D016F066FFC4F8B801FFF72CFF58
:10AEE000C4F8D00104F5D0720420052104250AF02D
:10AEF00031F916F057FFC4F8800184F89851002505
:10AF00000520212184F88D5119F0DEFFC4F8880155
:10AF100001202080E57040F60060C1F20000B0BD65
:10AF200010B582B080B104460CF09EFB94F89811E5
:10AF300004F5C47241F6F7330092C0F6060300220E
:10AF400000240CF06EFB00E0FE2460B202B010BDE5
:10AF500090F83D1021B14FF07E510162012107E0D0
:10AF60004FF0FF31B5EE400AF1EE10FAA8BF012113
:10AF7000C16170470021C0E90111704710B5044656
:10AF800000F5F6702021F7F799F8FF2084F8080201
:10AF900010BD42780988012A418218BF704780B5E8
:10AFA00082B00078ADF80410030300F007023FFA06
:10AFB00083F343EA022210440090684607F055FBF1
:10AFC00002B0BDE880407047818270478261C289CB
:10AFD0000182511A90F8402089B2816202F0F50195
:10AFE00080F84010704700002DE9F04381B004461E
:10AFF00090F85B0081426DD094F95A6088462046F3
:10B000003146424602F03AF8002863D0F1B20E29E8
:10B0100084F85B80A4F8580012D8012000FA01F2ED
:10B0200044F286331A420BD0032984F85C000FD017
:10B03000B8F1010F0BD1216884F85D000E7827E08C
:10B040000020032984F85C0001D1012000E00020E9
:10B05000216884F85D000E78B8F1000F18D1BEB1F8
:10B0600000254FF4D2794FF4157700BFE068A1694D
:10B07000405D10FB0910FCF7F4FBA0686169405DBE
:10B0800010FB0710FCF757FA0135AE42EED100E095
:10B0900006B300274FF4D2754FF41579E068A16923
:10B0A000C05D10FB0510FBF7A7F840B1E068A2698E
:10B0B000C05DB4F9581010FB0520FAF7C3FEA06874
:10B0C0006169C05D10FB09104146FFF7AEFD013715
:10B0D000BE42E3D101B0BDE8F08390ED391A90EDA6
:10B0E000370AB5EE401AF1EE10FA09DA90ED721A4D
:10B0F000B8EEC11AB4EE410AF1EE10FA14DB15E015
:10B1000090ED731AB8EEC11AB4EE410AF1EE10FADE
:10B110000ADC90ED740A90ED351AB8EEC00AB4EE70
:10B12000401AF1EE10FA01DD01207047002070474F
:10B13000B0B52DED028B00F5A0750446284600F051
:10B1400093FC2846B0EE408A00F091FC94F8A811D8
:10B15000481E0D281FD8DFE800F00E07300E073715
:10B160001111291B1B1B1B07D4F8E801BDEEC00AF7
:10B1700080ED4A0A0CE0D4F8E80105E0D4F8E801D3
:10B18000BDEEC00A80ED4A0ABDEEC80A80ED480A4D
:10B19000BDEC028BB0BD5029FAD194ED2D0AD4F844
:10B1A000E801BDEEC00A80ED4E0AF1E7D4F8E801EF
:10B1B000BDEEC80A80ED490AEAE7D4F8C400D4F825
:10B1C000E811C1F83401E3E794ED2D0AD4F8E80161
:10B1D000BDEEC00A80ED4F0ADAE7B0B5044600F5CF
:10B1E000A2700D46FAF7EDFEB5F902104FF47A722F
:10B1F000514394ED010A01EE101A6163B8EEC11AD1
:10B20000696881EE001A02EE101AB8EEC22A82EEC8
:10B21000003AB5F9000094ED584A94ED595A06EEFB
:10B22000100A24EE054A94ED575AB8EEC66A25EE88
:10B23000065A35EE044A94ED0E5ABDEEC11A84ED5D
:10B24000191AB8EEC51A21EE000A33EE413A32EE71
:10B25000400ABDEEC33ABDEEC00A6067E16284ED0C
:10B26000594A84ED123A84ED0A0AB0BD70B140F635
:10B270000060C1F20000417851B180B5D0F8D00132
:10B28000FFF782FC0020BDE8804002E0FE2000E0E5
:10B29000002040B270470000027800210D2A4ED8ED
:10B2A0000123934013F4385F14D113F4C17F20D0ED
:10B2B00090ED090A9FED231A9FED232A20EE010A43
:10B2C00080EE020ABDEEC00A10EE101A1029D8BF97
:10B2D000102123E090ED090A9FED1A1A9FED1A2A1A
:10B2E00020EE010A80EE020ABDEEC00AB8EEC00AE6
:10B2F00018E00C2A4FF000021ED190ED090A9FEDD4
:10B30000111A9FED112A20EE010A80EE020ABDEE0D
:10B31000C00A10EE101A0429D8BF042100EE101A3A
:10B32000B8EE400A90ED081A47F6FF7221EE000AC7
:10B33000BDEEC00A10EE101A8186C2867047002248
:10B34000FAE700BF00FF7F470000B443F0B581B0CB
:10B35000044600680125007888B100264FF4D277B2
:10B36000E068A169805D10FB0710FCF7FAFE216818
:10B37000002808BF0546087801368642F0D3E8B2B7
:10B3800001B0F0BDF0B581B0044600680126007838
:10B39000B8B100254FF4D277E068A169405D10FB99
:10B3A0000710FBF71AF838B1E068A169405D10FB9F
:10B3B000071000F0CBFA002620680135007885429E
:10B3C000EAD3F0B201B0F0BD2DE9F04F81B02DED20
:10B3D000048B84B0044600680078002800F0D28016
:10B3E0004FF000084FF4D27640F2DB5A01AD6FF017
:10B3F0000049002700200090E06810F807B0A0691D
:10B400000BFB06F1405C000928F0EEFBA1695045FA
:10B410001BFB061098BF80F80181FCF7A2FEA16912
:10B4200060B11BFB06100021FBF75EF9206845F8B0
:10B430002790007801378742DED310E01BFB06100F
:10B4400004EB8701806CC96F401A216845F827001A
:10B450000878013787424FF00100CCD303E0009811
:10B46000C00700F08F80DDE90120002A00D552429C
:10B470000399002800D54042002900D549421346CF
:10B48000904238BF0346994238BF0B46D21A94ED1A
:10B490001E1A00EE102AC01AB8EEC00AB8EEC11A81
:10B4A00002EE100AC81A80EE010AB8EEC22A03EEB4
:10B4B000100A82EE012AB8EEC33A83EE011A206F19
:10B4C0004FF4D27503EE100AB8EEC33AB1EE434A18
:10B4D000002848BFB0EE443AB7EE004A34EE400AC6
:10B4E00023EE000AB5EE400A34EE422A23EE028A29
:10B4F00034EE411A23EE019AF1EE10FAB5EE408ACD
:10B500009FED481AB8BFB0EE410AF1EE10FAB5EE61
:10B51000409AB8BFB0EE418AF1EE10FAB8BFB0EE73
:10B52000419AB1EE401AB1EE482AB1EE493A0028EC
:10B5300042BFB0EE439AB0EE428AB0EE410AE068F4
:10B54000A1690078BDEEC00A10FB051010EE101ABC
:10B55000FBF7CAF8E068A1694078BDEEC80A10FBA5
:10B56000051010EE101AFBF7BFF8E068A1698078AB
:10B57000BDEEC90A10FB051010EE101AFBF7B4F867
:10B58000002048E0E068A16907784FF4D27217FB09
:10B590000217636FBE6CBD6BF61A2E44BE6347780C
:10B5A00017FB0217BE6CBD6BF61A2E44BE6387787C
:10B5B00017FB0217BE6CBD6BF61A2E44BE630778EC
:10B5C00017FB0217BB64477817FB0217BB64877829
:10B5D00017FB0217BB640378002713FB021383F8E1
:10B5E0000071437813FB021383F80071837813FB17
:10B5F000021383F80071037813FB02139F6C1F651D
:10B60000437813FB02139F6C1F65807810FB0210B8
:10B61000816C0165012004B0BDEC048B01B0BDE874
:10B62000F08F00BF000000002DE9F04F81B02DED3C
:10B63000048B86B00446406DF9281ED8E068A269E4
:10B640000078216F4FF4D27510FB0520FBF74CF802
:10B65000E068A2694078216F10FB0520FBF744F8F1
:10B66000E068A2698078216F10FB0520FBF73CF8A9
:10B67000606D0025013060655DE120680021007883
:10B680008DF80A100028ADF8081000F0F58004F1DC
:10B690007C0000274FF4D2760DF1080A03AD6FF05D
:10B6A000004B4FF000080190E068A16910F8079086
:10B6B00019FB0610FCF755FD0AF8070038B12068A1
:10B6C00045F827B0007801378742EDD311E0A06933
:10B6D000019919FB0600806C51F827102268401A66
:10B6E00045F827001078013787424FF00108DBD377
:10B6F00003E05FEAC87000F0BF80DDE90320002AA4
:10B7000000D552420599002800D54042002900D5B5
:10B7100049421346904238BF0346994238BF0B4610
:10B72000D21A94ED1E1A00EE102AC01AB8EEC00A02
:10B73000B8EEC11A02EE100AC81A80EE010AB8EE7D
:10B74000C22A03EE100A82EE012AB8EEC33A83EE53
:10B75000011A206F9FED7C5A03EE100AB8EEC33A2F
:10B76000B1EE434A002848BFB0EE443AB7EE004A73
:10B7700034EE400A23EE000AB5EE400A34EE422AC7
:10B7800023EE022A34EE411A23EE011AF1EE10FAEA
:10B79000B5EE402A9FED6B3AB8BFB0EE430AF1EE2A
:10B7A00010FAB5EE401AB8BFB0EE432AF1EE10FA27
:10B7B000B4EE402AB0EE404AB8BFB0EE431AF1EE04
:10B7C00010FAB8BFB0EE424AB4EE441AF1EE10FAE5
:10B7D000B8BFB0EE414AB4EE454A35EE446AF1EEE8
:10B7E00010FAB8BFB0EE463A31EE038A32EE039A51
:10B7F00030EE030AB1EE401AB1EE492AB1EE483AF2
:10B80000002842BFB0EE438AB0EE429AB0EE410A41
:10B81000E068A16900784FF4D2769DF80820BDEE6B
:10B82000C00A10FB061010EE101A0025002A18BFDF
:10B830002946FAF759FFE068A16940789DF8092088
:10B84000BDEEC90A10FB061010EE101A002A18BF30
:10B850002946FAF749FFE068A16980789DF80A2037
:10B86000BDEEC80A10FB061010EE101A002A18BF11
:10B870002946FAF739FF5EE0E068A16903784FF4E2
:10B88000D27613FB0613626F9F6C9D6BBF1A2F4419
:10B890009F63437813FB06139F6C9D6BBF1A2F4465
:10B8A0009F63837813FB06139F6C9D6BBF1A2F4415
:10B8B0009F63037813FB06139A64437813FB061304
:10B8C0009A64837813FB06139A640278002312FBB0
:10B8D000061282F80031427812FB061282F800311B
:10B8E000827812FB061282F80031027812FB0612EF
:10B8F000936C1365427812FB0612936C1365827881
:10B9000012FB0612936C1365007810FB06100021E1
:10B91000FAF7EAFEE068A169407810FB0610002102
:10B92000FAF7E2FEE068A169807810FB06100021BA
:10B93000FAF7DAFE0125284606B0BDEC048B01B00B
:10B94000BDE8F08F0000000000C05A452DE9F0412D
:10B95000ACB0044690F82C01C00771D06078022882
:10B9600006D0012808D194F8140100F0010001E08C
:10B9700029F05EF9002863D1B4F8320104F5967518
:10B98000013081B2B1F5966FA4F832011DD9A06CD7
:10B99000D4F83811884213D194F830010130C1B283
:10B9A000642984F8300110D194F82C11002084F817
:10B9B0003001A4F8320141F0020084F82C0104E0C7
:10B9C000002184F83011C4F838012878800704D4A5
:10B9D000D4F83401C4F89C0032E0A06CD4F83C31B7
:10B9E0000DF10A08C61A0120002784F8000116A2EA
:10B9F00040469621C4F89C70A663A3642765CDE9F0
:10BA00000036F5F7B7FEA6780420012119F05CFA9C
:10BA100028908DF8A4708DF8A560ADF8A670CDE9DA
:10BA20002A770BF021FE28AE022142460023009621
:10BA30000BF0F7FD2846142184F80171F6F73EFB60
:10BA40002CB0BDE8F08100BF4877206C696D207292
:10BA50006561636865643A206370256420637A25B4
:10BA60006420636F2564000090ED040A704790ED38
:10BA70000B0A70474FF0FE0C48B142B13BB100EBEE
:10BA80008100417AC07A4FF0000C117018704FFAA3
:10BA90008CF070472DE9F04FA3B0044600680078A1
:10BAA000002800F09580002501274FF4D27600BFD2
:10BAB000E068A169405D10FB0610FCF752FB2168AD
:10BAC000002808BF0746087801358542F0D3002FCB
:10BAD0001CBF012700287CD04FF0000A01274FF03F
:10BAE0004C094FF4D2754FF0000800BFD4E90301B0
:10BAF000E26911F8081010F808B011FB0926304669
:10BB0000FAF787FE80B3A0691BFB0500416AFAF7CC
:10BB1000EBFDA069D4E924121BFB0500FAF70AFA31
:10BB200000284DD0A069D4F88C101BFB0500826C56
:10BB3000836B521A1A4429A38263816480F800A19E
:10BB400001652648D3E90112CDF800A0CDE9030133
:10BB500098890592ADF8180003A800210022CDF8BD
:10BB600004A0FFF743F923E0304601F0B3F8F8B141
:10BB700096F8400040071BD4A0691BFB0500416AF2
:10BB8000FAF7B2FDD4E924123046FBF7E3FFB8B16F
:10BB9000304600F09FFDCDE903AA06F0AAFB02683B
:10BBA00096F83B10566B002203ABB04709E000BF8C
:10BBB000A06900211BFB0500FAF796FD01E000BF1C
:10BBC0000027206808F10108007880458ED300E046
:10BBD0000127F8B223B0BDE8F08F00BF43414C49C4
:10BBE0004252415445442121210000002DE9F04FEB
:10BBF00081B02DED028B044600680078002800F02B
:10BC0000AC804FF000084FF0010B4FF415794FF462
:10BC1000D27AB7EE008A0027E068A169C05D10FB08
:10BC20000A1595F8010178B3A0686169C05D10FB41
:10BC30000916606D96ED350A60B3D6F8D001C117CC
:10BC400000EB1170001101EE100AB8EEC11AB4EE4B
:10BC5000410AF1EE10FA0EDCD6F8D80196ED370A5B
:10BC6000A8EB400001EE100AB8EEC11AB4EE410A8A
:10BC7000F1EE10FA56DDD6F8D40141422846FAF723
:10BC800033FD4FF0000B61E028460021FAF72CFD50
:10BC90005CE000BFD6F8D001C11700EB91708010B6
:10BCA00001EE100AB8EEC11AB4EE410AF1EE10FA34
:10BCB0000DDC96ED770A96ED321AB8EEC00AB4EEB6
:10BCC000401AF1EE10FA02DAD6F8D411D6E7284677
:10BCD0000021FAF709FD96ED230A96ED321A96ED4A
:10BCE000242A31EE401A32EE400A81EE000A96ED27
:10BCF000781A96ED372AB8EEC11A85F8018120EE40
:10BD0000013A38EE400A20EE010A32EE433A30EEB4
:10BD1000020ABDEEC33ABDEEC00A86ED723A86ED68
:10BD2000730A13E0284600214FF0000BFAF7DCFC01
:10BD300096ED760A96ED321AB8EEC00A31EE000A98
:10BD4000BDEEC00A86ED770AC4F854B0206801370A
:10BD500000788742FFF460AF01E04FF0010B5FFA1B
:10BD60008BF0BDEC028B01B0BDE8F08FF0B581B077
:10BD7000044600680125007888B100264FF4D27788
:10BD8000E068A169805D10FB0710FCF7EAF9216803
:10BD9000002808BF0546087801368642F0D3E8B28D
:10BDA00001B0F0BDF0B581B004460068012500780F
:10BDB00088B100264FF4D277E068A169805D10FB5E
:10BDC0000710FCF7CEF92168002808BF054608785F
:10BDD00001368642F0D3E8B201B0F0BD2DE9F04F54
:10BDE00081B02DED048BB0B0002104460026FFF792
:10BDF000FBF819A85A21F6F761F9206800780028A5
:10BE000000F0C2809FED858A9FED859A0DF1640A4E
:10BE100000204FF000080490A068616910F8080045
:10BE20004FF4157210FB021B9BF8ED01032800F084
:10BE30008780D4E90312D4E9063711F808104FF4CB
:10BE4000D27511FB053512F808104C22022811FB9F
:10BE500002792DD0012840F097802846FCF781F91F
:10BE6000002800F0858050465A21F6F727F9A86B84
:10BE7000D5F83C11AB6CB9F80E7045F6F952CDE926
:10BE8000001050465A21C0F606020297F5F772FCE0
:10BE90009BF800105046002200960196FEF7A6FF80
:10BEA000DBF8F42148460021FFF790F8022044E037
:10BEB0004846FBF76CFE074650465A21F6F7FEF857
:10BEC000D9F8186050465A214DA23B4600960026EC
:10BED000F5F750FC9BF800105046002200960196A2
:10BEE000FEF784FF9BED241A00EE107AB8EEC00A2C
:10BEF00031EE081AB4EE401AF1EE10FA47DB9BED72
:10BF0000231A31EE091AB4EE401AF1EE10FA3EDCB3
:10BF100050465A21F6F7D2F8D5E90F3750465A2144
:10BF200040A20097F5F726FC9BF80010504600222F
:10BF300000960196FEF75AFF03208BF8ED011BE0F7
:10BF40002A482AA31A1D8BF8EC61059007CA0892AB
:10BF5000CDE90601187C00228DF824009BF8001022
:10BF600005A800960196FEF741FF0120049003E02A
:10BF70002846FFF7EBFC00BF206808F101080078B5
:10BF80008045FFF449AF29E00020049026E019AC79
:10BF9000002620465A218BF8EC61F6F78FF8DBE992
:10BFA000235034F087FF41EC180B284634F082FF11
:10BFB00041EC100B24A220465A213B468DED008B0C
:10BFC0008DED020BF5F7D6FB9BF800102046002202
:10BFD0000023009604930196FEF708FF0498C0B270
:10BFE00030B0BDEC048B01B0BDE8F08F43616C69EB
:10BFF0006220436F6D706C657465642E00000000F4
:10C00000456E636F64657220706F733A25642061BA
:10C010006E64207A65726F3A25640000008C634676
:10C02000008C63C64E6577204D7472206C696D6913
:10C0300074733A206D5F6D696E3D2564206D5F6D90
:10C0400061783D256400000063616C6962203134D1
:10C050003A6F75744C696D3A2063703A2564206DAF
:10C06000783A252E3166206D6E3A252E3166000015
:10C0700070B50446051D90F8A8010022411E0D2947
:10C0800084F8AA2112D8DFE801F02E07BAABAB166C
:10C09000AB072EABABABABB504F58E70FCF769FF0D
:10C0A00008B304F5A070FDF7A2FB1CE0FE281AD02F
:10C0B000502840F0958094ED231A94ED240AD4F88A
:10C0C000B410B4EE401A0020F1EE10FAC4E92E00CC
:10C0D000C4F8C400C4E93900C4F8EC00C4F8F01096
:10C0E00040F0A580AFE094F80802072800F0018135
:10C0F000062804D194F8EC01002800F0FA8004F539
:10C10000A07604F1B80104F1BC0204F1C00330468A
:10C11000FBF7CAFB94F89D0094ED2E0A94ED321AB9
:10C1200030EE410AF8B19FED982AB4EE420AF1EEE2
:10C1300010FA08DD9FED953A30EE030AB4EE420A9C
:10C14000F1EE10FAF8DC9FED922AB4EE420AF1EE1D
:10C1500010FA08DA9FED8F3A30EE030AB4EE420A85
:10C16000F1EE10FAF8DB94ED2F2A94ED334A94F8AF
:10C17000A91132EE442A002984ED390A84ED3A2AC5
:10C1800064D094ED3E7A94ED3D6AD4ED3F0A94ED8F
:10C19000233A94ED242A27EE000A94ED355A30EE26
:10C1A000060A20EE844A30EE440AB4EE423A30EEFB
:10C1B000454AF1EE10FA84ED310A84ED3B4A84EDF4
:10C1C0003C0A0BD0B4EE431AF1EE10FA40F3A4800F
:10C1D000B4EE421AF1EE10FA80F2B980002032E09B
:10C1E0000020C4E92E00C4F8C400C4E93900C4F832
:10C1F000EC007FE004F5A070FDF7F9FA79E094ED2A
:10C20000231A94ED240A94ED312A94ED353AB4EED4
:10C21000401A002032EE433AF1EE10FAC4E92E0043
:10C22000C4E9390084ED3B3A84ED3C2A0BD094ED0F
:10C23000322AB4EE412AF1EE10FA5EDDB4EE402A65
:10C24000F1EE10FA6FDAC4F8B0008AE094F89C209E
:10C250000021C4F8C410C4F8EC104AB394F8A81133
:10C26000FE2925D094ED280AB4EE401AF1EE10FA1A
:10C270001EDDD4ED290AB4EE601AF1EE10FA17DAD9
:10C2800000219FED451A9FED452A84F89C10002857
:10C2900004BFB0EE401AB0EE602A84ED231A9FED81
:10C2A000401A3046F0EE411A84ED242AFDF78CFA4C
:10C2B00094ED230A94ED241AB4EE410AF1EE10FA3B
:10C2C0001ED094ED2A1A9FED372A94ED320A31EEF2
:10C2D000021AB4EE410AF1EE10FA0ADB94ED2B1AC1
:10C2E0009FED312A31EE021AB4EE410AF1EE10FA56
:10C2F00006DD0020C4F8F00033E031EE420A0DE024
:10C3000094ED190A94ED391AB4EE401AF1EE10FAD0
:10C310000CDD31EE400A12E033EE410A2846F9F70F
:10C32000BBF8FF2019E030EE420A12E0B1EE402ADD
:10C33000B4EE421AF1EE10FA16DA31EE000A84ED8C
:10C34000390A2846F9F7A8F884ED3C0A09E032EEEC
:10C35000410A2846F9F7A0F8012084ED2C0A84F858
:10C36000AA0194ED3C0A70BD94F8C6010026C4F8F9
:10C37000E46028B1284600F026FEC4F8F060F0E73B
:10C380009FED070ADDE700BF00000047000080C7FF
:10C39000000000C7000080475555D5C65555D54605
:10C3A000000000000080E3C40080E34490F8A8117E
:10C3B000FE291DD190F80812062919D190F8EC1128
:10C3C000B1B180B590ED241A90ED232AB4EE410A64
:10C3D000F1EE10FAB4EE420AC8BFB0EE410AF1EE37
:10C3E00010FAB8BFB0EE420A00F097FE012080BDFF
:10C3F000002070472DE9F0410E4601211446054604
:10C400004FF00108F9F71EFD2846FBF7B3F8284660
:10C41000FAF713F94FF0000708BB05F1A000C5E9D2
:10C420000777C5E90A77C5E90D77C5E91877AF66DB
:10C43000C5E91177C5E9137700F0C5FD40F2011099
:10C44000A5F80001A86CC5F89C70C5E94B77AF63EF
:10C450000127C5F8346185F82C81C5E94E043846BA
:10C46000BDE8F081B0B50546FAF7E7F880F00104C1
:10C470000AF08EFEA9780AF0C3FE20B190F82400DD
:10C480000A3808BF04462046B0BD0000002800F06E
:10C490001E812DE9F04F87B040F6A039C1F20009A6
:10C4A000019099F8C000002800F09C80002701242A
:10C4B0004FF0000B09EB0B0090F8DC00C00715D122
:10C4C00009EB4B0A99F8C200BAF8D850042815D1E4
:10C4D00009EB8B00D0F8D0600AF05AFE5FFA8BF1BE
:10C4E0000AF08EFEC0E91565AAF8D8704FF0010B6E
:10C4F000E0074FF00004DDD174E000BF0228F3D163
:10C50000002DF1D044F26051C1F2000131F81B005E
:10C51000AAF8D870013021F81B001EF0E5F91EF0D2
:10C52000F1F944F25053C1F2000303EBCB0253F88C
:10C530003B3009EB8B085668D8F8C870C31A61EB1A
:10C540000606DB1B4FF0000776F10003CCDBC2E9E7
:10C55000000144F26050C1F2000030F81B0089F87D
:10C56000F5B089F8E5B0A9F8E650A9F8F6000AF0A8
:10C570000FFE5FFA8BF631460AF07CFE05460AF0A4
:10C5800007FE31460AF03CFE25B1B5F90C20B5F99D
:10C59000101001E000220021D8F8D0300028C9E9AD
:10C5A0003A2314BF00680020C9E93E010BF05CF893
:10C5B00009F1E00704210022002300970BF031F875
:10C5C0000BF052F809F1F007042100220023009734
:10C5D0000BF027F844F260500027C1F2000020F869
:10C5E0001B7081E7019C94F8380000284FF0000090
:10C5F00069D0B4F86010CDE904000390029019B935
:10C60000B4F86200002858D0D4F84600012128F080
:10C61000EBF80DF037F994F844100DF096F958B98D
:10C620000DF030F943F2C402C0F6060294F844104B
:10C63000126801230DF0D8F9B4F8600018B9D4E9F4
:10C640001401084318D00420072118F03DFC029083
:10C650000020ADF80C00B4F86000D4E91412ADF875
:10C660000E00CDE904120AF0FFFF02AF0421002200
:10C67000002300970AF0D5FFB4F8620018B9D4E996
:10C680001601084319D00420072118F01DFC029060
:10C690004FF48070ADF80C00B4F86200D4E91612C3
:10C6A000ADF80E00CDE904120AF0DEFF02AF04215E
:10C6B0000022002300970AF0B4FF04F15000142177
:10C6C000F5F7FCFC002007B0BDE8F04F00E0FE20CD
:10C6D00040B27047C169826A90ED081A514300EE7A
:10C6E000101AB8EEC00A80EE010A90ED051A00217A
:10C6F0000182B8EEC11A90F8401001F0F50180F8FF
:10C70000401030EE410ABDEEC00A80ED060A7047C7
:10C7100040F60060C1F20000D0F8D001FFF7B6BECD
:10C720002DE9F04F81B02DED0A8BCAB000210546EE
:10C730004FF00009FEF758FC2868007800288DF8B3
:10C74000D70000F0438208A89FED278A9FED279A23
:10C750009FED27AA29304FF415744FF0010B4FF0CD
:10C7600000080490A868696910F8080010FB041A12
:10C770009AF80812FF2900F0B981286907291BD00F
:10C78000062937D19AF8F8110139032932D8EA6914
:10C7900010F808004C2710FB0720DFE801F002E941
:10C7A0004ED5DAF8FC2100210027FEF70FFC02200D
:10C7B0008AF8F8019BE100BF9AF8ED1103293AD0FD
:10C7C00010F80800EA694C23022910FB032014D05A
:10C7D00001290FD1DAF8F02100210027FEF7F6FB3E
:10C7E00002208AF8ED0182E1008C6346008C63C66A
:10C7F00000803644FF2600277AE1FBF7C8F9074698
:10C8000000EE107AB8EEC01A9AED240A9AED23BA17
:10C8100030EE082AB4EE412AF1EE10FAC0F2F980A7
:10C820003BEE092AB4EE412AF1EE10FA00F3F18052
:10C8300003208AF8ED01002698E02846FCF7FAFB71
:10C840009AED320A9AED7C1A31EE400AB0EEC00A37
:10C85000B4EE4A0AF1EE10FA00F3488104208AF897
:10C86000F801E868A96910F808004FF4D27610FBC7
:10C870000619D9F8480008ACC9F838000020C9F8F2
:10C880004800C9F85000012089F8000120465021D5
:10C89000F5F714FCD9F83870D9F848302046502103
:10C8A0000FF2F0320097F4F765FF99F802100023B9
:10C8B00020460022009301930024FEF797FA89F89E
:10C8C00001412868CDF81C900078E0B1002700BF36
:10C8D000D5E90201AA69CC5D10F8079014FB062087
:10C8E000FAF7BFFF68694FF4157119FB0100FAF7F9
:10C8F00022FEA86914FB0600F9F73DFB2868013702
:10C9000000788742E4D3DAF80002079E08ACF063AF
:10C91000DAF80402502130642046F5F7CFFBD6E95F
:10C920000F3720465021E3A20097F4F723FF9AF82F
:10C93000001000272046002200970197FEF756FAC4
:10C9400000264FF00009B2E0CE48CEA20026043205
:10C950008AF8EC61369007CA37AB07C39AF8001023
:10C9600036A8002200960196FEF740FA0127BFE0A4
:10C97000E968AF6911F80860FBF709F904469AED18
:10C9800024CA00EE104AB8EEC00A3CEE081A9AED2E
:10C9900023BAB4EE401AF1EE10FA5EDB3BEE091A50
:10C9A000B4EE401AF1EE10FA57DC28684FF4D27951
:10C9B0000078CDF81CA0CDE90576E0B1002600BFD7
:10C9C000D5E90201AA698F5D845D17FB09204FF448
:10C9D000157AFAF746FF686914FB0A00FAF7ABFD0F
:10C9E000A869012117FB0900F9F72CFA286801361C
:10C9F00000788642E4D3079E4FF4D27196F8A801DE
:10CA00004FF415740A2855D1FF2600274FF000096E
:10CA10006EE010EE100A34F04DFA41EC1C0B1BEEE8
:10CA2000100A34F047FA41EC100B08AC20465021B4
:10CA30008BA23B468DED00CB8DED020BF4F79AFEF9
:10CA40009AF8001000272046002200974FF4157432
:10CA50000197FEF7CBF9FF264AE008AE00273046E3
:10CA600050218AF8EC71F5F729FB1CEE100A34F01E
:10CA700021FA41EC1C0B1BEE100A34F01BFA41ECBE
:10CA8000100B45F6236230465021C0F606022346BD
:10CA90008DED00CB8DED020BF4F76CFE9AF80010D3
:10CAA0003046002200970197FEF7A0F9FF264FF4C9
:10CAB00015741DE0DDE905204FF0000910FB012A87
:10CAC000DAF83C00C6F80002DAF84000C6F80402C2
:10CAD000CAE90F9996ED7C0AD6ED7D0A3046FFF73C
:10CAE00065FC88B1032086F8F80100BF0027002606
:10CAF0002968002E08780BEA070B3FD108F10108DE
:10CB00008045FFF42FAE39E004982721F5F7B4FAF9
:10CB10004BF6D800C0F60600D0E900E100F10807A6
:10CB20000591C1698CCF06910599CDF820E00DF1F2
:10CB3000240ED0E9054C8EE88E00D0E90821069B32
:10CB400090F828000D94CDF838C0CDE90F3211913E
:10CB50008DF848003178002708A800224FF415749A
:10CB600000970197FEF742F9D6F80002CAF83C0098
:10CB7000D6F80402FF26CAF84000B9E756B3FF20F2
:10CB80004FF00A0885F8680085F85A80087800B3E5
:10CB900000274FF415794FF4D27600BFA868696971
:10CBA000C05D10FB091080F8A881FEF7E7F9E8687E
:10CBB000A969C05D10FB0610F9F7DDF92868013797
:10CBC00000788742EAD34FF0000903E04FF0010BF1
:10CBD00014E00020BBF1000F39D078B100264FF4EB
:10CBE000157700BFA8686969805D10FB0710FEF724
:10CBF000C5F92868013600788642F3D34BF6A000C9
:10CC0000C0F6060090E88E00D0E904650DF1200E14
:10CC10008EE88E0000F12007D0E906C4CDE90C654E
:10CC20008ECF066B90F834000DF1400E8EE88E002A
:10CC30008DF8540008A800210022CDE90EC41496F6
:10CC4000CDF80090CDF80490FEF7D0F801E04FF059
:10CC5000000B58464AB0BDEC0A8B01B0BDE8F08F1E
:10CC600063616C6962373A6F75744C696D3A206321
:10CC7000702564206D78252E3166206D6E252E314D
:10CC80006600000043616C696220436F6D706C65E3
:10CC90007465640063364D3A706F7320726561632A
:10CCA0006865643A2063703D256420636F3D2564A8
:10CCB000000000004D7472206C696D6974733A2035
:10CCC0006D5F6D696E3D2564206D5F6D61783D25FA
:10CCD0006400000090F84000C0F3C000704748B105
:10CCE00040F60060C1F20000417819B1D0F8D001DF
:10CCF000FCF775BB0020704700220282C0E90512D4
:10CD0000C18990F84020816242F00A0180F8401009
:10CD1000704710B586B004460220152118F0D4F8EB
:10CD2000029000202178ADF80C00D4F8C800ADF8CE
:10CD30000E1034F073F994F8A811CDE904100AF03C
:10CD400093FC02AC03210022002300940AF069FC4A
:10CD500006B010BD48B100EB8100417A032906BF3F
:10CD6000C0F8A0200020F12000E0FE2040B2704773
:10CD70001AF0B8BC1AF0B6BC1AF0B4BC10B5044630
:10CD80000078C0F10100C0B226F02EFF40F2DC5165
:10CD9000884244F22C51C1F2000101D2012004E08A
:10CDA00040F6AD52904202D300202278885494ED90
:10CDB000390AB5EE400AF1EE10FAA4BF002010BD0A
:10CDC0002078085C002818BF012010BD80B582B013
:10CDD0000EF086FF0FF08CF90DF06AF90DF0FBFAFA
:10CDE00013F094FF14F002F903F080FC04F03AFD14
:10CDF00004F0C5FD05F00CFA11F0AAF811F0B8F92D
:10CE000010F06EFA10F07CFB00208DF807008DF812
:10CE1000060009F01EFA0DF107010DF1060209F0F6
:10CE20007FFC19F057F99DF807109DF8062019F0BE
:10CE300020FB02B080BD70B100EB810212F8093F07
:10CE4000042B02D09278042A07D100EB810080EDF8
:10CE50001A0A002002E0FE2000E0F12040B27047F4
:10CE600010B586B000201521002418F02DF8CDE96A
:10CE70000204CDE904440AF0F7FB45F6BD3302ACE9
:10CE8000C0F606030321002200940AF0CAFB06B094
:10CE900010BD48B100EB8100417A032906BF80ED47
:10CEA000210A0020F12000E0FE2040B2704710B5BA
:10CEB00086B000201621002418F006F8CDE90204FF
:10CEC000CDE904440AF0D0FB45F6BD3302ACC0F610
:10CED00006030321002200940AF0A3FB06B010BD54
:10CEE00080B508F09EFA08F01FFD09F0B2F9BDE820
:10CEF000804009F0DDBA704710B519F0EBF819F071
:10CF0000E0F8044612F0ACFD214612F0E3FF0BF00E
:10CF1000F5FD21460BF0E8FE14F092FB214614F0DB
:10CF20007DFC0AF0E5FB0AF07DFC09F092F940F681
:10CF3000B831BDE8104009F005BC704744F6C401A3
:10CF4000C1F200018A683AB190F90B300168002BF8
:10CF500058BF0146084610470020704780B5602141
:10CF6000F5F7ACF880BD000070B504460DF0A6FFE3
:10CF700004214FF4157223460DF0AAFF054644B173
:10CF80002E4600BF3046F8F736F9013C06F5157617
:10CF9000F8D1284670BD000070B504460DF08EFF34
:10CFA00004214FF4D27223460DF092FF054644B19E
:10CFB0002E4600BF3046F8F7B4F9013C06F5D276AC
:10CFC000F8D1284670BD0021C0E907114162C0E9CF
:10CFD00015117047F0B581B00C460546002600BF1C
:10CFE000002700BFE05909F0CBFC55F82600384473
:10CFF0000437102F80ED000AF4D10136042E04F11D
:10D000001004EDD101B0F0BD20211AF071BBB0B514
:10D0100082B044F23055C1F200050446E880002099
:10D02000A8800220C5E9022317F04EFF28600AF00D
:10D030001BFB04210022002300950AF0F2FA0AF0FB
:10D04000A7F821460AF016F908B12968416102B033
:10D05000B0BD000010B50446012898BF012400BFF0
:10D060002046F5F742F9002818BF10BD07F025F952
:10D0700008B18047F4E7002010BD00004FF0040322
:10D0800021B10D2902D01AB113E043581846704758
:10D090004A1E0D2A4FF000030FD80FF20601DFE8F9
:10D0A00002F01614080707180A0A120707070710E4
:10D0B000ECE73421E9E74821E7E75029E6D13821B8
:10D0C000E3E75021E1E74C21DFE74421DDE74021A0
:10D0D000DBE73C21D9E7B0B582B044F24055C1F25C
:10D0E00000050446E8800020A8800220C5E902234C
:10D0F00017F0EAFE28600AF0B7FA042100220023A4
:10D1000000950AF08EFA0AF043F821460AF0B2F8C8
:10D1100008B12968416102B0B0BD90ED251AF4EE66
:10D12000410AF1EE10FA02DDF0EE410A08E0B1EE3C
:10D13000411AF4EE410AF1EE10FAB8BFF0EE410ADE
:10D14000F5EE400AF1EE10FA80ED2E0AC0ED2F0A3E
:10D1500008BF704700F5A070FBF7BEBD10B586B0E4
:10D1600043F2E000C0F6060090E80E5040698DE8FA
:10D170000E50059004208DF80100002003210022AC
:10D18000012300241AF0C0FBCDE9010417F063FF6E
:10D19000694618F08EF906B010BD416851B1017AA8
:10D1A000032907D840F21050C1F2000000F2646079
:10D1B00009F0FEBB70470000F0B581B00C46054693
:10D1C000012898BF0125042998BF04240027684638
:10D1D00021462A460097F5F79AF8009878B96E46E6
:10D1E00007F06BF850B18047304621462A46009739
:10D1F000F5F78DF800980028F2D000E0002001B08B
:10D20000F0BD0000F0B581B00C46FE2905460CD3F8
:10D2100028694FF4A0610182FF218474A0F81310E3
:10D2200001B0BDE8F040FFF799BF00208DF8030082
:10D230008DF8020017F00FFF0DF1020117F0FEFE4E
:10D24000092C1ED8DFE814F00A002A01F2000401BC
:10D25000CC003D01500117016301DF000EF040FDDD
:10D260000EF0D0FE06460EF03BFD0DF1030200214C
:10D2700000270EF011FE2F750EF032FD0EF026FC89
:10D2800057E1802C40F056810EF02AFD0EF0BAFED8
:10D290000EF026FD0021002200260EF0FDFD2E7569
:10D2A0000EF01EFD0EF012FC0CF002FF0DF073F8F4
:10D2B0000CF0FEFE002100220DF001F8AE750CF01E
:10D2C000F7FE0CF09AFE13F021FD13F062FE13F04E
:10D2D0001DFD0021002213F021FE6E7513F016FDD6
:10D2E00013F08BFC03F002FA04F0B6FA03F0FEF937
:10D2F0000021002203F0F7F92E7703F0F7F903F08D
:10D30000DEF904F03CFB04F07DFF04F038FB002163
:10D31000002204F031FB6E7704F031FB04F018FBBF
:10D3200012F09EFB12F0A6FD12F09AFB00210022E3
:10D3300012F00DFDEE7512F093FB12F029FB0BF0CD
:10D34000DDFB0BF0B2FC0BF0D9FB002100220BF04F
:10D3500082FC2E760BF0D2FB0BF069FB14F070F917
:10D3600014F03DFA14F06CF90021002214F00DFACB
:10D370006E7614F065F914F0FEF810F0E9FD10F087
:10D38000BFFE10F0E5FD0021002210F073FEAE7626
:10D3900010F0DEFD10F06CFD0FF0A2FF10F078F839
:10D3A0000FF09EFF0021002210F02CF8EE760FF017
:10D3B00097FF0FF025FF07F046FF07F056FF14F028
:10D3C00060FF07F040FF07F050FF14F032FF8DF8C8
:10D3D000030017F040FE002118F010F80646A8E000
:10D3E0000BF08CFB0BF061FC06460BF087FB0DF19C
:10D3F0000302002100270BF02EFC2F760BF07EFBA2
:10D400000BF015FB95E004F0BAFA04F0FBFE0646BB
:10D4100004F0B5FA0DF103020021002704F0ACFA84
:10D420006F7704F0ACFA04F093FA82E00CF040FE5F
:10D430000CF0B1FF0CF03CFE0DF1030200210026C0
:10D440000CF03DFFAE750CF033FE0CF0D6FD73E032
:10D4500012F006FB12F00EFD064612F001FB0DF174
:10D4600003020021002712F072FCEF7512F0F8FAA7
:10D4700012F08EFA5DE00FF033FF10F009F8064667
:10D480000FF02EFF0DF10302002100270FF0BAFF6D
:10D49000EF760FF025FF0FF0B3FE4AE013F036FCF5
:10D4A00013F077FD064613F031FC0DF10302002165
:10D4B000002713F033FD6F7513F028FC13F09DFB6C
:10D4C00037E014F0BDF814F08AF9064614F0B8F805
:10D4D0000DF103020021002714F057F96F7614F0C4
:10D4E000AFF814F048F824E010F032FD10F008FE18
:10D4F000064610F02DFD0DF103020021002710F06B
:10D50000B9FDAF7610F024FD10F0B2FC11E003F08D
:10D51000EDF804F0A1F9064603F0E8F80DF1030276
:10D520000021002703F0DFF82F7703F0DFF803F086
:10D53000C6F80EB1002018E005F11400002100BF6C
:10D54000425C012A10D001310A29F9D117F083FD7C
:10D550000021002617F052FF9DF80210022918BF83
:10D560008DF802600028E5D10120296908740520A2
:10D570004874FF208C74C874FFF7F0FD01B0F0BD53
:10D5800010B51DF0B1F91DF0BDF944F24834C1F2F7
:10D5900000040122C4E92A01204684F8612084F8AD
:10D5A000C820FFF713FC94F8600068B994F84100B4
:10D5B00028F07AFE022803D194F8410028F07AFE80
:10D5C00094F8420028F076FE1DF08EF91DF09AF9CD
:10D5D000024601200B4600F016FF40F2FF11022028
:10D5E000A4F86110BDE8104000F030BB2DE9F04711
:10D5F00082B01DF079F91DF085F944F24834C1F28A
:10D600000004D4E91A234FF00009013243F100036A
:10D61000012584F86190C4E91A23C4E91E0184F845
:10D620009850C4E942012046C4F84490FFF763FCD7
:10D63000A08DCDF80490ADF8025078B30DF1040A36
:10D640000DF10206E846002519F0A5F851463246CC
:10D6500019F05DF90746C8B9ADF8009019F0FAF96C
:10D6600001994246002319F07EFA18B119F0F2F937
:10D67000FFF71DFCBDF80000B4F846100844B4F8EC
:10D680004410A4F84600481CA4F84400BDF8020069
:10D6900020B11FB9A08D01358542D5D32046FFF7B3
:10D6A0001FFC94F8600018B994F8410028F002FEBD
:10D6B0001DF01AF91DF026F9024600200B4600F075
:10D6C000A2FEFF20A4F86100012000F0BFFA02B022
:10D6D000BDE8F0872DE9F04F8FB01DF005F91DF082
:10D6E00011F944F24834C1F200040222C4E93601BF
:10D6F000012084F8612084F8F8000025204684F891
:10D700004D50A564FFF719FCE08D0A95ADF81C504B
:10D7100070B119F09FF904F155030AA907AA19F08D
:10D7200044F9002800F09D8019F094F9FFF7BFFB41
:10D730002046FFF7E1FB94F84D0080B141F2BC00B8
:10D74000C0F60600056800BF206D29462CF0CAFC13
:10D7500094F84D000138010684F84D00F4D11DF015
:10D76000C3F81DF0CFF8054602202A460B460E46A8
:10D7700000F049FED4E9460104F58073C4E948018C
:10D780000FCBC4F81051AD1A66EB03020023281A20
:10D79000C4F81461C4E9465272EB010084F82831E0
:10D7A00024BF012084F82A01B4F83471B4F832A1FE
:10D7B000002F38460AF0100118BF0120002F00EAA0
:10D7C000111C00F0C8801AF0080000F0C48044F278
:10D7D0006850C1F20000D0E9001044F2705B44F2DE
:10D7E000785E51EA0002C1F2000BC1F2000E06950C
:10D7F0004FD044F28056C1F200066346D6E900ECF1
:10D80000DBE9008211F1010B1FFA85F9CDF808A0C0
:10D8100040F1000A1EEB090001924CF1000144F2B4
:10D820006855C1F20005CDE90310C6E90001CDF845
:10D830001480B9EB0806D84601984FF0000244F274
:10D84000785E9C4644F2705B5346C5E9008ADDF879
:10D8500008A0C1F2000EC1F2000B72EB000631D33A
:10D8600034E0BDF81C0000283FF462AF18F093FFCD
:10D870000A9944F64032C0F24C0219F070F80028C0
:10D8800000F02C8144F24830C1F20000FFF7E8FAC2
:10D890004EE744F2805244F2685300211FFA85F9A2
:10D8A000C1F200024FF00108C1F200030020CEE9EE
:10D8B0000011C2E900910390C3E90081CDF81090F6
:10D8C00000220023CBE90092CDF81490DEE900B6E7
:10D8D00007EB8707BBEB090596414FEA47073CBFBB
:10D8E000CEE90092CB46BEB2B8EB0607069D73F1B7
:10D8F000000730D3DDE90310424644F26858C1F214
:10D900000008CDF810C0F3F7A6FE0599C0EA01495A
:10D910004CF6CD414FEA0B40714340EAD1474FF4FA
:10D9200040300B900026002040210A9617F0CCFAD8
:10D930000A90CDE90C7909F097FE41F6B0330AAFB1
:10D94000C0F6060301210022009709F06AFEDDF807
:10D9500010C0C8E90066BCF1000F1FFA8AF859D060
:10D96000AAB204F5967528460023002705F073FA3D
:10D97000B4F8340100EB8006284605F035FED0E906
:10D980000001B0EB460071F1000043D307A928461F
:10D99000FF22CDE90777099705F0CAFD284605F073
:10D9A000EEFA079800250430002600BF50F8041B4B
:10D9B000C7F1200321FA03F3B7F1200258BF01FA9F
:10D9C00002F301FA07F107F1080758BF00211E43CF
:10D9D000402F45EA0105E9D14FF47A000B90002071
:10D9E00042210A9017F070FA0A90CDE90C5609F01E
:10D9F0003BFE41F6B0330AAFC0F606030121002218
:10DA0000009709F00EFE079820B109990890091AAD
:10DA100006F0D6FC5FEA48702BD594F82A0101285D
:10DA200027D1002084F82A01CDE90A00D4F8B800F3
:10DA3000D4F81811B4F88820B4F8E830B4F80051DC
:10DA400042EA014643EA00470020412117F03CFA30
:10DA50000A90ADF82E50CDE90C7609F005FE41F69E
:10DA6000B0330AAFC0F6060303210022009709F085
:10DA7000D8FD94F8600040B140F2FF21606BA4F83B
:10DA80006110012119F02CFE25E094F8410028F0E6
:10DA90000BFC022803D194F8410028F00BFC94F809
:10DAA000420028F001FC022803D194F8420028F03B
:10DAB00001FC94F8430028F0FDFB4FF6FF70A4F83A
:10DAC000610094F84050FF2084F8400017F0C3FA3A
:10DAD000294617F0C2FC0FB0BDE8F08FBDF81C005E
:10DAE000B4F84A100844B4F84810A4F84A00481C96
:10DAF00094F84D10A4F84800481C84F84D0017E62F
:10DB0000002814BF0078072080B582B002033FFAD6
:10DB100082F200F0070342EA0322104400906846B4
:10DB20008DF8041004F03DFD02B080BDF0B581B069
:10DB300015460C4606460020FE298DF8030010D33A
:10DB40003169002D08744FF006008C7408BF07205F
:10DB50004874FF20A1F8130001B0BDE8F040FFF7C2
:10DB6000FDBA092C4FF0FF0750D8DFE804F0053765
:10DB70001F270F3F472F51170EF0B2F80DF1030288
:10DB8000002D4DD029460DF031FF4CE00AF0B6FFD4
:10DB90000DF1030229460BF05EF844E003F0EFFEBE
:10DBA0000DF10302294603F0E7FE3CE00CF080FA99
:10DBB0000DF1030229460CF082FB34E011F050FF16
:10DBC0000DF10302294612F0C2F82CE00FF088FB99
:10DBD0000DF1030229460FF015FC24E013F096F82E
:10DBE0000DF10302294613F099F91CE013F028FD0A
:10DBF0000DF10302294613F0C8FD14E010F0A8F956
:10DC00000DF10302294610F035FA0CE0FF200AE07E
:10DC100002F06CFD0DF10302294602F064FD02E002
:10DC200000210EF039F9C0B2B0FA80F03169400934
:10DC3000087406208C74002D08BF07204874CF7428
:10DC4000085D0875FFF78AFA01B0F0BDB0B544F27F
:10DC500048350446C1F2000540B195F84C0028B99A
:10DC600005EB8400406B022119F03AFD05EB8400BE
:10DC7000406B0121BDE8B04019F032BD91F824207D
:10DC8000012303FA02F200EE102AB8EEC00AB7EE42
:10DC9000001A81EE000A91ED001A21EE001AB5EE8D
:10DCA000401AF1EE10FA7BDB91ED012A22EE002AF8
:10DCB000B5EE402AF1EE10FA72DB91ED023A23EE56
:10DCC000003AB5EE403AF1EE10FA69DB91ED034A05
:10DCD00020EE040AB5EE400AF1EE10FAB8BF704724
:10DCE0002DE9F04184B0B4EE412AB0EE414A044639
:10DCF000F1EE10FAC8BFB0EE424AB4EE443A00204A
:10DD00000121F1EE10FAC8BFB0EE434A01FA00F269
:10DD100005EE102AB8EE455AB4EE454AF1EE10FA77
:10DD200008DB01301028F1D14FF000080026002751
:10DD300000251BE09FED1B4AC0F10F0521EE041AE0
:10DD400081EE051A22EE042A82EE052A23EE043A19
:10DD500083EE053ABDEEC11A11EE108ABDEEC21A6D
:10DD600011EE106ABDEEC31A11EE107A2078F9F7A1
:10DD70007BFD2078020300F007013FFA82F242EABD
:10DD8000012108440190E8B2C7EA0040C8EA064110
:10DD9000CDE9021001A804F0DCFB04B0BDE8F041BD
:10DDA000704700BF000000470021C17070470000AD
:10DDB00091F82420012303FA02F200EE102AB8EEB3
:10DDC000C00AB7EE001A81EE000A91ED001A21EEAA
:10DDD000001AB5EE401AF1EE10FA7BDB91ED012A44
:10DDE00022EE002AB5EE402AF1EE10FA72DB91ED38
:10DDF000023A23EE003AB5EE403AF1EE10FA69DB52
:10DE000091ED034A20EE040AB5EE400AF1EE10FA55
:10DE1000B8BF70472DE9F04184B0B4EE412AB0EEAE
:10DE2000414A0446F1EE10FAC8BFB0EE424AB4EEE1
:10DE3000443A00200121F1EE10FAC8BFB0EE434A87
:10DE400001FA00F205EE102AB8EE455AB4EE454A42
:10DE5000F1EE10FA08DB01301028F1D14FF0000884
:10DE60000026002700251BE09FED1B4AC0F10F058F
:10DE700021EE041A81EE051A22EE042A82EE052A0A
:10DE800023EE043A83EE053ABDEEC11A11EE108A74
:10DE9000BDEEC21A11EE106ABDEEC31A11EE107A71
:10DEA0002078F8F7E4FB2078020300F007013FFA3E
:10DEB00082F242EA012108440190E8B2C7EA004038
:10DEC000C8EA0641CDE9021001A804F092FB04B0B3
:10DED000BDE8F041704700BF0000004780B509F081
:10DEE000C3FB41F6B03203A1C0F60602BDE8804094
:10DEF00009F0DEBB63616C6C6564205F7461736BF9
:10DF0000444F5F73746172747570282900000000BB
:10DF100080B509F0A9FB41F6B03203A1C0F60602B4
:10DF2000BDE8804009F0C4BB63616C6C6564205F30
:10DF30007461736B52585F737461727475702829C1
:10DF40000000000080B509F08FFB41F6B03203A15C
:10DF5000C0F60602BDE8804009F0AABB63616C6CA4
:10DF60006564205F7461736B54585F73746172747D
:10DF7000757028290000000070B540F60066C1F2F7
:10DF8000000606F5D0750C46014628461822F3F720
:10DF90006DFF284608F07BFE054608F079FED6F8AE
:10DFA000D011034608462946224686F8BC31BDE812
:10DFB0007040FBF72FBC007D022808BF012904D068
:10DFC000FE200121002219F038BD4FF2D712C0F611
:10DFD0000202FE20012119F030BD10B544F2483490
:10DFE000C1F2000494F8410028F05EF9022803D140
:10DFF00094F8410028F05EF994F8420028F054F9B2
:10E00000022803D194F8420028F054F994F8430010
:10E0100028F04AF9022818BF10BD94F84300BDE863
:10E02000104028F047B900002DE9F041044600688F
:10E030000078D8B14FF000084FF415764FF4D2773E
:10E04000002500BFA0686169405D10FB0610FDF768
:10E0500044F830B1E068A169405D10FB0710C0F8DA
:10E060009C802068013500788542EBD3BDE8F081C3
:10E07000007828F003B800002DE9F04F91B040F689
:10E080000068C1F20008044698F8BC010026002888
:10E09000C8F8CA61C8F8C661C8F8C261C8F8BE61EC
:10E0A00044D04FF0010B0DF120090DF10C0A0027AF
:10E0B000D8F8D001FDB229464A4653468DF8306063
:10E0C0008DF81C60FBF7AAFD9DF830109DF81C0030
:10E0D00008EB070282F8C01182F8C70151B10F297D
:10E0E00008D008F5DF70294608F062FC9DF81C0096
:10E0F0004FF0000B40B10F2806D008F2BF102946A0
:10E1000008F056FC4FF0000B98F8BD1198F8BC01D0
:10E1100001370131874288F8BD11C9D3ABF1010144
:10E12000B1FA81F14FEA5119064601E04FF00109B9
:10E1300098F80200012807D1D8F8D421404621469A
:10E14000FCF742FD98F8BC6198F8BF2198F8BE3101
:10E15000310362F3071103F00F0200201144C8F8E5
:10E160008C01A8F88E11C8F89401C8F89001F6B196
:10E1700010210022002300BF032813D808EB00055C
:10E1800095F8C07195F8C75107F00F07A1F1100479
:10E1900005F00F05A7408D402F433A4343EAE5734E
:10E1A000C8E964230130864201F10401E4D108ADDD
:10E1B00028462021F3F782FF1CF0C2F81CF0C9F8B2
:10E1C0004FF239010346C0F602012846002206F04C
:10E1D0007CFCB9F1000F1ED0022088F898010520C0
:10E1E000152116F071FEC8F8880108F5C47409F00D
:10E1F0003BFA98F8981141F6F733C0F6060300226F
:10E20000009409F00EFA98F89A0178B3D8F88411BE
:10E2100061B314271AE00520162116F055FEC8F840
:10E220008801042008F5C47488F8980109F01CFAE4
:10E2300098F8981141F6F733C0F6060300220094CF
:10E2400009F0EFF9D8F8841181B1FF2743F2B80241
:10E25000C0F60602D8F88001D2E9002388F8997147
:10E260000127CDE90017029513F010FED8F804201D
:10E270002AB140F60060C1F200000121904711B0C0
:10E28000BDE8F08F44F24830C1F20000406B02213B
:10E2900019F02EBA2DE9F04F81B08268436992F8E7
:10E2A00000C092F801904FF4157780461CFB0730B0
:10E2B00090ED320A947819FB073292ED321ABDEED6
:10E2C000C00A14FB073210EE106ABDEEC10A92EDCF
:10E2D000321A10EE107ABDEEC10A06FB06F210EEFD
:10E2E000105A07FB0722AB1905FB06F103FB0711C8
:10E2F00005FB0522D8F86430511A99427DDBD8F825
:10E300000C100094D8F818E00B784C7890ED020AC5
:10E3100089784FF4D27213FB02E314FB02E4B5EEEA
:10E32000400AD3F89C30D4F89CB011FB02E1F1EE26
:10E3300010FAB5EE400AD1F89CA0BCBF5B42CBF10D
:10E34000000BF1EE10FAB8BFCAF1000ABE42D8BF06
:10E35000AE420DDDBE42A8BFAE420DDA4FF4D2711F
:10E360001CFB01E10022C1F89C20F6F7D0FF05E07C
:10E37000B3F1FF3F02DCEDE7012BEFDAAF42D8BF8C
:10E38000B74216DDBE4204DCAF4202DBBBF1010F37
:10E3900012DBD8E905014FF4D27219FB02110022F9
:10E3A000C1F89C204FF4157119FB0100F6F7AFFF7F
:10E3B00002E0BBF1FF3FE5DD009BB542D8BFBD42A7
:10E3C00018DDB54204DBAF4202DCBAF1010F14DB09
:10E3D000D8E905014FF4D27213FB02114FF4157204
:10E3E00013FB02000022C1F89C2001B0BDE8F04FF1
:10E3F000F6F78DBFBAF1FF3FE3DD01B0BDE8F08F66
:10E40000C0F3006070472DE9F04F8FB044F24839F7
:10E4100000EB4001C1F2000909EB011A514651F825
:10E4200070CF4FF0000BD1E901E6CD68D1E9064786
:10E43000B2EB0608C1E9042363EB0502B8EB0C0359
:10E44000C1E90847C1E9068272EB0E0381F828B0E2
:10E4500024BF01238AF89A30B9F83461B9F83291AF
:10E46000334609F00207CDF838B0CDE90CBBCDE951
:10E470000ABB002E18BF012303EA5704012CCDF874
:10E4800024B054D144F29853C1F20003029403EB38
:10E4900040144701DD59676806EB860655EA070315
:10E4A000CDF80CA004D0D4E902CED4E9063A1EE09F
:10E4B00040F6DC73C1F200031F5C0025012F04BF8E
:10E4C0000DF1300757F820504FF0000E44F2402C69
:10E4D00009AFC0F20F0C47F8205003F800E0002706
:10E4E00000234FF0000AC4E902CEC4E904EE13EBA6
:10E4F00008034FEA460B4AEB0206C4E906366B1CDA
:10E5000047F10005B8EB0C0772EB0E07C4E90035C4
:10E5100038BFC4E90282D4E90437DDF80CA0B3EBBC
:10E52000080377EB020338BFC4E90482029C1FFA98
:10E5300089F244F2905900230228C1F20009CDE982
:10E540000633CDE9043348D0012840F08B80D00752
:10E5500027D091F82A00012823D144F28850C1F233
:10E560000000016841F288334A1C9942026018DBBE
:10E570000021016000200C2116F0A6FC0490D9E9CE
:10E580000001ADF81680CDE9060109F06DF841F6FD
:10E59000B03304AFC0F6060303210022009709F050
:10E5A00040F8002C00F0C58044F29854C1F20004F9
:10E5B00054F8200F0A99636801EB0B02821A73F179
:10E5C0000002C0F0B680CDF80CA004F1100604F1F2
:10E5D000080A04F11807012279E0D00728D091F841
:10E5E0002A00012824D100200D2116F06DFC44F2F0
:10E5F0004831C1F20001049091F8580091F8591087
:10E60000D9F8002040EA0120B9F80410ADF81680CE
:10E6100041EA0040CDE9062009F026F841F6B03382
:10E6200004AFC0F6060303210022009708F0F9FFAB
:10E63000002C7ED044F29854C1F2000454F8400FEC
:10E640000B99636801EB0B02821A73F1000270D31D
:10E65000CDF80CA004F1100604F1080A04F1180723
:10E66000022234E0D0071AD091F82A00012816D1EE
:10E6700000200B2116F028FC0490D9E90001ADF828
:10E680001680CDE9060108F0EFFF41F6B03304AF84
:10E69000C0F6060303210022009708F0C2FF002CF9
:10E6A00047D044F29854C1F200040999D4E9000318
:10E6B00001EB0B02821A73F100023AD3CDF80CA0E1
:10E6C00004F1100604F1080A04F11807002202926E
:10E6D000421AD7E9000163F10003F2F7BCFF49F6E3
:10E6E0009A11C1F69911ABFB0112DAF800103368E8
:10E6F000C0EA014012EB034640F100070020402130
:10E70000002516F0E1FB04900298CDE90667ADF80C
:10E71000160008F0A9FF41F6B03304AFC0F60603B7
:10E7200001210022009708F07CFFDDF80CA0C4E96D
:10E73000005500208AF89A00D9E90001090441EA4D
:10E740001041C8EA0040C9E900010FB0BDE8F08FF0
:10E7500080B561B140F67830C1F20000006940F642
:10E760000301C0F21041C0F81110012116E001F0C0
:10E77000BDFF01F0AAFF01F0B9FF01F0A0FF40F6D4
:10E780007831C1F20001086940F60302C0F210526C
:10E79000C0F81120092281F8252000210174BDE86C
:10E7A0008040FEF7DBBC80B561B140F67830C1F245
:10E7B0000000006940F60311C0F21141C0F81110C9
:10E7C000012116E003F0DBF803F0C8F803F0D7F8F6
:10E7D00003F0BEF840F67831C1F20001086940F656
:10E7E0000312C0F21152C0F811200A2281F825202C
:10E7F00000210174BDE88040FEF7B0BC80B561B176
:10E8000040F67830C1F20000006940F20371C0F2B6
:10E810000D41C0F81110012116E00EF061FD0EF05F
:10E82000CEFD0EF05DFD0EF0EBFC40F67831C1F24E
:10E830000001086940F20372C0F20D52C0F81120C5
:10E84000082281F8252000210174BDE88040FEF7F0
:10E8500085BC80B561B140F67830C1F20000006936
:10E8600040F20361C0F20C41C0F81110012116E022
:10E870000FF06EFB0FF0DBFB0FF06AFB0FF0F8FA06
:10E8800040F67831C1F20001086940F20362C0F23B
:10E890000C52C0F81120072281F8252000210174B4
:10E8A000BDE88040FEF75ABCF0B58FB001291DD1FC
:10E8B00040F21054C1F20004207D0E286DD14FF2B9
:10E8C0001D50657DE68AC0F60200CDE9040403F020
:10E8D00010FDD4F8081602680D9145EA06410E9124
:10E8E00016680DA904AB0122B04756E040F210555E
:10E8F000C1F2000505200C46287310F069FB2A7B45
:10E900000021002610F054FBC5E96366C5F8946148
:10E9100004AE30462021F3F7D1FB1BF011FD1BF0B4
:10E9200018FD4FF217210346C0F6020130462A4671
:10E9300006F0CBF805204E2116F0C6FAC5F888017E
:10E94000042005F5C47785F8980108F08DFE95F848
:10E95000981141F6E133C0F606030022009708F053
:10E9600060FED5F8841181B143F2B802C0F6060208
:10E97000FF27D5F88001D2E9002385F89971012796
:10E98000CDE90017029613F081FA6A682AB140F2C5
:10E990001050C1F20000214690470FB0F0BDF0B515
:10E9A0008FB001291AD140F21054C1F200044FF285
:10E9B0000140657DE68AC0F60200CDE9040403F05B
:10E9C00098FCD4F8081602680D9145EA06410E91AC
:10E9D00016680DA904AB0122B04756E040F210556D
:10E9E000C1F2000505200C46287310F0F1FA2A7BCD
:10E9F0000021002610F0DCFAC5E96366C5F89461D1
:10EA000004AE30462021F3F759FB1BF099FC1BF0B4
:10EA1000A0FC4FF217210346C0F6020130462A46F9
:10EA200006F053F805203C2116F04EFAC5F888018F
:10EA3000042005F5C47785F8980108F015FE95F8CF
:10EA4000981141F6E133C0F606030022009708F062
:10EA5000E8FDD5F8841181B143F2B802C0F6060290
:10EA6000FF27D5F88001D2E9002385F899710127A5
:10EA7000CDE90017029613F009FA6A682AB140F24C
:10EA80001050C1F20000214690470FB0F0BD80B594
:10EA900061B140F67830C1F20000006940F2032114
:10EAA000C0F20541C0F81110012116E00BF000FB87
:10EAB0000BF074FB0BF0FCFA0BF09FFA40F6783188
:10EAC000C1F20001086940F20322C0F20552C0F809
:10EAD0001120022281F8252000210174BDE8804028
:10EAE000FEF73CBB80B561B140F67830C1F2000062
:10EAF000006940F20331C0F20741C0F81110012152
:10EB000016E010F0ADFF11F021F810F0A9FF10F0A1
:10EB10003FFF40F67831C1F20001086940F203324C
:10EB2000C0F20752C0F81120032281F825200021ED
:10EB30000174BDE88040FEF711BB10B50B46022AF8
:10EB4000044609D0012A1CD1FE200121002219F01F
:10EB50005DFBC0B1983006E0FE200121012219F0D2
:10EB600055FB80B17C300268002A0FD04FF6FF7051
:10EB7000A4FB00014FF0000348BF5242F2F76BFDC7
:10EB800010BD002010BD4FF4FA6010BD40F6B83043
:10EB900010BD70B58EB040F21054C1F200040129CE
:10EBA0000DD1207D022862D106F03BFCD4F8A811DB
:10EBB00004F5D6720EB0BDE8704006F085BD0520A4
:10EBC000207310F005FA227B0021002510F0F0F9E7
:10EBD000207D1A26022808BF1226C4E96355C4F80E
:10EBE000945104AD28462021F3F768FA1BF0A8FBE6
:10EBF0001BF0AFFB4FF217210346C0F60201284677
:10EC0000224605F062FF0520314616F05DF9C4F892
:10EC10008801042004F5C47684F8980108F024FDE6
:10EC200094F8981141F6E133C0F6060300220096ED
:10EC300008F0F7FCD4F8841181B143F2B802C0F6B1
:10EC40000602FF26D4F88001D2E9002384F89961F6
:10EC50000126CDE90016029513F018F96268E2B1B9
:10EC600040F21050C1F200000021904715E04FF231
:10EC70005960657DE68AC0F60200CDE9040403F020
:10EC800038FBD4F8081602680C9145EA06410D914C
:10EC900016680CA904AB0122B0470EB070BDF0B5E8
:10ECA0008DB040F210551446012AC1F2000510D172
:10ECB0000320287310F08CF92A7B002110F078F9DA
:10ECC000A87801280DD105F1140128460CF000FCAC
:10ECD00007E00520287310F07BF92A7B002110F053
:10ECE00067F9002004AFC5E96300C5F89401384610
:10ECF0002021F3F7E3F91BF023FB1BF02AFB4FF273
:10ED000017210346C0F6020138462A4605F0DDFE0B
:10ED1000012C1DD1022085F8980105200D2116F047
:10ED2000D3F8C5F8880105F5C47608F09DFC95F880
:10ED3000981141F6E133C0F606030022009608F070
:10ED400070FC95F89A6176B3D5F88411E1B92AE0A0
:10ED50004CBB05200E2116F0B7F8C5F88801042039
:10ED600005F5C47685F8980108F07EFC95F89811B1
:10ED700041F6E133C0F606030022009608F051FC8C
:10ED8000D5F8841179B1FF2643F2B802C0F6060225
:10ED9000D5F88001D2E9002385F8996101268DE834
:10EDA000C20013F073F86A682AB140F21050C1F241
:10EDB00000002146904700200DB0F0BDF0B58DB0A9
:10EDC00040F210551446012AC1F2000510D103206B
:10EDD000287310F0FDF82A7B002110F0E9F8A878DC
:10EDE00001280DD105F1140128460CF071FB07E054
:10EDF0000520287310F0ECF82A7B002110F0D8F8D9
:10EE0000002004AFC5E96300C5F89401384620210D
:10EE1000F3F754F91BF094FA1BF09BFA4FF2172109
:10EE20000346C0F6020138462A4605F04EFE012C84
:10EE30001DD1022085F898010520102116F044F814
:10EE4000C5F8880105F5C47608F00EFC95F8981110
:10EE500041F6E133C0F606030022009608F0E1FB1C
:10EE600095F89A6176B3D5F88411E1B92AE04CBBE4
:10EE70000520112116F028F8C5F88801042005F5B1
:10EE8000C47685F8980108F0EFFB95F8981141F6E3
:10EE9000E133C0F606030022009608F0C2FBD5F865
:10EEA000841179B1FF2643F2B802C0F60602D5F804
:10EEB0008001D2E9002385F8996101268DE8C2001E
:10EEC00012F0E4FF6A682AB140F21050C1F200006B
:10EED0002146904700200DB0F0BD80B561B140F6ED
:10EEE0007830C1F20000006940F20311C0F206411F
:10EEF000C0F81110012116E011F008FF11F07CFF9D
:10EF000011F004FF11F079FE40F67831C1F20001F2
:10EF1000086940F20312C0F20652C0F81120012223
:10EF200081F8252000210174BDE88040FEF716B964
:10EF3000B0B5C5B244F2483C6B00C1F2000C421EB1
:10EF400053FA80F00CF1700303EB0011D1E90204D5
:10EF5000002D08BF02222043D0B24FEA400050FAF1
:10EF600082F003EB001090F828009CF8623091F8D2
:10EF700028E00AD048B983EA020040EA0E00C0B295
:10EF8000B0FA80F0400908BFB0BD0CEB8500406BC3
:10EF90000221BDE8B04018F0ABBB80B561B140F6CE
:10EFA0007830C1F20000006940F20341C0F208412C
:10EFB000C0F81110012116E009F0A0FD09F028FEAB
:10EFC00009F09CFD09F033FD40F67831C1F20001F3
:10EFD000086940F20342C0F20852C0F8112005222D
:10EFE00081F8252000210174BDE88040FEF7B6B805
:10EFF0002DE9F041044600680078D8B14FF00008D0
:10F000004FF415764FF4D277002500BFA0686169F0
:10F01000405D10FB0610FDF7B1FE30B1E068A1695C
:10F02000405D10FB0710C0F89C8020680135007817
:10F030008542EBD3BDE8F081B0B582B008F014FB97
:10F0400040F60065C1F2000595F8981141F6F733D6
:10F0500005F5C474C0F606030022009408F0E1FA36
:10F0600095F89901FF2804D00138010685F8990127
:10F0700001D002B0B0BDD5F8800102B0BDE8B0400B
:10F0800012F078BF70B58CB001290ED106F0C9F925
:10F0900040F21052C1F20002D2F8A81102F5D67265
:10F0A0000CB0BDE8704006F00FBB40F21054C1F246
:10F0B0000004052020730FF08BFF227B0021002528
:10F0C0000FF076FFC4E96355C4F8945104AD2846A7
:10F0D0002021F2F7F3FF1BF033F91BF03AF94FF25E
:10F0E00017210346C0F602012846224605F0EDFC32
:10F0F00005200F2115F0E8FEC4F88801042004F56E
:10F10000C47684F8980108F0AFFA94F8981141F6A3
:10F11000E133C0F606030022009608F082FAD4F824
:10F12000841181B143F2B802C0F60602FF26D4F87A
:10F130008001D2E9002384F899610126CDE9001607
:10F14000029512F0A3FE62682AB140F21050C1F29B
:10F150000000002190470CB070BD0A7C0F2A00D13E
:10F1600070478B7C022B06D0012B18BF70472AB149
:10F170001146F5F763BD0968F5F7A7BFF5F758BF66
:10F1800080B561B140F67830C1F20000006940F20C
:10F190000351C0F20941C0F81110012116E012F02C
:10F1A0004FFA12F0CFFA12F04BFA12F0E4F940F6EF
:10F1B0007831C1F20001086940F20352C0F20952ED
:10F1C000C0F81120062281F8252000210174BDE835
:10F1D0008040FDF7C3BFB0B5054618F08BFB28464D
:10F1E00018F08AFB0446284618F08CFB012C0146D7
:10F1F0000CD04CB90E2907D8012000FA01F144F2D5
:10F200007402114218BFB0BD0020B0BD481FB0FA53
:10F2100080F04009B0BDB0B582B00446D0E96401C9
:10F2200004F5C475013041F10001C4E9640108F03E
:10F230001BFA94F8981141F6E133C0F60603002258
:10F24000009508F0EEF9D4F8880115F029FE0E2893
:10F2500004D0286815F024FE112803D106F0E1F847
:10F2600006F01BFA94F89901FF2804D00138010632
:10F2700084F8990101D002B0B0BDD4F8800102B089
:10F28000BDE8B04012F076BE80B571B140F678307E
:10F29000C1F2000090F8261000690322C174042115
:10F2A00001750121A0F8112017E00CF019FD0CF0F8
:10F2B0009CFD0CF015FD0CF009FC40F67832C1F213
:10F2C000000292F8261010690323C174052101750C
:10F2D0000021A0F8113082F825100174BDE88040AB
:10F2E000FDF73CBFF0B58DB040F210550C4601293A
:10F2F000C1F2000510D1032028730FF069FE2A7BAC
:10F3000000210FF055FEA87801280DD105F1140158
:10F3100028460CF0DDF807E0052028730FF058FEB2
:10F320002A7B00210FF044FE002004AFC5E96300F2
:10F33000C5F8940138462021F2F7C0FE1BF000F812
:10F340001BF007F84FF217210346C0F602013846BA
:10F350002A4605F0BAFB012C1DD1022085F8980140
:10F360000520132115F0B0FDC5F8880105F5C47618
:10F3700008F07AF995F8981141F6E133C0F60603E2
:10F380000022009608F04DF995F89A6176B3D5F809
:10F390008411E1B92AE04CBB0520142115F094FD3D
:10F3A000C5F88801042005F5C47685F8980108F0B1
:10F3B0005BF995F8981141F6E133C0F60603002297
:10F3C000009608F02EF9D5F8841179B1FF2643F2A2
:10F3D000B802C0F60602D5F88001D2E9002385F80C
:10F3E000996101268DE8C20012F050FD6A682AB1C9
:10F3F00040F21050C1F20000214690470DB0F0BD20
:10F40000F0B58DB040F210550C460129C1F200054F
:10F4100010D1032028730FF0DBFD2A7B00210FF0B1
:10F42000C7FDA87801280DD105F1140128460CF07C
:10F430004FF807E0052028730FF0CAFD2A7B002152
:10F440000FF0B6FD002004AFC5E96300C5F89401D4
:10F4500038462021F2F732FE1AF072FF1AF079FFD7
:10F460004FF217210346C0F6020138462A4605F03E
:10F470002CFB012C1DD1022085F8980105203A2192
:10F4800015F022FDC5F8880105F5C47608F0ECF802
:10F4900095F8981141F6E133C0F606030022009674
:10F4A00008F0BFF895F89A6176B3D5F88411E1B900
:10F4B0002AE04CBB05203B2115F006FDC5F888016C
:10F4C000042005F5C47685F8980108F0CDF895F884
:10F4D000981141F6E133C0F606030022009608F0C9
:10F4E000A0F8D5F8841179B1FF2643F2B802C0F62E
:10F4F0000602D5F88001D2E9002385F8996101263A
:10F500008DE8C20012F0C2FC6A682AB140F21050C5
:10F51000C1F20000214690470DB0F0BDF0B58DB0AE
:10F5200040F210550C460129C1F2000510D103200C
:10F5300028730FF04DFD2A7B00210FF039FDA878CC
:10F5400001280DD105F1140128460BF0C1FF07E099
:10F55000052028730FF03CFD2A7B00210FF028FDC9
:10F56000002004AFC5E96300C5F8940138462021A6
:10F57000F2F7A4FD1AF0E4FE1AF0EBFE4FF21721A9
:10F580000346C0F6020138462A4605F09EFA012CD1
:10F590001DD1022085F8980105204C2115F094FC1E
:10F5A000C5F8880105F5C47608F05EF895F898115D
:10F5B00041F6E133C0F606030022009608F031F868
:10F5C00095F89A6176B3D5F88411E1B92AE04CBB7D
:10F5D00005204D2115F078FCC5F88801042005F5BB
:10F5E000C47685F8980108F03FF895F8981141F62F
:10F5F000E133C0F606030022009608F012F8D5F8B1
:10F60000841179B1FF2643F2B802C0F60602D5F89C
:10F610008001D2E9002385F8996101268DE8C200B6
:10F6200012F034FC6A682AB140F21050C1F20000B6
:10F63000214690470DB0F0BD0138C0B20C288EBFF6
:10F64000FF2001A1085C704700FFFFFFFFFF0203DE
:10F6500001FFFF0405000000F0B58DB040F2105529
:10F660000C460129C1F2000510D1032028730FF0C8
:10F67000AFFC2A7B00210FF09BFCA87801280DD15C
:10F6800005F1140128460BF023FF07E0052028733D
:10F690000FF09EFC2A7B00210FF08AFC002004AFB3
:10F6A000C5E96300C5F8940138462021F2F706FD4C
:10F6B0001AF046FE1AF04DFE4FF217210346C0F62F
:10F6C000020138462A4605F000FA012C1DD102201D
:10F6D00085F898010520182115F0F6FBC5F888017A
:10F6E00005F5C47607F0C0FF95F8981141F6E133AF
:10F6F000C0F606030022009607F093FF95F89A6182
:10F7000076B3D5F88411E1B92AE04CBB0520192164
:10F7100015F0DAFBC5F88801042005F5C47685F8F4
:10F72000980107F0A1FF95F8981141F6E133C0F672
:10F7300006030022009607F074FFD5F8841179B112
:10F74000FF2643F2B802C0F60602D5F88001D2E9DE
:10F75000002385F8996101268DE8C20012F096FB1E
:10F760006A682AB140F21050C1F200002146904769
:10F770000DB0F0BD10B586B00F4944F2483201918A
:10F780000DA1C1F200028968136952FA80F4CDE933
:10F7900002314EF6317194F84120C0F60201049115
:10F7A000059001A91046002226F03CFD94F8410086
:10F7B00026F073FD06B010BDFF0000000000000041
:10F7C00002010000000000000000000044F2F850B8
:10F7D000C1F20000017801B1704780B501210170CC
:10F7E000FE20002125F02AFA23F0C0FF23F0DAFFE3
:10F7F000BDE8804024F0D6B8B0B54C680520C0F212
:10F800000100844228D18D681BF06EF81BF07AF855
:10F81000D5E90023121A63EB0100511E70F10001BB
:10F8200006DB43F2CC01C0F606010968511A0AE072
:10F8300043F2CC03C0F606031B6851424FF00002AE
:10F8400062EB0000C91A70F1000005D31BF04CF800
:10F85000D5E900231BF05CF8A4F580300538B0FA38
:10F8600080F04009B0BD40F201118187704700006F
:10F870002DE9F04F81B02DED068BBEB00978519F78
:10F880000029044600F0428394F83E00509F4F9EAA
:10F890000DF1200B04F10C0ACDE9013228B940F238
:10F8A0000110A087012084F83E001AADDDF83881F0
:10F8B000281D1C21F2F702FC96ED001A96ED012A94
:10F8C00096ED023AB5EE401AF1EE10FAB5EE402A86
:10F8D0009FED110AD8BFB0EE401AF1EE10FAB5EE66
:10F8E000403A8BED121AD8BFB0EE402A8BED162AA3
:10F8F000F1EE10FAD8BFB0EE403A97ED008A11A8A9
:10F9000044F2C82E4FF0000CC0F6060E024600234B
:10F910008BED1A3A04E000BF000000000000003444
:10F920000EEB8C0797ED0A1A97ED0B2A97ED0C3A20
:10F93000002700BFE91991ED004A91ED035A91EDBE
:10F94000066A21EE044A22EE055AD61935EE044A1B
:10F9500023EE065A043735EE044A0C2F86ED004A92
:10F96000E8D101330CF1030C032B02F10C02D7D1C7
:10F9700071460DF1680944F218354FF0000E23AAC4
:10F98000C0F6060501F1180C4F4600BF05EB8E03CB
:10F9900093ED0C1A93ED0F2A93ED123A002563466E
:10F9A000B0EE404A461996ED005A96ED016A96ED82
:10F9B000027A25EE015A26EE026A36EE055A27EE45
:10F9C000036A791936EE055A91ED006AB3EC017AB3
:10F9D000561986ED005A26EE075A0C3535EE044AC4
:10F9E000242DDFD10EAE06EB8E010EF1010E44F296
:10F9F00018350437BEF1030F02F10402C0F6060504
:10FA000081ED004AC2D19BED060A9BED071A9BEDE2
:10FA1000082A00202A1892ED0C3A92ED0F4A92ED36
:10FA2000125A23EE003A24EE014A0BEB000134EEA9
:10FA3000033A25EE024A043034EE033A0C2881EDF5
:10FA4000003AE7D144F2C820C0F6060090ED099ACA
:10FA500098ED00AA09F104001C21F2F72FFB1FED1D
:10FA6000511AB5EE408AF1EE10FAB0EE410AB5EE49
:10FA700040AAC8BFB0EE480AF1EE10FAC8BFB0EE17
:10FA80004A1A94F83C008BED121A8BED161A8BED86
:10FA90001A1A98B11AAF8FCFDDE91F65DDF884C05F
:10FAA0008AE88F00CAF8185044F218352298CAF82C
:10FAB00014600EAEC0F60605CAE907C030EE093A7A
:10FAC0001FED6B0A0DF1440CCDF80CA000224FF095
:10FAD0000C0805F1240A6146B0EE401A05EB8205D8
:10FAE00095ED002A95ED034A95ED065A06EB820E38
:10FAF000002740465646B0EE406A00BF231893EDFB
:10FB0000007AF6EC010AE31927EE207A37EE066A4E
:10FB100093ED037AD3ED040AD3ED051A27EE027AAA
:10FB200060EE840A30EE877A61EE850ACB190C37D5
:10FB300030EE877A242F00F1040083ED007ADDD1C6
:10FB400095ED092A013226EE022A44F2183532EEEA
:10FB5000011A0431032A08F10C08C0F606050EAE9E
:10FB60008EED006ABAD133EE010A00200BA900BF66
:10FB70000CEB000292ED001A0BEB000292ED002A52
:10FB8000221831EE021A81EE001A92ED032A321881
:10FB900082EE002A82ED001A0A1804300C2882ED49
:10FBA000002AE5D19BED032A9BED041A9BED050A83
:10FBB0000DF1D40E002201200EF10408CDF81B2017
:10FBC00006928DF817008DF81B008DF81F00B1EE1E
:10FBD000424AB1EE415AB1EE406A0DF11703464672
:10FBE000504600BF9F569D18F0EC010A07EE107AB0
:10FBF00095F90170B8EEC77A64EE201A31EE877A73
:10FC000001EE907A95F90270F8EEE11A65EE202A7D
:10FC100072EEA11A02EE907AF8EEE22A66EE200A5F
:10FC200070EEA20A033206ED017AC6ED001AC6EDA7
:10FC3000010A092A06F10C06D4D10DF1B00B0EF120
:10FC40000C00002511AB5F46049000BF0EEB850051
:10FC500090ED004AE81C0EEB800696ED005AAE1DB2
:10FC60000EEB860191ED006A4FF0000C04EB0C02E4
:10FC700092ED037AD2ED040AD2ED051A27EE047A4A
:10FC800060EE850A07EB0C0130EE877A61EE860A9A
:10FC90000CF10C0C30EE877ABCF1240F81ED007A68
:10FCA000E4D10BEB80000BEB850190ED005A0BEBE0
:10FCB000860091ED004A90ED006A049E002000BF8E
:10FCC00096ED007A56ED030AD6ED031A64EE200A8B
:10FCD00025EE077A191837EE207A66EE210A0C30E5
:10FCE00030EE877A242806F1040681ED007AE7D108
:10FCF00001350437032D03F10403A7D144F2183270
:10FD000023EE024A23EE015A23EE006A0020C0F6D9
:10FD100006020BAB191891ED007A043064EE070A65
:10FD200067EE051A27EE067A48ED010AC8ED001ABB
:10FD300088ED017A0C2808F10C08EBD1002011ABFA
:10FD4000191891ED004A0EEB000191ED005A09EBF4
:10FD50000001043034EE054A242881ED004AEFD139
:10FD600008A890ED004A90ED015A90ED026A84EEE9
:10FD7000034A85EE035A86EE033A0020B1EE446A48
:10FD8000B1EE457AF1EE430AFAEC011A1118D1ED01
:10FD9000003A66EE212AD1ED014AD1ED025A72EE07
:10FDA000A32A0EEB000167EE213A60EEA11A0C3097
:10FDB00073EEA43A71EEA51A2428C1ED002AC1ED14
:10FDC000013AC1ED021ADFD10EF11808002523A86F
:10FDD00011AB5A460EEB8501EE1C91ED006A0EEB5D
:10FDE0008601AF1D91ED007A0EEB8701D1ED000A7F
:10FDF000002100BF09EB010ADAED001ADAED012A51
:10FE0000DAED023A61EE861A62EE872A02EB010C05
:10FE100072EEA11A63EEA02A0C3172EEA11A242907
:10FE2000CCED001AE6D10BEB860191ED006A0BEBED
:10FE3000850191ED007A0BEB8701D1ED000A0027D7
:10FE4000464600BF56ED062A56ED033AD6ED001A97
:10FE500067EE222A66EE233AC11973EEA22A60EEFB
:10FE6000A11AD1ED003A71EEA21AD9190C3771EE30
:10FE7000A31A242F06F10406C1ED001AE2D10135C0
:10FE800004320430032D03F10403A3D123AE301D4B
:10FE9000002108AB5A1892ED006A043124EE067A6C
:10FEA00065EE060A23EE066A00ED017AC0ED000A4F
:10FEB00080ED016A0C2900F10C00EBD1039A44F2A9
:10FEC000C8270020C0F6060711AD00BF291891ED24
:10FED000003A311891ED004A09EB0001043033EE8D
:10FEE000443A242881ED003AF0D194F83D00B8B1AD
:10FEF000019890ED003A84ED0C3A90ED014A84EDC2
:10FF00000D4A90ED025A84ED0E5A0FE094F83E002F
:10FF1000002800F09180002084F84000E0878BE00A
:10FF200094ED0C3A94ED0D4A94ED0E5A40F2011006
:10FF3000A4F83F00029897ED136AD0ED000ADDE9BE
:10FF40001C9770EEC33A21EE231A73EE061AD3ED16
:10FF5000072A31EE041A20EE230ADDE91E6593ED2F
:10FF6000066A93ED087A22EE232A30EE050A84ED24
:10FF7000011ADDE91A1ADDE920CEDDF88880C2E930
:10FF8000029730EEE11A44F2183732EE032A84ED7C
:10FF9000020A0020C2E9046521EE220AC0F6060723
:10FFA0000EAE84ED002A84F83C00C2E9001AC2E9D2
:10FFB00006CEC2F8208084F83D0000BF3A1892EDCA
:10FFC000002AD2ED030AD2ED061A22EE032A60EED1
:10FFD000840A311830EE822A61EE850A043030EE50
:10FFE000822A0C2881ED002AE8D144F2C820C0F60C
:10FFF000060026EE012A90ED003A93ED066A21EE06
:020000040803EF
:10000000071A90ED014A93ED077A90ED025AD3ED6D
:10001000080A33EE063A32EE032A34EE073A30EE9F
:10002000030A35EE203A31EE031A519F84ED0C2A73
:1000300084ED0D0A84ED0E1A2068386060687860DF
:10004000A068B8603EB0BDEC068B01B0BDE8F08F93
:10005000F0B589B00446083009220D46F1F706FFD5
:1000600016F022FE88B907F0FFFA42F2B84745F6CB
:100070003E3241F6A063C0F60607C0F60602C0F69F
:1000800006030521009707F0CCFA287AAE880128EC
:1000900009D117F021F8297AEF880129054604D102
:1000A00017F01AF802E0AF790025002040F2012194
:1000B000CDE90010F0B2FBB280212A46802510F075
:1000C0004DFA606117F008F8C4F8240217F004F83C
:1000D000C4F8280280200CF0D4FDE0610020002646
:1000E0000CF0CFFD0021A0610CF0FAFD04F50F70BB
:1000F00006A9CDE90665089602F034FD45F6BF6312
:100100002068C0F60203217A628944F2A335049381
:1001100044F28D3308A7C0F60305CDE90206C0F608
:1001200003030120CDE90056059717F02DF901468C
:100130000120616009B0F0BD646961676E6F73741E
:1001400069630000B0B58CB004AD04462846202198
:10015000F1F7B4FF62682846012104F0C2FC60692F
:10016000B4F83A12002403220023CDE9004502949A
:1001700010F084FA07F078FA41F6A06203A1C0F605
:10018000060207F095FA0CB0B0BD00BF63616C6C5D
:100190006564205F7461736B5F73746172747570F2
:1001A0002829000010B586B004460021C0690591D9
:1001B000ADF8121005A90DF112020CF082FD0A2013
:1001C000C6F6010003900598BDF812104FF2F973BE
:1001D000CDE9010104F50F70C0F6020303A901AADD
:1001E00002F0C8FC012006B010BD10B582B043F289
:1001F000D802C0F606020446C169406912680023AD
:10020000ADF8063010F074F910B92046FFF7CAFFB8
:1002100060690DF1060110F01FFBBDF8060018B172
:100220006068012117F05CFA02B010BDB0B5054658
:1002300010460121144606F046FC012802D128464A
:10024000FFF7D3FF20460221BDE8B04006F03BBCDB
:1002500010B544F23430C1F200000078BFF35F8F74
:10026000C00704D044F2FC50C1F2000010BD44F2BB
:100270003430C1F2000020F089FB0028F2D044F2B3
:10028000FC54C1F20004204600F012F840F219308C
:1002900040F20002C0F60300C0F602022146F1F768
:1002A00095FD44F23430C1F2000020F085FBD9E71F
:1002B00010B5044643F2CC00C0F606000068642185
:1002C00048430021C4E90001292020724FF4023084
:1002D000C4F80A000120E0812074A0747F20C4E9E2
:1002E000891184F82C12C4F81310C4F81710C4F83C
:1002F0001B10E177C0F200100A2142F6F82204F543
:100300000C73C6F60101C2F6F82207C304F50F709C
:1003100002F033FC204610BD10B5044600F50F7006
:1003200002F048FC204610BD10B5044600F596705A
:1003300002F048FE204610BD026801F00103C1F33F
:1003400043004FF0010C32F813100CFA00F0084390
:1003500047F6FE710140012022F813107047026831
:1003600001F00103C1F343004FF0010C32F8131008
:100370000CFA00F08143012022F8131070470000AE
:100380002DE9F04182B08046007E002800F0FE801A
:1003900002F04DFB08F12007D8F80420F0CFD8F880
:1003A0000C30121945F100059B1947F100071B1A83
:1003B00077EB01034FF0000C38BF4FF0010C121A1D
:1003C00075EB01021DD2B8F83A20B8F8383092B275
:1003D0001A4398F84130B2FA82F2012B4FEA5212D6
:1003E000C8E908011ED142B30022D8F8003088F8CD
:1003F000192098F80820C8E90E33012388F8413005
:100400000AE098F81930032B00F2C08098F8082011
:10041000DFE803F002283A28033AB2FA82F25209DE
:10042000002338E012B3D8F80020032388F81930ED
:10043000C8F83C204FF0010C0CE0D8F83870D8F820
:10044000002001234FF0000C88F81930C8E90C0196
:10045000C8F83C70C8F8382098F8082088F841C0DF
:100460004FF0010C002A18BF012214E00222D8F834
:100470003830D8F8007088F8192098F80820C8E9B2
:100480000E73002388F8413002F0FE02023AB2FAFD
:1004900082F252090223002A00F07880BCF1000F9A
:1004A00074D0C8E90A01DFE803F002541B3398F85E
:1004B0001400B8F83C10B8F83E20A8F84E0042EA04
:1004C00001400021C8E9140100203C2114F0FCFC8B
:1004D00048F8480F07F0C8F858F8383C012150E0B8
:1004E000D8E90C32C01A91414FF47A720023F1F727
:1004F000B2F898F81410B8F83C20B8F83E30A8F8D4
:100500004E1043EA0241C8E9141000203E212FE0BA
:10051000D8E90C32C01A91414FF47A720023F1F7F6
:100520009AF898F81410B8F83C20B8F83E30A8F8BB
:100530004E1043EA0241C8E9141000203F2114F094
:10054000C3FC48F8480F07F08FF858F8383C0321EF
:1005500017E098F81400B8F83C10B8F83E20A8F856
:100560004E0042EA01400021C8E9140100203D216B
:1005700014F0AAFC48F8480F07F076F858F8383C11
:1005800004210022CDF8008007F04BF8012002B0D2
:10059000BDE8F081B0B544686CB105460068C5E9B6
:1005A0000E00012085F84100288302F040FAC5E9D9
:1005B0000801C5E90A01002C18BF01242046B0BD7E
:1005C00001680022012081F841200A83C1E9082244
:1005D000C1E90A228A63CA63704780B50068FFF7E1
:1005E000CFFE012080BD0068FFF7D4BF0068027E07
:1005F0008AB101F0010230F812C0C1F343010123B6
:1006000003FA01F111EA0C0F05D000EB4200028F52
:1006100022EA010101870120704710B5026891E8C4
:1006200009500C6982E809501461087D0021107599
:1006300082F84D00012082F84110C2E90811C2E998
:100640000A11C2E90E1182F84C101183A2F84E1063
:100650001165516510BD000070B50446582020F0AA
:100660007BFD48210546F1F729FD48F2A060C0F264
:100670000100686049F28060C0F2980009A1C5E9F4
:100680000301FE202875002605F1200022216E7648
:10069000F1F714FD2046C5E91266C5E91466256028
:1006A00070BD00BF64756D6D7900000010B5044623
:1006B000006810B1582103F083FE204610BD80B5BC
:1006C000006800F03BF8002080BD80B5006800F0B5
:1006D000C9F8002080BD80B500680968016000F09D
:1006E000E1F8002080BD006800F064B910B544F264
:1006F0003830C1F20000007844F63C04C007C1F273
:100700000004BFF35F8F01D0206810BD44F2383081
:10071000C1F2000020F03AF90028F5D0042020F0C2
:100720001BFD01F0BAF8206044F23830C1F200003D
:1007300020F042F9E8E7006800F062B92DE9F047DF
:10074000804606F091FF41F6F06242A1C0F6060233
:1007500006F0AEFF98F8090000286FD098F80B005B
:10076000012802D1404600F0A1FD404600210022B0
:100770004FF0000900F01EF905F045FBD8F8AC3148
:100780000221062205F07CF905F03DFBD8F8A811FE
:1007900005F028FC41F6B86140F6012C08F5E67E2C
:1007A000C0F60601C0F2001C002300BF5EF8034043
:1007B000FCB1D1E90067D1E90225C4E90267C4E9C7
:1007C0000425D1E90427D1E90865C4E90627D1E960
:1007D0000A20D1E906A7C4E90C20D1E90C20C4E91C
:1007E0000A65C4E908A7C4E90E205EF80300C0F852
:1007F00000C04EF803900433102BD7D14FF0FE30D9
:10080000C8F8DC0108F11C004FF4B471F1F756FC94
:10081000D8F8A801FF2188F81C1012F083FBD8F843
:10082000AC0112F07FFBD8F8B00104F0DDFCD8F881
:10083000880111F09FFB002088F80900012088F84A
:1008400014000EF0C5FB082101220EF0B1FB0020C0
:10085000BDE8F0873A3A446561637469766174650E
:100860002829000010B582B0044606F0FDFE94F879
:10087000A01141F6F06304F5C87CC0F6060300221F
:10088000CDF800C006F0CDFED4F8900114F008FBBE
:10089000532803D104F0C5FD04F0FFFE002002B090
:1008A00010BD000070B586B004460079002864D100
:1008B00033A103A803F021F802F0E0F89DF9170036
:1008C000B0F1FF3F05DC0599039821F0004103F0EA
:1008D00077FDFF202077002504200421002200233B
:1008E000CDE90055042612F05DFBC4F8A8010220F2
:1008F0000421002200230095019512F053FBC4F857
:10090000AC0104200A21002204F024FCC4F8B00148
:1009100004200421002204F01DFCC4F8C40111F0DD
:1009200041FAC4F888010520542184F8A06184F8B4
:10093000955114F0C9FA0126C4F890012681E57298
:1009400026750EF045FB082101220EF031FB4FF019
:10095000FE30C4F8DC0104F5F0700421C4E97355DD
:10096000C4E9755503F01CFB11F01CFAC4F8F4013E
:1009700004F5FC70C4F818022671002006B070BDA2
:10098000656D626F743A3A6170703A3A6574683AAC
:100990003A7468654654736572766963653A3A4994
:1009A0006D706C3A3A696E697469616C6973652837
:1009B0002900000070B514460D46064606F054FEA8
:1009C00041F6F0620AA1C0F6060206F071FE707AE6
:1009D00058B1D6F8C40140F60F42C0F603022946CA
:1009E0002346BDE870400EF067BA002070BD00BF1E
:1009F0003A3A536574526567756C617273282900C1
:100A00002DE9F04385B00D7A0C46052D80462DD199
:100A1000606801AE0368827900F10801002506F1E3
:100A200008000193082A28BF08228DF80820CDF875
:100A30000950CDF80D500495F1F75DFA304602F0FB
:100A400032F8032808D0022810D16068007A1838DC
:100A5000B0FA80F0450909E06068006800F00F0016
:100A60000A3805289ABF39A10D5C0025012D04D153
:100A70004046214600F022FA63E098F80900002879
:100A80005FD06168207809781E2200F0010002EA38
:100A9000D101084400F1400705F0B5F939460222BA
:100AA000062305F0EEF8FF2842D0064608F50C7044
:100AB0003946FFF79BFD08EB8600D0F8CC91B9F1E1
:100AC000000F35D0A81E022834D2AB1E18BF032356
:100AD000606899F8001009EB830209EB43039FED6E
:100AE0001D0A18323033002500EB45073F890129E4
:100AF000A7F5004701EE107AB8EEC11A09D133F814
:100B0000157002EE107AB8EE422A21EE021A21EE9A
:100B1000001A0135A2EC011A032DE5D101F087FF7F
:100B2000C9E9020140462146324600F0E5F908E0F5
:100B3000FF2007E0042D04D16068B0F80900A9F88F
:100B40001600002040B205B0BDE8F08302030000AB
:100B500000040000000000380B4600EB8101D1F8D2
:100B6000CC1129B3B0B582B009780025002908BF9F
:100B7000032540F20271002A08BF0125A0F8BC112C
:100B80000DF1070100F5DE74C0F8C0110220062146
:100B90001A46FF238DF8075016F0B6FE054605F0FD
:100BA00058FB21462A4605F010FD02B0BDE8B040D2
:100BB000704770B582B000F5E676054656F821001C
:100BC00018B30C463AB12846214600F06EF856F8A4
:100BD0002400C07800E000208DF8070043F60220D2
:100BE000A5F8BC010DF10700C5F8C00102200621DF
:100BF0002246FF2305F5DE7616F086FE044605F054
:100C000028FB3146224605F0E0FC02B070BD002111
:100C1000C0F206210840401AB0FA80F0400970473F
:100C2000B0B582B00B4640F60201A0F8BC110DF140
:100C300007018DF8072000F5DE74C0F8C01102200E
:100C400006211A46FF2316F05FFE054605F001FB5C
:100C500021462A4605F0B9FC02B0B0BDF0B581B01E
:100C600001218DF8031040F2027100F5DE74A0F846
:100C7000BC110DF1030100F5E6760027C0F8C011A4
:100C800056F8270060B1FAB202200621FF2316F0C1
:100C90003BFE054605F0DDFA21462A4605F095FCA7
:100CA0000137042FECD101B0F0BDF0B581B005469D
:100CB00000EB8100D0F8CC01F0B100200DF103066B
:100CC0000C468DF803003046002105F071FE43F616
:100CD0000210A5F8BC01022006212246FF2305F5DB
:100CE000DE77C5F8C06116F00FFE044605F0B1FAD4
:100CF0003946224605F069FC01B0F0BDF0B581B07F
:100D000043F60221002600F5DE74A0F8BC110DF1B7
:100D1000030100F5EE778DF80360C0F8C01100BF45
:100D2000B85D0C280CD1F2B202200621FF2316F088
:100D3000EBFD054605F08DFA21462A4605F045FCF7
:100D40000136042EECD101B0F0BD10B582B00446DE
:100D500006F08AFC94F8A01141F6F06304F5C87C13
:100D6000C0F606030022CDF800C006F05AFCD4F805
:100D7000900114F095F8532803D104F052FB04F0CD
:100D80008CFC94F8A101FF2804D00138010684F8F6
:100D9000A10101D002B010BDD4F8880102B0BDE8B5
:100DA000104011F0E7B800002DE9F04F87B004467D
:100DB00001F10800CDE90032029105F068FF054617
:100DC00005F066FFD4F8B01103940446084604F019
:100DD0000BFA12F063FB002844D004A800F10608C7
:100DE0004FF000094FF0000B5FFA8BF0ADF8189050
:100DF000CDE9049912F04AFB0746FE208DF8100059
:100E0000CDF8169034B300264FF0000AF1B2284610
:100E100005F03BFF0178B9420FD181888279ADF8A6
:100E20001410016802F00100049108EB4000C2F3C5
:100E3000430105F05FFE4FF0010A0136F0B2A04217
:100E4000E4D3BAF1010F05D1039804A9D0F8B00199
:100E500004F0AFF90BF1010B5FFA8BF612F01EFBF9
:100E60008642C1D3039DD5F8B00104F0E7F998B1EB
:100E7000029805F5DA74C5F8C80141F29130C0F660
:100E80000300C5E96D0504F0CCFAD5F8B01122468F
:100E900004F01AFC00200DE0052028750EF098F8EB
:100EA000082105220EF084F8019A12B10098002161
:100EB0009047FF2040B207B0BDE8F08F90F8EE21D8
:100EC000012A16D180B50A7849681E2391F800E0FE
:100ED00002F0010C03EADE039C444B894A7A1BBAF8
:100EE00000F5F0700CF140011B0C01F0E5FCBDE8D1
:100EF00080400020704700002DE9F04387B089460C
:100F000000EB8200D0F8CC3144F6A00CD9F80400F4
:100F1000C1F2000C5CF8221087795B780131072F51
:100F20004CF8221040F08F80807B002800F08B80EE
:100F300099F80870032F0DD0022F40F08480C0F381
:100F40008107012F11D0022F1AD144F67007C1F288
:100F500000070EE0C0F38107012F3CD0022F45D1DE
:100F600044F67007C1F2000739E044F64007C1F2C9
:100F7000000702EB420637F82650013527F82650C5
:100F8000C0F3011744F64006012FC1F2000606D057
:100F9000022F0CD144F67007C1F2000700E037467B
:100FA00002EB420507EB85077D8801357D808009CE
:100FB000022806D0012846D102EB420006EB800051
:100FC00007E044F6700702EB4200C1F2000707EBAE
:100FD0008000043034E044F64007C1F2000702EB21
:100FE000420607EB8607FE880136FE80C0F3011734
:100FF00044F64006012FC1F2000606D0022F0CD1A4
:1010000044F67007C1F2000700E0374602EB4205E4
:1010100007EB85073D8901353D818009022806D00F
:10102000012810D102EB420006EB800007E044F6F5
:10103000700702EB4200C1F2000707EB80000A30A4
:10104000078801370780002B4ED04FF4FA605843D1
:10105000814249D344F6400102EB4200C1F2000153
:1010600001EB800644F67001C1F20001002501EB9E
:1010700080070DF1080800244CF8225037F81400BE
:10108000CDE904550395029510B936F8140040B324
:1010900099F80000D9F8041000284FF0020008BFAA
:1010A000012009788DF80C0008098DF80D00012049
:1010B000022113F009FF029037F8140036F81410DB
:1010C000ADF80E40CDE9041006F0CEFA042100225E
:1010D0000023CDF8008006F0A4FA27F8145026F873
:1010E00014500134062CC9D107B0BDE8F08370B5A7
:1010F0008CB00446D0F8C851032020750DF068FF6D
:10110000082103220DF054FFA07A012803D12046C4
:10111000294600F007FB002004ADC4E96500C4F8CF
:101120009C012846202104F5C876F0F7C7FF19F086
:1011300007F919F00EF940F64B510346C0F60301CA
:101140002846224603F0C1FC022084F8A0010520B5
:10115000522113F0B9FEC4F8900106F085FA94F814
:10116000A01141F6F063C0F606030022009606F0D7
:1011700058FA94F8A21191B1D4F88C617EB143F27F
:10118000B802C0F60602D4F88801D2E9002384F838
:10119000A1110121CDE90061029510F077FEE2680E
:1011A00012B12069012190470CB070BD70B58CB0B0
:1011B0000446052020750DF00BFF082105220DF0D7
:1011C000F7FE002004ADC4E96500C4F89C01284680
:1011D000202104F5C876F0F771FF19F0B1F819F085
:1011E000B8F840F64B510346C0F6030128462246A4
:1011F00003F06BFC0520572113F066FEC4F8900144
:10120000042084F8A00106F02FFA94F8A01141F60A
:10121000F063C0F606030022009606F002FAD4F846
:101220008C1181B143F2B802C0F60602FF26D4F851
:101230008801D2E9002384F8A1610126CDE90016D6
:10124000029510F023FEE26812B120690021904758
:101250000CB070BDF0B581B005464FF0000012B380
:101260000C46697AF9B105F5E67757F82400C8B15C
:10127000164682421CBF31680160727828462146BA
:10128000FFF7CEFC291991F8DC11307857F82420AB
:101290000C2982F83C0003D128462146FFF705FDC2
:1012A000012000E0002001B0F0BD000010B50446B0
:1012B00006F0DAF941F6F0620FA1C0F6060206F078
:1012C000F7F9607AA8B1E07A98B104F50C70FFF7ED
:1012D00077F92046FFF7C2FC2046FFF70FFD0020FC
:1012E000E072042020750DF073FE082104220DF039
:1012F0005FFE002010BD00BF3A3A53746F7028297A
:101300000000000010B586B0044606F0ADF941F6C5
:10131000F0621CA1C0F6060206F0CAF9607A70B34A
:10132000E07A01282BD00120E072062020750DF014
:101330004FFE082106220DF03BFE41F60070C0F67C
:1013400006008168D0E904020291CDE90402002080
:10135000009094F820004FF47A7148430190608C1B
:1013600094F82120484304F50C7403906946204604
:101370008DF80820FFF751F92046FFF734F90020D7
:1013800006B010BD3A3A5374617274282900000007
:101390002DE9F04F8FB0012A814655D1D9E9781255
:1013A000D9F8C801914209F5F07B06D0002300BFAF
:1013B00022F8083D8A425360FAD14FF0000A083003
:1013C000C9F8E411C9F8ECA189F8F0A105F05FFCB7
:1013D000064605F05DFC08B307460DF11008002530
:1013E000ECB23046214605F050FCC179FF2911D0FE
:1013F000807902218DF81100FE20062223468DF807
:101400001050CDF814A016F001FF05905846414643
:1014100001F0FEF90135E8B2B842E1D341F2EF0044
:10142000C0F60300CDE9040941F2AD10C0F6030097
:1014300048F2A063CDE90D0904A90DAAC0F2010389
:10144000584601F086FA51E0052089F814000DF0A5
:10145000BFFD082105220DF0ABFD002004ADC9E958
:101460006500C9F89C012846202109F5C874F0F7E9
:1014700025FE18F065FF18F06CFF40F64B5103464F
:10148000C0F6030128464A4603F01FFB05205321FE
:1014900013F01AFDC9F89001042089F8A00106F0A4
:1014A000E3F899F8A01141F6F063C0F606030022B4
:1014B000009406F0B6F8D9F88C1181B143F2B80265
:1014C000C0F60602FF27D9F88801D2E9002389F87F
:1014D000A1710127CDE90017029510F0D7FCD9F8CA
:1014E0000C201AB1D9F810000021904700200FB04D
:1014F000BDE8F08F2DE9F04F85B01F4616468A46AD
:10150000834606F0B1F841F6F0624AA1C0F6060241
:1015100006F0CEF8BAF1000F6AD09AF80000102851
:1015200058D19BF809000E9C012802D15846FFF7BC
:1015300005F902208BF814000DF04AFD0821022263
:101540000DF036FDDBF8880110F014FD0AF10800FB
:10155000CBE903678BF80A4005F099FB054605F0D7
:1015600097FBB8B30446CDE9027600260DF11008CA
:101570004FF00109049600BFF1B2284605F085FB43
:101580000746807900F0010148EA41010988C0F36B
:10159000430021FA00F0C00739D1387811F065FF17
:1015A000A8B3B879013600F0010148EA4101C0F35F
:1015B00043000A8809FA00F01043F2B2A242088000
:1015C000DAD3DDE902320027584651460097FFF78B
:1015D000EBFB2BE005208BF814000DF0F9FC082143
:1015E00005220DF0E5FC06B338460021B0471CE0AB
:1015F00005208BF814000DF0EBFC082105220DF0FE
:10160000D7FC16B138460021B047FE200EE0052079
:101610008BF814000DF0DCFC082105220DF0C8FC4D
:10162000039A12B1029800219047FF2040B205B002
:10163000BDE8F08F3A3A566572696679282900004C
:10164000F0B583B00446002A4FF0000042D00D46AA
:10165000617A00293ED004EB8500D0F8CC01A0B31C
:1016600017780430824218BF0770781EB0FA80F0F5
:101670004609204629463246FFF76EFA601990F86F
:10168000DC010C2804D1204629463246FFF791FAA6
:101690000026022006212A46FF238DF80B6016F053
:1016A00033F9054604F0AFFB0DF10B022946002388
:1016B000009604F047FB60B99DF80B10012F04F56C
:1016C0000C7004D1FEF738FE03E0002002E0FEF7C4
:1016D00046FE012003B0F0BDA9B170B5044688688C
:1016E0000D4690B1686816F00AF969680646084622
:1016F00016F008F901280AD070B9AA6820463146C8
:10170000FFF7A8FD08E0FE2009E0FE2005E0AA683A
:1017100020463146FFF794FF0020BDE8704040B2FC
:10172000704700002DE9F04F83B00C46824605F06B
:101730009BFF41F6F06244A1C0F6060205F0B8FF37
:10174000002C7AD02078102879D19AF80900012845
:1017500002D15046FEF7F2FF0AF11C0021464FF479
:10176000B472F0F70AFC04F1080005F090FA05469F
:1017700005F08EFA002844D006460AF5EE7B4FF0BD
:1017800002084FF0000900BF5FFA89F4284621469D
:1017900005F07BFA88B30746007811F066FE012851
:1017A0002BD10020B9790290387868F35F118DF859
:1017B0000910B9888DF80800DAF8A801ADF80A1008
:1017C00002A911F0ECFCB8790DF1060168F35F1085
:1017D0008DF80600DAF8AC018DF8079011F0DFFC07
:1017E000FE2002210622234616F010FD3A780BEB6C
:1017F000890141F8100C0BF8092009F101094E4547
:10180000C2D104F000FBDAF8A81104F09BFB04F04D
:10181000FAFADAF8AC310221062204F0A3F801202A
:101820008AF8090004208AF814000DF0D1FB082181
:1018300004220DF0BDFB002002E0FE2000E0FF20AE
:1018400040B203B0BDE8F08F3A3A41637469766103
:10185000746528290000000080B50068FFF726FDA8
:10186000002080BD0068417A41B1C17A31B180B5B4
:1018700000F50C70FEF7B1FEBDE880400020704717
:1018800080B50068FFF73EFD002080BD0068DDF8F0
:1018900000C0CDF800C0FFF72DBE2DE9F04381B0A8
:1018A0004FF000088146C0F800804FF410701FF020
:1018B00053FC4FF41071054600F10806F0F7FEFBEB
:1018C00041F64071C0F6060130464FF4BE72F0F7A3
:1018D00054FB42F2A030C0F6060090E8CE00D0E9FA
:1018E000054CC06905F5C47E8EE8CE00C5F8A4019C
:1018F00005F5D4703421C5E9674CF0F7DFFB4FF0F4
:10190000FE3105F5F070C5F8DC11112105F5FA7608
:10191000F0F7D4FB30463821F0F7D0FB48F2A06056
:10192000C0F20100C5F82C0205F50C70FEF794FE1C
:1019300048462946C5E98E88CDF8008001F078FE3A
:101940006846002101F074FE484601B0BDE8F0830E
:1019500080B5006800F03CF8002080BD80B50068CC
:1019600000F09AF8002080BD80B500680968016029
:1019700000F0B2F8002080BD006800F025B910B575
:1019800044F23C30C1F20000007844F6B004C007D5
:10199000C1F20004BFF35F8F01D0206810BD44F294
:1019A0003C30C1F200001EF0F1FF0028F5D0042009
:1019B0001FF0D2FB00F043FC206044F23C30C1F247
:1019C00000001EF0F9FFE8E7006800F025B900000C
:1019D000B0B5044605F048FE41F618722AA1C0F6DB
:1019E000060205F065FE607A002842D0E07A012800
:1019F00002D1204600F0ECF920460021002200250B
:101A000000F0E2F804F0FFF9D4F8AC31022107222B
:101A100004F036F804F0F7F9D4F8A81104F0E2FA6B
:101A2000D4F8CC0138B108302021F0F747FBD4F8C6
:101A3000CC0164210160FE2084F8D00104F11C0077
:101A40004FF4B471C4F8CC51F0F738FBD4F8A801C6
:101A5000FF21217711F066FAD4F8AC0111F062FA97
:101A6000D4F8B00103F0C0FBD4F8880110F082FA7A
:101A70006572012020750DF0ABFA227D09210DF071
:101A800097FA0020B0BD00BF3A3A446561637469BB
:101A9000766174652829000010B582B0044605F00F
:101AA000E3FD94F8A01141F6187304F5C87CC0F664
:101AB00006030022CDF800C005F0B3FDD4F8900174
:101AC00013F0EEF9592803D103F0ABFC03F0E5FD68
:101AD000002002B010BD0000F0B585B004460079CA
:101AE000002854D12BA102A801F007FF00F0C6FF87
:101AF0009DF91300B0F1FF3F05DC0499029821F035
:101B0000004102F05DFCFF20207700250420012128
:101B100000220023CDE900550427012611F042FAE6
:101B2000C4F8A8010220012100220023009501959C
:101B300011F038FAC4F8AC0101200A21002203F0A8
:101B400009FBC4F8B00101200421002203F002FBCC
:101B5000C4F8C40110F026F9C4F8880105205A2100
:101B600084F8A07184F8955113F0AEF9C4F890018F
:101B70002681E57226750DF02BFA227D09210DF0E4
:101B800017FAFE20C4F8CC5184F8D0012671002049
:101B900005B0F0BD656D626F743A3A6170703A3AA3
:101BA0006574683A3A74686542415473657276693F
:101BB00063653A3A496D706C3A3A696E6974696165
:101BC0006C6973652829000070B514460D460646F9
:101BD00005F04AFD41F618720AA1C0F6060205F0AA
:101BE00067FD707A58B1D6F8C40141F66152C0F66B
:101BF000030229462346BDE870400DF05DB9002080
:101C000070BD00BF3A3A536574526567756C617276
:101C10007328290000000000F0B581B00546407A25
:101C200000284BD00C46087849681E22097800F03D
:101C3000010002EAD101084400F1400105F5EA7013
:101C4000FEF7D4FCD5F8CC6166B3207A02282ED0FA
:101C5000012829D0B0BB6768F88900EB80004000FC
:101C60003082B88900EE100AB8EE400A86ED080A04
:101C7000B7F90A002EF0F5FF9FED130B54EC105B43
:101C80002A4623462FF018F82EF030FEF0613889EE
:101C90002EF0FEFF2A4623462FF00EF82EF026FEE9
:101CA000B0610BE0FF200AE06068007A01E0606844
:101CB0000089B08200F0BBFEC6E90201002040B2FC
:101CC00001B0F0BDF120FAE79A9999999999B93F35
:101CD0000B4600EB8101D1F8CC11F9B1B0B582B05F
:101CE00082F001018DF8071040F20271A0F8BC11DA
:101CF0000DF1070100F5DE74C0F8C01102200721C4
:101D00001A46FF2315F000FE054604F0A2FA21460C
:101D10002A4604F05AFC02B0BDE8B0407047B0B5A6
:101D200082B00121D0F8CC218DF8071040F2027169
:101D3000A0F8BC110DF10701C0F8C01172B100F597
:101D4000DE74022007210022FF2315F0DDFD054689
:101D500004F07FFA21462A4604F037FC02B0B0BDF9
:101D60000021C0F207210840401AB0FA80F0400973
:101D7000704710B582B0044605F076FC94F8A011C7
:101D800041F6187304F5C87CC0F606030022CDF8AE
:101D900000C005F046FCD4F8900113F081F85928F2
:101DA00003D103F03EFB03F078FC94F8A101FF2877
:101DB00004D00138010684F8A10101D002B010BDA1
:101DC000D4F8880102B0BDE8104010F0D3B800008C
:101DD00010B5044605F048FC41F618720DA1C0F696
:101DE000060205F065FC607A90B1E07A80B104F5F6
:101DF000EA70FEF7E5FB2046FFF791FF0020E07256
:101E0000042020750DF0E4F8227D09210DF0D0F8B2
:101E1000002010BD3A3A53746F702829000000006A
:101E200010B586B0044605F01FFC41F6187218A1E3
:101E3000C0F6060205F03CFC607A28B3E07A01287F
:101E400022D00120E072062020750DF0C1F8227D1D
:101E500009210DF0ADF841F62870C0F6060000F13A
:101E6000040C40699CE80E100DF1040E0590002052
:101E700004F5EA748EE80E10009069462046FEF7DD
:101E8000CCFB2046FEF7AFFB002006B010BD00BF24
:101E90003A3A537461727428290000002DE9F04128
:101EA0008CB01F4615460E46044605F0DDFB41F694
:101EB00018724CA1C0F6060205F0FAFB002E71D094
:101EC000307811287CD1607A012802D12046FFF7B2
:101ED0007FFD4FF0020884F814800DF079F8227D20
:101EE00009210DF065F8D4F8880110F043F80320BB
:101EF000E560A77220750DF06BF8227D09210DF0C9
:101F000057F8A07A012803D12046314600F0DEF8C8
:101F1000002004ADC4E96500C4F89C0128462021D6
:101F200004F5C876F0F7CAF818F00AFA18F011FAB2
:101F300041F673510346C0F603012846224602F0DB
:101F4000C4FD0520582184F8A08112F0BDFFC4F81B
:101F5000900105F089FB94F8A01141F61873C0F6C2
:101F600006030022009605F05CFB94F8A21191B1E3
:101F7000D4F88C717FB143F2B802C0F60602D4F8EF
:101F80008801D2E9002384F8A1110121CDE9007173
:101F900002950FF07BFFE26812B10020012190470B
:101FA00000201AE0052020750DF012F8227D09218D
:101FB0000CF0FEFF15B100200021A847FE200CE028
:101FC000052020750DF004F8227D09210CF0F0FFAA
:101FD00015B100200021A847FF2040B20CB0BDE899
:101FE000F08100BF3A3A5665726966792829000087
:101FF000F0B583B004464FF00000B2B30D46617AED
:1020000099B304EB8500D0F8CC0148B316780430BE
:10201000824218BF0670701EB0FA80F04209204656
:102020002946FFF755FE0027022007212A46FF23F5
:102030008DF80B7015F068FC054603F0E4FE0DF119
:102040000B0229460023009703F07CFE60B99DF83F
:102050000B10012E04F5EA7004D1FEF76DF903E0D0
:10206000002002E0FEF77BF9012003B0F0BDF9B1DA
:1020700070B5044688680D46E0B1686815F03FFC0D
:1020800069680646084615F03DFC012814D0C0B921
:10209000A9680020B1B1627AA2B104EB8600D0F841
:1020A000CC21002072B191420CD00868106008E089
:1020B000FE2009E0FE2005E0AA6820463146FFF731
:1020C00097FF0020BDE8704040B270472DE9F04F07
:1020D00083B00C46824605F0C7FA41F6187245A156
:1020E000C0F6060205F0E4FA002C7BD02078112817
:1020F0007AD19AF80900012802D15046FFF768FC0E
:102100000AF11C0021464FF4B472EFF736FF04F1D8
:10211000080004F0BCFD054604F0BAFD002844D0D8
:1021200006460AF5E87B4FF002084FF0000900BFB1
:102130005FFA89F42846214604F0A7FD88B30746D4
:10214000007811F08BF901282BD10020B979029089
:10215000387868F35F118DF80910B9888DF8080098
:10216000DAF8A801ADF80A1002A911F018F8B87948
:102170000DF1060168F35F108DF80600DAF8AC0186
:102180008DF8079011F00BF8FE200221072223465C
:1021900016F03CF83A780BEB890141F8040C0BF887
:1021A000092009F101094E45C2D103F02CFEDAF8ED
:1021B000A81103F0C7FE03F026FEDAF8AC310221C5
:1021C000072203F0CFFB01208AF8090004208AF8D7
:1021D00014000CF0FDFE9AF8142009210CF0E8FE22
:1021E000002002E0FE2000E0FF2040B203B0BDE886
:1021F000F08F00BF3A3A41637469766174652829AB
:102200000000000080B50068FFF7E2FD002080BDFF
:102210000068417A41B1C17A31B180B500F5EA7008
:10222000FEF7DBF9BDE880400020704780B500680C
:10223000FFF7F6FD002080BD0068FFF72FBE2DE9F7
:10224000F04381B04FF000088146C0F800804FF4A1
:10225000F0701EF081FF4FF4F071054600F10806A2
:10226000EFF72CFF42F2BC01C0F6060130464FF4F6
:10227000BE72EFF782FE42F2C030C0F6060090E870
:10228000CE00D0E9054CC06905F5C47E8EE8CE00CD
:10229000C5F8A40105F5D4702821C5E9674CEFF70E
:1022A0000DFFFE2085F8D00105F5EA70FEF7D4F9A0
:1022B00048462946C5E9768801F0CEF9484601B07E
:1022C000BDE8F08380B5F8F788FDF8F7DDFDB0FADA
:1022D00080F0400980BD80B5F8F77FFDF8F720FE5B
:1022E000B0FA80F0400980BD80B5F8F7EBFD012021
:1022F00080BDB0B544F24030C1F20000007844F631
:10230000B405C007C1F20005BFF35F8F01D0286894
:10231000B0BD44F24030C1F200001EF037FB00288F
:10232000F5D00C201EF018FF044642F22830C0F60B
:10233000060000F108014830C4E9001001201EF039
:102340000BFFA06044F24030C1F200002C601EF090
:1023500033FBDCE70020704780B5F8F73EFDF8F767
:1023600085FFB0FA80F0400980BD80B5F8F735FDF3
:10237000FAF7CEF9B0FA80F0400980BD80B5F8F7E1
:102380002CFDFAF7ACFC0138B0FA80F0400980BDB2
:1023900010B582B0D2E900020C46CDE90002F8F790
:1023A0001CFD217862786B46F6F7EDFDB0FA80F0FF
:1023B000400902B010BD70B51C4615460E46F8F730
:1023C0000CFD31462A462346F6F758FBB0FA80F05A
:1023D000400970BDFFF7DCBFB0B514460D46F8F7F5
:1023E000FCFC29462246F7F707F8B0FA80F04009CE
:1023F000B0BD70B582B01C4615460E46F8F7EDFC30
:102400002268D6E900162B460096F7F709F8B0FACD
:1024100080F0400902B070BD10B50C46F8F7DDFC45
:1024200021786278BDE81040F8F7BDB910B50C46C8
:10243000F8F7D3FCD4E90012F8F7C6FBB0FA80F045
:10244000400910BD10B5044642F22830C0F606001F
:1024500000F1080148306060A06821600021A1609F
:1024600010B1012101F0ACFF20460C21BDE8104065
:1024700001F0A6BF10B5044642F22830C0F60600AF
:1024800000F1080148306060A06821600021A1606F
:1024900010B1012101F094FF204610BD2DE9F04359
:1024A00099B00446002012AE40F20771315004305A
:1024B0001C28FBD10DF1100840463821EFF7FEFD36
:1024C00094F8211000224FEA011C4FEA014E00BF90
:1024D00004EBC2077B78072B14D0BD78681E032855
:1024E00010D803F0070040EA0C004EEA0321C0B206
:1024F000084346F82300786808EBC30101EB450167
:1025000021F8020C0132042AE2D143F6A949002540
:1025100004AF40F60178C0F604096C46002000BF05
:1025200006EB85014978072909D056F82500ADF852
:10253000048000902046CDE9027900F00AF90135C7
:10254000072D07F10807EBD100F0010019B0BDE835
:10255000F08380B584B050F8041B029044F23960D7
:10256000C0F6040000914FF4CA4103906846ADF8EC
:10257000041000F0EEF804B080BD80B584B050F8CF
:10258000041B029044F6C300C0F6040000914FF40F
:10259000807103906846ADF8041000F0DAF804B0DA
:1025A00080BD80B584B050F8041B029044F2D9502D
:1025B000C0F6040000914FF4106103906846ADF836
:1025C000041000F0C6F804B080BD80B584B050F8A7
:1025D000041B029044F68F00C0F6040000914FF4F3
:1025E000EE4103906846ADF8041000F0B2F804B074
:1025F00080BD80B584B050F8041B029044F6B12031
:10260000C0F6040000914FF4D24103906846ADF843
:10261000041000F09EF804B080BD80B584B050F87E
:10262000041B029044F26D20C0F6040000914FF4A8
:10263000806103906846ADF8041000F08AF804B099
:1026400080BD80B584B050F8041B029044F2056050
:10265000C0F6040000914FF4904103906846ADF835
:10266000041000F076F804B080BD80B584B050F856
:10267000041B029044F62320C0F6040000914FF49E
:10268000F24103906846ADF8041000F062F804B01F
:1026900080BD70B588B004464878D2E9002501288D
:1026A0000595049205D8897801F00F0140EA4100B0
:1026B00009E00338C0B2012804D888781E2101EA55
:1026C000400000E000208DF818000026694604A8AC
:1026D000CDE90266CDE9006601F10805984700984A
:1026E0009DF80620206004F108002946082A28BF2A
:1026F00008222271C4F80560C4F80960E660EFF7AB
:102700003CFC08B070BDB0B584B0034640780C46C0
:1027100001280ED8997801F00F0140EA410503F035
:1027200098FD21462A4603F099FFB0FA80F040094F
:102730000DE00338C0B2012808D89446684619460F
:1027400022466346FFF7A5FF012000E0002004B009
:10275000B0BD10B582B0044600F045FC00284FF033
:1027600000000BD0A188ADF80200ADF80010D4E94C
:102770000212204601916946FFF7C5FF02B010BD65
:1027800080B584B050F8041B029044F62710C0F6C0
:10279000040000914FF4FA4103906846ADF804102C
:1027A000FFF7D7FF04B080BDB0B584B00546002068
:1027B000039041F6020002900DF107000C468DF8DF
:1027C0000720039003F045FD296801EBC4014A7816
:1027D00002A903F043FF04B0B0BD000010B50446E9
:1027E00040690FF0C7FBE16B0020A07309B1206CBA
:1027F0008847D4E90001884205D0002221F8082D3D
:1028000081424A60FAD160600020E060207410BD0F
:10281000F0B585B00D464968002946D0044650F809
:10282000081F50F8042C8A4206D2D5E9000102F1B3
:102830000806C2E9000137E02368D71A012202EB3B
:10284000E706B6F1005F32D2C91A4FF6F872B6EB5E
:10285000A10FC7F6FF7238BF8E10914228BF6FF0EC
:102860006046049036B1B6F1005F23D2F0001EF04E
:1028700073FC00E0002000EBC603F9100393D5E9D8
:10288000003700EBC102009040F8313002F108003F
:102890006D460290204629460192576001F056FB92
:1028A0006668284601F056F8666005B0F0BD20461F
:1028B00000F0AAFE01F024FD2DE9F041877BF7B17D
:1028C000052A1CD8D0E900E6764518D0A6EB0E07FD
:1028D0004FEAE70C01F00104C1F34308002600258C
:1028E0000EEBC606777807F001018C4203D1C7F3DF
:1028F0004301884506D00135EEB2B445F0D800203A
:10290000BDE8F081E9B2FF29F9D0716801EB42011D
:102910000B86017B427B0131CBB29342017302D122
:10292000FFF75CFF12E0C17B4A1CD1B20629C273DB
:1029300005D1017C00220131C273017400E0017CE9
:10294000C9B28C4502D9D2B2FFF72EFF0120BDE8F3
:10295000F08170B586B0D1E900160446C0E90F16C3
:10296000D2E9000104F144020BC2D4E900010026BF
:10297000081A4FEAD00101EB90004FEA4000607363
:102980004FF001002673A0732FD041F6020004908F
:102990000DF10F00A4F80F6005968DF80F600590FB
:1029A00003F057FC21684A7804A903F057FEA56B91
:1029B00017F0C6FC17F0CDFC42F6F7110346C0F63F
:1029C00003012846224602F080F843F2B800C0F620
:1029D0000600D0E900236069A16BE56C0291CDE9A6
:1029E00000560FF053FA06B070BD204606B0BDE8A1
:1029F0007040FFF7F3BE10B5044640690021A17393
:102A00000FF0B8FA616C19B1A06CBDE8104008472E
:102A100010BD10B582B00446406908B10FF09BF9B3
:102A200001A8019401F070FA204602B010BD40F6F2
:102A3000D870C1F2000000680047B0B544F21455E8
:102A4000C1F20005297809B10120B0BD04464068F3
:102A500090B1216811B18847606820B140F6D87103
:102A6000C1F200010860A06844F21051C1F20001F7
:102A7000086001202870B0BD0020B0BD44F21051A4
:102A8000C1F20001096801B108470020704744F60F
:102A9000B80CC1F2000CDCE90001431C41F100025A
:102AA000CCE9003270470068C0F30220062808BF56
:102AB000FE207047B0B5057B75B90446D1E9000228
:102AC0008968C4E900020420A1601EF045FB00F003
:102AD00022F920610120207385F00100B0BD70B59E
:102AE00082B00646007B012824D1106800284FF0F0
:102AF000000020D00D465168E9B1306911461C46EE
:102B000000F0FBF8306900F0FAFC0146306979B159
:102B100000F0ECFC0020ADF806003069B2680DF161
:102B200006032946002C18BF224600F0EAF802E00E
:102B300000F0EAF8002002B070BD10B5044621B9DB
:102B4000207B01281CBF002010BD206930B100F09F
:102B5000EEF8042101F034FC0020206100202073F5
:102B6000012010BD0068027B002A1CBF00207047B6
:102B7000FFF7A0BF0068FFF7B2BF70B5044648205A
:102B80001EF0EAFA054600268020C5E9006005F13E
:102B900018002821AE602E732E61EFF78FFA4FF0E8
:102BA000FF30E861A862C5E90C002046C5E910665F
:102BB000256070BDB0B5056804463DB128460121C9
:102BC000FFF7BBFF2846482101F0FAFB2046B0BDC5
:102BD0002DE9F04700234FF0FF37C0E90173C0E94A
:102BE00003370384D1F800C00370BCF1000FC0E9C3
:102BF000067780F8223013807CD04E68082E79D377
:102C00009CF8003042F20C48C0F6060808F1020EAB
:102C10001C0774469CF80190BCF802A058BF4446BB
:102C2000C3F38003E35C42F21444C0F6060414F8D4
:102C300009400AF10305002C42F20844C0F60604DC
:102C4000E35C4FF0080725F0030518BF05F10807FE
:102C5000FC18B4424FF000034CD81AF0030549D1D8
:102C60001480DCF80420BCF8023042601A4680F878
:102C70000090C360002B18BF0CF1080282609CF822
:102C80000020140701D4002306E00A681A44926861
:102C9000042302619CF8002054070AD50968BCF897
:102CA0000220114419448A68C968C0E906219CF8C9
:102CB00000201107C2F3800158BFC6461EF801105C
:102CC00042F2104280F821109CF80010C0F6060273
:102CD0008B06C1F3001148BF0232515C012380F81A
:102CE00022109CF8001001F00301CA1E18BF0A460A
:102CF00080F820201846BDE8F0870068002200F028
:102D00001FB8006800F064B880B500682021EFF7B4
:102D1000D5F9012080BDB0B5044620201EF01CFA74
:102D200020210546EFF7CAF920462560B0BD10B551
:102D30000446006810B1202101F042FB204610BD7E
:102D4000B0B50B6804464FF000003BB349681C293E
:102D500038BFB0BD184630F804CF03F1180E0CF19F
:102D60001C05C4E90031E360A560C4F810E0B2B10D
:102D700045F27861C1F2342119601421EFF79EF910
:102D8000D4E903011C228088A2600A18C4E9052244
:102D900044F22132C8F265720A500120B0BD8D4262
:102DA00005D920462021EFF789F90020B0BD5EF853
:102DB0000C1044F22132C8F265720EEB0C00914205
:102DC0006061A061E9D020462021EFF777F9E4E7C0
:102DD0002DE9F04F8FB000261E80C2B3C76883462E
:102DE000AFB3884604A828211C461546EFF766F9BC
:102DF0004FF0FF3005900890CDE90A00F88807965B
:102E00008DF8316010B3BF88DBF8109004AE4FF03E
:102E1000000A00BF0020ADF80E00304601A90DF1F8
:102E20000E02CDE90197FFF7D3FE78B1BDF80E0091
:102E3000218881440144218040463146A847DBF87F
:102E40000C000AF1010AC0888245E3D3012630460E
:102E50000FB0BDE8F08F0068AFF300802DE9F041BE
:102E6000D0F810C04FF00008BCF1000F34D0044679
:102E70000068261D62CE471B71EB06072CD2171A7D
:102E800073EB010702D204F1280015E0571B73EB26
:102E900006070FD2101A63EB010162460023EEF71A
:102EA000DAFBA269821A71F1000115D2A16B01EB64
:102EB000C00001E004F13000D0E900124FF0010839
:102EC000013142F10002C0E90012D4E908100131D9
:102ED00040F10000C4E908104046BDE8F0812DE94A
:102EE000F04383B0054691E8CD00002F18BF0127BD
:102EF000C01A72EB06004FF0000038BF012007EA4D
:102F00000004012C4FF0000832D191E88900D1E98A
:102F1000036285E88900C043D943C0197141801814
:102F200041F100010023C5E90362EEF794FB05F1CE
:102F300038070146A861384605F1200901F0D9F8A3
:102F400095E84B002A69C043C943C01871418018F5
:102F500041F100010023EEF77EFB01466A46384648
:102F6000CDE9008801F0B3F848461821EFF7A6F83C
:102F7000204603B0BDE8F0830068FFF7B0BF10B58E
:102F80000468D4E90E01091A0129A8BFEFF796F8E1
:102F900004F120001821EFF791F8012010BDB0B521
:102FA000044648201EF0D8F814210546EFF786F8AD
:102FB000002105F12000A9612421EFF77FF82046C8
:102FC0002560B0BDB0B50568044655B1A86B20B109
:102FD000296CE863091A01F0F3F92846482101F049
:102FE000EFF92046B0BD81B04178073918BF012103
:102FF0008DF80310D0E90201002818BF01208DF8D8
:103000000200002918BF01218DF801109DF803006E
:10301000012806D19DF80200012802D19DF8010087
:1030200000E0002000F0010001B07047F0B5B1B041
:1030300012780D46002A044600F08981298810AED6
:10304000304601F0F1F80FF290423046002100279F
:1030500000F0ECFB90E80E000DF14C0C8CE80E003B
:10306000C0E9007787600FF2744113A800F096FB67
:1030700090E80E000DF1580C8CE80E00C0E90077C6
:103080008760A9780DAE304601F0CEF89DF93F007B
:10309000DDE90D1200285CBF3146C2B216A800F06F
:1030A0008AFB90E80E000DF1640C8CE80E00C0E97C
:1030B000007787600FF2284119A800F06FFB90E8B5
:1030C0000E000DF1700C8CE80E00C0E900778760EF
:1030D000E9780AAE304601F0A7F89DF93300DDE942
:1030E0000A1200285CBF3146C2B21CA800F063FB84
:1030F00090E80E000DF17C0C8CE80E00C0E9007722
:1031000087600FF2E0311FA800F048FB90E80E0046
:103110000DF1880C8CE80E00C0E9007787602979F2
:1031200007AE304601F080F89DF92700DDE907126F
:1031300000285CBF3146C2B222A800F03CFB90E8F8
:103140000E000DF1940C8CE80E004BF20D61C0E9FD
:1031500000778760C0F6060125A800F01FFB90E805
:103160000E000DF1A00C8CE80E00C0E9007787601E
:10317000E98804AE304601F057F89DF91B00DDE9FF
:10318000041200285CBF3146C2B228A800F013FB2D
:1031900090E80E000DF1AC0C8CE80E004BF266616D
:1031A000C0E900778760C0F606012BA800F0F6FAA8
:1031B00090E80E000DF1B80C8CE80E00C0E9007725
:1031C0008760298901AD284601F02EF89DF90F008E
:1031D000DDE9011200285CBF2946C2B22EA800F02A
:1031E000EAFA90E80E00C0E9007787609DF90F00C9
:1031F0002160B0F1FF3F6260A36005DC0399019894
:1032000021F0004101F0DCF89DF9C300B0F1FF3F6F
:1032100005DC30992E9821F0004101F0D1F89DF99C
:10322000B700B0F1FF3F05DC2D992B9821F000414C
:1032300001F0C6F89DF91B00B0F1FF3F05DC0699CF
:10324000049821F0004101F0BBF89DF9AB00B0F10A
:10325000FF3F05DC2A99289821F0004101F0B0F8E1
:103260009DF99F00B0F1FF3F05DC2799259821F0DB
:10327000004101F0A5F89DF92700B0F1FF3F05DC02
:103280000999079821F0004101F09AF89DF99300FF
:10329000B0F1FF3F05DC2499229821F0004101F0B4
:1032A0008FF89DF98700B0F1FF3F05DC21991F9849
:1032B00021F0004101F084F89DF93300B0F1FF3FA7
:1032C00005DC0C990A9821F0004101F079F89DF98C
:1032D0007B00B0F1FF3F05DC1E991C9821F00041F6
:1032E00001F06EF89DF96F00B0F1FF3F05DC1B990E
:1032F000199821F0004101F063F89DF93F00B0F109
:10330000FF3F05DC0F990D9821F0004101F058F8BE
:103310009DF96300B0F1FF3F05DC1899169821F084
:10332000004101F04DF89DF95700B0F1FF3F05DC79
:103330001599139821F0004101F042F89DF94B00D6
:10334000B0F1FF3F00F3C68012991098BEE0E97813
:103350002A79A878C1EB011102EB81014FF4616277
:1033600010FB0210298840F2A322514322AE00EB49
:10337000C11230460023002700F08FFF5AA23046CA
:10338000002100F053FA90E80E000DF1940C8CE847
:103390000E004BF20D61C0E900778760C0F60601B0
:1033A00025A800F0FBF990E80E000DF1A00C8CE8C8
:1033B0000E00C0E900778760E9881FAE304600F054
:1033C00033FF9DF98700DDE91F1200285CBF3146FD
:1033D000C2B228A800F0EFF990E80E000DF1AC0C95
:1033E0008CE80E004BF26661C0E900778760C0F69A
:1033F00006012BA800F0D2F990E80E000DF1B80CF0
:103400008CE80E00C0E90077876029891CAD28464A
:1034100000F00AFF9DF97B00DDE91C1200285CBF6B
:103420002946C2B22EA800F0C6F990E80E00C0E905
:10343000007787609DF97B002160B0F1FF3F6260FB
:10344000A36005DC1E991C9821F0004100F0B8FF34
:103450009DF9C300B0F1FF3F05DC30992E9821F0B3
:10346000004100F0ADFF9DF9B700B0F1FF3F05DC72
:103470002D992B9821F0004100F0A2FF9DF98700C3
:10348000B0F1FF3F05DC21991F9821F0004100F0C9
:1034900097FF9DF9AB00B0F1FF3F05DC2A99289812
:1034A00021F0004100F08CFF9DF99F00B0F1FF3F3B
:1034B00005DC2799259821F0004100F081FF9DF956
:1034C0009300B0F1FF3F05DC2499229821F00041E0
:1034D00000F076FF31B0F0BD440000003A48000033
:1034E0003A4D00003A530000530000000068C068E5
:1034F000002812BFD0E902010020002170470068B7
:10350000C16891B1806980B1096845F27862C1F201
:103510003422914209D100684BF6DF41C7F69A0187
:103520000844B0FA80F0400970470020704700005E
:103530002DE9F04F81B005460068D0E9083753EA1D
:1035400007090F4645D0D0E90E011646081A022198
:1035500001EBE001384600F04BFDD5F800A0DAF8A9
:103560002800DAF82C20A0FB0601DAE908B502FBF6
:1035700006115A462B46EEF76EF8DAE90E42396824
:10358000A2420097086015D0101BC210012701F15C
:103590000408012A88BFC710F4E802012B46A0FBEB
:1035A000060201FB06215A46EEF755F848F8040BCF
:1035B000013FF1D1DAE90C012B46A0FB060201FB29
:1035C00006215A46EEF747F80099496841F8040C7D
:1035D00001E038687860B9F1000F18BF4FF00109B9
:1035E000484601B0BDE8F08F0068203070474BF2CC
:1035F000B260C0F6060000F0C5F94BF2B260C0F64A
:10360000060000F0C6F9000001A000F0BBF900BF01
:10361000766563746F7200004BF26960C0F6060055
:1036200000F0B0F94BF26960C0F6060000F0AAF9AC
:1036300010B50468016074B104F50C70FDF736F83C
:1036400004F5F070FFF7E5F920464FF41071BDE87E
:10365000104000F0B5BE10BD10B50468016054B153
:1036600004F5EA70FDF722F820464FF4F071BDE84A
:10367000104000F0A5BE10BD2DE9F0410D464FF6FB
:10368000F871C7F6FF718B4204461DD21F46904663
:103690000A2B01D8E7720BE047F00700461C3046C2
:1036A0001DF05AFD46F00041C4E90007A160044640
:1036B000B8EB050604D0204629463246EEF71BFC3F
:1036C0000020A055BDE8F0812046FFF790FF2DE9CE
:1036D000F04F81B00E464FF6F671C7F6FF711F46E8
:1036E0008B1B9A42044656D894F90B00DDF82880CB
:1036F00000284FF6F270D4F80090C3F6FF7058BF60
:10370000A14686420DD89019B0EB460F98BF7000C5
:1037100040F0070101F1010B0B2838BF4FF00B0BF4
:1037200001E001F1010B58461DF016FDB8F1000F44
:10373000054604D0284649464246EEF7DCFBDDE963
:103740000BA22AB10D9905EB0800EEF78FFB0C9A3E
:103750000AEB08003F1A0AD009EB080000EB0A0147
:1037600005EB080010443A46EEF7C5FB0C9A711CB5
:103770000B2903D0484600F023FE0C9A4BF0004082
:1037800002EB08013944A0600020C4E900516854EC
:1037900001B0BDE8F08F2046FFF729FFB0B5054620
:1037A00008460C46EEF743FB024628462146BDE894
:1037B000B040AFF30080F0B585B01646D0E90152B5
:1037C000044690F90B0022F000420A2300284CBF67
:1037D000531E05465A1BB2428C460DD2A819C21A76
:1037E0000020CDE90050204619462B460296CDF820
:1037F0000CC0FFF76CFF16E0AEB12768002858BF79
:103800002746781961463246EEF775FB94F90B00AE
:10381000B0F1FF3F05EB0600C6BF00F07F01E1728B
:10382000606000213954204605B0F0BD70B50646F1
:10383000104614460D46EEF7FAFA0346304629467E
:103840002246BDE87040AFF300802DE9F04385B01B
:10385000044690F90B006668002858BF06468E4261
:1038600048D30F46A168904621F000420A21002863
:1038700048BF511E8A1B1D469A420CD27019421A2B
:103880000020CDE90070204633460295CDF80C802B
:10389000FFF71DFF2AE04DB3D4F80090002858BF71
:1038A000A146BE420ED009EB06008045404609EB1A
:1038B000070138BF2844F21B884528BF80464819B5
:1038C000EEF719FB09EB070041462A46EEF713FB1A
:1038D00094F90B00B0F1FF3F06EB0500C6BF00F006
:1038E0007F01E1726060002109F80010204605B0F8
:1038F000BDE8F0832046FFF780FE2DE9F041044645
:1039000008468846EEF793FA05464FF6F870C7F674
:10391000FF7085421BD20B2D03D22746E57265B995
:1039200010E045F00700461C30461DF015FC074628
:1039300046F00040C4E90075A060384641462A467A
:10394000EEF7D9FA002120467955BDE8F0812046EE
:10395000FFF74DFE10B50446D0E90101884209D0B9
:10396000002200BF01F8082DA1604A704A60A168DA
:103970008842F7D1206818B1E168091A00F020FDEB
:10398000204610BD014645F6B750C0F6060000F0CF
:1039900007F801464BF27060C0F6060000F000F830
:1039A00084B0844601A80EC044F2E02001AAC1F20E
:1039B000000061460092EEF751FDEFF73BF8B0B51D
:1039C00043F68932C5F2E652A1FB02234FEA536C5B
:1039D0004EF20013C0F2F5530CFB13114DF6836346
:1039E000C4F21B33A1FB0332920C43F60953534339
:1039F000A1EB831541F25971CDF2B711A5FB011E60
:103A000042F26021C0F6060101EB4C0411F81C30B3
:103A1000647800F80A3B00F8094C01EB420311F806
:103A200012205B7800F8082C00F8073C4FEA5E3261
:103A300011F8124001EB42035B7800F8064C42F2A9
:103A4000107402FB145200F8053C93B29B0841F23B
:103A50007B456B435B0C11F8134001EB43056D781C
:103A600000F8044C642403FB142200F8035C92B2B7
:103A700001EB420311F812105A7800F8021C00F80A
:103A8000012CB0BD70B54EF20016C0F2F5561946C5
:103A900015460446104632460023EDF7DCFD00FBD8
:103AA00016514DF68362C4F21B32A1FB02239A0C1D
:103AB00043F609535343A1EB831341F25971CDF2FD
:103AC000B711A3FB011642F26021C0F6060101EB1B
:103AD000400511F810006D7804F80A0B04F8095C31
:103AE00001EB420011F81220407804F8082C04F889
:103AF000070C700B11F8106001EB4002527804F8CB
:103B0000066C42F2107600FB163004F8052C82B2E7
:103B1000920841F27B435A43520C11F8126001EBB8
:103B200042035B7804F8046C642602FB160004F878
:103B3000033C80B201EB400211F81000517804F808
:103B4000020C204604F8011C70BD10B544F2402C54
:103B5000C0F20F0C61450ED242F20F72914258D85A
:103B6000632900F2E180092900F26F8141F0300100
:103B700000F8011B10BD4EF20013C0F2F55399423C
:103B80007BD24DF68363C4F21B33A1FB033249F2AF
:103B90007F63C0F2980399424FEA924300F2E380B8
:103BA00043F609525A43A1EB821C48F6B952C0F2BF
:103BB0000602ACFB022103F1300242F2602E0270D9
:103BC000C0F6060E1EF811200EEB41035B78427022
:103BD00042F2107201FB12C183708AB2920841F264
:103BE0007B435A43520C1EF812300EEB420C9CF8E9
:103BF00001C0C370642302FB131180F804C089B2B2
:103C00000EEB41021EF8111052784171827107309B
:103C100010BD41F25972CDF2B712A1FB022348F256
:103C20009F62C0F2010291424FEA533200F2DC80FF
:103C300042F03003037042F2107302FB131141F2A1
:103C40007B424A4342F2602CD20CC0F6060C1CF8B0
:103C500012300CEB420E9EF801E04370642302FB2D
:103C6000131180F802E089B20CEB41021CF811102C
:103C70005278C1700271053010BD4CF6FF12C3F6C8
:103C80009A32914200F2DD8043F68932C5F2E65263
:103C9000A1FB0224620E02FB13114DF68362C4F2F3
:103CA0001B32A1FB02239A0C02FB1C1E41F259712C
:103CB000CDF2B711AEFB011C302141EA5461017015
:103CC00042F26021C0F6060101EB420411F8122015
:103CD0006478427084704FEA5C3211F8123001EB64
:103CE00042046478C37042F2107302FB13E2047161
:103CF00093B29B0841F27B4463435B0C11F8134081
:103D000001EB430C9CF801C04471642403FB1422B2
:103D100080F806C092B201EB420311F812105A78F3
:103D2000C1710272093010BD8AB2920841F27B4320
:103D30005A43CB087C2B4FEA524200F29380642313
:103D400002FB131142F03002027042F2602289B28B
:103D5000C0F6060202EB410312F811105A784170C6
:103D60008270033010BD03FB1C1E41F25971CDF26D
:103D7000B711AEFB011C42F26021C0F6060101EB57
:103D8000430211F813305278037042704FEA5C32EC
:103D900011F8123001EB420C9CF801C0837042F222
:103DA000107302FB13E480F803C0A3B24FEA930C34
:103DB00041F27B430CFB03F35B0C642201EB430CED
:103DC00003FB124211F813E09CF801C092B280F894
:103DD00004E080F805C001EB420311F812105A7894
:103DE0008171C271083010BD42F2602CC0F6060C21
:103DF0001CF812300CEB420E9EF801E0037042F208
:103E0000107302FB131141F27B438AB292085A43AA
:103E100080F801E0520C1CF812300CEB420E9EF8B8
:103E200001E08370642302FB131180F803E089B280
:103E30000CEB41021CF811105278017142710630EE
:103E400010BDBDE81040FFF7BABD42F26022C0F6D7
:103E5000060202EB410312F811105A780170427009
:103E6000023010BD42F2602CC0F6060C1CF8123075
:103E70000CEB420E9EF801E00370642302FB131169
:103E800080F801E089B20CEB41021CF81110527865
:103E90008170C270043010BD2DE9F047144606460B
:103EA0002BB930462146BDE8F047FFF74EBE4EF233
:103EB000FF3AC5F20B4A4FF00209BAEB04001D4667
:103EC00079EB030019D24EF20042C5F20B422046B4
:103ED00029460223EDF7BFFB0746884630463946A0
:103EE000FFF733FE0AF10101A7FB012307FB0933AA
:103EF000064608FB0130A41A8541304622462B466F
:103F0000BDE8F047FFF7BEBD80B5D0F800E0DEF8B1
:103F10000030CBB1DEF804209C469342714609D0B4
:103F2000002100BF22F8081D9A425160FAD10168B1
:103F3000D1F800C0CEF804308868A0EB0C016046D0
:103F4000BDE8804000F03CBA80BD000070B5D0E90B
:103F5000003E4A68B3EB0E0402EB040C0FD01A4685
:103F6000644600BFF2E80256E4E802567245F9D111
:103F7000002200BF1A805A6008337345FAD1C1F895
:103F800004C00268C0E900C24A608A6843684260AF
:103F9000CA688B60836882604868CB60086070BDC7
:103FA00070B586B0044650F8083F22680D46991A4D
:103FB000B5EBE10F17D9B5F1005F16D26168059036
:103FC000E8008E1A1DF0C8F80190811900EBC500B9
:103FD00001ADCDE90211049020462946FFF7B6FF56
:103FE0002846FFF7B7FC06B070BD2046FFF70CFB74
:103FF000D0E900239B1AB1EBA30F4FEAA30302D928
:10400000C91A00F006B899423CBF02EB8101416039
:1040100070472DE9F04F81B08346D0E901700D461D
:10402000C11BB5EBA10F20D9DBF800A0A7EB0A0854
:1040300005EBA804B4F1804F44D2A0EB0A094FF677
:10404000FC70B4EB690FC7F6FF7038BF4FEA690424
:10405000814528BF6FF040448CB1B4F1804F34D219
:10406000A0001DF079F807460AE02DB1A9003846F6
:10407000EEF724F807EB8507CBF804701FE0002764
:104080004FEAA80007EB8006A900304607EB84043E
:10409000EEF714F838465146424606EB8505EDF733
:1040A0006CFFBAF1000FCBE90075CBF8084006D0E1
:1040B0005046494601B0BDE8F04F00F081B901B06B
:1040C000BDE8F08F5846FFF7A7FA00F019F9D0E9DC
:1040D00000C3A3EB0C03B1EBE30F4FEAE30302D9F8
:1040E000C91A00F035B899423CBF0CEBC1014160E0
:1040F00070472DE9F047054604688068A0EB040886
:10410000B1EBE80F98BFBDE8F0870F46B1F1005F53
:104110001AD26868A0EB0409F8001DF01DF82146CA
:104120004A46064600EB090A00EBC707EDF725FFF4
:10413000C5E9006AAF602CB120464146BDE8F047B2
:1041400000F03EB9BDE8F0872846FFF76BFA0000A3
:104150002DE9F04F81B00446D0E901030F46191A4A
:10416000B7EBE10F914620D9D4F800B0A0EB0B08D3
:1041700007EBE805B5F1005F51D2A3EB0B0A4FF650
:10418000F870B5EBAA0FC7F6FF7038BF4FEAAA0563
:10419000824528BF6FF06045ADB1B5F1005F41D2F7
:1041A000E8001CF0D9FF06460EE057B1D9E900231C
:1041B00000EBC701FF0000BFE0E80223083FFBD18E
:1041C0000846606028E000264FEAE80006EBC001E0
:1041D00001EBC7010091D9E90012C000FB0000BF4C
:1041E00037183150083B00F108007A60F8D13046AA
:1041F0005946424606EBC505EDF7BFFE0098BBF1F8
:10420000000F26606060A56006D05846514601B098
:10421000BDE8F04F00F0D4B801B0BDE8F08F204603
:10422000FFF700FA00F06CF82DE9F04184B00DF1D1
:1042300005058046B1F1FF3F05F10B0201DD28467F
:1042400004E0681C2D2349428DF80530131A092B10
:1042500018DC41F00104B4FA84F4C4F1200440F203
:10426000D146664342F23827340BC0F6060757F8AA
:1042700024704FF0FF3CB94238BF0CEB1634671C7A
:104280009F4202DCFFF761FC0246531B4046294671
:10429000FFF7F2F904B0BDE8F081B0B586B00DF1DA
:1042A000030504462846FFF7F7FD0246431B204658
:1042B0002946FFF7E1F906B0B0BD44F6C000C1F2EF
:1042C000000000687047000001A0FFF769FB00BF15
:1042D0006261645F616C6C6F6320776173207468E6
:1042E000726F776E20696E202D666E6F2D65786314
:1042F000657074696F6E73206D6F646500000000F7
:1043000001A0FFF74DFB00BF6261645F61727261E3
:10431000795F6E65775F6C656E677468207761732F
:10432000207468726F776E20696E202D666E6F2D17
:10433000657863657074696F6E73206D6F64650076
:1043400000207047B0B514460D46F6F746FD2946E5
:104350002246F5F751F8B0FA80F04009B0BD0438B4
:10436000FEF770B8014642F22830C0F6060000F1B0
:10437000080248300860486841F8042C00220028F0
:104380004A6014BF0121704700F01AB880B5FBF7EE
:104390005FFF44F2FC50C1F20000BDE88040FBF733
:1043A000D1BE10B50C46FBF753FF44F2FC50C1F2EE
:1043B00000002246BDE81040FBF738BFEDF7C6B855
:1043C000FFF7FCBF10B540F6DF74C1F2000420789F
:1043D00025F086F90021217010BD25F0C3B9002019
:1043E00070474FF0FF307047002070470120704742
:1043F0004FF0FF30704700207047704745F258106B
:10440000C1F20000016891F8201019B14068022142
:1044100013F066B97047C0B152EA030149F6702340
:10442000C0F20B03C2F30F2143EA026204BF03F19F
:10443000085222210A23C6F201336FF07F4CC0E9F3
:104440000021C0E9023C002000E0FF2040B270479C
:1044500058B180B5383006A1EDF75AFE002818BFD4
:104460004FF0FF30BDE8804000E0FF2040B27047D1
:10447000455854001BF0EABE1BF013BF1BF09BBF56
:104480001BF0C5BF10B545F2F844C0F6060400287D
:1044900018BF044620791BF0D1FD10B12068B0B3DD
:1044A00080471CF07EF810B1206880B380471BF075
:1044B000E6FF10B1206850B3804745F2607445F2C2
:1044C0008840C1F20004C0F60600214640221BF0DD
:1044D00057FE2078042804D1607810B9A07803280A
:1044E00013D045F28844C0F6060445F24841C0F6B0
:1044F0000601204640221BF072FE45F26071C1F2B7
:104500000001204640221BF03BFE002000E0FF207F
:1045100040B210BD1BF0BCBD1BF0D1BD1BF0E9BD0E
:104520001BF00CBE002070471CF0E1B81CF002B973
:104530001CF026B91CF0B9B91CF0DCB91BF07EBE2A
:10454000D0B14168C1B180B584B0D0E900128068B3
:1045500044F6C403C1F2000398604CF63D70C0F607
:104560000200039001A8C3E90012CDE90112FEF791
:1045700064FA04B0BDE88040704780B584B025F08F
:10458000F7FC44F24431C1F200010860022000212E
:1045900025F0F8FD44F29841C1F20001086029209D
:1045A0008DF806004FF4023002900120ADF80C00A7
:1045B0008DF80E00FBF74CFE0DF10601FBF748FDF0
:1045C00004B080BD2DE9F04FDBB01C4616468A468C
:1045D000804611F095F890F84900012840F03A81A2
:1045E00044F645704FF0000BC0F23F008DF868B004
:1045F000199003F039F8414603F02EF80DF16409E3
:1046000011902EB1706896F800B0002818BF81464E
:10461000FEF70DFA4FF47A72002307460E464FF468
:104620007A75EDF718F800FB15720023ADF86220DB
:104630004FF47A72EDF70FF8ADF8602044F24022A3
:10464000C0F20F02384631460023EDF704F83C2251
:104650000023EDF700F88DF85E2048F20072C0F2FA
:104660009332384631460023ECF7F5FF3C22002315
:10467000ECF7F1FF8DF85D204AF20042CDF2936233
:10468000384631460023ECF7E6FF18220023ECF70A
:10469000E2FF8DF85C2046F20002C1F6D7523846A0
:1046A00031461423ECF7D7FFB8F1000FADF85A00EC
:1046B0001CD05AEA040035D1002013AE8DF84B000F
:1046C0000DF15A010DF14B023046FEF7AFFC9DF99A
:1046D0005700139F002858BF3746119BCDE9009B18
:1046E000B7A21AA84FF480710297A3E00020BAF194
:1046F000000F52D013AE8DF84B000DF15A010DF1A1
:104700004B023046FEF792FC9DF95700139F00289C
:1047100058BF3746B1A21AA84FF480714B46CDE975
:10472000007A87E0BAF1000F18BF002C4CD1BAF123
:10473000000F40F00E81002C00F00B8100208DF85E
:104740004B0013A80DF15A010DF14B02FEF76EFC60
:104750009DF9570027680028E088139D1090D4E940
:1047600002600F9020790E9060790D9013A858BFC9
:104770000546384610F067FB0F994BF2C05207917F
:104780000E99C0F6060208910D990696CDE909101A
:10479000CDE9009BCDE9025746E013AE8DF84B0002
:1047A0000DF15A010DF14B023046FEF73FFC9DF929
:1047B0005700139F002858BF37468EA21AA84FF4FF
:1047C00080714B46009735E000208DF84B0013A810
:1047D0000DF15A010DF14B02FEF728FC9DF957002F
:1047E00027680028E088139E1090D4E902500F90AB
:1047F00020790E9060790D9013A858BF0646384670
:1048000010F021FB0F994BF2106207910E9906955B
:1048100008910D99CDF82CA0CDE90910CDE9009BA8
:10482000CDE90267C0F60602DDE910731AA84FF45D
:1048300080710497ECF79EFF9DF95700B0F1FF3FA0
:1048400005DC1599139821F00041FFF7B9FD1AA86E
:1048500021F037FDB8F1000F6ED064B12079617995
:10486000382202EAC00001F00F012268D4E90237C1
:10487000E688890105E000220026002000210023AF
:1048800000271A92ADF86E605246A8F10106BAF1FF
:10489000000F18BF0122CDE91C3706F0070343EAD9
:1048A0008222104340EA010244F2443641F2BC0144
:1048B000C1F20006C0F6060130680968ADF86C2048
:1048C00025F0E2FB04F03AFE1AA9524604F042FF3A
:1048D00010F0C1FB10F0CCFD306825F0B3FBB8F14F
:1048E000050F29D10020012100220323002513F008
:1048F0000BF80146FE2015F01FFC0221817511F016
:1049000056FB214611F0B4FB10F0A5FB012110F07D
:10491000A4FD11F04CFB11F053FB4FF0804112F05D
:10492000DFFE8DF8685010F096FB1AA910F086FB98
:104930009DF86800022802D15BB0BDE8F08F44F218
:104940009840C1F2000000684FF0FF3125F0CAFB2B
:10495000FEE7BAF1000F3FF47AAF002C7FF477AF97
:10496000002013AE8DF84B000DF15A010DF14B02F2
:104970003046FEF75BFB9DF957001399002858BF9E
:104980003146119B029104A21AA84FF48071CDE91F
:10499000009BCDF80CA04DE75B25735D20282573A7
:1049A0002074736B256420402573292D3E207B7D68
:1049B0003A202E2E2E20494E464F203D20257300B2
:1049C0005B25735D202825732074736B256420405C
:1049D0002573292D3E202E2E2E0000005B545241BF
:1049E00043455D2028257320402573292D3E202531
:1049F000732E00005B54524143455D2028257320EF
:104A0000402573292D3E202E2E2E000000281ABF8F
:104A100000210170FE2148B270474FF0FE0238B10C
:104A200031B191E80C10C96880E80C100022C16017
:104A300050B27047D8B10B460178032910D0022933
:104A400007D0012913D182688AB14168104616F057
:104A50000FB982685AB1416810461A4616F0F7B885
:104A6000416821B1D0E9022020B116F0D9B8FF2069
:104A700040B2704780B5104688470020BDE88040AE
:104A8000F6E7002814BF00780020704750B1017885
:104A9000032909D0022903D0012903D1416809B1B2
:104AA000082102E00020704704214058002818BF68
:104AB0000120704780B506F001FA0421102201237D
:104AC00006F006FA0021017080BD38B14FF0030CEA
:104AD00080F800C004300EC0002000E0FE2040B28C
:104AE000704728B101230370C0E90112002000E0E3
:104AF000FE2040B27047002814BF40680020704775
:104B0000002814BF00680020704700002DE9F0471E
:104B100082B04FF0FE04F8B18946E9B19846DBB1A6
:104B200007464046164609F038FE484609F0C6FDDD
:104B30000446484609F0C7FD0546204609F0C0FE78
:104B400048B16DB1786820B109F14002314602F0F8
:104B500054F8002400E0FF2460B202B0BDE8F08702
:104B600020460021002209F06BFE3868D9F80410B5
:104B700009F12006324607F0C5FF10B1304607F0B4
:104B800061FDD7F808A0404609F007FED9F83000CB
:104B900090B199F80100012825D1022088F8010080
:104BA00099F8001098F8000089062ED500F0FC0056
:104BB000013088F8000028E099F800000024800601
:104BC000CAD598F80000A8F8024000F0FC000130B7
:104BD00088F80000D9F8041099F80120C8F80410EA
:104BE00088F8012011E099F80010890602D44FF0EE
:104BF000000853E098F8000000F0FC00013088F84D
:104C0000000099F8011088F80110746996E8AE0068
:104C100008F1200CC8F834408CE8AE00B16900F00F
:104C2000F700C8F8381099F80010042211F00801B4
:104C3000014488F8001099F8000001F0FB0102EA35
:104C40009000014488F80010D9F804204FF00001CA
:104C5000A8F80210C8F8042014BFD9F80C104FF0BF
:104C6000FF31C8F80C1020B94FF0FF304FF0FF3182
:104C700003E015F039FE15F045FEC8E9040108F11E
:104C80004000414600220023002409F0FDFDD9F830
:104C9000300000283FF460AF99F80100052801D0EA
:104CA000032805D1304607F0DAFD00283FF451AF64
:104CB000304607F017FDBAF1000F05D0012803D1E7
:104CC000304607F0F5FC68B399F80100002101387F
:104CD0000428ADF806103FF63CAF09F14007DFE8C5
:104CE00000F02D0344032700D9F8081030460222B3
:104CF0003B4607F0BDFD99F80100022803D130467C
:104D0000394607F04CFDB8F1000F1CBF99F80000C0
:104D100010F020003FF41DAF99F8010004287FF443
:104D200018AF3EE050464946424608F0EEFD10E717
:104D3000304601213A4607F041FD25E0D8F8082029
:104D40000DF106033046002107F08BFCBDF806008C
:104D500098F80010A8F80200A8F84200D8F8080057
:104D6000C8F8480021F0030020E0D9F83000B9F875
:104D70000210008881427FF4ECAED9F8081030466A
:104D800001223B4607F038FD00287FF4E2AEB8F17F
:104D9000000F3FF4DEAE99F8000010F020003FF461
:104DA000D8AE98F80000022161F3010088F80000F5
:104DB000CFE60000B0B582B042F2D8450446C0F656
:104DC000060550B902F050FC44F6907310A2C0F6EC
:104DD00006030521009502F024FC02F045FC216841
:104DE00044F6907311A2C0F60603002918BF0121F2
:104DF000009502F00FFC06F061F804210C2201235B
:104E000006F066F894E80E0080E80E0002B0B0BD2F
:104E1000656F5F6167656E745F4E657728293A201C
:104E20004E554C4C2063666700000000656F5F6163
:104E300067656E745F4E657728293A204E554C4C55
:104E4000206366672D3E6E767365740070B584B01E
:104E50000E46002A4FF0FE0165D0002E63D00028D8
:104E600061D01C46002B5ED02046154609F095FC0B
:104E70002878698800F03C008DF808006878ADF863
:104E80000A1069688DF80900039109F019FDF0B165
:104E9000D6E900CED6E90223D6E90410C4E90A23F4
:104EA000C4E90C10C4E908CEB069DDE90212A063C0
:104EB00002A8C4E9001209F0B5FC012809D1A968CB
:104EC00049B16A88A0686280ECF7D0FF0DE0FF214D
:104ED00029E0002008E0A2680DF106033046002119
:104EE00007F0BFFBBDF806006080287800074CBFC4
:104EF000E8684FF0FF30E0602878089D400704D450
:104F00004FF0FF304FF0FF3103E015F0EDFC15F0EE
:104F1000F9FCC4E904012DB120786178628809F0B8
:104F200058FC2880002148B204B070BD42F208113C
:104F3000C1F200010868002818BF08467047000049
:104F4000F0B581B042F20816C1F200063268002ABC
:104F500061D10C46054602F087FB42F2D84744F681
:104F600069632946C0F606072EA2C0F60603002D87
:104F700018BF0121009702F04DFB28786F780228B6
:104F800003D1FF2F01D075600EE002F06DFB42F2FD
:104F9000B84544F66963C0F606052CA2C0F60603C0
:104FA0000521009502F03DFB022FB460377507D054
:104FB000012F02D047B9002004E04FF4004001E087
:104FC0004FF4003030610EE002F04EFB42F2B84781
:104FD00044F66963C0F6060726A2C0F6060305215B
:104FE000009702F01EFB4BF2AD274BF2C9304BF29B
:104FF0009D214BF249324BF2BD23C0F60407C0F6A7
:105000000400C0F60401C0F60402C0F604030097D1
:1050100015F024FA306042F20810C1F2000001B02D
:10502000F0BD00BF656F5F61726D656E765F496E42
:10503000697469616C69736528293A204E554C4C36
:10504000206D6F64696E666F00000000735F656FAE
:105050005F61726D656E765F7072657061726528F2
:10506000293A2077726F6E67206D6F64696E666F84
:1050700000000000735F656F5F61726D656E765F43
:105080007072657061726528293A20756E7375704B
:10509000706F727465642070726F6300F0B581B0D8
:1050A00048B114463AB11D462BB10278064668183D
:1050B0000F46904201D901B0F0BDB178884216D9AF
:1050C000C3B29A4213D3C3B2994210D08B420A465C
:1050D00096F801C0B07038BF1A46591A1CFB02601E
:1050E00048BF4942043001FB0CF1ECF7C5FF717871
:1050F00011FB0760043001FB05F2214601B0BDE859
:10510000F040ECF7B3BE38B18278914204D24278D5
:1051100012FB0100043070470020704718B101787D
:105120008078081A00E00020C0B27047002814BF41
:1051300000780020704730B101788078401AB0FACA
:1051400080F04009704701207047002814BF407864
:10515000002070472DE9F04116460C4605464FF0F9
:1051600000084FF000075AB905F0A8FE042114FB0F
:1051700005118AB204210123012705F0A9FE064684
:10518000301D04FB05F1F7703570747086F80280ED
:10519000ECF772FF3046BDE8F08138B18178002924
:1051A0000FBFFF2001398170002000E0FE2040B2D7
:1051B000704710B5044600284FF0FE0018BF0029C4
:1051C00001D140B210BD2278A078904201D1FF20D9
:1051D000F7E7627812FB00400430ECF747FEA07856
:1051E0000130A0700020ECE710B540B101784278A2
:1051F0000024847004305143ECF73EFF00E0FE24AD
:1052000060B210BD28B18278914202D003789942F1
:1052100000D970471346914238BF0B4690F801C041
:1052200081701CFB0300891A00F1040048BF494249
:1052300080B501FB0CF1ECF71FFF80BD002814BF07
:1052400080780020704741F2DC01C1F2000108685B
:10525000002818BF0846704741F2DC01C1F2000186
:105260004968002818BF0846704741F2DC01C1F2C6
:1052700000010968002818BF084670472DE9F04171
:105280008EB042F2585141F2DC08C0F60601C1F27C
:105290000008D1E9082CD8F800600A92002ED1E964
:1052A000002601F10807B0CF4B690292D1E906212F
:1052B000CDE90364CDE90557CDE907320991CDF871
:1052C0002CC066D142F22C46C0F60606002818BF54
:1052D0000646306842F2D844C0F6060450B902F0DF
:1052E000C3F944F6A3732EA2C0F606030521009469
:1052F00002F097F9708948B1B08938B1F08928B1C6
:10530000308A18B1708A08B1B08A50B902F0ACF98D
:1053100044F6A3732FA2C0F606030521009402F001
:1053200080F9D8F804406CB9707FB16907F056FC79
:1053300033687F220127C0F2001200210446009743
:1053400007F0FEFAD6E90001D6F80E300078D6F85C
:105350000A2088F80800D6F812000292CDE903303E
:10536000308906F12002ADF8180000200591089060
:1053700007CA337F0990B069C8F804400A9002A8B0
:1053800007948DF82C30CDE90C120CF04AFEC8F8C9
:10539000000041F2DC00C1F200000EB0BDE8F08177
:1053A000656F5F626F6172647472616E7363656969
:1053B0007665725F496E697469616C6973652829E5
:1053C0003A204E554C4C206E76736574627264635D
:1053D00066670000656F5F626F6172647472616E10
:1053E000736365697665725F496E697469616C693A
:1053F000736528293A2061206366672D3E73697AB8
:1054000065732E6669656C64206973203000000046
:1054100041F2E801C1F20001002818BF01F1380093
:10542000704741F2E801C1F200010878002818BF76
:1054300008467047B0B541F2E804C1F20004217893
:10544000012932D042F25841C0F60601002818BFA7
:10545000014643F2D400C0F60600D1E9001200680C
:10546000C4E90112904218BFB2FBF1F020740CF0B5
:1054700099FCE06003200A2100220025FFF76AFE64
:10548000A062FFF7B1FE04F12C004FF48A71C4E969
:105490000655C4E90855ECF711FEFFF70BFBC4F8FD
:1054A0004001FFF7B3FA0120207041F2E800C1F299
:1054B0000000B0BD2DE9F04F85B0804600284FF0C8
:1054C000FE0000F0DB809A46002B00F0D78041F20E
:1054D000E809C1F2000999F82200002800F0C9800B
:1054E00001F0010609EB4604A08DC1F343052946EE
:1054F00001F0F4FA002800F0BC8004F13C002946D9
:10550000049401F0F7FAC6EB061009EBC000BAF8F4
:10551000041000EBC507A7F85410DAF8000038654E
:1055200015F0E2F915F0EEF9D9E90623D9F828408B
:10553000801A99414FF47A720023ECF78CF8A7F89F
:1055400056002046FFF77AFE002878D004464FF038
:10555000000B00BFD9F828005FFA8BF1FFF7D3FDED
:1055600040B1074600EB4600C088294601F0B6FA74
:10557000012806D00BF1010B5FFA8BF0A042E9D3B2
:105580005DE038789AF80010DDF810B08842CDE977
:10559000021004D00BF14400294601F0ABFA3C465E
:1055A00014F8040F08B97979A9B1564636F8041FE2
:1055B0002288914205D00BF14C00294601F09AFA5D
:1055C00020783178814204D19AF8050079798842AF
:1055D00001D0012200E000223C4614F8016F26B9F8
:1055E000B87810B9F87800284CD00AF1010B019274
:1055F000584621460322ECF7EEFB28B104982946D1
:10560000483001F077FA26789BF80000B04216D1B6
:105610009AF80200B978884211D1DDE9021000231E
:10562000401A18BF01209AF80310FA78C9B2D2B212
:10563000914238BF012301991843084307D0012044
:1056400089F8390004982946403001F053FAB9F836
:105650002C00B9F83C1088420DD1B9F82E00B9F8E9
:105660003E10884207D1012089F83800404600F0FA
:1056700013F9002002E0002089F8380040B205B09C
:10568000BDE8F08FDDE90210401AB0FA80F0400961
:1056900082F001010842D2D0D9E788B180B541F249
:1056A000E800C1F2000090F8391090F83800B1FA23
:1056B00081F1490916F00AF80020BDE8804000E0B9
:1056C000FE2040B2704700002DE9F04F8FB0054634
:1056D00000284FF0FE0000F0DB800E46002900F0AD
:1056E000D78030469146FFF7A9FD002800F0CF8013
:1056F00041F2E808C1F20008044698F822000128A7
:1057000002D1284600F0C8F8D8F828000595FFF720
:105710006BFD002508F12C004FF48A71C8E906558D
:10572000C8E90855032C28BF0324ECF7C7FC00BFC9
:10573000D8F82870E9B23046FFF7E5FC0146384654
:10574000FFF737FD0135E8B2A042F1D3D9E90001F6
:105750004FF0000BC8E90C014FF4807088F823B0BB
:10576000A8F82100A8F838B015F0BEF815F0CAF86E
:10577000C8E90601D8F82800CDE908BBCDE906BB89
:1057800088F824B0C8F82CB0FFF758FD002855D091
:1057900044F6FF6A0646C0F6060A08F124004FF0F8
:1057A00000090490D8F828005FFA89F42146FFF731
:1057B000AAFC0746052000210FF086FB06903889D9
:1057C000ADF81CB0ADF81E0078887A7840BA397808
:1057D0003B797D7940EA0240FA8843EA012140EAB8
:1057E000056041EA0241CDE9080101F03DFF0121D8
:1057F0000022534606AD009501F013FF787858B9A2
:10580000B87848B9F87838B9387928B9787918B9B2
:105810000498214601F0CCF8F888B8F82C1009F16A
:1058200001090843A8F82C003889B8F82E1008435D
:105830005FFA89F1B142A8F82E00B3D315F0ACFE9F
:1058400098F8380008BB06AC20462021ECF736FC5F
:1058500014F076FD14F07DFD4BF24D51059A034690
:10586000C0F604012046FFF730F943F2B802C0F653
:105870000602D8F80410D8F80C00D2E9002301275A
:10588000CDE9001702940CF001FB002000E0FF209E
:1058900040B20FB0BDE8F08F20B370B515F024F81A
:1058A00015F030F841F2E804C1F20004D4E906230F
:1058B000801A99414FF47A720023EBF7CCFE94F8EA
:1058C000381094F839600129608708BF002E0BD08A
:1058D000E068B6FA86F14D090CF04CFB94F83800FC
:1058E000294606E0FE201DE0E0680CF043FB0120A5
:1058F000012115F0EBFE236B0020C4E906002062B5
:1059000060626BB1F0B294F83810B0FA80F04209DE
:10591000002918BF0121606B0A40214698470020EA
:10592000BDE8704040B27047C8B141F2E802C1F230
:10593000000292F8231000294FF0000110D092F8D5
:1059400022306BB192F82110012908BFFFF7A4BFE4
:1059500080B515F021FE0021BDE8804000E0FE2169
:1059600048B27047002800F083802DE9F04F85B0E1
:105970008A4603294FF0FF007DD89346072A7AD83C
:105980001C46002B77D042F2E031C0F6060101EB55
:10599000CA0111F80B10C9B20A2903916BD820462D
:1059A00001F07DF9002865D0204601F078F9010664
:1059B0005CD042F2A451039BC0F60601CD5C8AF094
:1059C00002018BF0060211434FF0010218BF0121C2
:1059D00022EA0A0241F2A8061140C1F20006009133
:1059E000002106EB83025FFA80F84FF00009029273
:1059F00089B2204601F051F907464078A8422FD2DB
:105A00003878716800F0010251F82210C0F34300A9
:105A100051F82000049018B3007851465A460DF012
:105A2000BFFDE8B103980A2811D8049803990190A2
:105A3000043001F05FF8009848B9387802227B788A
:105A4000A02838BF42090198514616F05BF8029829
:105A50007978806850F8210004A9FFF7AAFB00BFFD
:105A600009F101095FFA89F14145C1D3002002E043
:105A7000FE2003E0FF2005B0BDE8F04F40B27047C4
:105A800068B12DE9F04F83B0894603294FF0FF003C
:105A900098BF072A06D903B0BDE8F04F00E0FE200A
:105AA00040B270471C46002BF5D042F2E031C0F600
:105AB000060101EBC901895C5FFA81F8B8F10A0FB0
:105AC000E9D8204601F0EBF8002852D0204601F03A
:105AD000E6F801064BD042F2A45141F2A802C0F60A
:105AE0000601C1F2000211F8085002EB8802002101
:105AF00002924FEAC9725FFA80FA4FF0000B0192EE
:105B000089B2204601F0C9F807464078A84228D259
:105B100041F2A8013878C1F20001496800F00102A1
:105B200051F82210C0F3430051F82060CEB1B8F113
:105B30000A0F0FD8301D414600F0D4FF019848B13C
:105B400038780222A02838BF4209304649460F2340
:105B500015F0D8FF02997878896851F82000FFF78E
:105B60001CFB0BF1010B5FFA8BF15145C8D30020F0
:105B700091E7FF208FE741F2A800C1F200004068E2
:105B800001F0010250F8220001F01E0150F811004E
:105B9000002814BF0078FF2070470000002A68D05A
:105BA0002DE9F04F83B01046984615460C46FFF796
:105BB0001BFB204611F09EFE0646204611F09CFE7F
:105BC0000746204611F09BFE0446032E4FF0FF00CF
:105BD00098BF072F50D842F2E030C0F6060000EB25
:105BE000C600C05D0A2846D842F2A451C0F606019C
:105BF000095C8C423FD841F2A801C1F2000101EBDF
:105C00008000806850F824B0BBF1000F33D05846B4
:105C1000FFF714FB78B382464FF00009CDE900840A
:105C20005FFA89F15846FFF76EFAB8B1804600680E
:105C3000A0B10478314620463A460DF0B1FC012867
:105C40000CD1D8F80000019A314615F039FF8DF8D3
:105C50000B0028460DF10B01FFF7ABFA09F1010922
:105C60005FFA89F05045DBD3009800B10470002042
:105C700002E0FF2003E0FF2003B0BDE8F04F40B298
:105C80007047F0B581B041F2A800C1F20000406851
:105C90000C4601F0010150F8210004F01E0150F8FB
:105CA0001170002F47D01646032A4FF0FF0043D84B
:105CB0001D46072B40D842F2E030C0F6060000EB4C
:105CC000C600415D0A2936D8B88800F007FF90B3B6
:105CD000032E14D0012E0CD13978E2B210294FF0E6
:105CE000FF0011DD112914D015291BD0122919D05C
:105CF00022E0022E4FF0000008BF062D1CD1B8791B
:105D000000F00F000F2812E0032907D0082909D05E
:105D100012E05009032802D1F87904E05009012863
:105D20000DD040B9F88800F00F00C1B20F2908BFAC
:105D30004FF0FF3000E0FF20C0B201B0F0BDB879F5
:105D40000009F2E7002A57D02DE9F04708469846A7
:105D500015460F4611F0CEFD0646384611F0CCFD33
:105D60000446384611F0CBFD0746032E4FF0FF00E6
:105D700098BF072C43D842F2E030C0F6060000EB93
:105D8000C600005D0A2839D842F2A451C0F60601C7
:105D9000095C8F4232D841F2A801C1F2000101EB47
:105DA0008000806850F827A0BAF1000F26D0504636
:105DB000FFF744FA10B3814650460021FFF7A3F9DC
:105DC000824600683146007822460DF0E9FBA8B112
:105DD000DAF80000089C31463A4615F071FE28704A
:105DE0001CB1DAF8000000782070B8F1000F18BF7D
:105DF00088F80090002002E0FF2002E0FF20BDE8CC
:105E0000F04740B2704741F2A800C1F2000070476D
:105E100070B541F2A804C1F200046168002940F0A5
:105E20008C8042F26041C0F60601002818BF01468E
:105E3000086841F2A001C1F200010025C4E9000197
:105E4000012004210022FFF785F9A16841F825000F
:105E500001350C2DF4D10025012004210022FFF78B
:105E600079F9E16841F8250001350C2DF4D10120C4
:105E7000042100220025FFF76DF921690022086046
:105E800001200421FFF766F9616900220860012002
:105E90000421FFF75FF9A1690022086001200421B5
:105EA000FFF758F9E1690022086003200421FFF799
:105EB00051F9216A0022086003200421FFF74AF902
:105EC000616A0860012004210022FFF743F9A16AFA
:105ED00041F825000135042DF4D1012004210022D0
:105EE00001250026FFF736F9E16A00220860082044
:105EF0000421FFF72FF9216B0022086008200421FC
:105F0000FFF728F9216B0022486044F6B020C1F267
:105F10000000FE21CFF6FF72C6EBC60300EB431371
:105F2000002600BF9C1999550E36E02E6260F9D10B
:105F30000126EB074FF00005EED141F2A800C1F2B7
:105F4000000070BD00284AD02DE9F04F81B08B468B
:105F500000293FD0584600F0A2FE01063AD041F297
:105F6000A80A44F6B02840F200090021C1F2000A54
:105F7000C1F20008CFF6FF79C6B2002789B25846B1
:105F800000F08BFE4378DAF8041003F0010251F8B8
:105F90002250C3F3430355F82350ADB9C2EBC202FC
:105FA00008EB4212C3EBC303056802EB430442F85B
:105FB0001350C4F80490407800F0010251F8221008
:105FC000C0F3430041F820400137F9B2B142D5D3C4
:105FD000002000E0FF2001B0BDE8F04F00E0FE200F
:105FE00040B2704700284CD02DE9F04F81B00C46EC
:105FF000002941D0204600F052FE01063CD044F674
:10600000B02B41F2A80A0025C1F2000B4FF6FF7831
:106010004FF0FE09C1F2000AC7B20020002600BFFF
:1060200081B2204600F039FE417801F00102C1F34F
:106030004301C2EBC2020BEB4212C1EBC10102EB06
:1060400041018A8892B94D600D608D818D60A1F803
:10605000068081F800904078DAF8041000F0010220
:1060600051F82210C0F3430041F820500136F0B23D
:10607000B842D5D3002000E0FF2001B0BDE8F04FCA
:1060800000E0FE2040B27047B0B582B01446002058
:106090000DF107020DF106030D468DF807008DF88E
:1060A000060015F04DFD18B14FF0FF3002B0B0BD45
:1060B0009DF8070042F26841C0F6060151F8200041
:1060C0009DF8061050F83120002AEDD028462146D0
:1060D00002B0BDE8B040104744F67440C1F2000081
:1060E000704742F26441C0F60601002818BF01461D
:1060F000096844F67440C1F20000016070472DE960
:10610000F04186B00C46002100284FF0FE068DF8C5
:1061100007108DF806107CD0002C7AD0207810F073
:10612000F00F26D044F67240C1F200000178154607
:10613000B9B94FF0010880F8008002200121002247
:10614000FF23002711F0E0FB0646FFF75CFE44F654
:106150007042C1F20002314600230097FFF7F2FDC2
:1061600048B144F67140C1F200000078012808D01F
:1061700041E000264DE044F67140C1F2000080F895
:10618000008044F67040C1F20000007800F0010188
:10619000A94230D1216811F4C06F2CD1C1F3031191
:1061A000C0F34300814226D100202E2100260EF0AC
:1061B0008BFE02902068A1796FF31F3040EA013016
:1061C000ADF80E00204600F0FAFBCDE904010220F4
:1061D000002D08BF012021788DF80C0008098DF8EA
:1061E0000D0001F041FA02AF0321002200230097C5
:1061F00001F017FA0DE0A079082809D868B10DF16F
:1062000007020DF106032046002115F099FC58B154
:10621000FF2670B206B0BDE8F0812046294606B0E0
:10622000BDE8F04115F0E3BC9DF8070042F268417B
:10623000C0F6060151F820009DF8061000EBC100E1
:106240004268002AE4D02046294606B0BDE8F04165
:10625000104744F67C40C1F200000178012918BFC4
:1062600000207047B0B588B044F67C44C1F2000409
:106270002178012900F0B18042F28441C0F6060184
:10628000002818BF0146D1E900CED1E90235D1E995
:106290000420C4E90335C4E90520C4E901CE8869B6
:1062A0002021E0616846EBF709FF0020A4F8010017
:1062B0001DF002FF01282CD1207B50B3A17B41B3FC
:1062C0008DF805104BF6E9418DF804000020C0F66A
:1062D0000401CDE902104BF60751C0F60401CDE9E7
:1062E00004104BF6E7410122C0F60401C0F60B3260
:1062F000CDE90610694600928DF806001DF0EAFD12
:10630000002869D100201DF0B9FD002864D10120CA
:10631000607001201DF0D0FE01282BD1607B48B3B6
:10632000E17B39B38DF8040000208DF806004BF6B0
:10633000E9408DF80510C0F604004BF607510290B5
:106340000120C0F60401CDE904104BF6E74101221B
:10635000C0F60401C0F60B32CDE906106946009282
:1063600003901DF0B7FDB8BB012001251DF086FD8F
:1063700090BBA57043F2D000C0F606000168A0688B
:1063800001EB8101B0EB410F84BF4CF6C070C0F24D
:106390006A0024F063F9207B60B1A07B50B100203B
:1063A00084F8200084F82100FF20002123F0EAFE79
:1063B000606288B1607B60B1E07B50B1002084F8FE
:1063C000280084F82900FF20002123F0DBFEE06292
:1063D00010B10120207000E00024204608B0B0BDBC
:1063E000002854D02DE9F04F8BB0084440780E4679
:1063F00000284ED098469146002A4FF000044AD01B
:106400004FF0020A07AF0DF1080B0025002E08BF60
:106410004FF0010A304639460022CDE90944CDE962
:1064200007441DF040FDB8BBFFF756FE3946324623
:10643000FFF765FE30B300201B21CDE90444CDE910
:1064400002440EF041FD029007989DF822106FF370
:106450001F3040EA0130ADF80E00384600F0AFFAC8
:10646000CDE904019DF81C008DF80CA000098DF801
:106470000D0001F0F9F8032100220023CDF800B04F
:1064800001F0CFF801354D45C4D34D4604E0FE2060
:106490000BE0FF2006E000250020B8F1000F18BF38
:1064A00088F800500BB0BDE8F04F40B270470000D4
:1064B00028B32DE9F04381B00446471C4FF0000893
:1064C00001250DF103090020395C71B1C6B23046D7
:1064D00049468DF803801DF0DBFD9DF8032022B1B5
:1064E000204631460023FFF77BFF00210120EA0709
:1064F0004FF00005E8D101B0BDE8F04300E0FE2117
:1065000048B270472DE9F0478CB000284FF0FE07E5
:1065100057D00E46002954D007AD81462846142195
:106520009046EBF7CBFD102001212A46FEF712FE24
:106530008246FFF768FC4146524600230027FFF7DA
:106540002DFBA8B100201D210EF0BEFC0290002002
:10655000C0F69910CDE90487039001F085F802AFE9
:10656000042100220023009701F05BF8FF2728E0B8
:10657000308871680297ADF808005046049703917F
:10658000FEF75CFEE8B1064609F1010400250DF1B5
:1065900008080027E9B25046FEF7B5FD007800F084
:1065A0000101615C012908D18DF81000484641467F
:1065B00015F03DFB002818BF07460135E8B2B04290
:1065C000E8D378B20CB0BDE8F0872DE9F0418AB08D
:1065D000044600284FF0FE003CD00E46D1B34FF0E9
:1065E000000807A81546CDF82480CDE9078800F1FA
:1065F0000807FFF708FC29463A460023CDF800803B
:10660000FFF7A0FBA8B100201D210EF05DFC029059
:106610000020C0F26660CDE90458039001F024F830
:1066200002AF042100220023009700F0FAFFFF20B0
:1066300010E09DF8240000F001002044407800287C
:10664000F5D030887168ADF81C00089107A9204684
:1066500015F0EDFA40B20AB0BDE8F0814FF0FE034C
:10666000C0B1B9B102F0010303445B788BB180B5CE
:1066700084B0D1E900134FF0000C8DE80A10694690
:106680008DF8082015F0D3FA034604B0BDE8804029
:1066900000E0FF2358B2704700281ABF01710020A4
:1066A000FE2040B2704770B3F0B581B00646084492
:1066B00040780D4648B3307948B300203F278DF825
:1066C0000300002D08BF1327384614461FF09AFD1B
:1066D0000DF1030128461DF0ADFC9DF8030006EB0B
:1066E000C50181F8210081F8200038461FF08CFD9B
:1066F0009DF8030010B128461DF0E0FC54B19DF850
:106700000300207006E0FE2008E0FF2003E028469A
:106710001DF0D4FC002001B0BDE8F04040B270474D
:1067200070B560B114460A46002105460026FFF701
:10673000BAFF284601212246FFF7B5FF00E0FE26FA
:1067400070B270BD70B560B10D4600212A46044696
:10675000002600F009F8204601212A4600F004F83E
:1067600000E0FE2670B270BDD0B370B588B00C46A4
:1067700001444978C1B30179A1B300EBC40515F810
:10678000200F78B36868114623F0ACFC4FF0000688
:1067900060B30DF11F0120468DF81F601DF04AFC0B
:1067A000002019210EF090FB9DF81F1002900802A6
:1067B0000130ADF80E000220CDE90466002C08BFC0
:1067C00001208DF80C008DF80D6000F04DFF02AC3B
:1067D000042100220023009400F023FFFF2006E0A4
:1067E000FE2008E0002003E0FF2001E000202E70E2
:1067F00008B0BDE8704040B2704745F2E040C0F6D6
:1068000006007047704710B588B0002001210022B3
:106810000323002411F078F80146FE2013F08CFCCD
:1068200084756C4620462021EBF748FC0FF03CF9BC
:106830000FF043F9024620460121FEF752F90FF00E
:10684000AAFF21460022002310F037F80FF0A3FF23
:1068500010F01EF830B10FF027F90FF02EF90121DA
:1068600010F03EFF41F20000C1F200000EF04CFEBD
:1068700008B010BD10B588B000200121002203230C
:1068800011F042F80146FE2013F056FC02216C463E
:10689000817520462021EBF711FC0FF088FB0FF0EB
:1068A0008FFB024620460121FEF71BF90FF073FF14
:1068B00021460022002310F000F80FF06CFF0FF0CB
:1068C000E7FF30B10FF073FB0FF07AFB012110F0FE
:1068D00007FF41F20000C1F200000EF032FE08B0E6
:1068E00010BD10B588B0002001210022032301242F
:1068F00011F00AF80146FE2013F01EFC84756C4668
:1069000020462021EBF7DAFB0FF0E4FB46F29D3145
:106910000246C0F6040120460023FEF7D6F80FF029
:106920003AFF0021224600230FF0C7FF0FF0D2FBF1
:106930000FF0B4FD41F20000C1F200000EF05FFE66
:1069400008B010BD41F20000C1F200000EF07ABEA6
:1069500041F20000C1F200000EF075BE80B50FF0EC
:10696000B9FB0FF0CFFE41F20000C1F20000BDE81C
:1069700080400EF069BE704770477047704770479F
:1069800000EE100A9FED031AB8EEC00A20EE010ACD
:10699000704700BF00008038C84000F00100704719
:1069A0000122037802FA01F123EA01010170704724
:1069B0000122037802FA01F119430170704700289F
:1069C00012BFD0E902010020002170472DE9F041FB
:1069D0008AB000284FF0000543D0884605A906AAD2
:1069E00009AB04AFCDE90032029120A108AA07ABA0
:1069F000CDE90855CDE90655CDE904550397EBF7E8
:106A0000B1F8099EB6F5006F2BDA44F26C34012719
:106A1000C0F6060408AD00BF54F827102846EBF76F
:106A200077FB20B101370D2FF6D1002519E007982B
:106A30000025B0B11F2814DC0699182911DC059A2D
:106A40003C2A0EDC92026FF31F3600F01F0061F348
:106A5000491246EA073310440125A8F80030A8F887
:106A6000020028460AB0BDE8F08100BF257320254A
:106A7000642025642025643A25643A2564000000DA
:106A8000C2F12003D04001FA03F31843203A58BF63
:106A900021FA02F000F0010070470123C1F1200249
:106AA000B1F1200C23FA02F258BF03FA0CF203FAF8
:106AB00001F1D0E900C358BF00211A4341EA0C019B
:106AC000C0E90012704721EA0000B0FA80F04009E6
:106AD0007047002814BF006800207047C84000F0CD
:106AE000010070470122038802FA01F123EA010143
:106AF000018070470122038802FA01F119430180E5
:106B0000704744F6DB72C1B2C0F60602000A515C5F
:106B1000105C0844C0B270470122038802FA01F1F8
:106B2000594001807047000099B110B584B0C0F39E
:106B3000072CC0F3074ECDE900CE0FF2180CC3B2FC
:106B4000040E0846114662460294EAF713FE04B0AA
:106B500010BD704725642E25642E25642E25640003
:106B600050F8040C7047C84000F001007047B0B501
:106B7000054600284FF0FF0010D00C4671B1207878
:106B800080060AD5286940B10CF002FA08B1FF204E
:106B900004E0286921460CF002FB002040B2B0BDA1
:106BA00040B3F0B581B0044600690D460CF024FBFB
:106BB000D8B120690CF020FBA0B10646002700BF29
:106BC0002069B9B20CF0A2F940B101460078800604
:106BD00004D5A26812B12846904700BF0137B8B269
:106BE000B042EDD320690CF09DF9002001B0BDE862
:106BF000F04000E0FF2040B270474FF0FF0380B14B
:106C00007AB113789B0709D0C3684BB180B50846A9
:106C1000114698470023BDE8804002E0FF2300E0D2
:106C2000002358B27047B0B582B042F21C45C0F69E
:106C30000605002818BF0546287810B304F03EF971
:106C400004211822012304F043F9044695E80F00BB
:106C50004FF0000C84E80F00698849B11820002229
:106C60000023CDF800C0CDF804C00CF09BF9844699
:106C70006868C4F810C000280CBF0020804760611D
:106C800000E00024204602B0B0BDFEF73CBA7047D9
:106C9000002814BF8078002070470CF037B90CF042
:106CA000ABBA44F2A041C1F2000191F8640000289F
:106CB00018BF084670470000B0B500F069FA00F050
:106CC00051FB0428014644F2A04428BF0421C1F22C
:106CD0000004217480B3002500F05AFAE9B200F0F4
:106CE000BCFA44F82500207C01358542F4D3002508
:106CF00004F114005021C4F86550EBF7DFF90120CE
:106D000084F8640044F20C50C1F200000580FE20BB
:106D100001210222002311F079FA44F29C41C1F2D0
:106D20000001086050B900F09FFC41F6C03206A196
:106D3000C0F6060200F0BCFC0020207444F2A04023
:106D4000C1F20000B0BD00BF656F5F637572726510
:106D50006E74735F7761746368646F675F496E69AF
:106D60007469616C69736528293A204E554C4C2032
:106D70006E765F636F6E74726F6C6C65725F707449
:106D800072000000002A00F0C580002800F0C280D8
:106D90002DE9F04F81B02DED068BA2B044F2A04654
:106DA000C1F20006307C002800F0AE809FED5A8AC8
:106DB0009FED5A9A40F204559146C1F20005B6EE95
:106DC00000AA4FF0000B0027029100BF39F91740CD
:106DD00038462146EEF761F900EE100A06EB0B008B
:106DE000B8EEC00A90ED052A20EE001A90ED153A93
:106DF00031EE421A21EE081A90ED090A33EE011A1B
:106E0000B5EE401AF1EE10FAB8BFB0EE491AB4EE82
:106E1000401AF1EE10FA06EB070A80ED151A03DDB1
:106E200001208AF8650009E09AF8650048B120EE73
:106E30000A0AB4EE401AF1EE10FA0FDD3846EDF70B
:106E400056FF35F917000BF1040B8442C8BF25F833
:106E50001740307C01378742B8D341E00020CDE9AC
:106E600020000420002100260EF02EF81E902C4851
:106E7000ADF87C602AA60590AC46D6E90550D6E967
:106E800003230490F069D6E90181039008A82CC07F
:106E900006F12403D6F820E0CDE906810FCBADF84A
:106EA0007E70CDE90DE0039865460C900498CDE91D
:106EB0000F120B9096F8340011938DF8480000F0F3
:106EC000D3FB1EAE022105AA0023009644F2A04681
:106ED000C1F2000600F0A5FB00208AF86500B0E7CB
:106EE00044F20C50C1F20000018801318AB2B2F5BF
:106EF000FA7F029A018007D344F29C41C1F200015B
:106F000009680A820021018022B0BDEC068B01B025
:106F1000BDE8F04F704700BF6F12833A00000000D9
:106F20004570203C204932542F323A206E6F772032
:106F3000697420697320706F737369626C65207067
:106F4000757420696E2069646C6520746865206DB5
:106F50006F746F720000000030B344F2A040C1F2C1
:106F60000000027C914221D250F8212000EB8100E8
:106F7000B2F98410B2F9862000EE101A01EE102A40
:106F8000B8EEC00AB8EEC11A20EE000A21EE011ACE
:106F900080ED050A30EE410AB8EE081A20EE010A2B
:106FA00080ED090A002002E0FE2000E0FF2040B250
:106FB0007047002814BF00890020704738B101884D
:106FC00029B1C1684288C08800FB021070470020C8
:106FD000704730B101880089081AB0FA80F0400982
:106FE00070470120704700002DE9F04F81B09846AE
:106FF00015460E46074603F061FF042120220123B7
:107000004FF0010903F064FF82460020CAF8000037
:10701000AAF8040000F028FB44F67E5442F2D84B54
:10702000C0F606043946C0F6060B2AA22346002FF6
:1070300018BF0121CDF800B000F0ECFA00F014FB0D
:1070400031462BA22346002E18BF0121CDF800B0F7
:1070500000F0E0FA0A98012FCAF818000B98AAF875
:107060000670AAF80A70AAF80860CAE90458CAF8B3
:107070001C0012D0022F02D14FF002090DE0042FA4
:1070800004D84FF00409AAF80A9006E0F81D20F091
:1070900007004FF00809AAF80A0003F00FFF49465D
:1070A0003A46334603F014FFCAF80C0076B10446A2
:1070B00025B120464146A84705E000BFBAF80610B2
:1070C0002046EAF7D9FF013E3C44F1D1504601B0D9
:1070D000BDE8F08F656F5F64657175655F4E6577BC
:1070E00028293A2030206974656D5F73697A6500DC
:1070F000656F5F64657175655F4E657728293A2015
:10710000302063617061636974790000C0B110B5AB
:107110000446008890B1E16931B1E0686288E38893
:1071200003FB020088472088618822890131B1FB76
:10713000F2F3013803FB121120806180BDE810409A
:107140007047F8B1F1B110B5044600892288904229
:1071500016D0B4F804C0E288E068A36902FB0C0012
:107160000BB1984701E0EAF781FEA0882189013040
:10717000B0FBF1F202FB11002188A080481C2080A6
:10718000BDE810407047002814BF008800207047F9
:1071900010B544F6B844C1F200042078012803D0A9
:1071A00000F00AF90120207044F6B840C1F2000056
:1071B00010BD44F6B840C1F2000090F88B20914217
:1071C0002EBF002000EB8100806F704744F6B8406E
:1071D000C1F2000090F8842091422EBF002000EB05
:1071E00081004068704744F6B840C1F2000090F852
:1071F000842091422EBF002000EB81004068704740
:1072000044F6B840C1F2000090F8842091423ABFA1
:1072100000EB810040680020002818BFF83070475C
:1072200044F6B840C1F2000090F8882091422EBF89
:10723000002000EB8100006F704744F6B840C1F2B7
:10724000000090F8882091423ABF00EB8100006F67
:107250000020002818BF0830704744F6B840C1F23B
:10726000000090F8852091422EBF002000EB8100A5
:10727000406B704744F6B840C1F2000090F885209A
:1072800091423ABF00EB8100406B0020002818BFFC
:10729000C830704744F6B840C1F2000090F88D2025
:1072A00091422EBF002000EB8100D0F88000704793
:1072B00044F6B840C1F2000090F88C2091422EBFF5
:1072C000002000EB8100C06F704744F6B840C1F267
:1072D000000090F8862091422EBF002000EB810034
:1072E000406E704744F6B840C1F2000090F8872025
:1072F00091422EBF002000EB8100C06E704744F623
:10730000B840C1F2000090F8892091422EBF0020C1
:1073100000EB8100406F704710B544F6B844C1F2ED
:1073200000042078012803D000F046F801202070E6
:1073300044F6B840C1F2000010BD44F6B840C1F2B6
:10734000000090F88B00704744F6B840C1F200008E
:1073500090F88400704744F6B840C1F2000090F8FD
:107360008800704744F6B840C1F2000090F88500EC
:10737000704744F6B840C1F2000090F88D007047A5
:1073800044F6B840C1F2000090F88C00704744F613
:10739000B840C1F2000090F88600704744F6B8404B
:1073A000C1F2000090F88700704744F6B840C1F27F
:1073B000000090F889007047F0B581B044F6B845F8
:1073C000C1F20005281D7C21EAF778FEFE2001218C
:1073D0000022002610F0EAFE85F8846080B10446A1
:1073E00000270C2828BF0C24FBB2FE20012100221C
:1073F00010F00CFF05EB87010137BC424860F3D168
:10740000FE200121012210F0D1FE85F8856088B1AF
:10741000044600260C2828BF0C2400BFF3B2FE202F
:107420000121012210F0F2FE05EB86010136B44283
:107430004863F3D1FE2003210022002610F0B6FE9F
:1074400085F8866080B104460027022828BF022400
:10745000FBB2FE200321002210F0D8FE05EB8701CD
:107460000137BC424866F3D1FE200221002210F011
:107470009DFE85F8876030B1FE20022100220023A6
:1074800010F0C4FEE866FE200221012210F08EFEFC
:10749000002485F8884030B1FE200221012200231B
:1074A00010F0B4FE2867FE200221022210F07EFEBA
:1074B00085F8894030B1FE2002210222002310F01D
:1074C000A5FE6867FE200221032210F06FFE002453
:1074D00085F88B4030B1FE2002210322002310F0FA
:1074E00095FEA867FE200221042210F05FFE85F8B9
:1074F0008C4030B1FE2002210422002310F086FED1
:10750000E867FE200221052210F050FE002185F8D8
:107510008D1038B1FE2002210522002310F076FEE6
:10752000C5F88000002001B0F0BD012901D9FF207D
:1075300006E044F6B840C1F2000080F88B1000204D
:1075400040B270470C2901D9FF2006E044F6B8404C
:10755000C1F2000080F88410002040B27047012979
:1075600001D9FF2006E044F6B840C1F2000080F8DF
:107570008810002040B270470C2901D9FF2006E096
:1075800044F6B840C1F2000080F88510002040B2F7
:107590007047012901D9FF2006E044F6B840C1F246
:1075A000000080F88D10002040B27047012901D9F9
:1075B000FF2006E044F6B840C1F2000080F88C10CD
:1075C000002040B27047022901D9FF2006E044F6AE
:1075D000B840C1F2000080F88610002040B2704729
:1075E000012901D9FF2006E044F6B840C1F20000AD
:1075F00080F88710002040B27047012901D9FF2090
:1076000006E044F6B840C1F2000080F8891000207E
:1076100040B2704701B17047009805210090AFF368
:10762000008070B582B0069D002014460E46CDE95C
:10763000000313F059F913F060F900280CBF022081
:1076400013F03AFA8DF800006A46304621462B4680
:1076500014F076FB02B070BD42F2AC00C1F2000043
:1076600000EBC1000430704742F2AC00C1F20000F0
:10767000704780B582B0184613460A460121009033
:10768000FFF7CFFF02B080BD42F2A041C0F6060175
:10769000002818BF0146096842F2AC00C1F20000A0
:1076A0000160704742F2AC00C1F200000160704717
:1076B000B0B582B000200D46CDE9000213F014F9F8
:1076C00013F01BF900280CBF022013F0F5F942F269
:1076D000AC01C1F200010C688DF8000024B16A46CB
:1076E000002029460023A04702B0B0BD0FF0FABF2A
:1076F00044F64850C1F20000017B012918BF002068
:10770000704700002DE9F04186B044F64854C1F2BC
:107710000004217B012948D042F2F845C0F6060555
:10772000002818BF0546204629460C22EAF757FCD8
:107730000020002607F0AFFF012001214FF00108D3
:1077400022F020FD6B68606147F2ED6029786A885D
:10775000C0F603004BF66D57CDE902364BF6516388
:1077600015A5C0F604070490C0F604030520CDE972
:10777000007605950FF008FE206101200121267397
:10778000A67322F0FFFCC4E9060604F134003021A0
:10779000266284F82460EAF791FC00202686C4E97A
:1077A0000A661FF08BFB84F80C8044F64850C1F247
:1077B000000006B0BDE8F0816574686D6F6E697495
:1077C0006F720000B0B586B038B344F64855C1F2C8
:1077D0000005687B0024012820D04BF68960C0F6A4
:1077E00004002C86C5E90A441FF068FB0120687379
:1077F000062004210DF068FBCDE90204CDE9044424
:10780000FFF732FF44F6267302ADC0F606030421EB
:1078100000220095FFF705FF00E0FE2460B206B0ED
:10782000B0BD00002DE9F04F87B0A0B344F6485535
:10783000C1F20005687B60B3D5E90A0108431DD099
:10784000062003210DF040FB0290288E0024ADF8A5
:107850000E00D5E90A01ADF80C40CDE90401FFF7AF
:1078600003FF44F6267302AFC0F60603042100228C
:107870000097FFF7D6FE2C86C5E90A44A87B40B1E5
:1078800041F2B801C0F606016869096822F02AFCD5
:1078900030B1002400E0FE2460B207B0BDE8F08FF4
:1078A000A87B002800F098804FF0000ACDE904AAD8
:1078B000CDE902AA0EF00EFC0EF06AFD44F6267920
:1078C0004FF0805B05F140040DF10808C0F6060991
:1078D00000260027012808BF4FF0405B14F80C1C5D
:1078E00014F80B0C012923D1A0B9062000210DF0BA
:1078F000EBFA0290ADF80CA0ADF80E60CDE904AB48
:10790000FFF7B2FE042100224B46CDF80080FFF7BE
:1079100088FE01272078800722D554F8040CF8B19E
:10792000062002210DF0D0FA029054F8040C07E072
:10793000012815D1062001210DF0C6FA0290002081
:10794000ADF80CA0ADF80E60CDE9040BFFF78CFE8E
:10795000042100224B46CDF80080FFF762FE01278C
:107960000136032E04F11004B8D122F085FC44F650
:10797000B042C1F20002D2E90036AC68C31A61EB32
:1079800006061B1B76F1000324D3C2E900010FBBDE
:10799000062005210DF098FA95F8341095F844204A
:1079A00095F8543041EA42010290002041EA8301F7
:1079B000ADF80C00ADF80E10CDE9040BFFF754FE46
:1079C00044F62673C0F6060301210022CDF800809C
:1079D000FFF727FE0020A87368690021002422F029
:1079E000AFFB59E72DE9F04792B00446E0B944F601
:1079F000B054C1F200042078012815D04EF614507E
:107A0000CEF20000016841F010010160016941F40B
:107A1000E02101614EF20800CEF20000016841F061
:107A2000020101600120207000208DF8070004F1A0
:107A300020000DF107011022FCF770FD002840F036
:107A40007882FCF769FD9DF807000F2800F271822B
:107A500094F82E00662840F06C8294F82450D4E903
:107A60000867042000214FF000080DF02DFAA2460F
:107A70004AF8300FCAE90186CAF80C70FFF7F4FD26
:107A800044F680730FF2B042C0F606030421CDF82D
:107A900000A0FFF7C6FD062D24D102AD28464021E7
:107AA000EAF70CFB236A45F6C042C0F606022846F8
:107AB0004021E9F75FFEFFF7D7FD44F68073C0F67B
:107AC000060304212A46CDF800A0FFF7AAFD94F88A
:107AD00024000B282BD845F2EC21C0F6060151F802
:107AE000203028E002AD28464021EAF7E7FA236A71
:107AF00045F6C042C0F6060228464021E9F73AFEA4
:107B0000FFF7B2FD44F68073C0F6060304212A464F
:107B1000CDF800A0FFF785FD94F824000B2870D85D
:107B200045F2EC21C0F6060151F820306DE045F633
:107B30007243C0F6060394F8257045F6FA4202AD8A
:107B4000C0F60602284640210097E9F713FEFFF72A
:107B50008BFD44F68073C0F6060304212A46CDF857
:107B600000A0FFF75EFD94F8240045F6E8330328F3
:107B7000C0F6060310D194F82500A0F1E001052914
:107B80000AD845F21C31C0F6060101EB80004FF621
:107B90008041CFF6FF71435845F6B84202ADC0F6BA
:107BA000060228464021E9F7E5FDFFF75DFD44F6B2
:107BB0008073C0F6060304212A46CDF800A0FFF723
:107BC00030FD94F8269094F8275044F6B0520021E6
:107BD000C1F20002002000BF531893F8407010312A
:107BE000AF4208BF03F14100B1F5807FF4D1B9F194
:107BF0000F0F5DD845F23431C0F6060151F8293037
:107C00005AE045F67243C0F6060394F8257045F62F
:107C1000FA4202ADC0F60602284640210097E9F775
:107C2000A9FDFFF721FD44F68073C0F60603042189
:107C30002A46CDF800A0FFF7F4FC94F8240045F69E
:107C4000E8330328C0F6060310D194F82500A0F10C
:107C5000E00105290AD845F21C31C0F6060101EB06
:107C600080004FF68041CFF6FF71435845F6B84289
:107C700002ADC0F6060228464021E9F77BFDFFF77A
:107C8000F3FC44F68073C0F6060304212A46CDF8BF
:107C900000A0FFF7C6FC94F8265094F827900F2D0B
:107CA0004ED845F23430C0F6060050F825304BE08F
:107CB00045F6B253C0F6060345F6F03245F6F63106
:107CC000C0F6060245F6CD37C0F60601022D08BF04
:107CD0000A46C0F60607012D18BF174645F6A4420E
:107CE00002AE002818BF0746C0F606023046402103
:107CF0000097E9F73FFDFFF7B7FC44F68078C0F640
:107D00000608042132464346CDF800A0FFF789FC5F
:107D100045F61042C0F60602304640214B4600951B
:107D2000E9F728FDFFF7A0FC042132464346CDF8D1
:107D300000A0FFF776FCA36A86A23046402125E02A
:107D400045F6B253C0F6060345F6A44202AE04F16E
:107D50002807C0F60602304640210097E9F70AFDE1
:107D6000FFF782FC44F68078C0F60608042132460C
:107D70004346CDF800A0FFF754FC45F61042C0F68C
:107D80000602304640212B46CDF80090E9F7F2FC80
:107D9000FFF76AFC042132464346CDF800A0FFF706
:107DA00040FCD4E908560420002100270DF08CF88F
:107DB00044F8300FC4E90175E660FFF755FC44F65E
:107DC000807367A2C0F6060304210094FFF729FC24
:107DD00002A84021EAF772F94FF080500178662935
:107DE00040F091800827C1F200073B6A7E6A45F6A1
:107DF0005D5202ADC0F60602284640210096E9F722
:107E0000B9FCFFF731FC44F68078C0F6060804217F
:107E10002A4643460094FFF704FCBB6AFE6A45F617
:107E20009652C0F60602284640210096E9F7A2FCC9
:107E3000FFF71AFC04212A4643460094FFF7F1FBA2
:107E40003B6B7E6B45F64052C0F606022846402149
:107E50000096E9F78FFCFFF707FC04212A4643460A
:107E60000094FFF7DEFBBB6BFE6B45F67A52C0F663
:107E70000602284640210096E9F77CFCFFF7F4FB58
:107E800004212A4643460094FFF7CBFB3B687E68FB
:107E900045F61052C0F60602284640210096E9F742
:107EA00069FCFFF7E1FB04212A4643460094FFF7F3
:107EB000B8FBBB68FE6845F62852C0F606022846A5
:107EC00040210096E9F756FCFFF7CEFB04212A4635
:107ED00043460094FFF7A5FB3B697E692BA2284629
:107EE00040210096E9F746FCFFF7BEFB04212A4635
:107EF00043460094FFF795FBBB69FF692AA2284619
:107F00004021009703E0037818A202A84021E9F776
:107F100031FCFFF7A9FB44F68073C0F6060302AA02
:107F200004210094FFF77DFB4FF080504821EAF7D1
:107F3000C5F812B0BDE8F08752455354415254453C
:107F40004420616674657220464154414C2065723C
:107F5000726F72004346535220307825780000003B
:107F60004D4F524520494E464F0000006D70752020
:107F7000737461746520696E76616C6964207369DD
:107F8000676E203D203078253038780072313220FD
:107F90003D20307825303878206C72203D203078B4
:107FA00025303878000000007063203D20307825AF
:107FB00030387820707372203D2030782530387842
:107FC0000000000044F6B050C1F2000004307047D9
:107FD00044F6B050C1F200000178012918BF00201A
:107FE000704744F6B050C1F200000178012908BF83
:107FF00070474EF61451CEF200010A6842F01002AA
:108000000A600A6942F4E0220A614EF20801CEF2E7
:1080100000010A6842F002020A6001210170704703
:1080200070B544F6B055C1F2000568780F2888BFD6
:1080300070BD05F14006144606EB001208461146D5
:1080400022F005FA687845F6F92206EB00100130B7
:10805000C0F606020F212346E9F78CFB6878013051
:10806000687070BD2DE9F04383B00C4644F6B056FD
:10807000C1F20006002908BF341D20784EF60459CD
:108080000628CEF2000933D14FF000080DF10A00A6
:108090008DF80A8017F05CFB40F22820C1F2000046
:1080A000D0E9005721F0D8FDA5FB002107FB001106
:1080B00010464FF47A720023E9F7CDFA3061207848
:1080C00086F8158030751EF075F89DF80A10B075A9
:1080D000F175D9F824000190019830760198000AD2
:1080E00070760198000CB0760198000EF0762EE0C4
:1080F00000208DF80B000DF10B0017F029FB40F26A
:108100002821C1F20001D1E90075804621F0A4FDCB
:10811000A7FB002105FB001110464FF47A720023E3
:10812000E9F799FA306120783075607870751EF043
:1081300041F89DF80B1045F6F922B075F17506F17E
:108140001800C0F6060206214346E9F713FB662233
:10815000B2770120A1684FF08053C1F200001A707D
:10816000002201230270437002238370C0F80320B1
:10817000C1B10A68C0F807204A68C0F80B208A68B5
:10818000C0F80F20CA68C0F813200A69C0F8172089
:108190004A69C0F81B208A69C0F81F20C969C0F865
:1081A00023100FE0C0F82320C0F81F20C0F81B20C8
:1081B000C0F81720C0F81320C0F80F20C0F80B201B
:1081C000C0F80720D9F80010C0F82710D9F82010FF
:1081D000C0F82B10D9F82410C0F82F10D9F82810A7
:1081E000C0F83310D9F82C10C0F83710D9F8301077
:1081F000C0F83B10D9F83410C0F83F10D9F8381047
:10820000C0F8431006F110001021FCF789F903B003
:10821000BDE8F043FCF792B950B1B0B505464068EF
:108220000C4638B1114612F0BAFA40B1FD200FE009
:10823000FE200FE02868FEF7BCFE208007E02868DB
:10824000FEF7B7FE69682080084612F09BFA00200E
:10825000BDE8B04040B27047B0B50C464FF0FE01EB
:10826000D8B1D4B10546406828B1114612F097FA4A
:1082700030B1FD2111E02868FEF7A0FE206007E084
:108280002868FEF79BFE2060686812F07BFA206881
:108290000021002808BF6FF0040148B2B0BD000003
:1082A0002DE9F04F83B0DDF834A0984691460E4694
:1082B000074602F003FE04210822012302F008FE13
:1082C0000446FFF7D1F944F6865542F2D84BC0F682
:1082D00006053946C0F6060B12A22B46002F18BF22
:1082E0000121CDF800B0FFF795F9FFF7BDF9314650
:1082F00013A22B46002E18BF0121CDF800B0FFF7C6
:1083000089F938460C9F31464A464346CDE9007A02
:10831000FEF76AFE0E9A01462046C4E9001203B039
:10832000BDE8F08F656F5F6669666F5F4E657728A1
:10833000293A2030206974656D5F73697A650000A1
:10834000656F5F6669666F5F4E657728293A2030F2
:10835000206361706163697479000000B0B548B151
:10836000044640680D4638B1114612F018FA48B17B
:10837000FD251BE0FE2519E02068FEF72AFE38B136
:10838000FA2513E02068FEF724FE38B1FA250AE04A
:1083900020682946FEF7D5FE002507E0206829461B
:1083A000FEF7CFFE0025606812F0ECF968B2B0BDB0
:1083B00040B110B50446406830B112F0F0F938B160
:1083C000FD200CE0FE200CE02068FEF79FFE05E09B
:1083D0002068FEF79BFE606812F0D4F90020BDE82B
:1083E000104040B27047B0B50C4640B105464068F9
:1083F00048B1114612F0D3F950B1FD2011E0002030
:108400002080FE200DE02868FEF7BDFE208007E0FA
:108410002868FEF7B8FE69682080084612F0B2F9B5
:10842000002040B2B0BD44F6D000C1F20000017897
:1084300001291CBF01210170704700284FF0FE0088
:1084400057D02DE9F0470D46002950D01C46002B8F
:108450004DD0DDF82080B8F1000F48D0687816467E
:1084600006F02EFAB0B1284606F0D7F9012804D15B
:10847000688806F0CDF9074600E00027287800F06C
:10848000080A00F0040907EB5A0000EB4900083025
:10849000B04201D9FF202AE0D5E9000120604FF069
:1084A00008006160A8F8000057B1A96804F108004D
:1084B0003A46E9F7DBFCB8F800003844A8F80000B9
:1084C000BAF1000F05D0E96882B20430A150A8F8D3
:1084D0000000B9F1000F09D0D5E9041283B214FAF3
:1084E00080F70830E1507A60A8F800000020BDE86D
:1084F000F04740B270470000002800F072802DE97C
:10850000F0438BB004464078002800F0B280E07859
:10851000002800F0AE8094F8BC01002800F0A9808B
:1085200002201F4615460E468DF81C000CF093FDE8
:1085300007A90CF083FD9DF81C000021012840F0E4
:108540009980D4F8B402D6F800800A91CDE90811D8
:1085500007910AF01DFD01282AD1072000210CF007
:10856000B3FC02903068B1796FF31F3040EA0130FC
:10857000ADF80E003046FEF722FA059131780490EE
:1085800008098DF80D000220002D08BF01208DF88C
:108590000C00FFF769F80DF1080C032100220023FD
:1085A000CDF800C0FFF73DF82046012100F09CFB0C
:1085B000B81E0C2863D8DFE800F0161616626207B2
:1085C0000707078807078D00307AF17A96F80AC006
:1085D0008DF81F000A024FF00E0E0F230C200D2104
:1085E0000AE0FE2149E0707A96F808C002024FF0D6
:1085F0000C0E0D230A200B21715C305C42EA0C0248
:10860000ADF8262040EA0120F15C16F80E20ADF806
:10861000280042EA01200D2FADF82A002FD80120B2
:10862000B84043F69C71084229D05FFA88F04FEABF
:10863000101905F00105C8F3031040EA05168DF87E
:108640001D7012F051F912F05DF94FF47A720023A7
:10865000E9F701F80890D4F8B40207A98DF81C6076
:108660000AF09DFD04EB450000F53B704946FEF71E
:1086700039FA00210BB0BDE8F04348B2704707203B
:1086800001210CF021FC02903068B1796FF31F30AA
:1086900040EA0130ADF80E003046FEF790F9059142
:1086A0003178049008098DF80D000220002D08BFD4
:1086B00001208DF80C00FEF7D7FF02AF0321002246
:1086C00000230097FEF7ADFFD3E7D6E90201CDE91D
:1086D0000901AAE7307A717AB27AF37A8DF81F002D
:1086E00001F0030062F3830063F305108DF81E00B0
:1086F0009BE700002DE9F04F8FB000284FF0FE06F9
:1087000000F04B810D46002900F04781044628788F
:10871000082840F0AF806078012802D1204600F0A0
:1087200086F9FEF735FD0121FEF7FFFEFEF730FD6D
:10873000FEF703FE002800F09B80FEF729FD0021D4
:108740000026FEF736FDC4F8B80204F114002946ED
:108750004FF4B472E9F711FCD5E901C1D5E903235F
:10876000D5E90507C4E9B223C4E9B407C4E9B0C137
:10877000D5E90702696AC4E9B602D4F8E402C4F88C
:10878000E01205F128018422E9F770FB94F8F70262
:10879000002800F0F1800DF1380808F10200019086
:1087A00004F53070039094F8F502C4F8E8620028EC
:1087B000C4F8EC62C4F8F0625ED004F53A750026A5
:1087C000D4F8E402F1B2FCF79EFC60B1417801F00C
:1087D0000300012807D1C1F3800005EB4000C1F37D
:1087E000C301FEF787F9013694F8F502F1B2814230
:1087F000E6D300210E9142F28031C0F6060191E8E5
:108800008C00D1E90365D1E905CEC9690DF11809DC
:10881000002889E88C00CDE90965CDE90BCE0D91E2
:108820003ED0002506AF00BFD4F8E402E9B2FCF761
:108830006AFCB0B14178064601F00300012810D16E
:10884000C1F3800048EA4000C1F3C301FEF752F9CA
:1088500070783178C0F38002C0F3C30007EB0212D6
:108860001154013594F8F502E9B28142DCD317E0E6
:1088700000206070FF2690E000200E9042F28030D1
:10888000C0F6060090E88E00D0E90465D0E906C085
:108890000DF1180E8EE88E00CDE90A65CDE90CC009
:1088A00044F2FE0005904020ADF8120000250DF1C5
:1088B0003809012005AE0DF112074FF0000800BF86
:1088C000029006A800EB081B4FF0010AB9F800005F
:1088D0005FFA8AF1FEF702F9012830D11BF80A107D
:1088E00003988DF814100AF0F7FD10B10179407962
:1088F00001E0002100208DF816109DF815108DF86C
:10890000170001F0E00040EA080040EA4A01D4F80C
:10891000A0018DF8151031460AF041FC9DF81200B7
:10892000394600F0E00040EA080040EA4A008DF8CD
:108930001200D4F8A4018DF813500AF030FC0AF1AB
:10894000010ABAF10F0FC1D10298DDF80490C007F7
:108950004FF001084FF00000B2D1FDF754FAD4F8FF
:10896000A011FDF7EFFAFDF74EFAD4F8A431022179
:108970000322FCF7F7FF002620464FF0FF3113F0EB
:10898000A9FA01206070042084F8BC61207306F00D
:108990001FFB227B042106F00BFB70B20FB0BDE879
:1089A000F08F10B586B0044600284FF0FE0018BFC7
:1089B000002939D06078B0B308784968052884F870
:1089C000C001C4F8C41101D2052102E0C92824D392
:1089D000C82184F8C01141EA00200021CDE902112C
:1089E000ADF80E00CDE90411052028210CF06CFA39
:1089F0000290032084F89801FEF736FE94F898114F
:108A000044F64C730DF1080CC0F606030022CDF8B5
:108A100000C0FEF706FED4F8C411204613F05AFA3F
:108A2000012084F8BC01002040B206B010BD00282F
:108A300061D0B0B504464078002850D0E0780128D5
:108A400004D1204600F031F9607848B1D4F8BC0276
:108A50004CF22D12C0F604020021002306F02CFA7D
:108A6000FDF7D1F9D4F8A43102210322FDF708F86B
:108A7000FDF7C9F9D4F8A011FDF7B4FAFEF788FBA9
:108A800000210025FEF751FDD4F8E402C4F8B852E5
:108A9000FCF7AAFBD4F8B4020AF044FA04F114007B
:108AA0004FF4B471E9F70AFBD4F8A001FF21217556
:108AB0000AF038FAD4F8A4010AF034FAD4F8A8017C
:108AC000FCF792FBD4F8800109F054FAC4F8C451C1
:108AD00084F8F752A4F8F5526570C4F8BC5101202F
:108AE000207306F075FA227B042106F061FA00205B
:108AF000BDE8B04000E0FE2040B2704741F23020B7
:108B0000C1F200000178012918BF00207047F0B5BC
:108B100083B041F23024C1F200042078012871D0E2
:108B2000FF202075002504200F2100220023CDE91D
:108B3000005504260AF036FAC4F8A00102200F21DD
:108B400000220023009501950AF02CFAC4F8A40134
:108B500006200A210022FCF7FDFAC4F8A8014FF014
:108B6000FF30C4F89E024FF6FF70A4F8A202012065
:108B700004210022C4F8D851C4F8C85184F8DC514B
:108B8000C4F8BC51C4E9BA55C4F8F052C4F8B8529C
:108B90000127FCF7DFFAC4F8BC0204F53070242189
:108BA000E9F78CFA202004210022FCF7D3FAC4F85C
:108BB000E4023220C4E970051020202100220023A5
:108BC000009501950AF0EEF9C4F8B402002002F015
:108BD000DFFB09F0E7F8C4F880010520202184F8C4
:108BE0009861A4F88C510CF06FF9C4F888012780C3
:108BF000E570C4F8F452277306F0EAF9227B0421E9
:108C000006F0D6F941F23020C1F2000003B0F0BD09
:108C1000B0B582B0D8B10446FEF726FD94F898119D
:108C200004F5C47244F64C730092C0F606030022A9
:108C30000025FEF7F6FCD4F888010CF031F92B285A
:108C400006D1FCF7EEFBFCF728FD002500E0FE2531
:108C500068B202B0B0BD50B1134642784AB1D0F804
:108C6000BC024CF22D12C0F6040206F025B9FE201B
:108C700000E0002040B27047A0B110B50446407833
:108C800060B1E078012809D00120E070062020734F
:108C900006F09EF9227B042106F08AF90020BDE847
:108CA000104000E0FE2040B27047B0B5B0B10446BD
:108CB0004078A8B1E078002598B1204613F0E5F897
:108CC0000420E570207306F083F9227B042106F06E
:108CD0006FF9D4F8B4020AF025F902E0FE2500E0AD
:108CE000002568B2B0BD0000F0B58BB0002800F0E0
:108CF0008F8004464078002800F0B680E078002895
:108D000000F0B28094F8BC01002800F0AD8094F827
:108D1000F4020D46012835D1D4F8F002411CB0F51B
:108D20007A7FC4F8F0122DD9B4F8EC02B4F8EE1240
:108D300040EA0102120420D089B24FF4802241EAB5
:108D4000004140F3C03007920022CDE90810002016
:108D5000392106920CF0B8F80690032084F89801A7
:108D6000FEF782FC94F8981144F64C7306AFC0F6F7
:108D7000060300220097FEF754FCD4F8E802002115
:108D8000C4E9BB01002D4FF000066ED0D4F8B80244
:108D900000F108052846FCF727FA0896CDE9066693
:108DA0008DF81760CDE90366CDE9016602F0E7FAB8
:108DB00043F2D801C0F606010A6801A90DF11703B4
:108DC000009602F0A5FA28B3D4F8B4020AF0D1F85C
:108DD000002849D1D4F8B4020AF00EFA0746284612
:108DE000FCF7A4F90646F8B2B04238BF0646DEB337
:108DF000D4F8B4020AF0C5F838B101462846FCF7A9
:108E0000D8F9D4F8B4020AF0A1F9013EF0D12BE070
:108E1000FE262AE0029944F6D3529DF81700C1F2CB
:108E20006202A1FB02120146002818BF012104EBD7
:108E3000410191F89E1200288DF818104FF005019D
:108E40004FF0000008BF06218DF81A0004988DF835
:108E500019109109BDF80E200791099006A928461E
:108E6000ADF82220FCF7A5F9002670B20BB0F0BDDA
:108E7000002800F0D4802DE9F04F87B004464078F8
:108E8000002800F0D180E078002800F0CD8094F830
:108E9000BC01002800F0C880012940F0C280B4F86D
:108EA000D80138B9B4F8DA0120B994F8DC01002807
:108EB00000F0BA80D4F8C401002800F0B58094F81E
:108EC000DC010021FDF768FD012809D102F057FA05
:108ED00004F5297102F00AFA02F051FA02F0B9FA27
:108EE00094F8F70200284FF0000000F09E800590F3
:108EF0004FF48030049004F5DA70019043F20240A0
:108F0000A4F8B40104F5EA7004F5EC710DF1100950
:108F100002904FF0400B01204FF0000A0391C4F87B
:108F2000B89100BF00900BF0FE005FFA8AF140EAB2
:108F3000010B4FF0010800BF03985FFA88F530F885
:108F40001A002946FDF7CAFD0299064631F81A10A3
:108F500008462946FDF7C2FD012E08BF01283BD176
:108F60000020ADF8100048460F21FDF7C3FD94F82E
:108F7000F50218B3002500BFD4F8E402E9B2FCF70B
:108F8000C2F8A8B14178C1F3C302424510D101F043
:108F90000302012A0CD1C1F380018A4508D18078EF
:108FA0000AF08EFA102803D001464846FDF7A2FDCC
:108FB000013594F8F502E9B28142DDD30BF0E1000E
:108FC00000EB480BFDF745F927F0FF0141EA0B07DD
:108FD00001993A46FDF742FBB8F10E0F08F101087E
:108FE000AAD300984FF0010AC0074FF000054FF0D8
:108FF000000097D194F8C0212046012113F044F8D5
:1090000094F8C0212046012113F09AF8D4F8D80131
:1090100084F8F4A2C4E9BA00C4F8F05204E0FE20D7
:1090200006E0204612F031FF002007B0BDE8F04F07
:1090300040B270472DE9F04F93B0904604460028A7
:1090400000F075800F46002971D0387808285DD16E
:1090500060781D46012802D12046FFF7E8FC022077
:10906000207305F0B5FF227B042105F0A1FFD4F8A1
:10907000800108F07FFFC4E90184A5703E1DBD6931
:109080004FCE04F5307CC4F8D4528CE84F00D7E9B9
:109090000702796AC4E9B602D4F8E402C4F8E0121F
:1090A00007F128018422E8F7E1FED4F8E402002168
:1090B00084F8F712A4F8F512FCF7C0F884F8F5026A
:1090C00020B304F530790025D4F8E402E9B2FCF7C6
:1090D0001AF888B1407800F00300DFE800F00D02D4
:1090E000080294F8F702013084F8F70204E094F8DB
:1090F000F602013084F8F602013594F8F502E9B27F
:109100008142E1D32138C0B2DF2825D80520207361
:1091100005F05EFF227B042105F04AFFB8F1000F45
:1091200002D020460021C0474FF0FF0A0FE0052083
:10913000207305F04DFF227B042105F039FFB8F1C3
:10914000000F02D020460021C0474FF0FE0A4FFA20
:109150008AF013B0BDE8F08F94F8F602CDE90679F5
:10916000002847D046464FF0000A4FF0010B0DF1A2
:1091700040084FF000090025CDE910AAD4F8E40218
:10918000EFB23946FBF7BFFF88B1417801F0030128
:1091900002290CD18178062910D1007820280DD120
:1091A00002F0EDF8002102F04DF9012806D1013559
:1091B00094F8F502E9B28142E0D310E04046394626
:1091C000FDF76BFC013594F8F512E8B209F10109DD
:1091D0004FF0FF0A88424FF0000BCFD32CE05FEA3C
:1091E000CB7029D094F8F702DDE906790028B04663
:1091F00000F03F81D4F8A801FBF7F6FF94F8F502E0
:10920000002100281091CDF814806AD00025002696
:10921000D4F8E402F1B2FBF776FF18B10078202809
:1092200008BF0125013694F8F502F1B28142EFD36F
:10923000B5FA85F0400955E000205FFA89F108AEE3
:10924000A4F88C01A4F88E11C4E9640030462021F2
:1092500004F5C475E8F732FF11F072F811F079F8EF
:109260004CF23D410346C0F6040130462246FBF76E
:109270002CFC0520272105270BF026FEC4F88801C9
:10928000042084F89801FEF7EFF994F8981144F659
:109290004C73C0F6060300220095FEF7C2F9D4F81D
:1092A000841179B143F2B802C0F60602D4F8800105
:1092B000D2E90023FF2584F8995101258DE8620049
:1092C00008F0E4FD277305F083FE227B042105F0FE
:1092D0006FFE6268002A3FF43AAF204600219047B3
:1092E00035E7012004900AF027F9002860D008A88B
:1092F00000F1060B4FF000084FF0000A5FFA8AF009
:10930000ADF82880CDE908880AF00CF907464846F0
:1093100039460AF0E1F8002842D081880068ADF8AB
:10932000241094F8F5120890CDF82680C1B34FF0C0
:1093300000090026D4F8E4025FFA89F1FBF7E3FEA6
:10934000E0B14178054601F00300012816D12878E4
:10935000874213D1C1F380000BEB4000C1F3C3017E
:10936000FDF7C8FB697810AAC1F3800042EA40000B
:10937000C1F3C301FDF7BEFB012600BF09F10109DE
:1093800094F8F5025FFA89F18142D3D3DDF81C909D
:10939000012E05D1D4F8A80108A9FBF70AFF00BFE8
:1093A0000AF1010A5FFA8AF50AF0C6F88542A5D3E8
:1093B000049828B1D4F8A801FBF740FF002867D033
:1093C000BDF84000FDF79DFBBDF84210054608467C
:1093D000FDF797FB2844C1B2059F102938D300211F
:1093E000A4F88C11000210990F30A4F88E01C81750
:1093F00008AEC4E964103046202104F5C475E8F7CE
:109400005DFE10F09DFF10F0A4FF4CF23D410346BD
:10941000C0F6040130462246FBF757FB05202A21FF
:109420004FF005080BF050FDC4F88801042084F8C3
:109430009801FEF719F994F8981144F64C73C0F6A8
:10944000060300220095FEF7ECF8D4F8841155E0ED
:109450004CF289200699C0F6040004F5D675C4E9DB
:109460006B01FBF7DEFFD4F8A8112A46FCF72CF9B4
:109470000BE0A078012803D120463946FFF73AF9DE
:10948000626812B12046012190474FF0000A5EE663
:109490004FF4803094F8F51204F5C67308AE00223C
:1094A00007C33046202104F5C475E8F707FE10F025
:1094B00047FF10F04EFF4CF23D410346C0F6040159
:1094C00030462246FBF701FB05202C214FF0050812
:1094D0000BF0FAFCC4F88801042084F89801FEF728
:1094E000C3F894F8981144F64C73C0F606030022B2
:1094F0000095FEF796F8D4F88411059F79B143F2F0
:10950000B802C0F60602D4F88001D2E90023FF2594
:1095100084F8995101258DE8620008F0B7FC84F8C1
:109520000C8005F055FD227B042105F041FD002F44
:109530003FF4FAAD20460021B847F5E544F638710E
:10954000C1F200010868002818BF084670470000F3
:10955000F0B583B044F63875C1F2000529680029DA
:1095600040F0BD8042F20454C0F60604002818BF43
:109570000446208870B9FEF777F842F2D84744F6DF
:10958000C773C0F6060759A2C0F606030521009767
:10959000FEF747F8606870B9FEF766F842F2D84700
:1095A00044F6C773C0F606075CA2C0F606030521A1
:1095B0000097FEF736F82188002648200022002375
:1095C0000096019609F0EEFC286001F077FC00217E
:1095D0004822012301F07CFC686001F06FFC00214F
:1095E0004822012301F074FC6168C5E902010846C4
:1095F00008F07AFE044603F07AF828610020022180
:10960000002203230EF080F92A690146204603F068
:1096100079FA03F06CF8686100200221002204232B
:1096200004270EF071F96A690146204603F06AFAD0
:1096300068684821E8F742FD002013210BF044FC44
:10964000696843F2DC0288608889C0F606021478F3
:1096500040F00300CE810E614E61888120460421D6
:109660001822182605F0B5F8E8842046042148227F
:1096700005F0AFF8A88401F021FCAA8C0021012399
:1096800001F026FC00F10801C5E906002962017815
:10969000002201F0FC010170E8690423017801F067
:1096A000FB010170E869017801F0F7010170E869D8
:1096B000017801F0EF010170E869017801F0DF0144
:1096C0000170E869017801F03F010170E869022149
:1096D000477000200EF018F9E96948604E8044F6A2
:1096E0003870C1F2000003B0F0BD00BF656F5F6964
:1096F0006E666F646973706174636865725F496EEA
:10970000697469616C69736528293A203020636641
:10971000672D3E636170616369747900656F5F698D
:109720006E666F646973706174636865725F496EB9
:10973000697469616C69736528293A204E554C4CEF
:10974000206366672D3E7472616E736D6974746513
:109750007200000000284FF0FE0039D070B50D46B1
:10976000A1B344F63876C1F200063068144609F019
:109770000FFC012810D17268D2E90001084306D11C
:1097800011F0B2F811F0BEF87268C2E90001D08998
:109790000130D081FF2019E011F0A6F811F0B2F8E5
:1097A000B268C2E90001EB6823CD536102F10802FF
:1097B00023C2B5682CB105F1180021463022E8F724
:1097C00055FB3068294609F0EAFC0020BDE87040EE
:1097D00040B270472DE9F04F81B0914690B144F608
:1097E000387BC1F2000B0F46DBF804100646D1E9C6
:1097F0000002984610430ED0304612F04DFE60B184
:10980000002535E0B9F1000F4FF0FE0036D00025FD
:10981000A9F8005032E0002507E07068002101251A
:10982000C0E90011C181C0E90411C7B105EB070A05
:10983000002400BFDBF8000009F0A3FB78B101466B
:10984000304612F029FE50B9DBF8000009F07EFC2A
:109850000134A0B2B84205F10105EBD35546DBF85F
:10986000000009F0C9FCB8F1000F18BFA8F800000B
:109870000020B9F1000F18BFA9F8005040B201B0A4
:10988000BDE8F08F42F27410C1F2000090F85A1057
:10989000012918BF002070472DE9F04142F27414ED
:1098A000C1F2000494F85A1000294BD142F20C5630
:1098B000C0F60606002818BF06463088002840D0AB
:1098C000706800283DD0B068D8B3F068C8B330697C
:1098D0004FF00008A8B396E88F00C4E90E8884E82A
:1098E0008F000027308804EB8705F840C0070BD0B5
:1098F00008F058FA6268A861FDB228460021904736
:10990000E1682846884701E0C5F818800137082F2C
:10991000E8D10020A4F85800FBF7CCF805466061B8
:1099200010F00EFD10F015FD4CF207510346C0F685
:10993000040128460022FBF7C8F8012084F85A00E9
:1099400000E000242046BDE8F08148B1FF2907D09F
:1099500042F27410C1F20000B0F85800FDF7BEB832
:109960000020704770B5E8B10C46FF291AD042F2CA
:109970007415C1F2000505EB8406B06990B108F0DA
:1099800004FA012802D1B06908F0F4FA0020E9686D
:10999000B0632046884705F158002146BDE8704075
:1099A000FDF7A0B870BD70B5E8B10C46FF291AD01C
:1099B00042F27415C1F2000505EB8406B06990B15E
:1099C00008F0E3F9012802D1B06908F0D3FA0020C9
:1099D000A968B0632046884705F158002146BDE8D4
:1099E0007040FDF787B870BD2DE9F04184B00028C4
:1099F00041D00D46FF293ED042F27418C1F2000852
:109A000008EB8507B869B0B31E46144608F0BDF9E7
:109A1000012802D1B86908F0ADFA7000002E08BF25
:109A20004FF0FF30D8F80810B8632846884708F18F
:109A300058002946FDF75EF8D8F8146010F080FC55
:109A400010F087FC4CF207510346C0F60401304683
:109A50002A46FBF73AF843F2B801C0F60601B869A6
:109A6000D1E90023D8F8141067080126CDE9007663
:109A7000029108F00BFA04B0BDE8F081024600281C
:109A80004FF0000018BF002900D1704790890528C9
:109A900001F1080028BF00687047002814BF006863
:109AA00000207047002814BF408900207047000044
:109AB00050B110B5044600BF206818B1204600F030
:109AC00060F9F9E7BDE81040704700280FBF01209A
:109AD0000089B0FA80F040097047000068B361B3B4
:109AE00010B50446006830B3024600BF914203D06F
:109AF0005268002AFAD11EE0814207D06068814294
:109B00000AD0D1E90002426010600AE0406808B162
:109B100000220260206004E0006808B10022426078
:109B20006060204612F070FD208901380104208118
:109B300004BF00206060BDE810407047B0B1F0B5D0
:109B400081B00E4679B10768054667B1144600BF7B
:109B5000A8892146052807F1080028BF0068B047FA
:109B60007F68002FF4D101B0BDE8F04070470000DD
:109B7000B1B1F0B581B0074678B11C466BB115465E
:109B80000E4600BFB8892946052804F1080028BF01
:109B90000068B0476468002CF4D101B0BDE8F04023
:109BA00070470000F0B581B04FF00004E0B11546F9
:109BB000D2B104680746B4B10E4600BFBA8904F1B9
:109BC0000800052A28BF006829460EB1B04705E005
:109BD000E8F701F9002818BF4FF0FF30000603D066
:109BE0006468002CEAD10024204601B0F0BD0000DA
:109BF00070B54FF0000498B10D4689B1046874B196
:109C0000868900BF04F1080029463246052E28BF88
:109C10000068E8F7E0F818B16468002CF2D100247D
:109C2000204670BD48B1016839B18089052801F12D
:109C3000080024BF0068704770470020704730B1AB
:109C400041890089081AB0FA80F040097047012064
:109C5000704700002DE9F04F81B0DDF828B098463C
:109C600091460D46064601F029F9042124220123DC
:109C700001F02EF904460020C4E900002081FDF720
:109C8000F3FC44F68D5742F2D84AC0F60607314637
:109C9000C0F6060A28A23B46002E18BF0121CDF8C7
:109CA00000A0FDF7B7FCFDF7DFFC294629A23B46E3
:109CB000002D18BF0121CDF800A0FDF7ABFC0B98DB
:109CC0006581A681C4E90498C4F818B0E0617DB349
:109CD0004FF6FF7085421CD1FDF7C6FC054601F02A
:109CE000EDF801F0FBFAB0FA80F042F2E84745F2F5
:109CF000345244F68D534109C0F60607C0F60602F9
:109D0000C0F6060328460097FDF784FC0020206279
:109D10000EE00026002700BF204612F025FC216A35
:109D2000C0E9006101B108600137AF422062F3D39E
:109D3000204601B0BDE8F08F656F5F6C6973745F9A
:109D40004E657728293A2030206974656D5F736904
:109D50007A650000656F5F6C6973745F4E65772884
:109D6000293A2030206361706163697479000000D2
:109D700000284FF0000018BF002900D17047486844
:109D80007047A0B110B50168044671B1486808B1C8
:109D9000002202602060204612F036FC2089013843
:109DA0000104208104BF00206060BDE810407047BE
:109DB00030B370B50E4609B3044640892189884204
:109DC0001CD0204612F00DFCC0B1A2890546083017
:109DD000052A28BF0068A36931460BB1984701E006
:109DE000E8F744F8208900B9256061680022C5E9D8
:109DF000001201B14D60013065602081BDE8704006
:109E0000704730B370B50E4609B3044640892189C6
:109E100088421CD0204612F0E4FBC0B1A28905465E
:109E20000830052A28BF0068A36931460BB198475E
:109E300001E0E8F71BF8208900B96560216800227D
:109E4000C5E9002101B10D60013025602081BDE828
:109E500070407047002814BF008900207047002818
:109E60004FF0FE0018BF002920D010B541F2285451
:109E7000C1F20004D4F8C001A8B1083001F1080211
:109E8000002B19BF0721082300210723FBF706F940
:109E9000207801284FF0000006D1617821B1D4F874
:109EA000CC0109F093FA0020BDE8104040B27047A1
:109EB0002DE9F04182B000284FF0FE0600F09980B5
:109EC0000D46002900F0958004462878052840F0CA
:109ED0008F806078012836D1687A627F2B7A504073
:109EE00000F01E02E979B2FA82F25709DAB251EAB9
:109EF000020327EA000007D0E37E277FDBB2594048
:109F00007A40114318BF00206A792979D2B251EA08
:109F1000020302D1AA7982B10022237E677EDBB2DE
:109F20005940FBB25A40A67EAB7911434FF0000175
:109F300018BF0846B34218BF08460026002808BFCD
:109F40004FF0FF3655E0FDF723F901214FF00108EE
:109F5000FDF705FBFDF71CF9FDF7FDF9002845D0DD
:109F6000FDF716F900210026FDF75AF9C4F8C001E3
:109F700004F1140029464FF4B472E7F7FEFF0720FE
:109F80000190687A022767F35F10B5F807108DF823
:109F90000500D4F8A001ADF8061001A909F0FFF8FA
:109FA000FBF731FFD4F8A011FBF7CCFF687A0DF175
:109FB000020167F35F108DF80200D4F8A4018DF858
:109FC000036009F0ECF8FBF71EFFD4F8A43102217E
:109FD0000122FBF7C7FC042084F80180207304F001
:109FE000F7FF227B022104F0E3FF02E00020607013
:109FF000FF2670B202B0BDE8F081002855D0B0B5A0
:10A0000004464078002844D0E078012802D1204658
:10A0100000F0C1F994F8C801002842D1607848B135
:10A02000D4F8C4014CF24762C0F6040200210023B8
:10A0300004F042FFFBF7E7FED4F8A431022101222D
:10A04000FBF71EFDFBF7DFFED4F8A011FBF7CAFFFC
:10A05000FDF79EF800210025FDF781FA04F11400B8
:10A060004FF4B471C4F8C051E8F728F8D4F8A0014F
:10A07000FF21217508F056FFD4F8A40108F052FF23
:10A08000D4F8A801FBF7B0F8D4F8800107F072FF0C
:10A0900065700120207304F09BFF227B022104F0F5
:10A0A00087FF0020BDE8B04000E0FE2040B27047CE
:10A0B00041F22850C1F200000178012918BF0020A8
:10A0C0007047F0B585B041F22854C1F20004207801
:10A0D00001285DD0022001210022FF230125002656
:10A0E000FF270DF011FCC4F8BC010420012100225F
:10A0F00000232775CDE90066042708F053FFC4F854
:10A10000A00102200121002200230096019608F000
:10A1100049FFC4F8A40101200A210022FBF71AF824
:10A12000C4F8A801022004210022C4F8C061FBF792
:10A1300011F8C4F8C40149F640400396ADF80C008C
:10A140004CF2A570C0F60400049048F2A060C0F282
:10A150000100029002A884F8C86109F011F9C4F85E
:10A16000CC0107F01FFEC4F8800105201E2184F8F1
:10A170009871A4F88C610AF0A7FEC4F888012580C4
:10A18000E670257304F024FF227B022104F010FF07
:10A1900041F22850C1F2000005B0F0BDB0B582B068
:10A1A000D8B10446FDF760FA94F8981104F5C4722A
:10A1B00044F612730092C0F6060300220025FDF754
:10A1C00030FAD4F888010AF06BFE0B2806D1FBF7B1
:10A1D00028F9FBF762FA002500E0FE2568B202B01C
:10A1E000B0BDB0B5044600284FF0FE0014D00D46B7
:10A1F00091B1607878B16978204600F00FF858B9CD
:10A20000A978204600F06CF830B929782046BDE8DE
:10A21000B04000F02BB8002040B2B0BDB0B582B065
:10A220008DF80710F0B104464078C8B140F602003E
:10A23000A4F8B4010DF1070004F5DA75C4F8B8010B
:10A24000FCF707F8D4F8BC212946FCF7BEF99DF8C5
:10A250000710D4F8CC0142F21072514309F0E5F82E
:10A26000002000E0FE2040B202B0B0BDB0B582B028
:10A270008DF80710D8B104464078E0B140F2027082
:10A28000A4F8B4010DF1070004F5DA75C4F8B801BB
:10A29000FBF7DFFFD4F8BC212946FCF796F99DF8BF
:10A2A0000710D4F8CC0121B109F0B6F803E0FE2084
:10A2B00002E009F09FF8002040B202B0B0BD50B1FA
:10A2C000134642784AB1D0F8C4014CF24762C0F656
:10A2D000040204F0F1BDFE2000E0002040B270470F
:10A2E000B0B582B08DF8071010B30446407868B35B
:10A2F00041F20200A4F8B4010DF1070004F5DA758B
:10A30000C4F8B801FBF7A5FFD4F8BC212946FCF737
:10A310005CF9FCF73DFF0021FCF78FFF50B10246CE
:10A320009DF8070040B1012808D10F24022107E061
:10A33000FE200CE0FF200AE00F2400E000240121B1
:10A340002046FAF707FF2146FAF75CFF002040B2EB
:10A3500002B0B0BD60B110B504464078B0B1E0784D
:10A36000012807D194F8C801013084F8C8010DE034
:10A37000FE200EE0012084F8C801E0700620207362
:10A3800004F026FE227B022104F012FE0020BDE82C
:10A39000104040B27047B0B5D0B104464078A8B183
:10A3A000E07898B194F8C80180B1013884F8C80108
:10A3B00000064FF000050CD10420E570207304F076
:10A3C00007FE227B022104F0F3FD02E0002500E0FD
:10A3D000FE2568B2B0BD0021002808BF6FF0010162
:10A3E0000846704710B582B090B1427892B1012909
:10A3F0004FF000040FD1C17869B1D0F8C011B1F8A5
:10A4000001100194ADF8051001A9FFF7EAFE02E082
:10A41000FE2400E0002460B202B010BDF0B585B0AB
:10A4200015460446D0B30E46C1B33078052847D14F
:10A430006078012852D1707A627F337A504000F000
:10A440001E02F179B2FA82F25709DAB251EA020336
:10A4500027EA000007D0E37E277FDBB259407A402D
:10A46000114318BF002072793179D2B251EA020348
:10A4700002D1B2796AB10022237E677EDBB25940F5
:10A480007A40114394F81AC018BF0020B179614591
:10A4900064D1002862D0012600277EE041F22856D0
:10A4A000C1F200060520307304F092FD327B0221D8
:10A4B00004F07EFD15B120460021A847FE2771E07B
:10A4C0000520207304F084FD227B022104F070FD3E
:10A4D00015B120460021A847FF2763E002201F4650
:10A4E000207304F075FD227B022104F061FDD4F895
:10A4F000800107F03FFDC4E90154A77032790720BD
:10A500008DF80A008DF80B20D6F80500727A0390BA
:10A51000C2F3430001230DF10A058340D4F8A801DA
:10A52000A91D002702F00102049721F81230FAF762
:10A530005BFED4F8A8012946FAF73BFE4CF25960BD
:10A54000C0F6040004F5D675C4E96B06FAF769FF96
:10A55000D4F8A8112A46FBF7B7F823E0042084F8C2
:10A560009801002605200C2104F5C477A4F88E611B
:10A57000C4E964660AF0A8FCC4F88801A4F88C61F8
:10A58000FDF772F894F8981144F61273C0F60603BA
:10A5900000220097FDF745F8012715B12046314606
:10A5A000A8477F4278B205B0F0BD18B1D0F8CC0111
:10A5B00008F0B3BE002070472DE9F04160B344F6C7
:10A5C0006078C1F2000898F8010018B34FF4924087
:10A5D000A8F8040098F8020008F5B671C8F8081049
:10A5E000C0B1002608F10404002700BFF2B2012028
:10A5F000002100230DF088F90546FBF72AFE2146CD
:10A600002A46FBF7E2FF013698F80200F1B28142D8
:10A61000ECD302E0002700E0FE2778B2BDE8F0812D
:10A6200058B3F0B581B044F66076C1F20006707898
:10A6300000284FF000001CD000904FF49240B080F2
:10A64000B0786946B16098B10027341DFAB2012094
:10A65000002100230DF058F90546FBF7FAFD2146CD
:10A660002A46FBF7B2FF0137B078F9B28142EDD349
:10A67000002001B0BDE8F04000E0FE2040B270478D
:10A68000002844D02DE9F04F81B044F66076C1F245
:10A690000006707800284FF0000034D0F1780129CE
:10A6A00031D0B0780021317150B300274FF04A0803
:10A6B00006F5B279341D4FF00E0A06F5B37B00BFE4
:10A6C000FAB20120002100230DF01EF9054686F89C
:10A6D0000580C6F80890FBF7BCFD21462A46FBF72B
:10A6E00074FF86F805A0C6F808B0FBF7B2FD214656
:10A6F0002A46FBF76AFF0137B078F9B28142DFD30F
:10A700000120F070002001B0BDE8F04F00E0FE2015
:10A7100040B2704710B544F66070C1F20000837813
:10A720000024994236D200EE102A90F8662190F863
:10A7300067319FED191A1A440123B8EEC00A03FAD3
:10A7400002F220EE010A01EE102AB8EEC11A80EEE4
:10A75000010A01EB410100EBC10090ED031A80EE0C
:10A76000010A10EE100A26F059FCD0F100424FF019
:10A77000FF3272EB0103B8BF0124002C04BF4FF07D
:10A780000040114626F0C4FB00EE100ABDEEC00AE0
:10A7900010EE104A204610BD0024744944F6607043
:10A7A000C1F200008378994224BF0020704701EB7A
:10A7B000410100EBC10100EE102A91ED031AB8EE41
:10A7C000C00A9FED142A21EE000A80EE020AB0F8BA
:10A7D0006401012101FA00F001EE100AB8EEC11A7D
:10A7E0009FED0D2A20EE010A9FED0C1AB4EE420AED
:10A7F000F1EE10FAB8BFB0EE420AB4EE410AF1EE43
:10A8000010FAB8BFB0EE401ABDEEC10A10EE100A41
:10A81000704700BF0024744900FEFFC600FEFF46DB
:10A8200010B544F66070C1F20000837800249942AC
:10A8300028D201EB410100EBC10000EE102A90ED9F
:10A84000031AB8EEC00A80EE010A90ED041A30EE49
:10A85000410A10EE100A26F0E1FBD0F100424FF061
:10A86000FF3272EB0103B8BF0124002C04BF4FF08C
:10A870000040114626F04CFB00EE100ABDEEC00A67
:10A8800010EE104A204610BD10B544F66070C1F2BB
:10A89000000083780024994228D201EB410100EBAB
:10A8A000C10000EE102A90ED041AB8EEC00A90ED37
:10A8B000032A31EE000A20EE020A10EE100A26F0FA
:10A8C000ADFBD0F100424FF0FF3272EB0103B8BF95
:10A8D0000124002C04BF4FF00040114626F018FB65
:10A8E00000EE100ABDEEC00A10EE104A204610BD60
:10A8F00010B544F66070C1F20000837800249942DC
:10A9000033D200EE102A90F866219FED191A012328
:10A91000B8EEC00A03FA02F220EE010A01EE102A94
:10A92000B8EEC11A80EE010A01EB410100EBC10053
:10A9300090ED031A80EE010A10EE100A26F06EFB6D
:10A94000D0F100424FF0FF3272EB0103B8BF012497
:10A95000002C04BF4FF00040114626F0D9FA00EE5B
:10A96000100ABDEEC00A10EE104A204610BD00BF0E
:10A9700000007A4444F6607CC1F2000C9CF80200AE
:10A98000814224BF00207047032B38D801EB4100DF
:10A990000CEBC00000EE102A90ED031AB8EEC00ACE
:10A9A00021EE000ADFE803F02D0212249FED201AA9
:10A9B000BCF8640180EE010A012101FA00F001EE09
:10A9C000100AB8EEC11A20EE010A1AE09FED181A1B
:10A9D000BCF8640180EE010A012101FA00F001EEE9
:10A9E000100AB8EEC11A20EE010AB0EEC00A08E063
:10A9F000B0EEC00AB2EE041A80EE010A01E09FED4B
:10AA00000D0A9FED0D1A9FED0D2AB4EE410AF1EEED
:10AA100010FAB8BFB0EE410AB4EE420AF1EE10FAF5
:10AA2000B8BFB0EE402ABDEEC20A10EE100A704761
:10AA300000007A440000000000FEFFC600FEFF4652
:10AA400098B144F66072C1F20002507800284FF0CD
:10AA5000FF000BD09378994208D201EB410002EB42
:10AA6000C00080ED030A002000E0FE2040B27047E5
:10AA700098B144F66072C1F20002507800284FF09D
:10AA8000FF000BD09378994208D201EB410002EB12
:10AA9000C00080ED040A002000E0FE2040B27047B4
:10AAA00044F66070C1F200008278914222D201EB3C
:10AAB000410200EBC20200EB810090ED4B1A92EDD7
:10AAC000032A20EE010A80EE020A9FED0C1A20EE06
:10AAD000012ABDEEC23A20EE410A13EE100ABDEE85
:10AAE000C00AB5EE402A10EE101AF1EE10FAD8BFE7
:10AAF000484200E0002000B2704700BF00007A44E6
:10AB000044F66070C1F200008378994224BF9FED43
:10AB10000E0A704701EB410300EBC30393ED030AF8
:10AB200000EB810002EE102A90ED4B1AB8EEC22A1B
:10AB300020EE020A80EE010A9FED041A80EE010A5F
:10AB4000B0EEC00A704700BF0000000000007A4469
:10AB500044F66070C1F20000827891421ED201EB8F
:10AB6000410200EBC20200EB810090ED4B1A92ED26
:10AB7000032A20EE010A80EE020ABDEEC01A11EE91
:10AB8000100AB1EE401ABDEEC11AB5EE400A11EE40
:10AB9000101AF1EE10FAD8BF484200E0002000B2CF
:10ABA0007047000044F66070C1F20000837899425B
:10ABB00024BF9FED0C0A704701EB410300EBC30378
:10ABC00093ED030A00EB810002EE102A90ED4B1A80
:10ABD000B8EEC22A20EE020A80EE010AB0EEC00AE8
:10ABE000704700BF0000000001EB410100EBC10015
:10ABF0004069704701EB410100EBC10042617047C1
:10AC000001EB410100EBC100C069704701EB41015C
:10AC100000EBC100C261704701EB410100EBC100D4
:10AC20008069704701EB410100EBC1008261704710
:10AC300001EB410100EBC100006A704701EB4101EB
:10AC400000EBC1000262704744F66070C1F2000080
:10AC500000EB810090ED4B1A9FED0C2A20EE010ACB
:10AC60009FED0B1AB4EE420AF1EE10FAB8BFB0EE47
:10AC7000420AB4EE410AF1EE10FAB8BFB0EE401A43
:10AC8000BDEEC10A10EE100A704700BF00FEFFC6FD
:10AC900000FEFF4644F66070C1F2000000EB810048
:10ACA00090ED4B0A01EE102AB8EEC11A81EE000AAF
:10ACB000704780B5002000F005F844F66070C1F2DE
:10ACC000000080BDF0B583B044F66074C1F20004AA
:10ACD0002178012967D00546FCF75AFAFCF734FBC6
:10ACE00000285CD0012000210022002300270CF066
:10ACF0000BFE0646FF208DF80B708DF80A00FBF75F
:10AD000082F80DF10A070DF10B023146002300977E
:10AD1000FBF718F8002842D19DF80A0003283ED11D
:10AD200044F678560120C0F606066070002D18BF64
:10AD30002E463068C4F85C01B088A4F86001B07891
:10AD4000318841EA0041204600F044F8607828B19B
:10AD5000B088A4F860014008C4F86C01FE2001210D
:10AD6000002200250DF022FAA070E570C8B104F1B0
:10AD700010014FF07E52034641E90125013B01F1EC
:10AD80001801F9D168B143F2BD7204F59671C3F6AA
:10AD9000864200BF013841F8042BFBD101E00020BE
:10ADA00060700120207044F66070C1F2000003B0B2
:10ADB000F0BD60B144F66070C1F20000427822B18B
:10ADC000A0F860114908C0F86C11002000E0FE20D6
:10ADD00040B2704748B344F66070C1F20000427858
:10ADE0002AB380B50A0A0B0C5FFA82FE80F85C1168
:10ADF000C9B2A0F864114FEA1E115FFA83FC80F813
:10AE0000671102F00F0180F866114FEA1C1180F8FB
:10AE1000691103F00F0180F85D2180F85E3180F840
:10AE200068110020BDE8804002E0FE2000E0002024
:10AE300040B27047B0B582B0A1B142F22015C1F264
:10AE40000005287980B1FCF70FFC42F2E84544F692
:10AE50009953C0F606050BA2C0F606030321009520
:10AE6000FCF7DFFB02B0B0BD08460C46FBF778FEEE
:10AE7000E96C6A69091A2046E96402B0BDE8B0408D
:10AE8000104700BF656F5F6D656D706F6F6C5F44DD
:10AE9000656C65746528293A206F6E6C7920772F70
:10AEA00020656F5F6D656D706F6F6C5F616C6C6F4F
:10AEB000635F64796E616D696300000042F2201087
:10AEC000C1F200000178012918BF0020704700007E
:10AED0002DE9F04188B00026079682B11C4673B177
:10AEE00042F220181546C1F20008D0B198F80420AB
:10AEF000022A32D0012A34D02AB300273AE00220B5
:10AF0000CDE90466CDE90206FCF7AEFB44F69953A1
:10AF100002AF40A2C0F6060303210097FCF781FBB5
:10AF200046E000200321CDE90400CDE90210FCF742
:10AF30009BFB44F6995302AF1FA2C0F60603012102
:10AF40000097FCF76EFBD8F80C1004FB05F088475F
:10AF50000646FBF705FE07460BE090F8380008426E
:10AF6000F1D007AB08462946224611F06BFC064695
:10AF70000027B6B904200026029004FB05F0CDE9B5
:10AF80000466ADF80E00ADF80C60FCF76DFB44F6FE
:10AF9000995302AD15A2C0F6060305210095FCF7F2
:10AFA00040FB0798D8E9131210443944C8E913103C
:10AFB000304608B0BDE8F081656F5F6D656D706FFC
:10AFC0006F6C5F4765744D656D6F72792829206ECF
:10AFD0006F7420696E69747465642075736573207D
:10AFE00064796E20616C6C6F63000000656F5F6D4B
:10AFF000656D706F6F6C5F4765744D656D6F7279CD
:10B000002829206E6F206D6F7265206D656D6F72DF
:10B0100079000000656F5F6D656D706F6F6C5F47E5
:10B0200065744D656D6F727928292069732061738D
:10B030006B6564203020627974657300B0B582B0AE
:10B0400042F22014C1F20004217801297ED00121AE
:10B0500021700021C4E9131143F2D811C0F6060192
:10B06000002818BF0146D1E90002C4E901020878AE
:10B07000421E022A3CD24868002843D0D0E900CEC4
:10B08000D0E90231D0E90452C4E906CEC4E90A523B
:10B09000C4E90831A269D0E90610606321633AB1BE
:10B0A00094F8380040F0010084F8380000206087F0
:10B0B000206A38B194F8380040F0020084F8380073
:10B0C0000020A087A06A38B194F8380040F004004E
:10B0D00084F838000020E087206B10B394F8380023
:10B0E00040F0080084F838000020A4F8400018E080
:10B0F000B8B94868A8B1D0E90812806AC4E9031257
:10B1000060610EE0FCF7B0FA42F2D84544F699537C
:10B11000C0F6060510A2C0F6060305210095FCF74F
:10B1200080FAE06820B94FF62900C0F60400E0601C
:10B13000206920B94FF63300C0F604002061606931
:10B1400020B94FF62F00C0F60400606142F22010D3
:10B15000C1F2000002B0B0BD656F5F6D656D706FCC
:10B160006F6C5F496E697469616C69736528293A0F
:10B1700020706F6F6C73206E6565646564000000FD
:10B1800070B586B042F22016C1F20006F268084699
:10B190000D4690470446A0B900200421CDE90400E3
:10B1A0000291ADF80E50ADF80C00FCF75DFA44F6D4
:10B1B000995302AD07A2C0F6060305210095FCF7DE
:10B1C00030FA2046FBF7CCFCF16C01442046F164D8
:10B1D00006B070BD656F5F6D656D706F6F6C5F4EB3
:10B1E00065772829206E6F206D6F7265206D656D03
:10B1F0006F72790070B586B00C46C2B142F220166B
:10B20000C1F200063079B8B100240720CDE904442A
:10B21000CDE90204FCF728FA44F6995302AE1CA2C9
:10B22000C0F6060305210096FCF7FBF92DE0214648
:10B23000FFF700FE002428E015462CB12046FBF75E
:10B240008FFCF16C081AF064326920462946904759
:10B250000446A0B900200421CDE904000291ADF814
:10B260000E50ADF80C00FCF7FFF944F6995302AD0F
:10B2700011A2C0F6060305210095FCF7D2F920467D
:10B28000FBF76EFCF16C0844F064204606B070BD1C
:10B29000656F5F6D656D706F6F6C5F5265616C6C33
:10B2A0006F6328292075736564207768656E206E4A
:10B2B0006F6E2064796E0000656F5F6D656D706FF5
:10B2C0006F6C5F5265616C6C6F632829206E6F2014
:10B2D0006D6F7265206D656D6F72790042F220109E
:10B2E000C1F20000007970470CF0FCB910B54FF0C6
:10B2F000FE0458B151B1D1E900120024C0E9051291
:10B30000C1680477084601210CF0EAF960B210BD6B
:10B31000F0B581B04FF0FE0770B30E4661B304463E
:10B32000407AFF2740B3606811461D4637701EF013
:10B33000D9FE08BB206807F01CFE012817D0206842
:10B3400007F01FFE98B190E80E00C06886E80E0076
:10B35000F0602068069F07F0F9FE0DB1002028700C
:10B360001FB1206807F048FF3880002700E0FF2762
:10B37000606803211EF0E4FE78B201B0F0BD41F236
:10B38000F860C1F20000017A012918BF002070475F
:10B390002DE9F04186B041F2F864C1F20004217A4F
:10B3A000012943D042F22057C0F60607002818BFF3
:10B3B00007460020002504F06EF9012001214FF01E
:10B3C00001081EF0DFFE48F2A06360604BF2E92046
:10B3D000C0F2010339787A88C0F603004CF6D9161A
:10B3E000CDE902354CF6493314A7C0F604060490A3
:10B3F000C0F604030120CDE9006505970BF0C4FFFA
:10B40000E06006F0CFFC2061012001212572A572C9
:10B410001EF0B8FE60601020082100220023009575
:10B42000019507F0BFFD206084F8088041F2F860C4
:10B43000C1F2000006B0BDE8F08100BF6D656D731C
:10B440000000000018B111B9002019F00ABA00205C
:10B45000704738B370B58CB00446407A01281CD0D0
:10B46000E0680126012166720CF03AF904AD284625
:10B470002021E6F723FEE26828460221F9F731FB96
:10B4800043F2B800C0F60600D0E900232069A169A4
:10B490000295CDE9001606F0F9FC00200CB0BDE8DD
:10B4A000704000E0FE2040B2704770B110B5044615
:10B4B000407A30B1206906F05DFDE06804210CF0AF
:10B4C0000FF90020BDE8104000E0FE2040B27047B8
:10B4D0002DE9F04784B089460446FCF7C5F841F6EB
:10B4E000E1320FF2E441C0F60602FCF7E1F8002C6D
:10B4F0004FF0FE0600F06382B9F1000F00F05F82AA
:10B5000099F80000FF260E2800F25982012101FA65
:10B5100000F044F61E01084200F0518260780128D4
:10B5200002D1204600F0D2FA04F114084046494600
:10B530004FF4B472E6F753FD207D002601380D2844
:10B5400000F23D821821DFE810F00E00D5004A011C
:10B5500049013A023A023A023A023A023A029301A5
:10B560003A023A028B0004F12000FBF790FBC4F88A
:10B570000806FBF78DFB0746FBF70AFE3946FBF78B
:10B58000E1FFFBF705FE3946FBF7F6FFFBF700FE90
:10B59000FBF7DAFE002800F0D281002F84F8BC719E
:10B5A00000F0D3814FF0000A02AE0025D4F808065F
:10B5B000E9B2FBF76AFB617FCDF808A08DF80810AF
:10B5C000017801F001018DF80910027802F01E02E5
:10B5D00011448DF80910007800F0E0000844B4F838
:10B5E0001B108DF80900D4F8A001ADF80A103146FF
:10B5F00007F0D5FD0135E8B2B842D7D3FAF703FC1E
:10B60000D4F8A011FAF79EFC002F00F0A4814FF0AF
:10B61000000A02AE002500BFD4F80806E9B2FBF725
:10B6200034FBADF808A0017801F001018DF8081095
:10B63000027802F01E0211448DF8081000788DF88F
:10B64000095000F0E00008448DF80800D4F8A40187
:10B65000314607F0A4FD0135E8B2B842DCD37AE107
:10B6600004F13000FBF713FBC4F80806FBF710FBEE
:10B670000746FBF78DFD3946FBF764FFFBF788FDB6
:10B680003946FBF779FFFBF783FDFBF75DFE0028EA
:10B6900000F05581404684F8BC71E8F77BFC00203F
:10B6A0004FF0FF31002FC4F81006C4F81406C4F898
:10B6B0001806C4F81C16A4F82016C4F82206C4F80C
:10B6C0002606C4F82A06A4F82E0600F0188104F213
:10B6D0001C650026D4F80806F1B2FBF7D6FA00780C
:10B6E00000F01F001F2808BFFF20A8550136B742F1
:10B6F000F0D104E10025C4F80856FBF749FD0C2100
:10B700000C26FBF71FFFFBF743FD0C21FBF734FF73
:10B71000FBF73EFDFBF718FE002800F0148184F8CB
:10B72000BC612026032702ADA05DB4F81B108DF884
:10B730000900D4F8A001ADF80A1029468DF8087068
:10B7400007F02DFD01362C2EEED1FAF75CFBD4F874
:10B75000A011FAF7F7FB00260DF10605A01990F8E5
:10B76000200029468DF80600D4F8A4018DF8076062
:10B7700007F015FD01360C2EF0D1FAF744FBD4F892
:10B78000A4310121002201250026FAF7EBF8FAF78F
:10B790003AFBD4F8A43101210122FAF7E3F80020A2
:10B7A000FFF790FAC4F8C001FFF783FAE17FB4F81D
:10B7B0001D2042EA0141FFF70DFBFFF77AFA618E87
:10B7C000FFF7F7FAFFF775FAFEF75AFF07F031FDBA
:10B7D00020460121F2F7EFFB6570E8E020216018B8
:10B7E000FBF755FAC4F80806FBF752FA0746FBF7D1
:10B7F000CFFC3946FBF7A6FEFBF7CAFC3946FBF740
:10B80000BBFEFBF7C5FCFBF79FFD002800F097800F
:10B81000404684F8BC71E8F7BDFB00204FF0FF31D3
:10B82000002FC4F81006C4F81406C4F81806C4F8AB
:10B830001C16A4F82016C4F82206C4F82606C4F87C
:10B840002A06A4F82E065AD004F21C65002600BF72
:10B85000D4F80806F1B2FBF718FA007800F01F00E0
:10B860001F2808BFFF20A8550136B742F0D146E097
:10B8700004F12000FBF70BFAC4F80806FBF708FAFE
:10B880000746FBF785FC3946FBF75CFEFBF780FCBF
:10B890003946FBF771FEFBF77BFCFBF755FD0028F3
:10B8A0004DD0404684F8BC71E8F774FB00204FF09F
:10B8B000FF31C4F81006C4F81406C4F81806C4F81A
:10B8C0001C16A4F82016C4F82206C4F82606C4F8EC
:10B8D0002A06A4F82E0697B104F21C65002600BFC4
:10B8E000D4F80806F1B2FBF7D0F9007800F01F0099
:10B8F0001F2808BFFF20A8550136B742F0D1F3F743
:10B9000065FF99F80150B9F80260F6F7F2FC45EAD4
:10B9100006420368D4F8081603925A68029102A9F5
:10B92000904719F0A9FFFBF7C7F9012060700420C8
:10B93000207303F04DFB227B002100263DE0002018
:10B940006070FF263BE06570FBE7FAF75CFAD4F81D
:10B95000A011FAF7F7FAFAF756FAD4F8A431012150
:10B9600000224FF0010A0026F9F7FCFFFAF74BFA24
:10B97000D4F8A43101210122F9F7F4FF99F801501C
:10B98000B9F80270F6F7B5FC45EA07420368D4F847
:10B99000081603925A68029102A990474046E8F7B8
:10B9A000F9FA20460121F2F706FB84F801A00420F1
:10B9B000207303F00DFB227B002103F0F9FA70B233
:10B9C00004B0BDE8F08700BF63616C6C65643A2029
:10B9D000656F5F6D6F74696F6E636F6E74726F6C9D
:10B9E0005F416374697661746528290050B113461C
:10B9F00042784AB1D0F830064EF20142C0F6020257
:10BA000003F002BAFE2000E0002040B27047C8B147
:10BA1000F0B58DB00C46417889B1017D0E290ED864
:10BA200001238B4044F6180633420DD020461146C0
:10BA3000E8F7A5FFFBF735F92146FBF78DFA0DB0C6
:10BA4000BDE8F040002070470129F8D1417D04296C
:10BA500037D1C18AA9B3032CF1D8002AEFD043F221
:10BA6000CC03C0F606031B6803FB01F604EB44019C
:10BA700000EB810787F83C4604AC2046202107F202
:10BA80003465C7F83826E6F719FB0EF059FC0EF0BE
:10BA900060FC4DF29B110346C0F6020120462A4687
:10BAA000F9F713F843F2B801C0F60601D7F83406E7
:10BAB000D1E900230021CDE90061029406F0E6F906
:10BAC000BDE720461146E8F75AFFB8E72DE9F041F7
:10BAD0000446FBF7C9FD41F6E13277A1C0F6060244
:10BAE000FBF7E6FD002C4DD06078002800F0D780F1
:10BAF000E078012804D1204600F084FA607848B14B
:10BB0000D4F830064EF20142C0F6020200210023B2
:10BB100003F0D2F9A04618F8140F01380D2800F2EE
:10BB20008580DFE800F007387E6983838383838321
:10BB300074838331FAF767F9D4F8A4310121002224
:10BB4000F9F79EFFFAF75FF9D4F8A4310121012239
:10BB5000F9F796FFFAF757F9D4F8A011FAF742FA75
:10BB6000F6F7C7FB016889688847D4F8A40107F095
:10BB7000D9F9D4F8A00107F0D5F9D4F8A801F9F75C
:10BB800033FB34E0FE2493E001F0AAFB01F038FB24
:10BB900004F29C4036E0FAF736F9D4F8A4310121DA
:10BBA0000022F9F76DFFFAF72EF9D4F8A43101213C
:10BBB0000122F9F765FFFAF726F9D4F8A011FAF790
:10BBC00011FAD4F8A40107F0ADF9D4F8A00107F0F8
:10BBD000A9F9D4F8A801F9F707FBFEF769FAFEF70F
:10BBE0000CFA04F5E2704FF4B471E6F767FA2046F8
:10BBF0000021F2F7E0F919E0FEF75AFAFEF7FDF935
:10BC000004F5E2704FF4B471E6F758FA09E002F077
:10BC10009FF902F02DF904F54C704FF4B471E6F77A
:10BC20004DFAF6F766FB016889688847FBF7B0FABA
:10BC3000FBF798FB88B1064642F22860C0F6060082
:10BC400007680025FBF7A4FAE9B2FBF713FB00B184
:10BC500047610135E8B2B042F4D3002684F8BC61F4
:10BC6000FBF796FA0021FBF76DFCFBF791FA002138
:10BC7000FBF782FC40464FF4B471C4F80866E6F75F
:10BC80001DFAFF202075D4F88001C4E90166A67072
:10BC9000C4F8AC61C4F8B06106F06CF966700120BC
:10BCA000207303F095F9227B0021002403F080F932
:10BCB00060B2BDE8F08100BF63616C6C65643A20DE
:10BCC000656F5F6D6F74696F6E636F6E74726F6CAA
:10BCD0005F446561637469766174652829000000BA
:10BCE00040F21050C1F200000178012918BF002075
:10BCF000704718B1417809B1007D7047FF20704747
:10BD0000F0B583B040F21054C1F20004207801284D
:10BD100065D0FF200025207504200C21002200237F
:10BD200084F8BC512561CDE90055042607F03AF9A5
:10BD3000C4F8A00102200C210022002300950195E7
:10BD400007F030F9C4F8A40101200A2100220127DC
:10BD5000F9F700FAC4F8A801202004210022F9F71D
:10BD6000F9F9C4F8300604200621E8F7CDFFC4F83D
:10BD70000C06F6F7BEFAF6F7B7FAFEF7A2F9C4F822
:10BD80002C0302F0EEF8C4F8980401F0B2FAC4F8FB
:10BD9000040606F007F8C4F8800105201C2184F889
:10BDA000986184F88D5109F08FF8C4F888012780D4
:10BDB000E570277303F00CF9227B002103F0F8F8FB
:10BDC000002600BFA719D7F8340618B905F0EAFF16
:10BDD000C7F834060C36302EC7F83856F2D140F288
:10BDE0001050C1F2000003B0F0BDB0B582B078B31E
:10BDF0000446FBF739FC94F8981104F5C47241F637
:10BE0000E1330092C0F6060300220025FBF709FC8F
:10BE1000D4F8880109F044F83A281BDC1A2838D8ED
:10BE2000012148F200028140C0F21022114225D1C6
:10BE300011F4103F28D1012101FA00F00021C0F2D5
:10BE40000441084225D0FEF733F9FEF7A7F91FE0B9
:10BE5000FE251EE04C2808DC3B280FD03C2818D1DA
:10BE600002F076F802F0E3F812E04D2806D04E28F2
:10BE70000FD101F035FA01F0A2FA09E0F6F739FA2C
:10BE80000168C968884703E0F9F7CBFAF9F705FCC0
:10BE9000002568B202B0B0BD50B1134642784AB135
:10BEA000D0F830064EF20142C0F6020203F004B8A8
:10BEB000FE2000E0002040B270470000B0B504460C
:10BEC000FBF7D2FB41F6E13234A1C0F60602FBF7E4
:10BED000EFFB002C2BD0607800285CD0E0780128A4
:10BEE00059D00120E0700620207303F071F8227B06
:10BEF0000021002503F05CF8207D01380D284BD887
:10BF0000DFE800F0440744314A4A4A4A4A4A3B4A79
:10BF10004A17FEF7CDF8FEF71DFAFEF7C9F8012122
:10BF2000FEF760FAFEF7C5FEFEF746FB33E0FE259E
:10BF300032E0FBF799FB41F6E134C0F6060420A19C
:10BF40002246FBF7B5FBFBF78FFB25A12246FBF74B
:10BF5000AFFB01F0C5F901F067FA01F0C1F9012169
:10BF600001F026FB12E0FEF7A3F8FEF7F3F9FEF767
:10BF70009FF80121FEF736FA08E001F0E9FF02F030
:10BF80008BF801F0E5FF012102F04AF9F6F7B1F96B
:10BF9000016809698847002568B2B0BD63616C6CAF
:10BFA00065643A20656F5F6D6F74696F6E636F6E65
:10BFB00074726F6C5F537461727428290000000002
:10BFC00063616C6C696E6720656F5F706F735F5340
:10BFD00074617274282920696E206D63000000006E
:10BFE00063616C6C696E6720656F5F706F735F541F
:10BFF00072616E736D697373696F6E282920696E43
:10C00000206D6300B0B50446FBF72EFB41F6E1322C
:10C010001FA1C0F60602FBF74BFB8CB1607868B13C
:10C02000E07858B1207D02280CD1FEF742FEFEF7E1
:10C03000F7FAFEF73DF8FEF7AEF91CE0002524E024
:10C04000FE2522E0E8F752FDFBF70EFB41F6E13258
:10C0500017A1C0F60602FBF72BFBE8F70BFD50B962
:10C06000FBF702FB41F6E13219A1C0F60602FBF72D
:10C070001FFBE8F7D1FC00250420E570207302F0D7
:10C08000A7FF227B002102F093FF68B2B0BD00BF82
:10C0900063616C6C65643A20656F5F6D6F74696F86
:10C0A0006E636F6E74726F6C5F53746F70282900CB
:10C0B00043414C4C45443A204D436F6E74726F6C53
:10C0C0006C65725F676F5F69646C652829000000AA
:10C0D00043414C4C45443A204D436F6E74726F6C33
:10C0E0006C65725F6465696E6974282900000000E0
:10C0F00098B12DE9F04792B004464078002800F04E
:10C10000F480E078002800F0F080207D022806D13D
:10C1100007F077F807F0BCF8E7E0FE20E9E0617D82
:10C12000042920D194F86416E9B104F2646804F596
:10C13000C767002598F80000EEB23146FAF72CFCEC
:10C1400001280AD1396821B13879032898BFE8F766
:10C1500016FC40463146FAF723FC0135042D07F161
:10C160000C07E7D1207D0E2826D8012101FA00F026
:10C1700044F6180108421FD094F8BC5185B104F26E
:10C1800022660027062D28BF062500BFF01910F8EB
:10C19000060C17F0A5FC26F817000137BD42F5D1B3
:10C1A00017F05EFDA4F82E06FAF77BFDB4F92E1603
:10C1B00004F22262FAF7E6FD002500BFF6F799F8CF
:10C1C00001684969884730B9052019F0F1FF1D2D34
:10C1D00005F10105F2D3F6F78CF801684969884743
:10C1E00094F8BC11002842D0D9B300250DF13409D0
:10C1F0000DF1200A0DF1040848461321E5F75EFF12
:10C2000050461321E5F75AFFF6F773F80168EFB2CD
:10C210008E6939464A465346B04738464946F2F792
:10C220009CFF38465146F2F798FF40461B21E5F740
:10C2300045FFF6F75EF8016842460B6B39469847B2
:10C24000FAF7A6FF3946FAF7DBFF20B101AB0ECBB8
:10C250000265C0E91213013594F8BC01E9B28142CC
:10C26000CAD3F6F746F80168C96988470BE051B1AF
:10C27000002500BFE8B2E8F7C1FE013594F8BC0123
:10C28000E9B28142F6D3F6F734F8016809698847C4
:10C29000E8F7C4FB94F8BC0138B30025FAF778FF3F
:10C2A000E9B2FAF7ADFF50B1064628463146E8F745
:10C2B000D1FB06F1100128460022E8F7EFFB94F8C5
:10C2C000BC0101358542E9D378B10025FAF760FF5A
:10C2D000E9B2FAF7CFFF18B101462846E8F7D2FBDA
:10C2E00094F8BC0101358542F0D3002012B0BDE8BE
:10C2F000F04740B2704700002DE9F04387B09946FF
:10C3000015460E460446FBF7AFF941F6E132C4A1EB
:10C31000C0F60602FBF7CCF9002C00F09380002E4B
:10C3200000F0908030780E2800F29E80012101FA02
:10C3300000F044F61E01084200F096806078012863
:10C3400002D12046FFF7C2FB0220207302F040FE1C
:10C35000227B0021002702F02BFED4F8800105F09B
:10C3600009FE04F11408404631464FF4B472E5F773
:10C3700036FE207D01380D2800F24D81DFE810F0F7
:10C380000E00C70082000D014B014B014B014B0118
:10C390004B014B012D014B014B01A30004F1200087
:10C3A000FAF775FC627F0021CDF816108DF8102089
:10C3B000217ED4F81920C4F80806C4E9015484F891
:10C3C00002908DF81110CDF81220FAF761FCA8B197
:10C3D000054604A8861D0027D4F80806F9B2FAF726
:10C3E00054FC017801F0010006EB4000C1F3430169
:10C3F000FAF780FB0137F8B2A842EDD3D4F8A801D0
:10C40000F8F7F2FED4F8A80104A9F8F7D2FE4EF628
:10C410009F40C0F60200C4E96B084FF28500657DBD
:10C42000E68AC0F60200CDE90204F5F762FFD4F80F
:10C4300008160268009145EA0641019117686946AD
:10C4400002AB3DE040F21056C1F200060520307309
:10C4500002F0BEFD327B002102F0AAFD15B120469C
:10C460000021A847FE27D6E00520207302F0B0FD8A
:10C47000227B002102F09CFD15B120460021A84737
:10C48000FF27C8E004F11800FAF701FCC4F8080619
:10C490004FF2E520C4E90154657DE68AC0F602004A
:10C4A00084F80290CDE90404F5F723FFD4F80816C8
:10C4B0000268029145EA06410391176802A904AB9C
:10C4C0000122B847A6E004F13000FAF7E0FBC4F817
:10C4D00008060D2004F1180784F89C048FCFE66A43
:10C4E00004F5946CC4E9015484F8029004F29C456C
:10C4F0008CE88F00C4F8B46400F0F2FE4EF6A90296
:10C50000C0F602022946012301F0EAF882E0052084
:10C5100084F8C401E06A218EC4F8C801A4F8CC11E3
:10C5200004A803218DF81010217E871DD4F819006E
:10C530000026C4E9015484F8029004F5E27904F17C
:10C540002005C4F808668DF81110CDF81660CDF8F6
:10C55000120000BFA95D01F0010007EB4000C1F32C
:10C560004301FAF7C7FA01360C2EF3D1D4F8A8012B
:10C57000F8F73AFED4F8A80104A9F8F71AFE4EF627
:10C58000BD50C0F60200C4E96B08FDF791FD4EF600
:10C590009332C0F6020249461BE004F12000FAF78C
:10C5A00076FBC4F80806052084F8C401A069A18BB5
:10C5B000C4E9015484F8029004F5E275C4F8C80196
:10C5C000A4F8CC11FDF774FD4EF69332C0F60202CA
:10C5D00029460123FDF722FF1CE004F12000FAF7B1
:10C5E00056FBC4F808060C2084F83003D4E9060191
:10C5F000C4E9015484F8029004F54C75C4E9CD01F6
:10C6000001F0A6FC4EF69F12C0F602022946012355
:10C6100001F078FE002778B207B0BDE8F08300BFD4
:10C6200063616C6C65643A20656F5F6D6F74696FF0
:10C630006E636F6E74726F6C5F566572696679288F
:10C640002900000050B1FF22002182804FF0FF320C
:10C6500001608260C0E90411816100E0FE2148B2FE
:10C6600070474FF0FE0CD0B1CAB1C3B1012903D05D
:10C6700099B90169143001E00169081D80B5B1F86C
:10C6800000C0016810466246A3F800C0E5F7EEFB63
:10C690004FF0000CBDE8804001E04FF0FF0C4FFA76
:10C6A0008CF07047002814BF80684FF0FF3070474F
:10C6B00043F2C001C0F6060109680068081A18BFF5
:10C6C0000120704748B1016939B1896841B180B52D
:10C6D00088470020BDE8804000E0FE2040B270475F
:10C6E000FF20FBE7002814BF40790020704780B589
:10C6F000FEF7E4FB04211C220123FEF7E9FB48B10D
:10C70000FF22002182804FF0FF3201608260C0E989
:10C710000411816180BD002814BF4069002070476A
:10C72000B0B5A0B11C4603690546012A04D098782B
:10C7300000F0FE0002280CD168691A88E5F796FB24
:10C74000284621460022002410F01AFA02E0FE24B6
:10C7500000E0FF2460B2B0BD00280EBF00200069D9
:10C7600000887047D0E90423084612881946E5F787
:10C770007DBB70B58446DDE90640DDF820E0DDE9EB
:10C780000465CCE904400020CCF800108CF80420AB
:10C790008CF80530CCE90265CCF818E070BD4FF09C
:10C7A000FE0248B141B1C2682AB180B5904700226B
:10C7B000BDE8804000E0002250B27047A8B170B5DB
:10C7C000144602690546907800F0FE0002280ED15A
:10C7D0000E46516868691288E5F748FB28463146DD
:10C7E000224610F0CDF9002002E0FE2002E0FF20FA
:10C7F000BDE8704040B27047A0B170B515460269FF
:10C800000646907800F0FE0002280DD1706912886B
:10C810001C46E5F72BFB30462946224610F0B0F9BE
:10C82000002002E0FE2002E0FF20BDE8704040B2A0
:10C83000704730B180B510F0A3F90020BDE880400A
:10C8400000E0FE2040B2704743F2C001C0F606018E
:10C8500009680068081AB0FA80F04009704700695A
:10C86000807800F0FE000238B0FA80F0400970478E
:10C8700070B5064600284FF0FE0018BF00290CD006
:10C880001546D6E904201C461288E5F7EFFA304633
:10C890002946224610F074F9002040B270BD18B14C
:10C8A00002680AB1407910B1FF2040B2704780B5EC
:10C8B00008460BF036F80020BDE88040F5E780B16F
:10C8C000F0B583B0174604464FF0FF0092B30E4612
:10C8D000216879BB1D4618462EB10BF02AF830B9F5
:10C8E00003E0FF2029E00BF01CF8A06808B1FF204E
:10C8F00020E02760002E08BF6FF00105257100259C
:10C9000004204FF6FF710022002366710095019507
:10C9100006F048FB94F82010A060022902D1606A5A
:10C92000804705464FF0FF30E56020616061A061FF
:10C93000E061002003B0BDE8F04040B27047000065
:10C940002DE9F04381B0814600284FF0FE0024D04D
:10C950001C4613B323784846FFF7B1FF08B1FF2008
:10C960001BE06068FAF79BF9B0B1DDF8208006465D
:10C97000002500BF6068A9B2FAF78FF907460AF0F0
:10C9800097FF012804D148463946424600F00AF88C
:10C990000135A8B2B042EDD3002040B201B0BDE8ED
:10C9A000F08300002DE9F04F93B0834600284FF04C
:10C9B000FE0000F094800F46002900F090809BF864
:10C9C00004909046FEF77AFA1C21FEF7D9FB39460F
:10C9D000092204461290E5F749FA2178621C48467C
:10C9E0000AF0DAFF217848460BF056F9397882468A
:10C9F00048460BF0C5F800284FD000270646608156
:10CA00002773FEF75BFA002152460123FEF760FA16
:10CA1000206102469BF82000032804D1DBF82400A3
:10CA200080472269074621784846534667610AF0E5
:10CA3000DBFF9BF82000042817D100250420314695
:10CA4000002200230095019506F0ACFA02AFA06128
:10CA5000DBF824008047A16902900846394606F0B9
:10CA60009EFB0135A8B2B042F2D3DBF8080006F015
:10CA7000C3FB2178DBF808200BEB4101088212A9E7
:10CA8000104606F08CFBB8F1010F04D112995846FC
:10CA90000A7810F08DF8002021E002AD28464021F0
:10CAA000E5F70CFB3B7810A228464021E4F762FE34
:10CAB000FAF7DAFD42F2B847C0F6060704212A4623
:10CAC00000230097FAF7ADFD2178484600220AF0CE
:10CAD00063FFFEF7F3F92146FEF7ACF9FF2040B201
:10CAE00013B0BDE8F08F00BF454F6E765365743AC2
:10CAF000206570202564206861732030206E767375
:10CB0000000000002DE9F04F87B006460846904629
:10CB10000D460AF0EFFE0446002E4FF0FE0059D0FD
:10CB2000B8F1000F56D03779294638460DF086FA0D
:10CB3000E8B1384629460DF0D4FA069020460DF0AB
:10CB4000C2FA8146384629460DF055FB82463846E2
:10CB500029460DF0F1FA96F820108346042912D0E8
:10CB6000032906D0022922D106F10C001DE0FF2086
:10CB700030E028460AF0BEFE0146304610F08EF83E
:10CB8000A8B1143011E028460AF0B4FE0146304640
:10CB900010F084F858B10446307929460AF09CFF19
:10CBA000A26981B2104606F0B1F9046800E00024E1
:10CBB000BAF1000F4FF0FF0018BFBBF1000F09D012
:10CBC0003168069B40463A468DE8200E0494FFF7F4
:10CBD000D0FD002040B207B0BDE8F08F70B50C4624
:10CBE0000546FEF76BF90021282201230026FEF7F7
:10CBF0006FF906604462002C08BF254680F820507B
:10CC000070BD4FF0FE0330B129B122B103688088B6
:10CC10000B600023108058B2704700280FBFFE2021
:10CC200001608280002040B270474FF0FE0218B1D0
:10CC300011B140890022088050B270474FF0FE0CBD
:10CC4000E0B180B5DDF808E0BEF1000F14D090F837
:10CC500007C0BCF1010F0DD14FF0000C01608280C4
:10CC600080F806C0038143818381A0F80EC0C0F81C
:10CC700010E001E04FF0FF0CBDE880404FFA8CF06F
:10CC80007047B0B50446FEF719F9042114220123B8
:10CC9000FEF71EF9054600202860A880A8712881AB
:10CCA0006C81E86034B1FEF709F9012122460123C5
:10CCB000FEF70EF9B4FA84F1490928612846E971B2
:10CCC000B0BD4FF0FE0348B141B13AB10389D0F88D
:10CCD00010C0C38113800023C1F800C058B2704750
:10CCE00048B14289914208D9028182810021012202
:10CCF000C181827105E0FE2103E001818181002173
:10CD0000C18148B270470022014602608280827170
:10CD100002810020CA607047B0B50C46096805461C
:10CD20000160A08869892289A8800020914298BF6B
:10CD30000120A871208998BF08462881A881286908
:10CD40000022EA81E5F798F9286921692A89E5F73F
:10CD50008DF80020B0BDB0B50D460446002020601F
:10CD6000A080A0712081E060618131B1FEF7A6F85A
:10CD7000ABB201210122FEF7ABF8B5FA85F1490902
:10CD800020610020E171B0BD44F6D100C1F2000085
:10CD9000017801291CBF0121017070472DE9F04F76
:10CDA00081B00B9FC0B10E46B1B11C46A3B1DDF8F6
:10CDB0002890B9F1000F0FD077B12046154601F049
:10CDC000ECFC0020072DA9F80000387009D8FF20DE
:10CDD0003870A9F8005037E00FB1FC203870FE2001
:10CDE00032E0B2461AF8080B402828D2707801F0D9
:10CDF00067FD20B3304601F015FD804601280FD1B4
:10CE0000304601F00AFD012819D1708801F000FDBB
:10CE100002460830A84212D8514606EB000A01E04B
:10CE200000210022307800F0080C00F0040B02EB27
:10CE30005C0000EB4B00083083B2AB4208D9FD2008
:10CE40003870A9F80050FF2040B201B0BDE8F08F63
:10CE5000258BAB4204D9FE213970A9F80000F2E716
:10CE600000233B70A9F80000D6E90003B8F1010FD8
:10CE7000C4E9000306D17388A06863806546E4F7BF
:10CE8000F5FFAC46BCF1000F1CBFDAF80000E06013
:10CE9000BBF1000F08D04FEA5C000AEB00014968C3
:10CEA0005AF80000C4E904016288A36804F1400054
:10CEB000214601F0E9FC0020C6E70000002847D029
:10CEC0002DE9F04F81B005464078E0B3E878D0B363
:10CED00095F8BC01B8B30E4605EB42000978B0F8EE
:10CEE000D20109099146F9F7F9FD60B3307A0128BA
:10CEF0001FD8707A10F00F0B1BD0D5F8C811070996
:10CF000001F1040A00240DF10208BBF1020F28BF51
:10CF10004FF0020B06EB440040894246ADF8020098
:10CF20003819C1B250460123F8F7B8F80134A345C7
:10CF3000F0D13078010909F0010005EB400000F55F
:10CF4000EB70F9F7CFFD002001B0BDE8F04F00E035
:10CF5000FE2040B2704700002DE9F04182B00D463E
:10CF60000446FAF781FB44F677724BA1C0F606023D
:10CF7000FAF79EFB002C4FF0FE0600F08880002D93
:10CF800000F0858028780D2840F0808060780128A6
:10CF900007D120462946002202B0BDE8F0410FF03B
:10CFA00091BEFAF7F5F801214FF00108FAF7F1FA0E
:10CFB000FAF7EEF8FAF7DDF9002865D0FAF7E8F8A5
:10CFC00000210026FAF766F9C4F8C80104F114003C
:10CFD00029464FF4B472E4F7D0FFA17F04F5E9705D
:10CFE00001F0010200EB4200C1F34301C4F8D26139
:10CFF000C4F8D661C4F8DC6184F8E581F9F77AFDFC
:10D00000A97A0227287967F35F118DF8051029891D
:10D010008DF80400D4F8A001ADF8061001A906F0BF
:10D02000BEF8A87A0DF1020167F35F108DF80200D7
:10D03000D4F8A4018DF8036006F0B1F8F8F7E3FE28
:10D04000D4F8A011F8F77EFFF8F7DDFED4F8A4318C
:10D0500002210522F8F786FCD4F8C801051D2846F0
:10D06000F8F7C2F82846F8F761F801462846F8F7BD
:10D07000C9F8042084F80180207301F0A9FF227B05
:10D08000072101F095FF02E000206070FF2670B2DA
:10D0900002B0BDE8F08100BF63616C6C65643A204A
:10D0A000656F5F706F735F41637469766174652843
:10D0B0002900000070B584B0002846D04578002DC6
:10D0C00041D0C578002D3ED090F8BC51002D4FF0D6
:10D0D00000053BD00395029545F20225A0F8B45116
:10D0E0000DF10605C0F8B85100EB810595F8211047
:10D0F000920101F01F0463F34512DDF820C0867F22
:10D10000A31885F82130CB06A5F822C01BD505F160
:10D1100020031B7800F5DA7518098DF8060003F076
:10D120000F008DF807000E2000EA121040EA0110EF
:10D1300001308DF80800ADF80AC0F9F78AF82946E1
:10D140003246F9F78BFA002500E0FE2568B204B0FC
:10D1500070BD0000B0B586B00D460446FAF784FAFB
:10D1600044F6777220A1C0F60602FAF7A1FA4FF052
:10D17000FE00ACB3A5B3607888B3287805280146D3
:10D1800098BF0521C82928BFC821884284F8BD114D
:10D190001FD041EA00200021CDE90211ADF80E00B8
:10D1A000CDE9041105204A2107F08EFE02900320EC
:10D1B00084F89801FAF758FA94F8981144F67773BE
:10D1C00002ADC0F6060300220095FAF72AFA94F899
:10D1D000BD014000C4F8E001012084F8BC0100203A
:10D1E00040B206B0B0BD00BF63616C6C65643A20AC
:10D1F000656F5F706F735F436F6E666967282900A4
:10D20000B0B50446FAF730FA44F677722DA1C0F6AD
:10D210000602FAF74DFA002C51D06078002844D06D
:10D22000E078012802D1204600F032F994F8D001CC
:10D23000002842D1607848B1D4F8CC014CF6CD52E8
:10D24000C0F604020021002301F036FEF8F7DBFDF2
:10D25000D4F8A43102210522F8F712FCF8F7D3FD27
:10D26000D4F8A011F8F7BEFEF9F792FF00210025CF
:10D27000FAF78FF904F114004FF4B471C4F8C851EF
:10D28000E4F71CFFD4F8A001FF21217505F04AFE48
:10D29000D4F8A40105F046FED4F8A801F7F7A4FFDE
:10D2A000D4F8800104F066FE65700120207301F05F
:10D2B0008FFE227B072101F07BFE002000E0FE2094
:10D2C00040B2B0BD63616C6C65643A20656F5F709D
:10D2D0006F735F44656163746976617465282900C2
:10D2E00041F21870C1F200000178012918BF002036
:10D2F0007047F0B583B041F21874C1F20004207891
:10D30000012856D0FF20207500250420012100228D
:10D310000023CDE900550427012605F043FEC4F89B
:10D32000A00102200121002200230095019505F0B3
:10D3300039FEC4F8A40101200A210022F7F70AFFF0
:10D34000C4F8A801022005210022FF2384F8BC5163
:10D350000AF0DAFAC4E97105012004210022C4F8B8
:10D36000D251C4F8D651C4F8DC5184F8E561F7F71E
:10D37000F1FEC4F8CC01322084F8D051C4F8BD01CC
:10D3800004F010FDC4F880010520482184F898714C
:10D39000A4F88C5107F098FDC4F888012680E57048
:10D3A00084F8E451267301F013FE227B072101F07B
:10D3B000FFFD41F21870C1F2000003B0F0BDB0B53E
:10D3C00082B0D8B10446FAF74FF994F8981104F5F1
:10D3D000C47244F677730092C0F60603002200255B
:10D3E000FAF71FF9D4F8880107F05AFD462806D14C
:10D3F000F8F717F8F8F751F9002500E0FE2568B2B4
:10D4000002B0B0BD50B1134642784AB1D0F8CC0159
:10D410004CF6CD52C0F6040201F04EBDFE2000E0F5
:10D42000002040B27047000010B50446FAF71CF91E
:10D4300044F6777210A1C0F60602FAF739F954B132
:10D440006078B0B1E078012807D194F8D0010130BC
:10D4500084F8D0010DE0FE200CE0012084F8D0011A
:10D46000E0700620207301F0B3FD227B072101F05C
:10D470009FFD002040B210BD63616C6C65643A2072
:10D48000656F5F706F735F53746172742829000059
:10D49000B0B50446FAF7E8F844F6777212A1C0F680
:10D4A0000602FAF705F9E4B16078C0B1E078B0B1EE
:10D4B00094F8D00198B1013884F8D00100064FF0FB
:10D4C00000050FD120460FF05BFC0420E5702073AF
:10D4D00001F07EFD227B072101F06AFD02E00025BC
:10D4E00000E0FE2568B2B0BD63616C6C65643A20F3
:10D4F000656F5F706F735F53746F70282900000051
:10D5000028B310B586B004464078D8B1E078C8B1E9
:10D5100094F8BC01B0B194F8E401012812D1D4E927
:10D520007701421C8842C4F8DC210BD9B4F8D6013B
:10D53000B4F8D81140EA010212040BD1012084F89A
:10D54000E5012CE0002006B0BDE8104000E0FE2020
:10D5500040B2704789B241EA004140F3C030002236
:10D560004FF4E023CDE904100020392184F8E521AF
:10D57000CDE9022307F0A8FC0290032084F898016B
:10D58000FAF772F894F8981144F677730DF1080CD5
:10D59000C0F606030022CDF800C0FAF742F8D4F82E
:10D5A000D201C4F8D6010020C4F8DC01CBE70000AA
:10D5B0002DE9F04184B00D460446FAF755F844F6DB
:10D5C00077723FA1C0F60602FAF772F8002C6DD010
:10D5D000607800286FD0E07800286CD094F8BC0107
:10D5E000002868D0012D63D145F20220A4F8B401CF
:10D5F00001A80025C4F8B801A67F40F60F60CDF859
:10D600000A50CDF8065004F5DA78ADF80400F8F7C2
:10D6100020FE41463246F9F721F89DF80A0000F055
:10D62000FE008DF80A0000BF04EB850090F8211081
:10D63000CA0619D590F82020408C130902F00F0279
:10D640008DF805200A0142EA11118DF804308DF899
:10D650000610ADF80800F8F7FCFD27F0FF018F1960
:10D6600041463A46F8F7FAFF0135042DDCD194F82B
:10D67000BD018DF80F0045F20230A4F8B4010DF1A0
:10D680000F00C4F8B801F8F7E4FDD4F8C42141460E
:10D69000F8F738FF40F20110D4F8D211A4F8E401F1
:10D6A0000020C4F8D611C4F8DC0105E0FE2003E038
:10D6B00020460FF065FB002040B204B0BDE8F081C9
:10D6C00063616C6C65643A20656F5F706F735F5463
:10D6D00072616E736D697373696F6E282900000043
:10D6E0002DE9F04383B01F4615460E460446F9F770
:10D6F000BBFF44F6777245A1C0F60602F9F7D8FFE2
:10D7000074B16EB130780D281CD1607801282AD10F
:10D71000204631462A4603B0BDE8F0430FF0D2BAA6
:10D7200041F21876C1F200060520307301F050FC7A
:10D73000327B072101F03CFC15B120460021A847AF
:10D74000FE270CE00520207301F042FC227B07211C
:10D7500001F02EFC15B120460021A847FF2778B222
:10D7600003B0BDE8F08396F804800221404605220C
:10D770004FF0050905F014FF3179884543D10028A1
:10D7800041D00220207301F023FC227B072101F00D
:10D790000FFCD4F8800104F0EDFBC4E90154A7703C
:10D7A000B088B27AADF80200D6F806000DF1020892
:10D7B000002708F1060102970190C2F3430002F02E
:10D7C0000102012331F8125003FA00F040EA050388
:10D7D000D4F8A80121F81230F7F706FDD4F8A80113
:10D7E0004146F7F7E6FC4CF6E150C0F6040004F5BC
:10D7F000D675C4E96B06F7F714FED4F8A8112A46CB
:10D80000F7F762FFABE784F80C909DE763616C6CFF
:10D8100065643A20656F5F706F735F566572696605
:10D8200079282900002814BF90F8E50100207047EE
:10D83000B0B582B042F22455C0F60605002818BFE4
:10D840000546287810B3FDF739FB04211C2201237B
:10D85000FDF73EFB044695E80F004FF0000C84E80E
:10D860000F006988E868206149B140200022002348
:10D87000CDF800C0CDF804C0FCF7ECF98446A868E8
:10D88000C4F814C018B18047A06100E0002420460D
:10D8900002B0B0BD70B588B00C4606460025002029
:10D8A0002C21CDE9025507F00FFB02904FF0FF301D
:10D8B0000694079036B370694FF60301C0F6040171
:10D8C00006AAFCF76FF90146706921B1FCF7D6F89A
:10D8D00000F1340516E0FCF7E5F8716905460846E5
:10D8E000FCF7B8FA40EA05200025ADF80E00CDE9B6
:10D8F0000445F9F7B9FE02AE042100220023009688
:10D90000F9F78FFE284608B070BD2DE9F04796B0B4
:10D910000C4605460027002028211646CDE902774F
:10D9200007F0D2FA0290ADF80E700597049705B390
:10D93000FCB104F120073846FEF7D4FE20B394F87A
:10D940004100052843D0032839D001280FD10CF01D
:10D95000CBFF0CF0D7FF804668698946FCF76FF96A
:10D960008246304600F019FFBAF1010F62D1FF275D
:10D9700035E0F9F779FE02AF042100220023009779
:10D98000F9F74FFEFE2743E06869FCF78BF86969F9
:10D9900005460846FCF75EFA40EA0520ADF80E00A1
:10D9A000E06C616CCDE90410F9F75EFE02AF042172
:10D9B000002200230097F9F734FEFF2728E0A16C2E
:10D9C00004F1400338460122FEF716FF05E004F19A
:10D9D000400238460121FEF7F1FEE8B107466869CA
:10D9E000FCF760F8696905460846FCF733FA40EA37
:10D9F0000520ADF80E00E06C616CCDE90410F9F77C
:10DA000033FE02AE0421002200230096F9F709FE3E
:10DA100078B216B0BDE8F087002E4FF00007F7D0BF
:10DA2000207810F02000F3D0307800F0FC000230B5
:10DA30003070EDE7264616F8400F042101EA900108
:10DA400000F0C80008448DF8180002208DF8190075
:10DA50007068F2684FF0000CCDE9070C099243F2B0
:10DA6000D4006A68C0F60600006818EB020349F1AA
:10DA70000001ADF81AC0904204BF4FF0FF314FF0E3
:10DA8000FF33CDE90A3197E80F40D7E905890DF159
:10DA9000300A8AE80F4011A880E80013686906A9D7
:10DAA000CDF850C0FCF784F9384602213246FEF723
:10DAB000C0FE002892D10027AAE72DE9F04188B0E6
:10DAC0000D460446002600202B219046CDE9026633
:10DAD00007F0FAF902904FF0FF30ADF80E60CDE993
:10DAE000046606950790B4B360694FF60301C0F66B
:10DAF000040106AAFCF756F806466069B6B331463B
:10DB0000FBF7BCFFB8F1000F074606D007F118007D
:10DB1000414601220023FEF703FEE0684FF00008B3
:10DB20003946C7F81080C7F8148004F0B1FB0746E7
:10DB300060B1ADF80E80CDE90458F9F795FD02AD5E
:10DB40000421002200230095F9F76BFD606931463E
:10DB5000FBF7C4FF22E0F9F787FD02AF04210022A2
:10DB600000230097F9F75DFDFE2717E0FBF79AFF0A
:10DB7000616904460846FCF76DF940EA0420ADF8F7
:10DB80000E000020CDE90450F9F76EFD02AF04212C
:10DB9000002200230097F9F744FDFF2778B208B070
:10DBA000BDE8F081D0B170B504460CF09DFE0CF0DC
:10DBB000A9FE054660690E46FCF734F850B1D0E97D
:10DBC0000401401B71EB060004D26069FCF7D9F830
:10DBD0006069F1E70020BDE8704000E0FE2040B23F
:10DBE0007047000000283DD02DE9F04F81B0054678
:10DBF000407890B3E87880B395F8BC0168B3087AB0
:10DC000091460E46F8B9707A10F00F0B1BD0D5F87C
:10DC1000C811070901F1040A00240DF10208BBF143
:10DC2000020F28BF4FF0020B06EB4400408942462A
:10DC3000ADF802003819C1B250460123F7F72EFAA9
:10DC40000134A345F0D13078010909F0010005EB5A
:10DC5000400000F5EB70F8F745FF002001B0BDE88B
:10DC6000F04F00E0FE2040B2704700002DE9F04F79
:10DC700083B08B460446F9F7F7FC44F66E7253A165
:10DC8000C0F60602F9F714FD002C4FF0FE0000F07C
:10DC90009980BBF1000F00F095809BF800000C28E4
:10DCA00040F08F806078012807D120465946002235
:10DCB00003B0BDE8F04F0FF0CFB9F9F769FA0121D1
:10DCC0004FF00108F9F772FCF9F762FAF9F758FB1F
:10DCD000002874D0F9F75CFA00210027F9F7E8FA78
:10DCE000C4F8C80104F1140059464FF4B472E4F7C3
:10DCF00044F904F5E97604F11D05C4F8D271C4F8BD
:10DD0000D671C4F8DC7184F8E58100BFE95D01F0EB
:10DD1000010006EB4000C1F34301F8F7EBFE0137C9
:10DD2000032FF3D10BF1090700264FF00F094FF035
:10DD3000020A0DF1080800BFB85DBBF807106AF3CE
:10DD40005F10CDF808908DF80900D4F8A001ADF867
:10DD50000A10414605F023FA0136032EECD14FF0AC
:10DD600000084FF002090DF106050026B85D2946AE
:10DD700069F35F108DF80600D4F8A4018DF80780D0
:10DD800005F00DFA0136032EF0D1F8F73CF8D4F87F
:10DD9000A011F8F7D7F8F8F736F8D4F8A431022133
:10DDA00004220425F7F7DEFD01206070257301F0E1
:10DDB0000FF9227B062101F0FBF8002002E0002091
:10DDC0006070FF2040B203B0BDE8F08F63616C6CFF
:10DDD00065643A20656F5F7073635F416374697651
:10DDE000617465282900000010B586B0044600283B
:10DDF0004FF0FE0018BF002936D0607898B308783D
:10DE00000528014698BF0521C82928BFC821884296
:10DE100084F8BD1121D041EA00200021CDE9021192
:10DE2000ADF80E00CDE904110520392107F04CF8BA
:10DE30000290032084F89801F9F716FC94F89811E1
:10DE400044F66E730DF1080CC0F606030022CDF8FF
:10DE500000C0F9F7E6FB94F8BD014000C4F8E0010A
:10DE6000012084F8BC01002040B206B010BD0000C3
:10DE7000B0B50446F9F7F8FB44F66E722DA1C0F672
:10DE80000602F9F715FC002C51D06078002844D028
:10DE9000E078012802D1204600F032F994F8D00150
:10DEA000002842D1607848B1D4F8CC014DF271120B
:10DEB000C0F604020021002300F0FEFFF7F7A3FFE5
:10DEC000D4F8A43102210422F7F7DAFDF7F79BFF1B
:10DED000D4F8A011F8F786F8F9F75AF900210025CF
:10DEE000F9F764FB04F114004FF4B471C4F8C8519D
:10DEF000E4F7E4F8D4F8A001FF21217505F012F849
:10DF0000D4F8A40105F00EF8D4F8A801F7F76CF9DD
:10DF1000D4F8800104F02EF865700120207301F020
:10DF200057F8227B062101F043F8002000E0FE2094
:10DF300040B2B0BD63616C6C65643A20656F5F7020
:10DF400073635F4465616374697661746528290051
:10DF500041F60010C1F200000178012918BF00202D
:10DF60007047F0B583B041F60014C1F20004207888
:10DF7000012856D0FF20207500250420032100220F
:10DF80000023CDE90055042605F00CF8C4F8A001E3
:10DF900002200321002200230095019505F002F8DC
:10DFA000C4F8A40101200A2100220127F7F7D2F8C2
:10DFB000C4F8A801022004210022FF2384F8BC51E8
:10DFC00009F0A2FCC4E97105012004210022C4F873
:10DFD000D251C4F8D651C4F8DC5184F8E571F7F792
:10DFE000B9F8C4F8CC01322084F8D051C4F8BD018E
:10DFF00003F0D8FEC4F880010520372184F8986129
:10E00000A4F88C5106F060FFC4F888012780E57001
:10E0100084F8E451277300F0DBFF227B062100F037
:10E02000C7FF41F60010C1F2000003B0F0BDB0B56B
:10E0300082B0D8B10446F9F717FB94F8981104F5AB
:10E04000C47244F66E730092C0F6060300220025E7
:10E05000F9F7E7FAD4F8880106F022FF352806D14F
:10E06000F7F7DFF9F7F719FB002500E0FE2568B2A6
:10E0700002B0B0BD50B1134642784AB1D0F8CC01DD
:10E080004DF27112C0F6040200F016BFFE2000E04F
:10E09000002040B27047000010B50446F9F7E4FADA
:10E0A00044F66E7210A1C0F60602F9F701FB54B1F6
:10E0B0006078B0B1E078012807D194F8D001013040
:10E0C00084F8D0010DE0FE200CE0012084F8D0019E
:10E0D000E0700620207300F07BFF227B062100F019
:10E0E00067FF002040B210BD63616C6C65643A202C
:10E0F000656F5F7073635F537461727428290000E9
:10E10000B0B50446F9F7B0FA44F66E7212A1C0F643
:10E110000602F9F7CDFAE4B16078C0B1E078B0B1A9
:10E1200094F8D00198B1013884F8D00100064FF07E
:10E1300000050FD120460EF0F5FF0420E570207396
:10E1400000F046FF227B062100F032FF02E00025AE
:10E1500000E0FE2568B2B0BD63616C6C65643A2076
:10E16000656F5F7073635F53746F702829000000E0
:10E1700028B310B586B004464078D8B1E078C8B16D
:10E1800094F8BC01B0B194F8E401012812D1D4E9AB
:10E190007701421C8842C4F8DC210BD9B4F8D601BF
:10E1A000B4F8D81140EA010212040BD1012084F81E
:10E1B000E5012CE0002006B0BDE8104000E0FE20A4
:10E1C00040B2704789B241EA004140F3C0300022BA
:10E1D0004FF4C023CDE904100020392184F8E52153
:10E1E000CDE9022306F070FE0290032084F8980126
:10E1F000F9F73AFA94F8981144F66E730DF1080C99
:10E20000C0F606030022CDF800C0F9F70AFAD4F8E8
:10E21000D201C4F8D6010020C4F8DC01CBE700002D
:10E22000002864D02DE9F04383B08146407800286F
:10E2300062D099F8030000285ED099F8BC0100284C
:10E240005AD0012955D145F20220A9F8B4016846F7
:10E25000002709F5DA78C9F8B801012009F11D0590
:10E26000CDF80670CDF80270ADF800708DF806009C
:10E270008DF802009DF802009DF8061000F00F00D6
:10E2800040EA47108DF8020001F00F0040EA471005
:10E290001030EC5D8DF80600F7F7DBFF26F0FF018C
:10E2A0000E1941463246F8F7D9F90137032FE1D16B
:10E2B00099F8BD018DF80B0045F20230A9F8B401C0
:10E2C0000DF10B00C9F8B801F7F7C3FFD9F8C42165
:10E2D0004146F8F717F940F20110D9F8D211A9F820
:10E2E000E4010020C9F8D611C9F8DC0105E0FE20E0
:10E2F00006E048460EF016FF002003B0BDE8F043EC
:10E3000040B27047F0B583B01F4616460D4604462E
:10E31000F9F7AAF944F66E723FA1C0F60602F9F7C2
:10E32000C7F974B16DB128780C281CD16078012828
:10E3300027D120462946324603B0BDE8F0400EF012
:10E340008BBE41F60015C1F200050520287300F0D0
:10E350003FFE2A7B062100F02BFE16B1204600214D
:10E36000B047FE2055E00520207300F031FE227BEF
:10E37000062100F01DFE16B120460021B047FF2007
:10E3800047E00220207300F023FE227B062100F0EC
:10E390000FFED4F8800103F0EDFD0021C4E9016413
:10E3A000A77002910F218DF802102979D5F8052068
:10E3B0000DF1020006308DF80310019209210122AF
:10E3C0006B5C0131C3F3430703F0010330F81360C2
:10E3D00002FA07F737430C2920F81370F0D1D4F86C
:10E3E000A801F6F701FFD4F8A8010DF10201F6F734
:10E3F000E0FE4DF28110C0F6040004F5D676C4E9C3
:10E400006B05F7F70EF8D4F8A8113246F7F75CF968
:10E41000002040B203B0F0BD63616C6C65643A20CB
:10E42000656F5F7073635F5665726966792829004E
:10E43000B0B50C464FF0FE0160B15CB105464068D6
:10E4400000F09CFB6968002821604FF0000108BFC4
:10E450004FF0FF3148B2B0BD002818BF30307047D0
:10E46000F0B581B042F23456C0F60606002818BF57
:10E470000646FCF723FD042178220123FCF728FD42
:10E48000044600F0D0FA206000F0CDFA7188606098
:10E49000084600F055F9B188A060084600F050F930
:10E4A000B1680027C4E9030130886761278340B160
:10E4B000FCF704FD328804210123FCF709FD054621
:10E4C00000E0002543F2F800C0F60600D0E90001A4
:10E4D000C4E90750C4E90910E16204F130003021B9
:10E4E000E3F7ECFDD6E90301C4E91A772767206654
:10E4F00060683388616629461C2200F07BFA6068F8
:10E5000000F038FA204601B0F0BD00002DE9F04FD0
:10E5100087B005460020ADF81A00ADF81800002DB0
:10E520004FF0FE0000F0C2800C46002900F0BE80D3
:10E5300068689946904600F01DFA03A90DF10A0299
:10E540002046FEF75EFB05A90DF112022046FEF7FC
:10E55000B8FB04A92046FEF768FB28680599BDF8BA
:10E560001220BDF8103000F045FA286800F02AFAB1
:10E5700000286FD0286800F032FC834628680F46D8
:10E5800000F00DFC43F2F804C0F60604D5E90832A9
:10E59000D4E90046824682EA060083EA0406304354
:10E5A0000C461DD0581C42F100018BEA000287EA9C
:10E5B00001031A4314D0EA6ED5E90A3C0132EA6637
:10E5C0002A6E039E05F1400E2E63C5E90EB78EE854
:10E5D0000304C5E91343C5F854C00AB1284690475F
:10E5E0002868C5E908B7C5F828A0EC6200F0DDFA94
:10E5F000002842D0074600240DF11A0B0DF1180A2D
:10E60000002600BF2868A9685A4600F0D1FA38B140
:10E61000BDF81A0090B30136BE42F3D32EE000BF1E
:10E62000D5E902132869039A0134F6F76FFAE8680E
:10E6300000F044F80028EBD06868E9680022002365
:10E64000CDF800A000F0FCF90028E1D0286F0130DF
:10E650002867DDE7D5E919102A680130A866039814
:10E66000C5E9160209B128468847B9F1000F1CBF59
:10E67000002089F80000FF2018E00024B8F1000F06
:10E6800018BFA8F80040109CB9F1000F07D06868C7
:10E6900000F074FA002818BF012089F8000024B1A6
:10E6A000286800F07CFBC4E90001002040B207B0FC
:10E6B000BDE8F08F002818BF20307047002814BF35
:10E6C00040780020704700280EBF0020007800F03E
:10E6D00003007047E8B14278911F11F1050F18D37C
:10E6E000017840888B0712D1053A12F1030F0ED33F
:10E6F00078B103300A0720F003004FF00C0258BF36
:10E700000822104401F0040100EB410002E000285F
:10E71000EFD0002080B2704741788A1F12F1050FB8
:10E720000CD302784088920706D1053911F1030F06
:10E7300002D318B1012070470028FBD00020704799
:10E74000B0B50546FCF7BAFB042158220123FCF7BB
:10E75000BFFB044605834DB1FCF7B0FB012101224C
:10E760002B46FCF7B5FB218BA06001E0A0680021DF
:10E770000022C4E90022E3F77FFC4FF0FF30C4E938
:10E780000300606104F12000FDF75CFF04F140002C
:10E790001821E3F793FC2046B0BDB0B5B0B10446F4
:10E7A000002505608068218B6560E3F765FC4FF00C
:10E7B000FF30C4E90300606104F12000FDF742FF6F
:10E7C00004F140001821E3F779FC00E0FE2568B26F
:10E7D000B0BD4FF0000CC1B110F0C00315D1033231
:10E7E00022F0030205390832830718BF082211F10D
:10E7F000030F4FF0040101EA500100F0040041EA68
:10E80000400038BF082202EB000C1FFA8CF0704762
:10E8100003304FF6FC71084070474088002818BF4D
:10E82000012070470146007880074FF0000018BFB4
:10E83000704749780239032938BF0120704700002A
:10E84000431E5FFA83FCBCF1040F9ABF0CA313F8BC
:10E850000CC04FF0010C00F0FD030538013BB0FA8D
:10E8600080F0B3FA83F34009012A4FEA531308BF3B
:10E8700040EA030C002918BF01218CEA010070470F
:10E88000000100010000000080B591F800C0428046
:10E8900080F800C0CA6891F801C0D1F804E0C0E96E
:10E8A0000232D1E9041280F801C0C0F804E0C0E9E6
:10E8B000041280BD811E0020032938BF012070474B
:10E8C000411E0020052938BF01207047A0B32DE963
:10E8D000F04381B00546806848B30E46016845F2B2
:10E8E0007863C1F23423994221D14FF0FF01FEB188
:10E8F0001446828844F22139104450F8187FC8F237
:10E9000065794F4514D1B16889B10F689F420ED126
:10E91000B1F80480183151F808304B4507D1B8F1EF
:10E92000000F25D02B8842441C329A4207D9FF2180
:10E9300001B0BDE8F04300E0FF2148B27047424615
:10E94000E3F794FA6888A96840446880B0688A88C8
:10E95000C38802EB0800CA8888801A44CA8011FA6A
:10E9600080F1C1F818901CB12988081A1C38208041
:10E970000021DDE7B0B10188002918BF1C218268A1
:10E9800041800021818072B145F27860C1F234206B
:10E99000C2E9000144F22130C8F26570C2E90211F7
:10E9A000906100E0FE2148B270474FF0FE0238B19E
:10E9B00031B1B0F900001C22D0FA52F000220880D8
:10E9C00050B27047A0B1806890B1016845F278629A
:10E9D000C1F2342291420BD18188084480694BF600
:10E9E000DF41C7F69A010844B0FA80F04009704749
:10E9F000002070474FF0FE0C90B189B11C2B02D261
:10EA00004FF0FF0C0CE01C2A4FF0FF0C08D39A4289
:10EA100006D84FF0000C03804280A0F804C081604B
:10EA20004FFA8CF0704780B5FCF748FA04210C22AD
:10EA30000123FCF74DFA002101608180816080BDD7
:10EA400000283ED02DE9F04F97B004460F4600292C
:10EA50004FF0FE0049D0A168002946D038469946BB
:10EA60009346FFF759FE00283ED03846FFF732FEA6
:10EA7000D4F808A0B4F80080BAF804100546A8EB52
:10EA80000100A0F11C06AE42ADF85A501BDA06AFE9
:10EA900038464021E3F712FB6088BAF8061028A236
:10EAA000CDE90001CDE902163846402143460495E0
:10EAB000E2F760FEF8F7D8FD39460022F8F7F8FDD6
:10EAC00012E0FE2014E00AEB010000F11805884670
:10EAD000F9F7A9FC0DF15A0CB2B239462B46CDF824
:10EAE00000C0F9F7AAFC28B1FF2017B0BDE8F04F2D
:10EAF00040B27047A068BDF85A10628883880A4403
:10EB000062805A18C38882800133C38044F2213363
:10EB100010FA82F2C8F26573BBF1000F9361209A7C
:10EB200018BFABF80080B9F1000F18BFA9F80010AA
:10EB300022B121888088081A1C3810800020D4E770
:10EB40004E6F7420656E6F756768207370616365C2
:10EB500020696E20726F706672616D6520726570DB
:10EB60006C793A202025642C2025642C2025642CE7
:10EB70002025642C2025642C2025640098B1806811
:10EB800088B1016845F27862C1F2342291420AD11B
:10EB9000818844F2213201448969C8F26572914248
:10EBA00004BFC0887047002070478068C0887047E5
:10EBB0002DE9F04188B005460020002D4FF0FE06FB
:10EBC000ADF81E008DF81D005DD00F4600295AD00B
:10EBD000A86890468188AA88914209D13846FFF7F3
:10EBE000DCFDB8F1000F4FF0FF064CD0002048E0EC
:10EBF00010448C1A00F11806FEF7C6F80DF11D0C32
:10EC00000DF11E0EA2B231463B46CDE900ECFEF7F7
:10EC1000C5F8064650B300243846CDE90444FFF752
:10EC2000BCFD0F209DF91D100290B01CADF80E1018
:10EC3000ADF80C400ED1F8F717FD45F6AF6244F67B
:10EC4000987302AFC0F60602C0F6060305210097CE
:10EC5000F8F7E7FCF8F708FD44F6987302AF0CA24A
:10EC6000C0F6060304210097F8F7DBFCBDF81E0090
:10EC7000A988B8F1000F0844A88004D0A968898841
:10EC8000081AA8F8000070B208B0BDE8F08100BF13
:10EC9000656F5F726F706672616D655F524F505F36
:10ECA000506172736528293A20656F5F70617273D5
:10ECB00065725F476574524F50282920686164204F
:10ECC00070726F626C656D730000000038B3B0B590
:10ECD00005468068144683880A449A1A12B2012AAB
:10ECE00006DB084418300119E3F705F9A8688388A2
:10ECF0006988C288091B6980191B013A8180C2801A
:10ED000010FA81F044F22131C8F2657181611C3042
:10ED10002146E3F7B1F90020BDE8B04000E0FE2055
:10ED200040B2704770B5054600284FF0FE0018BF8E
:10ED3000002901D140B270BD1646002AFAD0A86859
:10ED40001C462B8882889B1A1C3BB34201DAFF20A9
:10ED5000F0E7104418303246E3F788F8A96868886D
:10ED60008A88304468809019CA8888800132CA80B5
:10ED700044F2213211FA80F1C8F265728A611CB145
:10ED80002988081A1C3820800020D3E74FF0FE02A3
:10ED900018B111B140880022088050B2704710B1FC
:10EDA0008068083003E043F2B800C0F60600D0E9FE
:10EDB0000001704700280FBFFE208068C0E90223D1
:10EDC000002040B270471C21D0FA51F080B2704749
:10EDD00000280FBF0020806808441830704710B129
:10EDE0008068103003E043F2F800C0F60600D0E976
:10EDF0000001704700280FBFFE208068C0E904238F
:10EE0000002040B2704700002DE9F04F89B01C4649
:10EE100016460F468146F6F716FAF6F726FA002F41
:10EE200041D083463846F6F709FAE0B338460194F4
:10EE3000F6F704FA43F2DC01C0F60601097805464C
:10EE400001F0F3008DF8080004208DF809004FF060
:10EE5000FF30059035B34FF000080DF1080A00BFF0
:10EE60005FFA88F13846F6F74EF9A8B104461EB1AC
:10EE70002068B04701280FD12068514603905846BA
:10EE800003F0E3F940B948462146F6F792F94846BF
:10EE9000F6F751F9012805D008F101085FFA88F06A
:10EEA000A842DDD3019C1CB14846F6F7C7F9207093
:10EEB000002009B0BDE8F08F2DE9F04F8FB001932D
:10EEC00091468B460546F6F7BEF9F6F7CEF943F2C2
:10EED000DC01C0F606010978824604208DF8210085
:10EEE0004FF0FF3021F00C0809900B9028468DF868
:10EEF0002080F6F7A3F990B10646002408AF00BFC2
:10EF0000E1B22846F6F7FFF828B1006839460990C3
:10EF1000504603F0AEF90134E0B2B042F0D32846D7
:10EF2000F6F762F9BBF1000F38D05846F6F786F9CC
:10EF3000A0B35846F6F782F9064604208DF809007A
:10EF40004FF0FF308DF8088005903EB34FF0000879
:10EF500002AC00BF5FFA88F15846F6F7D4F8B8B1B2
:10EF60000746B9F1000F03D03868C84701280FD110
:10EF7000386821460390504603F067F940B92846A7
:10EF80003946F6F716F92846F6F7D5F8012805D0E0
:10EF900008F101085FFA88F0B042DBD3019C1CB194
:10EFA0002846F6F74BF9207000200FB0BDE8F08F2F
:10EFB00058B1A1F1FE03022B4FF0FF0306D38029C5
:10EFC00004D000690023425400E0FE2358B2704789
:10EFD00040F67830C1F200000178012918BF002006
:10EFE000704700002DE9F0438DB040F67839C1F24A
:10EFF000000999F80010012900F0DD800446F8F7B7
:10F0000033FB41F6D335C0F606056EA12A46F8F764
:10F010004FFB00203B214FF0000805F055FFCDE9E4
:10F020000208CDE90488F8F71FFB02A9009101212D
:10F0300000222B460125F8F7F4FA89F8005007F072
:10F0400009FD07F010FDC9F8040002F0ABFEC9F895
:10F0500008004FF47F40A9F82400FE20002103227D
:10F06000002309F0D3F8C9F810004FF0FF3000EB8F
:10F070001461C9F82040B4F1807F38BF0021D9F86D
:10F08000040089F80C10C9B2FDF709FC41F678605C
:10F09000C0F60600F7F703FEC8B141F678650446EE
:10F0A0000020C0F60605002781B22846F7F7F5FDD7
:10F0B000064608F0FDFB012805D1D9F804003146C9
:10F0C0000122FDF76FFC0137F8B28442ECD8F8F763
:10F0D00088FFF8F77DFFF8F785FCF8F71DF90020A9
:10F0E000F6F796FE0020F6F7FCFF01F018FEF1F7A8
:10F0F000FDFA06A9CDF81880F1F7EDFAF2F73FFC1A
:10F1000006A9CDF81880F2F72FFCFAF7DAFFFCF722
:10F11000F7FD00F0AFFCF9F7FAFC02F09AFAFEF7FF
:10F1200020FFFEF7E6F843F2D000C0F606000068C4
:10F130004DF20904C0EBC00007904FF04030C0F61C
:10F1400002048DF818800890099406F0ADFC06F0D2
:10F15000B4FCCDE90A4006F0A7FC06F0AEFC06AC14
:10F160000C902046F7F77EF80020F6F763F90020B0
:10F1700000F091FA0020F8F7C5FAF8F7B9FAF8F7B5
:10F1800021FB0020092105F09FFECDE90608CDE90D
:10F190000888F8F769FA41F6D335C0F6060501216B
:10F1A00000222B460094F8F73CFAF8F75DFA0DA11F
:10F1B0002A46F8F77DFA40F67830C1F200000DB02B
:10F1C000BDE8F083656F5F73657276696365735F31
:10F1D000496E697469616C6973652829207374616B
:10F1E00072747300656F5F73657276696365735FD0
:10F1F000496E697469616C69736528292069732097
:10F200006F7665720000000070B586B000284FF080
:10F21000FE0500F00F82002900F00C8206460878F7
:10F220004C7807284DD80D1DDFE800F0044B4B0942
:10F230005504644430462146EDF7E4FFF9E12878AF
:10F240000021092C0591CDE90311029100F274818E
:10F25000DFE814F00A001501AF00CE0071003401A0
:10F260005301ED007A01900040F67831421EC1F260
:10F270000001FE2A81F8260011D30520222105F085
:10F2800023FE0290F8F7F0F902A941F6D33300917A
:10F29000C0F60603012100220025F8F7C2F9FCF7A9
:10F2A0001FFD4FF28922C0F6020229460123FDF715
:10F2B00023F8BEE13046214600220025EEF736FC59
:10F2C000B8E1316900254874FF200D748C74C8744E
:10F2D000EDF744FFAEE1A4F1FE00022801D3802C3B
:10F2E0000ED130694FF480610182FF218474C174B2
:10F2F00000219BE1304621462A46EEF717FC98E1B3
:10F300003069015D41F00201062940F03E81092C7F
:10F3100000F27781DFE814F00A00600148014D0136
:10F320003E0165016A0152016F014301FCF7D8FCFF
:10F33000FCF7C4FD63E1FF2811D10520252105F06C
:10F34000C3FD0290F8F790F902A941F6D33300917A
:10F35000C0F60603012100220025F8F762F9F9F74B
:10F36000CDFB4EF69B72C0F6020229460123F9F747
:10F3700061FE5EE1FF2811D105205B2105F0A4FDAF
:10F380000290F8F771F902A941F6D3330091C0F663
:10F390000603012100220025F8F743F9F2F7EFFAFE
:10F3A0004EF2A772C0F6020229460123F2F744FF8B
:10F3B0003FE1FF2811D10520242105F085FD0290B1
:10F3C000F8F752F902A941F6D3330091C0F60603CB
:10F3D000012100220025F8F724F9FAF769FE4EF61C
:10F3E0008F22C0F6020229460123FBF717F820E11D
:10F3F000FF2811D10520262105F066FD0290F8F7BF
:10F4000033F902A941F6D3330091C0F60603012176
:10F4100000220025F8F705F900F022FB4EF6E52260
:10F42000C0F602022946012300F0AEFD01E1FF28EB
:10F4300011D10520492105F047FD0290F8F714F994
:10F4400002A941F6D3330091C0F606030121002240
:10F450000025F8F7E6F8F8F707F941F6D33280A16E
:10F46000C0F60602F8F724F9FDF73AFF4EF2FD72F6
:10F47000C0F6020229460123FEF732F9D9E0FF283F
:10F4800011D10520232105F01FFD0290F8F7ECF8BB
:10F4900002A941F6D3330091C0F6060301210022F0
:10F4A0000025F8F7BEF801F031FC4EF6DB62C0F63D
:10F4B00002022946012301F0ACFDBAE0FF2811D178
:10F4C0000520332105F000FD0290F8F7CDF802A9E0
:10F4D00041F6D3330091C0F6060301210022002536
:10F4E000F8F79FF802F0ACF84FF28112C0F6020272
:10F4F0002946012302F0C2FA9BE0FF2811D1052022
:10F50000382105F0E1FC0290F8F7AEF802A941F6C7
:10F51000D3330091C0F60603012100220025F8F73D
:10F5200080F8FEF715FD4EF65302C0F6020229469A
:10F530000123FEF7E7FE7CE032694FF4407313824B
:10F540009474D074117572E0FF2811D105205521F3
:10F5500005F0BAFC0290F8F787F802A941F6D33318
:10F560000091C0F60603012100220025F8F759F8A2
:10F57000F1F7BCF84EF251720126C0F6020229469C
:10F5800000230096F2F782F953E04FF48061018284
:10F59000847448E0F9F7B2FAF9F76EFB2FE0F2F75E
:10F5A000EEF9F2F743FE2AE0FAF782FDFAF7D2FE0F
:10F5B00025E000F055FA00F044FC20E0F8F754F89C
:10F5C00041F6D3321DA1C0F60602F8F771F8FDF737
:10F5D00087FEFDF729FF12E001F098FB01F0AFFC78
:10F5E0000DE002F02DF802F0E1F808E0FEF7B0FCC3
:10F5F000FEF752FD03E0F1F779F8F2F741F910B1A7
:10F60000306900210BE030190121017505F023FD5F
:10F61000012105F0F3FEB0FA80F130694909017467
:10F62000042184744174FF21C174015D0175EDF7FB
:10F6300095FD002568B206B070BD00BF63616C6CBB
:10F64000696E6720656F5F706F735F53746172746A
:10F65000282920696E207365727669636500000051
:10F6600063616C6C696E6720656F5F706F735F5666
:10F670006572696679282920696E207365727669DA
:10F680006365000045F2D000C1F200000179012954
:10F6900018BF00207047B0B545F2D004C1F2000495
:10F6A0002079012806D00120012101251AF06AFDE8
:10F6B0002060257145F2D000C1F20000B0BD20B13C
:10F6C00019B9006811461AF00DBD4FF0FF307047B0
:10F6D00020B119B9006803211AF032BD4FF0FF3094
:10F6E00070472DE9F04389B0074600284FF0FE002F
:10F6F00000F084800D46002900F080807878002892
:10F700007BD0F878002878D0022014468DF80800C5
:10F7100005F0A1FC0DF10808414605F08FFC9DF8AD
:10F720000800012869D129781E2204F0010002EAAC
:10F73000D101084400F14006F6F765FB314603228B
:10F7400000234FF00009F6F79CFA0646FF281CBF7D
:10F7500007EB8600D0F8D49197F8C00186423ED2DC
:10F760002868A9796FF31F3040EA0130D5E9021209
:10F7700009F10809ADF81A00484608920791F5F713
:10F78000DAFC70B307F5E27757F8260003F000FCC7
:10F7900068B30320012105F097FB02902868A9793E
:10F7A0006FF31F3040EA0130ADF80E002846F7F73E
:10F7B00006F905912978049008098DF80D000220BA
:10F7C000002C08BF01208DF80C00F7F74DFF032136
:10F7D00000220023CDF80080F7F723FF0DE0FF2083
:10F7E0000CE00DF11A014846F5F7E3FC05E057F887
:10F7F00026000DF11A0103F0D2FC002040B209B03E
:10F80000BDE8F0832DE9F04F85B000284FF0FE06EB
:10F8100000F0B9800D46002900F0B5800446287834
:10F8200007282FD16078012802D1204600F0B0F8D7
:10F83000F7F7AEFCA97AF7F7C6FEF7F7A9FCF7F7DA
:10F84000A6FDE8B104F1140029464FF4B472E2F7C2
:10F8500094FBA87A84F8C001B0B104F5EA760027D9
:10F86000F7F796FCF9B2F7F730FD46F8270094F861
:10F87000C00101378742F3D3B0FA80F0400904E0B9
:10F8800000206070FF267EE001204FF4804104914B
:10F8900029792A898DF8101000210028ADF812204E
:10F8A000ADF80E1084F8C11154D105F10C000025FB
:10F8B0000DF110090DF10E06019000BF0199002015
:10F8C0004FF0010A01EB8501029100BF02995FFA36
:10F8D00080F831F810704FF0010B00BF5FFA8BF128
:10F8E0003846F7F7FBF8012824D19DF8110000F005
:10F8F000E00040EA080040EA4B01D4F8A0018DF88E
:10F900001110494603F04BFC9DF80E00314600F003
:10F91000E00040EA080040EA4B008DF80E00D4F801
:10F92000A4018DF80F5003F03AFC94F8C1010130A6
:10F9300084F8C101BBF10E0F0BF1010BCED30120F6
:10F940005FEACA714FF0000AC0D194F8C0010135D6
:10F950008542B3D3F6F757FAD4F8A011F6F7F2FAC6
:10F96000F6F751FAD4F8A431032100220026F5F766
:10F97000F9FF0120607004202073FFF729FB227B30
:10F980000321FFF715FB70B205B0BDE8F08F000052
:10F99000002862D0F0B581B00446407800284FD0EE
:10F9A000E078012804D1204600F064FA607848B17C
:10F9B000D4F8E4014DF26F42C0F6040200210023A6
:10F9C000FFF77AFAF6F71FFAD4F8A43103210022E0
:10F9D0000025F6F755F8F6F716FAD4F8A011F6F761
:10F9E00001FBF7F7D5FB0021F7F7EDFD04F5DE7617
:10F9F000002784F8C15100BF06EB87008561F555EB
:10FA0000806803F08FFA0137042FF5D104F1140058
:10FA10004FF4B471E2F752FBD4F8A001FF21217535
:10FA200003F080FAD4F8A40103F07CFAD4F8A8011A
:10FA3000F5F7DAFBD4F8800102F09CFA0020607040
:10FA400001202073FFF7C4FA227B0321FFF7B0FAED
:10FA5000002001B0BDE8F04000E0FE2040B2704759
:10FA600041F6E820C1F200000178012918BF00200A
:10FA7000704700002DE9F04182B041F6E828C1F25C
:10FA8000000898F80000012859D0FF20002588F8C8
:10FA9000140004200F2100220023A8F8C051009573
:10FAA000019503F07FFAC8F8A00102200F2100227F
:10FAB00000230095019503F075FAC8F8A401012010
:10FAC0000A210022F5F746FB08F5DE760027C8F884
:10FAD000A80100BF06EB87040A2040210022002372
:10FAE000A561F5550095019503F05CFA0137042FE7
:10FAF000A060EFD104200421002204240025F5F7A2
:10FB000029FBC8F8E40102F04DF9C8F8800105208E
:10FB10001F2188F8984188F88D5105F0D5F9C8F86B
:10FB200088010120A8F8000088F8035088F80C002C
:10FB3000FFF74EFA98F80C200321FFF739FA41F647
:10FB4000E820C1F2000002B0BDE8F081B0B582B09B
:10FB5000D8B10446F7F788FD94F8981104F5C472FB
:10FB600044F61C730092C0F6060300220025F7F746
:10FB700058FDD4F8880105F093F9072806D1F5F768
:10FB800050FCF5F78AFD002500E0FE2568B202B0C2
:10FB9000B0BD0000A8B32DE9F04F81B00646407813
:10FBA00000285CD096F8C00192460A4681422AD2CB
:10FBB00003200021FF234FF6FF7407F0A5FE074640
:10FBC0009AF80400BAF805108DF8010044F60250C6
:10FBD000A6F8B401BAF8000006F5DA78A0420DF1F3
:10FBE0000100ADF80210C6F8B8010ED1BAF8020053
:10FBF000A0420AD1F6F72DFB41463A46F6F782FCC1
:10FC00002DE0FE202FE0FF202AE0402700254FF0C6
:10FC1000010900BF5FFA85FB012400BF3AF8150017
:10FC2000E1B2F6F75BFF01280FD107F0E00000EB2F
:10FC3000440040EA0B07F6F70CFB26F0FF0141EA0F
:10FC4000070641463246F6F709FD0E2C04F1010481
:10FC5000E4D301255FEAC9704FF00009DAD1002032
:10FC600001B0BDE8F04F40B270472DE9F04387B0D6
:10FC700070B30446407868B394F8C0010D468142E1
:10FC80002AD240F202701646A4F8B40100270320DD
:10FC900000212A46FF2304F5DA78C4F8B87107F08A
:10FCA00033FE022E814642D0012E1AD0AEB9012079
:10FCB0008DF8080002A8C4F8B801F6F7CAFA414660
:10FCC0004A46F6F71FFC6019002780F8BC7104E073
:10FCD000FE2702E0002700E0FF2778B207B0BDE86A
:10FCE000F08344F602400027A4F8B401C4F8B871C8
:10FCF000F6F7AFFA41464A46F6F704FC60190121CF
:10FD000080F8BC110320042105F0DEF8CDE90207DC
:10FD1000CDE90477F7F7A8FC44F61C7302AEC0F6F1
:10FD20000603032100220096F7F77BFCD5E702A823
:10FD30008DF80870C4F8B801F6F78BFA41464A46C8
:10FD4000F6F7E0FB6019012180F8BC11C5E750B15E
:10FD5000134642784AB1D0F8E4014DF26F42C0F642
:10FD60000402FFF7A9B8FE2000E0002040B270476F
:10FD7000A0B32DE9F04F83B00646407800285AD052
:10FD800096F8C00192460A46814229D203200021FA
:10FD9000FF234FF6FF7407F0B7FD0746BAF80400DB
:10FDA000DAF80C10ADF8060045F20200A6F8B4012E
:10FDB000BAF8000006F5DA78A0420DF106000291CB
:10FDC000C6F8B8010ED1BAF80200A0420AD1F6F77F
:10FDD00040FA41463A46F6F795FB2CE0FE202EE02D
:10FDE000FF2029E0402700254FF001095FFA85FB3D
:10FDF000012400BF3AF81500E1B2F6F76FFE0128C2
:10FE00000FD107F0E00000EB440040EA0B07F6F7E3
:10FE100020FA26F0FF0141EA070641463246F6F78E
:10FE20001DFC0E2C04F10104E4D301255FEAC97026
:10FE30004FF00009DAD1002003B0BDE8F04F40B226
:10FE40007047A0B110B50446407860B1E078012851
:10FE500009D00120E07006202073FFF7B9F8227B5B
:10FE60000321FFF7A5F80020BDE8104000E0FE20C8
:10FE700040B2704770B548B30446407820B3E0788C
:10FE8000002520B320460DF0B5FA0420E57020735C
:10FE9000FFF79EF8227B0321FFF78AF894F8C00150
:10FEA000A8B1002604EB8600D0F8D411D0F8C451D4
:10FEB00001F10800F5F798F9284603F033F894F8B3
:10FEC000C00101368642EDD3002500E0FE2568B270
:10FED00070BD0000002853D02DE9F04F81B00546D9
:10FEE0004078002847D0E878002844D095F8C00131
:10FEF000002840D08B4605F5EA7A05F5E278002423
:10FF0000009500BF5AF8240058F82460BBF1010F97
:10FF100000F1080702D13846F5F766F93846F5F7DB
:10FF20000AF9012822D0304603F023F801281DD019
:10FF30003846F5F7F3F80546304603F05DF95FFA09
:10FF400080F94D4538BFA946009DB9F1000F0DD08D
:10FF5000304603F016F801463846F5F72AF93046E0
:10FF600003F0F4F8B9F10109F2D100BF95F8C0012E
:10FF700001348442C6D3002001B0BDE8F04F00E058
:10FF8000FE2040B2704700002DE9F04F8FB0904640
:10FF9000814600285BD08B46002958D09BF8000092
:10FFA000072868D199F801001F46012802D1484668
:10FFB000FFF7EEFC022089F80C00FFF709F899F82A
:10FFC0000C200321FEF7F4FFD9F8800101F0D2FFE5
:10FFD000C9E9018989F80270BBF80400DBF8061052
:10FFE000ADF832009BF80A004FF0000A00284FF0ED
:10FFF00000060D91ADF830A041D00DF1300A00247B
:020000040804EE
:10000000002500BF0BEB8607B889F98904430D432F
:10001000F6F777FDF98907460846F6F772FD38448A
:100020000AF806009BF80A0001368642EAD39DF8DA
:1000300030009DF831104FF0000A08284FF00006FC
:1000400088BF0126082988BF4FF0010A19E041F650
:10005000E824C1F2000405202073FEF7B9FF227BDB
:100060000321FEF7A5FFB8F1000F02D0484600219A
:10007000C047FE208CE0052089F80C007AE00025BE
:100080000024A0B2ADF83840ADF83A50F6F739FD8B
:100090000746A8B2F6F735FD3844C1B20F291ED87D
:1000A000EEB9BAF1000F1AD1D9F8A801F5F79CF80A
:1000B000D9F8A8010DF13201F5F77BF84DF27F4038
:1000C000C0F6040009F5D675C9E96B0BF5F7A9F977
:1000D000D9F8A8112A46F5F7F7FA002058E00021D0
:1000E000A9F88C1100020E990F30A9F88E01C817DB
:1000F00004AEC9E964103046202109F5C474E1F763
:10010000DDFF0AF01DF90AF024F94DF20F610346F4
:10011000C0F6040130464A46F4F7D7FC0520062114
:10012000052504F0D1FEC9F88801042089F898015A
:10013000F7F79AFA99F8981144F61C73C0F606037B
:1001400000220094F7F76DFAD9F8841181B143F2D7
:10015000B802C0F60602FF27D9F88001D2E90023D1
:1001600089F899710127CDE90017029601F08EFEFA
:1001700089F80C50FEF72CFF99F80C200321FEF7AC
:1001800017FFB8F1000F02D048460021C047FF20FA
:1001900040B20FB0BDE8F08F002814BF4079FF20B7
:1001A000704700002DE9F04F81B00546F7F75CFA83
:1001B00042F2D84744F694532946C0F606074FA2A8
:1001C000C0F60603002D18BF01210097F7F722FAA9
:1001D000FAF774FE042110220123FAF779FE814612
:1001E0000560E878002689F80500FF2089F804609A
:1001F00089F80600FAF762FE2B7804210822FAF744
:1002000067FE2A78C9F80800A2B10146002700BF9E
:1002100041F83760FAF752FEAB7801210122FAF774
:1002200057FED9F808102B7801EBC70201379F421F
:100230005060EDD3687800283DD044F6945A0026EB
:10024000C0F6060A4FF0010BEF68F7F70DFA17F842
:100250003620297807EBC6088A420DD298F801208B
:100260008A4209D298F80210AA7891424FF0000110
:1002700038BF012101E000BF002142F2D84425A28D
:100280005346C0F606040094F7F7C4F9D9F80800FD
:1002900017F8361098F8023000EBC10250F83170B0
:1002A0000BFA03F45268274340F83170D65468784B
:1002B00001368642C8D3287938B1FAF7FFFD2A798A
:1002C00004210123FAF704FE00E00020D9F8001011
:1002D000C9F80C000A691AB148469047D9F80010CD
:1002E000C878496989F80500002089F8040009B137
:1002F00048468847484601B0BDE8F08F656F5F7398
:100300006D5F4E657728293A204E554C4C20636628
:1003100067000000735F656F5F736D5F53706563A7
:1003200069616C69736528293A2077726F6E67205E
:100330006366670000283FD02DE9F041044600685D
:100340000D4681788D4239D2217959B98268C078B9
:10035000012102EB001021718168FF20A07109B119
:1003600020468847A068667950F83610E940C907EA
:1003700026D000EBC60021684068A571D1E9028152
:10038000405D01EBC0077D78AE4205D008EB06105A
:10039000C16809B120468847796809B12046884775
:1003A0007878AE42607105D008EB0510816809B11C
:1003B00020468847002004E0FE2004E0FF2000E003
:1003C000FB20BDE8F04140B2704718B1017919B186
:1003D000002012E0FE2010E0016801228B68C9783D
:1003E000027103EB01118968FF2200298271EFD0AD
:1003F00080B588470020BDE8804040B2704710B506
:10040000FAF75CFD042118220123FAF761FD044686
:10041000F4F750FBA060F4F74DFBA168E0600846DC
:10042000F4F7F4FAE068F4F7F1FAFF2020704FF4E3
:10043000407000212082204661806160A17461616A
:1004400010BD80B5F6F745FB002814BF40680020BA
:1004500080BD80B5F6F73DFB002814BF0078FF2073
:1004600080BD2DE9F0411E4617460C46F6F731FBDC
:1004700080B10546DDE9068008996874A868002205
:100480002C706F806A602A74A9742EB13146F4F71B
:10049000C4FA03E0FE200CE0F4F7B8FAE868B8F11B
:1004A000000F03D04146F4F7B8FA01E0F4F7AEFAD2
:1004B000002040B2BDE8F08170B514460E46F6F754
:1004C00008FB30B1054680682EB13146F4F7A5FA35
:1004D00003E0FE200AE0F4F799FAE8681CB121462F
:1004E000F4F79BFA01E0F4F791FA002040B270BDF6
:1004F00070B582B004460020019054B120461646E3
:100500000D46FFF79EFF2068417C012903D1FF20A3
:1005100020E0FE201EE0807C012808D10AF075F85A
:10052000214632460AF07AF808B1FD2012E06068F0
:10053000E26801A9F7F790FE60B901992846FCF737
:10054000EBFB43F2D401C0F6060160680968F7F7D7
:100550002FFF002040B202B070BD00002DE9F04F27
:1005600083B01D46914688460746FAF7A7FC04214A
:1005700030220123FAF7ACFC0446F7F775F844F68D
:100580004C6355EA07014FF0000630A2C0F606039F
:1005900018BF01210096F7F73DF8FFF730FF4CF642
:1005A000075A4CF6195BC0F6030AC0F6030B20602D
:1005B0007FB14CF65752C0F6030214203946434629
:1005C000CDF800B0CDF80890CDF804A0F7F768FE9C
:1005D000064666606DB1DDE90C374CF65752C0F641
:1005E000030214202946CDE900BA0297F7F758FE16
:1005F00000E0002043F2D401C0F606010968C4E916
:10060000020101F0CFFB206142F24850C0F6060023
:1006100090E80E00C06804F1180C8CE80E006062CF
:10062000F4F748FA0546A06209F08AFE09F091FE47
:100630004DF26B610346C0F6040128462246F4F7EA
:1006400044FA204603B0BDE8F08F00BF656F5F73CA
:100650006F636B65746474675F4E65772829206EDD
:1006600065656473206174206C65617374206F6EBE
:100670006520706B7420717565756500002846D023
:100680002DE9F04184B0044602F0FD001D461746F6
:10069000884601280DD1A06858B9F6F7E5FF44F661
:1006A0004C63002634A2C0F6060305210096F6F737
:1006B000B8FF07F0FE0002280DD1606858B9F6F7C0
:1006C000D3FF44F64C63002636A2C0F6060305218C
:1006D0000096F6F7A6FF0A9E012D12D1606880B938
:1006E000F6F7C2FF45F6061244F64C634FF0000CD5
:1006F000C0F60602C0F606030521CDF800C0F6F7E5
:1007000090FF04F1180026B14ECE4EC00BE0FE2043
:1007100030E042F24851C0F6060191E84C00C96849
:1007200080E84C00C1602068007C08B1FF201EE01A
:10073000DDE90B300021CDE9000720464246029555
:10074000FFF78FFE09F061FF214609F04FFF70B9F6
:1007500094F82400012809D12069D4E90623216AEC
:10076000A76A01268DE8C20001F090FB002004B0CA
:10077000BDE8F04140B27047656F5F736F636B65B2
:10078000746474675F4F70656E2829206E656564B8
:100790007320616E206F7574707574207175657546
:1007A00065000000656F5F736F636B6574647467E9
:1007B0005F4F70656E2829206E6565647320616ED9
:1007C00020696E7075742071756575650000000094
:1007D000B0B584B050B104460D46FFF732FE18B1F3
:1007E0002068407C022803D1FF2019E0FE2017E09A
:1007F000D4E902022946F7F7B1FD88B943F2B800FF
:10080000C0F60600D0E90001D4E906235940504063
:10081000084301D1206AB0B194F8240018B1002037
:1008200040B204B0B0BD206901F0AFFA0128DBD0BE
:100830002069D4E90623216AA56A00248DE83200E4
:1008400001F024FBEDE709F0E0FE2146102204B0A0
:10085000BDE8B04009F0C1BE4FF0FE0238B131B181
:100860000268527C012A04D10020FF22088050B285
:1008700070474368C2681846F7F7B5BDA8B170B5B0
:1008800005460068007C90B114460E4609F0BDFE96
:1008900009F0B3FE284631462246FFF70DFE09F067
:1008A000B4FE09F087FE002002E0FE2002E0FF20F7
:1008B000BDE8704040B270472DE9F04786B000288F
:1008C0004FF0FE0400F027818846002900F02381C4
:1008D0001E46012B2FD841F6D047C1F20007D7F8AA
:1008E000C401002800F0168115460278182122B1B3
:1008F000042A02D0032A13D12821084408F108024F
:1009000031460323002E18BF0321F4F7C7FB3878C4
:1009100001282DD1787898B3D7F8CC0102F056FD94
:1009200045F2F401C1F2000108683A780130012A69
:1009300008602CD030E006F0FE0102290FD1D0F87B
:10094000C401002800F0E680283008F10802B11E3A
:100950004FF0030318BF0321F4F7A0FBDAE0042EE5
:1009600040F0D8804046002100240CF037FFD2E050
:1009700045F2F401C1F200010868013008600BE0A3
:1009800045F2F401C1F20001086801300860D7F8AF
:10099000C41109B1497800E0002198F80620072A1F
:1009A00067D198F80E20002A63D0C2F381076EB198
:1009B00045F2F803012FC1F2000314D0022F16D123
:1009C00045F20417C1F2000706370DE045F2F806BC
:1009D000012FC1F2000629D0022F2BD145F20413BA
:1009E000C1F2000323E09F1D3E8801363E80C2F322
:1009F0000117012F07D0022F0AD145F20417C1F2C7
:100A00000007083701E003F108073E8801363E8001
:100A10009209012A07D0022A2BD145F20412C1F211
:100A200000020A3222E003F10A021FE033461F8867
:100A300001371F80C2F30113012B07D0022B09D10C
:100A400045F20413C1F200039F1C00E0B71C3B8871
:100A500001333B809209012A07D0022A09D145F2CD
:100A60000412C1F20002043200E0321D1388013387
:100A7000138000294FF000044DD04FF4FA62514327
:100A8000884248D345F2F400002D45F2041545F2A2
:100A9000F804C1F200004FF000064FF0020AC1F264
:100AA0000005C1F200040DF108094FF000070660CF
:100AB00008BF4FF0010A00BF35F81700CDE9046602
:100AC0000396029610B934F8170000B398F80000A6
:100AD000022100098DF80D0001208DF80CA004F012
:100AE000F3F9029035F8170034F81710ADF80E70CE
:100AF000CDE90410F6F7B8FD042100220023CDF85B
:100B00000090F6F78EFD25F8176024F8176001377E
:100B1000062FD1D1002460B206B0BDE8F0872DE9E0
:100B2000F04182B000284FF0FE0662D00D46002949
:100B30005FD00446287806285AD16078012802D16F
:100B4000204600F05AF8F6F723FB01214FF0010888
:100B5000F6F746FDF6F71CFBF6F720FC002845D01B
:100B6000F6F716FB00210026F6F7BCFBC4F8C4011B
:100B700004F1140029464FF4B472E1F7FEF9A97AA2
:100B80000227287967F35F118DF8051029898DF800
:100B90000400D4F8A001ADF8061001A902F0FFFA94
:100BA000F5F731F9D4F8A011F5F7CCF9A87A0DF1E1
:100BB000020167F35F108DF80200D4F8A4018DF8EC
:100BC000036002F0ECFAF5F71EF9D4F8A431022123
:100BD0000022F4F7C7FE042084F801802073FEF79A
:100BE000F7F9227B0121FEF7E3F902E000206070B3
:100BF000FF2670B202B0BDE8F081002851D0B0B538
:100C000004464078002840D0E078012804D12046EE
:100C100000F0BFF9607848B1D4F8C8014DF27F62A6
:100C2000C0F6040200210023FEF746F9F5F7EBF8C1
:100C3000D4F8A431022100220025F4F721FFF5F7B2
:100C4000E2F8D4F8A011F5F7CDF9F6F7A1FA0021F2
:100C5000F6F7C6FC04F114004FF4B471C4F8C451A3
:100C6000E1F72CFAD4F8A001FF21217502F05AF91E
:100C7000D4F8A40102F056F9D4F8A801F4F7B4FAB4
:100C8000D4F8800101F076F9657001202073FEF739
:100C90009FF9227B0121FEF78BF90020BDE8B040CF
:100CA00000E0FE2040B2704770B582B050B3427889
:100CB00032B341F6D046C1F200063278C0F8C01116
:100CC000012A1DD1D6F8C4010025E0B100F10802C7
:100CD00006200221F4F73EFA41F60200A6F8B4011C
:100CE0000DF107008DF8075006F5DA74C6F8B80163
:100CF000F5F7AFFAD6F8BC212146F5F766FC02E01D
:100D0000002500E0FE2568B202B070BD41F6D0407B
:100D1000C1F200000178012918BF00207047F0B52A
:100D200085B041F6D044C1F20004207801285DD09E
:100D3000022000210022FF230025FF2606F0E4FD0B
:100D4000C4F8BC0104200121002200232675CDE94E
:100D500000550427012602F025F9C4F8A00102205D
:100D60000121002200230095019502F01BF9C4F82F
:100D7000A40101200A210022F4F7ECF9C4F8A8012B
:100D8000022004210022C4F8C451F4F7E3F9C4F8A6
:100D9000C80148F2A060C0F2010002904FF47A70DE
:100DA0000395ADF80C004DF6CD00C0F6040004909C
:100DB00002A8C4F8C05102F0E3FAC4F8CC0100F074
:100DC000F1FFC4F8800105201D2184F8987184F892
:100DD0008D5104F079F8C4F888012680E5702673F7
:100DE000FEF7F6F8227B0121FEF7E2F841F6D0404B
:100DF000C1F2000005B0F0BDB0B582B0D8B1044674
:100E0000F6F732FC94F8981104F5C47244F6367380
:100E10000092C0F6060300220025F6F702FCD4F883
:100E2000880104F03DF8092806D1F4F7FAFAF4F73E
:100E300034FC002500E0FE2568B202B0B0BD70B5FC
:100E40004FF0FE06B0B10D46A1B10446407880B126
:100E50002978204600F038F86978204600F00CF830
:100E6000A878012805D1204600210026FFF71CFFA5
:100E700000E0002670B270BDB0B582B08DF80710EA
:100E8000F0B104464078C8B140F60200A4F8B401BD
:100E90000DF1070004F5DA75C4F8B801F5F7D9F9D2
:100EA000D4F8BC212946F5F790FB9DF80710D4F83B
:100EB000CC0142F21072514302F0B7FA002000E078
:100EC000FE2040B202B0B0BDB0B582B08DF80710C0
:100ED000E0B104464078E8B140F20270A4F8B401F1
:100EE0000DF1070004F5DA75C4F8B801F5F7B1F9AA
:100EF000D4F8BC212946F5F768FB9DF80710D4F813
:100F0000CC01012904D102F087FA03E0FE2002E0BF
:100F100002F070FA002040B202B0B0BD50B11346EA
:100F200042784AB1D0F8C8014DF27F62C0F604029F
:100F3000FDF7C2BFFE2000E0002040B2704728B39A
:100F4000B0B504464078E8B1E07801281AD0012015
:100F5000E07006202073FEF73BF8227B0121FEF7AC
:100F600027F8D4F8C40140F2027104F5DA75A4F848
:100F7000B411C4F8B801F5F76CF9D4F8BC212946CE
:100F8000F5F723FB0020BDE8B04000E0FE2040B2B2
:100F9000704770B582B018B30446407810B3E0785B
:100FA000002600B301208DF8070040F20270A4F87B
:100FB000B4010DF1070004F5DA75C4F8B801F5F7CE
:100FC00048F9D4F8BC212946F5F7FFFA0420E67069
:100FD0002073FDF7FDFF227B0121FDF7E9FF02E011
:100FE000FE2600E0002670B202B070BD70B14178FC
:100FF00051B1C17841B180B5D0F8CC0102F08DF982
:101000000020BDE8804002E0002000E0FE2040B269
:1010100070472DE9F04184B01546044600284AD0B7
:101020000E46002947D03078062856D160781F46F2
:10103000012802D12046FFF7E0FD02202073FDF7D2
:10104000C7FF227B01214FF00108FDF7B1FFD4F863
:10105000800100F08FFFC4E90154A770B088B27A14
:10106000ADF80600D6F806000DF106050290C2F3B1
:10107000430008FA00F3D4F8A801A91D002702F0E4
:101080000102039721F81230F4F7AEF8D4F8A80162
:101090002946F4F78EF84DF28560C0F6040004F599
:1010A000D675C4E96B06F4F7BCF9D4F8A8112A4642
:1010B000F4F70AFB1EE041F6D046C1F20006052017
:1010C0003073FDF785FF327B0121FDF771FF15B10C
:1010D00020460021A847FE270CE005202073FDF7DD
:1010E00077FF227B0121FDF763FF15B12046002128
:1010F000A847FF2778B204B0BDE8F081002800F0CF
:1011000082802DE9F04389B004464078002800F041
:10111000A180E078002800F09D8094F8BC010028B0
:1011200000F0988002201D4616460F468DF80800F4
:1011300003F091FF0DF10808414603F07FFF9DF891
:10114000080001284FF0000040F085800790D4F897
:10115000C8014FF47061D6F80090069101F018FFB5
:10116000012828D10820002103F0AEFE029030684B
:10117000B1796FF31F3040EA0130ADF80E00304610
:10118000F5F71DFC05913178049008098DF80D00E4
:101190000220002D08BF01208DF80C00F6F764FA3C
:1011A000032100220023CDF80080F6F73AFA20460A
:1011B000012100F033FB0F2F27D15FFA89F0B6F839
:1011C0000910070905F00105C9F3031040EA0516E7
:1011D000ADF81A1009F088FB09F094FB4FF47A720D
:1011E0000023E0F738FA0790D4F8C80106A98DF873
:1011F000186001F0D4FF04EB450000F5FA703946A1
:10120000F5F770FC26E0FE2028E00720012103F01E
:101210005BFE02903068B1796FF31F3040EA013015
:10122000ADF80E003046F5F7CAFB05913178049011
:1012300008098DF80D000220002D08BF01208DF84F
:101240000C00F6F711FA032100220023CDF80080EC
:10125000F6F7E7F9002009B0BDE8F04340B2704767
:101260002DE9F04F8DB000284FF0FE0A00F02981E3
:101270000D46002900F0258104462878092840F011
:101280001E816078012802D1204600F074F9F5F73C
:101290007FFF0121F6F7B1F9F5F77AFFF6F785F848
:1012A000002800F00A810DF13009F5F771FF0021E7
:1012B0004FF0000AF6F723F8C4F8CC0104F114004B
:1012C00029464FF4B472E0F758FE2F1D8FCF04F576
:1012D000EA7CAE698CE88F00D4F8EC0105F11C01C2
:1012E0002022C4F8E861E0F7C1FDD4F8EC014FF426
:1012F0007A71C4E97CAAC4F8F8A1C4F8FC11F3F728
:101300009DFFC4F8F0A1D0B1054604F5F87600279A
:10131000D4F8EC01F9B2F3F7F6FE60B1417801F0D0
:101320000300012807D1C1F3800006EB4000C1F3A0
:10133000C301F5F7DFFB0137F8B2A842E8D309F1A2
:1013400002000090D4F8EC0104F5EA75F3F776FF9B
:1013500080465E480DF1140E04905CA0071D8ECFF0
:10136000D0E9056CC069B8F1000FCDF830A08EE867
:101370008E00CDE9096C0B9023D000260DF1100AE8
:10138000D4F8EC01F1B2F3F7BEFEB0B141780746F4
:1013900001F00300012810D1C1F3800049EA4000A8
:1013A000C1F3C301F5F7A6FB78783978C0F3800262
:1013B000C0F3C3000AEB021211540136F0B24045EB
:1013C000DED344F2FE0003904020ADF80A000DF198
:1013D000300801200DF10C090DF10A07002600BFAD
:1013E000019004A800EB061B4FF0010AB8F80000BA
:1013F0005FFA8AF1F5F772FB01282FD11BF80A106A
:1014000028468DF80C1002F099F810B10179407956
:1014100001E0002100208DF80E109DF80D108DF8D0
:101420000F0001F0E000304340EA4A01D4F8A00187
:101430008DF80D10494601F0B2FE9DF80A0000211A
:1014400000F0E000304340EA4A008DF80A00D4F88A
:10145000A4018DF80B10394601F0A1FE0AF1010A32
:10146000BAF10F0FC2D10198DDF80080C0074FF02C
:1014700001064FF0000A4FF00000B1D1F4F7C3FCB1
:10148000D4F8A011F4F75EFDF4F7BDFCD4F8A43154
:1014900002210222F4F766FA20464FF0FF310CF0E9
:1014A0007BFA042084F8BCA166702073FDF790FDE0
:1014B000227B0521FDF77CFD03E0002060704FF0EA
:1014C000FF0A4FFA8AF00DB0BDE8F08FFE00000071
:1014D000000000000000000000000000000000000C
:1014E00000000000000000000000000010B586B001
:1014F000044600284FF0FE0018BF002938D060785D
:10150000A8B3088849880246A4F8C001A4F8C2110B
:1015100010B90122A4F8C021C3B2934221D042EAFB
:1015200000200021CDE90211ADF80E00CDE9041133
:101530000520322103F0C8FC0290032084F89801B2
:10154000F6F792F894F8981144F65C730DF1080CD4
:10155000C0F606030022CDF800C0F6F762F8B4F832
:10156000C21120460CF018FA012084F8BC010020BA
:1015700040B206B010BD00285FD0B0B50446407838
:1015800000284ED0E078012804D1204600F027F949
:10159000607848B1D4F8D0014DF68D22C0F604022F
:1015A00000210023FDF788FCF4F72DFCD4F8A431CA
:1015B00002210222F4F764FAF4F725FCD4F8A01112
:1015C000F4F710FDF5F7E4FD00210025F6F715F816
:1015D000D4F8EC01C4F8CC51F3F706FED4F8C801F6
:1015E00001F0A0FC04F114004FF4B471E0F766FDC3
:1015F000D4F8A001FF21217501F094FCD4F8A401D6
:1016000001F090FCD4F8A801F3F7EEFDD4F88001C6
:1016100000F0B0FCA4F8C25184F8BC51A4F8BD514C
:10162000657001202073FDF7D3FC227B0521FDF7B7
:10163000BFFC0020BDE8B04000E0FE2040B2704793
:1016400041F6A060C1F200000178012918BF002016
:1016500070472DE9F04182B041F6A064C1F2000468
:101660002078012867D0FF202075002504200F2155
:1016700000220023CDE900554FF0040801F092FC50
:10168000C4F8A00102200F2100220023CDE900555B
:10169000022601F087FCC4F8A40104200A210022DC
:1016A000F3F758FDC4F8A8014FF47A70C4E97E50EE
:1016B000012004210022C4F8C45184F8BC51A4F8CC
:1016C000BD51C4E97C55C4F8CC510127F3F742FD64
:1016D000C4F8D00104F5EA701821E0F7EFFC072008
:1016E00004210022F3F736FDC4F8EC010820102194
:1016F00000220023C4F8C0610095019501F052FC5E
:10170000C4F8C80100F04EFBC4F8800105202D216B
:1017100084F8988184F88D5103F0D6FBC4F88801D1
:101720002780E57084F800522773FDF751FC227B77
:101730000521FDF73DFC41F6A060C1F2000002B0BA
:10174000BDE8F081B0B582B0D8B10446F5F78CFFA2
:1017500094F8981104F5C47244F65C730092C0F6D4
:10176000060300220025F5F75CFFD4F8880103F09A
:1017700097FB302806D1F3F754FEF3F78EFF0025D0
:1017800000E0FE2568B202B0B0BD50B11346427809
:101790004AB1D0F8D0014DF68D22C0F60402FDF713
:1017A0008BBBFE2000E0002040B27047A0B110B516
:1017B0000446407860B1E078012809D00120E0704B
:1017C00006202073FDF704FC227B0521FDF7F0FBCA
:1017D0000020BDE8104000E0FE2040B27047B0B5E8
:1017E000B0B104464078A8B1E078002598B1204611
:1017F0000CF0BCF80420E5702073FDF7E9FB227BB8
:101800000521FDF7D5FBD4F8C80101F08BFB02E000
:10181000FE2500E0002568B2B0BD0000002857D0CA
:10182000F0B587B00446407800284CD0E078002816
:1018300049D094F8BC01002845D094F800020D4628
:10184000012834D1D4E97E01421C8842C4F8F82131
:101850002DD9B4F8F401B4F8F61140EA01021204EB
:1018600020D089B24FF4A02241EA004140F3C030B9
:1018700003920022CDE9041000203921029203F0E6
:1018800023FB0290032084F89801F5F7EDFE94F80D
:10189000981144F65C7302AFC0F60603002200976D
:1018A000F5F7BFFED4F8F0010021C4E97D0155B180
:1018B000D4F8CC01051D2846F3F796FCD4F8C801EE
:1018C00001F057FB38B1002007B0BDE8F04000E060
:1018D000FE2040B27047D4F8C80101F08DFC0746E5
:1018E0002846F3F723FC0646F8B2B04238BF064656
:1018F000002EE8D0D4F8C80101F043FB38B101460E
:101900002846F3F756FCD4F8C80101F01FFC013E4D
:101910004FF00000EED1D7E72DE9F04F85B0002859
:1019200000F09E8004464078002800F09F80E07818
:10193000002800F09B8094F8BC01002800F09680FD
:10194000012940F09080B4F8C40120B9B4F8C60170
:10195000002800F08B80B4F8C2014FF0000A002884
:1019600000F0868004F5E27003900120019004F5F8
:10197000DA70029043F60210A4F8B401D4F8EC0136
:1019800001210DF113068DF81310C4F8B861F3F7B7
:1019900055FC07464FF040094FF0000B09F0FE00E0
:1019A0005FFA8BF140EA01094FF0010803985FFAF2
:1019B00088F130F81B00F5F791F8012832D18DF845
:1019C00013A0FFB14FF0000AD4F8EC015FFA8AF1DE
:1019D000F3F799FB80B14078C0F3C30141450BD1C7
:1019E00000F00301012907D1C0F38000834503D132
:1019F00030460021F4F7DCFF0AF1010A5FFA8AF0B1
:101A0000B842E1D309F0E10000EB4809F4F721FC0A
:101A100025F0FF0141EA090502992A46F4F71EFE66
:101A20004FF0000AB8F10E0F08F10108BED301987B
:101A30004FF0010BC0074FF000084FF0000001907D
:101A4000ACD194F8C021204601210BF0D5FFD4F889
:101A5000C40184F800B2C4E97C00C4F8F88105E050
:101A60004FF0FE0A04E020460BF080FF4FF0000A22
:101A70004FFA8AF005B0BDE8F08F00002DE9F04F75
:101A800091B016468046002800F0DB800F46002902
:101A900000F0D7803878092840F0E38098F80100FA
:101AA0001C46012802D14046FFF765FD022088F858
:101AB0000C00FDF78DFA98F80C200521FDF778FA57
:101AC000D8F8800100F056FA0596C8E9016888F850
:101AD00002403E1D5FCE08F5EA7C8CE85F00D8F836
:101AE000EC0107F11C0120220497E0F7BFF9D8F8B8
:101AF000A801F3F779FBD8F8EC01F3F79FFB002579
:101B00000746109501F03EFD002863D008A808F5AF
:101B1000EA7906304FF0000A0690CDF81C9000BF1D
:101B20005FFA8AF0ADF82850CDE9085501F022FDA2
:101B300006464846314601F001FD002842D0818822
:101B40000068ADF824100890CDF82650D7B3069D54
:101B50004FF000094FF0000BD8F8EC015FFA8BF161
:101B6000F3F7D1FAE0B14178044601F0030001280F
:101B700016D12078864213D1C1F3800005EB4000D6
:101B8000C1F3C301F4F7B6FF617810AAC1F3800076
:101B900042EA4000C1F3C301F4F7ACFF4FF0010982
:101BA0000BF1010B5FFA8BF0B842D5D3B9F1010FFD
:101BB000DDF81C904FF0000504D1D8F8A80108A961
:101BC000F3F7F7FA0AF1010A5FFA8AF401F0DAFC96
:101BD0008442A5D3D8F8A801F3F730FB002850D0F1
:101BE000BDF84000F4F78DFFBDF8421004460846EA
:101BF000F4F787FF2044C1B21029C0F09A80002179
:101C0000A8F88C11000210990F30A8F88E01C8179F
:101C100008ACC8E964102046202108F5C476E0F736
:101C20004DFA08F08DFB08F094FB4DF65541034644
:101C3000C0F6040120464246F2F747FF05202F2157
:101C40003CE0052088F80C00FDF7C2F998F80C205C
:101C50000521FDF7ADF916B140460021B047FE2041
:101C600063E0052088F80C00FDF7B2F998F80C2025
:101C70000521FDF79DF9002E56D040460021B047C2
:101C800052E04FF48030002108ACC8E96307C8F87F
:101C900094112046202108F5C476E0F70FFA08F0E9
:101CA0004FFB08F056FB4DF655410346C0F60401C4
:101CB00020464246F2F709FF05203121052703F0AF
:101CC00003F9C8F88801042088F89801F5F7CCFCDE
:101CD00098F8981144F65C73C0F60603002200964B
:101CE000F5F79FFCD8F8841181B143F2B802C0F631
:101CF0000602FF26D8F88001D2E9002388F899610E
:101D00000126CDE90016029400F0C0F888F80C70A6
:101D1000FDF75EF998F80C200521FDF749F9059AC1
:101D200012B1404600219047FF2040B211B0BDE8FB
:101D3000F08F4DF6A1200499C0F6040008F5D67482
:101D4000C8E96B01F3F76DFBD8F8A8112246F3F749
:101D5000BBFC0020E9E710B518B10446007E00077F
:101D600000D410BD204600F005F908F097FF214689
:101D700008F09DFF20463021E0F7A0F9F9F79EF822
:101D80002146BDE81040F9F755B848B1007E00F093
:101D900003010129084618BF0220002918BF704717
:101DA0000020704770B582B0F9F788F8042130221E
:101DB0000123F9F78DF8044688B143F2B800C0F664
:101DC0000600D0E9000100220823237684E80700FA
:101DD000C4E903226261C4E90722C4E9092208F0C8
:101DE0005DFF42F2B8460546C0F6060650B9F5F763
:101DF0003BFC44F6A9530DA2C0F60603042100964D
:101E0000F5F70FFC2846214608F058FF50B1F5F7CA
:101E10002BFC44F6A95311A2C0F606030421009638
:101E2000F5F7FFFB204602B070BD00BF656F5F7421
:101E3000696D65725F4E657728293A20656F765F18
:101E400074696D65726D616E5F47657448616E643B
:101E50006C652829206661696C730000656F5F748A
:101E6000696D65725F4E657728293A20656F765FE8
:101E700074696D65726D616E5F4F6E4E6577546902
:101E80006D65722829206661696C73002DE9F04F39
:101E900081B0DDF8308099461646054608F0FEFE12
:101EA000B8F1000F4FF0FE0714D0044690B1404641
:101EB000F2F7ECFD68B143F2B8000A99C0F60600EB
:101EC000D0E900A751B98AEA060087EA0901084368
:101ED00004D0FF2778B201B0BDE8F08F43F2D40000
:101EE000C0F606000168204608F0FDFE033001D16F
:101EF000FA27EFE7DDF82CB0BBF1000F11D18AEA29
:101F0000060087EA090108430BD00A98371849F1FF
:101F1000000A08F0E9FC08F0F5FCC01B71EB0A00B0
:101F200023D235B1287E00F00301012903D1FA271D
:101F30001CE01820007800F0F800BBF1000F18BF7B
:101F40004FF0010B40EA8B0028760A98C5E900693A
:101F5000A86098E80F0005F11C0C8CE80F002046E3
:101F6000294608F094FE074600E0FF27204608F0C7
:101F7000ACFEAFE770B5054608F090FE4FF0FE06E8
:101F80005DB3044648B343F2D400C0F606000168CE
:101F9000204608F0A8FE033001D1FA261DE0287E75
:101FA00000F00300012805D12046294608F094FEE0
:101FB00006460FE00820287643F2B800C0F6060077
:101FC000D0E90001002685E84300EE60C5E9076618
:101FD000C5E90966204608F078FE70B270BDA8B168
:101FE0000A22012908BF0922002943F2B80108BFCB
:101FF0000822C0F606010276D1E90012002380E82B
:102000000E00C360C0E90733C0E9093370470028F8
:1020100014BF406B00207047002814BF006C0020E4
:102020007047B0B592B042F25855C0F60605002888
:1020300018BF0546F8F742FF042154220123F8F7A0
:1020400047FF696905F1080C0446D5E9002E9CE8B4
:102050000910616104F1080181E80910C4E9002E4A
:10206000D5E906CED5E90823D5E90A01C4E9082354
:10207000C4E90A01C4E906CEA869A0B1017891B10A
:10208000D0E90012D0E902030592CDE9060395F8E4
:102090002400049101280CBF286A0020059004A8A0
:1020A000F4F7C1FD00E000202063E96999B10A78E6
:1020B0008AB1D1E9000195F8242005910490012A04
:1020C0000CBF286A0020CDE9060404A8FBF7B0FB8A
:1020D0000146206B00E0002161636A690391CDE94C
:1020E000012001A8F2F766FE42F23451C0F6060163
:1020F000D1E90012A063CDE90C1229896A880EABE0
:10210000ADF83010ADF83220ADF83420D5E90A1220
:1021100007C30CA8FCF7A4F942F28851C0F60601E7
:102120000969E063089195E80F000DF1100C8CE847
:102130000F00288AA16BADF82000286A0A9195F853
:102140002410099004A8002918BF01218DF822103D
:1021500000F0D0F801460020C4E91100C4E91300E2
:102160002046216412B0B0BD10B1006C00F03CBA42
:102170006FF00100704710B5044600284FF0FE00D4
:1021800018BF002901D140B210BD206C00F0B6FA92
:1021900018B1E16C0131E164F5E70020F3E7F0B537
:1021A00085B0044600208DF813004FF0FE006CB39C
:1021B0000F4659B3606B1D461646FBF7F3FC03A9A7
:1021C0000DF10A023846FAF71CFD206C0399BDF8A0
:1021D0000A2000F08DFBE06B0DF113033946324607
:1021E0000095FCF793F988B99DF8131001290DD1DA
:1021F0000021E06B019101A9FCF71AF9206C01990B
:1022000000F063FE10B1616C0131616440B205B051
:10221000F0BD18B112B1006C00F09ABD6FF0010072
:10222000704718B113B1006C00F0EABD6FF0010007
:10223000704710B1006C00F0C2BC0020704710B1B4
:10224000006C00F0D5BC0020704710B50446002893
:102250004FF0FE0018BF002901D140B210BD206C24
:1022600000F09CFB18B1A16C0131A164F5E70020DE
:10227000F3E718B111B1006C00F007BD6FF0010079
:10228000704710B1006C00F059BB6FF0010070474F
:1022900010B5044600284FF0FE0018BF002901D1F8
:1022A00040B210BD206C00F02DFE18B1216D01313F
:1022B0002165F5E70020F3E710B1006C00F026BAC5
:1022C0006FF00100704760B159B110B50446006C61
:1022D00000F05EFA616B04460846FBF763FC20469B
:1022E00010BD6FF001007047002814BF806A002005
:1022F000704700002DE9F04184B042F28857C0F6E3
:102300000607002818BF0746F5F7AEF944F6B9747A
:10231000B96942F2D848C0F60604C0F606089BA286
:102320002346002918BF0121CDF80080F5F772F986
:10233000F5F79AF939889EA21C294FF0000123462F
:102340004FF0000688BF0121CDF80080F5F762F953
:10235000F8F7B4FD0421B0220123F8F7B9FD39885C
:1023600004460846FAF78DFC2060FCF75CFB6060D1
:10237000FCF759FBA060FCF756FBE060FCF753FB51
:102380002061FCF750FB6061FCF74DFBA061FCF79E
:102390004AFB7988E0610846FCF7D2F9B969C4E9DB
:1023A00008010846F2F7ACFBB969A0620846F2F7EB
:1023B000A2FBF968BD88C4E90B01388AA08605B381
:1023C000F8F77CFD04212A460123F8F781FDA0637C
:1023D000F8F774FD04212A460123F8F779FDE0633C
:1023E000F8F76CFD04212A460123F8F771FD2064FB
:1023F000F8F764FD04212A460123F8F769FD064633
:1024000002E0C4E90E662664F888666438B1F8F71D
:1024100055FDFA8804210123F8F75AFD00E0002059
:102420003989A06439B1F8F749FD3A8904210123BB
:10243000F8F74EFD00E0002079890026E06439B10C
:1024400028200022002300960196F7F703FC00E005
:1024500000202065A068A16B1C222B46C4E91666EB
:1024600026676667FCF7C6FAA068FCF783FAE0689F
:10247000E16B1C222B46FCF7BDFAE068FCF77AFA08
:102480002069216C1C222B46FCF7B4FA2069FCF76A
:1024900071FA6069616C1C222B46FCF7ABFA60692B
:1024A000FCF768FAA069A16CFB881C22FCF7A2FA71
:1024B000A069FCF75FFAE069E16C3B891C22FCF73C
:1024C00099FAE069FCF756FA206803A90DF10A02AF
:1024D000FAF7F7FB206802A9FAF7A7FB60680399EF
:1024E000BDF808301C22FCF785FA6068FCF742FA58
:1024F0006068FCF767FA01280ED0F5F7B5F845F6E5
:102500004B7244F6B973C0F60602C0F60603052105
:10251000CDF80080F5F785F82068216BA28EFAF7D8
:102520007CFB786968B1B97C01290AD18047796957
:10253000206688477969606688477969A066884718
:1025400003E00020C4E91800A066E06604F178000A
:1025500000251421C4E92455DFF7B0FD40F2011035
:10256000A4F89800C4E92755A4F8A450B88801211C
:1025700084F89A10FCF727FCA4F8A600C4F8A85029
:102580002046C4F8AC5004B0BDE8F081656F5F74BC
:1025900072616E736D69747465725F4E6577282918
:1025A0003A204E554C4C206167656E740000000067
:1025B000656F5F7472616E736D69747465725F4E7E
:1025C000657728293A2063617061636974796F6661
:1025D00074787061636B657420697320746F6F2009
:1025E000736D616C6C0000002DE9F04182B098B110
:1025F0001C46164605460F4601B3D5E9240195F859
:10260000982000234FF00008DFF725F852EA030076
:1026100004D0A7F8008011E0FE2656E043F2D40172
:10262000C0F60601286E096808F0B9F8E869FCF7F9
:10263000A5FA296E3880084608F0A4F8E6B1D5E975
:10264000240195F89A2000230027DFF704F852EAC6
:10265000030001D037800FE043F2D401C0F6060139
:10266000A86E096808F09BF8A869FCF787FAA96EBC
:102670003080084608F086F864B1D5E9240195F861
:10268000992000230026DEF7E6FF52EA030003D07C
:1026900026801AE0002618E043F2D401C0F60601B5
:1026A000686E0968ADF8066008F079F80DF106016A
:1026B00028460BF0FDFAA868FCF760FABDF8061092
:1026C0000144686E218008F05DF870B202B0BDE888
:1026D000F08180B101294FF0010C98BF6146012AB9
:1026E00098BF6246012B88BF9C4680F8981080F8FE
:1026F000992080F89AC06FF0010070478269836E5C
:102700000BF0B6BB80690023FCF70CBB70B582B040
:10271000044600284FF0FE0037D00D46A9B3666886
:1027200008F0E2F808F0EEF8024630460B46FCF7F7
:1027300041FBD4E91C1360684A1C43F10003C4E95F
:102740001C23FCF757FB60680DF10601FCF71EFB2C
:102750002068BDF80610FAF7C3FA00212068ADF82A
:10276000041001A9FAF761FABDF80600BDF80410DB
:10277000884202D9A06F0130A06720682860E06A13
:1027800010B1216BF4F70CFA002040B202B070BD1A
:10279000002800F0AA802DE9F04381B016460446D7
:1027A000884612B100203080B0706068FCF7E2F813
:1027B000D4E9245794F899202846394600234FF04D
:1027C0000009DEF748FF52EA030032D12046ADF897
:1027D000009000F0C9F943F2D401C0F60601606E22
:1027E000096807F0DCFFD4E901010DF10202FCF7F2
:1027F0006DF8A068FCF7C2F90546694620460BF063
:1028000057FA40B1014660680DF10202FCF75EF82C
:10281000BDF800000544606E07F0B4FF06B17570A6
:10282000D4E92A01D4E92457013041F10001C4E977
:102830002A0194F89A20284639460023DEF70BFF38
:1028400052EA03001AD143F2D401C0F60601A06E89
:10285000096807F0A4FF1EB1A069FCF78FF930707A
:102860006068A1690DF10202FCF730F8A069FCF77D
:1028700081F8A06E07F086FFD4E9245794F89820D9
:10288000284639460023DEF7E6FE52EA030018D157
:1028900043F2D401C0F60601206E096807F07FFFFD
:1028A0001EB1E069FCF76AF9B0706068E1690DF18A
:1028B0000202FCF70BF8E069FCF75CF8206E07F009
:1028C00061FFB8F1000F04D06068FCF757F9A8F871
:1028D0000000D4E92401013041F10001C4E92401E0
:1028E000002001B0BDE8F04300E0FE2040B2704798
:1028F00008B370B582B006460D4600210068144644
:102900000191ADF8021001A90DF10202FAF779F96F
:102910000198A84203D1BDF80200A04206D0306859
:10292000294622463563B486FAF777F9002002B0CB
:10293000BDE8704000E0FF2040B2704758B310B5CA
:102940000446006D18B343F2D401C0F60601606E70
:10295000096807F024FF206DF7F7B7F8012813D0B6
:10296000206DF7F7A5F8A068FCF704F8E068FCF71D
:1029700001F82069FBF7FEFF6069FBF7FBFF002011
:10298000C4E92700A4F8A400606E07F0FBFE002055
:10299000BDE8104000E0FE2040B270472DE9F04154
:1029A0009CB0044600204FF0FE078DF80B0044B3A6
:1029B0000E4631B3206D80B143F2D401C0F606015A
:1029C0000D68606E294607F0EAFE206DF7F737F9CB
:1029D000012804D1606E07F0D5FEFF2711E0707862
:1029E00071688DF83100206D0D914DF66361C0F670
:1029F00004010CAAF7F7D6F838B1606E07F0C2FEF2
:102A0000002778B21CB0BDE8F08196E88F000DF188
:102A1000300C76698CE88F0000F01C02A06A8DF8FB
:102A2000302003AA1196FAF76DF80028D2D103A836
:102A3000F9F792FE9DF83110ADF832000846FBF729
:102A400039FF012819D19DF8310000210122FBF73F
:102A5000F7FE90B1F4F708FE42F2B84745F6F1628E
:102A600044F6B973C0F60607C0F60602C0F60603C0
:102A700004210097F4F7D5FDACE70021E06E0E913C
:102A8000294607F08CFED4E908300DF12E0703A982
:102A90000CAA0097F2F7DAF938B10746E06E07F0B2
:102AA00071FE606E07F06EFEABE7206AFBF702FE78
:102AB0000D9906460DF10B0220460BF029F99DF801
:102AC0000B80BDF82E200546204641460BF070F9DC
:102AD000002845D0216A0BAF0DF12A020AAB284627
:102AE0000097FBF7ADFF0028D7D19DF83110206A81
:102AF0008DF84810FBF791FE00F0010040EA480015
:102B00008DF84900BDF82A00216AADF84A00BDF8E9
:102B100028001B95ADF84C0009780838490758BFC4
:102B20004FF0FF30ADF84E00706996E88C00D6E9A2
:102B300003510DF1500C8CE88C00CDE91751199020
:102B4000B169206D1A9112A9F7F732F9BDF94C203D
:102B5000204641460BF056F9E06E07F013FE4CE7B5
:102B6000E06E07F00FFE35E730B310B50446006D98
:102B7000F0B143F2D401C0F60601606E096807F0B7
:102B80000EFE206DF6F7A1FF01280ED007F0ACFE77
:102B900007F0B8FE226DC4E916014DF67351C0F678
:102BA000040110462246F6F7C9FF606E07F0EAFD01
:102BB0000020BDE8104000E0FE2040B2704710B594
:102BC000A0B10446006D88B143F2D401C0F60601FD
:102BD000606E096807F0E3FD206DF7F73BF9616E61
:102BE0000446084607F0CEFD204610BD002010BD6B
:102BF0002DE9F04381B070B18146006D58B188462F
:102C0000FE2905D1484601B0BDE8F043FFF7D7BF24
:102C1000B8F1030F04D90024A0B201B0BDE8F083DD
:102C200043F2D401C0F60601D9F86400096807F040
:102C3000B6FDD9F85000F7F70DF9D9F8501006464F
:102C40000846F6F72AFFD6B107460024D9F8500007
:102C50003946F6F713FFD9F85010054608463946AD
:102C6000F7F786F8074605F10800F9F71BFD04F0B1
:102C700041FE804508BF0134013EE7D100E0002459
:102C8000D9F8640007F07EFDC6E7002854D0F0B5FF
:102C900091B00446006D002853D00D4643F2D40194
:102CA000C0F60601606E096807F079FD206DF6F741
:102CB0000CFF012842D0687869688DF80100206D0A
:102CC00001914DF66361C0F604016A46F6F76AFFAA
:102CD000A0B30546206D2946F6F7D0FE07AE0146A3
:102CE00030462822DFF7C2F8276D29463846F7F725
:102CF0003FF84DF65F510346C0F6040138463246B0
:102D0000F6F736FF206D2946F6F7E8FE1098BDF875
:102D10001E10BDF82020FBF7D9FF9DF81D00BDF85F
:102D200020204108504202B220460BF06BF8606E42
:102D300007F028FD002005E0FE2006E0606E07F0A9
:102D400021FDFF2011B0BDE8F04040B27047000007
:102D500000284BD02DE9F04F81B00446006D0028CB
:102D600046D0104690468B46F2F7EFF9042841D141
:102D700043F2D401C0F60601606E096807F00FFD4A
:102D8000206DF7F767F882464046F2F7CFF94046E4
:102D9000F2F72AFAD34524D8206D00210091F6F7E6
:102DA0007CFEBAF1000F1CD005460026E94600BFA4
:102DB000206D2946F6F762FE216D07460846294632
:102DC000F6F7D6FF054607F10800F9F76BFC5E45FC
:102DD000009003D340464946F2F7EBF90136B2457D
:102DE000E6D1606E07F0CEFC002004E0FE2005E096
:102DF000FE2000E0FF2001B0BDE8F04F40B2704778
:102E00002DE9F04F81B0A8B10646006D90B118468B
:102E1000994690468B46F2F798F904280FD1BBF1FA
:102E2000FE0F09D1304641464A4601B0BDE8F04F99
:102E3000FFF78EBFFE2003E0BBF1030F04D9FF2094
:102E400040B201B0BDE8F08F43F2D401C0F60601F4
:102E5000706E096807F0A3FC306DF6F7FBFF0546BE
:102E60004846F2F763F94846F2F7BEF9A84527D875
:102E7000306D00210091F6F710FE0DB304464FF0BF
:102E8000000A00BF306D2146F6F7F8FD316D0746A8
:102E900008462146F6F76CFF044607F10800F9F7EB
:102EA00001FC009004F026FD834507D10AF1010AD8
:102EB000C24503D948466946F2F77BF9013DE1D1A5
:102EC000706E07F05FFC0020BAE7B0B582B0A8B121
:102ED0000D4643F2D401C0F606010446006E0968AF
:102EE00007F05DFCE0690DF106022946FBF7EEFCF8
:102EF000216E0446084607F045FC00E0FE2460B25F
:102F000002B0B0BDC269036E0AF0B2BF38B14288E8
:102F1000914204D28268808800FB01207047002023
:102F20007047000020B370B504464088F0B1A56832
:102F3000002600BFE16831B1C96821B1A08806FB55
:102F400000508847608801368642F3D321884FF6C7
:102F5000FF7200209142608008D1F7F7AFFF6288CE
:102F6000A388A1685A43F8F745F9A060BDE870400E
:102F7000704700280FBF01204088B0FA80F0400958
:102F8000704718B1418809B18068704700207047C8
:102F900030B141880088081AB0FA80F040097047C3
:102FA000012070472DE9F04F81B0984616460F4634
:102FB0000546F7F783FF042110220123F7F788FF66
:102FC0004FF0000B8146A0F802B0F4F74DFB44F639
:102FD000B15442F2D84AC0F606042946C0F6060AA1
:102FE0003DA22346002D18BF0121CDF800A0F4F723
:102FF00011FBF4F739FB39463FA22346002F18BFD7
:103000000121CDF800A0F4F705FB0A9CA9F80450B3
:10301000A9F806B0A9F80070C9F80CB01EB914B927
:103020000B98394678B1F7F749FF042110220123A4
:10303000F7F74EFFB9F800100B9AC9F80C00C0E979
:1030400000688460C2604FF6FF70814205D0012D98
:103050001ED0022D1ED1022420E0F4F705FB044609
:10306000F7F72CFFF8F73AF9B0FA80F044F6B153CD
:1030700042F2D847410927A2C0F606032046C0F60F
:1030800006070097F4F7C6FA0020C9F808001FE009
:10309000012403E00824052D38BF0424F7F70EFFB0
:1030A00021462A463B46F7F713FFC9F808007FB1CF
:1030B000044600BF26B120464146B04705E000BFA8
:1030C000B9F804102046DEF7D7FF013F2C44F1D1B8
:1030D000484601B0BDE8F08F656F5F766563746F39
:1030E000725F4E657728293A2030206974656D5FDC
:1030F00073697A6500000000656F5F766563746FC1
:10310000725F4E657728293A2030206361706163D1
:1031100069747900656F5F766563746F725F4E6581
:103120007728293A2063616E6E6F7420757365206D
:10313000656F5F766563746F7263617061636974F4
:10314000795F64796E616D696300000030B3B0B57A
:103150004188044601B3D4E90203A28800EB0205CA
:103160002BB1DB681BB198476188A068A288013940
:10317000618089B24A432946DEF7BDFE20884FF6BA
:10318000FF71884208D1F7F799FE6288A388A16889
:103190005A43F8F72FF8A060BDE8B040704750B32D
:1031A000B0B50D4629B3044600886188884220D016
:1031B0004FF6FF7290420BD1F7F780FE6288A3882A
:1031C000A16801325A43F8F715F86188A06000E061
:1031D000A068A288E36802FB010023B19B6813B1D9
:1031E0002946984702E02946DEF740FE6088013014
:1031F0006080BDE8B0407047002814BF40880020C0
:10320000704745F2D800C1F200000178012908BFDB
:1032100070470021C0F80210C0F80610C0F80A106C
:10322000C0F80D100322816145F601018282018000
:10323000704745F2D800C1F200000178012908BFAB
:1032400070470021C0F80210C0F80610C0F80A103C
:10325000C0F80D100322816145F6010182820180D0
:103260007047000070B102290AD808A0405C45F2FE
:10327000D801C1F2000101EB4000428001208873B7
:10328000002000E0FE2040B2704700BF04000100B3
:1032900058B1B0B545F2D805C1F20005A87B0128A8
:1032A00005D100202874E8811BE0FE2033E0E87B94
:1032B000297C013001316FF00903C2B253FA81F366
:1032C000C92A4FF00002B3FA83F3E87338BF012232
:1032D0005B091A404FF0000018BF0021012A297431
:1032E00017D10A206875A81CA861F2F7B2FF6A78A6
:1032F00005F114042146F3F7B1F90B20687505F1C7
:103300000800A861F2F7A5FF6A782146F3F7A6F94D
:103310000020BDE8B04040B2704770B530B30446FD
:10332000007B002548B307F0DFFA07F0EBFAD4E999
:1033300004232668801A9941301A75EB010017D2D0
:10334000A07E98B1264636F8181F481C308019B167
:10335000A18882B28A4203D9A0688047208BA188C5
:1033600080B288424FF0000505D806E0002504E051
:1033700004F11806012500203080284670BD0000A9
:1033800010B50446F7F79AFD042120220123F7F730
:103390009FFD0BA1002C18BF2146D1E900238968AD
:1033A00081604FF00001C0E900230173C0E90411FE
:1033B000018381761CB1A16809B10121817610BD1C
:1033C00040420F00000000000000000058B110B59E
:1033D0000446007B48B107F087FA07F093FAC4E986
:1033E0000401002002E0FE2002E0FF20BDE81040C2
:1033F00040B2704768B110B504460120207307F051
:1034000073FA07F07FFAC4E904010020BDE8104018
:1034100000E0FE2040B2704700280FBFFE210021CF
:103420000173C0E9041148B27047A0B110B5027B26
:10343000044600202073C4E90400216042B1012049
:10344000207307F051FA07F05DFAC4E90401002087
:10345000BDE8104000E0FF2040B27047133800F094
:10346000FB00B0FA80F04009704716280BD80146DF
:10347000012041F2400200FA01F1C0F24002114283
:1034800008BF0020704700207047000002288EBF50
:10349000FE2001A1085C7047060C1600032070474F
:1034A000072805D36FF001010F2808BF0E2101E0A6
:1034B00001A1095CC8B270470708090A0B0C0D008E
:1034C000C11F1023CAB20E2808BF0F23072A38BF16
:1034D0000B46D8B27047000078B1A1F10B030B2B5B
:1034E0004FF0000C0CD8DFE803F00612101A1A1A7D
:1034F0001A1A1A141A0E06300CE04FF0000C0EE0E7
:10350000052907D00BE01E3004E0123002E00C3039
:1035100000E0183002788A4218BF002084466046D6
:103520007047000005288EBFFE2001A1085C70478F
:10353000050B0C0D141600000620704748B1132926
:103540004FF0000207DC0B290CD00C290FD10630FC
:1035500008E000220BE0142903D0162907D112300D
:1035600000E00C3002788A4218BF00200246104664
:103570007047000003288EBFFE2001A1085C704741
:103580000B0C14160420704770473F2884BF00209E
:10359000704702466FF07C400021F3F771BA0000DB
:1035A000B0B5032998BF072A01D90020B0BD044651
:1035B00042F2E030C0F6060000EBC100855C0A2D47
:1035C000F3D82046FFF7E0FFFFF7DFFF0028ECD03D
:1035D00003A050F825002146BDE8B040F3F7C3BA78
:1035E000080126000801260040104000800000006D
:1035F00000185000203850000080000000881200A1
:10360000401040000000880020881000027A40F23C
:103610000A3343EAC20240F2FA331A400A60002237
:103620008A80062240688A7102688A608288002047
:103630008A817047027A40F20B3343EAC20240F2B9
:10364000FB331A400A6000228A80062240688A7191
:1036500002688A60828800208A817047B0B584B091
:103660000C460546FDF752FB294622460023FDF78E
:1036700023F902208DF8044002958DF80C00EDF737
:1036800035F801A9EDF757F8002004B0B0BDB0B58A
:103690000C460546F6F70CFD294622460023F6F7B0
:1036A000DEFB0020B0BDB0B50C460546F6F700FDC8
:1036B000294622460123F6F7D2FB0020B0BDB0B563
:1036C0000C460546FAF744FC29462246FAF78AFAE0
:1036D000F9F706FE29462246F9F7F0FB0020B0BDB7
:1036E000B0B584B00546029004200C468DF8041055
:1036F0008DF80C00ECF7FAFF01A9EDF71CF828464D
:10370000214600F05AF8012806D0FDF799FF0F2155
:103710002A462346FDF7F2FC002004B0B0BDB0B548
:1037200084B00C460546FDF7F1FA294622460123EE
:10373000FDF7C2F803208DF8044002958DF80C00C7
:10374000ECF7D4FF01A9ECF7F6FF002004B0B0BD00
:10375000B0B584B00C460546FDF7D8FA2946224696
:103760000223FDF7A9F800208DF8044002958DF89A
:103770000C00ECF7BBFF01A9ECF7DDFF002004B063
:10378000B0BDB0B584B00C460546FDF7BFFA29467A
:1037900022460323FDF790F800208DF8044002959F
:1037A0008DF80C00ECF7A2FF01A9ECF7C4FF002094
:1037B00004B0B0BD4FF0FF30704700284FF001005B
:1037C00018D041F6A061C1F20001C97891B180B56D
:1037D00082B000208DF8070001F03DFC0DF10701DB
:1037E00001F02CFC9DF80700013818BF012002B041
:1037F000BDE880407047027A2023520863F31F120D
:1038000040680A6000221C238A800B72037803221E
:103810004B728A71427800208A727047027A2023A4
:10382000520863F31F120A60002218238A800B7269
:10383000022240688A71027800204A727047002094
:1038400070470023027A8B8034230B724068520841
:10385000202363F31F1203780A604B724278082317
:103860008A7282788B71CA72C2780A7302794A733B
:1038700042798A7382790020CA737047027A2023C2
:10388000520863F31F120A60002235238A800B72EC
:10389000406802228A71027800204A727047002034
:1038A0007047027A4FF0000C5308202262F31F1376
:1038B0005222A1F804C00A7240680B6043780822C3
:1038C0000E2B8A7126D06BBB027812014A72827865
:1038D00002F0030393FAA3FC02F00C039B0043EAFB
:1038E000121242EA1C628A720279CA7242790A731F
:1038F000827902F0030393FAA3FC02F00C039B000D
:1039000043EA121242EA1C624A73027A407A8A73CC
:10391000C87307E00078C1F80AC000010E30487291
:10392000A1F80EC000207047027A2023520863F3EA
:103930001F120A60002253238A800B724068022201
:103940008A71027800204A727047027A2023520856
:1039500063F31F120A60002208238A800B7202227E
:1039600040688A71027800204A727047027A2023E8
:10397000520863F31F1200238B8010230B724068E0
:103980000A600078022202288A7109D8C000022247
:10399000C0B2C0F2010222FA00F04872002000E03A
:1039A000FF2040B27047027A2023520863F31F12AF
:1039B0000A60002207238A800B72022240688A7103
:1039C000027800204A727047027A2023520863F37B
:1039D0001F120A60002239238A800B72406802227B
:1039E0008A71027800204A727047027A20235208B6
:1039F00063F31F120A6000223A238A800B72406828
:103A000002228A71027800204A727047027A2023CB
:103A1000520863F31F120A6000228A804F220A7242
:103A20004068032203788A714B72427800208A72C0
:103A30007047027A2023520863F31F1200238B8001
:103A40004D230B7240680A60027804234A72427860
:103A50008B718A7282780020CA7270470023027AC2
:103A60008B8050230B724068520803784FF0200C73
:103A70004B7243786CF31F128B720A60C278072373
:103A8000CA7282788B710A7382880020A1F80D2097
:103A90007047007A2022400862F31F10086000205F
:103AA000888040F24C1042F20002C0F20130C3F2B2
:103AB0000052C1E90202082200208A717047007A90
:103AC0002022400862F31F10086000208880072031
:103AD00088714E20CFF2220088604FF47F408881A9
:103AE000FF2200208A737047B0B582B002781E248E
:103AF00001F00101037A04EAD202C57B11442022BD
:103B000002EA93028C18691EB1FA81F14D09B0F8EE
:103B10000910D0F80B00ADF802100190F1F781FC0C
:103B20000DF1020321462A46F1F7C4FC002002B041
:103B3000B0BDB0B584B00C460546FDF7E7F82946A0
:103B400022460423FCF7B8FE01208DF804400295BC
:103B50008DF80C00ECF7CAFD01A9ECF7ECFD002094
:103B600004B0B0BD002070470020704700207047AF
:103B700080B584B0029000208DF804108DF80C0000
:103B8000EDF7FDFE01A9EDF71FFF002004B080BD99
:103B900080B584B0029002208DF804108DF80C00DE
:103BA000EDF7EDFE01A9EDF70FFF002004B080BD99
:103BB00080B584B0029001208DF804108DF80C00BF
:103BC000EDF7DDFE01A9EDF7FFFE002004B080BD9A
:103BD000B0B50C460546F4F791FF2946224602236C
:103BE000F4F78AFC0020B0BDB0B50C460546F4F7EA
:103BF00085FF294622460423F4F77EFC0020B0BD51
:103C0000B0B50C46054600F031F8012806D0F4F7AF
:103C100075FF294622460B23F4F76EFC0020B0BD49
:103C2000B0B50C46054600F021F8012806D0F4F79F
:103C300065FF294622460E23F4F75EFC0020B0BD46
:103C400070B50C46054600F011F801280CD0687AD2
:103C5000FFF726FCFE2807D00646F4F74FFF29465B
:103C600022463346F4F748FC002070BD00284FF090
:103C7000010018D041F23021C1F20001C97891B1A0
:103C800080B582B000208DF8070001F0E4F90DF155
:103C9000070101F0D3F99DF80700013818BF012092
:103CA00002B0BDE880407047027A40F20F1343EA49
:103CB000C20200238B8040686FF35F2203880A6092
:103CC0000B81428808234A8182888B718A81C2884D
:103CD0000020CA81704710B582B00446FF200A4612
:103CE0008DF807000DF1070C012021460023CDF8C7
:103CF00000C00AF074F988B134F8081FA0F8D41095
:103D0000B4F90210C0F8CC1062689DF80710C0F832
:103D1000C82008462146E1F7CCF901E003F0FBFD9D
:103D2000002002B010BD00002DE9F04782B004462B
:103D30000D4601F0010021781E2202EAD10108445B
:103D400000F14006F2F75FF83146F1F714FF08285A
:103D500016D1FF208DF807000DF10707012021463D
:103D60002A46002300970AF03AF9A0B3B4F90A10E2
:103D70009DF80720A0F8D6101046E1F7BEF92AE01A
:103D8000217A41F68C38002001F00F0209090DF16B
:103D900005070126C0F606080DF1060A0DF1040913
:103DA0008DF806008DF805208DF8041018F8003005
:103DB000002021462A46CDF800A00AF010F950B1A3
:103DC0003978012907D880F81D110120F1074FF03B
:103DD00000064F46EAD1002002B0BDE8F08700009F
:103DE0002DE9F04F83B041F68C3941F68E3B884681
:103DF0000546002700F108060124C0F606090DF16A
:103E00000B0AC0F6060B8DF80B7000BF19F80730CF
:103E1000012029464246CDF800A00AF0E0F848B15A
:103E20001BF807100127715AA0F8D410E0074FF0D3
:103E30000004EBD1002003B0BDE8F08F70B586B070
:103E400004460D4601F0010021781E2202EAD1014C
:103E5000084400F14006F1F7D6FF3146F1F78BFE3A
:103E6000082824D104200221022601F02DF8029016
:103E70002068A1796FF31F3040EA0130ADF80E00E1
:103E80002046F2F79CFDCDE90401002D08BF012674
:103E900020788DF80C6000098DF80D00F3F7E4FB35
:103EA00002AE0221002200230096F3F7BAFB0020A5
:103EB00006B070BD2DE9F04F83B041F68C3941F664
:103EC000903B88460546002700F108060124C0F60D
:103ED00006090DF10B0AC0F6060B8DF80B7000BF3A
:103EE00019F80730012029464246CDF800A00AF013
:103EF00076F848B11BF8071001277158C0F8C810B0
:103F0000E0074FF00004EBD1002003B0BDE8F08FD4
:103F10002DE9F04F83B041F68E39884605460027DB
:103F200000F1080601240DF10B0A0FF24C0BC0F64C
:103F300006098DF80B7000BF41F68C30C0F6060004
:103F4000C35D002029464246CDF800A00AF047F89C
:103F500070B190F81C110329494608BF5946C95D44
:103F60000127715AC0F81011E0074FF00004E3D1A7
:103F7000002003B0BDE8F08F040600002DE9F04FEB
:103F800083B041F68C3941F68E3B884605460027C2
:103F900000F108060124C0F606090DF10B0AC0F66F
:103FA000060B8DF80B7000BF19F80730002029466A
:103FB0004246CDF800A00AF012F848B11BF80710ED
:103FC0000127715AC0F81411E0074FF00004EBD13B
:103FD000002003B0BDE8F08F2DE9F04F83B041F62B
:103FE0008C3A88460546002700F108090124C0F6EE
:103FF000060A0DF10B0B8DF80B7000BF1AF8073095
:10400000002029464246CDF800B009F0E8FFA8B1EB
:10401000064641F69030C0F60600C05D59F80070C3
:10402000F6F747FE9DF80B103A46F6F7F9FBC6F88F
:10403000F8000127E0074FF00004DFD1002003B0B3
:10404000BDE8F08FB0B586B00C46054600202D21A6
:1040500000F03AFFA97902902846ADF80E10F2F769
:10406000AEFCCDE904010220002C08BF0120297814
:104070008DF80C0008098DF80D00F3F7F5FA02AD84
:104080000121002200230095F3F7CBFA002006B0AF
:10409000B0BD00002DE9F04F87B0044600200D466A
:1040A0008DF81B00CDE90400CDE9020001F001000C
:1040B00021781E2202EAD101084400F14006F1F7FE
:1040C000A2FE3146F1F757FD122818BF082812D179
:1040D0000DF11B07002021462A460023009709F016
:1040E0007EFF002800F076809DF81B0004F1080197
:1040F000E0F7F7FF70E0032840F06E8041F68C395E
:1041000004F1080B0127C0F606090DF11B0A34A6BD
:104110004FF0000819F80830002021462A46CDF853
:1041200000A009F05CFF002856D016F808101BF814
:1041300001104F290CDC0B294ED8DFE801F041417A
:104140004141414141383A4D06060E2138E000BF59
:10415000AF2925DC502933D060292CD0A0293BD1B0
:104160000A2180F81C110420092100F0ADFE617ABB
:10417000029008020A309DF81B10ADF80E000020D6
:104180008DF80D108DF80C00F3F76EFA0221002265
:104190000023B44602AE00966646F3F742FA11E0F9
:1041A000B0290CD0B12908D0FF2909D014E008218A
:1041B00006E0092104E0FE2102E00C2100E00B21D1
:1041C00080F81C114FF00108F8074FF000077FF44A
:1041D000A1AF01E003F09FFB002007B0BDE8F08F26
:1041E000010300002DE9F04F83B08846814600248A
:1041F00000F1080A01250DF10B0B8DF80B4000BFF3
:1042000041F68C30C0F60600035D00204946424668
:10421000CDF800B009F0E3FE10B3064641F6903049
:10422000C0F6060010A1005D095D3AF900703AF988
:104230000140F6F73EFD9DF80B103A46F6F758FBA5
:10424000C6F8FC00F6F735FD9DF80B102246F6F790
:1042500061FAC6F800010124E8074FF00005CFD14C
:10426000002003B0BDE8F08F02060000037A426828
:10427000C3F343030B6000238B8008238B71007A08
:10428000042300F0E000202808BF6FF07B030B72CE
:1042900010780728487211D8DFE800F00404040AF7
:1042A0000A10040490884881D0888881002004E0A6
:1042B00090884881D08888811089C8810020704703
:1042C000027AC2F343020A6000228A8001228A71C4
:1042D000007A072200F0E00020284FF0000008BF1D
:1042E0006FF078020A727047027AC2F343020A60E2
:1042F00000228A8001228A71007A2D2200F0E000DB
:1043000020284FF0000008BF6FF052020A72704779
:10431000027A4368C2F343020A6000228A800322C1
:104320008A71007A5B2200F0E000202808BF6FF05D
:1043300024020A72187848725A7800208A727047EC
:10434000027AC2F343020A6000228A8001228A7143
:10435000007A5A2200F0E00020284FF0000008BF49
:104360006FF025020A727047027AC2F343020A60B4
:1043700000228A8001228A71007A582200F0E0002F
:1043800020284FF0000008BF6FF027020A72704724
:10439000027AC2F343020A6000228A8001228A71F3
:1043A000007A432200F0E00020284FF0000008BF10
:1043B0006FF03C020A727047027AC2F343020A604D
:1043C00000228A8001228A71007A412200F0E000F6
:1043D00020284FF0000008BF6FF03E020A727047BD
:1043E000027AC2F343020A6000228A8001228A71A3
:1043F000007A732200F0E00020284FF0000008BF90
:104400006FF00C020A727047027AC2F343020A602C
:1044100000228A8001228A71007A532200F0E00093
:1044200020284FF0000008BF6FF02C020A7270477E
:10443000027AC2F343020A6000228A8001228A7152
:10444000007A552200F0E00020284FF0000008BF5D
:104450006FF02A020A727047027AC2F343020A60BE
:1044600000228A8001228A71007A5E2200F0E00038
:1044700020284FF0000008BF6FF021020A72704739
:10448000027AC2F343020A6000228A8001228A7102
:10449000007A302200F0E00020284FF0000008BF32
:1044A0006FF04F020A727047027AC2F343020A6049
:1044B00000228A8001228A71007A4F2200F0E000F7
:1044C00020284FF0000008BF6FF030020A727047DA
:1044D000027AC2F343020A6000228A8001228A71B2
:1044E000007A512200F0E00020284FF0000008BFC1
:1044F0006FF02E020A727047027AC2F343020A601A
:1045000000228A8001228A71007A602200F0E00095
:1045100020284FF0000008BF6FF01F020A7270479A
:10452000027AC2F343020A6000228A8001228A7161
:10453000007A082200F0E00020284FF0000008BFB9
:104540006FF077020A727047027A4368C2F343023F
:104550000A6000228A8007228A71007A1B2200F0FA
:10456000E000202808BF6FF064020A7218689A8879
:10457000C1F809000020A1F80D207047027A4923F4
:10458000C2F343020A6000228A8005228A71027AFD
:1045900002F0E002202A08BF6FF036030B72406879
:1045A00002680020C1F809207047027A3E23C2F356
:1045B00043020A6000228A8005228A71027A02F090
:1045C000E002202A08BF6FF041030B7240680268C6
:1045D0000020C1F809207047027A4368C2F3430201
:1045E0000A6000228A8002228A71007A092200F081
:1045F000E000202808BF6FF076020A721A780020C7
:104600004A727047027A4368C2F343020A6000228A
:104610008A8008228A71007A482200F0E00020286F
:1046200008BF6FF037020A7218884881588888815D
:104630009A880020CA817047027A6523C2F3430238
:104640000A6000228A8008228A71027A02F0E0025F
:10465000202A08BF6FF01A030B724068D0F80320BD
:1046600003680020CA60C1F80930704780B567222E
:104670000BF03CF8002080BD027A4FF0000CC2F332
:1046800043020A6005224368A1F804C08A71007AD7
:104690006D2200F0E000202808BF6FF012020A72BD
:1046A0001888A1F80BC0A1F8090000207047027A11
:1046B0004368C2F343020A6000228A8005228A719D
:1046C000007A2C2200F0E000202808BF6FF053028F
:1046D0000A721878487293F901008872C21100209A
:1046E000CA720A737047027A4368C2F343020A60CF
:1046F00000228A8005228A71007A702200F0E00090
:10470000202808BF6FF00F020A725888A1F809002C
:104710001A880020A1F80B207047027A4368C2F380
:1047200043020A6000228A8003228A71007A592299
:1047300000F0E000202808BF6FF026020A721A88F5
:104740000020A1F809207047027A4368C2F34302AF
:104750000A6000228A8008228A71007A572200F0BB
:10476000E000202808BF6FF028020A721888A1F81C
:1047700009005A880020A1F80B207047027A43688C
:10478000C2F343020A6000228A8005228A71007AFD
:10479000742200F0E000202808BF6FF00B020A72BC
:1047A0001A7800204A727047027A0F23C2F343023C
:1047B0000A6000228A8005228A71027A02F0E002F1
:1047C000202A08BF6FF070030B7240680268002057
:1047D000C1F809207047027A4223C2F343020A60FB
:1047E00000228A8005228A71027A02F0E002202AE1
:1047F00008BF6FF03D030B72406802680020C1F8EB
:1048000009207047027A4423C2F343020A6000225F
:104810008A8003228A71027A02F0E002202A08BF0D
:104820006FF03B030B72406802880020A1F809205A
:104830007047027A1023C2F343020A6000228A8082
:1048400005228A71027A02F0E002202A08BF6FF086
:104850006F030B72406802680020C1F8092070479E
:10486000027A4023C2F343020A6000228A800522B2
:104870008A71027A02F0E002202A08BF6FF03F033B
:104880000B72406802680020C1F809207047027A64
:104890007723C2F343020A6000228A8008228A71C9
:1048A000027A02F0E002202A08BF6FF008030B72C0
:1048B0004068D0F8032003680020CA60C1F80930BE
:1048C000704780B5027A0123C2F343020A600022D6
:1048D0008A8008228A71027A02F0E002202A08BF48
:1048E0006FF07E030B72426801F109001146072246
:1048F000DDF701FB002080BD027A4368C2F343026A
:104900000A6000228A8003228A71007A722200F0F3
:10491000E000202808BF6FF00D020A721A880020FC
:10492000A1F80920704780B5027A7D23C2F34302C3
:104930000A6000228A8008228A71027A02F0E0026C
:10494000202A08BF6FF002030B72426801F10900D0
:1049500011460722DDF7CFFA002080BD80B5522234
:104960000AF05FFE002080BD80B554220AF08DFE63
:10497000002080BD027A4368C2F343020A6000222D
:104980008A8005228A71007A5D2200F0E0002028EA
:1049900008BF6FF022020A7293ED070A93ED081A1E
:1049A000BDEEC00A10EE100ABDEEC10AA1F8090062
:1049B00010EE102A0020A1F80B207047027A2F2356
:1049C000C2F343020A6000228A8003228A71027ABB
:1049D00002F0E002202A08BF6FF050030B7240681B
:1049E00002880020A1F809207047027A4368C2F3C8
:1049F00043020A6000228A8005228A71007A0E2210
:104A000000F0E000202808BF6FF071020A721878E9
:104A10004872587888729878C872DA7800200A73D9
:104A20007047027A7923C2F343020A6000228A8027
:104A300003228A71027A02F0E002202A08BF6FF096
:104A400006030B72406802880020A1F80920704715
:104A500080B54E220AF0E5FD002080BD80B55022D1
:104A60000AF013FE002080BD027A4368C2F34302BD
:104A70000A6000228A8005228A71007A5F2200F093
:104A8000E000202808BF6FF020020A7293ED070AA9
:104A900093ED081ABDEEC00A10EE100ABDEEC10A71
:104AA000A1F8090010EE102A0020A1F80B20704791
:104AB000027A6923C2F343020A6000228A80082234
:104AC0008A71027A02F0E002202A08BF6FF0160312
:104AD0000B724068D0F8032003680020CA60C1F858
:104AE00009307047037A4268C3F343030B60002325
:104AF00012888B8003238B71007A4A2300F0E00038
:104B000020284FF0000008BF6FF035030B72A1F8AA
:104B100009207047027A5623C2F343020A6000223A
:104B20008A8003228A71027A02F0E002202A08BFFA
:104B30006FF029030B72406802880020A1F8092059
:104B40007047027AC2F343020A6000228A8001227F
:104B50008A71007A2E2200F0E00020284FF0000039
:104B600008BF6FF051020A727047027A4368C2F3BD
:104B700043020A6000228A8005228A71007A1C2280
:104B800000F0E000202808BF6FF063020A72188866
:104B9000A1F809005A880020A1F80B2070474FF0B7
:104BA000FF307047B0B582B002781E2401F00101D9
:104BB000037A04EAD202C57B1144202202EA93025E
:104BC0008C18691EB1FA81F14D09B0F80910D0F8BE
:104BD0000B00ADF802100190F0F723FC0DF1020379
:104BE00021462A46F0F766FC002002B0B0BD5A22EA
:104BF0000AF0B9BE58220AF0B6BE43220BF038B80C
:104C000041220BF035B810B50022044609F00AFA2B
:104C100018B1B4F90910C0F83811002010BD5322A2
:104C20000AF052BF55220AF04FBF5E220AF04CBF75
:104C30002DE9F04186B00446884601F00100217854
:104C40001E23227A03EAD1010844202101EA9201BD
:104C50004518F1F7D8F8294601220123F1F711F898
:104C6000FF2864D0024601200121052302F04CFEFA
:104C70000646F0F7E8FAF0F7F8FAFDF7C8F931461A
:104C80000746F8F707FEC0B10546FE20314605F09D
:104C900053FAB4F809100180687829780130C2B25B
:104CA0009142687043D1384631460022F8F705FF3B
:104CB00000F0D1F900F0DCFB39E0002500202C21C8
:104CC000ADF80C5000F000F90290ADF80E50CDE9AF
:104CD0000465F2F7C9FC02AD04210022002300950F
:104CE000F2F79FFC00201B2100F0EEF802902068F4
:104CF000A1796FF31F3040EA0130ADF80E00204675
:104D0000F1F75DFE05912178049008098DF80D00FA
:104D10000220B8F1000F08BF01208DF80C00F2F757
:104D2000A3FC0221002200230095F2F77AFC002068
:104D300006B0BDE8F0814F220AF0C6BE51220AF04B
:104D4000C3BE60220AF0C0BE2DE9F04188B005461E
:104D5000FF208DF81F000DF11F0228460C4609F0B8
:104D600061F9002860D0697A9DF81F2080F81E1133
:104D7000012000210E234FF0000802F0C5FD064679
:104D8000F0F761FAF0F771FAFDF741F9314607469D
:104D9000F8F780FD80B1417802780131CBB29A42B8
:104DA000417041D1384631460022F8F786FE00F0C6
:104DB00052F900F05DFB37E000202C21ADF80C80AB
:104DC00000F082F80290ADF80E80CDE90468F2F7A9
:104DD0004BFC02AE0421002200230096F2F721FCD6
:104DE00000201B2100F070F802902868A9796FF369
:104DF0001F3040EA0130ADF80E002846F1F7DFFD24
:104E000005912978049008098DF80D000220002CE6
:104E100008BF01208DF80C00F2F726FC02210022C9
:104E200000230096F2F7FDFB002008B0BDE8F081FA
:104E3000B0B50C460546FAF713FE29462246FAF7A6
:104E400050FC0020B0BD410E04290AD845F2DC0117
:104E5000020EC0F6060151F8223020F07F4199423F
:104E600004D942F2AF50C0F60600704742F22C60FF
:104E7000C0F6060050F8220001EB410200EB820070
:104E8000426842B1036842F2D750C0F60600994228
:104E900008BF1046704742F20160C0F60600704736
:104EA000410E042984BF4FF0FF30704745F2DC0209
:104EB000010EC0F6060252F8211020F07F40884211
:104EC00088BF4FF0FF30704709280CD845F2DC024C
:104ED000C0F6060252F8202091429EBF21F07F4189
:104EE00041EA006070474FF0FF307047F0B587B07F
:104EF00045F21015C1F200056968002954D143F24A
:104F00000016C0F60606002818BF0646F2F7ACFBEE
:104F100044F60A64317942F2D847C0F60604C0F676
:104F2000060724A22346002918BF01210097F2F7A3
:104F300071FBF2F799FB718829A22346002918BF5B
:104F400001210097F2F766FBF2F78EFB31782FA272
:104F50002346002918BF01210097F2F75BFB43F2BB
:104F6000D4033079C0F606034EF283071B68C0F6FF
:104F700004077288317840F66D16CDE9007002A8FA
:104F80000FF2B00CC0F60506002458C00420002320
:104F9000CDF814C002F0F8F9014668604EF26D00D9
:104FA000C0F6040005F0DAF945F21010C1F2000075
:104FB00007B0F0BD656F6D5F63616C6C6261636BC0
:104FC0006D616E5F496E697469616C6973652829EA
:104FD0003A203020717565756573697A6500000047
:104FE000656F6D5F63616C6C6261636B6D616E5F59
:104FF000496E697469616C69736528293A203020AB
:10500000737461636B73697A65000000656F6D5F2F
:1050100063616C6C6261636B6D616E5F496E697434
:1050200069616C69736528292030207072696F721C
:105030006974790063626B6D616E000010B50C4697
:105040004FF0FE0128B124B10068FBF7A5F800215C
:10505000207048B210BD41F20001C1F20001087B8E
:10506000002818BF084670472DE9F047C0B041F24C
:105070000009C1F20009D9F80010002940F08B8125
:105080000546C8480DF10C0C0290C6A0071D8ECF36
:10509000007D8CE80E0006978DF81C00F2F7E4FA0C
:1050A00044F68F62C0F6060202A9F2F701FB012066
:1050B00089F80C0043F20810C0F60600002D18BF56
:1050C0002846D0E90001C9E90101F1F796FBFBF799
:1050D00069F8C9F800000120002100260FF0E4F86B
:1050E000D9F804000021EFF72BFFEFF71FFF05F0C1
:1050F000A8F900F005FB054690F848001A9601282B
:1051000008D1EFF713FF1AA905F08CF91A990028B6
:1051100008BF0E46E96B05F1300005F14403324645
:1051200001F0D4FDE86A1BAE31461422F1F7FCFC15
:1051300020AFA2A2384680213346DCF71BFBF2F7F2
:1051400093FA44F68F62C0F606023946F2F7B0FAD7
:1051500001F0AAFDE96A44F64032C0F24C0201F0C7
:105160009FFF0546F4F78EFB002135B1F4F7FAFBFB
:1051700045F68B27C0F6060705E0F4F714FC45F664
:105180008F27C0F6060745F6922220AEC0F606022B
:105190001BAB304680210097DCF7ECFAF2F764FA9B
:1051A00044F68F65C0F6060531462A46F2F780FAC6
:1051B00000F0A6FA643000F0FDFA00F0A1FA06460D
:1051C0007C3001F0F1FAF06A1BAE31461422F1F79F
:1051D000ABFC45F6FC2220AFC0F606023846802123
:1051E0003346DCF7C7FAF2F73FFA39462A46F2F7B8
:1051F0005FFA01F0D0FAD9F808104AF22012C0F292
:10520000070201F0ABFA0546F4F73CFB002135B18B
:10521000F4F7A8FB45F68B27C0F6060705E0F4F780
:10522000C2FB45F68F27C0F6060745F6C72220AE1B
:10523000C0F606021BAB304680210097DCF79AFAD5
:10524000F2F712FA44F68F68C0F606083146424675
:10525000F2F72EFA00F054FA883001F017FC00F053
:105260004FFA4C3000F0C4FC00F04AFAB03000F0C5
:10527000B1FE00F045FAB43000F044FC00F040FA12
:10528000B83000F04FFF45F20010C0F60600EFF70F
:1052900057F9EFF772F9F2F7E7F944F2C551C0F6A2
:1052A0000301F2F7FFF920AE30462021DCF706FFBC
:1052B00000F0FAFB00F001FC024630460121EFF756
:1052C00010FC01F068FA31460022002301F0F5FAE3
:1052D0004BF61000C0F6060090E88E00D0E9046599
:1052E0000DF1080E8EE88E0000F12007D0E906C40B
:1052F000CDE906658ECFD0E90C6590F838000DF148
:10530000280E8EE88E00CDE908C40E960F958DF814
:105310004000F2F7A9F90DF1080A51464246F2F7AA
:10532000C7F9484600F0DAF84BF2D070C0F6060034
:1053300090E88E00D0E9045402AE8EC600F120073A
:10534000D0E906CECDE906548ECFD0E90C54D0E991
:105350000E600D970C930B920A91CDE908CECDE922
:105360000E54CDE91060F2F77FF951464246F2F74C
:105370009FF9D9F80000FBF728F84BF64C01C0F66E
:10538000060150465222DCF7F8FDF2F76DF951465E
:105390004246F2F78DF941F20000C1F2000040B040
:1053A000BDE8F087696E73696465205F496E697452
:1053B00069616C69736528290000000061626F757E
:1053C0007420746F2063616C6C20656F6D5F697011
:1053D0006E65745F5265736F6C766549502829203D
:1053E000746F20686F737420257320772F20746981
:1053F0006D656F757420357365630000B0B538B1A5
:1054000000680C46FAF7C8FEA04203D1002022E053
:10541000FE2020E0022801D1F1201CE002224FF002
:10542000FF35032C4FEAC401C0F2010238BF22FA53
:1054300001F5012807D068B900F036FBE9B2BDE8F4
:10544000B04000F043BB00F045FEE9B2BDE8B0401B
:1054500000F055BEFF2040B2B0BD30B141F20000B7
:10546000C1F200000068FAF765BF6FF001007047F5
:1054700080B568B10068FAF78FFE02280CD00128C9
:1054800008D098B900F010FB00F017FB022109E0EA
:10549000FE200CE000200AE000F089FD00F090FD05
:1054A0004FF00051BDE8804002F01AB9FF2040B231
:1054B00080BDB0B578B10D4669B1044601F0CAFAB5
:1054C00001F0DBFA2946FCF756FE05462046FFF7B9
:1054D000CFFF2846B0BD6FF00100B0BD80B5F4F736
:1054E000D1F903214CF250320023F4F77DFA002069
:1054F0000EF0F4F80EF022F901F0D6FB01F0DDFB1E
:10550000BDE88040F9F76EBD80B5F4F7BBF948F20D
:105510008042C0F21E0203210023F4F765FAF0F77F
:1055200098FE0021F1F7B8F8F0F793FEF0F7C0FF0E
:1055300000F0BAFA00F0C1FA0221BDE8804002F0A2
:10554000CFB880B5F4F79EF94DF29002C0F2030295
:1055500003210023F4F748FAF0F77BFE0021F1F76E
:105560009BF8F0F776FEF0F7A3FFF6F7B9FBF6F736
:1055700049FDF6F7B5FBF6F7A9FAFBF7C7FBFBF712
:1055800008FDFBF7C3FBFBF738FBEBF7AFF8ECF7D5
:1055900063F9EBF7ABF8EBF792F8FAF761FAFAF781
:1055A00069FCFAF75DFAFAF7F3F9F4F781FDF4F71D
:1055B000F2FEF4F77DFDF4F720FDF3F79FFAF3F721
:1055C00074FBF3F79BFAF3F732FAFCF739F8FCF7C0
:1055D00006F9FCF735F8FBF7CEFFF8F7B9FCF8F75A
:1055E0008FFDF8F7B5FCF8F743FCF7F779FEF7F70E
:1055F0004FFFF7F775FEBDE88040F7F701BE80B5B5
:10560000F4F740F944F24022C0F20F0203210023D4
:10561000F4F7EAF9F0F71DFE0121F1F73DF8F0F794
:1056200018FE00210022F1F77BF8F0F712FE43F29A
:10563000CC01C0F60601096801EB8101BDE880409C
:10564000F1F780B87047704780B5F0F702FE00218F
:10565000F1F722F8F0F7FDFDF0F72AFFF6F740FB2F
:10566000F6F7D0FCF6F73CFBF6F730FAFBF74EFB0B
:10567000FBF78FFCFBF74AFBFBF7BFFAEBF736F8BB
:10568000ECF7EAF8EBF732F8EBF719F8ECF777F903
:10569000ECF7B8FDECF773F9ECF75AF9FAF7E0F923
:1056A000FAF7E8FBFAF7DCF9FAF772F9F4F700FD1C
:1056B000F4F771FEF4F7FCFCF4F79FFCF3F71EFA25
:1056C000F3F7F3FAF3F71AFAF3F7B1F9FBF7B8FFC8
:1056D000FCF785F8FBF7B4FFFBF74DFFF8F738FC54
:1056E000F8F70EFDF8F734FCF8F7C2FBF7F7F8FD12
:1056F000F7F7CEFEF7F7F4FDBDE88040F7F780BD81
:1057000044F62A10C1F20000017809B901210170A4
:1057100044F2E030C0F60600704744F62A10C1F2A9
:105720000000017809B90121017044F2E030C0F6AF
:105730000600704770B594B0044644F64570C0F258
:105740003F0016460D461390F1F78EFF2146F1F704
:1057500083FF44F62A11C1F200010A7803460AB910
:105760000120087016B17168307801E0002013A99B
:1057700003AECDE9001009A2304640210295DBF7C7
:10578000F9FF304610F09DFD042C9CBF14B070BD95
:1057900005F0AAF805F0CAF8FEE700BF5B25735DC7
:1057A00020257320696E2074736B2025643A2025B0
:1057B000730000002DE9F04F89B041F21804C1F2E6
:1057C00000042168002940F09F8043F21017C0F6C2
:1057D0000607002818BF074697E84F007D6904F1C7
:1057E000180C8CE84F00E562387830B301F05CFAB1
:1057F00042F2B845C0F6060550B9F1F735FF44F658
:10580000ED6343A2C0F6060305210095F1F709FFF9
:10581000387DB7F804A0B7F8088001280FD101F04F
:105820005BFC397DB7F80690B7F80AB00129064647
:105830000AD101F051FC054607E0002464E097F826
:105840000690B7F80AB0002600255FFA8AF05FFAE2
:1058500089F341463246CDE900B5FAF77FFE398932
:1058600060600846F7F70DFA7989A0600846F7F7F7
:1058700008FAE0600220012114F084FC2063F1F7B3
:10588000F3FE216B44F6ED6342F2B8462FA2C0F658
:105890000603C0F60606002918BF01210096F1F79D
:1058A000B9FEF8897989ADF81E0000250DF11E00BA
:1058B000ADF820108DF8225000F083F843F2D400A8
:1058C000C0F6060040F67D130068C0F6050379783F
:1058D0007A884EF2691604934EF2FD130FF2A80C6B
:1058E000C0F60406CDE90205C0F604030120CDE9A7
:1058F0000065CDF814C001F047FD396920602046ED
:105900002161257508F0F4FB204609B0BDE8F08F51
:10591000656F6D5F656D736261636B646F6F725FFE
:10592000496E697469616C69736528293A20454F2D
:105930004D74686549506E6574206E6F7420737481
:10594000617274656420796574000000656F6D5F35
:10595000656D736261636B646F6F725F496E6974CA
:1059600069616C69736528293A206F73616C2067DF
:1059700069766573204E554C4C20747873656D6163
:1059800070686F726500000062636B646F6F720015
:1059900044F62C11C1F200010868002818BF08461F
:1059A00070474FF0FE0250B149B1026803790A60B6
:1059B0005A1E4FF0000118BF4FF0FF32017150B274
:1059C000704770B544F62C14C1F200042168E1B9A7
:1059D00043F22811C0F60601002818BF0146888846
:1059E00060810868C4F8060005F088FB4FF00006E7
:1059F00050B105462089F7F744F920602846267102
:105A000005F0F2FAE06000E00024204670BD2DE9C8
:105A1000F04186B0044600200390ADF80A004FF034
:105A2000FE00ECB30D46D9B303A90DF10A022846D6
:105A3000F7F747F901A90DF102022846F7F7E1F857
:105A400044F62C17C1F200073868039EDDF8048085
:105A5000002505A90DF11202ADF81250F7F731F942
:105A6000B87AD8B9F868314605F0B1FA4FF00005B8
:105A7000A0B9F868059A04AB3146ADF8105005F0AE
:105A8000C9FA01280AD13868BDF81010F7F728F9CB
:105A90003868FA884146F7F7C0F8012500202571DB
:105AA00040B206B0BDE8F08144F63C11C1F20001FD
:105AB0000868002818BF0846704744F63C11C1F238
:105AC00000010968002818BF0846704738B189B13D
:105AD000012907D002290CBF0020FF2000E0FE2092
:105AE00040B2704744F63C10C1F200000068042147
:105AF00001F0F6BD44F63C10C1F200000068082138
:105B000001F0EEBDB0B586B044F63C14C1F200041D
:105B1000216839BB43F22E12C0F60602002818BFD6
:105B2000024643F2C800C0F606004EF26125006846
:105B30000023C0F604051178528840F6811ECDE995
:105B4000005302ADC0F6050E85E809404EF2114340
:105B50000FF21C0CC0F604030120CDF814C001F0B4
:105B600013FC206044F63C10C1F2000006B0B0BD4A
:105B7000636667535400000070477047704780B5F4
:105B8000F0F767FBBDE88040F0F792BC80B5EFF717
:105B900048FCBDE88040EFF7C7BE80B5F1F7A8FD2F
:105BA000BDE88040F1F73EBE7047000010B586B0FA
:105BB000002014210024FFF787F9CDE90204CDE984
:105BC0000444F1F751FD02AC03A303210022009429
:105BD000F1F727FD06B010BD454F4D746865454D82
:105BE00053636F6E666967757261746F720000004F
:105BF0002DE9F04F8BB041F24C07C1F20007396834
:105C000000297CD143F23416C0F60606002818BFDE
:105C1000064696E82F00746907F1180C8CE82F00EF
:105C2000FC6201F041F888B9F1F71EFD42F2B84577
:105C300045F63E3244F6B363C0F60605C0F60602EA
:105C4000C0F6060305210095F1F7EBFC307DB6F8B0
:105C50000490B6F8088001280DD101F03DFA317D9D
:105C6000B6F806B0B6F80AA00129054608D101F039
:105C700033FA044605E096F806B0B6F80AA0002507
:105C800000245FFA89F05FFA8BF341462A46CDE99A
:105C900000A4FAF763FC318978600846F6F7F1FF53
:105CA000B8603069F18907907089ADF82010717D76
:105CB000ADF82200002407A88DF824100A9400F003
:105CC00044F843F2D400C0F6060040F68913006899
:105CD000C0F60503317872884EF2414504934EF2C6
:105CE000F1430AA6C0F60405CDE90204C0F6040398
:105CF0000120CDE90054059601F046FB386041F2E1
:105D00004C00C1F200000BB0BDE8F08F6C697374F9
:105D1000656E65720000000044F64411C1F2000196
:105D20000868002818BF084670474FF0FE0250B1BF
:105D300049B1026803790A605A1E4FF0000118BF8A
:105D40004FF0FF32017150B2704770B58CB044F61D
:105D50004415C1F200052968C1BB43F24C11C0F6DD
:105D60000601002818BF0146D1E90020D1E902311F
:105D70002A61C5E90503E961E88AF6F782FF002692
:105D800028602E71FCF70EF8E969C5E90206E9B151
:105D9000FCF708F804ACE86020462021DCF78EF917
:105DA0004BF21311C0F60401204600220023EEF747
:105DB0008CFE43F2B800C0F60600D0E90023E86884
:105DC000E9690294CDE90016FCF760F844F6441046
:105DD000C1F200000CB070BD2DE9F04F93B0044645
:105DE00000200790ADF81A00002C4FF0FE0000F0E4
:105DF000DA800D46002900F0D68007A90DF11A02BD
:105E00002846F6F75EFF05A90DF112022846F6F7BF
:105E1000F8FEBDF81200059DA08243F2C000C0F656
:105E20000600066820690027864218BFA84229D1CB
:105E3000DDF81CA09DF81AB00AA82021DCF73EF975
:105E400044F64418C1F20008D8F8000009A90DF181
:105E50002202ADF82270F6F734FF45F2D129C1F2E3
:105E6000000989F800709AF80010DDF824C0B8F82D
:105E700016002E2908DD7E2919DC2F290AD0792960
:105E800027D03CE0FF208DE006292FD0092920D023
:105E9000202934D12F214FF64B6740F60652BBF133
:105EA000010F08BF2021C0F6040703922FE0FF294D
:105EB00001D07F2923D17F21BBF1010F08BF4FF013
:105EC000FF31B8F814204FF677670392C0F6040745
:105ED0001DE07921BBF1010F08BF0921B8F814209A
:105EE0004FF639770392C0F6040710E0B8F81410A3
:105EF0004FF6C77703910621C0F6040707E0B8F80C
:105F000014104FF6BD7703910021C0F604070190ED
:105F10000DF122000290C8B251465A462B46CDF8E8
:105F200000C0B84701283BD199F80000BDF822A075
:105F300001281FD14BF213110DF1280BC0F60401FB
:105F40005846002200234FF00009EEF7BEFD43F251
:105F5000B801C0F60601D1E9002343F2CC01C0F636
:105F600006010968D8F80800322779438DE8020A4B
:105F7000FBF78CFFBAF1000F12D0D8F81020D8F838
:105F80000000BDF82210964218BF1546F6F7A8FE8D
:105F9000D8F80000039A2946F6F73FFE012700E0F3
:105FA00000270020277140B213B0BDE8F08F44F6FF
:105FB0006811C1F200010868002818BF0846704740
:105FC00044F66811C1F200010968002818BF0846AC
:105FD00070470000B0B586B044F66814C1F2000402
:105FE0002168D1BB43F25C12C0F60602002818BF3C
:105FF000024643F2C800C0F606004EF2555500684E
:106000000023C0F604051178528840F6851ECDE9BC
:10601000005302ADC0F6050E85E809404EF2F1636B
:106020000FF2440CC0F604030120CDF814C001F0B7
:10603000ABF92060FBF7B6FE606042F2A840C0F604
:10604000060090E80E00C06804F1100C8CE80E0009
:1060500004F11C0C8CE80F00E06244F66810C1F2F9
:10606000000006B0B0BD00BF6572726F7200000024
:1060700000284FF0FE0018BF00291ED080B544F65E
:106080006812C1F20002108901301081D1E900CEFE
:10609000D1E90213C2F820C0C2E909E142F2C841C5
:1060A000C0F60601D362D1E90013C2E90413D0821D
:1060B0000020C2E90600BDE8804040B2704770474A
:1060C000704728B190F85600002818BF012070478B
:1060D0000020704744F24831C1F20001486B0028AB
:1060E00018BF08467047002812BFD0E91A010020E7
:1060F00000217047002814BF00690120704768B173
:1061000069B1FF290BD044F24830C1F200000022EF
:1061100080F84010002180F8602000E0FE2148B2A5
:10612000704700002DE9F04786B044F24835C1F2CF
:106130000005696B002940F0E18043F26016C0F66B
:106140000606002818BF0646F1F78EFAD6E90521A3
:10615000F3690A449A420ED2D6E908723B4493424C
:1061600009D2B36A3BB137B129B131691A448A42C5
:1061700001D2012100E0002141F6B03845F681321C
:10618000C0F606084FF0000AC0F606024346CDF8F6
:1061900000A0F1F73FFAF1F767FAF18D5BA202294F
:1061A0004FF00001434638BF0121CDF800A0F1F7C0
:1061B00031FA746996E88F006C6185E88F0006F10A
:1061C00018079FCF05F1180C8CE89F00306B002159
:1061D00028637089A5F84100307B85F860A085F8B8
:1061E000430096F8300085F84DA085F84C00FF205C
:1061F00085F8400013F0C6FF2865F1F735FA296DE0
:1062000050A24346002918BF0121CDF800A0F1F7A4
:1062100001FA4FF6FF70A5F861002869D5F848210A
:106220006B6AE969821AC01AC5E9340A96F8310026
:10623000C5E91C1A591AC5E9402AC5E91AAAC5E9CF
:10624000281A4FF00108012898BF404685F85400ED
:1062500043F2D400C0F606004DF2ED5304684CF64C
:1062600075504FF00309C0F602033178B288C0F6CA
:106270000200CDE900394DF611733FA70490C0F636
:1062800002030220CDE9024A059701F07DF84DF2A4
:10629000815368634CF67150C0F602037178F2883E
:1062A000C0F60200CDE900394DF6DD6334A7049055
:1062B000C0F602030220CDE9024A059701F064F816
:1062C0004DF2D563A8634CF67950C0F60203B1785D
:1062D0003289C0F60200CDE900394DF645732AA790
:1062E0000490C0F602030220CDE9024A059701F0AE
:1062F0004BF8E86385F830A1A5F8328144F24830C4
:10630000C1F2000006B0BDE8F08700BF656F6D5FA9
:10631000656D7372756E6E65725F496E69746961E1
:106320006C69736528293A206D61786E756D6F66AA
:1063300054587061636B657473206973203E20311B
:1063400000000000656F6D5F656D7372756E6E6540
:10635000725F496E697469616C69736528293A20B6
:106360007761697475647074786973646F6E6520A1
:106370006973204E554C4C0072756E5258000000E7
:1063800072756E444F00000072756E545800000024
:10639000002814BF90F830010020704744F24830C4
:1063A000C1F20000006D002113F0CABE60B144F2DA
:1063B0004830C1F2000090F86020012A1ABF80F82E
:1063C0004C100020FF2000E0FE2040B27047002863
:1063D0004FF0FE0018BF002907D0086844F248318A
:1063E000C1F20001C1F83201002040B270474FF005
:1063F000FE03E0B3D9B370B544F24836C1F20006EB
:1064000096F86030012B01D1FF232EE091E808506F
:10641000D1E9034500F59C7282E80850C0E9514576
:10642000D1E900C5D1E902430969C0F810C06A1872
:10643000A21AC0E906240A199A1A1944C0E90823C5
:10644000691A3269D6F84831614445618162D01ACF
:106450000023C6E94003F069716AC6E91C03081A03
:10646000C6E92803501AC6E93403BDE8704058B2A3
:10647000704700280FBFFE2080F8581080F8592080
:10648000002040B2704730B1012998BF012180F847
:106490005410002000E0FE2040B27047002800F0B9
:1064A000A9802DE9F04186B0002544F2483680F8F5
:1064B0004D50C1F200060446306D002113F0BEFEBF
:1064C00000F0C8FA00F0D9FAFBF7A6FD96F85420C0
:1064D00001210123FCF7FDF894F84C00002800F09E
:1064E0008B80012840F0F28004F580702821DBF7D2
:1064F000E5FD002784F82A7194F82A0104F59675C1
:1065000084F8290194F8290184F828012846ECF739
:1065100036FD41F68861C0F606012846ECF72CFDF1
:106520002846ECF72CFD72A17148D1E9021284F8DB
:10653000997084F8C97084F8F97086F89A7086F8B2
:10654000CA7086F8FA7001900391D4E904010492AC
:106550000844029094F841000DF1040841460022DD
:1065600005970FF05FFE2069E16900220844029060
:10657000012194F84200059141460FF053FE254653
:1065800015F8430F216955F81F2C1144029102217F
:106590000591414600220FF045FE55F80F0C0121F0
:1065A00001F09EF84FF60170A5F81D00FF20E87776
:1065B00006F178008821C5F82570C5F82970DBF749
:1065C0007DFD3069F169D6F84821736A821AC6E9FF
:1065D0001C17591AC01AC6E94027C6E92817C6E988
:1065E000340794F841000FF058FE94F842000FF081
:1065F00054FE67E0FE206FE096F84C00002864D15E
:1066000004F580702821DBF759FD002784F82A71F2
:1066100094F82A0104F5967584F8290194F8290163
:1066200084F828012846ECF7AAFC41F68861C0F6F8
:1066300006012846ECF7A0FC2846ECF7A0FC27A0B2
:10664000D0E9020184F8997084F8C97084F8F9706F
:1066500086F89A7086F8CA7086F8FA7025461F4A3E
:10666000039015F8410F019255F8312C0292CDE9B3
:10667000041701A900220FF0D5FD55F80D0C0121DA
:1066800001F02EF84FF60170A5F81F00FF2085F8E5
:10669000210006F178008821C5F82770C5F82B7015
:1066A000DBF70CFD3069F169D6F84821736A821A6C
:1066B000C6E91C17591AC01AC6E94027C6E92817A7
:1066C000C6E9340728780FF0E8FD0125002084F89A
:1066D000305106B0BDE8F04140B27047FF00000005
:1066E000000000000201000085E202080000000036
:1066F000FF000000000000000200000075F7020823
:1067000000000000C0B1B0B5044600F0A3F900F0ED
:10671000B4F9FBF781FC012101220123FBF7D9FF2A
:1067200094F84C0058B10128E7F757FC002084F892
:106730003001BDE8B04000E0FE2040B2704744F2B6
:106740004835C1F2000595F841000FF0ADFD022873
:10675000ECD195F841000FF0ADFDE7E7C0B170B5A1
:106760000446007F15460E4610B1A06986420BD044
:1067700000202077A66100F097FA31462A4600F003
:106780008FFC10B9012020770020BDE8704000E0A8
:10679000FE2040B2704741F27C01C1F2000108685E
:1067A000002818BF084670472DE9F04F83B041F22A
:1067B0007C07C1F20007396800294FD143F29414D5
:1067C000C0F60604002818BF0446381D21460C22D6
:1067D000DBF74CFB00F068FA70B9F0F745FF42F2C6
:1067E000B84644F6DD63C0F6060620A2C0F60603EE
:1067F00005210096F0F715FFA07AB4F80090B4F8E0
:10680000048001280DD100F067FCA17AB4F802B031
:10681000B4F806A00129064608D100F05DFC054643
:1068200005E094F802B0B4F806A0002600255FFA4F
:1068300089F05FFA8BF341463246CDE900A5F9F7BE
:106840008DFEA18838600846F6F71BFA38610020F3
:106850007877EEF72FF93862EEF7D8F841F27C003E
:10686000C1F2000003B0BDE8F08F00BF746865207E
:10687000454F4D74686549506E657420686173209A
:106880006E6F74207374617274656420796574002E
:1068900080B582B001460020ADF8060059B1487FAE
:1068A000012807D108680DF10601F9F7D5FFBDF8F9
:1068B000060000E0002002B080BD70B584B058B181
:1068C0001646427F054600681C46012A06D132461C
:1068D000F9F7D4FF06460FE0FE2615E0AA8900234B
:1068E000CDE90031114603220296F9F7C7FE0646AC
:1068F00010B9012000266877286A1CB12146EEF7FE
:106900008CF801E0EEF782F870B204B070BDF0B51B
:1069100081B015460C4606460AB1002028804FF08B
:10692000FE07CEB1C4B1707FA8B143F2D802C0F661
:106930000602306831691268F9F7DAFD074618B1C6
:1069400030690021F6F7CCF930682946F9F784FF61
:106950003069206000E0FF2778B201B0F0BD70B56B
:1069600082B0054600284FF0FE001BD00C46C9B18E
:10697000687FB0B1164601A90DF102022046F6F774
:1069800040F9287F019910B1A869814204D02846B6
:106990003246FFF7E3FE28B928682146F9F718FFC9
:1069A00000E0FF2040B202B070BD2DE9F04182B09E
:1069B0000C46002100284FF0FE05ADF80610ADF89A
:1069C000041043D0002C41D01F461646F2F7B6FD06
:1069D00001AB4FF6FF710022F2F7FCFE44F6981867
:1069E000C1F20008D8F800000DF106013A46FBF7A5
:1069F0006AFC054650BBBDF8060006B1308030B1D8
:106A0000D8F800002146FBF757FC054600E00025BA
:106A1000BDF8040018B1FEF71EFBFEF729FDD8F8FB
:106A2000000045F21C1100F13C078CCFD0E9126C3C
:106A3000D2E91A40C1F20001126F9B6FC1E9004018
:106A400001F11000C1E9022780E8481068B202B0E5
:106A5000BDE8F08144F69811C1F2000108680028F1
:106A600018BF0846704730B180B5EEF7ECFBBDE8C3
:106A70008040EEF7F1BB0020704744F69811C1F258
:106A800000010968002818BF0846704770B58EB02D
:106A900044F69815C1F200052968002952D143F245
:106AA000A016C0F60606002818BF0646D6E9000163
:106AB00003AC039030890491ADF8140004F10A008E
:106AC00006F10A010C22DBF7D1F947F2D900C0F632
:106AD0000400099006F118000B9046F6AD30C0F6A0
:106AE00004000C9046F68740F18AC0F604000D9031
:106AF0002046ADF82810EEF7C1FBEEF7A4FBEEF749
:106B0000B4FB00F13C0E9EE84C40286045F21C119D
:106B1000D0F84CC0D2E91A45126F9B6FC1F2000148
:106B2000C1E90045C1E90226C1E9043EC1F818C027
:106B30000021019118210091FBF76EFA019068463F
:106B4000F2F706FD44F69810C1F200000EB070BDD9
:106B500030B144F69810C1F200000068FBF704BBA6
:106B60006FF001007047F0B1E9B170B544F69814C8
:106B7000C1F200042068FBF712FB216845F21C12E9
:106B800001F13C0E9EE81850C96CD3E91A561B6FF0
:106B9000A46FC1F20002C2E90056C2E9023CC2E998
:106BA000044E916170BD6FF001007047B0B582B0C6
:106BB000F7F752FCE0B1D0E9022182F001030B4368
:106BC0002FD140F6E074D0E90402C1F20004342170
:106BD000C4E9020201202160E080F0F745FD0121B7
:106BE000002200230094F0F71CFD3020206048E0D4
:106BF00040F6E074C1F200040820206042F2463002
:106C00004CF22221C0F20100C7F6AB71C4E90210B8
:106C10000120E080F0F728FD0321002200230094EA
:106C20002DE0D0E904CE48F20004B2EB0C02CFF61E
:106C3000FF7461EB0E01A01A4FF0FF3070EB0103FF
:106C40004FF00003B8BF0123002B1CBF08461446B9
:106C500047F6FF71621A70F1000040F6E075C1F26C
:106C600000054FF03000A8BF0C462860EC80C5E955
:106C700002CEF0F7F9FC0421002200230095F0F782
:106C8000D0FC02B0B0BD80B582B0F0F7EDFC40F6AC
:106C9000F07CC1F2000C042100220023CDF800C0DA
:106CA000F0F7BFFC02B080BD45F25811C1F20001FF
:106CB0000868002818BF0846704745F25811C1F20D
:106CC0000001896E002818BF084670472DE9F04F73
:106CD000ADB045F2581AC1F2000A9146DAF8002028
:106CE000002A40F08F8107AF8846054638461421B8
:106CF0001E46DBF7E3F9D9F8080039461422EFF70E
:106D000013FF45F62E020CACC0F606022046802189
:106D10003B46DAF72FFDF0F7A7FC44F64067C0F6D4
:106D2000060721463A46F0F7C3FC43F2C814C0F602
:106D30000604002D18BF2C46F0F796FC42F2D84B03
:106D400045F26A724146C0F6060BC0F606023B46A3
:106D5000B8F1000F18BF0121CDF800B0F0F75AFCD0
:106D6000F0F782FC6168ABA23B46002918BF012105
:106D7000CDF800B0F0F74EFCF0F776FC6188B0A2D9
:106D80003B46002918BF0121CDF800B0F0F742FCC6
:106D9000F0F76AFC2178B4A23B46002918BF012114
:106DA000CDF800B0F0F736FC43F2D415C0F6060576
:106DB000002E18BF3546F0F757FC697809B101215C
:106DC00003E02978B1FA81F1490944F6406645F6B5
:106DD0008E02C0F60606C0F606023346CDF800B0B5
:106DE000F0F718FC4EF237724EF2B1734EF64D3199
:106DF000C0F60402C0F604032878C0F60401CDE909
:106E000000324EF665024EF695130291C0F604026A
:106E1000C0F6040300214FF0000B03F009FCCAF890
:106E200000000220002113F0ADF9CAF83400F0F799
:106E30001BFCDAF8341042F2B84745F23172C0F662
:106E40000607C0F606023346002918BF0121009745
:106E5000F0F7E0FB13F08CF8CAF81000F0F704FC30
:106E6000DAF8101045F2D672C0F606023346002951
:106E700018BF01210097F0F7CDFBFAF793FFCAF88E
:106E80003800EDF717FE6978CAF83C00B9B108463A
:106E900012F07AFFCAF84800F0F7E6FBDAF848107B
:106EA00045F6510244F64063C0F60602C0F60603FA
:106EB000002918BF01210097F0F7ACFB01E0CAF8E8
:106EC00048B00AF1500630464146D822DAF7CEFFE4
:106ED000D9E9000150EA010218BFCAE91801D9F83E
:106EE000080008B1CAF86800D9F80C0008B1CAF85F
:106EF0006C0000200025F5F7C4FE43F2D401C0F673
:106F000006010968CAE91001217ADAF800008AF856
:106F10004C1003F04FFB40F675136068C0F6050394
:106F2000217862884EF6854704934EF681730FF2FE
:106F3000601CC0F60407CDE90205C0F60403012079
:106F4000CDE90075CDF814C000F01EFADAF854301F
:106F5000CAF8040040F67910617A6289C0F605002B
:106F60004EF68374CDE902354EF687734AA7C0F614
:106F700004040490C0F604030520CDE900450597FC
:106F800000F002FACAF808002CA93046D9F74DFCE7
:106F90002C9848B1F3F792FFBDF8B02004210123EB
:106FA000F3F796FF014600E000219AF84C0044F206
:106FB000FD3201283046C0F6030208BF1546CAF864
:106FC000EC50D9F7A0FCD9F77DFEF0F74DFB44F665
:106FD000406445F21471C0F60604C0F6060122466C
:106FE000F0F766FB45F607020CADC0F6060207ABEC
:106FF00028468021DAF7BEFBF0F736FB2946224609
:10700000F0F756FB45F25810C1F200002DB0BDE874
:10701000F08F00BF656F6D5F69706E65745F496E5C
:10702000697469616C69736528293A20302070722F
:107030006F636D617869646C6574696D65000000EB
:10704000656F6D5F69706E65745F496E69746961C3
:107050006C69736528293A20302070726F637374ED
:1070600061636B73697A6500656F6D5F69706E65EA
:10707000745F496E697469616C69736528293A2087
:1070800070726F637072696F7269747900000000CA
:107090006970505243000000697054434B00000077
:1070A00010B1006807F047BB6FF00100704710B5E2
:1070B00088B10446406870B112F020FF206803F0E8
:1070C0007DFB0020C4E90000F3F7F8FE2146BDE88F
:1070D0001040F3F7AFBE10BD10B582B0F3F7EEFE6F
:1070E000042108220123F3F7F3FE044603F075FBA5
:1070F0004EF699714EF693724EF68973C0F60401FE
:10710000C0F60402C0F60403206003F073FB12F023
:107110002FFF6060F0F7A8FA616842F2B84C44F6BD
:10712000F953C0F6060C06A2C0F60603002918BFE4
:107130000121CDF800C0F0F76DFA204602B010BD75
:10714000656F6D5F6D757465785F4E657728293A58
:10715000206F73616C5F6D757465785F6E657728FD
:10716000292072657475726E73204E554C4C000068
:1071700010B1406812F066BF6FF00100704710B1A7
:10718000406812F081BF6FF00100704745F23C117A
:10719000C1F200010868002818BF084670470000C7
:1071A0002DE9F04F85B045F23C15C1F200050F46C0
:1071B0002968044600294FF00000049071D1DDF8E1
:1071C00038A099461646F0F74FFA44F6206842F286
:1071D000D84BC0F606082146C0F6060B34A243463B
:1071E000002C18BF0121CDF800B0F0F713FAF0F72A
:1071F0003BFA616837A24346002918BF0121CDF848
:1072000000B0F0F707FAF0F72FFAA1683AA2434668
:10721000002918BF0121CDF800B0F0F7FBF94AF2C0
:10722000BD314AF279224AF27D20C0F60501C0F64E
:10723000050246F2E91CC0F60500CDE900214EF634
:107240009F724EF22173C0F6050C0290C0F6040244
:10725000C0F6040338463146CDF80CC003F072FB8B
:10726000D4E9011285E8070608460CF089FF0CF006
:10727000E1FF206808B10EF0CDFFA86804A912F064
:1072800035FC049848B1F3F719FEBDF81020082129
:107290000123F3F71DFE014600E00021A86812F06B
:1072A0008FFA45F23C10C1F2000005B0BDE8F08F46
:1072B000656F6D5F7379735F496E697469616C693D
:1072C000736528293A204E554C4C207379736366B8
:1072D00067000000656F6D5F7379735F496E697455
:1072E00069616C69736528293A204E554C4C2068B9
:1072F000616C636667000000656F6D5F7379735F33
:10730000496E697469616C69736528293A204E5524
:107310004C4C206F73616C6366670000B0B582B03F
:107320000C460546F0F7A0F942F2D84C44F620632B
:10733000002D18BF0125C0F6060C0BA2C0F60603EF
:107340002946CDF800C0F0F765F945F23C11C1F2CD
:1073500000014FF2A110C0F604004C6102B0BDE87C
:10736000B04012F09BBF00BF656F6D5F7379735FB4
:10737000537461727428293A204E554C4C20686130
:107380006E646C65000000002DE9F04F87B0109C22
:10739000DDF854A0139F069391460E460546F0F77C
:1073A00063F9002C214644F6026442F2D848C0F644
:1073B0000604C0F60608BCA2234618BF0121CDF87A
:1073C0000080F0F727F9F0F74FF94946BDA22346B0
:1073D000B9F1000F18BF0121CDF80080F0F71AF9BC
:1073E000F3F76CFD3421F3F7CBFE044603F070FB9A
:1073F00004F1240B45F2326345F6F9222060C0F611
:107400000603C0F60602584610212762BAF1000FA3
:1074100018BF5346DAF7AEF942F2B84A052DC0F666
:10742000060A00F23081DDE91110DFE805F003AF54
:107430005B770DD14FF27B100021C0F60400A174E0
:10744000C4E90501E16157E00422A2744FF21D0274
:10745000C0F604024FF00008C4E90520C4F81C80FF
:10746000012998BF0121C8B2217412F08DFC217C42
:10747000A060084612F088FCE060F0F7F5F844F6EA
:107480000265A16845F25B62C0F60605C0F6060219
:107490002B46002918BF0121CDF800A0F0F7BAF85B
:1074A000F0F7E2F8E16845F2BA62C0F606022B4650
:1074B000002918BF0121CDF800A0F0F7ABF84FF27A
:1074C00019114FF2710220684FF25507C0F60401FE
:1074D000C0F60402C0F60407CDE90088CDE90282B7
:1074E00004918CE00222A2744EF6BD72C0F6040232
:1074F000C4E90520E161002120684FF255074FF2F1
:107500006F12C0F60407C0F604022174A160E160A6
:10751000CDE90021CDE90211049152E00322A274C9
:107520004FF2CD02C0F604020025C4E90520E56152
:10753000012998BF0121C8B2217412F025FCC4E9C9
:107540000205F0F791F8A16845F28B6244F60263F8
:10755000C0F60602C0F60603002918BF0121CDF8C7
:1075600000A0F0F757F84FF25F114FF2AF0220681A
:107570004FF25507C0F60401C0F60402C0F6040736
:10758000CDE90052CDE90215049538E00121A1743E
:107590004EF6F971C0F60401C4E905104FF26F11FF
:1075A000002220684FF25507C0F60401E261227400
:1075B000A260E260C0F60407CDE90012CDE9022224
:1075C00004924FF2C1030699109AC0F6040319E021
:1075D0000521A1744FF2F501C0F60401C4E90510BC
:1075E00020684FF255070022C0F60407E2612274BA
:1075F000A260E260CDE90022CDE902220492069960
:10760000109A0023059703F094FAF11E1498CAB259
:107610006FF00401022E38BF0221F82A09F1070297
:1076200038BF314622F00703617400B96069CAB2FD
:107630009BB2214612F022FF2146606012F0DEFE6E
:10764000F0F712F8616845F2EB6244F60263C0F6A7
:107650000602C0F60603002918BF0121CDF800A0DC
:10766000EFF7D8FFF0F7B4FC61685A46F0F7D8FCA2
:1076700045F25411C1F200010878421C20460A70FC
:1076800007B0BDE8F08FEFF7EFFF45F23A6244F63E
:107690000263C0F60602C0F606030521CDF800809D
:1076A000EFF7BFFFB1E700BF656F6D5F7461736B8C
:1076B0005F4E657728293A204E554C4C2072756EE6
:1076C0005F666E00656F6D5F7461736B5F4E6577AB
:1076D00028293A203020737461636B73697A6500DE
:1076E00003F0C6BA08B141690847704703F07ABA97
:1076F00003F087BAF0B587B045F28025C1F20005E6
:107700002968002965D143F20C26C0F60606002838
:1077100018BF0646EFF7A8FF44F62D64317942F210
:10772000D847C0F60604C0F606072DA22346002956
:1077300018BF01210097EFF76DFFEFF795FF7188F4
:1077400033A22346002918BF01210097EFF762FFFB
:10775000EFF78AFF317838A22346002918BF0121AC
:107760000097EFF757FFFFF7B7FC04464FF257407B
:107770004FF2F3314FF275324FF28743C0F60400F7
:10778000C0F60401C0F60402C0F60403009403F03E
:10779000B1FA43F2D407728831783379C0F606071C
:1077A000286040F671104FF2C7463F68C0F60500EA
:1077B000C0F604060FF2A80C0024CDE90063049083
:1077C00003200023CDE90274CDF814C0FFF7DCFDDF
:1077D000686045F28020C1F2000007B0F0BD00BF34
:1077E000656F6D5F74696D65726D616E5F496E691D
:1077F0007469616C69736528293A2030206D65735E
:1078000073616765717565756573697A65000000F8
:10781000656F6D5F74696D65726D616E5F496E69EC
:107820007469616C69736528293A2030207374612A
:10783000636B73697A650000656F6D5F74696D6570
:10784000726D616E5F496E697469616C69736528F8
:10785000293A2030207072696F72697479000000D3
:10786000746D726D616E00000138C0B20D288EBF5C
:10787000002001A1085C7047010101010101020320
:10788000010401010101000045F20C120021C0F6C3
:10789000060200BF52F83130834205D0013106297B
:1078A00004BF0F207047F5E702EBC1000079704775
:1078B00090B110B50446007803280BD800F0DDFC29
:1078C00043F2A061C0F60601085CA0F1090111F1C4
:1078D000080F03D2002010BD00207047621C002159
:1078E00012F8013B01381944FAD188B2002818BFB8
:1078F000012010BD000E7047C0F307407047C0F371
:1079000007207047C0B2704743EA022242EA0141B1
:1079100041EA0060704742F2A800C1F2000000781E
:10792000704742F2A8020146C1F200020020117025
:107930007047FE2801D100202AE041B2002926D458
:10794000F0B581B044F62815C1F200052C78A042AC
:1079500018D344F62417C1F200073A68461C06EB18
:10796000460001011046D9F703FE98B104EB44012B
:10797000386000EB0110311B01EB410109012E7051
:10798000DAF79CFB002001B0BDE8F04000E0FF20EA
:1079900040B27047FF20F6E7B0B51446FE2804D188
:1079A00044F6F405C1F200050FE044F62812C1F2D6
:1079B00000021278904214D244F62412C1F200025E
:1079C000126800EB400002EB001503294FF0FF00A6
:1079D00008D83DB1084600F050FC45F82040002092
:1079E00000E0FF2040B2B0BDB0B51446FE2804D17F
:1079F00044F6F405C1F200050FE044F62812C1F286
:107A000000021278904215D244F62412C1F200020C
:107A1000126800EB400002EB001503294FF0FF0055
:107A200009D845B1084600F028FC05EB8000046148
:107A3000002000E0FF2040B2B0BDFE284FF0FF0064
:107A400010D103290ED810B50846144600F015FCD5
:107A500044F6F401C1F2000101EB80000462002051
:107A6000BDE8104040B2704710B5FE2804D144F67E
:107A7000F404C1F2000411E044F62812C1F200023D
:107A80001278904224BF002010BD44F62412C1F2A7
:107A90000002126800EB400002EB001403294FF0D3
:107AA000000008D83CB1084600F0E7FB54F820007D
:107AB000002818BF012010BD03288EBF002002A19E
:107AC00051F82000704700BF818204087F820408BB
:107AD0007D82040883820408F0B581B0FE280C463C
:107AE00004D144F6F405C1F2000510E044F6281173
:107AF000C1F20001097888423DD244F62411C1F256
:107B000000010968B9B300EB400001EB001500204B
:107B1000B0EB946F2FD1200E00F0AFFB55F8201082
:107B200049B343F2A062C0F60602135CC4F30742F5
:107B3000934220D943F2B465C0F60605230C55F8EC
:107B400020E04FEA142C002AD8B24FF0000209D0EE
:107B50000346754615F8016B11F8017B013B17FBD5
:107B60000622F7D11EF800005FFA8CF152FA84F277
:107B700011FB002001E04FF0FF3001B0F0BD00002C
:107B800010B5FE2804D144F6F404C1F200040FE05D
:107B900044F62812C1F200021278904229D244F62B
:107BA0002412C1F20002126800EB400002EB001444
:107BB00003294FF000001DD8E4B1084600F05DFB3A
:107BC00054F82010A9B143F2A062C0F60602125C7C
:107BD0007AB143F2B463C0F6060353F820300020B4
:107BE00013F801CB11F8014B013A14FB0C00F7D14B
:107BF00000E0002080B210BDF0B581B01446FE2830
:107C00000F4604D144F6F406C1F200060FE044F634
:107C10002811C1F20001097888422CD244F62411BF
:107C2000C1F20001096800EB400001EB0016032FD0
:107C30004FF0FF3021D806B3384600F01EFB56F84F
:107C40002010C1B143F2A062C0F60602125C92B1EC
:107C500043F2B463C0F6060353F82030002000BF9F
:107C60001D5C0E5C6E430EB1B44208D301309042ED
:107C7000A4EB0604F4D34FF0FF3001B0F0BDA1B285
:107C8000EAB2B1FBF2F101FB124242EA0121C1EA80
:107C9000004040EA0760F0E710B5FE2804D144F642
:107CA000F404C1F200040FE044F62812C1F200020D
:107CB0001278904229D244F62412C1F200021268CE
:107CC00000EB400002EB001403294FF000001DD828
:107CD000E4B1084600F0D1FA54F82010A9B143F2FB
:107CE000A062C0F60602125C7AB143F2A463C0F649
:107CF000060353F82030002033F802CB11F8014B73
:107D0000013A0CFB0400F7D100E0002080B210BD66
:107D10002DE9F04182B01446FE280D4604D144F608
:107D2000F407C1F200070FE044F62811C1F2000188
:107D30000978884233D244F62411C1F2000109685F
:107D400000EB400001EB00174FF0FF0045B33FB3DD
:107D50002846EDF7FAF9012821D12846EDF744FA33
:107D600000260DF1070800208DF80760C0B200F072
:107D700084FA57F8200040B10136F0B2A04204D98D
:107D800028464146EDF715FA38B99DF8070001304D
:107D9000C1B204298DF80700E8D3002000E0FF20DD
:107DA00040B202B0BDE8F0812DE9F04F81B0144639
:107DB000FE280D4604D144F6F407C1F200070FE097
:107DC00044F62811C1F200010978884251D244F6E4
:107DD0002411C1F20001096800EB400001EB00171B
:107DE000002D4FF0FF0045D0002F43D02846EDF77F
:107DF000ACF904283DD12846EDF7F6F943F2706A54
:107E000043F2A06B0026C0F6060AC0F6060BE84651
:107E10004FF000095FFA89F000F02FFA57F82010B0
:107E200001B30136F2B2A2421CD94FF47F42009254
:107E30005AF820208DF800901BF800001288ADF849
:107E400002204FF0000230B111F8013B002B18BFA7
:107E500001320138F8D1284641468DF80120EDF76E
:107E6000A8F920B9B9F1030F09F10109D2D3002013
:107E700000E0FF2040B201B0BDE8F08F70B5FE28F1
:107E800004D144F6F404C1F2000410E044F62811D1
:107E9000C1F200010978884219D244F62411C1F2D6
:107EA0000001096899B100EB400001EB00140026C5
:107EB000002500BFF0B200F0E0F954F820000028DF
:107EC00018BF0135032E06F10106F3D300E00025AB
:107ED000E8B270BD2DE9F04F81B01446FE280D4682
:107EE00004D144F6F406C1F200060FE044F628116E
:107EF000C1F20001097888425DD244F62411C1F232
:107F00000001096800EB400001EB0016002D4FF066
:107F1000FF0051D0002E4FD02846EDF716F9042867
:107F200049D12846EDF760F94FF0000A4FF00009FB
:107F30005FFA8AF000F0A1F9074656F8200098B3DE
:107F400043F2A060C0F6060010F807B0BBF1000FC6
:107F50002AD04FF0000800BF56F8270010F808108C
:107F6000F1B109F101091FFA89F1A14218D90021E3
:107F700000918DF800A08DF8018043F2B46110F8F3
:107F80000800C0F6060151F827108DF8020011F81C
:107F9000080069468DF803002846EDF70AF918B97C
:107FA00008F10108C345D7D1BAF1030F0AF1010A5C
:107FB000BED3002000E0FF2040B201B0BDE8F08F4A
:107FC0002DE9F04F83B0994615460746FE280C462A
:107FD00004D144F6F40BC1F2000B0FE044F6281074
:107FE000C1F20000007887421FD244F62410C1F28B
:107FF0000000006807EB470100EB011B4FF0FF0694
:10800000A5B1BBF1000F11D02846EDF79EF804286A
:108010000BD1FE2C07D1384629464A4603B0BDE8AD
:10802000F04FFFF757BF032C04D9FF2670B203B0FF
:10803000BDE8F08F2846EDF7D7F8204600F01DF98F
:1080400003465BF82000E0B343F2A060C0F60600F0
:10805000C75CB7B34FF000084FF0000A019400BFAF
:108060005BF8230010F8081021B30AF1010A1FFA87
:108070008AF149451ED9002602968DF808408DF8F0
:10808000098043F2B46110F80800C0F6060151F807
:1080900023108DF80A0011F8080002A98DF80B00D2
:1080A00028464C469946EDF784F84B46A146019C7C
:1080B0000028BBD108F1010847454FF00006CFD199
:1080C000B4E70026B2E7000010B5FE2804D144F65C
:1080D000F404C1F2000410E044F62812C1F20002D8
:1080E0001278904226D244F62412C1F2000212689D
:1080F00002B300EB400302EB0314FE2903D1BDE8F9
:10810000104000F01BB8032914D8084600F0B5F859
:1081100054F8201071B143F2A062C0F60602125C5E
:1081200042B1002011F8013B002B18BF0130013A89
:10813000F8D100E0002080B210BD0000F0B581B0A1
:10814000FE2804D144F6F404C1F2000410E044F621
:108150002811C1F200010978884223D244F6241183
:10816000C1F200010968E9B100EB400001EB001425
:1081700043F2A0670026C0F606070025F0B200F023
:108180007CF854F8201041B1385C30B111F8012B63
:10819000002A18BF01350138F8D1032E06F1010677
:1081A000ECD300E00025A8B201B0F0BD70B51446D4
:1081B000FE280D4604D144F6F406C1F2000610E094
:1081C00044F62811C1F20001097888421CD244F615
:1081D0002411C1F200010968B1B100EB400001EBCC
:1081E0000016032D10D8284600F047F856F8201046
:1081F00051B143F2A061C0F60601085C844203D28B
:1082000056F82500005D70BD002070BDF0B581B04E
:108210001C4615460646FE2804D144F6F407C1F272
:1082200000070FE044F62810C1F2000000788642F3
:1082300020D244F62410C1F20000006806EB46028A
:1082400000EB021703294FF0000014D89FB1084635
:1082500000F013F8014607EB8000076957B130467C
:108260002A46234607F058F94FF6FF71884201D09D
:10827000384400E0002001B0F0BD704770477047FF
:1082800070477047704780B5F4F745FA6421016084
:1082900080BD80B5F4F73FFA2021D9F70FFF80BDEC
:1082A0007047704780B5F4F736FA40F60121C0F206
:1082B0000011016080BDB0B5F4F72DFA41F6B86148
:1082C000C0F6060191E80C50CC6A80E80C50D1E968
:1082D000042301F12005C0E904232CCDC46200F180
:1082E0002004D1E906CE2CC4D1E90C12C0E906CE97
:1082F000C0E90C12B0BD70477047704780B5F4F705
:108300000AFA322101800021416080BD80B5F4F776
:1083100002FA024604201021ECF71CFF0021BDE800
:108320008040ECF76FBF704780B5F4F7F4F94FF475
:10833000206101800021817080BD704770477047C7
:1083400080B5F4F7E8F902460F200121ECF702FFAF
:108350000F21BDE88040ECF755BF7047704770476C
:1083600080B5F4F7D8F90A21017080BD80B5F4F723
:10837000D2F902460E200221ECF7ECFE0E21BDE8F8
:108380008040ECF73FBF7047704780B5F4F7C3F902
:108390000A21017080BD80B5F4F7BDF902460620C0
:1083A0000221ECF7D7FE0621BDE88040ECF72ABF9A
:1083B000704780B5F4F7AFF940F601210180002144
:1083C000817080BD10B5F4F7A6F90446062002219D
:1083D0002246ECF7BFFE0021ECF714FF04F1100277
:1083E00006200221ECF7B6FE0621ECF70BFF04F1A4
:1083F000200206200221ECF7ADFE0621BDE8104068
:10840000ECF700BF7047704770477047704780B502
:10841000F4F781F90221016080BD80B5F4F77BF9A2
:10842000024602200821ECF795FE0021BDE88040BD
:10843000ECF7E8BE704780B5F4F76DF90021C0E9AC
:10844000001180BD70477047704770477047704794
:10845000704780B5F4F75FF9F821D9F72FFE80BD9A
:108460007047704770477047704770477047704754
:10847000704710B5F4F74FF9044641F60C40C0F6CA
:10848000060000F1F80120466422D9F776FD0B20A2
:10849000A08410BD704770477047704770477047A1
:1084A0007047704780B5F4F736F9C821D9F706FE52
:1084B00080BD70477047704770477047704770477E
:1084C000704780B5F4F727F941F69851C0F60601D8
:1084D00001F1C80E9EE80C50D1F8D81080E80C507D
:1084E00042F22862C0F606021268C0E9041280BD9A
:1084F000704770477047704710B584B0044600203D
:10850000ADF80E00CDF80A00CDF80600CDF8020057
:10851000FDF7F6F8D0F8C81090F8E900ADF80010B3
:108520008DF80A006946204601220023F4F7F8F886
:1085300004B010BD7047F0B589B000270446069717
:10854000FDF7DEF8816AD0F8C8204B68D0F8D45027
:1085500001934B88D0F8DC6090F8E900ADF8083062
:10856000ADF81C50731B921B01ADADF820208DF8A7
:108570002200A81D21310F22ADF81E30D9F776FC5C
:1085800021208DF8230020462946012200238DF862
:108590001A70F4F7C5F809B0F0BD7047704770471E
:1085A00070477047704710B5446941F6021020804B
:1085B000FDF7A6F8B0F88410B0F890202181628110
:1085C000D0F88010E160B0F89610B0F898202182C1
:1085D000B0F89A10A2826182B0F89410B0F89C00B2
:1085E000E18220830020E083C4F81A0010BD7047A8
:1085F00070477047704770477047704770477047C3
:1086000080B5F4F788F80021C0E900110181FF214D
:10861000417480BD7047704780B5F4F77CF8002145
:10862000017080BD10B50446F4F775F82046F4F7E4
:1086300072F8024618200A21BDE81040ECF78ABD06
:10864000704710B50C46E9F79AF900682146BDE875
:108650001040E9F70CBD10B50C46E9F790F9006839
:108660002146BDE81040E9F702BD7047704710B5DC
:108670000C46E8F73BF800682146BDE81040E9F7F2
:108680002BB810B50C46E8F731F800682146BDE874
:108690001040E9F721B870477047704710B58868F7
:1086A0000478F0F72BFA44B1F0F7E6FAF0F726FA7F
:1086B0000121BDE81040F0F7DBBBBDE81040F0F74A
:1086C000F4BA10B58C68F0F719FA2146BDE81040ED
:1086D000F0F767B97047704710B58C68F1F7E8FCA0
:1086E0002146BDE81040F1F77CBD10B58C68F1F76C
:1086F000DFFC2178BDE81040F1F790BD10B58C6823
:10870000F1F7D6FC2178BDE81040F1F7AFBD10B508
:108710008C68F1F7CDFC2178BDE81040F1F7E0BDA1
:1087200070477047704710B588680478F4F7D8FD33
:1087300044B1F4F779FEF4F7D3FD0121BDE8104010
:10874000F4F736BFBDE81040F4F7A2BE10B58C6850
:10875000F4F7C6FD2146BDE81040F4F7FBBC7047B6
:10876000704710B588680478F5F7F2FB44B1F5F767
:1087700093FCF5F7EDFB0121BDE81040F5F750BD86
:10878000BDE81040F5F7BCBC10B58C68F5F7E0FB10
:108790002146BDE81040F5F727BB7047704710B57C
:1087A0008C68F8F7B3FA2146BDE81040F8F747BBEC
:1087B0007047704770477047704710B588680478F5
:1087C000F8F73EFF44B1F8F7F1FFF8F739FF012160
:1087D000BDE81040F9F7A0B8BDE81040F8F7FFBFBA
:1087E00010B58C68F8F72CFF2146BDE81040F8F76B
:1087F0007DBE7047704710B5D1E90104FFF77FF8DF
:108800002079BDE81040DCF7E4BB704770470000FA
:108810002DE9F0472DED028B98B048680C46FFF724
:108820006EF8A7680546F3F75BFAF3F762FA0E28CD
:1088300000F2DF800121814044F61A02114208D083
:108840002846394618B0BDEC028BBDE8F047DBF78F
:108850007DBB022840F0CD80F2F72BFA0021179162
:10886000CDE91511397806464FF48060129015A8AD
:1088700007298DF85410139000F2BB80DFE801F057
:108880000473040606B91229B8886DE07868B968DF
:10889000FA6897ED040AADF85800ADF85A10ADF833
:1088A0005C2068E030462946F2F7B6F9804630464B
:1088B0002946F2F799F9B7F918204FF6FF7391B2EC
:1088C0009942814600F09A80012940F099803869E8
:1088D000A1E0D7E90101ADF858000020ADF85A1029
:1088E000ADF85C0030462946F2F796F981463046ED
:1088F0002946F2F779F9804630462946F2F798F989
:1089000030462946F2F77CF9D7E9031097ED052A9E
:10891000401A00EE100AA8EB090001EE100AB8EEAA
:10892000C00AB8EEC11A80EE018A00EE101AB8EE45
:10893000C00A01EE109AB8EEC11A3046294680EE00
:10894000080A30EE410AB8EEC21A30EE010AF2F718
:108950008FF830462946B0EE480AF2F771F83046F3
:1089600029464A461AE07868ADF85800B86897ED8D
:10897000030AADF85A00B8EEC00A30462946F2F7AD
:1089800077F830462946F2F747F907463046294638
:10899000F2F72AF98046304629463A46F1F774FF45
:1089A00007460090304629464246F1F76DFFB8422F
:1089B0001190BCBF009011974FF48040049068461E
:1089C0000590EDF746FC626804AD2946EDF7FDFD24
:1089D00042208DF8110011A80590EDF73AFC62686D
:1089E0002946EDF7F2FDEDF734FC626812A9EDF7C8
:1089F000ECFD18B0BDEC028BBDE8F087F8680AE02A
:108A00000DF1100A2DA15046D8F79EFE284651467A
:108A100007F0E8FA0020D7E90312ADF85800521A1F
:108A200000EE102AA9EB080201EE102AB8EEC00AE7
:108A3000B8EEC11A80EE018A00EE101AB8EEC00A34
:108A400001EE108AB8EEC11AB8682946ADF85A008E
:108A5000304680EE080A30EE410A97ED051AB8EE6E
:108A6000C11A30EE010AF2F703F830462946B0EE9B
:108A7000480AF1F7E5FF304629464246F1F704FF80
:108A800007461190304629464A46F1F7FDFEB842A6
:108A90000390BCBF119003974FF48040009011A841
:108AA0000190EDF7D6FB62686D462946EDF78DFD26
:108AB00042208DF8010003A801908EE76572726F65
:108AC000722074797065362E63757272656E743DAE
:108AD0002564000070B584B0D1E901060C46FEF7AC
:108AE0000EFF0546F3F7FCF8F3F703F90E2834D828
:108AF0000121814044F61A02114207D096F9001074
:108B0000284604B0BDE87040DCF7F5B9022824D14E
:108B100030780E280DD8DFE800F012120812121279
:108B2000120A0A112020200F0800022007E0072067
:108B300005E0502803D010E0092000E008208DF85F
:108B40000F004FF4106000900DF10F000190EDF751
:108B500080FB62686946EDF738FD04B070BD70B502
:108B600084B0D1E901060C46FEF7C9FE0546F3F7CD
:108B7000B7F8F3F7BEF80E281FD80121814044F65C
:108B80001A02114206D03178284604B0BDE8704080
:108B9000DCF7BEB9022810D1307801280DD88DF845
:108BA0000F004FF4E84000900DF10F000190EDF739
:108BB00050FB62686946EDF708FD04B070BD000027
:108BC0002DE9F04389B0D1E901070C46FEF797FE85
:108BD0000546EEF7DDFA2946EEF7F8FA0646F3F712
:108BE0007FF8F3F786F8002E00F0EB8000210E28C6
:108BF00086F81E1100F2E5800121814044F61A0238
:108C0000114215D03878062800F27880DFE800F0AD
:108C10000459494F41656F0097ED010A97ED021A1B
:108C2000B8EEC00AF8EEC10A2846DCF796F965E00E
:108C3000022840F0C680F2F73CF800220792CDE906
:108C40000522CDE90322ADF80A20ADF808203978D5
:108C50000192052900F2B5808046DFE801F0036744
:108C600055B284937A6840462946F1F70DFEBA68FA
:108C70000490404629460323F1F77CFEADF814002A
:108C800004A8079079681B208DF81900C6F82011F8
:108C900083E097ED010A2846B8EEC00ADCF751F9E7
:108CA0002CE097ED010A2846DCF76FF926E0B7F9CA
:108CB000040000EE100AB8EEC00A2846DCF735F9C9
:108CC0001CE097ED010A97ED021AB8EEC00AF8EE23
:108CD000C10A2846DCF771F910E0B7F9040000EE8C
:108CE000100AB8EEC00A2846DCF743F906E097ED13
:108CF000010A2846B8EEC00ADCF753F9284609B045
:108D0000BDE8F043DCF7B1B997ED010A40462946CA
:108D1000F1F79AFFADF80A000DF10A0007907968A3
:108D20002C208DF81900C6F8341136E07A684046D8
:108D3000294601234FF00109F1F71CFEBA68ADF88E
:108D40000C0040462946F1F729FD03A90128C8BFB8
:108D50008146079179681C20ADF80E908DF81900B6
:108D6000C6F8281119E07A6840462946F1F78CFDCB
:108D7000019001A8079079683E208DF81900C6F887
:108D800024110AE0B7F9040072218DF8191002A924
:108D9000ADF808000791C6F83801EDF75AFA626895
:108DA00006A9EDF712FC387805280AD173208DF852
:108DB000190000200790EDF74CFA626806A9EDF75C
:108DC00004FC09B0BDE8F08310B582B00C46F2F7A0
:108DD00087FFF2F78EFF0E281AD80121814044F652
:108DE0001A02114207D06068FEF789FD02B0BDE8A3
:108DF0001040DCF7F6B802280AD14FF43850009042
:108E000000200190EDF725FA62686946EDF7DDFB79
:108E100002B010BD2DE9F04385B0D1E901050C4643
:108E2000FEF76DFD0646EEF7B3F93146EEF7E8F9C9
:108E3000F2F756FFF2F75DFF0E2800F2C180012124
:108E4000814044F61A02114206D03046294605B048
:108E5000BDE8F043DBF7F2BC022840F0B180F1F747
:108E600028FF95ED260A9FED581AB8EEC00A80EE4D
:108E7000010A31468146F1F7E3FD9FED540A484669
:108E80003146F1F7F5FD4FF4A440CDE90205EDF7C9
:108E9000E0F962680DF108084146EDF796FB5420B1
:108EA0008DF809000395EDF7D4F962684146EDF7B6
:108EB0008CFB5D208DF809000395EDF7CAF9626817
:108EC0004146EDF782FB4E2005F150078DF8090071
:108ED0000397EDF7BEF962684146EDF776FB502047
:108EE0008DF809000397EDF7B4F962684146EDF794
:108EF0006CFB5F208DF809000395EDF7AAF9626815
:108F00004146EDF762FBAA6F48463146F1F78AFE0B
:108F1000EA6F48463146F1F76DFE56208DF809009C
:108F200005F1BC000390EDF794F962684146EDF756
:108F30004CFBF1F7BEFE95ED220A3146F1F708FE33
:108F4000ADF80200F1F7B5FE95ED230A3146F1F7D1
:108F5000A7FDADF80400F1F7ACFE95ED240A31460B
:108F6000F1F772FE0DF10201ADF8060057200F1D5A
:108F70008DF809000391EDF76CF962684146EDF751
:108F800024FB59208DF809000397EDF762F9626818
:108F90004146EDF71AFBF1F78CFED5F894203146E7
:108FA0000223F1F7E7FCADF8000044208DF809003A
:108FB00068460390EDF74DF962684146EDF705FB11
:108FC00005B0BDE8F08300BF00FF7F470000000050
:108FD000F0B589B0D1E901050C46FEF790FC0646D4
:108FE000F2F77EFEF2F785FE0E2861D8012181405E
:108FF00044F61A02114206D03046294609B0BDE8AF
:10900000F040DBF78FBC022852D1607800210128A4
:10901000079106912AD003284AD1F1F74AFE95ED2F
:10902000000A31460746F1F793FD95ED010AADF8C8
:10903000080038463146F1F733FD95ED020AADF8E8
:109040000A0038463146F1F7FFFD02A9ADF80C00E1
:1090500057200E1D8DF819000791EDF7FAF8626898
:1090600006AD2946EDF7B1FA592018E0ECF7EBF818
:10907000ECF7FBF8F8F7CBFF6168F4F70BFCC8B12D
:1090800002210180582000268DF819000796EDF77F
:10909000E0F8626806AD2946EDF797FA5A208DF898
:1090A00019000796EDF7D5F862682946EDF78DFAB5
:1090B00009B0F0BD002500202921ADF80C50FBF7C8
:1090C00003FF0290E0686168ADF80E50CDE904102E
:1090D000EEF7CAFA02AF0421002200230097EEF750
:1090E000A0FAE5E7B0B5D1E90104FEF708FC0546B2
:1090F000F2F7F6FDF2F7FDFD0E2888BFB0BD0121A5
:1091000001FA00F044F61A01084205D0284621462B
:10911000BDE8B040DBF74EBCB0BD70B548680C464A
:10912000FEF7EDFBA5680646F2F7DAFDF2F7E1FD82
:109130000E2888BF70BD0121814044F61A021142F9
:1091400005D030462946BDE87040DBF70CBC02284C
:1091500005D120460021BDE8704006F06FBB70BD10
:1091600070B548680C46FEF7CAFBA5680646F2F7DC
:10917000B7FDF2F7BEFD0E2888BF70BD012181400A
:1091800044F61A02114205D030462946BDE8704027
:10919000DBF7A1BD022805D120460121BDE87040C2
:1091A00006F04CBB70BD80B54868FEF7A8FBF2F72F
:1091B00097FDBDE88040F2F79CBD7047F0B58BB0DD
:1091C000D1E901070C46FEF79AFB0546F2F788FD48
:1091D000F2F78FFD0E285ED80121814044F61A0275
:1091E000114207D0D7E9001228460BB0BDE8F04085
:1091F000DBF7A4BB02284ED1607800210128099139
:10920000089126D0032846D1F1F753FD3A68294644
:10921000F1F73AFB06460290F1F74BFD7A682946D2
:10922000F1F732FBB0420790BCBF02900796402096
:109230008DF8210002A80990EDF70BF8626808ADDF
:109240002946EDF7C2F942208DF8210007A80990C0
:109250001BE0EBF7F8FFECF708F8F8F7D8FE6168C9
:10926000F4F718FBC8B102210180412000268DF8D7
:1092700021000996ECF7EDFF626808AD2946EDF78D
:10928000A4F943208DF821000996ECF7E2FF62680B
:109290002946EDF79AF90BB0F0BD002500202921F1
:1092A000ADF80C50FBF710FE0290E0686168ADF875
:1092B0000E50CDE90410EEF7D7F902AF04210022D9
:1092C00000230097EEF7ADF9E5E7704770B5D1E9F7
:1092D0000105FEF714FB0446F2F702FDF2F709FD63
:1092E0000E2833D80121814044F61A02114206D0DB
:1092F00095ED000A2046BDE87040DBF7C2BE0228AB
:1093000024D1F1F7D6FC95ED000A2146F1F79CFC3B
:10931000054648F20000CFF6FF7085EA0006F9F72F
:1093200070FF21463246F9F79DFFEDF731FF2146E8
:10933000EDF766FF002808BF70BD0646F1F7B9FCDF
:1093400021462A46F1F7A6FC86ED030A70BD704758
:109350007047704770477047B0B588B048680C4692
:10936000FEF7CDFAF2F7BCFCF2F7C3FC022830D1CD
:10937000607801282DD14FF40060002506900795F4
:10938000EBF761FFEBF771FFF8F741FE6168F4F767
:1093900081FA40B101210180ECF75BFF626806A908
:1093A000EDF713F915E000202921ADF80C50FBF77B
:1093B0008BFD0290E0686168ADF80E50CDE90410B5
:1093C000EEF752F902AD0421002200230095EEF7DA
:1093D00028F908B0B0BD7047704770472DE9F041DB
:1093E00084B0D1E901040D46FEF789FA0646F2F78A
:1093F00077FCF2F77EFC002103914FF490410E2898
:10940000029150D80121814044F61802114208D03F
:10941000F2F766FC3146224604B0BDE8F041F2F7AF
:10942000F6BA0128F4D002283DD1F1F742FCA0465B
:1094300058F89C2F31460746F1F700FC54F8A02F4E
:1094400038463146F1F7E2FBA4F118000390ECF73F
:1094500000FF6A6802AE3146EDF7B7F80F208DF8CD
:1094600009000394ECF7F5FE6A683146EDF7ADF8B4
:1094700010208DF80900CDF80C80ECF7EAFE6A6840
:109480003146EDF7A2F834F8080CADF806002F20AD
:109490008DF809000DF106000390ECF7DAFE6A681A
:1094A0003146EDF792F804B0BDE8F08170B584B0B4
:1094B00048680C46FEF723FAA5680646F2F710FC4A
:1094C000F2F717FC0E2820D80121814044F618023B
:1094D000114207D0EDF7E5FB314604B0BDE870401E
:1094E000EDF73ABD012812D002280ED1A888ADF8B8
:1094F0000E004FF4904000900DF10E000190ECF73B
:10950000A8FE62686946EDF760F804B070BD3046A9
:10951000294604B0BDE87040DBF7B9BBB0B5486878
:109520000C46FEF7ECF9A5680446F2F7D9FBF2F712
:10953000E0FB0E2888BFB0BD012101FA00F044F61F
:109540001A01084206D095ED000A2046BDE8B04059
:10955000DBF74ABAB0BD70B582B00C46F2F7C0FB7B
:10956000F2F7C7FB02280BD001281FD1D4E9010470
:10957000FEF7C5F9214602B0BDE87040DBF77BBBC2
:10958000A6684FF4CA40CDE90006ECF762FE6268B7
:109590006D462946EDF719F867208DF80100019610
:1095A000ECF757FE62682946EDF70FF802B070BD80
:1095B00010B50C46F2F794FBF2F79BFB012818BF9D
:1095C00010BDD4E90104FEF79AF92146BDE8104028
:1095D000DBF775BBFFF7ECBFFFF7EABF70B588B0EC
:1095E00048680C46FEF78BF9A6680546F2F778FB4B
:1095F000F2F77FFB0E280BD80121814044F61A02B6
:10960000114207D0B6F900102846DBF7F9F930808F
:1096100008B070BD0228FBD1607801280ED0032865
:10962000F6D13088ADF808004FF43C50049002A801
:109630000590ECF70EFE626804A915E0EBF703FE57
:10964000EBF713FEF8F7E3FC6168F4F723F9002564
:109650004FF440510395029148B1012101800395D7
:10966000ECF7F7FD626802A9ECF7AFFFD0E7002046
:109670002921ADF81450FBF727FC0490E0686168DD
:10968000ADF81650CDE90610EDF7EEFF04AE04215B
:10969000002200230096EDF7C4FFB9E7B0B5486893
:1096A0000C46FEF72CF9A5680446F2F719FBF2F711
:1096B00020FB0E2888BFB0BD012101FA00F044F65E
:1096C0001A01084205D029682046BDE8B040DBF702
:1096D00065B9B0BDB0B548680C46FEF710F9A4688E
:1096E0000546F2F7FDFAF2F704FB012818BFB0BDFA
:1096F00028462146BDE8B040DBF7D5BA7047704731
:109700007047000010B544690020012100220323A6
:10971000FEF7FAF80146FE2000F00EFD207804283E
:1097200088BF10BDDFE800F003170D110700FBF73D
:1097300092FC002112E010F0A3FD0220EAF7EAFEFD
:1097400005E0FBF788FC022108E010F099FDBDE878
:109750001040EAF7F3BEFBF77EFC0121BDE81040A4
:10976000FBF74CBE2DE9F04FC1B0D0F8149001F0DA
:10977000BBF801F0C7F8D9E900628046301A44F21C
:109780004027039062EB0100C0F20F078A46029067
:10979000304611463A460023D7F75DFF034600FBEB
:1097A000176044F6D351C1F26201A0FB01124AF2E4
:1097B0007B41C4F21841A3FB011794094FF47A715D
:1097C00004FB110519AE40A2304640214FEAD75B99
:1097D000CDE90045D7F7CEFF29AF3EA2384660213C
:1097E0003346CDF800B0D7F7C5FFEDF73DFF44A2F3
:1097F0003946EDF75DFF04AD28464021D8F75EFC01
:10980000002604200021CDE9168A1596FBF75CFBA3
:10981000D9E9003714903FA228464021CDE900370E
:10982000D7F7A8FFEDF720FF14AF01212A46002348
:109830000097EDF7F6FEDDE90221481E72F1000007
:109840000ADB43F2CC00C0F606000068081A72F189
:1098500000000DD2002612E0484243F2CC01C0F6CF
:109860000601096866EB0202401A72F1000006D395
:1098700001F03AF8D9E9002301F04AF8012601F095
:1098800033F801F03FF80446CDE9160100200D46FB
:10989000ADF8540004200121ADF85660FBF714FB2D
:1098A00004AE149020A230464021CDE90045D7F700
:1098B00061FFEDF7D9FE0121324600230097EDF755
:1098C000B0FE41B0BDE8F08F732564206D256420A3
:1098D0007525640052515354206F662074696D657C
:1098E000206368616E676520746F202573205B6F4D
:1098F00072207965617273203D20256400000000AC
:1099000074696D657365742063616C6C6261636B0F
:109910000000000073796E63682072717374203DDB
:1099200020256C6C6400000074696D65203D202565
:109930006C6C640088680188B1F57A7F1CBF4FF4B5
:109940007A7101802DE9F04F85B04588B0F804A008
:10995000B0F806900AEB05014944B1F57A7F0DD9BC
:1099600040F24D11C0F24D114FF4A77940F24D1A5B
:1099700040F24D15C0F80210A0F80690847A0CB998
:1099800001248472078900F10C08B7F5FA7F84BFBF
:1099900064270781C67A0121022E24BF0026C672E1
:1099A0000020002203234FF0000BFDF7ADFF01461E
:1099B000FE2000F0C1FB0583A0F81AA0A0F81C90BF
:1099C00084774FF47A70CDE9000B0AEB0500049719
:1099D00002950390FCF77EFB3146FCF7E7FCFCF7B1
:1099E00079FB6946FCF703FDFCF774FB2146FCF7A5
:1099F0004AFDFCF76FFB4146FCF7E9FC05B0BDE80A
:109A0000F08F10B5886804780CB901240470002028
:109A1000012100220323FDF777FF0146FE2000F01D
:109A20008BFB8477FCF756FB2146BDE81040FCF722
:109A30002ABD7047704700002DE9F04F8DB0446992
:109A40002578F2F701FF012840F03681A5F10F00DB
:109A5000052800F23181264616F8087BEBF7F3FB68
:109A6000EBF703FC002800F027810546A7F10F0063
:109A7000052800F22181DFE810F00600AF000E009B
:109A80006B000A000D012846F8F7FBFB14E1307863
:109A9000FDF747FF10E13046EBF757FB042840F095
:109AA0000B813046EBF742FB102840F00581304631
:109AB000EBF7C4FB81460138C0B20F2800F2FC80EE
:109AC00043F2DC00C0F6060000784FF0000B20F0F7
:109AD0000C0A4FF000085FFA88F13046EBF713FBF1
:109AE00007466078A1780138B0FA80F00139400962
:109AF000B1FA81F14AEA8000490940EAC1008DF8D3
:109B0000180004208DF81900386806A907906068CD
:109B100009902846F8F799FB98B1CDE904BBCDE947
:109B200002BB3868172104900520FBF7CDF902909D
:109B3000EDF79AFD04210022002302AF0097EDF714
:109B400070FD08F101085FFA88F04845C3D3B3E01F
:109B50003046EBF7FAFA042840F0AE803046EBF7D7
:109B6000E5FA102840F0A8803046EBF767FB814605
:109B70000138C0B20F2800F29F8043F2DC00C0F62B
:109B800006000078002720F00C0A4FF0040B0DF1BE
:109B90001808F9B23046EBF7B6FA6178A2780139C5
:109BA000B1FA81F1013A4909B2FA82F24AEA810135
:109BB000520941EAC2018DF818108DF819B00068F9
:109BC00041460790606809902846F8F752FB013734
:109BD000F8B24845DDD36FE03046EBF7B6FA04281B
:109BE0006AD13046EBF7A2FA102865D13046EBF780
:109BF00025FB102860D881462846F8F742FBB9F1CA
:109C0000000F59D043F2DC00C0F6060000784FF098
:109C1000000B20F00C0A4FF000085FFA88F1304684
:109C2000EBF771FA07466078A1780138B0FA80F056
:109C300001394009B1FA81F14AEA8000490940EA54
:109C4000C1008DF8180004208DF81900386806A9A5
:109C50000790606809902846F8F7F7FA98B1CDE9BF
:109C600004BBCDE902BB3868172104900520FBF73F
:109C70002BF90290EDF7F8FC04210022002302AF3B
:109C80000097EDF7CEFC08F101085FFA88F048452F
:109C9000C3D311E03046FDF70BFE01280CD131781B
:109CA000FE20FDF7E1FE38B9FCF7D4FEFCF7DBFE41
:109CB00031460122F2F776FE0DB0BDE8F08F0000CC
:109CC0002DE9F04F87B044692578F2F7BDFD0128F2
:109CD00040F00C81E81E4FEA7000052800F2068172
:109CE000012101FA00F010F02B0F00F0FF80267820
:109CF000EBF7A9FAEBF7B9FA002800F0F78007466E
:109D000094F801A094F80290E57820465021D8F705
:109D1000D5F9F01E4FEA7000052800F2E780DFE871
:109D200000F0036AE535E59D002D08BF4025221DA2
:109D300028460121EBF70EFA804643F2E000C0F618
:109D4000060090E88E00D0E904608DE88E00CDE931
:109D5000046004208DF80100002000210022062369
:109D60000026FDF7D1FDCDE901064046EBF73CFAB0
:109D70004FF60460208005FB09F0C2B2FE20414688
:109D800084F80290E570FDF7C3FFAAE0002D08BF3C
:109D90001025221D284604214FF00408EBF7DAF9BC
:109DA000834643F2E000C0F6060090E8CE0040692A
:109DB0008DE8CE00059000200021002206238DF8BA
:109DC00001800026FDF7A0FDCDE901065846EBF71E
:109DD0000BFA0A202070BAF1FE0F05FB09F084F897
:109DE00001A084F80290E57070D1C2B2FE205946FD
:109DF000FEF770F875E0002D08BF1025221D2846DB
:109E000004214FF00408EBF7A5F9824643F2E00085
:109E1000C0F6060090E88E00D0E904608DE88E0060
:109E2000CDE9046000200021002206238DF8018086
:109E30000026FDF769FDCDE901065046EBF7D4F9A0
:109E40004FF60660208005FB09F0C2B2FE205146A5
:109E500084F80290E570FDF7A7FF42E0002D08BFEF
:109E60001025221D284604214FF0040BEBF772F950
:109E700080463846F8F7DDF943F2E000C0F6060008
:109E800090E84E1040698DE84E10059000200021AA
:109E9000002206238DF801B00026FDF735FDCDE93F
:109EA00001064046EBF7A0F90E202070BAF1FE0F34
:109EB00005FB09F2384684F801A084F80290E570A9
:109EC0000BD111464246F8F7A4F90AE0C3B2FE20CE
:109ED00051465A46FEF774F803E051464346F8F7F8
:109EE000A0F9FBF7B8F86946FBF7E3FA07B0BDE85D
:109EF000F08FF0B587B044692578F2F7A5FC01280A
:109F000059D10B2D57D80120A84040F682010842B4
:109F100051D02778EBF797F9EBF7A7F900284AD04B
:109F20000646657820465021D8F7C8F80B2F14D084
:109F3000072F08D0012F3ED14FF602602080FE206F
:109F4000FDF79CFF19E008202070FE2D4FF0FE0069
:109F500065700BD1FEF7F2F80FE00C202070FE2D9B
:109F60003046657006D1F8F764F906E02946FEF739
:109F7000ABF802E02946F8F762F9608043F2E000AE
:109F8000C0F6060090E88E00D0E904608DE88E00EF
:109F9000CDE9046004208DF801000020002100229A
:109FA00005230024FDF7B0FCCDE90104FBF753F8CD
:109FB0006946FBF77EFA07B0F0BD704770477047FF
:109FC000704770477047704770477047704710B5CB
:109FD0004469F4F7FDFF2146BDE81040F5F714B9D8
:109FE00070477047B0B5D1E90104FDF788FC05461C
:109FF000F5F736FD29462246BDE8B040F5F7CABD63
:10A00000B0B5D1E90104FDF77AFC0546F5F728FD66
:10A0100029462246BDE8B040F5F7AABEB0B5D1E961
:10A020000105FDF76CFC0446F5F71AFD2A78214678
:10A03000BDE8B040F5F719BE70477047B0B5FE28CF
:10A040000C4604D144F6F405C1F200050FE044F6D5
:10A050002811C1F200010978884232D244F6241155
:10A06000C1F20001096800EB400001EB0015601C23
:10A070004FF0000018BF002D00D1B0BD200EFEF73C
:10A08000FCF8014643F2A060C0F60600405CC4F351
:10A090000742904215D955F8210090B1230A805CFF
:10A0A000DBB298424FF00000E7D943F2B463C0F648
:10A0B000060353F82110895CE2B2914288BF012067
:10A0C000B0BD0020B0BD032884BF0020704780B51C
:10A0D000FEF7D3F844F6E401C1F2000151F8200084
:10A0E00080BDB0B5FE280C4604D144F6F405C1F29B
:10A0F00000050FE044F62811C1F2000109788842FA
:10A1000018D244F62411C1F20001096800EB4000A6
:10A1100001EB00150020B0EB946F0BD155B1200E70
:10A12000FEF7ABF805EB8000016A19B12046BDE8E7
:10A13000B04008470020B0BD2DE9F0410546FE289B
:10A140000C4604D144F6F407C1F200070FE044F6D0
:10A150002810C1F200000078854249D244F624104C
:10A16000C1F20000006805EB450100EB011700207B
:10A17000B0EB946F3AD1CFB3200EFEF77EF80646CF
:10A1800007EB800007699FB3C4F30742C4F30723BA
:10A19000284631464FF6FF7805F0BEF9404527D0F6
:10A1A00043F2A062C0F60602210C925DC9B28A4257
:10A1B0004FF6FF7214D943F28063C0F6060353F8DA
:10A1C000263043F29062C0F6060253F8213052F86E
:10A1D0002620E6B253F8263052F821105A68521A57
:10A1E000104481B2414503D017FA80F0BDE8F081F8
:10A1F0000020BDE8F081084605F0D3B905284FF0EE
:10A20000000C98BF022909D801EB810C44F294118B
:10A21000C0F6060101EB8C0151F820C02E2A4FF048
:10A2200000001BDC511E1F2900F27280DFE801F0E4
:10A2300010107010454E53583F704B3C707070704A
:10A2400042503770707070707070707070707048BD
:10A25000AA2B43D05A2B46D1082059E06E2A0ADD9A
:10A26000782A13DC6F2A1CD0722A18D0772A08BFEC
:10A270004FF480204CE0A2F12F01042948D8DFE8F8
:10A2800001F003453F423C00202041E0792A31D0D3
:10A290007F2A06D0FF2A08BF4FF4003038E0802024
:10A2A00036E04FF0005033E04FF4806030E04FF480
:10A2B00080102DE04FF400402AE04FF4007027E0BA
:10A2C0004FF4803024E04FF4001021E010201FE014
:10A2D0004FF400201CE04FF4802019E0042017E028
:10A2E0004FF4804014E0A3F15500B0FA80F040092B
:10A2F00040000DE04FF080400AE04FF4800007E09E
:10A300004FF4805004E04FF4006001E04FF400503F
:10A3100020EA0C00B0FA80F04009704705284FF0A1
:10A32000000298BF022909D844F2941201EB81017E
:10A33000C0F6060202EB810151F82020104670475A
:10A3400045F28821C1F200010868002818BF0846BC
:10A350007047002814BF4068002070472DE9F04185
:10A3600082B045F28827C1F200073A681ABB0C4652
:10A370000546EDF779F944F6C35642F2D848C0F6DF
:10A3800006062946C0F606080EA23346002D18BF61
:10A390000121CDF80080EDF73DF9EDF765F9214693
:10A3A00015A23346002C18BF0121CDF80080EDF72F
:10A3B00031F9C7E9005445F28820C1F2000002B02B
:10A3C000BDE8F081656F765F63616C6C6261636BA1
:10A3D0006D616E5F6869645F496E697469616C691B
:10A3E000736528293A204E554C4C20657865637575
:10A3F00074655F666E000000656F765F63616C6C0C
:10A400006261636B6D616E5F6869645F496E6974F8
:10A4100069616C69736528293A204E554C4C20744B
:10A4200061736B00B0B50C460546ECF752FB28B1E2
:10A43000826828462146BDE8B04010476FF0010011
:10A44000B0BD10B50446ECF744FB20B101682046CE
:10A45000BDE8104008476FF0010010BD2DE9F04F36
:10A4600081B045F29029C1F200091546D9F80020C3
:10A47000002A55D1DDF828A01C460E460746EDF708
:10A48000F3F844F67D6842F2D84B45F62D22C0F62B
:10A4900006083946C0F6060BC0F606024346002FF2
:10A4A00018BF0121CDF800B0EDF7B4F8EDF7DCF8F6
:10A4B00045F65C223146C0F606024346002E18BF20
:10A4C0000121CDF800B0EDF7A5F8EDF7CDF829465C
:10A4D00017A24346002D18BF0121CDF800B0EDF7BB
:10A4E00099F8EDF7C1F821461CA24346002C18BF8D
:10A4F0000121CDF800B0EDF78DF8EDF7B5F8514634
:10A5000021A24346BAF1000F18BF0121CDF800B0D7
:10A51000EDF780F8C9E90076C9E90254C9F810A03E
:10A5200045F29020C1F2000001B0BDE8F08F00BFFD
:10A53000656F765F656E765F6869645F496E6974A2
:10A5400069616C69736528293A204E554C4C206925
:10A55000706E65745F67657400000000656F765FFC
:10A56000656E765F6869645F496E697469616C697C
:10A57000736528293A204E554C4C2063616E6E65F8
:10A58000745F676574000000656F765F656E765F67
:10A590006869645F496E697469616C6973652829CB
:10A5A0003A204E554C4C206570726F635F6765743E
:10A5B0000000000060B18368012180F820104BB1D9
:10A5C00080B50146012298470020BDE8804002E0A6
:10A5D000FE2000E0002040B2704710B1836813B144
:10A5E0001847FE2000E0FF2040B2704710B109B1CB
:10A5F000026810476FF00100704700281ABF002161
:10A6000080F82010FE2148B2704742F2E401C1F206
:10A6100000010868002818BF0846704710B1036998
:10A6200013B11847FE2000E0FF2040B27047000041
:10A630002DE9F04F83B042F2E406C1F20006144661
:10A640003268002A56D19A468846054660B9EDF729
:10A650000BF844F65D6242F2D8432AA1C0F6060226
:10A66000C0F60603EDF705F8ECF7FEFF44F65D696A
:10A67000274642F2D84B45F64812C0F60609002C90
:10A6800018BF0127C0F6060BC0F6060239464B4636
:10A69000CDF800B0ECF7BEFFECF7E6FF24A2394698
:10A6A0004B46CDF800B0ECF7B5FFECF7DDFF0D9FA2
:10A6B0002AA239464B46002F18BF0121CDF800B021
:10A6C000ECF7A8FF0C98C6E902070E984FF00007B8
:10A6D000C6E9004A306145B1042029460022002322
:10A6E00000970197EFF7B6FA07460120C6E906780A
:10A6F00086F8200042F2E400C1F2000003B0BDE899
:10A70000F08F00BF656F765F69706E65745F686912
:10A71000645F496E697469616C69736528293A20C0
:10A7200030206D6178646772616D736F636B730065
:10A73000656F765F69706E65745F6869645F496EA6
:10A74000697469616C69736528293A204E554C4CCF
:10A75000206465746163685F666E0000656F765F94
:10A7600069706E65745F6869645F496E6974696178
:10A770006C69736528293A204E554C4C20617270E3
:10A780005F666E0010B50446ECF7A3F920B141688E
:10A790002046BDE8104008476FF0010010BDB0B57D
:10A7A0000C460546ECF795F928B102682846214683
:10A7B000BDE8B04010476FF00100B0BD60B110B50A
:10A7C00004460020C4E90000A060F0F777FB2146B2
:10A7D000BDE81040F0F72EBB704780B5F0F76EFB78
:10A7E00004210C220123F0F773FB0021C0E90011C2
:10A7F000816080BD2DE9F04381B01C4616460F46AE
:10A800000546ECF731FF44F6BA5842F2D849C0F693
:10A8100006083946C0F6060913A24346002F18BFA2
:10A820000121CDF80090ECF7F5FEECF71DFF314665
:10A8300017A24346002E18BF0121CDF80090ECF777
:10A84000E9FEECF711FF21461CA24346002C18BF7D
:10A850000121CDF80090ECF7DDFEC5E9007600207F
:10A86000AC6001B0BDE8F083656F765F6D757465AF
:10A87000785F6869645F536574565441424C45285B
:10A88000293A204E554C4C20765F74616B65000070
:10A89000656F765F6D757465785F6869645F536531
:10A8A00074565441424C4528293A204E554C4C2070
:10A8B000765F72656C65617365000000656F765F39
:10A8C0006D757465785F6869645F5365745654414B
:10A8D000424C4528293A204E554C4C20765F646501
:10A8E0006C6574650000000045F2A421C1F200010E
:10A8F0000868002818BF0846704708B1406800473C
:10A900000020704708B18068004700200021704790
:10A9100048B180B5D0F80CC010461946E047002079
:10A92000BDE8804000E0FE2040B2704730B180B505
:10A93000406980470020BDE8804000E0FE2040B232
:10A94000704700002DE9F04F81B045F2A425C1F217
:10A95000000517462A68002A69D1DDF828A01E469E
:10A9600089468046ECF780FE44F6D95442F2D84B33
:10A9700045F2A952C0F606043946C0F6060BC0F6E9
:10A9800006022346002F18BF0121CDF800B0ECF7D6
:10A9900041FEECF769FE45F27E523146C0F60602F2
:10A9A0002346002E18BF0121CDF800B0ECF732FE8F
:10A9B000ECF75AFEBAF1000F18BF4FF0010A1FA2C0
:10A9C00051462346CDF800B0ECF724FEECF74CFEE0
:10A9D0000B9924A22346002918BF0121CDF800B00D
:10A9E000ECF718FEECF740FEDDF830A027A2514648
:10A9F0002346BAF1000F18BF0121CDF800B0ECF7E3
:10AA000009FE4FF2F7500D99C0F60400002918BF57
:10AA100008460A996861A9600B994846C5E900761D
:10AA2000C5E9031AECF730FE4046F0F707FB45F2A4
:10AA3000A420C1F2000001B0BDE8F08F656F765F21
:10AA40007379735F6869645F496E697469616C6981
:10AA5000736528293A204E554C4C2074696D656702
:10AA600065740000656F765F7379735F6869645F12
:10AA7000496E697469616C69736528293A204E557D
:10AA80004C4C2074696D657365740000656F765F6A
:10AA90007379735F6869645F496E697469616C6931
:10AAA000736528293A204E554C4C206E616E6F74A8
:10AAB000696D65676574000010B50446ECF709F828
:10AAC00020B1016A2046BDE810400847002010BDB3
:10AAD000B0B5F0F7F3F92421F0F752FB40B34FF291
:10AAE000F951C0F604014FF20B62C0F604024FF2B6
:10AAF0001D634FF2056C4FF2176EC0E9001100F1B3
:10AB00000801C0F60403C0F6040CC0F6040E4FF2B0
:10AB1000FF544FF2116581E80C504FF2FB51C0F623
:10AB20000404C0F60405C0F60401C0E9064501624C
:10AB3000B0BD002853D02DE9F0434FF2F95400295D
:10AB40004FF20B69C0F6040408BF2146002AC0F684
:10AB50000409DDE9077608BF2246002B18BF994695
:10AB60004FF21D63C0F60403002F18BF3B464FF29F
:10AB700005670DF1240EC0F604079EE82041002E63
:10AB800018BF37464FF21766C0F60406002D18BFEF
:10AB90002E464FF2FF554FF21164C0F60405B8F18E
:10ABA000000FC0F60404DDF830C018BF4546BEF102
:10ABB000000F18BF744680E806024FF2FB51C0F642
:10ABC0000401C0E90337C0E90565C461BCF1000FA9
:10ABD00018BF614601620020BDE8F04300E0FE209E
:10ABE00040B27047B0B50C460546EBF772FF28B18E
:10ABF000026928462146BDE8B04010476FF00100C9
:10AC0000B0BDB0B50C460546EBF763FF28B18268CE
:10AC100028462146BDE8B04010476FF00100B0BDA6
:10AC2000F0B581B01C4615460E460746EBF751FFBE
:10AC300048B1D0F81CC0384631462A46234601B0F8
:10AC4000BDE8F04060476FF0010001B0F0BD70B5A5
:10AC500014460D460646EBF73CFF30B143693046DB
:10AC600029462246BDE8704018476FF0010070BDCC
:10AC7000B0B50C460546EBF72CFF28B1C268284654
:10AC80002146BDE8B04010476FF00100B0BD10B1E3
:10AC900009B1426810476FF00100704745F2BC21CE
:10ACA000C1F200010868002818BF0846704710B1BB
:10ACB00009B1C26810476FF00100704710B109B1C7
:10ACC000026810476FF00100704745F2BC20C1F2E6
:10ACD00000000069FFF756BD10B109B18268104746
:10ACE0006FF00100704745F2BC20C1F2000000691E
:10ACF000FFF755BD2DE9F04F81B045F2BC29C1F2F7
:10AD000000091546D9F80020002A48D1DDF828A00E
:10AD10001C460E460746ECF7A7FC44F6E65842F2FE
:10AD2000D84B45F20062C0F606083946C0F6060B5D
:10AD3000C0F606024346002F18BF0121CDF800B02F
:10AD4000ECF768FCECF790FC45F2CE523146C0F6C9
:10AD500006024346002E18BF0121CDF800B0ECF7E3
:10AD600059FCECF781FC294610A24346002D18BF80
:10AD70000121CDF800B0ECF74DFCECF775FC214655
:10AD800016A24346002C18BF0121CDF800B0ECF705
:10AD900041FC09F10800C9E9007580E8500445F25A
:10ADA000BC20C1F2000001B0BDE8F08F656F765F96
:10ADB00074696D65726D616E5F6869645F496E6923
:10ADC0007469616C69736528293A204E554C4C2092
:10ADD00061646474696D65725F666E00656F765F4D
:10ADE00074696D65726D616E5F6869645F496E69F3
:10ADF0007469616C69736528293A204E554C4C2062
:10AE000072656D74696D65725F666E0070470000F3
:10AE100045F2D021C1F20001087808B1002013E00A
:10AE20004EF6FC50CEF200000068C0010BD540F693
:10AE30000060CEF20000D0F88020D20703D0006876
:10AE4000B0F1FF3F02DDFF2040B270477C20CEF220
:10AE5000000001220A7000BF01680029FCD04AF6F8
:10AE60000D61C0F60401016001680029FCD040F2C8
:10AE70000111018001680029FCD00121017042F21A
:10AE8000E000C1F200000170C8E70000B0B545F273
:10AE9000D022C1F2000212780D4604460AB9FFF72B
:10AEA000B7FF7C20CEF2000001680029FCD00560CD
:10AEB00001680029FCD004F580710180B0BD00005C
:10AEC00045F2D02142F2E002C1F20001C1F20002DB
:10AED0000B781178012B107006D17C22CEF2000283
:10AEE0001368002BFCD0107008467047B0B545F2CF
:10AEF000D022C1F2000212780D4604460AB9FFF7CB
:10AF000087FF7C20CEF2000001680029FCD005609C
:10AF100001680029FCD00480B0BDB0B50446EDF74F
:10AF200057F8EDF74FF80546047041F26420A5F894
:10AF300001002320E8700020C5E90100EDF748F882
:10AF40002946BDE8B040EDF78DB870B50C46054612
:10AF5000EDF73EF8EDF736F80646057041F264204D
:10AF6000A6F801002320F0700020C6E90104EDF7E7
:10AF70002FF83146BDE87040EDF774B880B582B067
:10AF8000FAF7CBFB00F1100100F1180200F11C03ED
:10AF900000F1220CCDF800C0FCF702F9FCF7F6F83E
:10AFA0004EF28501C0F60401FCF7B8F9002002B0AA
:10AFB00080BD0EF099BD0EF0F3BD44F62910C1F22C
:10AFC000000001780131017001780170704700289C
:10AFD0004FF0FF0018BF002904D00878DE3818BFF2
:10AFE0004FF0FF3040B2704770B578B1054604208D
:10AFF0000121D6F765FA4FF0000440B1064605601E
:10B0000000F07EF8002808BF344600E00024204607
:10B0100070BD000070B51E464FF0FF03C8B1C1B14E
:10B02000BEB10B78DE2B11D105684B882888984279
:10B030000ED1688860B18B896D6800BF2C88A342EF
:10B0400009D0013805F10C05F8D101E0002030806D
:10B05000FF2358B270BD487800230328338044D8BA
:10B06000DFE800F002341C28D5F804C0BCF1000F62
:10B07000EED04FF4EF70108048886B88508028889D
:10B080009081D381B3B302F1100061461A46D6F71E
:10B09000EDFE6888133020F003002CE047F6DE70E8
:10B0A00000231060D360AC68002CD2D001F11002F4
:10B0B000022016E047F6DE7000231060D360AC6813
:10B0C000002CC6D001F1100203200AE047F6DE7022
:10B0D00000231060D360AC68002CBAD001F11002DC
:10B0E00001202946A0470023B3E747F6DE70106031
:10B0F000D360ADE7102030800123AAE7002070471D
:10B100004FF0FF307047D6F7DBB9D6F71FBAD6F746
:10B110002FBA80B50FF0B4F80120E9F7FBF9BDE8CC
:10B120008040E9F70BBA00002DE9F04F85B00446E6
:10B1300001704FF40070A4F80100101FE0700025AA
:10B1400004A900200495E9F79BF903A80395E9F702
:10B1500091F903984578112D11D100F121054BA1EA
:10B160002846D6F7D5FF48B14AA12846D6F7D0FFE2
:10B170004FF0FF35002808BF212500E02025FF20E3
:10B180008DF80B008DF80A000DF10B00E9F7D2F9EC
:10B190000DF10A00E9F7CAF900208DF809000190C5
:10B1A00001A80DF10901E9F7BFF92571FAF792FF3E
:10B1B000FBF7EEF80138B0FA80F040096071022028
:10B1C00002210225FFF7AAF80499E060487949F2C4
:10B1D000CF7BA0710879EA46E071C878C2F2295B9A
:10B1E000207288784FF0000860724878A072087862
:10B1F0009DF80910E07221749DF80B009DF80A106B
:10B20000E57400256074A17401980021009110F884
:10B2100008005146E9F78CF90198661910F8080002
:10B22000FF213075009871754188B146F1824168FF
:10B2300049F81CBF49F8041C806800F500773846BF
:10B24000E9F706F920B907F140004946EBF7BEFBE4
:10B2500000981035D0E90201302D4FEA902030845B
:10B260004FEA912008F101087084CDD100200090B0
:10B2700069460420E9F704F9009904F1440020220A
:10B28000D6F7F4FD05B0BDE8F08F00BF656D7334EF
:10B29000726400006D6334706C75730042F20810C4
:10B2A000C1F20000026900200A60704742F20810F3
:10B2B000C1F20000027D00200A70704770B582B0B4
:10B2C00042F20816C1F2000606F10C0014460D46C3
:10B2D000E9F7D4F880B1ECF7C7F942F2B84644F682
:10B2E0006963C0F6060609A2C0F6060305210096AA
:10B2F000ECF797F9FF2005E0F06810302860022095
:10B300002070002040B202B070BD00BF735F656F57
:10B310005F61726D656E765F7368617265646461AA
:10B3200074615F63616E6E6574735F67657428290D
:10B330003A2063616E6E6F7420726561642064658B
:10B3400076696E666F000000B0B582B042F20815F3
:10B35000C1F2000505F10C000C46E9F78FF880B149
:10B36000ECF782F942F2B84544F66963C0F6060587
:10B3700007A2C0F6060305210095ECF752F9FF205D
:10B3800002E0E8682060002040B202B0B0BD00BF1B
:10B39000735F656F5F61726D656E765F7368617212
:10B3A0006564646174615F69706E65745F6765741C
:10B3B00028293A2063616E6E6F7420726561642083
:10B3C000646576696E666F002DE9F04192B0E9F729
:10B3D000A9F842F2B848C0F6060818B1ECF744F9EB
:10B3E0003DA20BE00020029001208DF80C0002A885
:10B3F000E9F748F858B1ECF737F946A244F6696323
:10B40000C0F606030521CDF80080ECF70AF942F2F8
:10B410000815C1F2000569684878E9F78DF870B140
:10B42000ECF722F945F6731244F66963C0F606029A
:10B43000C0F606030521CDF80080ECF7F2F8A86805
:10B4400088B3466990E89E000DF1080C07968CE8D9
:10B450009E0000F118078ECFD0E90A460DF1200CAE
:10B46000CDE90C468CE88E00D0E90C12D0E90E0331
:10B47000CDE90E12CDE910030AF030FFCDE90E013F
:10B4800002A8E8F7F9FF70B1ECF7EEF845F6B11253
:10B4900044F66963C0F60602C0F606030521CDF83E
:10B4A0000080ECF7BEF805F10C00E8F7E7FF70B19B
:10B4B000ECF7DAF845F6EF1244F66963C0F60602D7
:10B4C000C0F606030521CDF80080ECF7AAF80020AD
:10B4D00012B0BDE8F08100BF735F656F5F61726D90
:10B4E000656E765F736861726564736572766963B1
:10B4F00065735F696E697428293A20736861727395
:10B50000657276206973206E6F742076616C696451
:10B5100000000000735F656F5F61726D656E765F3E
:10B5200073686172656473657276696365735F6978
:10B530006E697428293A2063616E6E6F7420696E9B
:10B5400069742073686172736572760090F82020C8
:10B55000037C01324FF0010CD1B280F823C0994234
:10B5600080F8202028BF80F821C080B582B002205A
:10B570008DF80700F9F76FFD0DF10701F9F75EFD92
:10B580009DF8070030B9FAF78FFAFAF796FA4021DA
:10B59000FCF7A6F802B080BD2DE9F04F87B041F26C
:10B5A000E805C1F20005A86AE9F748FE0028019005
:10B5B0006CD04FF00109002695F82400F4B2214622
:10B5C000EBF7EAF90028029654D1A86A2146E9F778
:10B5D0009AFD00284ED0064600F106084FF0000AFA
:10B5E000012000BF0AF142074FF0010B039000BF9A
:10B5F00038F81A005FFA8BF42146EBF76FFA01284E
:10B600002AD105EB4A00808F2146EBF767FA18BB79
:10B61000B0883178ADF81A0000200490C81EC0B27E
:10B6200013280DF11A01059114D84DF63D71C0F2A1
:10B630000E01C140C9070DD01AA11FA2095C105C00
:10B640008DF810108DF81100EAF703FE04A93A46B0
:10B65000EBF704F84FF000090BF1010BBBF10F0FF2
:10B6600007F10207C4D103984FF0010AC0074FF059
:10B670000000B7D1029E01990136F0B288429BD3F7
:10B68000B9F1010F85F8389003D008E0012085F862
:10B69000380041F2E800C1F20000EAF7FDF807B017
:10B6A000BDE8F08F00000202020000000202020268
:10B6B00002000200000200025B5B1C1C1C5B5B5B67
:10B6C0001C1C1C1C1C5B1C5B5B1C5B1C2DE9F04FD9
:10B6D0008DB041F2E805CDE9051000200121C1F24D
:10B6E0000005CDE90A00CDE9080000BF05EB400ADE
:10B6F000BAF84420BAF84870BAF84C60BAF82C305E
:10B700003A4332431A40C0EB0010C9074FF0020B16
:10B7100005EBC0094FF0000897B2079118BF4FF032
:10B72000010B00BF5FFA88F438462146EBF7D6F9E3
:10B73000012801D1032407E0BAF83C002146EBF7C9
:10B74000CDF9012831D1012405200221F9F7BCFBF4
:10B75000089000208DF8250009EBC800B0F85210C1
:10B7600090F8502090F8513090F8545049BA90F821
:10B770005560B0F8560041EA034145EA022241EA29
:10B78000066142EA00408DF824B0ADF82680CDE98C
:10B790000A10EBF769FF44F6FF6321460022C0F66A
:10B7A000060308AE0096EBF73CFF08F10108B8F17C
:10B7B0000F0FB7D1079941F2E805012000294FF09A
:10B7C0000001C1F2000591D1069901295BD10598CC
:10B7D000012858D1A86AE9F731FD002800F06D81F1
:10B7E00044F6FF6882464FF00009C0F606080024C0
:10B7F000A86AE7B23946E9F786FC00283ED006463B
:10B80000C088EBF77EF9318983460846EBF779F972
:10B8100000EB0B01080631D095F824005FFA81FB9C
:10B820003946EBF7B9F8074605200121F9F74CFB3B
:10B8300008904BEA0730ADF82490ADF826007088E8
:10B84000727840BA31783379767940EA02406A8F6B
:10B8500043EA012140EA066041EA0241CDE90A01DA
:10B86000EBF702FF012F4FF001014FF000024346BA
:10B8700008AF08BF03210097EBF7D3FE0134E0B215
:10B880005045B5D319E1002959D1A86AE9F7D6FC8A
:10B890000028069053D041F2E8084FF6FF760022C8
:10B8A000C1F20008A86AD1B20792E9F72CFCE0B314
:10B8B000074600F1060900204FF0010B4FF0010A86
:10B8C00008EB4001898F39F81000714010EA01043B
:10B8D00023D02046EBF715F9054605200321F9F79B
:10B8E000F3FA0890387800218DF82510B8F83A104E
:10B8F00045EA0020ADF8260008048DF824B0CDE913
:10B900000A40EBF7B1FE44F6FF6304210022C0F6C3
:10B91000060308AD0095EBF784FE01204FF0020B03
:10B920005FEACA714FF0000ACAD1079A069901323C
:10B93000D0B241F2E8058842C1F20005B2D30598C1
:10B94000002840F0BA80A86AE9F778FC0028029045
:10B9500000F0B380002200BFA86AD1B20392E9F7D9
:10B96000D2FB002800F0A280064606300027012303
:10B9700001220490049905EB4700B0F8400031F82B
:10B9800017100840010400F08A8084B22046CDE9F7
:10B990000632EBF7B6F80590C7EB071005EBC007CA
:10B9A0004FF0000B4FF000084FF0000A4FF0000975
:10B9B0005FFA88F12046EBF791F8012844D107EBB4
:10B9C0004B0191F8500033787278181A18BF012093
:10B9D00022B9B37813B9F3789BB100BF91F8513015
:10B9E00093420DD191F85220B3789A4208D191F840
:10B9F0005320F378D2B2DBB29A4238BF023000E073
:10BA0000023032790AB973796BB191F854309342AC
:10BA100008D191F855107279C9B2D2B2914218BFCB
:10BA2000043000E00430CBF1200220FA02F2BBF136
:10BA3000200158BF00FA01F200FA0BF058BF0020B5
:10BA400049EA02094AEA000A0BF1040BBBF13C0F78
:10BA500008F10108ACD105200421F9F735FA089066
:10BA6000069800218DF8240030788DF8251005996E
:10BA7000CDE90AA941EA0020ADF82600EBF7F4FD74
:10BA800044F6FF6304210022C0F6060308AF0097C6
:10BA9000EBF7C7FD41F2E805079AC1F2000501275F
:10BAA0000223D0074FF000027FF464AF039A02999B
:10BAB0000132D0B28842FFF44FAF0DB0BDE8F08F35
:10BAC0004378012906D1C18801F00F00904206D1C8
:10BAD000002000E0402003F01F0108437047C1F33D
:10BAE0000310904201D12020F5E7C1F303209042DA
:10BAF00001D16020EFE74020B2EB113F08BF6FF0AB
:10BB00007F00E8E701290ED10178112901D003292E
:10BB100009D1012A0CD0032A05D1C1886FF31F3146
:10BB200041EA033102E0C18863F30301C180704739
:10BB3000C18803F00F0221F0F00141EA0211F5E79C
:10BB400020B1D0F800C0CCF3022C02E021B191F872
:10BB500000C0BCF1060F01D9FF203CE080B54FF0DA
:10BB6000000E83F800E0DFE80CF0041E121B0D212C
:10BB700024004FF0000C82F800C098B3007A00F067
:10BB80007F0130E0042010700020187021E04FF099
:10BB9000020C82F800C000B3007A00F07F011DE0C3
:10BBA0004FF0030C07E04FF0010C04E04FF0050CE0
:10BBB00001E04FF0060C82F800C018B1006800F0F8
:10BBC0000F0100E04978002019700F2988BF4FF05D
:10BBD000FF30BDE8804040B27047497800201970BE
:10BBE0005429F3E74978002019707E29EEE70068B0
:10BBF00040F20F720240B2F5007F15D110B501F08E
:10BC00000101C0B241EAD004EAF7FDF82146E9F7A4
:10BC1000B2FF811F02294FF00001BDE8104004D39C
:10BC2000FF2818BFFF2100E0FF2148B2704770B520
:10BC30008AB000260C460546CDE90466CDE90266C9
:10BC4000EAF74AFA02AA2146EAF71EFAA0B1002052
:10BC50001A21F9F739F92188069008BA000CADF8D5
:10BC60001E00207A099600F00101013108968DF836
:10BC70001C10C0F3430025E0207A297900F001046C
:10BC8000481EB0FA80F0420902A9204608F0E6F901
:10BC900038B300201821F9F717F9069002989DF89B
:10BCA0000E106FF31F3040EA0130ADF81E0002A8FD
:10BCB000EAF785FECDE908019DF80810601C8DF8B3
:10BCC0001C0008098DF81D00EBF7CEFC06AE042120
:10BCD000002200230096EBF7A4FCFF2040B20AB03C
:10BCE00070BD0020FAE7704744F67C41C1F20001C4
:10BCF0000A7902B17047C0B201EB800001690029E6
:10BD0000F8D08069084744F67C41C1F200010A7905
:10BD1000012A0DD1C0B201EBC00090F8211000291A
:10BD200008BF70472030417801394170417801B136
:10BD30007047406801210EF003BA70477047000059
:10BD400042F2AC0CC1F2000CDCF800C0BCF1000FF8
:10BD500000D06047052838BF704780B5FEF7C4FDA6
:10BD6000FEF7E4FDBDE88040FEE700002DE9F0416C
:10BD700084B044F64854C1F20004607B002864D0CB
:10BD800041F2BC01C0F60601D1F80080606941466D
:10BD90000EF0A8F9002858D1F3F774FC00214246B0
:10BDA0000027F3F78CFCD8BB0DF10F008DF80F7056
:10BDB0000297CDE90077A77308F06CFC264616F8C9
:10BDC000340F6D467070307C96F8201070749DF8BA
:10BDD0000F0086F8211000F00101C0F3400030741C
:10BDE0000120317086F820002846032108F068FC05
:10BDF0003078012808D155F8270006F10802706054
:10BE0000F8B2072108F02AFC0137032F06F11006CB
:10BE1000EED10120A073F3F735FC0021F3F758FCB5
:10BE2000606900210EF08CF9A07B01280DD1A0697A
:10BE300041460EF057F9E06918B1216A09B1FBF7E4
:10BE40004FFCA06900210EF07BF904B0BDE8F08141
:10BE500080B5EBF709FC44F6267203A1C0F6060292
:10BE6000BDE88040EBF724BC63616C6C6564205FC7
:10BE70007461736B776F726B65725F7374617274E8
:10BE800075702829000000007047B0B5044690F88E
:10BE9000BC01F0B194F8F70290B194F8C0212046AB
:10BEA0000021002500F0F0F894F8C0212046002180
:10BEB00000F046F984F8F452C4E9BA55C4F8F052D7
:10BEC00094F8F60228B1EFF75AFABDE8B040EFF760
:10BED000ECBAB0BD2DE9F04F85B04FF0000A00F587
:10BEE000EF790C460546C0F8D8A14846C621FF2286
:10BEF000D6F7B2F895F8F50285F8DCA10028C5E977
:10BF000072AAC5F8D0A1C5F8D4A100F0BA8005F591
:10BF1000EE70049005F5E470039005F5E67002906C
:10BF200005F5E87005F5EC7B019005F5EA704FF03A
:10BF300000080090D5F8E4025FFA88F63146E9F788
:10BF4000E2F8002800F09480074620463146EAF7E0
:10BF50000AFE002800F08C80797801F003000228A6
:10BF600023D0012840F08480C1F380000BEB400017
:10BF7000C1F3C301EAF7BEFDB878FD2838DC02281A
:10BF80004ED003285BD0042836D17878019AC0F3CC
:10BF90008001C0F3C30041EA410109EB411100EB0C
:10BFA000400001EB4000868058E0B87806285FD159
:10BFB00004980021EAF7FCFC0120A5F89E6285F8B0
:10BFC000A20279780A1FD2B20B2A9EBF4FF0FF302F
:10BFD00000EB910085F8A20295F8C0114FF47A7237
:10BFE0005143C5F8A81285F8A4A285F8A5023FE040
:10BFF000A0F1FE0102293BD37978C1F38002C1F39D
:10C00000C30142EA420209EB421201EB410102EB99
:10C01000410101EB400020F8046C7978009A1EE0A1
:10C020007878039AC0F38001C0F3C30041EA41016C
:10C0300009EB411100EB400021F810600EE0787828
:10C04000029AC0F38001C0F3C30041EA410109EB49
:10C05000411100EB400001EB400046807978C1F3CC
:10C06000800002EB4000C1F3C301EAF743FD00BFCB
:10C0700008F1010895F8F5025FFA88F18142FFF4B2
:10C0800059AF05B0BDE8F08F2DE9F04F83B001291D
:10C0900000F5DA714FF0000418BF2246019143F217
:10C0A0000251A0F8B4110DF10B01C0F8B81100F560
:10C0B000EC7900F5EA7A4FF0400B01208DF80B2067
:10C0C00000900BF0FE00E1B240EA010B4FF00108D6
:10C0D00039F814005FFA88F63146EAF7FFFC3AF8BF
:10C0E0001410074608463146EAF7F8FC012F08BF4E
:10C0F00001280DD10BF0E10000EB480BEAF7A9F89D
:10C1000025F0FF0141EA0B0501992A46EAF7A6FA54
:10C11000B8F10E0F08F10108DAD300980124C00726
:10C120004FF00000CCD103B0BDE8F08F0021C0F289
:10C1300003210840401AB0FA80F04009704700001F
:10C140002DE9F04F89B0B0F8D831079123B9B0F894
:10C15000DA11002900F0948000218DF8221000F5FA
:10C16000DA71069144F60271A0F8B4110DF12201C2
:10C17000C0F8B81100F5E471059100F5E67100F51D
:10C18000EC7600F5EA780491019000F5E8704FF044
:10C19000400B01214FF000098DF82320039000BFD0
:10C1A00002910BF0FE005FFA89F140EA010B4FF0BB
:10C1B000010A00BF36F819005FFA8AF42146EAF74F
:10C1C0008DFC38F81910054608462146EAF786FC2A
:10C1D000012D08BF00283ED1079801284FF000002C
:10C1E0008DF8220029D10598214630F81900EAF788
:10C1F00075FC012805D19DF8220040F002008DF861
:10C2000022000498214630F81900EAF767FC01285B
:10C2100005D19DF8220040F008008DF82200039817
:10C22000214630F81900EAF759FC012805D19DF89C
:10C23000220040F004008DF822000BF0E10000EB3A
:10C240004A0BEAF706F827F0FF0141EA0B070699C7
:10C250003A46EAF703FABAF10E0F0AF1010AA9D336
:10C2600002994FF00109C9074FF000004FF000019B
:10C2700096D1019AD2F8D811C2F8F002C2E9BA11E7
:10C2800009B0BDE8F08F00002DE9F0478CB041F215
:10C29000302A9146012AC1F2000A16D1064603202F
:10C2A0008AF80C00F2F794FE9AF80C200421F2F7B9
:10C2B0007FFE9AF80200012811D141F23020C1F22C
:10C2C00000003146ECF716FA09E005208AF80C0068
:10C2D000F2F77EFE9AF80C200421F2F769FE0020A6
:10C2E0000DF11008CAE96300CAF894014046202104
:10C2F000D5F7E4FEFEF724F8FEF72BF84CF23D41AB
:10C300000346C0F6040140465246E8F7DEFBB9F1A9
:10C31000010F1FD102208AF8980105202921F8F782
:10C32000D3FDCAF888010AF5C474EBF79DF99AF8B1
:10C33000981144F64C73C0F6060300220094EBF704
:10C3400070F99AF89A71002F6AD0DAF884110029EE
:10C3500057D165E0B9F1000F62D1DAF8A8010021E8
:10C36000E8F7D1FED8B1DAF8A801E8F767FFC0B165
:10C3700000260027002400BFDAF8A801E1B2E8F7A0
:10C38000C2FE18B1C18800890E430743DAF8A8013C
:10C390000134E5B2E8F752FF8542EDD303E0FF2018
:10C3A00048E000270026E9F73CF8E9F731F88188F2
:10C3B0004FF6FF725140C28803894089314027EA15
:10C3C000020241EA02411843CAE9641005202B2108
:10C3D000F8F77AFDCAF8880104200AF5C4748AF8CF
:10C3E0009801EBF741F99AF8981144F64C73C0F6AE
:10C3F000060300220094EBF714F9DAF8841179B1FE
:10C40000FF2743F2B802C0F60602DAF88001D2E94B
:10C4100000238AF8997101278DE88201F5F736FD2E
:10C42000DAF804202AB141F23020C1F20000494676
:10C430009047002040B20CB0BDE8F08710B582B044
:10C440000446EBF711F994F8981144F64C7304F58F
:10C45000C47CC0F606030022CDF800C0EBF7E1F87B
:10C46000D4F88801F8F71CFD2B2803D1E8F7D9FF91
:10C47000E9F713F994F89901FF2804D0013801066F
:10C4800084F8990101D002B010BDD4F8800102B047
:10C49000BDE81040F5F76EBD70B544F63876C1F2D0
:10C4A00000060D463169044608462946012200234C
:10C4B000F0F736F9A889F16910F4406F0ED03069B1
:10C4C00048224A80F0F7EEF8D6E907215060084686
:10C4D00029464822D5F7CAFC24200DE070691822AD
:10C4E0004A80F0F7DFF8D6E9072150600846294670
:10C4F0001822D5F7BBFC2620225AE068A169BDE8C6
:10C500007040F6F7FFB870B542F27415C4B2C1F2CC
:10C51000000505EB8406B06B411C02D00138B06306
:10C5200009D029692046884705F158002146BDE811
:10C530007040EAF7F1BAE9682046884705F15800EB
:10C540002146EAF7CFFAB069BDE87040F5F712BDB1
:10C550004FF0FF3070474FF0FF3070474FF0FF3023
:10C5600070474FF0FF30704770B50546EEF7A6FCF8
:10C5700004210C220123EEF7ABFCA989044605290E
:10C5800000F108060BD3EEF799FCAA8904210123D8
:10C59000EEF79EFC2A6930603AB1696903E02A69C6
:10C5A0002AB169693046904704E0A98900E0304625
:10C5B000D5F762FD204670BD10B580890C46052870
:10C5C00004D3EEF77BFCA168EEF734FC0020C4E94D
:10C5D0000000A060EEF772FC2146BDE81040EEF7C7
:10C5E00029BC014640894FF6FF72904209D0086A83
:10C5F00020B1426800230AB1136000E000220A6201
:10C6000070470846FFF7B0BFB0B5044680890D46B5
:10C61000052801F1080028BF0068E16901B18847D9
:10C6200060894FF6FF71884207D0206A0021C5E972
:10C63000001000B105602562B0BD20462946BDE866
:10C64000B040FFF7B9BF0021C0F201210840401AF5
:10C65000B0FA80F040097047F0B58DB041F228552E
:10C6600014460646012AC1F2000512D103202873A0
:10C67000F2F7AEFC2A7B0221F2F79AFCA878012897
:10C680000FD141F22850C1F200003146EDF710FC05
:10C6900007E005202873F2F79BFC2A7B0221F2F7C2
:10C6A00087FC0020A5F88C01707A04AFC0F3430129
:10C6B00000F0010041EA0020A5F88E01B088317A2F
:10C6C00040BAF27940EA014040EA026042F3C01108
:10C6D000C5E9640138462021D5F7F0FCFDF730FEAE
:10C6E000FDF737FE4CF2E9710346C0F60401384607
:10C6F0002A46E8F7EAF9012C1DD1022085F89801B5
:10C7000005200A21F8F7E0FBC5F8880105F5C47695
:10C71000EAF7AAFF95F8981144F61273C0F60603DB
:10C7200000220096EAF77DFF95F89A6176B3D5F876
:10C730008411E1B92AE04CBB05200B21F8F7C4FBBA
:10C74000C5F88801042005F5C47685F89801EAF754
:10C750008BFF95F8981144F61273C0F60603002279
:10C760000096EAF75EFFD5F8841179B1FF2643F20F
:10C77000B802C0F60602D5F88001D2E9002385F898
:10C78000996101268DE8C200F5F780FB6A682AB13D
:10C7900041F22850C1F200002146904700200DB020
:10C7A000F0BD000080B586B00020CDE90400CDE9E1
:10C7B000020004200221F8F787FB0290EAF754FFF9
:10C7C0000DF1080C04A204210023CDF800C0EAF703
:10C7D00028FF06B080BD00BF6D6169732074696D6C
:10C7E000656F75740000000010B582B00446EAF76A
:10C7F0003BFF94F8981144F6127304F5C47CC0F61C
:10C8000006030022CDF800C0EAF70BFFD4F8880138
:10C81000F8F746FB0B2803D1E8F703FEE8F73DFFE6
:10C8200094F89901FF2804D00138010684F8990191
:10C8300001D002B010BDD4F8800102B0BDE81040B4
:10C84000F5F798BB2DE9F04387B042F22016C1F20C
:10C85000000614468946D6E9112107461046984637
:10C86000FDF79DFF03301CD1B06C44F6D351C1F2EB
:10C870006201A0FB0101002005228909CDE9040025
:10C880000292ADF80E10ADF80C00EAF7EDFE44F69A
:10C89000995302AD3AA2C0F6060305210095EAF7C6
:10C8A000C0FE082F40D8DFE807F00518243F353FC9
:10C8B0003F3F050009F10700B6F84010C20802FB2F
:10C8C0000410336BB0EBD30F2ED8736B624303EBC2
:10C8D000C107A6F84000D00030E0728FB06904FBB9
:10C8E0000921814220D8F36904FB09F09F18718760
:10C8F00024E009F10100B18F420802FB0410336A01
:10C90000B0EB530F10D8736A624303EB4107B08753
:10C91000500013E009F10300F18F820802FB0410BC
:10C92000B36AB0EB930F03D9706CFDF72BFF0BE0EC
:10C93000F36A624303EB8107F0879000C8F80000B8
:10C94000706CFDF71FFFB7B904200027029004FBAD
:10C9500009F0CDE90477ADF80E00ADF80C70EAF7F8
:10C9600083FE44F6995302AE11A2C0F606030521D8
:10C970000096EAF756FE384607B0BDE8F08300BFE0
:10C98000735F656F5F6D656D706F6F6C5F6765740A
:10C990005F73746174696328293A206D75746578D2
:10C9A0005F74616B65282920746F75740000000046
:10C9B000735F656F5F6D656D706F6F6C5F676574DA
:10C9C0005F73746174696328293A206E6F206D6FFC
:10C9D0007265206D656D0000002900F0AC802DE9C6
:10C9E000F04186B041F2F866C1F20006707A002884
:10C9F00000F09E800C4608460121EAF764F841F2F7
:10CA0000BC080128C0F6060814D1D8F80050F2F787
:10CA100039FE00212A46F2F752FE58B9707D694668
:10CA20008DF80000002007F016FFF2F72BFE002122
:10CA3000F2F74EFE20460221EAF745F801285ED1C2
:10CA4000D8F8005000270297CDE90077F2F71AFED8
:10CA500000212A46F2F733FE48B1EAF705FE44F614
:10CA6000427235A1C0F60602EAF722FE47E00DF158
:10CA7000160105AA0DF112030020B772ADF8167069
:10CA8000ADF81470ADF8127007F0E8FE38B1002070
:10CA9000B072F2F7F7FD0021F2F71AFE2FE0FDF772
:10CAA00023FFFDF72FFF01900020BDF816108DF831
:10CAB0000000BDF81400ADF80A10BDF81210ADF872
:10CAC0000C000120ADF80E10B072F2F7DBFD002172
:10CAD000F2F7FEFD706829460DF004FB78B9306866
:10CAE000F6F756FA012802D13068F6F72FFB3068C6
:10CAF0006946F6F754FB706803210DF021FB2046D0
:10CB00000421E9F7E0FF012812D1D8F80040F2F73C
:10CB1000B9FD002122460024F2F7D1FD40B90020E2
:10CB200007F096FE7472F2F7ADFD0021F2F7D0FD2A
:10CB300006B0BDE8F0417047693263332069732065
:10CB4000627573790000000080B5EAF78DFD44F648
:10CB5000427203A1C0F60602BDE88040EAF7A8BD14
:10CB600063616C6C6564205F7461736B776F726B6B
:10CB700065725F737461727475702829000000001B
:10CB8000A1B102290DD043F2C001C0F60601096827
:10CB90000368994205D10169897801F0FE010229F3
:10CBA00004D10169CB680BB11146184770470000EA
:10CBB0002DE9F04F91B093460D46044631B9204619
:10CBC000594600F06BF80546002864D0287B012800
:10CBD00061D05846FAF770FF18B1024620682969FB
:10CBE0009047012028730AA81C21D5F767FA6889A5
:10CBF00094F80480089020680595079094F8200028
:10CC0000032804D0022806D104F10C0001E005F14C
:10CC10001400006800E0002009900898D8B30026AE
:10CC2000069400BF94F82000042806D10598B1B2FC
:10CC30008069F6F76BF9006809904046594632461C
:10CC4000FAF7DAFF0546013021D040462946FDF7C4
:10CC500048FA04465846FDF736FA814640462946CA
:10CC6000FDF7C9FA824640462946FDF765FA8DE888
:10CC700020060AAF0799099D03903846424623468D
:10CC8000069C0495EFF775FD3846EFF71BFD0898F5
:10CC90000136B042C6D111B0BDE8F08F07290FD8D8
:10CCA00000EB4101098A4FF6FF72914208D080B52E
:10CCB0008068F6F72BF9002814BF0068002080BDBB
:10CCC000002070472DE9F04182B00546887AAB7F9D
:10CCD0004F7A584090460A7A00F01F00B0FA80F070
:10CCE000FBB252EA03074FEA501007D02F7F6E7F46
:10CCF000FFB27A4073401A4318BF00208B794A79FB
:10CD0000DBB252EA030702D1CB7963B100236F7E15
:10CD1000AE7EFFB27A407340EC7E1A4318BF00200B
:10CD2000C979A14203D110B1012600271EE00420D9
:10CD300085F8980100260520472105F5C477A5F858
:10CD40008E61C5E96466F8F7BFF8C5F88801A5F8F3
:10CD50008C61EAF789FC95F8981144F67773C0F670
:10CD6000060300220097EAF75CFC0127B8F1000FE8
:10CD700002D028463146C047784202B0BDE8F08173
:10CD800070B582B0044690F8BC01E8B145F20230BB
:10CD90000026A4F8B4010DF107008DF8076004F532
:10CDA000DA75C4F8B801E9F754FAD4F8C421294671
:10CDB000E9F7A8FB4FF48070A4F8E401C4F8D2614D
:10CDC000C4F8D661C4F8DC6102B070BD0021C0F2C5
:10CDD00005210840401AB0FA80F040097047000071
:10CDE0002DE9F0478CB091460646EAF73DFC44F643
:10CDF000777277A1C0F60602EAF75AFC41F2187A78
:10CE0000B9F1010FC1F2000A15D103208AF80C0014
:10CE1000F2F7DEF89AF80C200721F2F7C9F89AF831
:10CE20000200012811D141F21870C1F20000314610
:10CE3000F0F792F809E005208AF80C00F2F7C8F83C
:10CE40009AF80C200721F2F7B3F80020AAF88C0119
:10CE5000B07A0DF11008C0F3430100F0010041EA7F
:10CE60000020AAF88E01B6F80500717A40BA327A2D
:10CE700040EA014040EA026042F3C011CAE964019D
:10CE800040462021D5F71AF9FDF75AFAFDF761FA65
:10CE90004CF6FD710346C0F6040140465246E7F7E2
:10CEA00014FEB9F1010F1FD102208AF89801052064
:10CEB0004521F8F709F8CAF888010AF5C474EAF7B9
:10CEC000D3FB9AF8981144F67773C0F60603002254
:10CED0000094EAF7A6FB9AF89A71002F6AD0DAF864
:10CEE0008411002957D165E0B9F1000F62D1DAF859
:10CEF000A8010021E8F707F9D8B1DAF8A801E8F7A6
:10CF00009DF9C0B100260027002400BFDAF8A8016F
:10CF1000E1B2E8F7F8F818B1C18800890E43074379
:10CF2000DAF8A8010134E5B2E8F788F98542EDD3D3
:10CF300003E0FF2048E000270026E8F772FAE8F750
:10CF400067FA81884FF6FF725140C2880389408991
:10CF5000314027EA020241EA02411843CAE964105B
:10CF600005204621F7F7B0FFCAF8880104200AF52A
:10CF7000C4748AF89801EAF777FB9AF8981144F696
:10CF80007773C0F6060300220094EAF74AFBDAF84A
:10CF9000841179B1FF2743F2B802C0F60602DAF82D
:10CFA0008001D2E900238AF8997101278DE8820176
:10CFB000F4F76CFFDAF804202AB141F21870C1F2DC
:10CFC000000049469047002040B20CB0BDE8F08711
:10CFD00063616C6C65643A20735F656F5F706F733B
:10CFE0005F6F6E73746F705F7365617263683463D3
:10CFF000616E626F617264732829000010B582B09F
:10D000000446EAF731FB94F8981144F6777304F577
:10D01000C47CC0F606030022CDF800C0EAF701FB8D
:10D02000D4F88801F7F73CFF462803D1E8F7F9F96F
:10D03000E8F733FB94F89901FF2804D00138010682
:10D0400084F8990101D002B010BDD4F8800102B07B
:10D05000BDE81040F4F78EBF2DE9F04182B0904654
:10D06000054601F10902012000230027EC19D65DD5
:10D07000647F01376640F60618BF1846032FF5D1C6
:10D080000B7ACA79DBB252EA030707D0EF7E2E7F14
:10D09000FFB27A4073401A4318BF00204B790A79D7
:10D0A000DBB252EA030702D18B7963B100232F7EF2
:10D0B0006E7EFFB27A407340AC7E1A4318BF0020E8
:10D0C0008979A14205D1C0B2012802D101260027E9
:10D0D0001EE0042085F8980100260520362105F57C
:10D0E000C477A5F88E61C5E96466F7F7EDFEC5F86B
:10D0F0008801A5F88C61EAF7B7FA95F8981144F61B
:10D100006E73C0F6060300220097EAF78AFA012739
:10D11000B8F1000F02D028463146C047784202B02D
:10D12000BDE8F08170B582B0044690F8BC01E8B16A
:10D1300045F202300026A4F8B4010DF107008DF885
:10D14000076004F5DA75C4F8B801E9F782F8D4F895
:10D15000C4212946E9F7D6F94FF48070A4F8E40118
:10D16000C4F8D261C4F8D661C4F8DC6102B070BD05
:10D1700000F00170A0F10170B0FA80F04009704732
:10D180002DE9F0478CB091460646EAF76DFA44F671
:10D190006E7276A1C0F60602EAF78AFA41F6001A24
:10D1A000B9F1010FC1F2000A15D103208AF80C0071
:10D1B000F1F70EFF9AF80C200621F1F7F9FE9AF824
:10D1C0000200012811D141F60010C1F200003146E1
:10D1D000F0F74CFD09E005208AF80C00F1F7F8FEA5
:10D1E0009AF80C200621F1F7E3FE0020AAF88C0142
:10D1F000707A0DF11008C0F3430100F0010041EA1C
:10D200000020AAF88E01B088317A40BAF27940EA5B
:10D21000014040EA026042F3C011CAE9640140469D
:10D220002021D4F74BFFFDF78BF8FDF792F84DF274
:10D2300099310346C0F6040140465246E7F745FCE3
:10D24000B9F1010F1FD102208AF89801052034217D
:10D25000F7F73AFECAF888010AF5C474EAF704FA47
:10D260009AF8981144F66E73C0F6060300220094F3
:10D27000EAF7D7F99AF89A71002F69D0DAF8841191
:10D28000002956D164E0B9F1000F61D1DAF8A801A4
:10D290000021E7F738FFD0B1DAF8A801E7F7CEFFB1
:10D2A000B8B1002600270024DAF8A801E1B2E7F7B8
:10D2B0002AFF18B1C18800890E430743DAF8A80194
:10D2C0000134E5B2E7F7BAFF8542EDD303E0FF2072
:10D2D00048E000270026E8F7A4F8E8F799F88188E5
:10D2E0004FF6FF725140C28803894089314027EAD6
:10D2F000020241EA02411843CAE9641005203521BF
:10D30000F7F7E2FDCAF8880104200AF5C4748AF828
:10D310009801EAF7A9F99AF8981144F66E73C0F6E5
:10D32000060300220094EAF77CF9DAF8841179B157
:10D33000FF2743F2B802C0F60602DAF88001D2E90C
:10D3400000238AF8997101278DE88201F4F79EFD88
:10D35000DAF804202AB141F60010C1F20000494673
:10D360009047002040B20CB0BDE8F08763616C6C60
:10D3700065643A20735F656F5F7073635F6F6E7390
:10D38000746F705F7365617263683463616E626F3E
:10D39000617264732829000010B582B00446EAF770
:10D3A00063F994F8981144F66E7304F5C47CC0F6E2
:10D3B00006030022CDF800C0EAF733F9D4F888015B
:10D3C000F7F76EFD352803D1E8F72BF8E8F765F994
:10D3D00094F89901FF2804D00138010684F89901D6
:10D3E00001D002B010BDD4F8800102B0BDE81040F9
:10D3F000F4F7C0BD2DE9F04381B00446407898B3FE
:10D4000001208DF8030040F20270A4F8B40194F8F2
:10D41000C0010DF10301C4F8B81128B304F5DA799D
:10D4200004F5DE774FF00008002500BF07EB85010B
:10D430008969B1B17A5DA2B10A7892B181F80080B0
:10D44000EAB2032000210023FAF75EFA0646E8F765
:10D4500000FF49463246E9F755F807F8058094F889
:10D46000C00101358542E1D301B0BDE8F08300F091
:10D47000407000F17D40B0FA80F040097047F0B58F
:10D480008DB041F6E825C1F20005D5F8A811064691
:10D49000084600211446E7F736FEA8B10746012CDE
:10D4A00014D103202873F1F793FD2A7B0321F1F7B0
:10D4B0007FFDA878012811D141F6E820C1F20000D3
:10D4C0003146F2F79FF909E0FF209DE0052028731F
:10D4D000F1F77EFD2A7B0321F1F76AFD0020A5F814
:10D4E0008C01B07AA5F88E01B6F80500717A40BAC1
:10D4F000327A40EA0140110640EA0260FA883B892C
:10D5000042EAE17141EA034104AEC5E964013046F3
:10D510002021D4F7D3FDFCF713FFFCF71AFF4DF2DF
:10D520000F610346C0F6040130462A46E7F7CDFAFC
:10D53000012C1ED1022085F8980105200521F7F75E
:10D54000C3FCC5F8880105F5C477EAF78DF895F8AE
:10D55000981144F61C73C0F6060300220097EAF700
:10D5600060F895F89A71002F45D0D5F8841191BBD9
:10D5700041E0002C3FD1E7F754FFE7F749FF8288ED
:10D580004FF6FF73F9885A403B89C788114023EA58
:10D5900007020389408941EA02411843C5E9641042
:10D5A00005200721F7F790FCC5F88801042005F550
:10D5B000C47785F89801EAF757F895F8981144F67A
:10D5C0001C73C0F6060300220097EAF72AF8D5F884
:10D5D000841181B1FF2743F2B802C0F60602D5F8E4
:10D5E0008001D2E9002385F899710127CDE9001760
:10D5F0000296F4F74BFC6A682AB141F6E820C1F2C2
:10D60000000021469047002040B20DB0F0BD10B59B
:10D6100082B00446EAF728F894F8981144F61C738F
:10D6200004F5C47CC0F606030022CDF800C0E9F77B
:10D63000F8FFD4F88801F7F733FC072803D1E7F7A0
:10D64000F0FEE8F72AF894F89901FF2804D0013891
:10D65000010684F8990101D002B010BDD4F8800110
:10D6600002B0BDE81040F4F785BC10B50446FCF7E5
:10D67000CCFF21461022BDE81040FCF7AEBFC0F33E
:10D6800040607047F0B58DB041F6D045144606466F
:10D69000012AC1F2000512D103202873F1F798FC8A
:10D6A0002A7B0121F1F784FCA87801280FD141F6EB
:10D6B000D040C1F200003146F3F731FA07E005200F
:10D6C0002873F1F785FC2A7B0121F1F771FC00201A
:10D6D000A5F88C01B07A0122C0F3430100F00100EB
:10D6E00041EA0020A5F88E013079317A0C2808BF74
:10D6F0000222080642EAE070B6F80520737A52BAB0
:10D7000042EA034242EA016104AFC5E964103846C7
:10D710002021D4F7D3FCFCF713FEFCF71AFE4DF6DC
:10D7200011110346C0F6040138462A46E7F7CDF941
:10D73000012C1DD1022085F8980105200821F7F75A
:10D74000C3FBC5F8880105F5C476E9F78DFF95F8A8
:10D75000981144F63673C0F6060300220096E9F7E6
:10D7600060FF95F89A6176B3D5F88411E1B92AE0A3
:10D770004CBB05200921F7F7A7FBC5F88801042059
:10D7800005F5C47685F89801E9F76EFF95F89811CC
:10D7900044F63673C0F6060300220096E9F741FF0F
:10D7A000D5F8841179B1FF2643F2B802C0F606021B
:10D7B000D5F88001D2E9002385F8996101268DE82A
:10D7C000C200F4F763FB6A682AB141F6D040C1F2A7
:10D7D00000002146904700200DB0F0BDB0B588B0E4
:10D7E00041F6D045C1F20005D5F8C41100295AD040
:10D7F000447A00F10A0201F1080021460123E7F70B
:10D800004DFC287801284ED1042C13D8601C8DF8CB
:10D81000080041F60200A5F8B40102A805F5DA7483
:10D82000C5F8B801E8F715FDD5F8BC212146E8F7A1
:10D83000CCFE38E0D5F8C02132B141F6D040C1F27B
:10D840000000012190472EE043F2E000C0F6060000
:10D8500090E82E00D0E904400DF1080CCDE9064017
:10D8600004208CE82E008DF809001020ADF80A0085
:10D8700002200021002203230024FAF745F8CDE915
:10D880000304F7F7E8FB02A9F7F713FE58B1E9F72D
:10D89000EBFE42F2B845C0F6060504A204210023BF
:10D8A0000095E9F7BEFE08B0B0BD00BF63616E6EC3
:10D8B0006F74207369673C73747261696E2E66754C
:10D8C0006C6C7363616C653E0000000080B586B0CF
:10D8D0000020CDE90400CDE9020004200321F7F780
:10D8E000F3FA0290E9F7C0FE0DF1080C04A204213E
:10D8F0000023CDF800C0E9F794FE06B080BD00BF5C
:10D9000073747261696E2074696D656F757400005F
:10D9100010B582B00446E9F7A7FE94F8981144F6D2
:10D92000367304F5C47CC0F606030022CDF800C0AF
:10D93000E9F777FED4F88801F7F7B2FA092803D19E
:10D94000E7F76FFDE7F7A9FE94F89901FF2804D0E7
:10D950000138010684F8990101D002B010BDD4F855
:10D96000800102B0BDE81040F4F704BBB0B5044636
:10D9700090F8BC0170B194F8C02120460021002528
:10D9800000F03AF84FF47A7084F80052C4E97C55FC
:10D99000C4E97E50B0BD00002DE9F0478246D0F8C2
:10D9A000EC018846E7F74AFC06460020CAF8C401A5
:10D9B00006B30AF5E2790024DAF8EC01E5B229466B
:10D9C000E7F7A1FB90B1074640462946E9F7CBF8B7
:10D9D00060B1797801F00300012807D1C1F380001C
:10D9E00009EB4000C1F3C301E9F784F80134E0B268
:10D9F000B042E1D3BDE8F0872DE9F04782B00129BC
:10DA00004FF0000108BF11468DF8071041F2883130
:10DA10004FF47A7312FB0311C0F8FC1143F6022194
:10DA2000002600F5DA78A0F8B4110DF1070100F531
:10DA3000E27A40244FF00109C0F8B81104F0FE006A
:10DA4000F1B240EA010401273AF81600F9B2E9F709
:10DA500045F801280DD104F0E10000EB4704E8F798
:10DA6000F8FB25F0FF0141EA040541462A46E8F7A4
:10DA7000F5FD0E2F07F10107E6D301265FEAC97015
:10DA80004FF00009DAD102B0BDE8F0870021C0F202
:10DA900002210840401AB0FA80F0400970470000A7
:10DAA0002DE9F0478CB041F6A06A9146012AC1F2F7
:10DAB000000A16D1064603208AF80C00F1F788FA0E
:10DAC0009AF80C200521F1F773FA9AF80200012860
:10DAD00011D141F6A060C1F200003146F3F7C0FB5E
:10DAE00009E005208AF80C00F1F772FA9AF80C2088
:10DAF0000521F1F75DFA00200DF11008CAE9630075
:10DB0000CAF8940140462021D4F7D8FAFCF718FC53
:10DB1000FCF71FFC4DF655410346C0F60401404694
:10DB20005246E6F7D2FFB9F1010F1FD102208AF861
:10DB3000980105202E21F7F7C7F9CAF888010AF5E0
:10DB4000C474E9F791FD9AF8981144F65C73C0F635
:10DB5000060300220094E9F764FD9AF89A71002FF9
:10DB60006AD0DAF88411002957D165E0B9F1000FC5
:10DB700062D1DAF8A8010021E7F7C5FAD8B1DAF8DE
:10DB8000A801E7F75BFBC0B100260027002400BF17
:10DB9000DAF8A801E1B2E7F7B6FA18B1C18800894E
:10DBA0000E430743DAF8A8010134E5B2E7F746FB74
:10DBB0008542EDD303E0FF2048E000270026E7F789
:10DBC00030FCE7F725FC81884FF6FF725140C28890
:10DBD00003894089314027EA020241EA02411843A1
:10DBE000CAE9641005203021F7F76EF9CAF88801F8
:10DBF00004200AF5C4748AF89801E9F735FD9AF80B
:10DC0000981144F65C73C0F6060300220094E9F70D
:10DC100008FDDAF8841179B1FF2743F2B802C0F6A3
:10DC20000602DAF88001D2E900238AF89971012707
:10DC30008DE88201F4F72AF9DAF804202AB141F6D6
:10DC4000A060C1F2000049469047002040B20CB0ED
:10DC5000BDE8F08710B582B00446E9F705FD94F8F9
:10DC6000981144F65C7304F5C47CC0F606030022E8
:10DC7000CDF800C0E9F7D5FCD4F88801F7F710F922
:10DC8000302803D1E7F7CDFBE7F707FD94F89901BA
:10DC9000FF2804D00138010684F8990101D002B0B0
:10DCA00010BDD4F8800102B0BDE81040F4F762B9AD
:10DCB0002DE9F0410646C0688846F0F75FFF3169FC
:10DCC00004460846F0F75AFF716907460846F0F720
:10DCD00055FF0546381928430FD055EA07000FD0E5
:10DCE000D6E92A0103220023D3F7B5FC012A09D083
:10DCF000022A05D170692C4606E00024002003E0CA
:10DD0000F06801E030693C46A8F80040BDE8F081C9
:10DD100070B50546084614460E46F9F7EBFD012896
:10DD200004D13046F9F7E8FD022804D1082000218B
:10DD30002170285870BD3046F9F7E1FD042802D261
:10DD40000C200121F4E73046F9F7D9FD032108281A
:10DD50004FF0140038BF022138BF1020E8E7426AB4
:10DD60004B6A9A4218BF704789884288511A41808D
:10DD7000704770B505466A88406A0C461146F1F74F
:10DD800027F869780646C90705D006F1080105F1AC
:10DD90000800EEF7E7FCE8884FF6FF71884208BFFD
:10DDA00070BDD4E91612331831505A6070BD0000AE
:10DDB000B0B5B0F89CC0B0F89E30B0F8A040B0F854
:10DDC000A2E003290AD8DFE801F00208040694441F
:10DDD00004E0144402E0964400E0134499B2A2B275
:10DDE000914288BF0A461FFA8EF18A4298BF0A46BE
:10DDF00012FA8CF1B0F8A6200020914298BF0120C1
:10DE0000B0BD000003291AD8DFE801F00214080EA3
:10DE1000B0F89C101144A0F89C1010E0B0F8A010CD
:10DE20001144A0F8A0100AE0B0F8A2101144A0F824
:10DE3000A21004E0B0F89E101144A0F89E10B0F8B3
:10DE40009E10B0F8A020B0F8A230914288BF0A46D8
:10DE5000B0F89C109A4298BF1A461144A0F8A4103A
:10DE6000704700694968401A18BF4FF0FF3070478B
:10DE70002DE9F0438BB00446E8B10E46D9B143F228
:10DE8000D400C0F60600D0F80090184649461F4658
:10DE90009046FCF784FC4046F0F794FD0546384672
:10DEA000FCF770FC65B1A06A716802AAEEF72AFE61
:10DEB00068B1032005E00CB10120E067FE2502E017
:10DEC0000220E067FF2568B20BB0BDE8F08302A82E
:10DED000EEF742FC717870800846F0F7EBFC012801
:10DEE0001BD17078002101220025F0F7A9FCC0B1F8
:10DEF000B068B8B9E9F7B8FB42F2B84745F67F72A7
:10DF000044F6B973C0F60607C0F60602C0F606036B
:10DF100004210097E9F785FBD4E70020B06070800A
:10DF200000E0B560E06E4946FCF739FCD4E9083002
:10DF30000DF12A0502A932460095E6F787FF30B1B8
:10DF40000546E06E0421E167FCF71CFCBBE73846A0
:10DF50004946FCF724FC216A0DF1260000900AAB2B
:10DF6000404600224FF00009F0F76AFD05463846AA
:10DF7000FCF708FCE06EFCF705FC9DB1BDF828003D
:10DF8000BDF82610ADF80690C4E920010DF1060198
:10DF90004046F0F70AFDBDF80600C4F888000520E9
:10DFA000E06790E73078800617D5E06AA8B131467F
:10DFB000E8F7DDFD88B1E9F757FB42F2B84745F6CF
:10DFC000CC7244F6B973C0F60607C0F60602C0F676
:10DFD000060304210097E9F724FB002573E770B5D9
:10DFE0000978044602F001001E2202EAD101084429
:10DFF00040EA4315E7F707FFE9B201222346E7F7B6
:10E0000040FEFF280CD00546049EFE20012122463A
:10E010002B46FAF7FBF8002E08BF70BD357070BDB7
:10E02000002070BD70B5144602781E2301F0010176
:10E03000007A03EAD2021144202202EA90000D186D
:10E04000E7F7E1FE2946012200230026E7F719FE43
:10E05000FF2809D00546FE20012100222B46FAF7B1
:10E06000D5F8064604B12570304670BD30B145F292
:10E070001010C1F200004068FCF7D2BD6FF0010043
:10E080007047704710B586B014480DF1080C019028
:10E0900012A0031D00690ECB059001A88CE80E00AC
:10E0A000EBF7FAFBF7F72CFB04462830F6F7DCFF1A
:10E0B000F8F7FAFDE16A4AF22012C0F20702F8F717
:10E0C000EFFF0446EBF7DEFB002114B1EBF74AFC4F
:10E0D00001E0EBF768FC06B010BD00BF3F00000098
:10E0E000BD48050849490508094905088949050841
:10E0F000B0B50446007D0D4610B1206985420FD0B1
:10E10000002020752561F8F7CFFD44F64032C0F2BB
:10E110004C022946F8F7C4FF00B1B0BD01202075BC
:10E120000020B0BDF8B1B0B582B001A90DF1020276
:10E130000446EEF766FD41F21805C1F20005287DA0
:10E14000019910B12869814206D041F21800C1F24C
:10E150000000FFF7CDFF18B968682146F2F738FBD9
:10E1600002B0BDE8B04070472DE9F04182B041F205
:10E1700018048046C1F2000400200E46D4E902577C
:10E180000190ADF8020008460221E8F79CFC012846
:10E1900006D13846FFF7C6FF206B00210BF0D0FFF9
:10E1A00030460121E8F78FFC012824D143F2D80141
:10E1B000C0F6060160680A682946F2F799F970B955
:10E1C000F7F7E6FB2946F7F722FC40B9F7F7E0FB43
:10E1D00001A9F7F7E6FB10B90198FFF7A3FF606804
:10E1E0000DF10201F2F738FBBDF8020018B140460C
:10E1F0000121F9F775FA02B0BDE8F081B0B58CB035
:10E2000004AD044628462021D3F758FF28460121B3
:10E210002246E6F766FC41F21801C1F200014868A7
:10E22000898C002403220023CDE900450294F2F7F3
:10E2300025FAE9F719FA44F6ED6203A1C0F60602E1
:10E24000E9F736FA0CB0B0BD63616C6C6564205FB1
:10E250007461736B5F737461727475702829000048
:10E2600070B588B00C4605460020CDE90600ADF833
:10E270001600ADF81400ADF812000390029029B911
:10E2800044F63C10C1F20000F7F778FC204610215C
:10E29000E8F719FC012805D144F63C10C1F2000052
:10E2A000F7F76BFC20460421E8F70DFC012807D1A5
:10E2B000F6F7D1FE012108B0BDE87040F7F7CDB800
:10E2C00020460221E8F7FFFB012819D1F8F7C2FB2D
:10E2D00006A90DF112020023F8F767FB20B1F8F749
:10E2E000B9FBF7F763FC0BE0BDF8120040B1F8F79B
:10E2F00052FA069944F64032C0F24C02F8F72FFB6E
:10E3000020460121E8F7DFFB012843D144F63C1603
:10E31000C1F200060020ADF80600ADF80400ADF82B
:10E320000200B080F8F737FA07A90DF11602F8F7E6
:10E33000EEFA78B9F8F78EFB079905AA02ABF8F761
:10E3400012FC20B1F8F786FBF7F730FC02E0BDF8CD
:10E350001400B08044F63C10C1F20000F7F70CFC4A
:10E36000F8F778FB0DF1060101AA0DF10203F8F7A9
:10E37000EFFBBDF80600BDF80410084303D02846A3
:10E380000221F9F7ADF9BDF8160018B128460121B0
:10E39000F9F7A6F920462021E8F795FB012805D1D9
:10E3A00044F63C10C1F20000F7F7E9FB204640219B
:10E3B000E8F789FB012805D144F63C10C1F20000C2
:10E3C000F7F7E4FB20468021E8F77DFB012805D123
:10E3D00044F63C10C1F20000F7F7DFFB20464FF493
:10E3E0008071E8F770FB012805D144F63C10C1F2BA
:10E3F0000000F7F7D9FB20460821E8F764FB012865
:10E4000004D1F6F728FE0021F7F727F808B070BD11
:10E4100080B5E9F729F944F69D6203A1C0F606022A
:10E42000BDE88040E9F744B963616C6C6564205FC6
:10E430007461736B5F737461727475702829000066
:10E44000F0B585B041F24C070446C1F20007002048
:10E45000BD680290ADF8060008460121E8F733FBDD
:10E46000012842D143F2D801C0F6060178680A6853
:10E470002946F2F73DF860BBF7F74EFC2946F7F75F
:10E48000ABFC30BBF7F748FC02A9F7F74EFC00BB2A
:10E49000029DF5B104A90DF10E022846EEF7B1FB7D
:10E4A000387D049E10B1386986420ED00020387540
:10E4B0003E61F8F7F9FB44F64032C0F24C023146B7
:10E4C000F8F7EEFD28B90120387578682946F2F78B
:10E4D0007FF978680DF10601F2F7BEF9BDF8060084
:10E4E00018B120460121F9F7FBF805B0F0BD000096
:10E4F000B0B58CB004AD044628462021D3F7DEFD2C
:10E50000284601212246E6F7ECFA41F24C01C1F21D
:10E5100000014868898C002403220023CDE90045CE
:10E520000294F2F7ABF8E9F79FF844F6B36203A15F
:10E53000C0F60602E9F7BCF80CB0B0BD63616C6CC4
:10E540006564205F7461736B5F737461727475705E
:10E55000282900002DE9F04194B0054600200C4622
:10E56000CDE91200ADF84600ADF84400ADF8420028
:10E57000CDE90E0008464FF08071E8F7A4FA44F6A2
:10E5800068180128C1F2000817D145F21810C1F22D
:10E59000000001684746013157F8106F0160E9F744
:10E5A00063F844F6CE630421C0F606030022092E68
:10E5B00008BF01210097E9F734F820464FF00051D9
:10E5C000E8F781FA012814D1F8F744FA12A90DF1FD
:10E5D00042020023F8F7E9F958B9BDF8420040B10A
:10E5E000F8F7D9F8129944F64032C0F24C02F8F725
:10E5F000B6F920460121E8F766FA012836D1002055
:10E60000ADF81000ADF83600ADF83400F8F7C3F8F7
:10E6100013A90DF14602F8F77AF968B9F8F71AFA72
:10E62000139911AA0EABF8F79EFA139944F66810E5
:10E63000C1F20000F7F743FDF8F70CFA04A90DF159
:10E6400036020DABF8F784FABDF81000BDF83610AD
:10E65000084304D028464FF00051F9F741F8BDF8BF
:10E66000460018B128460121F9F73AF820464FF044
:10E670008041E8F728FA012824D1D8F80400F3F7FC
:10E6800084FB01281ED004AD28462021D3F716FDB7
:10E69000D8F8002028464FF08071E6F722FA43F2BE
:10E6A000B801C0F60601D1E9002343F2D001C0F65B
:10E6B0000601D8F8040009680127CDE90017029582
:10E6C000F3F7E4FB20460221E8F7FDF9012802D127
:10E6D0000220F7F7F5FC20460421E8F7F4F90128B9
:10E6E00002D10420F7F7ECFC14B0BDE8F081000083
:10E6F00080B5E8F7B9FF44F6CE6203A1C0F6060282
:10E70000BDE88040E8F7D4BF63616C6C6564205F4E
:10E710007461736B5F737461727475702829000083
:10E7200080B500200BF08CFE18B1BDE880400BF0E6
:10E7300059BE002080BDF0B581B090B30E4691B3B4
:10E7400041F2BC0145F25817C0F60601C1F20007BC
:10E750000C683869214615460BF096FC4FF6E850D8
:10E76000388348F2A060C0F20100C7E907600020CA
:10E77000B875C7E90A00386801213D63397518B1D9
:10E7800078680421F8F7ACFF786B21460BF0AAFCFF
:10E79000B87D441E386918BF6FF002040BF052FCBC
:10E7A00002E0FE2400E0FF2460B201B0F0BD0000F2
:10E7B00070B110B582B0102A0CD045F25810C1F2D9
:10E7C0000000022A2BD140680221F8F791FF2DE0CA
:10E7D000FE202FE045F2581441F2BC02C1F20004C1
:10E7E000C0F60602A06C126800230BF043FBC8B110
:10E7F00044F6D400C1F20000416801314160E8F7FD
:10E8000033FF42F2B84444F64063C0F606040AA25D
:10E81000C0F6060303210094E8F703FF06E0406812
:10E82000114601E060681021F8F75AFF002002B09D
:10E83000BDE8104040B27047735F656F6D5F6970EF
:10E840006E65745F416C65727428293A2063616E4D
:10E85000742070757420696E207478206669666F04
:10E86000000000002DE9F04182B000284FF0FE05C5
:10E8700071D00C4600296ED006462046F1F7E9FD1E
:10E880000546E8F7F1FEB5FA85F142F2B84844F6DC
:10E8900040634909C0F6060831A2C0F60603CDF868
:10E8A0000080E8F7B7FE41F2BC0145F25817C0F608
:10E8B0000601C1F200070D68386929460BF0E4FB38
:10E8C000B06918B1EBF7BBF9012801D1FF253FE092
:10E8D0002068416941BB807C012825D143F2D401E5
:10E8E000C0F6060160680A680DF10601E9F794FCBC
:10E8F0009DF8060000210130C0B20BF043FC2168F6
:10E900004861E8F7B1FE216845F28D72496944F625
:10E910004063C0F60602C0F60603002918BF0121B5
:10E92000CDF80080E8F776FE0020386338680221D1
:10E93000FC61397518B178680421F8F7D1FE786B5D
:10E9400029460BF0CFFBB87D451E18BF6FF00205BE
:10E9500038690BF077FB68B202B0BDE8F08100BF08
:10E96000735F656F6D5F69706E65745F417474612C
:10E970006368536F636B657428293A206F6E6C79F6
:10E9800020646174616772616D20736F636B65747D
:10E9900000000000F0B583B000284FF0FE0447D01F
:10E9A0000D46002944D006462846F1F752FD04469C
:10E9B000E8F75AFEB4FA84F142F2B84744F64063ED
:10E9C0004909C0F606071CA2C0F606030097E8F73F
:10E9D00021FE41F2BC0145F25817C0F60601C1F212
:10E9E00000070C68386921460BF04EFBB0690295B0
:10E9F000D0B102A9EBF7FCF8B0B102983968F86120
:10EA0000002038634FF00300387519B1786804218D
:10EA1000F8F766FE786B21460BF064FBB87D441E68
:10EA200018BF6FF0020400E0FF2438690BF00AFB06
:10EA300060B203B0F0BD00BF735F656F6D5F69705A
:10EA40006E65745F446574616368536F636B65746E
:10EA500028293A206F6E6C79206461746167726155
:10EA60006D20736F636B65740000000070B582B039
:10EA70000446FD20DDF818C08DF807002068407CB2
:10EA8000012801D102B070BD45F25815C1F2000550
:10EA9000B2F800E0286C5668194662467346009644
:10EAA000EEF7CCF86068D5E91012E9F757FC8DF85D
:10EAB00007009DF80700C0B144F6D400C1F2000081
:10EAC000016801310160E8F7CFFD42F2B846C0F6B7
:10EAD000060644F640630FA2C0F60603032106961D
:10EAE00002B0BDE87040E8F79CBD206843F2D80151
:10EAF000C0F6060180680968E5F79CFF2068817C04
:10EB00000129BFD14069002102B0BDE870400BF07F
:10EB100017BB00BF735F656F6D5F69706E65745F73
:10EB20004F6E526563657074696F6E44617461679E
:10EB300072616D28293A2063616E742070757420AB
:10EB4000696E207278206669666F0000F0B581B04A
:10EB50000746084614460E46E7F7BBFF05464FF04A
:10EB6000FE0007B3FEB13046F1F773FC0646E8F746
:10EB70007BFDB6FA86F142F2B84744F64063490994
:10EB8000C0F6060709A2C0F606030097E8F742FDA3
:10EB9000686938B121460BF0A5FA002818BF6FF05C
:10EBA000020000E0FF2040B201B0F0BD735F656F6E
:10EBB0006D5F69706E65745F576169745061636BF6
:10EBC000657428293A206F6E6C79206461746167DE
:10EBD00072616D20736F636B65740000B0B545F2B0
:10EBE0005814C1F20004207D012834D1208BA8B331
:10EBF000216B09B901382083E06901216175D1F7E2
:10EC00006BFDD8B10BF038FB226AD4E90A35D21873
:10EC100045F100030A3A63F10003801A71EB030027
:10EC20001BD30BF029FBE269C4E90A01104600215D
:10EC30000122D1F7CDFC002818BFB0BD4FF4807081
:10EC40000022A4F81500606B22832262A262E262B5
:10EC50000021226312E000206075B0BD206B00250A
:10EC60002575C4E90755A562E562A4F8155018B1E9
:10EC7000A06BF3F77FF92563606B0021BDE8B0401E
:10EC80000BF05EBA2DE9F04188B045F25817C1F299
:10EC900000073868CD0690F82000002847D00C46C1
:10ECA000D2F72CF845F23810002DC1F2000002D442
:10ECB000017800297AD041F2BC010022C0F6060199
:10ECC0000270B86C096807920BF030F800286DD01C
:10ECD00005460068007C032868D143F2D402C0F6E0
:10ECE000060216680021A868ADF812100DF1120195
:10ECF0003246E9F778FBBDF8120000284DD0A8682D
:10ED000007A93246E9F7A8FAD8B144F6D400C1F20F
:10ED10000000816801318160E8F7A6FC42F2B84644
:10ED200045F6C002C0F60606C0F606022DE0002D2C
:10ED300040F1E58045F23810C1F200000121017078
:10ED4000DDE0079908690B890A680690ADF8143070
:10ED500028688B88406805A9D2F747F9AA68796CBA
:10ED600006461046E9F724FB002E00F0CB8044F65F
:10ED7000D400C1F20000C1680131C160E8F774FC41
:10ED800042F2B846C0F606066DA244F64063C0F6ED
:10ED9000060303210096E8F744FCB86C00210BF051
:10EDA00095F818B178681021F8F79AFC600740F1DF
:10EDB0009B80387D00210328ADF81C105ED002280E
:10EDC00034D0012840F09080388B002800F08C80EF
:10EDD00001383883012078750BF04EFAFA69C7E9DB
:10EDE0000A011046002101220025D1F7F1FB00287D
:10EDF00070D0386B002877D0F869D1F76DFC002807
:10EE000000F094807A68F86B0821E5F76AFE43F217
:10EE1000B800C0F60600D0E90023396BD7E90E062A
:10EE200000258DE86200F3F731F85DE0FE693046B9
:10EE30000596E7F74EFE05460020B8753875F8616F
:10EE40003920D1F7DDFF6860B0B16A880021D2F7C0
:10EE50003BF888B968684EF66D21C0F60401324669
:10EE6000D2F74EF940B9032039682874886905A99A
:10EE7000EAF7C7FF0120B875786B32E0FD697A6C5C
:10EE8000A86807A9E9F7AFFA38B9BDF81C0020B1A6
:10EE900078681421F8F724FC26E038680595D0F846
:10EEA00018802846E7F715FE0026BE753E75FE6100
:10EEB00005464068D1F7DDFF05A940466E602E7417
:10EEC000EAF796FE01464046EAF708FE786B012114
:10EED000B97506E04FF48070A7F81500786B3D8394
:10EEE0003D6300210BF02CF9200703D50020388367
:10EEF000FFF774FE787D012808BFFFF76FFE08B0AA
:10EF0000BDE8F0812868C06800283FF446AFE5F707
:10EF1000B8FD00283FF441AF286843F2D801C0F69D
:10EF20000601C0680968E5F785FD36E74FF4807093
:10EF30000021A7F81500786B39833963D2E700BF49
:10EF4000735F656F6D5F69706E65745F70726F631C
:10EF50006573735F7472616E736D697373696F6EDD
:10EF60005F646174616772616D28293A206970611C
:10EF70006C206661696C7320696E207478000000F3
:10EF80007047D1F7C4BE704780B5F8F790F80020FD
:10EF900080BD40680BF056B840680BF075B880B57E
:10EFA00045F23C11C1F2000148614FF2A110C0F6D8
:10EFB00004000BF073F9002080BD000082B004460D
:10EFC0000068D4E90665D0E90027002101910AB163
:10EFD000204690470DF104086FF0020928460021F1
:10EFE000424633460AF0E0FDB0EB09012046019AA3
:10EFF00018BF1146B847F1E704460068A569D0E993
:10F0000000261AB120460021904700BF28460AF08A
:10F01000FBFD01462046B047F8E7000004460068C3
:10F02000A569D0E900271AB120460021904700BF0A
:10F03000A068294600220AF079FEE16806460846E3
:10F04000294600220AF072FE06B1B047204631463A
:10F05000B847EDE780B582B0002140688DF8071011
:10F060000DF107010BF0F3F99DF8070002B080BD28
:10F0700070B504468068A8B1E06898B10D460121DA
:10F0800016460AF03BFE80B1E068314600220123BB
:10F090000AF0F0FEA068294600220123BDE8704076
:10F0A0000AF0E8BEFE2040B270BDFF20FBE780689A
:10F0B00018B1002201230AF0DDBE6FF00100704795
:10F0C0000A464168104601220AF0BABD04460068AB
:10F0D000A569D0E900261AB120460021904700BF5B
:10F0E000A068294600220AF021FE01462046B047CA
:10F0F000F6E7000004460068A569D0E9002612B1D1
:10F1000020460021904728460BF08EFA0BF0A0FA1B
:10F1100020462946B047F9E7F0B581B0054680683A
:10F12000B8B1E868A8B10E4601211C4617460AF09E
:10F13000E5FD90B1E8683946224600230AF09AFEC0
:10F14000A86831462246002301B0BDE8F0400AF02D
:10F1500091BEFE2040B201B0F0BDFF20FAE780680A
:10F1600010B100230AF086BE6FF0010070470A4616
:10F170004168104600220AF063BDB0B5044600683D
:10F18000D0E9002322B1204600211D4690472B469E
:10F1900023B120460021BDE8B0401847B0BD0000B3
:10F1A0002DE9F04798B051480DF1040C00904FA0A4
:10F1B000061D4ECED0E905508CE84E00CDE9055035
:10F1C000E8F752FA44F62068C0F60608E9464946D0
:10F1D0004246E8F76DFA4BF28871C0F606014846E0
:10F1E0004822D2F7CAFEE8F73FFA49464246E8F716
:10F1F0005FFA45F23C1AC1F2000ADAF80C00F8F79F
:10F2000079FADAF81000F5F771FE3F480DF1040EB7
:10F2100000903DA000F1040C9CE89E10D0E9076529
:10F220008EE81E00D0E9091290F82C000597CDE970
:10F230000912CDE90765CDF818C08DF82C00E8F764
:10F2400013FA49464246E8F733FADAF8140000B1F7
:10F2500080474BF25470C0F6060090E88E00D0E96B
:10F2600004658DE88E0000F12007D0E906C4C36A6A
:10F2700086CF008ECDE904650B93CDE90927CDE952
:10F280000741CDF818C0ADF83000E8F7EDF944F6C5
:10F290002068C0F60608E94649464246E8F708FAFB
:10F2A00025480DF1040E009023A0071D8ECFD0E954
:10F2B000056C8EE88E0000F12407D0E907548ECF4C
:10F2C0000596466B90F83800CDE908410AA9CDE9CA
:10F2D00006C58CC10D968DF83800E8F7C5F949468A
:10F2E0004246E8F7E5F918B0BDE8F0874F53414CC6
:10F2F0003A3A74736B696E69743A206A7573742054
:10F3000073746172746564004F53414C3A3A74737C
:10F310006B696E69743A2063616C6C696E67207505
:10F320007365722D646566696E65642066756E63CB
:10F3300074696F6E000000004F53414C3A3A747389
:10F340006B696E69743A2061626F757420746F2006
:10F3500073746F7020697473656C6620616E6420CD
:10F360007374617274207363686564756C696E6729
:10F370000000000070B586B04FF0FE0698B10D4653
:10F3800089B10446287E00F0030001280AD02869CC
:10F3900040B143F2D401C0F6060120690968F7F7CD
:10F3A000EEFE18B1FF2670B206B070BD95E80E00F3
:10F3B0002869CDE90212297E0493C1F380018DF8FA
:10F3C00014104FF21741C0F60401CDE9001502A94F
:10F3D0006A4600230BF0DCF9297E0646B0FA80F07D
:10F3E000400901F0FC01084428762069F7F7C0FEC7
:10F3F000D9E7B0B54FF0FE0558B10C4649B12069C8
:10F40000002530B10BF03AF9207E256100F0FC00B8
:10F41000207668B2B0BD10B5087F0C46012810D127
:10F42000616A21B1206A496801220AF009FC207E44
:10F43000400748BF10BD20460221BDE81040F2F74A
:10F44000CEBD45F28020C1F2000040682146BDE8F3
:10F450001040F8F74BB910B50C464FF0FE0180B1E3
:10F460007CB1206908B1FF210BE00BF041F9217E4E
:10F47000206101F0FC0121760021002808BF4FF037
:10F48000FF3148B210BD70B54FF0FE06C8B10D4651
:10F49000B9B143F2D401C0F6060104460069096817
:10F4A000F7F76DFE08B1FF260BE028690021002662
:10F4B0000BF0BAF928460021F2F791FD2069F7F721
:10F4C00057FE70B270BDB0B571B145F28025C1F282
:10F4D00000050C46286843F2D401C0F60601006915
:10F4E0000968F7F74CFE00B1B0BD43F2D800C0F692
:10F4F0000600016804F11C00E5F79CFA207E400735
:10F5000003D420460221F2F76AFD28680069BDE8AD
:10F51000B040F7F72DBE000070B5FE284FF6FF7C17
:10F5200004D144F6F400C1F2000010E044F62814BF
:10F53000C1F200042478A04230D244F62414C1F26F
:10F540000004246854B300EB400004EB001043F2C5
:10F55000A064C0F60604645CA2421FD250F821E009
:10F56000BEF1000F1AD01EF80200834216D243F2F9
:10F57000A460C0F6060050F821C0002152B1104628
:10F58000644600BF1EF8015B34F8026B013806FBCD
:10F590000511F7D13CF8120000FB031C1FFA8CF098
:10F5A00070BD10B504460020B0EB946F18BF10BDBD
:10F5B000200EF8F762FE43F2A061C0F606010A5C75
:10F5C000C4F307418A4214D943F2B462C0F606027A
:10F5D00052F82020535CE2B293420AD943F280638E
:10F5E000C0F6060353F8200050F8210050F822001E
:10F5F00010BD002010BD70477047002070474FF0CD
:10F60000FF3070474FF0FF3070474FF0FF307047CA
:10F610004FF0FF3070474FF0FF3070474FF0FF3032
:10F62000704780B590F808C0D0F804E0CCF34303ED
:10F630000B6000238B8008238B71007A02F07F021D
:10F6400000F0E0002038B0FA80F0400942EAC01033
:10F6500008729EED000A9EED011A9EED022ABDEE93
:10F66000C00A10EE100ABDEEC10AA1F8090010EEA2
:10F67000100ABDEEC20A9EF82420A1F80B0010EE7D
:10F68000100AA1F80D00CA7380BD80B590F808C0BB
:10F69000D0F804E0CCF343030B6000238B800823F5
:10F6A0008B71007A02F07F0200F0E0002038B0FA9F
:10F6B00080F0400942EAC01008729EED061A9EEDE5
:10F6C000052A9EED040ABDEEC11A11EE100ABDEE28
:10F6D000C21AA1F8090011EE100ABDEEC00AA1F885
:10F6E0000B0010EE100AA1F80D0080BD80B590F857
:10F6F00008C0D0F804E0CCF343030B6000238B80F8
:10F7000007238B71007A02F07F0200F0E0002038BE
:10F71000B0FA80F0400942EAC01008729EED061A65
:10F720009EED052A9EED040ABDEEC11A11EE100AE7
:10F73000BDEEC21AA1F8090011EE100ABDEEC00A12
:10F74000A1F80B0010EE100AA1F80D0080BD00001A
:10F7500010B5044609F070FF09F02CFF44F6B05CC8
:10F760000021C1F2000C0022207000BF0CEB01044C
:10F7700094F840301031834208BF04F14102B1F5E2
:10F78000807FF3D145F6F63145F6F033C0F6060139
:10F79000C0F60603022808BF0B4645F6CD31C0F679
:10F7A0000601012818BF1946002A18BF114608464D
:10F7B00010BDB0B50446E8F70BFCE8F703FC0546BE
:10F7C0000220287000206C70C5E90100E8F700FCF9
:10F7D0002946BDE8B040E8F745BCB0B50446E8F7B7
:10F7E000F7FBE8F7EFFB05460420287000206C705B
:10F7F000C5E90100E8F7ECFB2946BDE8B040E8F7B1
:10F8000031BC4A68531C08D0436809688B4208D150
:10F81000C068904205D1002004E040680968884231
:10F82000F9D0FF2040B270470121D1F749BED1F78E
:10F830008DBED1F79DBE0000FEE70000F0B589B097
:10F840000446D0E901070D46F8F759F86078002121
:10F850000128079106911AD0032847D133A0405DB3
:10F8600007978DF81900E6F7F4FC626806AE31469A
:10F87000E6F7ABFE2EA0405D07978DF81900E6F77E
:10F88000E8FC62683146E6F7A0FE2AA024E0E5F72E
:10F89000DAFCE5F7EAFCF2F7BAFB6168EDF7FAFF8C
:10F8A00030B3032101801EA0405D00278DF81900B0
:10F8B0000797E6F7CEFC626806AE3146E6F785FEAE
:10F8C00018A0405D07978DF81900E6F7C2FC626842
:10F8D0003146E6F77AFE14A0405D07978DF81900CF
:10F8E000E6F7B7FC62683146E6F76FFE09B0F0BD97
:10F8F000002500202921ADF80C50F5F7E5FA02901B
:10F90000E0686168ADF80E50CDE90410E7F7ACFE91
:10F9100002AF0421002200230097E7F782FEE5E70B
:10F92000534F0000555100005E600000524E000031
:10F93000545000005D5F000070B50C460546E8F7C6
:10F9400047FBE8F73FFB0646032030700020747049
:10F95000C6E90150E8F73CFB3146BDE87040E8F7E6
:10F9600081BB0000FEE72DE9F04F87B004468A46D0
:10F9700001F0010021781E239346227A03EAD10187
:10F980000844202101EA92014518E6F73CFA29468D
:10F99000012200230026E6F774F9FF2800F08F808B
:10F9A0000746012000213A4606230026F7F7ACFF60
:10F9B0008146E5F748FCE5F758FCF2F728FB494695
:10F9C0008046EDF767FFF8B10546FE204946FAF795
:10F9D000B3FBBBF15A0F824650D0BBF1580F6DD12B
:10F9E000B4F90960B4F90B40EBF763F939463246D4
:10F9F000EBF7D8F88AED000AEBF75BF939462246B7
:10FA0000EBF77EF8042042E000202C21ADF80C60DA
:10FA1000F5F75AFA0290ADF80E60CDE90496E7F7D3
:10FA200023FE02AD0421002200230095E7F7F9FD33
:10FA300000201B21F5F748FA02902068A1796FF3A6
:10FA40001F3040EA0130ADF80E002046E6F7B7FF60
:10FA500005912178049008098DF80D000220BAF173
:10FA6000000F08BF01208DF80C00E7F7FDFD022113
:10FA7000002200230095E7F7D4FD20E0B4F9094007
:10FA8000EBF717F939462246EBF704F90820504402
:10FA900080ED000A687829780130C2B2914268701E
:10FAA0000AD14046494600220026EEF706F8F5F74F
:10FAB000D2FAF5F7DDFC02E0002600E0FF2670B286
:10FAC00007B0BDE8F08F00002DE9F04786B004468E
:10FAD0000D4601F0010021781E231746227A03EA21
:10FAE000D1010844202101EA92014618E6F78BF97A
:10FAF0003146012200230026E6F7C3F8FF2800F074
:10FB000095800246A7F14F00042306284FF0FF0618
:10FB100005D8DFE800F00A8B0A8B098B0900602FFB
:10FB200003D05E2F40F082800223012000214FF09D
:10FB3000000AF7F7E9FE8146E5F785FBE5F795FB57
:10FB4000F2F765FA49468046EDF7A4FEA8B30646EB
:10FB5000FE204946FAF7F0FA532F01D04F2F69D112
:10FB6000B4F90910B4F90B2000EE101A01EE102AB6
:10FB7000B8EEC00AB8EEC11A80ED000A80ED011A95
:10FB800004F10D010822B1F90010104400EE101A22
:10FB9000B8EEC00A80ED000A707831780130C2B248
:10FBA0009142707041D1404649460022EDF785FFF1
:10FBB000F5F751FAF5F75CFC37E000202C21ADF8A1
:10FBC0000CA0F5F781F90290ADF80EA0CDE9049AEA
:10FBD000E7F74AFD02AE0421002200230096E7F772
:10FBE00020FD00201B21F5F76FF902902068A17914
:10FBF0006FF31F3040EA0130ADF80E002046E6F703
:10FC0000DEFE05912178049008098DF80D00022090
:10FC1000002D08BF01208DF80C00E7F725FD02211B
:10FC2000002200230096E7F7FCFC002670B206B025
:10FC3000BDE8F087B4F9091007F0FB0200EE101AD6
:10FC4000512AB8EEC00A0DD1B4F90B1080ED060AA6
:10FC500000EE101AB8EEC00A80ED050A04F10D019D
:10FC6000102290E704F10B01202280ED070A8AE7B9
:10FC70002DE9F04F87B004468A4601F00100217853
:10FC80001E239046227A03EAD1010844202101EA8A
:10FC900092014518E6F7B7F829460122002300260D
:10FCA000E5F7EFFFFF2800F08180074601200021E3
:10FCB0003A4605230026F7F727FE8346E5F7C3FA01
:10FCC000E5F7D3FAF2F7A3F959468146EDF7E2FDDD
:10FCD00078B30546FE205946FAF72EFAD4F80940C3
:10FCE0008246EAF7E6FF39462246EAF799FDB8F17F
:10FCF000410F514604D0B8F1430F56D10AF1040127
:10FD00000860687829780130C2B2914268704AD19F
:10FD1000DAE9001000228842B8BFCAE9000148466B
:10FD200059460026EDF7C9FEF5F795F9F5F7A0FB62
:10FD30003CE000202C21ADF80C60F5F7C5F80290EE
:10FD4000ADF80E60CDE904B6E7F78EFC02AD0421F4
:10FD5000002200230095E7F764FC00201B21F5F743
:10FD6000B3F802902068A1796FF31F3040EA0130A8
:10FD7000ADF80E002046E6F722FE059121780490AA
:10FD800008098DF80D000220BAF1000F08BF01200C
:10FD90008DF80C00E7F768FC022100220023009593
:10FDA000E7F73FFC02E0002600E0FF2670B207B054
:10FDB000BDE8F08FB0B545F2D825C1F2000529782D
:10FDC000044651B945F2F83045F2D821C0F6060094
:10FDD000C1F20001502200F0D3F901202870D5E9CA
:10FDE00010232046BDE8B040E4F715BBB0B545F29E
:10FDF0003844C1F200044FF481604FF6FF7144F6BD
:10FE0000403304F1100C4FF0FF32C0F24C038CE889
:10FE10000B0004F128004FF44071C4E9072262622C
:10FE2000D2F74CF945F20845C0F6060520462946AA
:10FE300000F0FCF8002305F1180021464FF44A7247
:10FE40002370BDE8B04000F0CAB9B0B5069C0246C8
:10FE50000220022100230025FAF7D0F940B10498CE
:10FE600040F22F71C0F2020101600120042500E080
:10FE700000202580B0BD2DE9F04182B006460F4636
:10FE8000DDF8288002200221324600230025FAF7FF
:10FE9000B5F9C0B1089C7F2E18D1B87809990138FE
:10FEA000B0FA80F045F2D1224009C1F20002652982
:10FEB000107013D320467F2164226424FBF734F9A9
:10FEC000A8F8004033E0A8F8005031E045F2D12016
:10FED000C1F200000125FF2E057029D10E20A8F8DF
:10FEE0000000FF20207040F20220C0F602000178DE
:10FEF0006170407801A9A0700A20E0700020E4F74A
:10FF0000BFFA0198C17B2171C1896171C168090A79
:10FF1000A171C168E1714179217201796172C17881
:10FF2000A1728178E17241782173007860730125B4
:10FF3000284602B0BDE8F081F0B581B00C46089EBD
:10FF400002460220022100230025FAF757F920B3C8
:10FF5000079F45F2D120C1F20000692F05701CD324
:10FF6000069D792128466822FBF7DEF8A1786420F7
:10FF70000129308085F8641013D1A7F1680105F1DB
:10FF8000650089B208A209A3D1F7F4FBE9783288A9
:10FF90000144E9701518012000E00020358001B00F
:10FFA000F0BD0120FBE700BF257300004D4F524517
:10FFB000494E464F2D4150500D0A00000299002233
:10FFC00000200A807047B0B5069C0246022002213C
:10FFD00000230025FAF712F908B1E4F7AFFA002080
:10FFE0002580B0BDB0B586B00C4605460420012181
:10FFF000F4F76AFF029000208DF80C008DF80D5088
:020000040805ED
:10000000ADF80E00CDE90400E7F72EFB02AD0221AA
:10001000224600230095E7F704FB06B0B0BD09882F
:100020000089401AB0FA80F0400970470022C0E908
:100030000022D1E90012C0E902127047B0B582B0C7
:100040004FF6C074C2F20104218941F20402891AF8
:1000500018BF012118B911B9A07A032815D0FF20C3
:100060008DF8070001200021002504F01DF98DF80E
:1000700007004BF2DD7041F20401C0F21620C0F21D
:100080000301C4E90055C4E90210002002B0B0BD6C
:100090004FF6C0720146C2F2010200204BF2DD7C35
:1000A00041F20403C0F2162CC0F20303C2E90000BF
:1000B0000120C2E9023C10740020517470474FF6D1
:1000C000C0714BF2DD7041F20403C2F20101C0F2D3
:1000D0001620C0F203030022C1E902300020C1E96A
:1000E00000228A74CA74C1E90522CA61C1F81F20BE
:1000F000704780B54FF6C07CC2F2010CBCF808E036
:1001000041F204039E454FF0FF0E14D19CF80A30D3
:10011000032B10D19CF81230012B0CD19CF813301A
:100120009A4288BF9CF813200A700CF11401D1F791
:100130009DFE4FF0000E4FFA8EF080BD80B54FF659
:10014000C073C2F2010300224BF2DD7CC3E900223E
:1001500041F20402C0F2162CC0F20302C3E9022CE1
:1001600001229A740F2928BF0F21D974DA7C014625
:1001700003F11400D1F77AFE002080BD0020704703
:1001800080B582B04FF6C07EC2F2010E8C46BEF83A
:10019000081041F20403CB1A18BF01234FF0FF01EE
:1001A000D0B1CBB99EF80A30032B15D10168B2EB60
:1001B000910F03D801F00301022901D2FF210BE0C6
:1001C00009D0FF218DF8071041680120634604F033
:1001D000B7F88DF80700002148B202B080BD80B5A5
:1001E00082B04FF6C07EC2F2010E8C46BEF80810F7
:1001F00041F20403CB1A18BF01234FF0FF01D0B125
:10020000CBB99EF80A30032B15D10168B2EB910FE0
:1002100003D801F00301022901D2FF210BE009D02C
:10022000FF218DF8071041680120634604F0CEF8E5
:100230008DF80700002148B202B080BD80B505F0FE
:10024000D3FF05F0E5FF4FF0FF3080BDB0B545F2BC
:10025000D824C1F200042178054651B945F2F8309E
:1002600045F2D821C0F60600C1F200015022FFF786
:1002700087FF0120207004F1100045F2B83128609A
:10028000C0F606012046FFF7CAFEA17A80F0010001
:1002900081F003010843C0B2002818BF4FF0FF30BF
:1002A000B0BDB0B545F2D824C1F2000421780546AE
:1002B00051B945F2F83045F2D821C0F60600C1F236
:1002C00000015022FFF75CFF0121204600F8101BBF
:1002D00029464022D1F77FFD98B3D5E900CED5E974
:1002E0000223D5E90410C4E90623C4E90810C4E9CF
:1002F00004CED5E906CED5E90823D5E90A10C4E92C
:100300000C23C4E90E10C4E90ACEEA6B05F13003F0
:100310000BCBE26404F140020BC245F2B831C0F6E7
:1003200006012046FFF782FE0020207045F2F830DB
:10033000C0F6060021465022FFF751FF012000F0D1
:1003400002F80020B0BD70B545F22834C1F20004B7
:100350002178054659B945F2004045F22831C0F6EA
:100360000600C1F200014FF48872FFF709FF012077
:10037000207004F11000FFF71DFD0026012D2662FC
:10038000666205D004F12800E821FF22D1F76CFE57
:1003900045F2B831C0F606012046FFF747FE45F2A8
:1003A0000040C0F6060021464FF488722670FFF721
:1003B00016FF002070BDB0B545F22834C1F200042C
:1003C0002178054659B945F2004045F22831C0F67A
:1003D0000600C1F200014FF48872FFF7D1FE012040
:1003E000207004F1100045F2B8312860C0F6060113
:1003F0002046FFF714FEA17A80F0010081F003018E
:100400000843C0B2002818BF4FF0FF30B0BD70B530
:1004100045F22834C1F2000422780D4606465AB946
:1004200045F2004045F22831C0F60600C1F2000155
:100430004FF48872FFF7A4FE0120072E207019D216
:1004400041F69430C0F6060050F8260045F2B83167
:100450002860C0F606012046FFF7E1FDA17A80F092
:10046000010081F003010843C0B2002818BF4FF01B
:10047000FF3002E000202860FF2040B270BDB0B520
:10048000FFF77CFE013000F0898000200025FFF797
:10049000D5FD45F2D824C1F2000420465021D1F701
:1004A0000DFE2570207850B945F2F83045F2D8217C
:1004B000C0F60600C1F200015022FFF761FE0120E4
:1004C00045F2B8312070C0F606012046FFF7A7FDBF
:1004D000012802D1A07A032834D045F27830C0F642
:1004E0000600D0E90012216181686261C268A161E1
:1004F0000169E2614269216281696262C269A16245
:10050000016AE262426A2163816A6263C26AA1632C
:10051000016BE263426BC4E91012D0E90E10C4E92A
:10052000121045F2B831C0F606012046FFF77EFDF5
:100530000020207045F2F830C0F606002146502217
:10054000FFF74DFE45F22834C1F2000420464FF477
:100550008871D1F7B3FD00202070207858B945F29A
:10056000004045F22831C0F60600C1F200014FF408
:100570008872FFF705FE012045F2B8312070C0F601
:1005800006012046FFF74BFD012802D1A07A03287F
:1005900002D00120FFF7D7FE002000E0FF2040B28C
:1005A000B0BDB0B5FFF7EAFD01302ED00020002528
:1005B000FFF744FD45F23844C1F2000420464FF4F1
:1005C0004A71D1F77BFD2570207860B945F208406B
:1005D000C0F6060045F238411830C1F200014FF470
:1005E0004A72FFF7CDFD012045F208412070C0F6A8
:1005F00006012046FFF713FD012802D1A07A032847
:1006000001D0FFF7F3FB002000E0FF2040B2B0BDB7
:1006100070B582B045F23846C1F2000632780C4619
:10062000054662B945F20840C0F6060045F2384179
:100630001830C1F200014FF44A72FFF7A1FD01200A
:1006400030700196072D4FF0FF064DD8002C4BD08F
:1006500094F90100854247D12078022844D10198BD
:10066000D4E900C200EB8510D4E90236D4E90415C0
:10067000C0E90C36C0E90E15C0E90AC2D4E906C2C9
:10068000D4E90836D4E90A15C0E91236C0E91415D0
:10069000C0E910C2E36B04F1300646CE4366583021
:1006A00046C001984FF0FF330246002142F81C3F3C
:1006B000036200F128030026817400BF13F8405B39
:1006C0001DB1CDB20131565581740136082EF5D1D8
:1006D00045F208400199C0F60600002618304FF494
:1006E0004A720E70FFF77BFD70B202B070BD70B53C
:1006F00082B045F23846C1F2000632780C46054613
:1007000062B945F20840C0F6060045F2384118309B
:10071000C1F200014FF44A72FFF732FD0120307040
:10072000019601981C3028600198817C002021707E
:1007300002B070BDB0B582B045F23845C1F20005D7
:100740002978044661B945F20840C0F6060045F232
:1007500038411830C1F200014FF44A72FFF710FD22
:100760000120287001950198007D20700198017D7D
:100770000020FF2908BF4FF0FF3002B0B0BD0000DD
:1007800070B582B045F23846C1F2000632780C46A8
:10079000054662B945F20840C0F6060045F2384108
:1007A0001830C1F200014FF44A72FFF7E9FC012052
:1007B000307001960199072D08D8887C30B11C3122
:1007C00011F8012BAA4205D00138F9D1FF2040B21F
:1007D00002B070BD019800EB851028302060002029
:1007E000F5E7000070B582B045F23846C1F2000668
:1007F00032780C46054662B945F20840C0F606005C
:1008000045F238411830C1F200014FF44A72FFF747
:10081000B7FC0120307001960199072D41D8887CE2
:1008200000283ED01C3100BF11F8012BAA4202D093
:100830000138F9D135E0A4B36078854231D1207810
:1008400002282ED10198D4E900C200EB8510D4E92A
:100850000236D4E90415C0E90C36C0E90E15C0E92A
:100860000AC2D4E906C2D4E90836D4E90A15C0E9B7
:100870001236C0E91415C0E910C2E36B04F130066A
:1008800046CE4366583046C045F208400199C0F64E
:100890000600002418304FF44A720C70FFF79FFCDA
:1008A00000E0FF2460B202B070BDB0B582B045F286
:1008B0003845C1F200052978044661B945F208407F
:1008C000C0F6060045F238411830C1F200014FF47D
:1008D0004A72FFF755FC0120287001950198407D70
:1008E00020700198417D0020FF2908BF4FF0FF30A4
:1008F00002B0B0BD70B582B045F23846C1F2000614
:1009000032780C46054662B945F20840C0F606004A
:1009100045F238411830C1F200014FF44A72FFF736
:100920002FFC0120307001960199072D08D8887C92
:1009300030B11C3111F8012BAA4208D00138F9D18D
:1009400028462146FFF764FE002002B070BD0198E2
:10095000214600EB851028304022D1F73CFA0028D0
:10096000F2D028462146FFF73DFFEDE7F6F7BABE85
:10097000F6F7B8BEF6F7B6BEF6F7B4BEF6F7B2BEF7
:10098000F6F7B0BEF6F7AEBEF6F7ACBE017809B129
:10099000002070474178012903D08A0705D402223C
:1009A0004270481E18BF0120704780B54BF2BF60EF
:1009B000C0F6060000F004F8012101704170704794
:1009C000D2F738F85FEA400C08BF91F0000F4FEA09
:1009D0008C234FEAC12243EA51514FEA1C5018BF01
:1009E00000F5F0404FEA300018BF41F000415FEAE7
:1009F0006C5C00F02980BCF1FF3F08BF40F08040F4
:100A00007047130C06BF12044FF0100C4FF0000C8F
:100A1000130E04BF12020CF1080C130F04BF1201D5
:100A20000CF1040C930F04BF92000CF1020CD30FD5
:100A300004BF52000CF1010C11464FF00002A0F16E
:100A40001F00A0EB0C00704711F0004F08BF70476B
:100A500031F000413FF4D5AF0B0C06BF09044FF055
:100A6000100C4FF0000C0B0E04BF09020CF1080C27
:100A70000B0F04BF09010CF1040C8B0F04BF89009C
:100A80000CF1020CCB0F04BF49000CF1010CCCF1AE
:100A9000200322FA03F341EA030102FA0CF2A0EB6D
:100AA0000C0000F10100704723F07F4720F07F4CDD
:100AB00080EA030000F00040ACEB070303F57C5331
:100AC00003F1FF032DE9804909B44FEA144324EAF6
:100AD00003484FEA154B25EA0B4E0FF2042606EBAE
:100AE00013273E7803FB0667C7F5000707FB06F6EA
:100AF0004FEAD64606F102064FEA543707FB066C6A
:100B0000CCF1005C4FEA1C472CEA074C0CFB06F5C5
:100B100007FB06F404EB15464FEA961649085FEA10
:100B2000320234BF00204FF000404FEAD13706FBBD
:100B300007FC4FEA1C4C0CFB0BF7D21B03FB0CF71A
:100B400061EB07010CFB0EF7B0EB074072EB1742AD
:100B50000CFB08F734BFA2EB0742B2EB074261EB94
:100B600017414FEA0C444FEA910706FB07FC4FEA96
:100B70001C4C0CFB0BF7B0EBC74072EB573203FB7E
:100B80000CF734BFA2EBC742B2EBC74261EB57315F
:100B90000CFB0EF7B0EBC70072EB57720CFB08F7BB
:100BA00034BFA2EBC702B2EBC70261EB57714FEA49
:100BB000816141EA92114FEA826242EA90124FEA61
:100BC000806004EBCC04039F4FEAD13706FB07FC9F
:100BD0004FEA1C4C0CFB0BF7D21B03FB0CF761EB31
:100BE00007010CFB0EF7B0EB074072EB17420CFB52
:100BF00008F734BFA2EB0742B2EB074261EB1741A3
:100C00004FEA8C5504EB9C244FEA910706FB07FC46
:100C10004FEA1C4C0CFB0BF7B0EBC74072EB5732A2
:100C200003FB0CF734BFA2EBC742B2EBC74261EB48
:100C300057310CFB0EF7B0EBC70072EB57720CFB91
:100C400008F734BFA2EBC702B2EBC70261EB5771E2
:100C50004FEA816141EA92114FEA826242EA9012C0
:100C60004FEA806015EB4C2544F100044FEAD13780
:100C700006FB07FC4FEA1C4C0CFB0BF7D21B03FBDB
:100C80000CF761EB07010CFB0EF7B0EB074072EBC2
:100C900017420CFB08F734BFA2EB0742B2EB074246
:100CA00061EB17414FEA813141EA92414FEA8232CA
:100CB00042EA90424FEA80304FEA0C7615EB1C1561
:100CC00044F1000448EA03434EEA0B484FF0000E9B
:100CD000B2EB080C71EB030724BF624639464EEBBA
:100CE0000E0E4FF0000B0018524149414BEB0B0B1D
:100CF000B2EB080C71EB03077BF1000B24BF6246DB
:100D000039464EEB0E0E4FF0000B00185241494190
:100D10004BEB0B0BB2EB080C71EB03077BF1000BF9
:100D200024BF624639464EEB0E0E51EA020718BF49
:100D300046F0010616EB0E7655F1000254F1000163
:100D400003D5BDE88901BDE80088BDE88901BDE89B
:100D50000048B619524141EB0101A3F1010370476C
:100D600080807F7E7D7C7B7A7978777676757473E8
:100D7000727171706F6E6E6D6C6C6B6A6A696868A7
:100D8000676666656464636362616160605F5F5E3D
:100D90005E5D5D5C5C5B5B5A5A59595858575756B3
:100DA0005655555554545353525252515150505018
:100DB0004F4F4F4E4E4D4D4D4C4C4C4B4B4B4A4A6A
:100DC0004A494949484848474747474646464545AE
:100DD00045444444444343434342424242414141E7
:100DE0009C46002B30D477002BD04FEA37071CB538
:100DF00003B44FF010004FF01001BAF1000F06D00D
:100E0000BCF1000FDCBF40F0080040F008014FF0DB
:100E100000000FBCBDE810400BF1010BBBF1010F4E
:100E200008BF5FEA170722BF12F1010211F10101A9
:100E30004FF0004143F1000300F0004043EA00009E
:100E40007047F9D35708D0E746EA06464FEA1646F8
:100E500013F1400F1FDD13F1200FDFBF16430A46C9
:100E6000002120335B42BED0C3F1200746EA06468C
:100E70004FEA164602FA07F746EA070622FA03F295
:100E8000C3F1200701FA07F742EA070221FA03F14A
:100E90004FF00003A7E746EA020646EA06464FEA95
:100EA000164646EA0106BCBF46EA0646360C4FF037
:100EB00000034FF000024FF0000194E72DE9804C51
:100EC00070B49A46934691E8380007C831EA400C5E
:100ED00048BF34EA430C03D5FFF7E6FDFFF780FF78
:100EE000F0BCBDE8008C2DE9804C70B49A46934666
:100EF00091E8380007C810F0804F08BF13F0804F0A
:100F000003D100F005F8FFF76BFFF0BCBDE8008CE3
:100F100020F07F4723F07F4C80EA030000F0004080
:100F200007EB0C03A3F57C53A3F1FE0392F0000F33
:100F300000F0B38095F0000F00F077802DE90149B3
:100F40004FEA114021EA00484FEA144624EA0647D6
:100F500000FB06FC08FB06F607FB08F818EB064842
:100F60004CEB164C00FB07F718EB07484CEB17400F
:100F70004FEA124B22EA0B4E4FEA154625EA064786
:100F80000BFB06FC0EFB06F607FB0EFE1EEB064EE9
:100F90004CEB164C0BFB07F71EEB074E4CEB174BBD
:100FA00018EB0B0840F1000018EB0E0B58EB000893
:100FB00040F100008F1A4FF000014FF000063CBFD7
:100FC000C943661B14BFB5EB040C00213CBFC943E9
:100FD000F61B4FEA174427EA04454FEA1C472CEA60
:100FE000074C04FB076205FB07F70CFB05F616EB45
:100FF000074642EB174204FB0CFC16EB0C4642EB97
:101000001C421BEB060658EB020241414EEA8E0ED3
:1010100046EA9E0601D5BDE80189B619524141EB69
:101020000101A3F10103BDE801894FEA144524EA57
:1010300005464FEA114721EA074C05FB07F406FB7A
:1010400007F70CFB06F111EB074144EB174405FBD6
:101050000CFC11EB0C4144EB1C444FEA124722EA12
:10106000074C05FB07F206FB07F70CFB06F616EB31
:10107000074642EB174205FB0CFC16EB0C4642EB15
:101080001C456A1854F1000148BF7047B619524117
:1010900041EB0101A3F10103704795F0000F37D038
:1010A0004FEA114221EA02464FEA144724EA074C6C
:1010B00002FB07F106FB07F70CFB06F414EB0744F1
:1010C00041EB174102FB0CFC14EB0C4441EB1C41BF
:1010D0004FEA154725EA074C02FB07F506FB07F721
:1010E0000CFB06F616EB074645EB174502FB0CFC1E
:1010F00016EB0C4645EB1C42121951F1000148BF9A
:101100007047B619524141EB0101A3F10103704749
:101110004FEA144524EA05464FEA114721EA074CF5
:1011200005FB07F106FB07F70CFB06F212EB074283
:1011300041EB174105FB0CFC12EB0C4251EB1C413F
:101140004FF0000648BF7047921841EB0101A3F130
:10115000010370470000000080B5DBF77BFF00B1A2
:1011600080BDE3F7B1F8FFF7F7BF80B5DCF724F8EF
:1011700000B180BDE3F7A8F8FFF7F7BFC9430160EE
:101180007047002904D0816841F0010181607047F7
:10119000816821F00101816070470000084A1168F0
:1011A000084B1940D0F804C0036843EA0C03D0F898
:1011B00008C0C0684CEA000018430843106070473C
:1011C00004230140E030FCFF002904D0816841F491
:1011D000807181607047816821F4807181607047FF
:1011E000002904D0816841F40071816070478168F2
:1011F00021F4007181607047002904D0816841F4B6
:10120000806181607047816821F4806181607047EE
:101210000246002012680A4200D00120704781B0C7
:10122000009000980844283000900098006880B230
:1012300001B07047F0B587B0002402940394049481
:101240000594009401940BF0AFFC00287AD04C4E2A
:1012500030684C4D10F0040F6FF004073DD037603C
:101260004949486B0290029808B9886B0290C86B94
:101270000390039808B9086C03900298002812DDC7
:101280001C213046FFF7CBFF6968B1F91820801A9E
:101290004210BDF9000002EB6000ADF80000BDF89F
:1012A0000000088201E0686804820398002812DDCB
:1012B00018213046FFF7B3FF6968B1F91A20801A88
:1012C000BDF90220401000EB6200ADF80200BDF84D
:1012D0000200488201E068684482D6F8000110F0FC
:1012E000040F01D0C6F80071D6F8000210F0040F08
:1012F00040D0C6F80072254800680490049810B9E0
:10130000234800680490234800680590059810B9A8
:101310002148006805900498204E002813DD1C2108
:101320003046FFF77CFF6968B1F91C20801ABDF9CF
:101330000420401000EB6200ADF80400BDF804008A
:10134000888202E016E0686884820598002813DD30
:1013500018213046FFF763FF6968B1F91E20801A33
:10136000BDF90620401000EB6200ADF80600BDF8A4
:101370000600C88207B0F0BD6868C48207B0F0BD3F
:10138000002001400403001000000140340401402B
:10139000380401403C040140400401400022014067
:1013A00010B4426822F4807222F0407291F804C0B6
:1013B0000B6842EA0C221A43426082680D4B1A40C5
:1013C000D1F80CC00B694C7943EA0C03D1F808C082
:1013D0004CEA440C43EA0C031A438260C26A22F4CA
:1013E0007002097D491EC9B242EA0151C16210BCB6
:1013F00070470000FDF7FFC030B4072509290CD95C
:10140000C468A1F10A0C0CEB4C0C05FA0CF5AC43CA
:1014100003FA0CF32343C36009E0046901EB410CB8
:1014200005FA0CF5AC4303FA0CF3234303614FF0C8
:101430001F0C072A0CD2436B521E02EB82020CFADD
:1014400002FC23EA0C0391401943416330BC70470E
:101450000D2A0CD2036BD21F02EB82020CFA02FCA3
:1014600023EA0C0391401943016330BC7047C36AFF
:101470000D3A02EB82020CFA02FC23EA0C039140C3
:101480001943C16230BC7047816841F0804181607E
:10149000704700000849002806D0D1F8040340F442
:1014A0000000C1F804037047D1F8040320F40000E1
:1014B000C1F80403704700000020014000200CF038
:1014C000ABBA00200CF06CBA00200CF053BB01202A
:1014D0000CF0A2BA01200CF063BA01200CF04ABB58
:1014E00010B4102304224FF0080CB1F5007F3FD058
:1014F00013DC202931D008DC012926D0042928D08A
:10150000082900D1C36010BC7047402929D0B1F52B
:10151000807FF8D1426010BC70470024B1F5004FC5
:101520002CD009DCB1F5806F25D0B1F5006FF2D178
:101530008461426010BC7047B1F5803F14D0B1F5B2
:10154000003FF7D1436010BC70470E49816010BC6A
:101550007047C0F80CC010BC7047C0F810C010BC79
:101560007047036110BC7047C0F804C010BC7047DE
:10157000426010BC7047426010BC7047846142609A
:1015800010BC70470101010010B5A0F18041B1F518
:10159000C8410AD00121880600F090FEBDE8104045
:1015A00000214FF0806000F089BE0121480600F064
:1015B00085FEBDE8104000214FF0007000F07EBEB7
:1015C00030B4827A01219140364B1A6842F0010210
:1015D0001A60DFF8D4C0DCF800208A43CCF8002081
:1015E000047B324A002C1AD114688C43146044885E
:1015F000C58844EA0544857AED0005F1804505F586
:10160000C045C5F840460588848845EA0445847A83
:10161000E40004F1804404F5C044C4F84456047B5B
:10162000012C1AD114680C4314604288048842EAE1
:101630000442847AE40004F1804404F5C044C4F810
:101640004026C288848842EA0442847AE40004F195
:10165000804404F5C044C4F84426C47A144A34B122
:1016600014680C4314600489124A24B106E014681B
:101670008C431460F7E714688C4314600489012CD0
:1016800002D114680C431460407B012804D1DCF8BB
:1016900000000843CCF80000186820F00100186032
:1016A00030BC7047006600401C6600400C6600407D
:1016B0000466004014660040002A03D042691143CA
:1016C00041617047426922EA01014161704700228D
:1016D000036823F002030360036843F0010303601F
:1016E0004FF6FF7300E0521CD0F804C01CF0010F4D
:1016F00001D19A42F7D1426812F0010F41D08A79A4
:10170000012A40D0026822F080020260CA79012AD0
:101710003ED0026822F0400202600A7A012A3CD0E0
:10172000026822F0200202604A7A012A3AD0026856
:1017300022F0100202608A7A012A38D0026822F070
:1017400008020260CA7A012A36D0026822F0040236
:1017500002608A7891F803C0920742EA0C6291F81D
:1017600004C042EA0C4291F805C0098842EA0C52D2
:10177000491E1143C161016821F00101016000218E
:1017800020E000207047026842F080020260BDE75E
:10179000026842F040020260BFE7026842F02002A5
:1017A0000260C1E7026842F010020260C3E702680B
:1017B00042F008020260C5E7026842F004020260DB
:1017C000C7E7491C426812F0010F01D09942F8D1D5
:1017D000406810F0010F01D00020704701207047D1
:1017E00000EB0113D3F8B0C10CF0040C82F808C070
:1017F000BCF1000F47D0D3F8B0C14FEADC0CC2F8FF
:1018000004C0D3F8B0C10CF0020C82F809C0D3F8C0
:10181000B4C10CF00F0C82F80AC0D3F8B4C14FEA7F
:101820001C2C82F813C0D3F8B8C182F80BC0D3F8CF
:10183000B8C14FEA1C2C82F80CC0D3F8B8C14FEAEB
:101840001C4C82F80DC0D3F8B8C14FEA1C6C82F86A
:101850000EC0D3F8BCC182F80FC0D3F8BCC14FEAA8
:101860001C2C82F810C0D3F8BCC14FEA1C4C82F883
:1018700011C0D3F8BC311B0E937459B1016941F00A
:10188000200101617047D3F8B0C14FEA5C5CC2F837
:1018900000C0B6E7C16841F02001C1607047000098
:1018A00009490A6842F001020A600A6822F4877254
:1018B00022F478520A600A6842EA00200860086848
:1018C00020F001000860704700660040002181712F
:1018D000C171017241728172C1728170C170032144
:1018E00001710221417101210180704710B402464B
:1018F0000020936813F0806F0CD1906810F0006F97
:1019000001D0012006E0906810F0805F01D0022035
:1019100000E0042004284FD002EB0012D2F88031FE
:1019200003F00103C2F880310B7AE3B3D2F880C12F
:101930004C684CEA030391F809C04CEAC40C43EA32
:101940000C03C2F880318B7A03F00F038B72D2F84C
:10195000843123F00F03C2F88431D2F8843191F836
:101960000AC043EA0C03C2F88431CB7A91F80EC066
:101970000C7B43EA0C6391F80DC04FEA0C4C4CEA27
:10198000042C43EA0C03C2F88831CB7B91F812C0D7
:1019900043EA0C6391F811C0097C4FEA0C4C4CEA05
:1019A0000121194300E009E0C2F88C11D2F880113E
:1019B00041F00101C2F8801110BC7047D2F88031AB
:1019C00091F809C043EA0C03B1F800C043EA4C5354
:1019D000C2F88031B7E7000010B40B0EC1F3074C1A
:1019E000154AD35C83EA0C03C1F3072CD35C83EA6A
:1019F0000C0301F0FF0CD35C83EA0C0C040E44EAE8
:101A00000123DBB212F80CC08CEA030C040C44EA8C
:101A10000143DBB212F80CC08CEA03034FEA102C2E
:101A20004CEA0161C9B2D35C5940C0B2515C484034
:101A3000105C10BC704700004411060800B500227D
:101A400000F008F8C04380B2010241EA102080B2E1
:101A500000BD000005E000BF30F8023B891E5BBA04
:101A60001A440129F8DC11B1007802EB002290B28F
:101A700000EB124000EB104080B27047084400EBCE
:101A8000104080B27047002904D0016841F0010184
:101A900001607047016821F001010160704700009A
:101AA0002DE9F003016821F00101016000210160CE
:101AB00041608160C160016121214161444A454921
:101AC0004FF03D08904204D1C1F80880BDE8F00312
:101AD0007047414A4FF47464904203D18C60BDE872
:101AE000F00370473D4A4FF47415904203D18D6066
:101AF000BDE8F00370473A4A4FF07466904203D154
:101B00008E60BDE8F0037047364B374A984203D1E8
:101B1000CA60BDE8F0037047DFF8D0C0344B6045C1
:101B200003D1CB60BDE8F0037047324FDFF8C8C087
:101B3000B84204D1C1F80CC0BDE8F0037047DFF82B
:101B4000BC904FF03D57484503D1CF60BDE8F0034E
:101B50007047DFF8AC902B49484504D1C1F80080AC
:101B6000BDE8F0037047DFF8A080404503D10C606A
:101B7000BDE8F0037047254CA04203D10D60BDE8DD
:101B8000F0037047224CA04203D10E60BDE8F00381
:101B90007047204C2049A04203D10A60BDE8F00301
:101BA00070471E4A904203D10B60BDE8F0037047B6
:101BB0001B4A904204D1C1F800C0BDE8F003704751
:101BC000184A9042F9D10F60BDE8F0037047000059
:101BD0001060024000600240286002404060024005
:101BE00058600240706002403D0000208860024062
:101BF000400F0020A060024000003D20B86002407D
:101C000010640240086402402864024040640240BC
:101C100058640240706402400C64024088640240D0
:101C2000A0640240B864024010B402681C4B1A4021
:101C3000D1F80CC00B688C6943EA0C03D1F814C0CE
:101C40004CEA040C43EA0C03D1F81CC043EA0C0331
:101C5000D1F820C043EA0C03D1F824C043EA0C03B6
:101C6000D1F828C043EA0C03D1F834C043EA0C038E
:101C7000D1F838C043EA0C031A430260426922F0EB
:101C80000702D1F830C0CB6A43EA0C031A43426121
:101C90000A6942604A6882608968C16010BC704706
:101CA0003F801CF02DE9F04F93B04FF0000B002760
:101CB00041484668357C49F21A0AA0F10809706962
:101CC00000EB05100168C1F30D410C1F016811EA1A
:101CD0000A0F01D0012736E001684FF440708843B5
:101CE00001D002272FE040F2EA50844201D90327B5
:101CF00029E044F0004004F0A1FF804644F0004198
:101D0000B8F1000F1ED00820726900EB05101058C2
:101D100020F0030208F10400E31C9C0834B152F8DF
:101D2000043B40F8043B641E002CF8D1D9F8002095
:101D300012B108F104009047404605F059F84FF001
:101D4000010B00E0042771694FF0004001EB051121
:101D500008606FB1022F00D1C4173B4617A2402183
:101D600002A80094CFF706FD02A9F02005F0B2FE0C
:101D7000F07A6D1C854200D100253574706900EB46
:101D80000510006810F0004F99D03574164D686941
:101D9000164C10F0800F06D06C610020A86014A1D2
:101DA000F02005F097FE6C61BBF1000F01D004F04C
:101DB00017FF13B0BDE8F08F200300104554485FB3
:101DC00049525148616E646C657228293A206572E7
:101DD000726F7220256420666F72206672616D6575
:101DE0005B25645D0000000000900240C08001009F
:101DF0004554485F49525148616E646C65722829A8
:101E00003A206572726F72203500000010B54FF4F1
:101E1000005000F037F830B14FF4005000F02CF8CB
:101E200000200BF067F94FF4805000F02BF830B130
:101E30004FF4805000F020F801200BF05BF94FF4D4
:101E4000804000F01FF830B14FF4804000F014F8EB
:101E500002200BF04FF94FF4004000F013F8002877
:101E600008D04FF4004000F007F8BDE81040032010
:101E70000BF040B910BD0000014908607047000038
:101E8000143C014001460020024A12680A4200D078
:101E900001207047143C0140214A83790168002BDE
:101EA00034D0136823EA01011160111D0A68036828
:101EB0009A430A60017901F1804101F59E310A6877
:101EC00003681A430A60174B196802689143196046
:101ED0001A1D1168D0F800C021EA0C011160417987
:101EE000102908D001F1804101F59E310A6800688F
:101EF0001043086070471968D0F800C041EA0C012F
:101F0000196011680068084310607047007900F19B
:101F1000804000F59E30026822EA010101607047AE
:101F2000003C0140083C01402DE9F001002201265F
:101F3000032706FA02FC0B6803EA0C03634538D159
:101F40000568530007FA03F4A54305600D79D0F83E
:101F500000809D4045EA080505600D79012D01D0FE
:101F6000022D17D18568A54385604D79D0F808808A
:101F70009D4045EA08058560456825EA0C0CC0F8D7
:101F800004C0D0F804C08D799540ADB24CEA050C80
:101F9000C0F804C0D0F80CC02CEA040CC0F80CC087
:101FA00091F807C00CFA03F3D0F80CC043EA0C0315
:101FB000C360521C102ABCD3BDE8F00170474B0728
:101FC000DB0E9A40C90800EB8100016A4FF00F0C4C
:101FD0000CFA03F399430162016A114301627047ED
:101FE0000246002012690A4200D0012070470246D2
:101FF000002052690A4200D0012070474183704797
:10200000018370474FF6FF7101600021017141713A
:102010008171C17170474269514041617047002A26
:1020200001D00183704741837047002904D00188A3
:1020300041F4806101807047018821F48061018052
:1020400070470022838A008B0004184320F07F40F1
:1020500031EA000000D1012210467047C943818255
:102060007047002904D0018841F0010101807047C8
:10207000018821F0010101807047002904D0018806
:1020800041F4807101807047018821F480710180E2
:102090007047002904D0018841F400710180704725
:1020A000018821F400710180704782B0024600204F
:1020B00000920A0F019221F07F41019A002A03D079
:1020C000009A1432009203E0090C009A1832009230
:1020D000009A12680A4200D0012002B07047818A3B
:1020E000008B0004084320F07F40704770B584B037
:1020F00004460D46A08820F03F06684600F008F927
:1021000002982A49B0FBF1F189B246EA0102A280A5
:10211000228822F001022280254B2A689A4209D89F
:102120005200B0FBF2F080B2042800D20420491C17
:10213000218425E0EB88A3F53F4CBCF1FF0C0CD0CB
:1021400002EBC20303EB0212B0FBF2F080B240F4E8
:1021500080400205120D06D007E002EB4202B0FB00
:10216000F2F080B2F5E740F0010040F400404FF497
:10217000967251434FF47A72B1FBF2F1491C2184FB
:10218000A083208840F001002080208820F00A00F1
:1021900020F48060A9886A89114308432080A889B7
:1021A00029890843208104B070BD000040420F001F
:1021B000A0860100002A02D041F0010101E001F0F7
:1021C000FE010182704701827047000010B44FF099
:1021D0000F0CC27801240178002A23D0174A126814
:1021E00002F4E062C2F5E062C2F30722C2F1040326
:1021F0002CFA02FC42789A40837803EA0C031A43D3
:10220000120101F1E02181F80024007800F01F01A3
:1022100004FA01F14009800000F1E020C0F800114B
:1022200010BC704701F01F0004FA00F04909890052
:1022300001F1E021C1F8800110BC70470CED00E015
:10224000034940F0FD7040F0806008607047000076
:102250000CED00E021F07F0121F0604108430149CD
:102260000860704708ED00E0054A002903D01168B6
:10227000084310607047116821EA00001060704741
:1022800030380240054A002903D011680843106025
:102290007047116821EA0000106070471038024052
:1022A000054A002903D0116808431060704711687F
:1022B00021EA00001060704740380240054A0029BA
:1022C00003D01168084310607047116821EA0000CC
:1022D0001060704720380240054A002903D0116879
:1022E000084310607047116821EA000010607047D1
:1022F00044380240054A002903D0116808431060A1
:102300007047116821EA00001060704724380240CD
:1023100030B4DFF89CC0DCF8001001F00C01254D52
:10232000002923D0244C042922D0082922D005607A
:10233000DCF8001001F0F0010909204B595C02683B
:1023400022FA01F14160DCF8002002F4E052920A26
:102350009A5C21FA02F28260DCF8002002F460420A
:10236000520B9A5CD140C16030BC70470560DFE71A
:102370000460DDE7124A1168C1F38053116801F06F
:102380003F0133B1B4FBF1F11368C3F38813594330
:1023900005E0B5FBF1F11368C3F3881359431268E4
:1023A000C2F30142521C5200B1FBF2F10160BFE7DF
:1023B000083802400024F40080F0FA0204040010FF
:1023C0000438024000200BF059B801200BF056B839
:1023D00002200BF053B8002904D0018841F04001DD
:1023E00001807047018821F040010180704710B5DD
:1023F000A0F18041B1F5983123D0A0F18041B1F531
:10240000605129D0A0F18041B1F570512FD0A0F1D9
:102410008041B1F59A3135D0A0F18041B1F5A831B4
:102420003BD0A0F18041B1F5AA3141D1012148054D
:10243000FFF760FFBDE8104000214FF40010FFF7E8
:1024400059BF01210803FFF755FFBDE810400021E7
:102450004FF48050FFF74EBF01218803FFF72EFF96
:10246000BDE8104000214FF48040FFF727BF012155
:10247000C803FFF723FFBDE8104000214FF40040E0
:10248000FFF71CBF01214803FFF734FFBDE81040F0
:1024900000214FF40050FFF72DBF01210805FFF781
:1024A00029FFBDE8104000214FF48010FFF722BF44
:1024B00010BD0246002012890A4200D00120704758
:1024C0000909012303FA01F189B2002A03D08288A5
:1024D000114381807047828822EA01018180704720
:1024E000808970478181704710B4028802F441529C
:1024F0000B88B1F802C0CC8843EA0C03B1F804C0E1
:102500004CEA040C43EA0C03B1F808C043EA0C039C
:10251000B1F80AC043EA0C03B1F80CC043EA0C035B
:10252000B1F80EC043EA0C031A430280828B22F4F6
:1025300000628283098A018210BC704701490860E9
:1025400070470000DC0027428A07120F0F239340D8
:1025500021F0030101F1804101F59831D1F808C85B
:102560002CEA0303C1F80838D1F808389040184322
:10257000C1F808087047000082B000220192009262
:102580002949086840F480200860086840F48030D9
:102590000860086800F4003000900198401C019029
:1025A000009818B90198B0F5A04FF2D1086810F45E
:1025B000003F02D00120009000E000920098012826
:1025C00030D11A48026842F080520260184802680E
:1025D00042F440420260174802680260026842F416
:1025E00000420260026842F4A0520260031F124AD5
:1025F0001A600A6842F080720A600A6812F0007F6E
:10260000FBD00E4A40F205711160016821F0030110
:102610000160016841F002010160016801F00C01F4
:102620000829FAD102B07047003802404038024011
:10263000007000400838024032544007003C02401D
:10264000010241EA102080B27047000030B41E4CF5
:10265000206800F00C001D4D1D49002811D0DFF846
:1026600074C004280FD0082810D00D602068C0F373
:1026700003121948805C0A6822FA00F0086030BC36
:1026800070470D60F2E7C1F800C0EFE7134A106829
:10269000C0F38053106800F03F0033B1BCFBF0F092
:1026A0001368C3F38813584305E0B5FBF0F01368D3
:1026B000C3F3881358431268C2F30142521C5200FC
:1026C000B0FBF2F00860D1E7083802400024F400C3
:1026D000B002001080F0FA02C01006080438024070
:1026E00010B51348016841F4700101601148016898
:1026F00041F001010160104A00211160026822F4DA
:10270000102222F080720260031D0C4A1A600268D7
:1027100022F4802202600A48016005F009FAFFF7FE
:102720002BFF08494FF000600860FFF78FFF10BDD6
:1027300088ED00E0003802400838024010300024E4
:102740000C38024008ED00E030B4B0F820C02CF0A6
:10275000010CA0F820C0048BB0F820C024F0F304D2
:102760004FF6FF7505EA03131A4322432CF00A03C0
:10277000194341F001010283018430BC704730B439
:10278000B0F820C02CF0100CA0F820C0048BB0F8DA
:1027900020C04FF6FF7505EA011124F4734405EAE1
:1027A0000333234305EA02221A432CF0A003194302
:1027B00041F010010283018430BC704730B4B0F89E
:1027C00020C02CF4807CA0F820C0848BB0F820C0FE
:1027D0004FF6FF7505EA012124F0F30405EA03131F
:1027E0001A4322432CF42063194341F480718283FD
:1027F000018430BC704730B4B0F820C02CF4805C49
:10280000A0F820C0848BB0F820C04FF6FF7505EA11
:10281000013124F4734405EA0222224305EA03331A
:102820001A432CF42043194341F4805182830184DC
:1028300030BC704710B5104C8021204600F0A1F943
:10284000012817D100228021204600F0DFF9002066
:1028500002F0B8F8012002F0B5F8022002F0B2F858
:10286000032002F0AFF88021204600F06EF8034903
:102870000120487110BD000000000140E802001076
:1028800010B5084C0121204600F07BF9012808D141
:102890000121204600F059F8BDE810400A200DF053
:1028A000CDB810BD0048014010B5084C01212046AC
:1028B00000F067F9012808D10121204600F045F811
:1028C000BDE8104005200DF0B9B810BD0010004063
:1028D00010B5084C0121204600F053F9012808D119
:1028E0000121204600F031F8BDE8104006200DF02F
:1028F000A5B810BD0014004010B5084C01212046B9
:1029000000F03FF9012808D10121204600F01DF810
:10291000BDE810400D200DF091B810BD0020004022
:102920000A884B88B1F806C01A438B8843EA0C0327
:102930001A430B891A434B8989891A431143A0F81A
:1029400044107047C94301827047C94301827047F0
:10295000002904D0018841F00101018070470188FD
:1029600021F0010101807047002906D0B0F8441021
:1029700041F40041A0F844107047B0F84410C1F38E
:102980000E01A0F84410704710B5A0F18041B1F5D8
:10299000803149D0B0F1804F5AD0A0F18041B1F5DB
:1029A00080614BD0A0F18041B1F500615AD0A0F117
:1029B0008041B1F540615FD0A0F18041B1F5805117
:1029C00064D0A0F18041B1F5A05169D0A0F180415F
:1029D000B1F582316ED0A0F18041B1F5A03173D054
:1029E000A0F18041B1F5A23179D0A0F18041B1F5DB
:1029F000A4317CD0A0F18041B1F5C05178D0A0F1D4
:102A00008041B1F5E05174D0A0F18041B1F50051A1
:102A100070D101210802FFF751FCBDE810400021F0
:102A20004FF48070FFF74ABC01210846FFF762FCB3
:102A30000021BDE810400120FFF75CBC012102200D
:102A4000FFF73CFC0021BDE810400220FFF736BC38
:102A500001210846FFF732FC0021BDE810400120AB
:102A6000FFF72CBC01210420FFF728FC0021BDE862
:102A700010400420FFF722BC01210820FFF71EFCB4
:102A80000021BDE810400820FFF718BC01211020EC
:102A9000FFF714FC0021BDE810401020FFF70EBC2A
:102AA00001212020FFF70AFC0021BDE81040202072
:102AB000FFF704BC01210220FFF71CFC0021BDE848
:102AC00010400220FFF716BC01210804FFF712FC9A
:102AD000BDE8104000214FF48030FFF70BBC01210E
:102AE0004804FFF707FC00214FF4003003E006E044
:102AF00010E019E022E0BDE81040FFF7FBBB012128
:102B00008804FFF7F7FBBDE8104000214FF4802058
:102B1000FFF7F0BB01214020FFF7D0FB0021BDE80B
:102B200010404020FFF7CABB01218020FFF7C6FB01
:102B30000021BDE810408020FFF7C0BB10BD30B4BD
:102B40000589B0F818C0048C25F0070529432CF03E
:102B5000030C2CF4407C40F201154CEA050C24F0E7
:102B600022044FF6FF7505EA03131A43224301813D
:102B7000A0F818C0028430BC704781827047406A58
:102B8000704702460020128A0A4200D00120704796
:102B900070B505460C462188B4F802C0A288238986
:102BA00000290DD0042915D008291DD061462846DA
:102BB000FFF721FEE1882846BDE8704000F05BB9D0
:102BC00061462846FFF7C0FDE1882846BDE8704011
:102BD00000F035B961462846FFF7D1FDE188284667
:102BE000BDE8704000F033B961462846FFF7E6FDC6
:102BF000E1882846BDE8704000F035B90021018029
:102C0000418001228280C18001817047002A03D067
:102C10008289114381817047828922EA0101818181
:102C2000704710B4028C22F001020284028C838867
:102C3000B0F818C02CF0700C2CF0030C0C8844EA8F
:102C40000C0C22F002028C8922434C882243A0F112
:102C50008044B4F5803404D0A0F18044B4F58234CB
:102C60000FD122F00802CC89224322F004028C8882
:102C7000224323F4807323F400730C8A23434C8A89
:102C800023438380A0F818C089684163028410BC84
:102C9000704730B4028C22F010020284028C8388C8
:102CA000B0F818C02CF4E04C2CF440740D884FF6AA
:102CB000FF7C0CEA05252C4322F020028D890CEACA
:102CC00005152A434D880CEA05152A43A0F18045D5
:102CD000B5F5803504D0A0F18045B5F5823518D121
:102CE00022F08002CD890CEA05152A4322F0400229
:102CF0008D880CEA05152A4323F4806323F40063CE
:102D00000D8A0CEA85052B434D8A0CEA850C4CEAAA
:102D100003038380048389688163028430BC704725
:102D200030B4028C22F480720284028C8388B0F862
:102D30001CC02CF0700C2CF0030C0C8844EA0C0422
:102D400022F400728D894FF6FF7C0CEA05252A4398
:102D50004D880CEA05252A43A0F18045B5F580355C
:102D600004D0A0F18045B5F5823518D122F4006277
:102D7000CD890CEA05252A4322F480628D880CEA6D
:102D800005252A4323F4805323F400530D8A0CEACB
:102D900005152B434D8A0CEA051C4CEA030383807E
:102DA00084838968C163028430BC704730B4028C6C
:102DB00022F480520284038C8288B0F81CC02CF468
:102DC000E04C2CF4407C0D884FF6FF7404EA052596
:102DD00045EA0C0C23F400538D8904EA05352B4396
:102DE0004D8804EA05352B43A0F18045B5F58035C3
:102DF00004D0A0F18045B5F5823505D122F480429A
:102E00000D8A04EA851422438280A0F81CC08968D8
:102E10000164038430BC70470185828270478288D8
:102E200022F0700282808288114381807047416362
:102E3000704781637047C163704701647047028BBC
:102E400022F00C020283028B114301837047028B34
:102E500022F440620283028B4FF6FF7303EA0121E2
:102E6000114301837047828B22F00C028283828B94
:102E7000114381837047828B22F440628283828B6C
:102E80004FF6FF7303EA012111438183704700006D
:102E900010B402881C4BDFF874C0984213D0604510
:102EA00011D0B0F1804F0ED0A0F18044B4F5806411
:102EB00009D0A0F18044B4F5006404D0A0F18044AE
:102EC000B4F5406403D122F070024C882243A0F193
:102ED0008044B4F5805408D0A0F18044B4F5A054E7
:102EE00003D022F440720C89224302804A68C262F5
:102EF0000A880285984201D0604501D1897A01860D
:102F00000121818210BC7047000001400004014093
:102F10004FF0FF31416000210180018141808172C9
:102F2000704700210160818070470021016081802D
:102F3000817170470021016041607047C9B241EA68
:102F4000012141EA014101608180704703B4019889
:102F50004100009850EAC12018BF04204A0D18BF54
:102F600040F0010040F2FF72B2EB515F08BF40F049
:102F70000200012808BF052002B0704712F0004F80
:102F80001FBF22F00042D21D22F00703102202BF11
:102F9000D21C22F003030C221BB103EB020C8C4564
:102FA00001D901207047024401448360C0E9002137
:102FB000C91AD01888429CBF10600246F9D9002077
:102FC0001060704730380A2801D201207047002075
:102FD000704700002DE9F0470027DFF890900028A7
:102FE0000CDA2349D9F8002020F000400968024497
:102FF00001EB4101B2EB910F18D8012705460F30C4
:1030000020F003060FB9CEF755F91A4CD4E90002A7
:10301000011B891AB1420CD2044600680028F5D180
:1030200027B9CEF73AF90020CEF783F90020BDE8A2
:10303000F08772B1101921680160206000F1080862
:10304000C0F80460D9F800103144C9F8001027B165
:1030500005E004F108086660F4E7CEF71EF9A8F869
:1030600000500020A8F802004046E0E7B404001039
:1030700048030010582700102DE9F04707468946FD
:1030800090460026284C294D0BE0207838B10422C8
:10309000394604F10A0005F047FB012835D00E340B
:1030A000761C28888642F0DB2149384605F076FAFE
:1030B000D0B91F4804220021001D05F05BFB10B1B0
:1030C0000020BDE8F0870026174C0AE0207830B1D8
:1030D00006224946201D05F027FB01281AD00E3490
:1030E000761C28888642F1DB404600F027F800284D
:1030F000E7D00D49C0EBC00001EB40040E3C0422B8
:10310000394604F10A0005F01FFB06224946201D3E
:1031100005F01AFB07480088E07007480078A070A7
:10312000032020700120CCE7382500103E0300105A
:10313000FC2400104003001038030010F0B50546D1
:10314000012116480E46164A03E0037853B10E30AB
:10315000491C13889942F8DD1248104B048800205E
:1031600001210DE0067045700846F0BD5F78012F23
:1031700004D1DF78A74201D83C4608460E33491CEB
:103180001788B942F2DD0028EFD0044AC0EBC00135
:1031900002EB410101F80E6D4D70F0BD38250010B5
:1031A0003E030010400300102DE9F04781460F4612
:1031B00000253D4C3D4E0BE0207838B104224946B5
:1031C00004F10A0005F0B0FA012815D00E346D1C88
:1031D00030888542F0DB3649484605F0DFF9DFF8F4
:1031E000C880334D01284FF0040209D00021281D6A
:1031F00005F0C0FAE8BB1DE0207803284ED350E06C
:103200004946281D05F090FA012806D10422002124
:10321000281D05F0AFFA00B900273846FFF78EFFEA
:1032200006003CD0C6EBC60108EB41040E3C04226C
:1032300049461DE000271C4C0BE0207838B10422E1
:10324000291D04F10A0005F06FFA0128D4D00E34CC
:103250007F1C30888742F0DB0020FFF76FFF0600FD
:103260001DD0C6EBC60108EB41040E3C0422291D0B
:1032700000E013E004F10A0005F066FA06220D49A9
:10328000201D05F061FA0C480078A0700B4800780A
:10329000E070304600F036F9022020700020BDE8D2
:1032A000F0872046FBE70000382500103E030010A1
:1032B000FC2400106C1806083803001039030010B5
:1032C00070B50D46064604220E4905F02DFA012878
:1032D00014D0304605F074F901280FD02946304645
:1032E000FFF762FF040008D00422314604F10A000F
:1032F00005F01AFA012802D002E0002070BD6570C6
:10330000012070BD681806082DE9F0470026DFF897
:10331000D480DFF8D490B246344F5DE0B9F8005065
:10332000691C89B2A9F800103A88914201D3A9F822
:1033300000A02F49C5EBC50001EB40042078C8B3BD
:10334000E07820B1401E10F0FF00E07043D16078BB
:1033500001280AD10422274904F10A0005F0E4F902
:10336000012806D06078012818D010F0FF0F02D095
:1033700031E084F801A004221F4904F10A0005F09D
:10338000D3F9012817D02078032818D0A07800B3EB
:10339000401E10F0FF00A0701BD012E02078032820
:1033A00017D0A078A8B1401E10F0FF00A07010D078
:1033B000022005E00FE011480088E0700BE00420D7
:1033C000207098F80000E070681CBDE8F04700F03D
:1033D00099B884F800A0761C388886429EDBBDE848
:1033E000F087000039030010280300103E0300108E
:1033F000382500100025001068180608400300104A
:103400002DE9F04106460025134C00F10E08134F3C
:103410000DE0207848B1012807D0042204F10A0108
:10342000404605F081F9012806D00E346D1C38881D
:103430008542EEDBBDE8F081062206F10801201D81
:1034400005F082F906480088E07006480078A07010
:1034500003202070EEE70000382500103E03001026
:1034600040030010380300102DE9F04105460E46D8
:103470002A20FFF7AFFD044605F1080106220F469A
:10348000001D05F061F906221C4904F10A0005F04F
:103490005BF94FF4C16020824FF480706082082095
:1034A000A0820620A0750420E075268304F1240084
:1034B00006223946064605F047F905F10E0104F1EA
:1034C0002A000422054605F03FF906220B4904F1C3
:1034D0001A0005F039F90422094904F1200005F029
:1034E00033F9012231462846FFF7C6FD2046CDF7C5
:1034F000D0FE2046BDE8F04100F0BCB84C030010FF
:10350000FC24001070B505462A20FFF763FD044631
:1035100006222349001D05F017F90622214904F16E
:103520000A0005F011F94FF4C16020824FF4807158
:1035300061820820A0820620A0750420E075218306
:103540000622184904F11A0005F0FEF80422164973
:1035500004F1200005F0F8F84FF0060265B10021F3
:1035600004F1240005F0FEF81049C5EBC50001EB9D
:1035700040010422091F06E0094904F1240005F076
:10358000E3F80949042204F12A0005F0DDF8204699
:10359000CDF77FFE2046BDE8704000F06BB800001C
:1035A0006C1806084C030010FC240010382500108D
:1035B00006220249001D05F0B7B800004C030010B8
:1035C00070B5044600F12205204E04222049284609
:1035D00005F0AAF838BB0422002104F11E0005F012
:1035E000C9F808B1002070BD28780E21B1EB101F7A
:1035F0000ED101202071002060715E20A0716878DA
:1036000000F07F00E071A8782072E87860720FE027
:10361000284604F0D5FF30B901212846FFF7C4FD44
:103620000028E0D0061D06223146201D05F08CF84A
:103630000622084904F10A0005F086F808202082D5
:103640002046CDF726FE012070BD00006C1806084C
:10365000681806084C0300108A68002A02DC002261
:10366000D0F7F2B9521E8A604A68C0B2531C4B6050
:103670001070704770B500282AD0A0F10806154CCC
:103680000025CDF717FE09E025462468206880074D
:1036900003D0CDF702FE022010E064B1B442F3D1B2
:1036A0000D4861680B4B0268511A01609C4209D1B8
:1036B0000020606008E0CDF7F0FD0120BDE870401B
:1036C000CDF737BE20682860BDE87040CDF7E5BD76
:1036D00070BD000058270010B404001070B50446F7
:1036E000134D09F0CDF908B11CB103E04FF0FF30E4
:1036F00070BD104C09F0B8F901280DD06168206840
:10370000696028600C4800F10C01406801F056F82F
:1037100009F0B0F9002070BD082229462046CEF7F6
:103720005AFB10B14FF0FF3070BD002070BD00009B
:10373000F0240010C81206081414060810B509F089
:1037400093F958B1084C606801F008F8012808D0D6
:103750000121606801F048F8002010BD4FF0FF30F3
:1037600010BD002010BD00001414060800B585B07F
:1037700009F024FA012810D009F00AFA002000907C
:1037800001904FF4804002904FF4706003906846BF
:10379000FDF704FD05B0002000BD05B04FF0FF307F
:1037A00000BD00002DE9F04198B009F007FA0128AA
:1037B00000F0DF8009F0ECF901218805FEF754FDE7
:1037C00001210802FEF788FD01218802FEF784FD31
:1037D00001210846FEF748FD01210220FEF744FDC5
:1037E00001212020FEF740FDDFF890814046FEF7E2
:1037F00057F90024039462480490624D686805906C
:1038000006940427079708943802099040000A900C
:1038100080000B9040110C9040020D900E970126F5
:103820000F961094119403A94046FEF7FDF901216B
:103830004046FEF728F9DFF850814046FEF730F9A0
:10384000B10603915149049168680830059003A9B5
:103850004046FEF7E9F901214046FEF714F96846B3
:10386000FEF7D0FB032500958DF804508DF8074036
:1038700069464748FEF758FB182000908DF8045021
:103880008DF8074069464348FEF74EFB4FF44C70F5
:1038900000908DF804508DF8074069463E48FEF7C9
:1038A00043FB12948DF84C608DF84D601494159480
:1038B00016948DF85C70394C12A92046FDF770FD06
:1038C000374D12A92846FDF76BFD01231A46082142
:1038D0002046FDF791FD0123022203212046FDF73A
:1038E0008BFD0123032209212046FDF785FD0422DB
:1038F000012311462046FDF77FFD01231A460E21C4
:103900002846FDF779FD0123022206212846FDF70E
:1039100073FD012303220F212846FDF76DFD0123CE
:10392000042207212846FDF767FD01212046FDF707
:1039300057FC01212846FDF753FC01212046FDF7E5
:1039400043FC01212846FDF73FFC01212046FDF7FD
:1039500018FC01212846FDF714FC2046FDF794FDD4
:103960002846FDF791FD09F091F818B00020BDE858
:10397000F08118B04FF0FF30BDE8F08110640240D4
:103980004C20014004030010286402404C220140F6
:1039900000040240000002400014024000200140E8
:1039A00000220140F0B599B009F008F901287DD056
:1039B00009F0EEF801218805FEF756FC01214802C6
:1039C000FEF78AFC01210846FEF74EFC0121042087
:1039D000FEF74AFC3C4F3846FEF762F84FF00070A5
:1039E00003903A4804903A484068203005900024FB
:1039F00006940325079508943815099040000A900D
:103A000080000B9040110C9040020D9004200E900D
:103A100001260F961094119403A93846FEF704F975
:103A200001213846FEF72FF8202000908DF8045031
:103A30008DF8074069462748FEF776FA00968DF81C
:103A400004508DF8074069462348FEF76DFA12943A
:103A50008DF84C608DF84D601494159416948DF883
:103A60005C501E4C12A92046FDF79AFC0723012248
:103A700005212046FDF7C0FC072302220A2120462B
:103A8000FDF7BAFC0120FDF705FD072303221021F5
:103A90002046FDF7B1FC01212046FDF7A1FB0121E5
:103AA0002046FDF791FB0121204600E007E0FDF7ED
:103AB00068FB2046FDF7E8FC19B00020F0BD19B006
:103AC0004FF0FF30F0BD0000406402404C21014047
:103AD00004030010000002400008024000210140E1
:103AE00010B50446204601F08DFB30B109F05CF8BA
:103AF00030B144B1012C06D007E04FF0FF3010BDCB
:103B00004FF0FF3010BDECB10024012133489FED90
:103B1000340A042C19D2406801EB440130F811102A
:103B200000EB4400B0F91800A1EB000000EE900A91
:103B3000F8EEE00A20EE800ABDEEC00A10EE100A90
:103B400000B210BD4FF00104DFE723D14068C18807
:103B5000B0F91A20A1EB020100EE901AF8EEE00A8B
:103B600060EE800AFDEEE00A10EE901A09B242887B
:103B7000B0F91800A2EB000000EE900AF8EEE00A9F
:103B800020EE800ABDEEC00A10EE100A01FA80F0A5
:103B900000B210BD052CFCD140684289B0F91C1060
:103BA000511A00EE901AF8EEE00A60EE800AFDEE7F
:103BB000E00A10EE901A09B2C289B0F91E00101A7C
:103BC00000EE900AF8EEE00A20EE800ABDEEC00A90
:103BD00010EE100A01FA80F000B210BD04030010CC
:103BE000002474400000000010B50446204601F097
:103BF00009FB30B108F0D8FF30B144B1012C06D038
:103C000007E04FF0FF3010BD4FF0FF3010BDB4B1F2
:103C100000240D48406830F824000DF039F89FED7D
:103C20000C1B53EC112B0DF047F89FED0B1B53ECC5
:103C3000112B0DF041F8BDE810400CF0E5BF012458
:103C4000E7E700000000000004030010000000008F
:103C50000D0078ECFF7BB540000000000000303F15
:103C6000012000F001B8000010B504462DED028BD4
:103C7000012C03D90020BDEC028B10BD08F094FF8D
:103C8000D8B11948406800EB4400008C9FED188BB8
:103C9000BCB1012CEFD10CF0FBFF9FED171B53ECD7
:103CA000112B0DF009F853EC182B0DF005F8BDECB5
:103CB000028BBDE810400CF0A7BFBDEC028B0020CA
:103CC00010BD0CF0E5FF9FED0E1B53EC112B0CF01B
:103CD000F3FF53EC182B0CF0EFFFBDEC028BBDE8AB
:103CE00010400CF091BF0000040300100000000021
:103CF000000000000000303F037C9CF63FEBF040EA
:103D00000D0078ECFF7BB5400249896A002900D09C
:103D10000847704714400010024600200349496AD2
:103D2000002901D0104608477047000014400010D9
:103D300010B500280CD018490A78012A0FD0026863
:103D40000A6242688A618268CA61C2687AB90DE013
:103D500012A1E12000F044F84FF0FF3010BD16A191
:103D6000E02000F03DF84FF0FF3010BD1A4A4A62E3
:103D7000026902B9194A8A62D0F808C0C468436867
:103D800002680069C1F80CC00C618B604A60486130
:103D900001200870002010BD1440001068616C5FA5
:103DA000626173655F696E69742829206E65656458
:103DB000732063666700000068616C5F6261736511
:103DC0005F696E6974282920616C7265616479206D
:103DD00063616C6C65640000D5CB0508D1CB050828
:103DE00070B504460D4600F037F80A48026A4AB139
:103DF000294620469047F02C00D0FEE7BDE87040F1
:103E000000F01AB8F02C00D0FEE7BDE8704000F0DA
:103E100013B800001440001010B5044600F01CF860
:103E2000044A126A12B12146F0209047BDE81040C2
:103E300000F002B81440001010B502F0D7F90128C4
:103E400006D00448C069002802D0BDE810400047F1
:103E500010BD00001440001010B502F0C7F9012891
:103E600006D004488069002802D0BDE81040004711
:103E700010BD0000144000100020704710B504462B
:103E8000204608F0ABFE58B1FFF7E6FF204602F0EF
:103E9000DFFB204602F05CFAFFF7CEFF002010BDEA
:103EA0004FF0FF3010BD70B505460C46164628464B
:103EB00008F094FE38B14CB1324621462846BDE8A0
:103EC000704002F0A5BA4FF0FF3070BD4FF0FF30E8
:103ED00070BD00002DE9F0438DB006460C46454804
:103EE00000EB86077D68304608F08EFE08B12CB1E5
:103EF00005E00DB04FF0FF30BDE8F0833E4C30469A
:103F000008F06CFE012801D07DB11BE0202229467B
:103F10002046CDF760FF20B10DB04FF0FF30BDE877
:103F2000F0830DB00020BDE8F0832079617900B105
:103F300019B932A1E320FFF753FF202000F09EFCC7
:103F40000546786094E80F10D4F81C90D4F81880D7
:103F5000676985E80F10C5F81C90C5F818806F6177
:103F6000334D0021A85D00F0CBF8A85D00F0B4F857
:103F7000607808B1012000E000208DF828000020C2
:103F80000B9008F039FE0AA9304602F073FB20B10D
:103F90000DB04FF0FF30BDE8F08320798DF80400BC
:103FA000A0788DF80500A0680290E0680390607921
:103FB0008DF81000E0788DF8110020690590606997
:103FC000069001208DF81C00A0690890E069099016
:103FD00001A9304602F044FA20B10DB04FF0FF3095
:103FE000BDE8F083304608F001FE0DB00020BDE8CA
:103FF000F0830000B42400108012060868616C5F32
:1040000063616E5F696E697428293A206E65656424
:10401000206E6F6E2D7A65726F20747820616E64E9
:10402000207278206669666F2073697A6573000074
:104030007C12060870B505460C46284608F0CEFDF1
:1040400030B144B12146284602F090FA002070BDFC
:104050004FF0FF3070BD4FF0FF3070BD70B50646B9
:104060000D461446304608F0B9FD48B15DB1012C4B
:104070000CD0002229463046BDE8704002F0A4BAB8
:104080004FF0FF3070BD4FF0FF3070BD0122F1E7FF
:1040900070B505460C46284608F0A0FD30B144B185
:1040A00021462846BDE8704002F0A4BA4FF0FF3028
:1040B00070BD4FF0FF3070BD08F0A6BD10B50446CE
:1040C000204608F08BFD20B12046BDE8104002F0EC
:1040D000B1BA4FF0FF3010BD10B50446204608F0CD
:1040E0009BFD38B1054800EB0410C16820468847A5
:1040F000002010BD4FF0FF3010BD00005015060825
:104100002DE9F04107460D461B4800EB8706746811
:10411000384608F0ADFD012803D06FF00E00BDE871
:10412000F08105B9154D384608F076FD012801D01B
:104130006CB111E0012221462846CDF74CFE18B1A2
:104140004FF0FF30BDE8F0810020BDE8F081012094
:1041500000F094FB044670602878207029463846A9
:1041600008F068FD0446200002D1384608F05CFDE6
:104170002046BDE8F081000040400010E01606082F
:104180002DE9F0410546002D0AD01A4C207878B16F
:1041900019A1E020FFF724FE4FF0FF30BDE8F081C9
:1041A0001DA1E120FFF71CFE4FF0FF30BDE8F081BC
:1041B00095E80F10241DD5F81C80AF696E69A4E83E
:1041C0000F10183CC4F82080E761A6612846FFF76D
:1041D000AFFD05F1140001F017F805F1150000F02E
:1041E000AFFA05F1180001F0E9FF0120207000206E
:1041F000BDE8F0815824001068616C5F636F7265E0
:104200005F696E6974282920616C72656164792028
:1042100063616C6C6564000068616C5F636F7265FC
:104220005F696E69742829206E6565647320636612
:104230006700000010B508480178012906D0074939
:10424000E020FFF7CDFD4FF0FF3010BD02210170DF
:10425000FFF712FE002010BD58240010FC1A0608BB
:10426000104BC0EBC00203EB8202121D012811D0DB
:1042700002280FD04FF0FF300246B0F1FF3F0CD0C4
:10428000B2F1FF3F09D0814209D31044884206D9D8
:104290000120704710685268EFE700207047002047
:1042A000704700007C15060870B505460C466FF097
:1042B0000E06284608F0F2FC012801D0304670BDF9
:1042C00004B91C4C284608F0DBFC01280AD01A4926
:1042D000C5EBC50001EB8000041D012D10D0022D9F
:1042E00021D10DE00DB1002070BD082213492046F8
:1042F000CDF771FD10B14FF0FF3070BD002070BDE3
:10430000207A002100F0D6FA0028F8D1226942B1C3
:10431000606930B1A06920B12846E168904706463F
:1043200001E04FF0FF3616B9284608F0B1FC002036
:1043300070BD0000D81006087C15060890240010F7
:104340002DE9F84304460F46154698464FF0FF36D0
:10435000204608F095FC012802D03046BDE8F883DD
:10436000B8F1000F16D0ADB139462046FFF778FFFF
:10437000A0B17819411E2046FFF772FF90B1124993
:10438000C4EBC40001EB8000001D012C0ED0022CF8
:1043900016D10BE04FF0FF30BDE8F8834FF0FF304F
:1043A000BDE8F8834FF0FF30BDE8F88300210091AD
:1043B000D0F814C043462A4639462046E047064610
:1043C0003046BDE8F88300007C1506082DE9F84367
:1043D00004460F46154698464FF0FF36204608F033
:1043E0004FFC012802D03046BDE8F883B8F1000F39
:1043F00016D0ADB139462046FFF732FFA0B178198B
:10440000411E2046FFF72CFF90B11249C4EBC400B7
:1044100001EB8000001D012C0ED0022C16D10BE008
:104420004FF0FF30BDE8F8834FF0FF30BDE8F88370
:104430004FF0FF30BDE8F88300210091D0F818C09C
:1044400043462A4639462046E04706463046BDE800
:10445000F88300007C15060802F0CCBB02F0D6BB46
:104460002DE9F0410746394D6C6808F039FC012808
:1044700003D06FF00E00BDE8F08137B1002008F0E6
:1044800019FC012805D08CB115E06FF00100BDE8E2
:10449000F081102221463846CDF79DFC18B14FF02F
:1044A000FF30BDE8F0810020BDE8F081302000F051
:1044B000E5F904466860264885784678FF2D00D1E6
:1044C0007D78FF2E00D1BE781DB922A0FFF7A4FC95
:1044D00002251EB92DA0FFF79FFC022697E80F00CA
:1044E00084E80F0078684268016880686261216131
:1044F000A061002000F07CF818B132A1E020FFF7A5
:104500006FFCE168A06861622062002084F82800E6
:10451000207884F8290084F82A5084F82B6008F069
:10452000D7FB04F1200002F08FFB18B14FF0FF30F1
:10453000BDE8F081002000F0DBF8002008F0C2FBAD
:1045400000F054F80020BDE8F0810000F8020010EF
:104550006014060868616C5F6574685F696E6974F1
:10456000282920666F756E64207478646D616361BC
:1045700070616369747920617420302E20736574D2
:1045800020697420746F20320000000068616C5F45
:104590006574685F696E6974282920666F756E643A
:1045A000207278646D616361706163697479206100
:1045B0007420302E2073657420697420746F20324B
:1045C0000000000068616C5F6574687472616E73EE
:1045D0006365697665725F696E6974282920666112
:1045E000696C65640000000002F01CBC02F06CBC49
:1045F00070B50546174E7468002008F0BBFB012813
:1046000002D06FF00E0070BD05B9134D002008F008
:104610006DFB012801D05CB10FE001222146284644
:10462000CDF7D9FB10B14FF0FF3070BD002070BD49
:10463000012000F023F90446706028782070284695
:1046400008F062FB0446200001D108F057FB204629
:1046500070BD0000CC0200106412060870B505465B
:104660000E461446002008F077FB50B164B10848AC
:1046700023463246D0F820C02946BDE870400020CD
:1046800060474FF0FF3070BD4FF0FF3070BD00004D
:104690000016060810B50446002008F05DFB38B18E
:1046A0004CB1064821468269BDE810400020104701
:1046B0004FF0FF3010BD6FF0010010BD001606086E
:1046C00070B504460D46002008F046FB40B154B1D9
:1046D00006482A462146C369BDE8704000201847B5
:1046E0004FF0FF3070BD4FF0FF3070BD0016060870
:1046F00038B50446002008F0F9FA90B1002008F01F
:104700002BFB012810D0684602F098FC002807D146
:1047100014B19DF800002070002008F025FB002057
:1047200038BD4FF0FF3038BD684602F011FC002C58
:10473000F9D0684602F04AFC9DF80010217038BD9F
:1047400010B5002008F01EFB012804D0002008F05E
:1047500023FB002010BD4FF0FF3010BD31B582B0FB
:104760001548406801909DF80850FF2D0BD0BDF80A
:104770000A4044B12146284608F08AFB012805D0AA
:1047800003B0032030BD03B0032030BD8DF80450CA
:10479000ADF806402146284608F092FB012805D0D6
:1047A000019803B0BDE8304002F0AEBE019803B0FE
:1047B000BDE8304002F0E4BEA012060803B40029B0
:1047C00000D108490A78022A07D04B78BDF80210B8
:1047D0009DF8000002B008F0EFBA009802B008F0AF
:1047E000E1BA0000B012060873B582B00E46174851
:1047F000006801909DF80850FF2D0ED0BDF80A40CA
:104800005CB1032E09D02146284608F041FB01285F
:1048100007D004B04FF0FF3070BD04B04FF0FF3050
:1048200070BD2146284608F04BFB012803D004B098
:104830004FF0FF3070BD8DF80450ADF806403146A2
:10484000019802F0C5FE04B0002070BDA012060859
:104850004FF0FF3070474FF0FF3070474FF0FF30A0
:1048600070470020704710B504462068002803D028
:10487000FFF74AFA0020206010BD000010B5FFF7D6
:104880004BFA0446200003D102A1E220FFF7A8FA68
:10489000204610BD68616C5F686561705F6E65770A
:1048A00028293A206E6F206865617020616E796DED
:1048B0006F72650008F01CBB08F07EBB10B50446A3
:1048C000204608F0AFFBA8B1204608F09DFB012868
:1048D00013D00B4800EBC4000A498068FFF76EFF55
:1048E000002806D1204608F097FB204600F00CF87F
:1048F000002010BD4FF0FF3010BD002010BD0000A3
:10490000241606087412060838B504460C48406898
:104910000090204608F078FB70B10A4901EBC40012
:10492000027A8DF800204089ADF80200497900989C
:10493000BDE8384002F04CBE4FF0FF3038BD0000FB
:10494000681206082416060838B504460C480068A4
:104950000090204608F058FB70B10A4901EBC400F2
:10496000027A8DF800204089ADF80200097900989C
:10497000BDE8384002F02CBE4FF0FF3038BD0000DB
:10498000681206082416060838B504460B488068E5
:104990000090204608F038FB68B1094800EBC400DD
:1049A000017A8DF800104089ADF802000098BDE84A
:1049B000384002F0F9BD4FF0FF3038BD68120608EC
:1049C000241606082DE9F0478146484608F032FBD8
:1049D00068B14B4FDFF82C8100254B4C4B4EB9F1A1
:1049E000060F6AD2DFE809F00714212E3B524FF080
:1049F000FF30BDE8F087607818B900213846FDF730
:104A0000B3FF4FF400513046FDF7F8FA257074E01B
:104A1000207818B900213846FDF7A6FF4FF48051E1
:104A20003046FDF7EBFA657067E0E07818B90021D1
:104A30004046FDF799FF4FF480413046FDF7DEFA1E
:104A4000A5705AE0A07818B900214046FDF78CFF08
:104A50004FF400413046FDF7D1FAE5704DE0607843
:104A600018B900213846FDF77FFF4FF4005130465A
:104A7000FDF7C4FA257000213846FDF775FF4FF4A5
:104A800080513046FDF7BAFA657036E0E07818B923
:104A900000214046FDF768FF4FF480413046FDF7A6
:104AA000ADFAA57000214046FDF75EFF4FF40041CE
:104AB0003046FDF7A3FAE5701FE000213846FDF708
:104AC00053FF00214046FDF74FFF4FF48051304621
:104AD000FDF794FA4FF400513046FDF78FFA4FF48A
:104AE00080413046FDF78AFA4FF400413046FDF729
:104AF00085FA25706570A570E5700020BDE8F08727
:104B00000000014000040140E002001000100240DB
:104B10002DE9F0410646304608F08CFA60B10125D7
:104B20003F48404F404CDFF80481062E57D2DFE863
:104B300006F007121D2935454FF0FF30BDE8F08122
:104B40000121FDF711FF4FF400513846FDF758FAE7
:104B50002570BDE8F0810121FDF706FF4FF480517B
:104B60003846FDF74DFA6570BDE8F08101214046F9
:104B7000FDF7FAFE4FF480413846FDF741FAA57083
:104B8000BDE8F08101214046FDF7EEFE4FF4004103
:104B90003846FDF735FAE570BDE8F0810121FDF7F3
:104BA000E3FE4FF400513846FDF72AFA4FF48051E6
:104BB0003846FDF725FA2571BDE8F0810121404610
:104BC000FDF7D2FE4FF480413846FDF719FA4FF455
:104BD00000413846FDF714FA6571BDE8F081012106
:104BE000FDF7C2FE01214046FDF7BEFE4FF48051A5
:104BF0003846FDF705FA4FF400513846FDF700FA44
:104C00004FF480413846FDF7FBF94FF40041384638
:104C1000FDF7F6F925706570A570E570BDE8F081C7
:104C20000000014000100240E002001000040140BA
:104C30000148407970470000E80200102DE9F04F6C
:104C40009BB00C4608F008FA012800F0C881FE2647
:104C500001211020FDF708FB6846FDF7D3F94FF45A
:104C6000704000904FF001098DF8049000248DF8F9
:104C700005408DF806408DF807406946E248FDF78B
:104C800053F94FF48051E048FDF7BAF94FF4005161
:104C9000DD48FDF7B5F94FF48041DB48FDF7B0F989
:104CA0004FF40041D848FDF7ABF901210820FDF78A
:104CB000DBFA6846FDF7A6F90F2000908DF8044056
:104CC0008DF8054001208DF806008DF807406946F3
:104CD000CE48FDF729F901210846FDF7C5FA6846D7
:104CE000FDF790F94FF47460009002278DF804707E
:104CF0008DF805708DF8064001208DF80700C44D31
:104D000069462846FDF710F9012206212846FDF7DD
:104D100056F9012208212846FDF751F901220921FF
:104D20002846FDF74CF901220A212846FDF747F9EC
:104D300001220B212846FDF742F9B648FDF724FE73
:104D400018A8FEF7E5F801210846FDF7C5FAADF809
:104D500060404FF06008ADF862804FF4526ACDF8C1
:104D600064A0ADF8684001208DF86A0018A9A94830
:104D7000FEF78EF8ADF84C800120ADF84E00ADF88E
:104D800050401594ADF858404FF0080BADF85AB0AC
:104D9000ADF85C40ADF85E4013A99E48FDF741FFB9
:104DA0004FF4D255159513A99A48FDF73AFF15957A
:104DB00013A99848FDF76DFF159513A99548FDF7C0
:104DC000AFFF159513A99348FDF7F0FFB802ADF8B2
:104DD0001C004010ADF81E008010ADF820005420DB
:104DE000ADF82200F802ADF824004000ADF826002E
:104DF000ADF8284007A98748FDF792FD8021854836
:104E0000FDF7A3FD012280218248FDF7FFFE01216D
:104E10000802FDF729FA6846FDF7F4F8F42000903F
:104E20008DF804708DF805708DF8064001208DF81E
:104E30000700794F69463846FDF776F803220421CA
:104E40003846FDF7BCF8032205213846FDF7B7F8D0
:104E5000032206213846FDF7B2F80322072138461F
:104E6000FDF7ADF8032202213846FDF7A8F86B4F95
:104E70003846FDF789FD10A8FEF74AF80121022007
:104E8000FDF72AFAADF84040ADF84280CDF844A0D5
:104E9000ADF8484001208DF84A0010A93846FDF7CA
:104EA000F7FFADF82C800120ADF82E00ADF83040B2
:104EB0000D94ADF83840ADF83AB0ADF83C40ADF8DF
:104EC0003E400BA93846FDF7ACFE0D950BA93846C0
:104ED000FDF7A7FE0D950BA93846FDF7DAFE0D95F7
:104EE0000BA93846FDF71CFF0D950BA93846FDF7B9
:104EF0005DFFF814ADF80C00ADF80E40C010ADF831
:104F000010005420ADF81200ADF814407814ADF83C
:104F10001600ADF8184003A93846FDF701FD8021C1
:104F20003846FDF712FD012280213846FDF76EFE5E
:104F300020213848FDF773FF01213648FDF71DFE9B
:104F400001213448FDF7FEFC002201213148FDF724
:104F50005DFE01212F48FDF7FBFC00212D48FDF7E8
:104F600003FD002201213846FDF750FE012138469D
:104F7000FDF7EEFC00213846FDF7F6FC19208DF810
:104F8000080004208DF809008DF80A4001208DF8F2
:104F90000B0002A8FDF71AF9214D6C7118208DF84D
:104FA000080003208DF809008DF80A4001208DF8D3
:104FB0000B0002A8FDF70AF90020A5F108010C5426
:104FC000401CC0B20628FAD3FE2E0DD0062E02D207
:104FD000304608F03BF81BB00020BDE8F08F1BB056
:104FE0004FF0FF30BDE8F08F0024204608F03EF877
:104FF000012804D185F80490204608F027F8601CA9
:10500000C4B2062CF1D3E6E700100240000C0240C7
:105010000000024000000140002002400004014066
:10502000E80200102DE9F04107460C46384608F02A
:1050300001F850B1002C0CDBB4F5526F01DD4FF4D8
:105040005264142C0FDA14240DE04FF0FF30BDE849
:10505000F0816042B0F5526F00DD5A4C6042142876
:1050600001DA6FF01304584D584E062F45D2DFE891
:1050700007F003192F455B81002C08DD21462846E7
:10508000FDF7D9FE00212846FDF7D7FE97E06042E4
:1050900004B200212846FDF7CEFE21462846FDF742
:1050A000CCFE8CE0002C08DD21462846FDF7BFFE33
:1050B00000212846FDF7BDFE81E0604204B20021D8
:1050C0002846FDF7B4FE21462846FDF7B2FE76E0FD
:1050D000002C08DD21463046FDF7A9FE00213046B0
:1050E000FDF7A7FE6BE0604204B200213046FDF7F9
:1050F0009EFE21463046FDF79CFE60E0002C08DD58
:1051000021463046FDF797FE00213046FDF795FE1B
:1051100055E0604204B200213046FDF78CFE214686
:105120003046FDF78AFE4AE0002C10DD2146284675
:10513000FDF77DFE00212846FDF77BFE214628462F
:10514000FDF779FE00212846FDF777FE37E0604243
:1051500004B200212846FDF76AFE21462846FDF7E5
:1051600068FE00212846FDF766FE21462846FDF729
:1051700064FE24E0002C10DD21463046FDF75BFE86
:1051800000213046FDF759FE21463046FDF74FFE1F
:1051900000213046FDF74DFE11E0604204B20021CF
:1051A0003046FDF748FE21463046FDF746FE002119
:1051B0003046FDF73CFE21463046FDF73AFE002022
:1051C000BDE8F081E0F2FFFF000001400004014073
:1051D00010B50A48017900290DD000214171084C11
:1051E00080212046FDF7B1FB012280212046FDF7FA
:1051F0000DFD002010BD4FF0FF3010BDE802001083
:105200000000014007F032BF00B597B012A8FDF7CB
:105210007FF80E48129B8168994207D1C168159AA0
:10522000914203D10069149988420CD014991598C1
:105230000191009006A2402102A8CCF79BFA02A996
:10524000E020FEF7CDFD17B0002000BD00140608D9
:1052500068616C5F6D70752077726F6E6720737018
:10526000656564733A20637075203D20256420686D
:105270007A2C2066627573203D20256420687A2C84
:105280002073627573203D20256420687A00000039
:1052900010B50446204607F0F5FE50B1204607F051
:1052A000F9FE054800EB8400001DFFF7DCFA002042
:1052B00010BD4FF0FF3010BD4C40001038B5134901
:1052C00001EB80014C6807F0DDFED0B1D4F802009C
:1052D00001210090FFF788FAA079FF2814D0A07A66
:1052E000FF2811D0012000F063FFD4F8060001214F
:1052F000FFF77AFAD4F80A000121FFF775FA0020C7
:1053000038BD4FF0FF3038BD002038BD4C40001094
:1053100070B506460D46234800EB860044683046CB
:1053200007F0B0FE10B1FF2D03D00DE04FF0FF30BD
:1053300070BDA079FF2802D1A07AFF2804D03046A2
:10534000BDE87040FFF7BABFFF2D05D1A079FF2857
:1053500002D1A07AFF281DD0D4F802000121FFF766
:1053600043FA012000F024FF0F48415DD4F8060005
:10537000FFF73AFA0D48415DD4F80A00FFF734FA16
:10538000012000F015FFD4F802000021FFF72CFAED
:10539000002070BDD4F802000021FFF725FA00209C
:1053A00070BD00004C400010E5160608E81606081F
:1053B00070B50D46074A02EB8002546807F062FEA2
:1053C00020B1D4F802002860002070BD4FF0FF30FB
:1053D00070BD00004C400010F8B507460D462E4841
:1053E00000EB87067468384607F060FE30B1384637
:1053F00007F048FE012804D02DB105E04FF0FF3042
:10540000F8BD0020F8BD254D24B90E20FFF736FA6F
:105410000446706028782070214807EB470100EBB4
:10542000C1004269C4F802204168C4F80610C0688F
:10543000C4F80A001B4910460092FFF7BFF9D4F8E0
:10544000020001210090FFF7CFF9A079FF281ED0BC
:10545000A07AFF281BD0012000F0AAFED4F8060095
:105460001049FFF7ABF9D4F806000121FFF7BCF9AA
:10547000D4F80A000B49FFF7A1F9D4F80A0001217A
:10548000FFF7B2F9384607F00BFE0020F8BD3846AA
:1054900007F006FE0020F8BD4C400010E416060898
:1054A00070160608EC16060810B50446204607F0EC
:1054B00005FE68B14FF0FF306CB1012C10D0022C0A
:1054C00014D0032C06D1BDE810400B48FDF757BBA4
:1054D0004FF0FF3010BDBDE810400848FDF74FBB4E
:1054E000BDE810404FF08040FDF749BBBDE81040DB
:1054F0000348FDF744BB0000000C004000040040DE
:10550000000800402DE9F14F88B0089807F0FCFD35
:10551000E8B1089807F0D2FD01281DD0002402252B
:10552000032608984FF004084FF47A3908274FF4FF
:10553000FA4AA8B14FF4802B012866D002287CD00B
:10554000032800F0208109B0601EBDE8F08F09B08B
:105550004FF0FF30BDE8F08F09B00020BDE8F08FBC
:1055600001210220FCF79CFE01210420FCF77CFEB7
:105570006846FCF747FDC02000908DF804508DF878
:1055800005608DF806408DF80740AE4D6946284607
:10559000FCF7CAFC022206212846FCF710FD022275
:1055A00007212846FCF70BFDA74D2846FDF7ECF92F
:1055B00005A8FDF7ADFCADF81440CDF81890ADF896
:1055C0001C40ADF8164005A92846FDF761FC0023F4
:1055D0001A4603212846FDF7B2FA02A8FDF70EFB92
:1055E000ADF8107002A92846FDF7D2FAADF8088090
:1055F00002A92846FDF7CCFA9448C0F800A0012182
:105600002846FDF7A5F900F015B901210846FCF779
:1056100047FE01210846FCF727FE01210220FCF786
:1056200023FE6846FCF7EEFC012000908DF8045044
:105630008DF805608DF8064000E04FE08DF80740DA
:10564000DFF80CA269465046FCF76EFC00978DF817
:1056500004508DF805608DF806408DF807407D4DAB
:1056600069462846FCF760FC012200215046FCF701
:10567000A6FC012203212846FCF7A1FC2805FDF722
:1056800083F905A8FDF744FCADF81440CDF8189057
:10569000ADF81C40ADF8164005A92805FDF7F8FB4C
:1056A00000231A4603212805FDF749FA02A8FDF751
:1056B000A5FAADF8107002A92805FDF769FAADF852
:1056C000088002A92805FDF763FA2805C0F824B070
:1056D0006149C1620121FDF73BF9ABE001210420E2
:1056E000FCF7DEFD01210820FCF7BEFD6846FCF753
:1056F00089FC4FF4405000908DF804508DF80560FF
:105700008DF806408DF80740544D69462846FCF751
:105710000BFC02220C212846FCF751FC02220D2131
:105720002846FCF74CFC4E4D2846FDF72DF905A800
:10573000FDF7EEFBADF81440CDF81890ADF81C4025
:10574000ADF8164005A92846FDF7A2FB00231A462E
:1057500003212846FDF7F3F902A8FDF74FFAADF84B
:10576000107002A92846FDF713FAADF8088002A9C7
:105770002846FDF70DFA3B48C0F800A00121284655
:10578000FDF7E6F856E001210820FCF789FD01212C
:105790008020FCF769FD6846FCF734FC4FF440605C
:1057A00000908DF804508DF805608DF806408DF856
:1057B00007402D4D69462846FCF7B6FB02220A2118
:1057C0002846FCF7FCFB02220B212846FCF7F7FBDE
:1057D000264D2846FDF7D8F805A8FDF799FBADF84A
:1057E0001440CDF81890ADF81C40ADF8164005A94E
:1057F0002846FDF74DFB00231A4603212846FDF7F6
:105800009EF902A8FDF7FAF9ADF8107002A9284632
:10581000FDF7BEF9ADF8088002A92846FDF7B8F9F2
:105820001348C0F800B013490B480860012128460E
:10583000FDF78EF8089807F04DFC09B00020BDE890
:10584000F08F0000000802400004004024040040E3
:105850000000024000040240C0C62D00000C0240BF
:105860000008004024080040001C0240000C0040DA
:10587000240C00402C0C004070B586B007F030FCC2
:10588000012844D0234E3078012840D00121402007
:10589000FCF7EAFC01218803FCF71EFD04A8FCF7D5
:1058A000B1FB4FF47045049500248DF814408DF839
:1058B000174004A91848FCF737FB0C210620FCF719
:1058C00043FE0D210620FCF73FFE0E210620FCF7CB
:1058D0003BFE0F210620FCF737FE02958DF80C40A9
:1058E00008208DF80D0001258DF80E5002A8FCF758
:1058F000D3FA28208DF804000D208DF805008DF8CE
:1059000006408DF8075001A8FCF760FC357006B022
:1059100070BD00000C030010001802402DE9F0419A
:105920000746384600F065F8002836D0384601F0C2
:1059300029FFB0F1FF3F34D01C4800EB87067568A3
:105940000024E86A10B101F0AEFBEC62286B10B1E4
:1059500001F0A9FB2C63686A10B101F0A4FB6C6232
:10596000686B20B105F13400FEF77DFF6C632C609D
:105970006C60AC60EC602C616C61AC61EC612C62C1
:105980006C62AC62EC622C63301DFEF76CFF384633
:1059900007F030FD0020BDE8F0814FF0FF30BDE89A
:1059A000F0814FF0FF30BDE8F08100007040001042
:1059B00070B505460C461646284600F01AF838B170
:1059C0004CB1324621462846BDE8704007F0C2BBC4
:1059D0004FF0FF3070BD6FF0010070BD70B5044630
:1059E0000D4607F043FD29462046BDE8704007F00C
:1059F00003BC07F0F7BC000070B50D461646074B18
:105A000003EB80025468FFF7F4FF18B16561A661EB
:105A1000002070BD4FF0FF3070BD000070400010DE
:105A200010B504462046FFF7E4FF20B1204607F0FA
:105A300003FD002010BD4FF0FF3010BD10B504462F
:105A40002046FFF7D6FF20B1204607F09BFD00203F
:105A500010BD4FF0FF3010BD70B50D46124901EB7F
:105A600080014C68FFF7C5FF78B18DB1607A94F87A
:105A7000231010FB01F22946606BCCF7F7F9294699
:105A8000206B01F00BFC002070BD4FF0FF3070BDAB
:105A9000607A94F8231010FB01F1606BCCF7ECFAFC
:105AA000206B01F0F1FAEEE77040001070B50D4682
:105AB000094901EB80014C68FFF79BFF28B1607A30
:105AC000A84205D24FF0FF3070BD4FF0FF3070BDDF
:105AD00084F82250002070BD70400010F0B583B0F3
:105AE00005460E46234800EB85004468224850F8DE
:105AF00025702846FFF77DFF48B366B3284607F0B8
:105B000041FD84F82960E06A01F0BEFA002084F8C3
:105B10002800029094F82310012920D0002202A925
:105B2000206B01F004FB284607F036FD284607F0FD
:105B300095FC02213846FCF7BCFC0028F9D0BDF8E2
:105B400008103846FCF7CEFC03B00020F0BD03B0CF
:105B50004FF0FF30F0BD03B04FF0FF30F0BD0190CB
:105B6000002201A9206B01F0E2FA9DF804000290E6
:105B7000D9E7000070400010201706082DE9F04119
:105B80008046224F07EB88067468404607F032FDD6
:105B900068B1002507EB8500406828B1417C627C34
:105BA000914201D1A0421FD1052D04D018E04FF041
:105BB000FF30BDE8F081E07DFFF740FFE07DFFF7BB
:105BC0002FFFE07DFFF7AAFEB0F1FF3F15D0607C0C
:105BD000FFF774FB607CFFF75BFBB0F1FF3F10D079
:105BE000681CC5B2062DD5D3404607F00BFD301D0D
:105BF000FEF739FE0020BDE8F0814FF0FF30BDE830
:105C0000F0814FF0FF30BDE8F081000098240010D3
:105C1000F8B50E4615468E4901EB80014C6807F039
:105C2000E9FCA8B1BEB1B5B100272F706F60207B31
:105C3000012198B1042840D00421052851D0012821
:105C40007ED002287DD0032800F0EF8000F0FEB85F
:105C50004FF0FF30F8BD6FF00100F8BD2F7094F8E1
:105C6000230000F00702042A24D094F82220FF2AFF
:105C700005D1FF2803D194F82420FF2A0DD010F07D
:105C8000030F04D02970287940F00200287194F89D
:105C9000230010F0040F08D00CE02970287940F0A0
:105CA000010028714FF0FF30F8BD2970287940F0CD
:105CB00004002871A0693060C8E02F7094F82200B9
:105CC000FF2803D194F82300FF2802D0A069306098
:105CD000BCE02970287940F0010028714FF0FF30B6
:105CE000F8BD2F702F7194F83A0008B1012802D145
:105CF00005202870297194F83A00022807D106205F
:105D00002870287900F0070040F00200287194F80C
:105D1000230094F82220010A00063B1894F824007E
:105D20004A41010C00041B1894F825004A41010E59
:105D300000021B1894F8260051411818794101E01F
:105D40002AE062E0FBF748FEC043C0B294F83B1083
:105D5000814207D007202870287900F0070040F022
:105D600001002871208FA0F57F41FF390BD13949FF
:105D7000A069884207D194F83A00032803D194F827
:105D80003B00FF2802D0A06930605FE00820287047
:105D90006F604FF0FF30F8BD2F70207FF52807D1DE
:105DA00094F82200A62803D194F82800AD280FD03B
:105DB00094F82200FF280BD194F82300FF2807D184
:105DC00094F82400FF2803D194F82500FF2808D078
:105DD00094F83500762808D094F8350077280BD051
:105DE00010E029704FF0FF30F8BD94F82A0048B158
:105DF00002212970686005E094F82A0010B103219F
:105E000029706860A069306020E0009704F13003D9
:105E100094F834009A1E022100F0A6FCE08D218E39
:105E200040EA0140A061306010E004F132000090CF
:105E300004F1300394F834009A1E022100F094FC1F
:105E4000E08D3060208E7060608EB0600020F8BD04
:105E500098240010FFFF07002DE9F04F8DB0064693
:105E60000D46814800EB86077C68304607F03EFD12
:105E700008B12DB105E00DB04FF0FF30BDE8F08F57
:105E80007A4D304607F0B6FB012801D07CB113E013
:105E9000102221462846CBF79EFF20B10DB04FF0CF
:105EA000FF30BDE8F08F00200DB0BDE8F08F3C2042
:105EB000FEF7E4FC044678600FCD84E80F0000276D
:105EC00084F836702674DFF8A88106EB460040445B
:105ED000017AE175427A6274807AA075A761012027
:105EE000217B022901D0032900D10020012831D0D3
:105EF000604902EB420001EBC0004069C4F81200A7
:105F000001215D4DD5F834C0D5F840B0D5F83CA09E
:105F1000D5F838902B6BEA6A686ACDF82CB0CDF8CA
:105F20002490CDF820C0CDF828A0079306920490C5
:105F3000D8F804000590207B012817D030B3012247
:105F40000223042818D0052821D002282BD00328AA
:105F500035D040E000211046FFF73EFA0028A3D1DB
:105F6000607C04F11201FFF723FAC9E704208DF8E1
:105F700019008DF82C702EE08DF82C708DF82D20E6
:105F8000ADF82E208DF819308DF8182023E08DF80B
:105F90002C708DF82D20ADF82E2006208DF81900DC
:105FA0008DF8187017E08DF81B208DF819308DF8DA
:105FB00018208DF82C708DF82D2000210BE08DF825
:105FC0001B2003208DF819008DF818208DF82C70F7
:105FD0008DF82D200021012906D1E07D04A9FFF7CD
:105FE000FDFC00287FF460AF207B022802D003284C
:105FF0001AD030E005F5A2750FCD8DE80F00E07DD9
:1060000001280FD000258DF80000A07C8DF8040039
:10601000A08AADF806006946284600F063FB84F8C4
:10602000345018E00125EEE705F5AA750FCD8DE88F
:106030000F00E07D012815D000258DF80000A07C20
:106040008DF80400A08AADF806006946284600F0E5
:1060500049FB84F83450304607F0DAFA0DB00020DE
:10606000BDE8F08F0125E8E7982400101411060818
:10607000D4150608701606080011060838B505463E
:10608000444800EB85004468284607F0B3FA68B13D
:10609000207B70B1042822D0052836D001284AD0B0
:1060A000002102285AD0032865D070E04FF0FF305D
:1060B00038BDA17D607CFFF72BF9E07D2A4636498B
:1060C000FFF79AFCE07D0321FFF7F0FCE07D334908
:1060D000FFF7C2FCE07D0121FFF700FD57E0A17D45
:1060E000607CFFF715F9E07D2A462B49FFF784FC19
:1060F000E07D0121FFF7DAFCE07D2949FFF7ACFCE8
:10610000E07D0121FFF7EAFC41E0A17D607CFFF723
:10611000FFF8E07D2A462049FFF76EFCE07D06216E
:10612000FFF7C4FCE07D1F49FFF796FCE07D0121ED
:10613000FFF7D4FC2BE0A17D607CFFF7E9F8607BE2
:10614000012807D0F5202077FF206077284607F048
:10615000A9FB1CE0284607F085FB18E0009100230E
:1061600094F834001A46012100F0FEFA616871B11A
:10617000A06888470BE00091002394F834001A4689
:10618000012100F0F1FA616809B1A0688847002098
:1061900038BD0000982400101DD60508041106081B
:1061A000001106080E11060800487047EE15060893
:1061B00001F0E4BBEFF305807047000010B5002844
:1061C00000D107480749026840680A60486000201B
:1061D0000872C8604FF44070FCF732F8002010BD20
:1061E000D01006087C24001001F00FBC04480068A1
:1061F000C005C00D01D0012070470020704700008D
:1062000004ED00E001F003BC01F00EBC01F019BC8C
:1062100001F06ABC10B501464FF00060FCF71AF8B7
:10622000002010BD70B586B005460C461646FF2D01
:1062300012D0284607F06AFB90B1ACB107F05EFBC4
:1062400000210191029103910491059160680190F0
:10625000607A68B101210CE006B04FF0FF3070BDEC
:1062600006B04FF0FF3070BD6FF0010006B070BD9A
:1062700000218DF80810207A8DF80900E06803905D
:1062800020690490324601A9284601F075FC0028D7
:10629000ECD006B04FF0FF3070BDFF2801D001F008
:1062A000BBBC4FF0FF307047FF2801D001F0D4BCD9
:1062B00000207047FF2801D001F0DFBC4FF0FF3015
:1062C000704710B5044607F029FB012801D00020D3
:1062D00010BD2046BDE8104001F0C6BB01F014BC63
:1062E000012202FA01F1014201D001207047002091
:1062F00070470278012303FA01F1114301707047DE
:10630000084201D00120704700207047028822EA2D
:10631000010101807047028811430180704701220A
:1063200002FA01F1014201D00120704700207047BC
:106330000123026803FA01F122EA010101607047BA
:106340000123026803FA01F1114301607047000064
:106350002DE9F04104462B4800EB840046682046B6
:1063600007F010FB002839D0002E3BD0012086F822
:106370002C00254D254F002C3BD03846012203210F
:10638000FBF79AF994B3384601220221FBF794F9FE
:106390006CB3384601221146FBF78EF944B33846F8
:1063A000012248F20871FBF787F9204607F0CDFB80
:1063B000204607F0D1FB002086F82F00204607F08A
:1063C0007DFB04B13D46286820F001002860686824
:1063D00010F0010FFBD10020BDE8F0814FF0FF303D
:1063E000BDE8F0814FF0FF30BDE8F08103E004E04C
:1063F00005E02846C2E72846C6E72846CAE72846F9
:10640000CEE700008C4000100064004000680040AF
:106410002DE9F04105460E461746104800EB850071
:106420004468284607F0AEFA78B196B1284607F0DE
:1064300085FB3A463146A06A00F0ABFE044628468A
:1064400007F083FB2046BDE8F0814FF0FF30BDE848
:10645000F0814FF0FF30BDE8F08100008C4000106B
:106460002DE9F04707460D46314800EB8706746872
:10647000384600F035F938B1384607F083FA01287C
:1064800006D04DB164B12AE04FF0FF30BDE8F0878F
:106490004FF0FF30BDE8F0874FF0FF30BDE8F087E8
:1064A00095F8008095F80C90B8F1000F02D0B9F182
:1064B000000F03D11FA1E32001F00CFB302001F0FD
:1064C000A2FA04467060284A1021484600F0FAFEFD
:1064D0006062254A1021404600F0F4FEA06295E873
:1064E0000F10D5F81C90D5F818806E6984E80F104D
:1064F000C4F81C90C4F818806661286A2062606A3B
:1065000000F09DFFA06A00F09AFF002084F82C00A4
:1065100084F82D0084F82E0084F82F00384607F008
:10652000D5FA384607F036FA0020BDE8F0870000BB
:106530008C400010686C5F63616E5F696E697428DF
:10654000293A206E656564206E6F6E2D7A65726FD4
:1065500020747820616E64207278206669666F20EE
:1065600073697A6573000000781706082DE9F04119
:1065700007460E46134800EB87004468002538465E
:1065800007F000FA28B146B194F82F00012808D08E
:106590000BE04FF0FF30BDE8F0814FF0FF30BDE879
:1065A000F081384607F0D8FA0125606A00F04DFF07
:1065B0003070012D02D1384607F0D5FA0020BDE831
:1065C000F08100008C40001070B505460C46164660
:1065D000284607F0D7F938B14CB132462146284653
:1065E000BDE8704007F0A0B94FF0FF3070BD4FF02C
:1065F000FF3070BD70B506460C460D4800EB8600B6
:106600004568304607F0BEF960B174B1304607F016
:1066100095FAA86A00F019FF2070304607F095FA45
:10662000002070BD4FF0FF3070BD4FF0FF3070BDE7
:106630008C40001010B50446204607F0A3F920B1A5
:10664000204607F097FA002010BD4FF0FF3010BD34
:1066500010B50446204607F04FFC30B1204607F045
:10666000D7FB28B14FF0FF3010BD4FF0FF3010BD09
:10667000002010BD2DE9F04107460D46164800EBFD
:1066800087067468384607F045FC30B1384607F095
:1066900033FC012805D045B108E04FF0FF30BDE8DC
:1066A000F0814FF0FF30BDE8F0810C4D24B9082097
:1066B00001F0A9F90446706069682868616020608B
:1066C000384607F08DFB384607F080FB384607F068
:1066D0001BFC0020BDE8F081804000104C1706082C
:1066E00007F00ABC70B504460D46022C02D34FF0E9
:1066F000FF3070BD35B1687808B1032805D94FF077
:10670000FF3070BD4FF0FF3070BD204607F0D4FC65
:10671000012805D0124800EB8400416811B107E060
:10672000002070BD0F4A04EB440102EBC10141603F
:10673000284607F051FC10B14FF0FF3070BD4FF408
:10674000FA7001F01BF9204607F0BEFC012120463B
:1067500000F088F80221204600F084F8002070BD87
:10676000DC400010780400102DE9F04F83B004469F
:10677000DDF830800E4691469A46204607F09CFC94
:1067800088B1002101910291354800EB84004468F2
:1067900094F800B067780025584601F02BF83EB118
:1067A000012E05D01BE003B04FF0FF30BDE8F08FA5
:1067B0000021606800F00CFF002F09D900224FF67D
:1067C000FF71584601F082F8681CC5B2BD42F5D38E
:1067D000584601F0BDF80121606800F0F9FE1EB9CD
:1067E0004FF4FA7001F0CAF80EB1022E1BD100214D
:1067F000606800F0EDFE0025002F0DD90021C5F1E5
:10680000020004EB400000F11002584601F05EF86F
:10681000681CC5B2BD42F1D3584601F099F8012178
:10682000606800F0D5FE584600F0CAFF0EB1022E97
:1068300011D1B9F1000F02D0A08AA9F80000BAF175
:10684000000F02D0608AAAF80000B8F1000F02D051
:10685000208AA8F8000003B00020BDE8F08F0000F7
:10686000DC40001070B505460C46284607F024FCB5
:1068700058B14FF0FF305CB1012C0ED0022C06D184
:106880002846BDE8704007F051BB4FF0FF3070BDA7
:106890002846BDE8704007F01DBC2846BDE87040A2
:1068A00007F052BC70B50546104E7468002D05D037
:1068B00007F0D2FC012808D04CB10AE00CA1E1207D
:1068C00001F008F94FF0FF3070BD002070BD134C8F
:1068D00074602146284607F07FFC10B14FF0FF306E
:1068E00070BD07F0BFFC002070BD0000CC0400109C
:1068F000636667206973204E554C4C20696E206892
:106900006C5F636869705F6D696372656C5F6B7300
:10691000383839335F696E6974000000D4040010A0
:1069200010B5044607F098FC20B12046BDE81040A1
:1069300007F09EBC4FF0FF3010BD10B5044607F0C5
:106940008BFC20B1204607F0B5FC002010BD4FF0B5
:10695000FF3010BD70B504460D46164607F07CFCAE
:1069600030B1324629462046BDE8704007F0FEBCF3
:106970004FF0FF3070BD70B504460D4607F06CFC5B
:1069800028B129462046BDE8704007F077BE4FF099
:10699000FF3070BD2DE9F04387B0054624484468B8
:1069A0004FF0FF08CDF8188001270597214841686E
:1069B00000680491039007F04FFCD0B1267B94F857
:1069C0000D9020788DF80E7006A900910197BE21D8
:1069D000049B039A00F076FE9DF8180010F0010F5A
:1069E0000CD015B1284607F065FC07B00020BDE8C3
:1069F000F08307B04FF0FF30BDE8F083FF2E0FD0DB
:106A0000304607F053FE484607F022FF204607F0C5
:106A1000D3FE284607F04EFC07B00020BDE8F08307
:106A20000DB185F8008007B00020BDE8F0830000BC
:106A3000CC0400101C19060870B505462F4E74686A
:106A4000002D00D12E4D07F087FF012808D02878AF
:106A5000FF2807D0687800F009FE30B144B109E0A2
:106A6000002070BD4FF0FF3070BD4FF0FF3070BDA3
:106A7000244C74602868A0606868E060237A042170
:106A8000A02080228D034FF4005C052B1ED2DFE88E
:106A900003F003080E12160020706180C4F804C0D1
:106AA00018E0207020206080C4F804C012E020703C
:106AB000628065600EE02070628065600AE0207090
:106AC0004FF4807060804002606003E0207061805D
:106AD000C4F804C0A17A207801F0070140EA41001F
:106AE000207004F1080008F0D6F804F1080008F05E
:106AF000C7F807F037FF002070BD0000E404001065
:106B00005A190608C0410010FFB585B00646174661
:106B10001D461648446807F01FFFE8B13A4606A92B
:106B2000304607F025FFB0F1FF3F19D002208DF865
:106B30000C00ADF80E600698009780B201902178A5
:106B4000607A049B039A00F0BDFD002D02D058B17D
:106B50000021296009B0F0BD09B04FF0FF30F0BD51
:106B600009B04FF0FF30F0BD0699F2E7E4040010E1
:106B70002DE9FF41064617461D461848446807F0B0
:106B8000EBFEF0B13A4601A9304607F0F1FEB0F154
:106B9000FF3F1BD004F1080008F062F8B1B2019881
:106BA00082B2384607F046FF064604F1080008F0B6
:106BB00067F815B17EB10021296004B03046BDE808
:106BC000F08104B04FF0FF30BDE8F08104B04FF029
:106BD000FF30BDE8F0810199EEE70000E404001009
:106BE000034840688069002800D0004770470000D3
:106BF000F802001004494FF000500860BFF34F8FB7
:106C0000BFF36F8F0020704784E100E009484FF028
:106C10000051C0F88012C0F80011BFF34F8FBFF3CE
:106C20006F8F054A526912F0400F01D0C0F8001270
:106C30000020704704E000E00090024001494968EC
:106C400009690847F80200102DE9F8430546FF20BE
:106C50000090DFF8F480D8F8044008F023FA012807
:106C600003D06FF00E00BDE8F88300F0BFF80128F4
:106C70000CD0AE7AEF7A6DB1687AFF280AD06968D5
:106C80002868084306D056B14FB10CE04FF0FF30F2
:106C9000BDE8F8832DA1E32000F01CFF03E030A144
:106CA000E32000F017FF2CB9282000F0ACFE0446CA
:106CB000C8F804001CB935A1E02000F00BFF95E8EE
:106CC0000F0084E80F00A672E77207EB470040024E
:106CD00000F099FEE06106EB4600400200F093FEF2
:106CE0002062380100F08FFE6061300100F08BFE01
:106CF000A061E16921B1216A11B1616901B118B9DD
:106D000022A1E02000F0E6FE002000F07DF918B19D
:106D100027A1E02000F0DEFE08F020F9684600F030
:106D20008DF99DF80000FF2803D12F49E02000F0E5
:106D3000D1FE9DF80010284608F0B8F808F0B0F829
:106D40000020BDE8F883000020030010686C5F6538
:106D500074685F696E69742829202E2E2E20000029
:106D6000686C5F6574685F696E6974282920686162
:106D700073207A65726F20747820616E642F6F7251
:106D8000207278207175657565000000686C5F651C
:106D900074685F696E697428292064696420676576
:106DA0007420656E6F75676820686561700000000B
:106DB000686C5F6574685F696E6974282920636117
:106DC0006C6C656420686C5F6574687472616E7366
:106DD0005F696E6974282920776869636820666135
:106DE000696C656400000000401B060808F052B89A
:106DF0000149496849690847F802001000B585B0A3
:106E000007488078012809D0694602A807F050FF9A
:106E100002A800F059FB684600F01EFB05B000BD5B
:106E20002003001070B505462148446808F032F888
:106E3000012802D04FF0FF3070BD1E48416809B1F3
:106E40002846884794F811C0A36903EB0C10016829
:106E500011F0004FFBD12A1D082000EB0C10185830
:106E600020F003032888C01C810831B152F8040BBC
:106E700043F8040B491E0029F8D10422A16902EB52
:106E80000C1228888850A06900EB0C10016841F0B2
:106E900000410160A17A0CF10100884200D100207C
:106EA000607405480221416100214160002070BDED
:106EB00020030010180300100090024001494860B0
:106EC000002070471803001010B58AB00E4C60788F
:106ED000012816D06B4602AA05A907A807F0A4FF4F
:106EE00007A800F0F1FA05A800F0B6FA02A800F031
:106EF000EBFA684600F0B0FA04490420086101206A
:106F000060700AB010BD0000200300100080024035
:106F10000D4A5278002A15D0C006000C01F01F015E
:106F200040EA8110094940F00100086100200A6927
:106F300012F0010F03D0401CB0F5A02FF7D3486921
:106F400080B270470020704720030010008002408C
:106F500038B50446002C0CD00948416961B1FF21C5
:106F6000009142696946002090479DF80010217009
:106F700038BD4FF0FF3038BD4FF0FF3038BD000056
:106F8000001606080548C168002903D0C268816858
:106F9000002010474FF0FF30704700000016060831
:106FA00038B5044608480169002909D0FF2100913D
:106FB00002696946002090479DF80010217038BD95
:106FC0004FF0FF3038BD00000016060810B504462B
:106FD000002C06D008F0BCF8012805D06FF00E0098
:106FE00010BD6FF0010010BD08F09AF830B108F044
:106FF000A3F830B12046FFF7ABFF10BD4FF0FF30D4
:1070000010BD4FF0FF3010BD10B508F0A1F80128F9
:1070100002D06FF00E0010BD08F082F8012808D0F1
:1070200005480068FFF7AEFF044608F07FF82046E9
:1070300010BD002010BD0000D402001010B50446A1
:1070400008F086F8012802D06FF00E0010BD08F09D
:1070500067F850B108F070F8012809D02046FFF712
:107060009FFF044620000BD00CE04FF0FF3010BD16
:1070700024B12046BDE81040FFF7A8BF002010BD96
:1070800008F060F8204610BD10B50446002C09D069
:107090002078E17810FB01F16068CAF7EDFF00206D
:1070A0006070A07010BD10B50446002C08D0606858
:1070B00008B100F0A3FC2046BDE8104000F09EBCE3
:1070C00010BD00280CD0417861B102788378134458
:1070D000591A8A4200D8891A82682AB14068104732
:1070E00000207047002070474268C07801FB0020F4
:1070F000704700280BD0417859B102788378134447
:10710000591A8A4200D8891A406808F052B80020FB
:10711000704700207047002805D0417800788142F0
:1071200003D101207047012070470020704770B5DF
:1071300004460E461546002C13D096B162789AB1DB
:107140002078A17801448B1A984200D81B1AD4F8F1
:107150000CC0BCF1000F0DD0002130466268E04742
:107160000FE04FF0FF3070BD0DB1002028706FF0C0
:10717000040070BDE278606803FB02013046CAF784
:1071800075FE6078401EC0B2607005B128700020A6
:1071900070BD70B504468C461546002C18D0BCF165
:1071A000000F15D06378B3B12078A1780144CB1AD1
:1071B000984200D81B1A00216046626807F0FCFF65
:1071C0006078401EC0B2607005B12870002070BDAC
:1071D0004FF0FF3070BD6FF0040070BD70B5044615
:1071E000049E002C0DD063B159B152B12170E270F0
:1071F0006360042A2ED007DC012A35D0022A07D189
:107200002DE04FF0FF3070BD082A1ED0102A17D095
:107210000020A060E06076B1002500290BD9E2785B
:107220006068314605FB0200CAF720FE681CC5B243
:107230002078A842F3D8204600F001F9002070BD64
:107240000C48A0600C48E060E5E70C48A0600C48E2
:10725000E060E0E70B48A0600B48E060DBE70B482C
:10726000A0600B48E060D6E70A48A0600A48E060EA
:10727000D1E70000B3F10508B9F105089BF1050855
:10728000A1F1050887F105088DF1050873F10508DE
:1072900079F1050865F1050869F1050810B504469E
:1072A000002C0CD059B1E078227810FB02F2606813
:1072B000CAF7DCFD207860700020A07010BD4FF090
:1072C000FF3010BDF8B504460D461646002C14D00C
:1072D0009DB1102000F097FB074638000FD005FB4A
:1072E00004F000F090FB60B103462A462146384680
:1072F0000096FFF773FF3846F8BD0020F8BD002068
:10730000F8BD0020F8BD2DE9F84304460E461746A7
:107310009846002C13D0CEB1C7B1E078217810FB8D
:1073200001F007FB06F5A84213D163688BB13A461A
:1073300031462046CDF80080FFF750FF1DE0424661
:1073400039463046BDE8F843FFF7BCBF2046BDE8EC
:10735000F883606888B100F051FB00206060284627
:1073600000F051FB284600F04EFB03463A463146FA
:107370002046CDF80080FFF731FF2046BDE8F883B6
:10738000002804D04178002901D0491E417070477F
:1073900070B504460D46002C06D0607821788842EE
:1073A00005D14FF0FF3070BD4FF0FF3070BD95B18B
:1073B000D4F80CC0BCF1000F05D0A17800232A46F8
:1073C0006068E04707E0A178E278606811FB02009E
:1073D0002946CAF74BFD6078401C6070A078401CBD
:1073E000C0B2A0702178884201D10020A070002096
:1073F00070BD10B50446002C06D060782378984202
:1074000005D14FF0FF3010BD4FF0FF3010BD41B13E
:10741000A0780A46D4F804C001460023604607F06D
:10742000CBFE6078401C6070A078401CC0B2A07099
:107430002178884201D10020A070002010BD0028D2
:1074400002D00021417081707047002801D040783F
:10745000704700207047000010B50446002C0BD088
:10746000608807F0B6FE0146FF2902D0207809287F
:1074700005D94FF0FF3010BD4FF0FF3010BD044B69
:10748000227953F82000FAF79AFD002010BD000081
:1074900088170608002908D038B10A7802704A888F
:1074A000428009790171002070474FF0FF3070472A
:1074B000002906D028B10A7802704988416000206E
:1074C00070474FF0FF30704770B5002806D0047841
:1074D000051D092C05D94FF0FF3070BD4FF0FF306E
:1074E00070BD0748012150F82400FAF7BDFE054899
:1074F000294650F82400FAF717FD002070BD00005F
:10750000B81706088817060811B49DF80000FF2870
:1075100008D0BDF8021029B1044A52F8200018BC66
:10752000FAF75EBD18BC03207047000088170608F4
:1075300001B586B09DF81820FF2A1BD0BDF81A109F
:10754000C1B10E48D0F864C0036E806ECDF80CC097
:10755000029304908DF80020ADF802104FF0FF3038
:107560000190694602A8FFF7A3FF02A8FFF7ACFF4E
:1075700007B000BD07B04FF0FF3000BD8817060808
:1075800011B49DF80000FF2808D0BDF8021029B101
:10759000044A52F8200018BCFAF729BD18BC032091
:1075A000704700008817060801B59DF80000FF2805
:1075B00009D0BDF8021031B1044A52F82000FAF7A0
:1075C0002AFD002008BD4FF0FF3008BD88170608CF
:1075D00013B50A469DF80000FF2807D0BDF8021039
:1075E00021B1032A02D02AB1012204E002B04FF0F7
:1075F000FF3010BD0022044B53F82000FAF70FFDB6
:1076000002B0002010BD00008817060870B50546BE
:107610000C46002C00D1144C2078012804D060784E
:1076200028B16FF00E0070BD6FF00E0070BD2846DF
:1076300007F03EFF012802D06FF00E0070BD284613
:1076400000F014F8012807D02146284607F064FE10
:107650000446200002D004E0002070BD284607F058
:1076600073FE204670BD00007418060807F064BE63
:1076700070B505460C462846FFF7F8FF38B14CB107
:1076800024F001012846BDE8704007F063BE4FF0CA
:10769000FF3070BD4FF0FF3070BD70B505460C4631
:1076A0002846FFF7E3FF38B14CB124F0010128462A
:1076B000BDE8704007F0E4BE4FF0FF3070BD4FF002
:1076C000FF3070BDFFB583B007460D9D0C9C0E4684
:1076D0003846FFF7CBFF48B166B19DF814200AB1D8
:1076E000032A0BD907B06FF00E00F0BD07B04FF0C2
:1076F000FF30F0BD07B04FF0FF30F0BD5CB175B1A9
:1077000026F00101019500943846069B059A08F081
:1077100031FB07B0F0BD07B06FF00100F0BD07B05E
:107720000020F0BDFFB583B007460D9D0C9C0E46B2
:107730003846FFF79BFF48B166B19DF814200AB1A7
:10774000032A0BD907B06FF00E00F0BD07B04FF061
:10775000FF30F0BD07B04FF0FF30F0BD5CB175B148
:1077600026F00101019500943846069B059A07F022
:1077700055FF07B0F0BD07B06FF00100F0BD07B0D6
:107780000020F0BD10B50446204600F09DF880B101
:10779000094850F82400FAF72AFE204608F036F986
:1077A000064800EB8404606800F028F9002060605F
:1077B00010BD4FF0FF3010BDCC180608B0410010CE
:1077C00010B50446204608F019F970B1084850F881
:1077D000244080212046FAF76CFE0128F9D00021D0
:1077E0002046FAF7F8FD002010BD4FF0FF3010BD25
:1077F000CC18060810B50446204608F0FFF838B14A
:10780000054850F824000121FAF7E5FD002010BDDD
:107810004FF0FF3010BD0000CC1806082DE9F041F4
:1078200007460C4690461E4800EB870675683846AA
:1078300008F0F8F830B1384608F0E0F8012805D033
:1078400044B108E04FF0FF30BDE8F0814FF0FF3069
:10785000BDE8F081134C2078012803D112A1E42067
:1078600000F038F93DB9082000F0CDF80546706009
:107870000020286068606168206869602860384678
:1078800008F02AF821784246384608F045F838468C
:1078900008F068F8384608F0BFF80020BDE8F0812D
:1078A000B0410010B0180608737069206D617374E0
:1078B0006572206D6F646520697320756E737570D5
:1078C000706F72746564000008F098B870B5054672
:1078D0000E461446284608F091F8C8B10E4850F8F4
:1078E000255002212846FAF7E4FD0028F9D0314658
:1078F0002846FAF7F7FD01212846FAF7DAFD0028B5
:10790000F9D02846FAF7ECFD04B12080002070BDC4
:107910004FF0FF3070BD0000CC18060830B585B0C0
:1079200004460025204608F07DF840B16846FAF785
:10793000EFFC3CB1012C07D0022C06D104E005B0CD
:10794000002030BD039D00E0029D05B0284630BDFB
:1079500010B50446204608F051F850B1064850F8DA
:10796000244080212046FAF7A4FD0128F9D0002008
:1079700010BD4FF0FF3010BDCC18060870B582B0B6
:1079800005461B4C1B4800262168006881420FD029
:107990002060002303221946C9F75DFE090541EA6C
:1079A00010310005144A0023C9F755FEE160A060BC
:1079B000A068E168A0FB052301FB053100FB061070
:1079C0000092019000990198090D41EA0031000DE3
:1079D0000091019000990198084305D00098C8F7DC
:1079E000D3FD02B0002070BD02B0002070BD0000C9
:1079F00028040010B002001040420F0001B5684694
:107A0000FCF731FF08BDFCF739BF72B6704740B2D2
:107A100000F01F01012202FA01F14009800000F18B
:107A2000E020C0F88011704740B200F01F01012231
:107A300002FA01F14009800000F1E020C0F80011D5
:107A40007047FF290AD040B20907090E002806DA5C
:107A500000F00F0000F1E02080F8141D704700F1E5
:107A6000E02080F80014704730B400282BD00023A9
:107A7000174D90F800C0154C2905BCF1000F12D02D
:107A8000226812F0010F08D02A6812F0010F04D00A
:107A90000A68002AFCD081F800C05B1C10F801CFF6
:107AA000BCF1000FECD10A22206810F0010F07D0C2
:107AB000286810F0010F03D008680028FCD00A7075
:107AC00030BC581C704730BC00207047800E00E06E
:107AD000000E00E010B504460846FFF7C5FFF02C85
:107AE00000D0FEE710BD0000BFF34F8F04480168CF
:107AF000044A01F4E06111430160BFF34F8FFEE7D8
:107B00000CED00E00400FA05074908684968074AD7
:107B10001268101841F100016FF0010242400A435F
:107B200001D1501E01467047107AFF1F187AFF1FBF
:107B300010B582B0FAF78AFD0D4C20680190FFF76E
:107B4000F7FC60680090FFF7F3FC0A4C01210198F4
:107B5000FFF73EFD00210098FFF73AFD2046FFF7B2
:107B60000DFF009802B00121BDE81040FFF730BDC5
:107B7000D8160608B0AD01002DE9F04107460D46C4
:107B80009046FF2F0DD0234800EB870674683846D7
:107B900008F0DAF848B165B1286870B1287980B189
:107BA00012E04FF0FF30BDE8F0814FF0FF30BDE84C
:107BB000F0816FF00100BDE8F0814FF0FF30BDE8CB
:107BC000F0816879FF2801D024B10AE04FF0FF303E
:107BD000BDE8F0812020FFF716FF0446706000200A
:107BE0002075384600F038F8022802D1384600F0F7
:107BF00044F8B5E80F10A4E80F10384607F06AFF04
:107C00004146384607F034FF384607F05DFF002054
:107C1000BDE8F0819840001010B50446FF2C09D053
:107C2000204607F049FF40B1204607F0F9FF02283F
:107C300006D008E04FF0FF3010BD4FF0FF3010BD10
:107C4000204600F01AF80221204607F0F5FF2046F2
:107C500007F0FAFF002010BD10B50446FF2C08D035
:107C6000204607F029FF30B12046BDE8104007F05C
:107C7000D7BF002010BD002010BD10B50446FF2C5A
:107C800011D0204607F018FF80B1204607F0C8FF4A
:107C900001280ED0204608F033F80121204607F0D5
:107CA000CBFF002010BD4FF0FF3010BD4FF0FF3074
:107CB00010BD002010BD10B5044600220221F9F7C6
:107CC000C9FE02460421201DF9F7C4FEC043BDE8E9
:107CD000104080B2FAF7B4BC10B50446042206493D
:107CE00000F022FD012805D0204600F039F80028D8
:107CF00000D0012010BD00000013060870B5054635
:107D000000F02EF808B1012070BD00220D4C0E4885
:107D100003E0217831B1A41D521C01888A42F8DBAE
:107D2000002070BD04222946A01C00F00DFD002C8F
:107D3000F6D0A01C00F032F801202070204608F098
:107D4000ECF9E0E7F82600104203001010B500F04F
:107D500007F8002803D0002101704170012010BDF8
:107D60002DE9F041074600250A4C0B4E0AE0207829
:107D700030B10422A11C384600F0D6FC012807D0FF
:107D8000A41D6D1C30888542F1DB0020BDE8F08128
:107D90002046FBE7F826001042030010F8B506461F
:107DA0002A20FBF717F9054600F12604122020705F
:107DB0000020607004223146201D00F0C5FC2046E2
:107DC000FFF779FF60802A20288001230093002399
:107DD00002223146284600F099FB2846BDE8F840CB
:107DE000FBF748BC10B50246080008BF10BD11469D
:107DF00004F0FCFABDE8104004F0E8BA002808BF1F
:107E000070472DE9F047284E0F46B0F1FF3F32D0C2
:107E1000264C00213568E2680B46002A08BF4FF067
:107E2000000C38D0214AD2F814C01A46BCEB000826
:107E300071EB030810D204E0D4F80C80B8F1000F05
:107E400029D0E468D4F8148018EB0C0C4A41BCEB40
:107E5000000872EB0308EFD3E168E960E5602C618C
:107E6000E968002918BF0D61BCEB00006861616919
:107E7000A1EB000060610E480078012804BF1120CA
:107E800001F0A4F9306847700A4802F009FFBDE824
:107E9000F04704F0A5BBE960E5602C61B0EB0C0095
:107EA00060616961E7E700006C0300108041001029
:107EB00054030010684100102DE9F0411D4DE868A1
:107EC000002808BFBDE8F08168690026401EDFF881
:107ED0006880012768616869002818BFBDE8F081E3
:107EE000EC68002C08BFBDE8F081A06838B161687B
:107EF0004160606810B1A16881606660A66021463B
:107F00000E4804F0A7FA606968616078042806D119
:107F1000A069D8F80010D8F8042040186061677094
:107F2000E068E860E06800281CBF0561E660266143
:107F3000D1E70000804100102802001068410010C5
:107F40000321FFF75BBF000001480068006A70472B
:107F50006C03001010B50C0008BF10BDE1690143AF
:107F6000E1616278206A062A19D0052A18BF10BD7F
:107F7000014208BF10BD01402162E16921EA000011
:107F8000E061204604F0E3FA0120607002212046FF
:107F900004F0D4FA2046BDE8104002F0F1BD30EA0A
:107FA0000101EAD010BD00008C460F4910B50B68E6
:107FB000D9696AB130EA010206BF21EA0000D8613E
:107FC00006210ED018626046FFF718FF012010BD91
:107FD00011EA00021ABF21EA0000C3E907020521E5
:107FE000F0D0022010BD00006C0300100449054BC6
:107FF000096888611A685B688018486170470000EA
:108000006C030010280200100848094B0268186829
:1080100051695B68081A936910F0004F1944516167
:1080200018BF70470421FFF7E9BE00006C03001081
:1080300028020010612202700022427082704260A9
:10804000028142818281C1817047000070B516466D
:1080500042680D4612B1417801290FD08189C38948
:108060004FF0000C994229D1002E04BF012070BDB1
:108070001F4C216892B104F0EDF917E002F010FEF8
:108080000446406A04210560204604F057FA204661
:1080900004F05DFA204602F073FD26E0416021689D
:1080A000C1F804C02168886002214170206808215D
:1080B00045623046FFF7A2FE012070BD018900EB4A
:1080C00081010D6100F10C01D1E85F2F521C93B2C8
:1080D000C1E8523F002AF7D10189491C89B20181C8
:1080E000C289914208BFA0F808C0002070BD0000FE
:1080F0006C0300102DE9F04104468089002790466A
:108100000D4600283AD0608904EB800000690860C1
:108110006089401C80B26081E189884208BF678124
:10812000606810B1607802280DD004F10C0000BF27
:10813000D0E85F1F491E8AB2C0E8512F0029F7D14D
:108140000020BDE8F081204602F0AAFD054600218E
:1081500004F0F4F92189686A04EB8101086120893F
:10816000401C80B22081E189884208BF27812846CF
:1081700004F0EDF9284602F003FDE1E7B8F1000F45
:1081800004BF0120BDE8F0810B4E6068316818B172
:10819000204604F05FF906E06160306847603068AF
:1081A00084600120607008214046FFF727FE306898
:1081B00045620120BDE8F0816C03001070B5194DD7
:1081C0000E4604464188286839B1A168814209D128
:1081D0006088401C6080002070BDA060816AE16002
:1081E0008462F5E7002E04BF012070BD8A78807894
:1081F000824203D28870A06804F058F9606820B108
:108200002046296804F026F906E02868606029689D
:10821000002048602868846009213046FFF7EEFDA1
:10822000012070BD6C0300108A4288BF0A46622399
:108230000370002343608270C170704710B54168BD
:1082400069B102F02DFD0446032104F077F92046C0
:1082500004F07DF9204602F093FC002010BD8178E7
:10826000C27891421ABF491C8170FF20F5D110BD20
:1082700010B50C46817819B1491E8170002010BDDF
:10828000002C04BF012010BD094A4368116813B1D6
:1082900004F0E0F805E041601368002159601168BE
:1082A000886007212046FFF7A9FD012010BD0000CE
:1082B0006C03001010B5C8F7FDFF00F053F8074835
:1082C00000213C22818006490988C1800549064871
:1082D00000F03AFABDE81040C9F738B82E03001094
:1082E000440300101C270010FC24001030B50021AE
:1082F00006480B460124064A03E0037044700E3022
:10830000491C1588A942F8DB30BD00003825001053
:108310003E03001010B5C8F7CDFFC8F78AFFFFF77E
:10832000E5FF0448002101604160BDE81040C8F746
:10833000B4BF0000AC04001010B50020064903468D
:10834000064A02E001F8063B401C1488A042F9DB13
:1083500003490120087010BDF826001042030010E8
:108360002A0300100649054809684218121F002117
:108370000260116041600348016070475827001097
:1083800048030010B40400100448007800EB4000DB
:1083900082000021024800F0E5B900003C03001013
:1083A000683F0010F8B504460F46808AFAF748F98E
:1083B000054621880E30814245D3A07C0421B1EBD3
:1083C000101F40D1264907EB870001EB800104F123
:1083D00022000422064600F0A7F958BB04222149D6
:1083E000304600F0A1F928BB6FBB31780E22304631
:1083F000B2EB111F04D1FFF76FFC012815D00EE07E
:1084000004223146684600F09FF915480099026839
:1084100080684A40024202D10843401C05D02046F1
:10842000FBF7C6F878B1E07E02E0E07E022801D0DA
:10843000112808D104F1120000F016F818B9208BA9
:1084400030F0C00001D00020F8BDA07C0007800EF5
:1084500000F10E016180281A20800120F8BD000083
:10846000FC2400106818060801780907890EF9F73E
:10847000E5BA00002DE9F041214C8046214F2078DB
:10848000C0070AD02049404600F088F840BB0422CB
:10849000FF21404600F06EF910BB1B4D20781435CB
:1084A000800704D52946404600F078F800BB164EF8
:1084B00020782836400704D53146404600F06EF853
:1084C000D0B92078800702D52078000710D4207812
:1084D000400702D52078C0060ED42078C00704D00B
:1084E000002038700848BDE8F0812078800703D567
:1084F000012038702846F6E7022038703046F2E74F
:108500003B030010A8040010FC2400102DE9F041EA
:108510000446DDF818800F461646012A08D0022EC0
:1085200006D0062E04D0112E02D00020BDE8F08126
:10853000194D45216888401C68802088A17414303A
:1085400080B2E374FAF77CF8A0826888FAF778F8CA
:10855000E0820020208384F81A80E676A0833846E3
:10856000FFF788FF0146042204F11E0000F0ECF83A
:108570000422394604F1220000F0E6F804F112006A
:10858000FFF772FFA08320882230208029782046C0
:10859000BDE8F041C8F747BEA804001018B50C4666
:1085A00001460422684600F0CFF820680099484050
:1085B000A168084201D0002018BD012018BD0000AC
:1085C00038B5044601460422684600F0BDF8064866
:1085D000826800980243521C01D0002038BD024935
:1085E0002046FFF7DBFF38BDFC240010002819BF30
:1085F00041780129FF20704710B501214170032106
:1086000003F0F4FE03F0E2FE002010BD002819BFC5
:108610004378012BFF20704710B501234370D1E947
:10862000003CC0E9063C8B688360CB68C360D1E93D
:108630000031C0E9043111680162516841620221D0
:1086400003F0D4FE03F0C2FE002010BD38B18178E3
:10865000002904BF002070474178012901D1FF2083
:10866000704710B501214170002103F0BFFE03F0F7
:10867000ADFEFF2010BD10B504468089002808BF5C
:1086800010BD608904EB800000690860606840B13B
:108690006078022805D10021204603F0A7FE03F0F0
:1086A00095FE04F10C00D0E85F1F491E8AB2C0E8B5
:1086B000512F0029F7D16089401C80B26081E18987
:1086C000884204BF00206081042010BD10B503F073
:1086D0008DFEBDE8104003F079BE10B5002103F017
:1086E00085FEBDE8104003F071BE00000C4800217B
:1086F0008278012A04D0017080F80110C8F740BECA
:10870000817081880122491C8BB28380C1888B4291
:1087100004D1044B1B881944C18042700270EDE7FC
:108720002E0300104403001010B508E003780C7805
:10873000A34201D0002010BD401C491C521E002A3B
:10874000F4D1012010BD000030B5134606E000BF93
:10875000054611F8014B401C2C705B1E002BF7D115
:10876000104630BD03E000BF00F8011B521E002A76
:10877000FAD170473AB103788B4201D0002070479C
:10878000401C521EF6E701207047000010B510B1E2
:108790000178652904D00F2000F018FDFF2010BDDE
:1087A0000021EFF3058119B1FFF720FFC0B210BD22
:1087B00008490978012909D0044602F095FC2046B1
:1087C00002F096FA02F091FC002010BDDFF808C01C
:1087D00000DF10BD100200103B010608EFF305801A
:1087E00000281CBF0020704708480078012803D1EA
:1087F000DFF81CC000DF704710B502F075FC02F016
:10880000A9FA044602F071FC204610BD10020010C7
:108810005101060810B510B10378652B03D00F2065
:1088200000F0D4FC0FE0002918BF002A0BD000BFD5
:10883000EFF305831BB1FFF7E9FEC0B210BD054B96
:108840001B78012B01D0FF2010BDDFF80CC000DF2A
:1088500010BD0000100200106501060810B510B12F
:108860000178652904D00F2000F0B0FCFF2010BD76
:108870000021EFF3058119B1FFF7E8FEC0B210BD8A
:108880000449097801290ABFDFF80CC0FF2000DF86
:1088900010BD00001002001085010608EFF30581ED
:1088A000002918BF704704490978012904BFDFF87F
:1088B0000CC000DF70470000100200109D01060888
:1088C000EFF3058018B905480078012801D0002091
:1088D0007047DFF80CC000DF704700001002001086
:1088E000B301060810B511B10A78602A04D00E2031
:1088F00000F06CFCFF2010BD0022EFF305821AB1DE
:10890000FFF770FA002010BD044A1278012A0ABF4E
:10891000DFF80CC0FF2000DF10BD000010020010C7
:10892000C7010608EFF305831BB9054B1B78012B24
:1089300001D0FF207047DFF80CC000DF7047000057
:1089400010020010E1010608F2F7DDBBF2F7DDBB13
:10895000F2F7DDBB002808BF7047427C131C1FBF25
:10896000134602EB83035B00DB1C10B45B1C1A4450
:108970000A80837C9B004B801A44C37C5B008B8005
:108980001A4493B290F814C0C28A0CFB02F4002C73
:1089900014BF02EB8C020022CA801A44837C90F838
:1089A00013C08469634490F814C092B2A44413EBDA
:1089B0000C0318BF04230B811A44037C4FF0150CE1
:1089C00003EBC3030CEB43034B811A44037A4FF0D0
:1089D000010C0CEB43038B81007C1A44801CC88182
:1089E000104400220A8210BC80B27047002808BFE1
:1089F00070478069C01DC0F3CF00088000224A8004
:108A00007047002808BF7047007C00EB4000C000A2
:108A100008807047EFF30581002918BF70470449AB
:108A20000978012904BFDFF80CC000DF704700009F
:108A30001002001007020608EFF30580002818BF97
:108A4000704704480078012804BFDFF80CC000DF3D
:108A500070470000100200101D02060810B510B18A
:108A60000178612904D00F2000F0B0FB002010BD78
:108A70000021EFF3058119B103F046FB80B210BD70
:108A80000449097801290ABFDFF80CC0002000DF83
:108A900010BD0000100200102F02060870B500285B
:108AA00008BF70BDEFF3058100291CBF002070BD19
:108AB0000B49097801290ED0054602F015FB28461E
:108AC00002F00CFC04001CBF2946FFF7B3FA02F0C9
:108AD0000CFB204670BDDFF80CC000DF70BD00004D
:108AE000100200104702060810B510B10378612B80
:108AF00003D00F2000F06AFB10E000290ED000BF69
:108B0000EFF3058333B1FFF7B6FD00280CBF01205A
:108B1000002010BD044B1B78012B01D0FF2010BD9D
:108B2000DFF808C000DF10BD100200106702060861
:108B300010B510B10378612B04D00F2000F046FB74
:108B4000FF2010BD0023EFF305831BB1FFF7BEFD2F
:108B5000002010BD044B1B78012B0ABFDFF80CC0AE
:108B6000FF2000DF10BD0000100200108702060881
:108B700010B510B10178612904D00F2000F026FB58
:108B8000002010BD0021EFF3058119B102F0A2FB16
:108B900080B210BD0449097801290ABFDFF80CC072
:108BA000002000DF10BD000010020010A702060820
:108BB00010B5002804BFFF2010BD00BFEFF30581F2
:108BC00019B906490978012903D002F085FB002074
:108BD00010BDDFF80CC000DF10BD00001002001057
:108BE000BF0206082DE9F0010023002856D000BF7F
:108BF000EFF3058CBCF1000F1EBFFF20BDE8F001B4
:108C0000704790F80AC0BCF1010F04BF13800B80BD
:108C100040D090F810C000230CEB4C0403EBC404CC
:108C2000437C1C441BB103EB83035B00DB1C5B1C1C
:108C30002344847CC57C03EB840303EB45039FB290
:108C4000037DC68A03FB06F8B8F1000F14BF06EBDC
:108C5000830600263E4425448469B6B22344EB18BB
:108C600018BF042333440CEBCC0403EB4403047A15
:108C7000153303EB4403DB1C63444FF6FF7C0CEA23
:108C800083030B80008B0021C01D01EBD0000CEA98
:108C9000C0001080BDE8F0010020704713800B80F9
:108CA000BDE8F001FF207047EFF3058100291CBFEC
:108CB0000020704704490978012901D002F076BBF1
:108CC000DFF808C000DF704710020010C902060874
:108CD000002804BFFF2070472DE9F0470446807A42
:108CE00017460D46002803D0EFF30580F0B904E0E5
:108CF000002D18BF002FF7D118E0184E307801284A
:108D000014D094E80E17164880E80E1715497060C5
:108D100001200870C7F76AFBA07A50B1012815D06E
:108D2000102000F053FA0020BDE8F087FF20BDE8D6
:108D3000F0873561207C00EB400005EB4010C6E970
:108D4000020702F0B9FB02F059FBECE700203061AA
:108D5000B060F060204602F0DFF9E4E71002001096
:108D6000C0230010F803001010B5002808BF10BD84
:108D7000EFF3058119B102F083FB044606E00949CF
:108D80000978012909D002F07BFB0446002C04BFBE
:108D90000C2000F01BFA204610BDDFF80CC000DFED
:108DA000F3E7000010020010E102060810B50029E8
:108DB00004BF002010BD00BFEFF305821AB102F01E
:108DC00062FB044606E0094A1278012A09D002F043
:108DD0005AFB0446002C04BF0C2000F0F7F9204693
:108DE00010BDDFF80CC000DFF3E700001002001038
:108DF000E702060870B588B0344D4FF000040294C5
:108E0000EFF305800394002851D00020CDE9040041
:108E1000EFF3108000F0010072B60690A869E969CE
:108E2000CDE904014FF0E0208169009128490968EB
:108E30000191C1F3806159B1806900990190884224
:108E400006D2DDE90410491C40F10000CDE9041010
:108E5000069800B962B60020CDE90600CDE906000B
:108E6000686900992646401AD5E90812A0FB013C22
:108E700004FB01C100FB0210CDE90630DDE906016B
:108E8000144A0023C8F7E7FBCDE906016868DDE96D
:108E900004314068A0FB032C06FB03C300FB013335
:108EA000DDE9060110185941CDE9020107E02878F3
:108EB000012804D103A902A8DFF81CC000DFDDE906
:108EC0000201201808B0614170BD000010020010BE
:108ED00004ED00E040420F00ED020608EFF30580CC
:108EE00000281CBF002070470A480078012803D1E1
:108EF000DFF824C000DF704710B502F0F5F802F08B
:108F000015FA040018BF03F0D1F902F0EEF820467C
:108F100010BD000010020010B503060870B510B1B6
:108F20000178632904D00F2000F050F9FF2070BDB4
:108F30000021EFF3058100291CBFFF2070BD0B4904
:108F4000097801290DD0044602F0CEF8204603F03E
:108F500051F90546204602F099FA02F0C6F8E8B247
:108F600070BDDFF80CC000DF70BD00001002001003
:108F7000CF03060810B510B10178632904D00F2083
:108F800000F024F9FF2010BD0021EFF3058119B98D
:108F900004490978012901D0FF2010BDDFF808C07D
:108FA00000DF10BD10020010ED03060810B510B16F
:108FB0000278632A04D00F2000F008F9FF2010BDCA
:108FC0000022EFF305821AB9044A1278012A01D06F
:108FD000FF2010BDDFF808C000DF10BD1002001038
:108FE00005040608F0B589B0364D4FF00004029430
:108FF000EFF305800394002855D00020CDE904004C
:10900000EFF3108000F0010072B60690A869E969DC
:10901000CDE904014FF0E021886900902A480068FA
:109020000190C0F3806058B188690099019088422E
:1090300006D2DDE90410491C40F10000CDE904101E
:10904000069800B962B60020CDE90600CDE9060019
:1090500068690099D5E90823411AA1FB020C04FBB9
:1090600002C201FB032126464FF47A720023C8F79F
:10907000F2FA6A68DDE9045C5268A2FB053706FB78
:10908000057502FB0C554FF47A76A3FB062705FB0A
:1090900006754FF0000C03FB0C53121843EB010054
:1090A000CDE9022007E02878012804D103A902A80D
:1090B000DFF818C000DFDDE90201201809B06141C6
:1090C000F0BD00001002001004ED00E021040608CD
:1090D00070B5002808BF70BDEFF30582002A1CBFE1
:1090E000002070BD0B4A1278012A0FD005460E46AB
:1090F00001F0FAFF02F03AF9040003D032462946A3
:10910000FFF792F801F0F1FF204670BDDFF808C0CC
:1091100000DF70BD10020010F104060810B510B198
:109120000178622904D00F2000F050F8FF2010BD14
:109130000021EFF3058119B1FFF7CFFA002010BD30
:109140000449097801290ABFDFF80CC0FF2000DFBD
:1091500010BD0000100200101305060810B510B174
:109160000278622A04D00F2000F030F8FF2010BDF2
:109170000022EFF305821AB9044A1278012A01D0BD
:10918000FF2010BDDFF808C000DF10BD1002001086
:109190002B05060810B510B10278622A04D00F2002
:1091A00000F014F8FF2010BD0022EFF305821AB979
:1091B000044A1278012A01D0FF2010BDDFF808C050
:1091C00000DF10BD10020010470506089AB01228F3
:1091D00080F03780DFE800F0090D111535353535A1
:1091E0003535191D212125292D311BA1D02006F04F
:1091F0006DFE1DA1E52006F069FE21A1F02006F01C
:1092000065FE2BA1F12006F061FE34A1F22006F0EC
:109210005DFE3DA1F32006F059FE45A1E22006F0D7
:1092200055FE49A1F42006F051FE55A1F52006F0A7
:109230004DFE61A1F62006F049FE6CA1F72006F074
:1092400045FE034676A264216846C8F793FA69464C
:10925000E02006F03BFE00006F73616C3A20756EF3
:109260006B6E6F776E0000006F73616C3A207374E1
:1092700061636B206F766572666C6F77000000002B
:109280006F73616C3A206B6E6F776E206572726FD0
:10929000722066726F6D2072746F7320286973720A
:1092A0006669666F6F766572666C6F77290000007D
:1092B0006F73616C3A206B6E6F776E206572726FA0
:1092C000722066726F6D2072746F7320286D6278E1
:1092D0006F766572666C6F77290000006F73616C42
:1092E0003A206B6E6F776E206572726F72206672B5
:1092F0006F6D2072746F7320287374646C6962736D
:1093000070616365290000006F73616C3A206B6EB9
:109310006F776E206572726F722066726F6D207249
:10932000746F7320287379736D75746578290000E4
:109330006F73616C3A206D656D6F7279206973206F
:109340006D697373696E67006F73616C3A206B6E41
:109350006F776E206572726F722066726F6D207209
:10936000746F7320287573656420616E20696E7652
:10937000616C69642074736B707472290000000062
:109380006F73616C3A206B6E6F776E206572726FCF
:10939000722066726F6D2072746F7320287573650A
:1093A0006420616E20696E76616C6964206F626A08
:1093B00070747229000000006F73616C3A206B6E4C
:1093C0006F776E206572726F722066726F6D207299
:1093D000746F7320287573656420616E20696E76E2
:1093E000616C696420706172616D29006F73616CDA
:1093F0003A206B6E6F776E206572726F72206672A4
:109400006F6D2072746F7320287573656420616EB0
:1094100020696E76616C69642063616C6C29000060
:109420006F73616C3A206572726F722030782578A4
:109430002066726F6D2072746F73000070B5174EE6
:1094400005460C463078012826D000BFEFF3058092
:1094500010BB002D18BF002C1ED0286800281CBF90
:109460006889002818D0E86800281CBF20680028F8
:1094700012D0608900281CBFE06800280CD0C6F715
:10948000B5FF0120307001F023FE21462846DFF8A9
:1094900010C000DF002070BDFF2070BD1002001062
:1094A00063050608EFF3058119B905490978012913
:1094B00001D0FF207047DFF80CC000DF00207047AC
:1094C000100200107D050608EFF305821AB9054A5F
:1094D0001278012A01D0FF207047DFF80CC000DFAE
:1094E00070470000100200109905060882B0EFF3E3
:1094F000058171B900281CBF0168002909D0C16825
:1095000000291CBF4189002903D00C4A1278012A86
:1095100002D0002002B07047ADF80210017A8DF839
:10952000001001690191D0E900C1C26860466B4634
:10953000DFF80CC000DF02B070470000100200101E
:10954000B305060810B510B10178602904D00E20CB
:10955000FFF73CFEFF2010BD0021EFF3058119B994
:1095600004490978012901D0FF2010BDDFF808C0A7
:1095700000DF10BD10020010DB05060810B510B1A9
:109580000178602904D00E20FFF720FE002010BDD6
:109590000021EFF3058119B904490978012901D0A7
:1095A000406B10BDDFF808C000DF10BD10020010D6
:1095B000F305060810B510B10178602904D00E201B
:1095C000FFF704FE002010BDC078FF281ABF401C22
:1095D000C0B2012010BD000010B510B101786029A3
:1095E00004D00E20FFF7F2FD002010BD0021EFF3A4
:1095F000058119B905490978012903D0BDE8104052
:1096000002F092BCDFF808C000DF10BD10020010AD
:1096100005060608EFF3058018B90548007801280B
:1096200001D0FF207047DFF80CC000DF704700005A
:109630001002001009060608EFF3058008B102F0D9
:10964000C1BC0448007801280ABFDFF80CC0002024
:1096500000DF7047100200101B06060810B510B19D
:109660000278602A04D00E20FFF7B0FDFF2010BD65
:109670000022EFF305821AB9044A1278012A01D0B8
:10968000FF2010BDDFF808C000DF10BD1002001081
:109690002F06060801281CBF0228032804D004282E
:1096A00005D00020FFF792BDC0B2FFF78FBD11209B
:1096B000FFF78CBD074801684FF0E02041610021B1
:1096C0008161072101610448016841F07F41016027
:1096D00040177047F403001020ED00E070470000D1
:1096E00070B51B4C012804D0A07802282AD2194852
:1096F00070BD0025A562E56225636563A563E5632A
:1097000025646564A564E56425656565A565E5650D
:1097100025666566A566E56625676567A560A5702B
:10972000E560A58065612570657025620A486562FF
:10973000F9F7FBFB0948F9F7F8FBE5700848F9F77A
:10974000F9FBD4E7FFF778FFBDE87040FFF744BFAF
:1097500038020010D8410010DC230010EA2300106A
:109760006C03001070B50B490546C878082803D370
:1097700009A1F32006F0AAFB00EB40020F4B401CAE
:1097800003EB8204C870204602F090FD01202C609B
:1097900070BD00003802001061726D633939737456
:1097A000646C69623A206E6F7420656E6F756768CD
:1097B00020737973206D757465780000F8230010AC
:1097C0002DE9F04782B04FF0000688460400ADF85E
:1097D0000060ADF804600AD0607850EA08000AD052
:1097E000207801280BD07CA1E42006F06FFB80A13B
:1097F000E12006F06BFB87A1E32006F067FBE07831
:10980000012803D093A1E42006F060FB9A4DA878CC
:10981000022818BF032809D0A06A00281CBFA0781E
:109820000F2807D995A1E02006F050FB9FA1E0206A
:1098300006F04CFBB4E88F164435A5E88F16B4E863
:109840000F1085E80F10A64854F8301C012701605E
:1098500054F82C1C416080210172477214F8331CAB
:10986000343C643D002918BF01218172217CC17202
:109870006169C160217E0174217F4174617F6A4604
:10988000491C8174A17FC174E17F0175218CC18263
:10989000618B816101A99248FFF7A4F9BDF804002A
:1098A000BDF80010014304BF00210A4605D0C01DC9
:1098B00020F00700414600EB08028948FFF708FA4C
:1098C000607800283ED0A089FFF74EFAE860A189B1
:1098D000A980EE22C8F7C0FB607800283FD0E0895D
:1098E000FFF742FA2861E189E980EE22C8F7B4FB6C
:1098F000BDF80400BDF80010C01D20F00700C91D10
:10990000404421F007010844A189DFF8D881C91D2E
:1099100021F007010844E189C91D21F0070108442D
:1099200098F8011000291CBF6E612E7029D06E704E
:109930004FF000002CD12878002892BF304668698B
:109940006F702AE0BDF80400BDF80010C01D20F0C3
:109950000700C91D404421F007010844B6E7BDF8DF
:109960000400BDF80010C01D20F00700C91D4044D0
:1099700021F007010844A189C91D21F0070108440D
:10998000B0E7686198F8180000F102002870CEE78F
:10999000012904BF1020FFF7E7F9E86198F80110EA
:1099A000002029B1012904BF1020FFF7DDF90AE0EA
:1099B00069782878814228BF304604D2686900EB74
:1099C0000110491C6970A861A0682862AF7002B0DC
:1099D0000020BDE8F08700006F73616C3A20756E5F
:1099E000737570706F727465642072746F730000A9
:1099F0006F73616C3A204E554C4C2063666720694A
:109A00006E206F73616C5F696E697469616C6973F4
:109A1000652829006F73616C3A204E554C4C206DBF
:109A2000656D6F727920696E206F73616C5F696E0E
:109A3000697469616C697365282920666F72207387
:109A40007461746963206D656D6F7279206D6F64E8
:109A5000656C00006F73616C3A2063666720686113
:109A60007320612077726F6E672063707520666166
:109A70006D696C7900000000380200106F73616C32
:109A80003A20696620757365642C207072696F20B6
:109A90006D757374206265206265747765656E20EC
:109AA0003020616E64203135000000006F73616CFE
:109AB0003A2063616C6C6564206F73616C5F696EE2
:109AC000697469616C6973652829206166746572BF
:109AD000206F73616C5F73746172742829000000D9
:109AE000600200107C020010FFF762B830B583B04E
:109AF00004004FF000000D46ADF80000ADF8040082
:109B000031D0264861680160A168416080210172FE
:109B1000012141726178002918BF01218172217CE5
:109B2000C1726169C160217E0174217F4174617FCE
:109B30006A46491C8174A17FC174E17F0175218C43
:109B4000C182618B816101A91448FFF74BF8BDF810
:109B50000400BDF80010C01DC008C91D00EBD100F5
:109B60006178A9B905E0002D18BF0860002003B096
:109B700030BDA189E289C91DC908D21D01EBD201FE
:109B8000227E272303EB021201EBD2010844C0001E
:109B9000002D18BF286003B030BD00006002001027
:109BA000FFF7E2B8FFF702B92DE9F04114000D46C6
:109BB00007466FF0020604BF6FF00100BDE8F081B8
:109BC00000202060B3F1FF3F08BF4FF0FF3107D006
:109BD000002B08BF002103D00A48006AB3FBF0F154
:109BE000002D0CBF012200223846FEF79BFE022802
:109BF00005D1002615B1FEF763FE07462760304603
:109C0000BDE8F0813802001010B5B0F1FF3F08BF89
:109C10004FF0FF3106D000280FBF00210749096A25
:109C2000B0FBF1F10022501EFEF77CFE02281CBFA3
:109C3000002010BDBDE81040FEF742BE3802001003
:109C4000002904BF6FF00100704710B50968FEF7E6
:109C500049FE002010BD00000148006A7047000066
:109C60003802001070B5FFF739F9002829D01E4DD1
:109C700004461C4E6878012818BF204625D01B4C8E
:109C80000646A06850B14FF0FF3100F0FDF91848CA
:109C9000C188491CC180A06800F0D4F9A660FFF714
:109CA000CBFCA1690860AA6A1AB1A9786FF0040018
:109CB0009047606A8047FFF7BFFCBDE87040FFF740
:109CC00041BC0C49E22006F001F90820FFF74CF8EE
:109CD000002818BFC0E90046D1D10749E22006F0AC
:109CE000F5F80000664523017C02001038020010E0
:109CF000EA230010DC9F050810A00508002808BF13
:109D00007047084A08494978012901D0FEF7A6BEE4
:109D1000016821B14068904208BF0846F6D0002093
:109D200070470000554523017C02001008B5002251
:109D30000092002808BF08BD104B114A5278012A32
:109D400012D000BFB1F1FF3F08BF4FF0FF3206D085
:109D500000290FBF00220B4A126AB1FBF2F26946DA
:109D6000FEF7C2FE009808BD026822B14068984222
:109D700008BF1046E6D0002008BD0000554523016D
:109D80007C0200103802001070B505001ED0FEF7EE
:109D900085FE00281ED004461748164E407801283C
:109DA00018BF20461AD0154E04464FF0FF31B06858
:109DB00000F06AF912484189491C4181818929448E
:109DC0008181B06800F03EF9204670BD0DA1E3200E
:109DD00006F07CF817A1E22006F078F80820FEF7DC
:109DE000C3FF002818BFC0E90046DCD12049E220AB
:109DF00006F06CF8554523017C0200103802001073
:109E0000EA2300106F73616C3A20696E636F72729F
:109E100020706172616D20696E206F73616C5F6D7F
:109E200065737361676571756575655F6E657728C4
:109E3000290000006F73616C3A206D697373696E5D
:109E400067206D656D20666F722072746F73206F6E
:109E5000626A20696E206F73616C5F6D65737361F8
:109E6000676571756575655F6E6577282900000007
:109E700010A00508002804BF6FF00100704710B55E
:109E8000104BDFF83CC05B78012B0FD0B2F1FF3FE5
:109E900018BF002A03D00C4B1B6AB2FBF3F2FEF78B
:109EA00047FE002818BF6FF0020010BD036823B101
:109EB0004068604508BF1846E8D04FF0FF3010BD3D
:109EC000554523017C02001038020010002808BF0D
:109ED0007047084A08494978012901D0FEF748BE71
:109EE000016821B14068904208BF0846F6D00020C2
:109EF00070470000554523017C020010002804BF74
:109F00006FF00100704770B5164E154A0025717844
:109F10000446012907D000BFFFF700F871782046FA
:109F200001290ED109E0016821B16068904208BFA3
:109F30000846F1D04FF0FF3070BD05604560FEF778
:109F400037FE094C4FF0FF31A06800F09DF807483C
:109F5000C188491EC180A06800F074F8002070BD5F
:109F6000664523017C02001038020010EA2300102D
:109F700070B5FEF7B3FFC0B104461548134D4078E5
:109F8000012818BF204614D0124D0446A86850B1CD
:109F90004FF0FF3100F078F80F48C188491CC180AC
:109FA000A86800F04FF8204670BD0CA1E22005F033
:109FB0008DFF0820FEF7D8FE002818BFC0E9004535
:109FC000E2D113A1E22005F081FF000066452301E4
:109FD0007C02001038020010EA2300106F73616CDD
:109FE0003A206D697373696E67206D656D20666FC9
:109FF000722072746F73206F626A20696E206F73B3
:10A00000616C5F6D757465785F6E657728290000F7
:10A010006F73616C3A206D697373696E67206D654B
:10A020006D20666F72206F73616C206F626A65636A
:10A030007420696E206F73616C5F7878785F6E65ED
:10A040007728290010B5002804BF6FF0010010BD6B
:10A050000B4A0C494978012909D000BFFEF78AFF55
:10A06000FF281CBF002010BD4FF0FF3010BD01685D
:10A070000029F9D04068904208BF0846EED0F3E7C7
:10A08000664523017C02001010B5002804BF6FF064
:10A09000010010BD104B114A5278012A12D000BFA6
:10A0A000B1F1FF3F18BF002903D00D4A126AB1FB7E
:10A0B000F2F1FEF77BFF002816BF052800206FF0A5
:10A0C000020010BD026822B14068984208BF1046E5
:10A0D000E6D04FF0FF3010BD664523017C02001032
:10A0E0003802001010B5002804BF6FF0010010BD49
:10A0F000104B114A5278012A12D000BFB1F1FF3F34
:10A1000018BF002903D00D4A126AB1FBF2F1FFF724
:10A1100041F8002816BF032800206FF0020010BD90
:10A12000026822B14068984208BF1046E6D04FF05E
:10A13000FF3010BD774523017C020010380200106B
:10A14000002804BF6FF00100704710B50C490B4A9E
:10A150004978012909D000BFFEF7E0FF002808BFB9
:10A1600010BD00BF4FF0FF3010BD01680029F9D0CD
:10A170004068904208BF0846EED0F3E777452301D8
:10A180007C02001070B508B1814203D91749E32061
:10A1900005F09CFEFEF79CFFB8B104461548144D2F
:10A1A0004078012818BF204613D0134D04464FF0C5
:10A1B000FF31A868FFF768FF10480189491C018139
:10A1C000A868FFF73FFF204670BD0DA1E22005F013
:10A1D0007DFE0820FEF7C8FD002818BFC0E9004535
:10A1E000E3D11549E22005F071FE0000B01A06081F
:10A1F000774523017C02001038020010EA2300108A
:10A200006F73616C3A206D697373696E67206D6559
:10A210006D20666F722072746F73206F626A20699E
:10A220006E206F73616C5F73656D6170686F7265CE
:10A230005F6E65772829000010A0050810B500287A
:10A2400004BF6FF0010010BD094B0A4A5278012A81
:10A2500004D000BFFEF782FF002010BD026822B1CB
:10A260004068984208BF1046F4D04FF0FF3010BD50
:10A27000774523017C020010FEF7BCBDFEF7B2BE9D
:10A2800010B5054CA078022818BF10BD0020FFF7BC
:10A2900009F90320A07010BD3802001030B5244920
:10A2A0008BB08A78012A08D01AB122A1E02005F0EB
:10A2B0000DFE28A1E02005F009FE02228A70486206
:10A2C00080B3CA6900203323106013715071B1F854
:10A2D00006C0A2F806C00C69C2E902402B4DCDE9C8
:10A2E0000550CDE908428DF81C00ADF81EC08A6902
:10A2F000274C10601371FE235371B1F804C0A2F80B
:10A3000006C0C968C2E90210CDE900408DF80830E6
:10A31000ADF80AC0CDE9031205A96846FFF78EF82B
:10A320000BB030BDFFE71BA1E32005F0CFFD00001F
:10A33000380200106F73616C3A2063616C6C656465
:10A34000206F73616C5F7374617274282920616778
:10A3500061696E006F73616C3A2063616C6C656457
:10A36000206F73616C5F7374617274282920772F7A
:10A370006F7574207072696F72206F73616C5F69A2
:10A380006E697469616C6973652829002DFF050881
:10A39000659C05086F73616C3A20696E636F727219
:10A3A00065637420706172616D20696E206F7361E6
:10A3B0006C5F7374617274282900000010B5C24389
:10A3C00072EA010204BF4FF0FF30014604D0044A94
:10A3D0000023126AC7F73FF9BDE81040FFF774B8D1
:10A3E00038020010002808BF7047016821B10179C8
:10A3F000332904BFC068704700207047002804BF9D
:10A400006FF00100704770B50C4D0E4604464FF0DA
:10A41000FF31A868FFF738FE206810B12079332893
:10A4200005D0A868FFF70EFE4FF0FF3070BDE66064
:10A43000A868FFF707FE002070BD0000380200107A
:10A4400010B5FFF7F9F8BDE81040FFF797B80028FE
:10A4500012BF00296FF00100704710B50C4601686B
:10A4600011B10079332802D04FF0FF3010BD0846FB
:10A47000FFF7A0F82070002010BD00002DE9FF4F6D
:10A4800085B01E009046814617D0B8F1020F14D354
:10A49000B8F1FB0F11D8B9F1000F0ED02F4D4FF0CE
:10A4A000FF31A868FFF7F0FD05F144004FF0000A06
:10A4B000407830B101280ED044E029A1E32005F016
:10A4C00005FD6978287881423CD2686900EB01106B
:10A4D000491C697002E01020FEF746FC040031D0F0
:10A4E0003046FEF7E1FB5FEA000B2FD0264F38889D
:10A4F000304438800698019001208DF80800CDF88E
:10A500000090ADF80A60CDE903B46846FEF7EEFFAF
:10A510005FEA00091ED07888401C78803320C4F898
:10A520000090207184F80580E680C4E902BAA8682A
:10A53000FFF788FD41464846FFF790F809B02046EE
:10A54000BDE8F08F11A1E22005F0C0FC1DA1E220C2
:10A5500005F0BCFC27A1E22005F0B8FC3802001091
:10A560006F73616C3A20696E636F727220706172F2
:10A57000616D20696E206F73616C5F7461736B5FD6
:10A580006E65772829000000EA2300106F73616C64
:10A590003A206D697373696E67206D656D20666F13
:10A5A00072206F73616C5F7461736B5F7420696E8E
:10A5B000206F73616C5F7461736B5F6E65772829C0
:10A5C000000000006F73616C3A206D697373696EEF
:10A5D00067206D656D20666F7220737461636B20F8
:10A5E000696E206F73616C5F7461736B5F6E65770A
:10A5F000282900006F73616C3A206D697373696E6E
:10A6000067206D656D20666F722072746F732074A1
:10A6100061736B20696E206F73616C5F7461736B23
:10A620005F6E657728290000084910B5096AB0FBFC
:10A63000F1F0002808BF012004D0B0F1004F28BF7E
:10A640006FF00040FEF7E6F9002010BD3802001060
:10A6500010B5FEF7F1F9002010BD000010B538B1BB
:10A660000549096AB0FBF1F0FEF718F9002010BDAA
:10A67000FEF7D0FFFAE7000038020010002804BF00
:10A680006FF00100704770B5164E154A00257178BD
:10A690000446012907D000BFFEF778F871782046FC
:10A6A00001290ED109E0016821B16068904208BF1C
:10A6B0000846F1D04FF0FF3070BD05604560FEF7F1
:10A6C00077FA094C4FF0FF31A068FFF7DDFC07482F
:10A6D0008188491E8180A068FFF7B4FC002070BD0E
:10A6E000444523017C02001038020010EA230010C8
:10A6F00070B5FEF773F8B8B104461448124D4078AF
:10A70000012818BF204613D0114D04464FF0FF31E9
:10A71000A868FFF7B9FC0F488188491C8180A868A8
:10A72000FFF790FC204670BD0BA1E22005F0CEFBA8
:10A730000820FEF719FB002818BFC0E90045E3D147
:10A740001249E22005F0C2FB444523017C020010BF
:10A7500038020010EA2300106F73616C3A206D69B3
:10A760007373696E67206D656D20666F72207274F9
:10A770006F73206F626A20696E206F73616C5F7403
:10A78000696D65725F6E65772829000010A0050865
:10A79000002819BF0029002A6FF001007047F0B5AA
:10A7A00016461F4A0D461D49527887B0012A18BF28
:10A7B000044629D01B4AD5E90001176AC24372EA50
:10A7C000010204BF4FF0FF30014603D03A46002398
:10A7D000C6F741FFCDE90001A868B0FBF7F0029091
:10A7E000287B002818BF0298039030680490706896
:10A7F000059004AA69462046FEF70CF8FF281EBF04
:10A80000002007B0F0BD04E0046814B1406888423D
:10A81000D0D007B04FF0FF30F0BD00004445230119
:10A820007C02001038020010002804BF6FF0010005
:10A83000704710B50C490B4A4978012909D000BF6F
:10A84000FEF70CF8FF281CBF002010BD4FF0FF30B2
:10A8500010BD01680029F9D04068904208BF084641
:10A86000EED0F3E7444523017C020010704700005E
:10A8700070B501882A2941D3418A4FF480739942E7
:10A880003CD1818A082939D1817D062936D1C17D03
:10A89000042933D1028B00F11204B2F5806F2DD060
:10A8A0000ADC4FF4007500F12A009A4217D0AA4240
:10A8B00024D10422124909E024304FF41065B2F586
:10A8C000006F0FD0AA4219D106220E49FDF72CFFC6
:10A8D000002813D02046BDE87040F8F791BD04224F
:10A8E000074901E006220749FDF71EFF002805D0B1
:10A8F00029462046BDE87040F8F7B6BD70BD00009F
:10A90000FC2400104C03001070472DE9F843044666
:10A910004188001D0E18258830462946F7F78EF825
:10A9200028B9307848B3082801D1707810B10020D8
:10A93000BDE8F88305F12200F8F74CFB00F126078B
:10A94000002139707970018580462A1F311D381D1C
:10A95000FDF7FAFE29463846F7F770F87880A8F830
:10A9600000508023009340460023012204F11E0181
:10A97000FDF7CCFD4046F8F77DFE0120D8E700004A
:10A980002DE9F041044600882A2816D304F1260058
:10A99000FDF791F9218D81420FD194F826001128FD
:10A9A0000DD0122809D104F12A00FDF7D9F90028A9
:10A9B00003D00221017000214170BDE8F081042222
:10A9C0000C4904F12200FDF7AFFE0028F5D0002568
:10A9D000094C0127094E08E02078022803D127708E
:10A9E000204605F09AFBA41D6D1C30888542F3DBE0
:10A9F000E3E7000000130608F826001042030010E9
:10AA00002DE9F84305464188001D0C18A088F7F78A
:10AA100017FE082848D30127284EDFF8A48047E016
:10AA20003078022842D16088F7F70AFE71888842A0
:10AA30003CD117F0FF0737D0717905F11E0989075E
:10AA400024D5E08810B30022042105F12200F7F795
:10AA500001F8024604214846F6F7FCFF0146E87E6D
:10AA6000F7F70CF88046A088F7F7EAFD4146F7F7BC
:10AA700005F88046A088F7F7E3FD014642462046E8
:10AA8000F6F7E8FFC0430004000C0DD12088F7F76B
:10AA9000D7FD024628884946083883B20093B56836
:10AAA00004F108033846A847BDE8F8830C367F1C3C
:10AAB00098F800008742B3DDF6E70000683F001019
:10AAC0003C030010084A30B4D2E90034591C01F0AC
:10AAD0001F01A14205D0054C44F82300116030BC91
:10AAE000704730BCF8F7C6BDAC040010E840001059
:10AAF00010B50022427091B1022914D0032918BF69
:10AB000010BD04468178012908BF05F0BFFA12483C
:10AB10000068E0B12146BDE8104000F05FB8BDE834
:10AB2000104005F0B3BA0D498369C2690B604A60F1
:10AB300082688A60C268CA600949026A0A60426A19
:10AB40004A600A46BDE81040044905F0FFB92046B6
:10AB5000BDE8104000F0C0BB8C030010B03F0010F7
:10AB60005C03001050E8001F31B10B6840E8003270
:10AB7000002AF7D108467047BFF32F8FFAE700008D
:10AB80002DE9F041134D04004FF0020610D0286863
:10AB9000A17801278278914214D901F07DFC2868C0
:10ABA00047706C606670E078BDE8F04100F09EBAD6
:10ABB000094800F075F868604670C078BDE8F0415B
:10ABC00000F094BA67702146BDE8F041024801F0F8
:10ABD00041BC00006C03001068410010814224BF9A
:10ABE00042688A429CBF0120704702680A60BFF336
:10ABF0005F8F50E8003F0A689A4204BF40E80012A5
:10AC0000002AF2D14FF0000070470000214810B434
:10AC1000214A0168A9B321485278008802F1010C49
:10AC2000431C63452AD9801A4FF0010C401E2CEAC0
:10AC3000000C501C0CEB0204621C82420CD900BFB9
:10AC400001EB800C5CF804CCBCF1000F04BF10BC1D
:10AC50007047401C8242F3D8104683420ED900BF91
:10AC600001EB800252F8042C002A04BF10BC70478C
:10AC700051F820205AB1801C9842F1D310BC00201A
:10AC80007047FFE75068411C516010BC704710BC12
:10AC9000401C7047C003001064030010E003001064
:10ACA0000146406842684A600B780022622B18BF58
:10ACB000612B03D0632B1CBF426070474368002B9D
:10ACC0001CBF996042608260704700000649074BD4
:10ACD00048681B6882789B789A421CBF00207047A6
:10ACE00042684A6070470000684100106C03001021
:10ACF00010B581780446012908BF05F0C7F9064858
:10AD0000006818B12146FFF769FF02E0204600F015
:10AD1000E3FA002010BD00008C0300100949002058
:10AD20004860886008490968002918BF887007488A
:10AD30000068002808BF7047282205490988F8F7ED
:10AD40001DB90000C03F0010880300108C030010E4
:10AD5000900300100D4810B5006810B1FFF702FF16
:10AD600002E0282000F08CFB002808BF10BD652100
:10AD7000017000214170817041608160C160C0E953
:10AD800004118161C0E90711416210BD8C030010FC
:10AD90000348416800290CBF4FF0FF3080687047BE
:10ADA000C03F001005F0D2B805F070B92DE9F043AE
:10ADB0007E4F7F4D00243868652687B0002874D008
:10ADC00010F8041B8900C7F779F93A68794894703C
:10ADD0004168C9B1D1E906C36FEA0C0C7CEA0303F0
:10ADE00008BF08460DD04B6843608368D1F808C09F
:10ADF00063448360937802EB830C5B1C9370CCF804
:10AE0000041041680029E5D190784FF0000800282F
:10AE10009CBF07B0BDE8F083386800EB880040684D
:10AE2000016A0491416A0591C16859B1D0E90423CE
:10AE3000511A63EB0402CDE90012C1680291C168A6
:10AE4000039115E0D0E906122B68D5F804C05B1A0F
:10AE50007CEB02033CBF0091CDE9012407D32A68B3
:10AE60006968521C41F100010092CDE9011403947C
:10AE7000067044708470446084600022C460C0E93D
:10AE800004228261C0E9072404AA6946446205F0ED
:10AE90005DF808F1010000F0FF083868807840454F
:10AEA000BAD807B0BDE8F083FFE742484FF000088A
:10AEB00047464168C14689B1D1E90623D24372EAC7
:10AEC00003020EBF0846791C8FB241680029F3D1F6
:10AED00027B139460420FDF737FD804635484168E3
:10AEE000B9B100BFD1E90623D24372EA030208BF19
:10AEF00008460BD04A68426082688B681A448260B8
:10AF000048F8291009F101011FFA81F94168002967
:10AF1000E8D14FF00009002F41D900BF58F82900AF
:10AF2000016A0491416A0591C16859B1D0E90432BE
:10AF3000591A62EB0402CDE90012C1680291C1689E
:10AF4000039115E0D0E906122B68D5F804C05B1A0E
:10AF50007CEB02033CBF0091CDE9012407D32A68B2
:10AF60006968521C41F100010092CDE9011403947B
:10AF7000067044708470446084600021C460C0E93D
:10AF800004118161C0E9071404AA6946446204F00F
:10AF9000DDFF09F101001FFA80F9B945BED3404633
:10AFA000FDF7D4FC07B0BDE8F08300008803001073
:10AFB00028020010C03F00102DE9F047424E706893
:10AFC000002808BFBDE8F087B0680024401EDFF805
:10AFD000FC806527B0606DE0A868B060686870604C
:10AFE0006878002866D12A6A12B12846696A9047B3
:10AFF000EA68002A52D0D5E90603C14371EA030189
:10B000002DD02146801843EB0102C5E90602D8F88D
:10B010000030D8F80490B0EB030C2B4862EB090920
:10B020002346826805E05046DAF808A01AEB0202CF
:10B030005941B2EB0C0A71EB090A04D2D0F804A012
:10B04000BAF1000FEFD141686960B2EB0C01A96061
:10B0500045608168AA68A1EB020181602AE01A4B71
:10B060002146986805E04B46D9F8089019EB000096
:10B070006141B0EB020971EB040C04D2D3F80490E7
:10B08000B9F1000FEFD15968801AC5E901105D6070
:10B090009868A968A0EB010098600BE02F706C70B5
:10B0A000AC706C600020AC60C5E90400A861C5E923
:10B0B00007046C62B068002818BFBDE8F0877568A7
:10B0C000002D89D1BDE8F087C03F00102802001094
:10B0D00010B5EFF79DFE034900280CBF01200020AA
:10B0E000887010BD6403001070477047FF280CBFC4
:10B0F0000120401CC0B206498978002908BF70476A
:10B1000004494A6809688A4208BF7047EFF7D8BE09
:10B11000640300106C0300102DE9F04100282DEDB0
:10B12000048B04BF0020FEF751F800244248444934
:10B13000048042480568687A00060860E87A0028BA
:10B1400018BF01203F4908703F49E86808606868F7
:10B1500005F09EFD0F46064647EC180B286805F0E3
:10B1600097FD53EC182B05F0A7FD9FED399B53EC91
:10B17000192B05F0EDFB05F047FD3749421E0A602B
:10B180003649086005F084FD47EC106B41EC180B64
:10B1900053EC192B51EC100B05F08EFD53EC182BD2
:10B1A00005F0D6FB05F030FD2D49C1E900042D491D
:10B1B000012008702C49686808602C4838490460F0
:10B1C0002B4804602B4804802B4804602B480480E3
:10B1D0002B4804602B4804802B4804602B480480D3
:10B1E0002B4804602B4804602B4804802B480460E3
:10B1F000287A0870042101EBC0000121FDF7A4FBAF
:10B2000028490860284804602848048028480460C9
:10B2100028480480284804602848046028480460BE
:10B22000284804602848047028480470284804709E
:10B23000BDEC048BBDE8F081E003001014020010A7
:10B24000E4030010F0030010EC0300100000000005
:10B250000000000080842E41F4030010240200103E
:10B2600030020010F8030010FC030010000400106E
:10B2700088030010900300108C0300109803001046
:10B2800094030010A00300109C030010A8030010FA
:10B29000A4030010AC030010B4030010B0030010AE
:10B2A000BC030010B8030010C0030010C803001056
:10B2B000C4030010D0030010CC030010D80300100A
:10B2C000D4030010DC0300105403001055030010D9
:10B2D0005603001080897047FDF738BB104910B540
:10B2E0000B6883B1DFF83CC0DCF8081001EB80028A
:10B2F000D01A0D4B10301B8898420BD90D20FDF74A
:10B3000065FF002010BD1021BDE8104001EB80005A
:10B3100000F0B6B8084602F11001CCF8081010BDD4
:10B32000A403001074030010A80300100C4810B50B
:10B33000016881B10B4A0C4B10681B88411A10310F
:10B3400099429EBF00F11001116010BD0D20FDF764
:10B350003DFF002010BDBDE81040102000F090B867
:10B360009403001074030010980300100C4810B5EB
:10B37000016881B10B4A0C4B50681B88411A083197
:10B3800099429EBF00F10801516010BD0D20FDF7EC
:10B390001DFF002010BDBDE81040082000F070B86F
:10B3A0009C03001074030010A003001070B5104936
:10B3B000C01DC008096879B10E4A0F4BD4681B88BC
:10B3C00004EBC000411A994298BFD0600DD90D20FE
:10B3D000FDF7FCFE002070BDC500284600F050F8C7
:10B3E000044611222946C6F737FE204670BD0000EC
:10B3F000CC03001074030010D003001010B51648E1
:10B40000164C006820B1164920600988C6F756FE20
:10B410001448006820B1144960600988C6F74EFEE0
:10B420001248006820B11249A0600988C6F746FE9C
:10B430001048006828B11049E06011220988C6F759
:10B440000BFE0E480068002808BF10BD2061BDE853
:10B45000104000F02BBF0000940300107403001094
:10B46000980300109C030010A0030010A403001018
:10B47000A8030010CC030010D0030010AC03001090
:10B480000121FDF761BAFDF763BA000003490968BD
:10B49000002918BF7047FFF71FBF0000940300107A
:10B4A00003490968002918BF7047FFF715BF00005E
:10B4B000CC030010000000002DE9F04FB84F00242D
:10B4C0002DED048B8BB0A1463868002804BF002006
:10B4D000FDF77CFEB34EDFF8D0A2DFF8D0B23068C3
:10B4E00000281FBFDAF800000028DBF80000002861
:10B4F00003D14FF00000FDF769FE04A93868FDF79D
:10B5000029FA09A93868FDF771FAD7F80080A84927
:10B5100098F81000801C088098F80910090641EA84
:10B520000040A449086098F80B00002818BF0120CB
:10B53000A1490870A149D8F80C000860D8F80400A7
:10B5400005F0A6FB054641EC180B0291D8F8000067
:10B5500005F09EFB53EC182B05F0AEFB9FED989B7E
:10B5600053EC192B05F0F4F905F04EFB9649421EF9
:10B570000A609649086005F08BFB41EC180B0299B4
:10B5800053EC192B41EC105B51EC100B05F094FBC4
:10B5900053EC182B05F0DCF905F036FB8C4900253F
:10B5A000904BC1E900058B490120DFF83CE20870AF
:10B5B0008949D8F80400086088480560BDF8101073
:10B5C0008748D1B1326898F811C0026082F800C093
:10B5D00000684FF0040808EB8C0180F80180BDF88A
:10B5E0001000C1EB80021A8004EB9101326804461E
:10B5F00002EB8101CEF8001003E005601D80CEF85B
:10B600000050BDF81210794A794B4FF6FF700029AF
:10B6100004BF15801D6009D000EA810CA2F800C0AB
:10B620003268214402EB84028CB21A60BDF8141017
:10B63000704A714B002904BF15801D6009D000EAD3
:10B64000810CA2F800C03268214402EB84028CB263
:10B650001A60BDF8161051B1684B00EA810221440E
:10B660001A803268664B02EB84028CB21A60BDF815
:10B670001810644A002908BF156005D033682144BA
:10B6800003EB84038CB21360BDF81A105E4A5F4B63
:10B69000002904BF15801D6009D000EA810CA2F8C2
:10B6A00000C03268214402EB84028CB21A60BDF8FB
:10B6B0001C305749574A002B04BF0D7015600BD042
:10B6C000D7F800C09CF808C081F800C0316801EBD1
:10B6D0008401116019198CB2BDF81E104E4A002960
:10B6E00008BF156005D03368214403EB84038CB296
:10B6F0001360BDF820304949494A002B04BF0D8032
:10B70000156006D000EA83030B80316801EB8401E9
:10B710001160BDF82410434A434B002904BF158033
:10B720001D6006D000EAC1001080DAF800008946EA
:10B730001860BDF826203D483D49002A04BF056039
:10B740000D6006D0D2000260DAF8000000EBC900FC
:10B75000086038680024002808BF2C460CD001A9D6
:10B76000FDF74FF9BDF8040030B1DBF800401CB91B
:10B770000421FDF7E9F804462E48002C046004BFBC
:10B780000020FDF723FD2C4805702C4805702C483F
:10B7900005700BB0BDEC048BBDE8F08F000000001D
:10B7A00014020010180200101C02001020020010E9
:10B7B000E0030010E4030010F0030010EC0300109D
:10B7C0000000000080842E41F403001024020010C9
:10B7D00030020010F8030010FC03001000040010F9
:10B7E00088030010900300108C03001098030010D1
:10B7F00094030010A00300109C030010A803001085
:10B80000A4030010AC030010B4030010B003001038
:10B81000BC030010B8030010C0030010C8030010E0
:10B82000C4030010D0030010CC030010D803001094
:10B83000D4030010DC030010540300105503001063
:10B84000560300102DE9F041384C20684578807887
:10B85000002818BF012664D0206800EBC5014868A5
:10B860000278602A06D0612A28D0652A2AD0622A66
:10B870002CD042E007468968C0690843F8617A78AD
:10B88000396A062A02D0052A04D036E031EA0000DF
:10B8900033D103E0084230D008403862F869884369
:10B8A000F861384600F053FE7E700221384600F001
:10B8B00045FE39461E4800F0CDFD1EE0896800F0C7
:10B8C00027FC1AE08968FFF713F916E0416871B1A7
:10B8D000FFF7E6F9074600F03AFE38467E7003218E
:10B8E00000F02CFE3946124800F0B4FD05E08178E6
:10B8F000C27891423CBF491C817020686D1CC078A1
:10B90000854208BF00252068801CD0E84F1F491ED3
:10B91000C9B2C0E8421F002AF5D12068807800280B
:10B920009AD120684570BDE8F0810000B80300108E
:10B9300068410010C37882788B423CBFFF2070477B
:10B94000914204BF00207047426881700020704718
:10B950002DE9F84F074682480025DFF80882056088
:10B96000A8F10800C8F800507F4AC8F80450457094
:10B970000E46156055607D48056085807C480168ED
:10B98000C9B17C4BB3F800C0BCF1000F13D000204C
:10B990001CF001021CBF0D60012062450BD200BFEC
:10B9A00041F82050401C921C41F82050B3F800C0D0
:10B9B000401C6245F4D3704C206820B16F49482286
:10B9C0000988F7F7DBFA6E48006840B16D490988CD
:10B9D00089B241F000426C490968F7F7CFFA6B4829
:10B9E000006820B16A4908220988F7F7C7FADFF82A
:10B9F000A4A14FF0FF0900218AF80390F068CAF86B
:10BA000040007089AAF83A007068CAF824003069CA
:10BA1000CAF834005046326800F0DAFA5E48642111
:10BA2000017045605D480170C56005614561DAF8E7
:10BA30003C002030C4F7D4FC0220C8F800A08AF8EB
:10BA40000100574857490068057045700978C17072
:10BA500055485649056009680161FFF75FF9544888
:10BA6000016841F47F01016000684FF07F4101EA05
:10BA700000205049C043B0FA80F00968C0F10800C6
:10BA8000C1F30221814228BF481C4B490A686FF06C
:10BA9000807303FA00F062F317000860FDF70AFEF6
:10BAA0004649002808600EDB00F1E02181F800948F
:10BAB00000F01F01012202FA01F14009800000F1AB
:10BAC000E020C0F8001100F081FC3E7AB7F80A804F
:10BAD000D7F810B038680090D7F804A0D7F80C90C9
:10BAE000FFF794F8070008BFBDE8F88F002E08BFE5
:10BAF0000126206840B1FFF735F804000CD1BDE8FD
:10BB0000F84F0D20FDF762BB48200121FCF71CFF18
:10BB1000040008BFBDE8F88FC4F84090C4E90C5B8E
:10BB2000A4F83A80C4F824A03146009A00F050FAF4
:10BB30000F48006800281CBF00EB870040F8044C49
:10BB4000F8B21F49E070897821B1401CC0B2616C25
:10BB5000EFF79CF92046BDE8F84FFFF711B8000059
:10BB6000B80400106C03001028020010BC04001080
:10BB7000C0030010E0030010B0030010B403001075
:10BB8000D4030010E4030010D8030010C403001015
:10BB9000C8030010CC3F0010684100108041001025
:10BBA000B8030010BC03001098410010E803001017
:10BBB00020ED00E00CED00E01CED00E0580300106B
:10BBC0006403001030B44FF0E02200239361DFF8EB
:10BBD0002CC01A184B41DCF80000DCF8041082EA93
:10BBE000000483EA01052C4304BF30BC7047CCF845
:10BBF0000020CCF8043030BCFFF7D8B82802001081
:10BC000038B54FF6FF74012828D14FF0E025286998
:10BC100000901848DFF860C0184902680120184BEE
:10BC2000002A09DA05222A618CF80000086802EA75
:10BC300090601870400610E002F01F0500FA05F54C
:10BC40005211920002F1E022C2F880518CF80000FB
:10BC50000868C0F300701870C00608600948C16821
:10BC6000002918BF4469FFF793F8A04288BF204617
:10BC700038BD0000580300105403001004ED00E02C
:10BC800056030010804100102DE9F05F1D469146DB
:10BC90008A4683461E78B3F80280FEF7B7FF071E78
:10BCA00008BFBDE8F09F002E08BF01261D480068B0
:10BCB00038B1FEF757FF040009D10D20FDF786FAD1
:10BCC0002CE048200121FCF73FFE040026D0002094
:10BCD00020636868C4F840906063A4F83A805A46CC
:10BCE00031462046C4F824A000F072F90E480068DE
:10BCF00000281CBF00EB870040F8044CF8B20B4949
:10BD0000E070897821B1401CC0B2616CEFF7BEF8D9
:10BD10002046FEF735FF2046BDE8F09F0020BDE835
:10BD2000F09F0000B0030010C00300106403001077
:10BD3000002804BFFF2070472DE9F05FDFF8D4B181
:10BD4000054690F80390DFF8C8A10027DBF8000053
:10BD50004FF00108B9F1000F1CBFC17849456DD102
:10BD60004770C4F740FBDBF80010C86300F01EFC0E
:10BD7000DBF80000846A0CB36068C0B12046FEF7AF
:10BD80008FFF0646052100F0D9FB304600F0DFFBAF
:10BD900086F801803146604800F05CFBE168A4F859
:10BDA0000280A660B06AE060B4620C4604E0E0681D
:10BDB0006780A760E7600446002CDDD1DAF8000058
:10BDC00030B1DBF80010C97800EB810040F8047C4A
:10BDD0005248006828B1DBF80010096CFEF7FEFE3F
:10BDE00004E0DBF80000006CFFF75AFBDBF8000012
:10BDF0004B490764897831B1C178491CCAB2416C9A
:10BE00001046EFF773F8DBF800000770454800684C
:10BE100028B12F63DBF80010FEF7E0FE08E0286B86
:10BE200010B1FCF793FD2F63DBF80000FCF78EFDEB
:10BE30000020CBF80070FEF7A3FE66E0284600F075
:10BE40009DFB284600F083FBAC6AFCB16068B8B18A
:10BE50002046FEF725FF0646052100F06FFB304621
:10BE600000F075FB86F8018031462B4800F0F2FAAD
:10BE7000E068A4F80280A660B16AE160B46203E001
:10BE8000E0686780A760E7600400DFD1DAF80000AF
:10BE900000281CBF00EB890040F8047C1F480068A4
:10BEA00018B1296CFEF79AFE02E0286CFFF7F8FA49
:10BEB0001B482F64807828B1E878696C401CC0B2B8
:10BEC000EFF714F817482F70006820B129462F6348
:10BED000FEF784FE07E0286B002808BFFCF736FD5C
:10BEE0002846FCF733FD0C4840688178DBF80000F9
:10BEF0008278914209D980F801800748DBF8001068
:10BF000000F0A8FA0020FEF73BFE0020BDE8F09FFD
:10BF1000C00300106C03001068410010D40300102F
:10BF200064030010B003001010B5040008BF10BD7A
:10BF3000206B00281CBF206B10BD0848006838B17A
:10BF4000E17801EB410100EB41106038206310BD46
:10BF500060200121FCF7F8FCF8E70000DC0300108A
:10BF600070B5040004BFFF2070BD144D2868A042C6
:10BF700011D18170286880F82C10114840688078B1
:10BF8000884219D90E48296800F064FA296801200E
:10BF9000487000200EE0A17084F82C102868A042A0
:10BFA000EBD0204600F082FA6078012804D10448E2
:10BFB000FEF776FEFEF7E4FD002070BD6C03001076
:10BFC0006841001001480068704700006C030010D1
:10BFD00070B504466020207001206070A17084F864
:10BFE0002C1000206060A060E0602061A0626061B1
:10BFF000A061E061206284F83800206C15460028BA
:10C000001CBF608F002803D14FF01100FDF7DEF850
:10C0100029462046BDE87040AFF3008030B4428F1F
:10C02000374C930804BF2288C2F38D03026C02EBE5
:10C03000830212F0040F18BF121F4FF0807C42E9F8
:10C04000021C4FF0000C42F840CDC2F804C0C2F808
:10C0500008C0C2F80CC0C2F810C0C2F814C0C2F8C0
:10C0600018C0C2F81CC0C2F820C0C2F824C0C2F870
:10C0700028C0C2F82CC0C2F830C0C2F834C0D0F812
:10C0800024C0C2F820C0C2634164216811F0805FFF
:10C0900018BF112B2FD9103B4FF0FF3101EB530587
:10C0A0004FF0010C4FF0CC31BCEB530F1ED04FF0D2
:10C0B000000C15F0010F05D042F8041C42F8081CD2
:10C0C0004FF0010C6B100FD0CCF1000402EBC40454
:10C0D0005B1E44F8041C44F8081C44F80C1C44F88B
:10C0E000101C0CF1020CEFD1A2EBC502036C121F65
:10C0F0009A4288BF11600349006C016030BC7047F0
:10C10000E4030010A52E5AE2C1898089081A7047FD
:10C110002DE9F0410446406800260F4604F10C0565
:10C12000002845D060784FF0010801282BD0022864
:10C1300018BFBDE8F0812046FEF7B2FD074600219A
:10C1400000F0FCF92189786A04EB8101C1F8100044
:10C15000D5E85F0F401C81B2C5E8501F0028F7D119
:10C160002089401C80B22081E189884208BF268155
:10C1700087F80180384600F0EAF93946BDE8F04119
:10C180001B4800F067B92046FEF78AFD0446406A66
:10C1900004210760204600F0D1F984F80180204690
:10C1A00000F0D5F92146BDE8F041114800F052B940
:10C1B000A089E189884215D2208904EB80000761BB
:10C1C000D5E85F0F401C81B2C5E8501F0028F7D1A9
:10C1D0002089401C80B22081E189884208BF2681E5
:10C1E000BDE8F0810320BDE8F041FDF753BA00003F
:10C1F000684100102DE9F04104464088294E00288E
:10C2000026D0A068816AA14206BFE1688162002948
:10C2100007D0CA68A24202D1E268CA6001E01100F8
:10C22000F7D190F82C10826A4AB15368002B1CBFDA
:10C230009B788B4288BF1946D268002AF5D1827854
:10C240008A4205D081703168814218BF00F02EF912
:10C250000127606888B12046FEF722FD05460021CF
:10C2600000F06CF9284600F072F96F7029460E480C
:10C2700000F0F0F860680028EDD10B48406860B12C
:10C28000316880788A78904207D9074800F0E2F850
:10C29000306847700020FEF773FC00202070BDE876
:10C2A000F08100006C0300106841001063210170F0
:10C2B0000021418041608160C16070472DE9F041FB
:10C2C0000446408820B1344DA1682A68914202D0CA
:10C2D000FF20BDE8F081401E0004000C608057D1B3
:10C2E0002968886AA04206BFE0688862002807D0F3
:10C2F000C268A24202D1E268C26001E01000F7D138
:10C3000091F82C20886A48B14368002B1CBF9B78A9
:10C31000934288BF1A46C0680028F5D18A70DFF8BA
:10C320007C806068012728B32046FEF7B9FC0646EA
:10C33000052100F003F9304600F009F96780A66096
:10C34000B06AE060B4622968D8F8042088789278EE
:10C35000904228BF304619D2104800F07BF8314691
:10C360000E4800F077F82868477077700020FEF7D5
:10C3700007FC0DE0D8F8040029688078904207D9BE
:10C38000064800F067F8286847700020FEF7F8FBC1
:10C390000020BDE8F08100006C030010684100102F
:10C3A000084810B5026801215170006800F074F867
:10C3B000FFF748FA0448FEF773FCBDE8104000F0B0
:10C3C0000FB900006C0300106841001005480178A7
:10C3D00000291EBF0121417070474FF08050024973
:10C3E000086070475403001004ED00E0F0B4184DED
:10C3F0002B6803F1020CDC78DCE84F2FA24210D14D
:10C40000BFF32F8F2B6893F803C0944581BF03EBD4
:10C41000C202C2E90101F0BC70470220F0BCFDF786
:10C4200039B9521CD6B2CCE8426F002AE4D100BF21
:10C43000D3E84F2F02F1010CA44508BF4FF0000CC8
:10C440000CF0FF06C3E84C6FBCF1000FF0D1D9E748
:10C45000B803001010B402784FF0000C622A1ABF23
:10C46000612A632A4FF0010C8B78426822B19478DC
:10C470009C4228BF1046F8D24A604160BCF1000FD0
:10C4800001BF0020886010BC7047002A18BF91606F
:10C49000886010BC7047000003494A68426000226F
:10C4A00082604860704700006841001010B48368E3
:10C4B00023B11A781946602A07D00AE04178012989
:10C4C0000EBF1D4910BC704703E089680A78602AD6
:10C4D000FBD0002B08BF184A07D042685A60426858
:10C4E000002A1CBF8368936007E05368834202D12F
:10C4F0004368536001E01A00F7D10A780023622AEA
:10C500001ABF612A632A012390F802C04A6822B147
:10C510009478644528BF1146F8D242604860002BE9
:10C5200001BF0021816010BC7047002A18BF9060D5
:10C53000816010BC704700006841001090F83820FE
:10C54000C06B002A14BF6030203001607047016961
:10C55000002908BF7047C268CA60C3680022002B68
:10C5600008BF4A6107D04B69D0F814C063444B61DF
:10C57000C3681961C26002617047000081680029C8
:10C5800008BF094907D042684A60416800291CBFBA
:10C590008068886070474A68824202D1406848607B
:10C5A00070471100F7D17047684100100948407A80
:10C5B000002808BF704708480068D0E90F10814282
:10C5C00004D300680549884208BF70470120FDF781
:10C5D00061B80000C02300106C030010A52E5AE2C1
:10C5E0000349486002214170C078FEF77FBD00001A
:10C5F0006C03001038B52D480121026851700068A5
:10C60000FFF74AFF2A482B4C007828B32A482B49C9
:10C6100003684A68002193420DD0026002692368D2
:10C62000D4F804C0D21841EB0C03B2F1010C43F171
:10C63000FF32C0E902C2D0E9025C226863686A4046
:10C640008CEA03031A4307D101601C48FEF728FB5C
:10C6500001461A48FFF7FEFE19480168491C0160AF
:10C66000EFF3108000F0010072B60090206861685E
:10C67000401C41F1000120606160009800B962B681
:10C68000FBF71AFCFEF798FC0E4C206810F0805F58
:10C6900005D0FFF7D7F8206840F000602060074819
:10C6A000FEF7FEFABDE83840FFF79ABF6C030010B2
:10C6B000F00300102802001098410010684100109B
:10C6C000B804001004ED00E070B5FEF7FFFA0400B6
:10C6D00008BF70BD074D08482968FFF7BBFE2968F1
:10C6E0000120487002206C606070E078BDE8704006
:10C6F000FEF7FCBC6C0300106841001070B5FEF73B
:10C70000B5F827480078012801D1F6F7FDFD254945
:10C71000D1E90020824241D0234A52F82040401CF7
:10C7200000F01F004860208A082806D0B0F5C16FCD
:10C730002FD12046FEF79CF82BE000212046FBF786
:10C7400031FE10B304F11E00042200210546FCF75F
:10C7500011F828B9012204F10A012846F6F78CFCE9
:10C76000E07E012806D0022808D006280ED0112825
:10C770000FD107E02046FEF7C8F80AE02046C4F7CC
:10C78000ACFD06E02046C4F765FE02E02046FEF759
:10C79000BBF82046BDE87040F6F76CBF70BD0000E6
:10C7A0002F030010AC040010E84000102DE9F04108
:10C7B00016480078002826D015480178491E11F047
:10C7C000FF0101701FD113490025134F0978017033
:10C7D0004FF00208114E13E005EB450007EB400453
:10C7E000207801280BD1607848B1401E10F0FF007E
:10C7F000607004D1A01CFBF7D1FA84F800806D1C96
:10C8000030888542E8DBBDE8F08100002E0300108F
:10C810002A0300103A030010F8260010420300100B
:10C8200070B582B004460D46002001900090854905
:10C830004FF6FF7C012A0CD0022A52D0CDF800C05E
:10C84000208840F480702080A08A10F0010F75D0FD
:10C85000A9E0CDF800C0208840F480702080A08A34
:10C8600010F0010F0BD10098421E009203D202B0CB
:10C870004FF0FF3070BDA08A10F0010FF3D043F0ED
:10C880000100087008782082CDF800C0A08A10F05E
:10C89000020F0BD10098411E009103D202B04FF05D
:10C8A000FF3070BDA08A10F0020FF3D0208820F472
:10C8B0008060208072B6208B0190208840F4007048
:10C8C000208062B6A08A10F0400FFBD0208A28702A
:10C8D000208810F4007FFBD1208840F48060208005
:10C8E000ACE0208840F400602080CDF800C02088B3
:10C8F00040F480702080A08A10F0010F0BD10098C6
:10C90000421E009203D202B04FF0FF3070BDA08AE9
:10C9100010F0010FF3D0CDF800C043F00100087013
:10C9200008782082A08A10F0020F0CD10098411ED6
:10C93000009104D202B04FF0FF3070BD27E0A08A12
:10C9400010F0020FF2D072B6208B0190208820F4F4
:10C950008060208062B6A08A10F0040FFBD072B60F
:10C9600001212046F5F795FB208A287062B6681CE5
:10C97000218A0170208810F4007FFBD1208840F4C8
:10C9800080602080208820F40060208056E000989D
:10C99000461E009603D202B04FF0FF3070BDA08A51
:10C9A00010F0010FF3D0CDF800C043F00100087083
:10C9B00008782082A08A10F0020F0BD10098411E47
:10C9C000009103D202B04FF0FF3070BDA08A10F08A
:10C9D000020FF3D0208B019042B3032A07D0A08A24
:10C9E00010F0040FFBD0208A28706D1C521E032A01
:10C9F0001AD1A08A10F0040FFBD0208820F48060A8
:10CA0000208072B6208A2870681C218841F4007149
:10CA10002180218A017062B6451CA08A10F0400F67
:10CA2000FBD0208A28700022002AD6D1208810F45A
:10CA3000007FFBD1208840F48060208002B000207D
:10CA400070BD0000C40400100846F9F7F5BF0846A1
:10CA500011461A46009BFAF757B8084611461A467F
:10CA6000009BFAF785B800000148007A7047000083
:10CA7000F02400100149012008727047F0240010D2
:10CA80000148007870470000141406082DE9F041B1
:10CA900084B000F089F8002870D0DFF8E880002129
:10CAA0004046F4F7A9FB384F00213846F4F7A4FBC1
:10CAB000002600960196029603960024334D02212B
:10CAC0004046F4F7A5FB58B92878401CC0B228703E
:10CAD000642805D202214046F4F79AFB0028F3D0DF
:10CAE0002E7068680099428811440091C0880199AD
:10CAF0000844019002214046F4F740FB02213846E9
:10CB0000F4F786FB58B92878401CC0B22870642816
:10CB100005D202213846F4F77BFB0028F3D02E70B3
:10CB200068680299428911440291C08903990844B6
:10CB3000039002213846F4F721FB601CC4B2202C7C
:10CB4000BDD300981030C11700EBD1604111686867
:10CB5000018301991031CA1701EBD2614911418358
:10CB600002991031CA1701EBD261491181830399EF
:10CB70001031CA1701EBD2614911C18304B0BDE87D
:10CB8000F081000000200140002201400403001059
:10CB900010B5044C6068002803D12620F7F76EFE1C
:10CBA000606010BD0403001003484068002801D0F5
:10CBB00001207047002070470403001003480068FC
:10CBC000002801D000207047012070472814060873
:10CBD000C4F7BCBC0121C4F773BC00000146024885
:10CBE0000068F9F79CBB0000B4240010014601481E
:10CBF000F9F7A6BBB4240010024901480860704749
:10CC00003C140608F0020010014602480068F9F7DB
:10CC100086BB00003C140608014602480068F9F78C
:10CC20007EBB00004040001001460148F9F788BB78
:10CC300040400010074901EB00118A68002A05D026
:10CC4000CB681BB10B690BB1496810474FF0FF303F
:10CC500070470000501506080020704700207047FC
:10CC600010B50020F6F73AFDF6F768FD002010BD7C
:10CC7000014602480068F9F752BB0000501506084B
:10CC8000014602480068F9F74ABB00008C240010F6
:10CC900001460148F9F754BB8C240010002805D048
:10CCA000034A014612681046F9F739BB0020704765
:10CCB0007C150608014602480068F9F730BB000001
:10CCC000F802001001460148F9F73ABBF8020010DB
:10CCD000024901480860704760140608F402001019
:10CCE00001480078704700006014060801460248B9
:10CCF0000078F9F7F5BA0000CC02001001460148AF
:10CD0000F9F7F7BACC02001010B50C48C168002939
:10CD100010D0016971B1416961B1816951B1C169D5
:10CD200041B1006A30B100F00BF8BDE810400020BE
:10CD3000FAF76AB94FF0FF3010BD00000016060880
:10CD400010B5002000F016F802490870084641604E
:10CD500010BD0000C4020010014602484078F9F7F7
:10CD6000BFBA0000CC02001001460148F9F7C1BA71
:10CD7000CD020010014602480068F9F7D0BA000061
:10CD80000016060803480078002801D001207047EB
:10CD900000207047140400100149012008707047FA
:10CDA000140400104FF0FF30704700000149085C88
:10CDB00070470000A8120608F0B58BB006460C4676
:10CDC00015461F46FF2E0ED06CB1FF2D0BD0FF2F46
:10CDD00009D02146304600F083F8012807D00BB077
:10CDE0006FF00E00F0BD0BB04FF0FF30F0BD2748E4
:10CDF000C269816909920891002106910791416AEF
:10CE0000006A059104908DF80460012D03D0BDB136
:10CE1000032D25D033E00998039002943846FFF79C
:10CE2000C5FF8DF80D0001A8FAF74EFB18B10BB045
:10CE30004FF0FF30F0BD2146304600F049F81EE0CB
:10CE400007980390029401A8FAF73EFB18B10BB0C3
:10CE50004FF0FF30F0BD2146304600F029F80EE0DB
:10CE600005980390029401A8FAF72EFB18B10BB0B5
:10CE70004FF0FF30F0BD2146304600F019F8214652
:10CE8000304600F00DF80BB00020F0BDA0120608EF
:10CE9000024A32F81000F9F733BA0000C02400103B
:10CEA000024A02EB4000F9F736BA0000C024001035
:10CEB000024A02EB40001830F9F728BAC0240010EB
:10CEC000024A02EB4000008BF9F71ABAC0240010A6
:10CED000024A02EB40001830F9F71DBAC0240010D6
:10CEE000024A32F81000F9F70BBA0000B014060835
:10CEF000F0B583B007460C462D4800EB87067568F1
:10CF0000002C00D12B4C2078012808D0384600F0A6
:10CF100073F8012807D003B06FF00E00F0BD03B026
:10CF20006FF00E00F0BD3846F7F7C6FC012801D0BF
:10CF30006DB116E00322A91C2046C4F74CFF18B1BE
:10CF400003B04FF0FF30F0BD03B00020F0BD05206E
:10CF5000F7F794FC0546706000221146384600F051
:10CF600041F820886880A078287100F033F8207894
:10CF70008DF8000000208DF8010061788DF8021016
:10CF80008DF80300019069463846FAF73FFB18B167
:10CF900003B04FF0FF30F0BD384600F015F8002226
:10CFA0001146384600F01EF803B00020F0BD000026
:10CFB00060400010F4160608014602480068F9F7C0
:10CFC000AEB900006040001001460148F9F7B8B959
:10CFD000604000100249014808607047C814060804
:10CFE00018040010034B03EB80004368197040687D
:10CFF0004270704760400010014602480078F9F71F
:10D000008EB90000C8140608014602480068F9F706
:10D0100086B90000D802001001460148F9F790B91E
:10D02000D8020010014602480068F9F778B90000FC
:10D0300024160608062801D300207047024A01463C
:10D0400012681046F9F76BB9E80200100146014872
:10D05000F9F776B9E802001003480068002801D00B
:10D0600000207047012070476C160608062801D37F
:10D0700000207047024A014612681046F9F74FB97E
:10D080006C160608014602480068F9F748B9000026
:10D090004C40001001460148F9F74AB94C400010D5
:10D0A00001460148F9F74CB94C40001001460248CE
:10D0B0000068F9F734B9000070160608042801D397
:10D0C00000207047024A014612681046F9F727B956
:10D0D0001003001001460148F9F732B9100300109F
:10D0E00003480068002801D00020704701207047E5
:10D0F000D4160608032803D8024A012110440171FE
:10D100007047000010030010042801D3002070476E
:10D11000024A014612681046F9F701B9D41606080A
:10D120000878002801D0002070478878012801D0B5
:10D1300000207047487A20B14878022803D00020A8
:10D14000704700207047C87A08B10120704700205E
:10D1500070470000034B03EB80004068406AF9F71A
:10D16000E6BF00007040001070B502460D46062470
:10D17000E878002801D004462AE0686840B31046E9
:10D18000FAF7CCFB01466A68B1FBF2F0B1FBF2F3AF
:10D1900002FB131102281DD300D1D9B104281CD3DE
:10D1A00000D1D1B108281BD300D1C9B110281AD39E
:10D1B00000D1C1B1202819D300D1B9B1402807D37B
:10D1C00000D129B1802814D300D191B14FF00804C7
:10D1D000204670BD4FF00104FAE74FF00204F7E774
:10D1E0004FF00304F4E74FF00404F1E74FF00504B7
:10D1F000EEE74FF00704EBE72DE9F04788B007466C
:10D200000E46754800EB8709D9F80440002E00D17E
:10D21000724E384600F0CAF9012804D008B06FF009
:10D220000E00BDE8F0873846F8F7E3FB01281DD073
:10D2300031463846FFF774FF38B30020F6F74EFA50
:10D24000F6F77CFA6648D0E910C5C36B826B416B78
:10D25000CDE905C5049303920291317FD1B102213A
:10D26000ADF80E10717FB9B1012116E020222146E0
:10D270003046C4F7B0FD20B108B04FF0FF30BDE834
:10D28000F08708B00020BDE8F0874FF0FF3008B00D
:10D29000BDE8F0870021E3E70021ADF81010317AF6
:10D2A000012904D00021ADF80C101FB105E04FF4A6
:10D2B0000061F8E73021ADF814100068009002A872
:10D2C0000190307808B1012000E000208DF80000C6
:10D2D00031463846FFF748FF8DF80100F28B69466A
:10D2E0003846FAF79BFA0028D1D180460025002C59
:10D2F00055D0607A94F8231010FB01F896E80F10CF
:10D30000D6F818A0D6F81490F66984E80F10C4F87F
:10D3100018A0C4F81490E661617A84F82210207A8B
:10D32000012852D0012284F8232001FB02F60023B9
:10D33000E06AF9F7E8FFE06284F8285094F82320C7
:10D34000617A0023206BF9F7DEFF2063606BD8B3AE
:10D35000464507D004F13400F7F785FA3046F7F771
:10D360008DFA6063617A94F8230011FB00F0C2B279
:10D37000E17A0023606AF9F7C6FF606284F82070E2
:10D3800084F8295084F821502146384600F03EF8B0
:10D39000384600F035F808B00020BDE8F0873820A6
:10D3A000F7F76CFA0446C9F8040025606560A560CB
:10D3B000E56025616561A561E56125626562A5623B
:10D3C000E5622563656399E701E00222ABE7304639
:10D3D000F7F754FA6063C5E77040001000170608BD
:10D3E000F8160608014602480068F8F798BF0000E2
:10D3F0007040001001460148F8F79ABF70400010D5
:10D4000001460148F8F79CBF7040001010B5232476
:10D410000221002807D0012802D0022803D101E010
:10D42000242400E033242046F8F7F0FE2046BDE82F
:10D430001040F8F7E9BE000010B5074951F8204048
:10D4400080212046F5F735F80128F9D02046BDE8BF
:10D4500010400021F4F7BFBF20170608024951F819
:10D4600020000121F4F7B7BF201706080249014840
:10D4700008607047FC1406081C04001070B584B0E6
:10D4800006463E4800EB860044683D4850F826506A
:10D490002846F5F725F8039094F8280094F8221010
:10D4A000884208D203A9E06AF9F772FF94F82800CD
:10D4B000401C84F8280094F8281094F822200020BA
:10D4C00091423FD184F8280094F82900401EC0B250
:10D4D00084F8290030B10025606AF9F71CFE0128A4
:10D4E00002D004E00125F7E7606AF9F749FFE06A36
:10D4F000F9F7E7FD626A01461046F9F749FFE06A6D
:10D50000F9F7C2FD012D05D0616B206BF9F7C6FE5E
:10D5100004B070BD3046FFF78FFF304600F032F8A0
:10D52000206BF9F7B1FD607A94F8231010FB01F13C
:10D53000606BC4F7A1FD6169A0690029E8D0884744
:10D5400004B070BD029094F8231001290BD0002282
:10D5500002A9206BF9F7EBFDBDF808102846F4F797
:10D56000C1FF04B070BD0190002201A9206BF9F742
:10D57000DEFD9DF804000290EEE700007040001010
:10D5800020170608034951F8200000226021F4F713
:10D5900097BF000020170608034951F82000012218
:10D5A0006021F4F78DBF00002017060801460248ED
:10D5B0000068F8F7B4BE0000FC1406080178427851
:10D5C00049068078490A41EA022100F0E000084358
:10D5D00040097047417882780904C07841EA022105
:10D5E0000843000970470178407800F07F0041EA65
:10D5F00000207047014602480068F8F790BE00001E
:10D600009824001001460148F8F792BE98240010B3
:10D6100001460148F8F794BE9824001010B584B074
:10D62000C0B21F4901EB80004468607CF7F746FEFA
:10D63000E07D002204F12201F8F7BAF9207B68B1FD
:10D64000042811D0052815D00020A06161680029A8
:10D6500023D0A06804B0BDE81040084704F12200C0
:10D66000FFF7ACFFA061F1E704F12200FFF7BBFF79
:10D67000A061EBE701A904F1220000F079F8BDF800
:10D68000040020870298A0619DF80C0084F83A00FD
:10D690009DF80D0084F83B00D8E704B010BD0000F1
:10D6A0009824001010B5C0B20A4901EB800044680C
:10D6B000607CF7F703FEE07D002204F12801F8F713
:10D6C00077F96168002903D0A068BDE810400847D9
:10D6D00010BD00009824001038B5C5B2084800EB12
:10D6E000850044680121D4F81200F7F77DF8E07D49
:10D6F00000226946F8F75CF9284600F04FF838BD7B
:10D700009824001070B5C5B2094800EB8500446844
:10D710000121D4F81200F7F767F8E07D002204F148
:10D720001C01F8F745F92846BDE8704000F0BAB88A
:10D730009824001070B5C5B20C4800EB8500446811
:10D740000121D4F81200F7F74FF8E07D002204F130
:10D750002201F8F72DF904F12200FFF73BFFA06149
:10D760002846BDE8704000F03DB800009824001045
:10D770004278037842EA03220A808278C378D20290
:10D7800042EAC302037942EA53124A60027902F084
:10D7900003020A72407948727047000070B505466E
:10D7A0000D4800EB850044680021D4F81200F7F71B
:10D7B0001BF8E07D2A460949F8F71EF9E07D0321B0
:10D7C000F8F774F9E07D0649F8F746F9E07D0121A4
:10D7D000F8F784F9002070BD98240010A5D605083C
:10D7E0000711060838B505461B4800EB850044685C
:10D7F00094F83600401C84F8360094F8360000F0A7
:10D8000001002044807B84F8350094F8350000281E
:10D8100002D1762084F8350010A00068009094F8BA
:10D8200035008DF80100D4F812000021F6F7DCFF76
:10D83000E07D2A460A49F8F7DFF8E07D0221F8F793
:10D8400035F9E07D6946F8F707F9E07D0121F8F741
:10D8500045F9002038BD0000982400109700000012
:10D86000D9D6050810B50C4901EB80014C68024679
:10D870000A49E37D1846F8F7BFF8E07D0221F8F782
:10D8800015F9E07D0649F8F7E7F8E07D0121F8F7A2
:10D8900025F9002010BD00009824001005D70508C8
:10D8A0000211060870B505460D4800EB8500446876
:10D8B0000021D4F81200F6F797FFE07D2A460949C7
:10D8C000F8F79AF8E07D0421F8F7F0F8E07D0649D2
:10D8D000F8F7C2F8E07D0121F8F700F9002070BDEB
:10D8E0009824001035D705080A1106080146024899
:10D8F0000068F8F714BD0000D41506080249014875
:10D9000008607047481506080003001001460248E9
:10D910000068F8F704BD00004815060801480078C3
:10D92000704700004C1506082DE9F04106460F46E9
:10D930001546134800EB86004468304600F00CF9A9
:10D94000002084F82F003946606AF9F752FD074637
:10D9500038000DD0012084F82D00304600F020F86A
:10D9600015B9304600F006F96FF00500BDE8F0810A
:10D9700015B9304600F0FEF83846BDE8F0810000E9
:10D980008C400010014602480068F8F7C8BC00004F
:10D990008C40001001460148F8F7D2BC8C400010C2
:10D9A00070B51A4901EB80014C6800282BD0184D46
:10D9B000E16909B1206A8847002084F82D0084F8C5
:10D9C0002E004FF400412846F3F78AFD4FF4006122
:10D9D0002846F3F785FD4FF480612846F3F780FD74
:10D9E0004FF400712846F3F77BFD4FF48071284611
:10D9F000F3F776FD08212846F3F772FD686840F0DA
:10DA00000400686070BD034DD2E700008C40001038
:10DA100000680040006400402DE9F0418AB00546EE
:10DA200000210691079108910991214800EB85009A
:10DA30004468A76A1F4EDFF88080002D0DD0404655
:10DA4000C06810F0100F02D02846FFF7A9FF384633
:10DA5000F9F761FB012802D00AE03046F0E73846CA
:10DA6000F9F78EFC012084F82E002846FFF798FF76
:10DA7000E5B1404601AA0021F3F7B2FE01980690F5
:10DA80009DF80E008DF81E00DDF80F000890DDF8FF
:10DA90001300099006A93846F9F7ABFC6168002924
:10DAA00001D0A06888470AB0BDE8F0813046E1E7C0
:10DAB0008C4000100064004000680040002802D044
:10DAC0004220F9F7B1BF1620FBE700002DE9F04135
:10DAD000194901EB80014C68002805D04FF0400542
:10DAE00005D14FF0130704E04FF01405F8E74FF0AD
:10DAF0003F0702D14FF0160601E04FF04206617871
:10DB0000FF2905D02846F9F79CFF2846F9F77FFF43
:10DB1000617BFF2905D03846F9F793FF3846F9F7BE
:10DB200076FF217EFF2904D03046BDE8F041F9F7A9
:10DB300088BFBDE8F08100008C400010002802D0B2
:10DB40004020F9F764BF1420FBE7002802D04020F2
:10DB5000F9F76ABF1420FBE7002802D03F20F9F74D
:10DB600056BF1320FBE7002802D03F20F9F75CBF27
:10DB70001320FBE72DE9F04786B005464FF000087B
:10DB8000CDF80480CDF80880CDF80C80CDF8108059
:10DB9000CDF8148001AE0DF10E07224800EB850090
:10DBA0004468D4F824A02846FFF7D6FF84F82F80D5
:10DBB0005046F9F74AFC28B3DFF86C80DFF86C9028
:10DBC0005046F9F796FA0188C1F30A01316081796C
:10DBD00039708168CDF80F10C068CDF81300FDB121
:10DBE000484601A9F3F782FE04280BD05046F9F706
:10DBF000C7FB216909B1606988475046F9F725FCE0
:10DC00000028DDD15046F9F720FC002805D0284631
:10DC1000FFF7A9FF012084F82F0006B0BDE8F087C8
:10DC20004046DEE78C400010006400400068004081
:10DC30002DE9F0410446069E084617461D46DFF8CA
:10DC40007CC0DCF82830DCF82420DCF8201083606D
:10DC500042600160DCF83430DCF83020DCF82C1055
:10DC6000AB606A602960DFF85880D8F800C0BCF16A
:10DC7000000F20D00CEB0411091DF9F719FCD8F89E
:10DC8000000000EB041000F10C012846F9F710FC2D
:10DC9000D8F8000000EB0410011D3846F9F7FAFB34
:10DCA000D8F8000000EB041000F10C013046BDE88C
:10DCB000F041F9F7EFBBBDE8F0810000401706081E
:10DCC000F002001010B500242C4A811A90424BD06B
:10DCD00023DC2B49A0EB0102884247D00DDC294907
:10DCE000401843D0A0F57420B0F510703CD0A0F5DA
:10DCF0007420B0F510703AD134E0A2F5F410B0F50C
:10DD0000906031D0A0F5F410B0F590602AD0A0F565
:10DD10003710B0F5D8602AD128E01B480A1A814292
:10DD200024D00FDCA1F53710B0F5D8601AD0A0F5DB
:10DD30007420B0F5107019D0A0F57410B0F5106013
:10DD400015D111E0A2F57420B0F510700AD0A0F53D
:10DD50007410B0F5106007D0A0F5F410B0F5906025
:10DD600005D103E0094C02E0094C00E0094C1CB964
:10DD700009A1E420F9F7AEFE204610BD00366E0181
:10DD8000809FD500403095FFC0D8A70040170608F7
:10DD9000431706084617060863616E3A20626974E5
:10DDA0002073616D706C696E67206E6F742073757F
:10DDB00070706F7274656420666F72207468697326
:10DDC0002063616E636C6F636B000000002804D0F9
:10DDD0004FF080600121F4F763BA4FF00070F9E76B
:10DDE00000B58BB001A9009103AB06AA08A9FFF703
:10DDF0001FFF08A8F9F768FB06A8F9F72DFB03A891
:10DE0000F9F762FB01A8F9F727FB0BB000BD000092
:10DE1000F0B58BB0324901EB80014C68002804D08A
:10DE2000304E6568002D31D101E02F4EF9E708AD85
:10DE30002846F3F74BFD6846F4F76AFA029F384626
:10DE4000FFF740FF017842781144C91CC9B223781A
:10DE50000BB1264A00E0264A264BD3F814C0CDF871
:10DE600020C0D3F818C0CDF824C0DB690A93B7FBF3
:10DE7000F1F1B1FBF2F1ADF8201081788DF82310AB
:10DE800001788DF8241040788DF825003046F3F79E
:10DE90007BFB29463046F3F71AFCE0B11C20F3F770
:10DEA000FFFC00208DF81B0001218DF81C10ADF83F
:10DEB0001000ADF81200ADF81400ADF81600ADF882
:10DEC00018008DF81D108DF81A0004A8F3F778FBE0
:10DED0000BB00020F0BD0BB04FF0FF30F0BD0000E4
:10DEE00080400010006800400064004020A107004E
:10DEF00040420F0040170608014602480068F8F744
:10DF00000EBA00008040001001460148F8F718BA28
:10DF100080400010014604480068002802D00068D4
:10DF2000F8F7FDB900207047F00200102DE9F0412C
:10DF300082B0002100910191264901EB80004468E4
:10DF40002778667800253846F9F754FC0021606888
:10DF5000F9F73EFB002E0DD9E846C5F1020008EBAB
:10DF600040024FF467413846F9F7B0FC681CC5B26F
:10DF7000B542F2D33846F9F7EBFC01216068F9F7B6
:10DF800027FB4FF4FA70F9F7F9FC00216068F9F704
:10DF90001FFB0025002E0DD9C5F1020004EB400047
:10DFA00000F1100200213846F9F790FC681CC5B258
:10DFB000B542F1D33846F9F7CBFC01216068F9F797
:10DFC00007FB3846F9F7FCFB02B04FF0FF30BDE825
:10DFD000F0810000DC4000102DE9F04186B00446DD
:10DFE0000D462678E0680027002813D030490068E5
:10DFF0000860029703978DF80870E06800798DF843
:10E0000009002C4803902078002202A9F9F706FCA9
:10E01000002809D13046F9F757FC18B1A07801283B
:10E0200005D036E04FF0FF3006B0BDE8F081214E5C
:10E03000F269B169706904920391029020798DF8B8
:10E040000000E088ADF802004FF0FF38CDF8048002
:10E05000694602A8F9F72CFA02A8F9F735FA207AEE
:10E06000FF2816D06089A0B1B26A716A306A049242
:10E0700003910290207A8DF800006089ADF80200CB
:10E08000CDF80480694602A8F9F712FA02A8F9F758
:10E090001BFAE36862682168A068EB606A60296027
:10E0A000A8602F61AF8206B00020BDE8F0810000BB
:10E0B0001C0400103C180608014602480068F8F7E6
:10E0C0002EB90000DC40001001460148F8F738B9CD
:10E0D000DC4000102DE9F04182B000210091019157
:10E0E000184901EB8000456895F800806E7800249F
:10E0F0004046F9F77FFB00216868F9F769FA002EBE
:10E100000DD96F46C4F1020007EB400246F24A7196
:10E110004046F9F7DBFB601CC4B2B442F2D3404680
:10E12000F9F716FC01216868F9F752FA4FF4FA7012
:10E13000F9F724FC4046F9F743FB02B04FF0FF30FB
:10E14000BDE8F081DC4000102DE9F04F83B00021E4
:10E150000091019102911F4901EB8000456895F8FB
:10E1600000B06E7800245846F9F744FB0021686837
:10E17000F9F72EFA002E1AD9E8464FF005094FF0AC
:10E18000040A674209EB470008EB40024FF4F041F4
:10E190005846F9F79BFB0AEB470008EB40020621C3
:10E1A0005846F9F793FB601CC4B2B442E9D3584611
:10E1B000F9F7CEFB01216868F9F70AFA4FF4FA7013
:10E1C000F9F7DCFB5846F9F7FBFA03B04FF0FF30E4
:10E1D000BDE8F08FDC40001070B582B004460D46FB
:10E1E00026781C48C16880680191009000208DF855
:10E1F0000000A068002801D0804718B102B04FF09D
:10E20000FF3070BD204600F0B5FA00213046F9F726
:10E21000FDF93046F9F72AFA40B1BE213046F9F748
:10E220003CFA38B102B04FF0FF3070BD02B04FF091
:10E23000FF3070BD94E80F000FC5207B00F036FA68
:10E24000607B00F005FB204600F0B6FA02B000202B
:10E2500070BD00001C1906080148007870470000D6
:10E26000CC0400100149012008707047CC04001054
:10E2700070B5044601200125002C18D00021217022
:10E280002946F8F745FE10F0040F03D0207840F03F
:10E290000100207002202946F8F73AFE10F0040F22
:10E2A00003D0207840F002002070002070BD6FF095
:10E2B000010070BDF0B585B006462148406890F871
:10E2C00000C000240025FF2004901E48416A006A17
:10E2D0000391029006208DF80A0004A801270090FF
:10E2E0000197BE216046039B029AF9F7EBF99DF86E
:10E2F000100010F0400F00D1012410F0100F00D1D9
:10E30000012554EA050001D01CB104E0377005B0C6
:10E31000F0BD012D02D0012C04D004E002203070A9
:10E3200005B0F0BD3DB1012CFAD1012DF8D104208A
:10E33000307005B0F0BD0320307005B0F0BD0000B6
:10E34000CC0400101C190608002805D0012805D0AF
:10E35000022807D0002070470846704701F12000CE
:10E36000C0B2704701F14000C0B270472DE9F041E2
:10E3700086B014464B4A526817784B4A536B126B5F
:10E38000059304921C25039500220292022803D9CA
:10E3900006B0501FBDE8F081002C68D0FFF7D4FF15
:10E3A0008046039579208DF8120003AE0125009672
:10E3B0000195BE213846059B049AF9F7B3F9CDF8CB
:10E3C0000C807A208DF8120000960195BE21384607
:10E3D000059B049AF9F7A6F980208DF81200701EAB
:10E3E00000900195BE213846059B049AF9F76AF919
:10E3F00081208DF81200B01E00900195BE21384694
:10E40000059B049AF9F75EF982208DF81200F01E40
:10E4100000900195BE213846059B049AF9F752F900
:10E4200083208DF8120002A800900195BE21384685
:10E43000059B049AF9F746F99DF80B109DF8080022
:10E4400001F03F0140EA01609DF80A109DF80920A3
:10E45000090441EA0221084320609DF80B0010F0F6
:10E46000800F09D0606840F00100606008E006B0ED
:10E470006FF00100BDE8F081606820F0010060608D
:10E480009DF80B0010F0400F04D0606840F00200CF
:10E49000606003E0606820F00200606006B0002069
:10E4A000BDE8F081CC0400101C1906082DE9F041EC
:10E4B00086B004466F4840680678FF2005906E4895
:10E4C000C26A806A04920390002900F0CC8001297E
:10E4D00000F0CC8002297CD100203F254FF00008BD
:10E4E000C4F800800127022965D28DF80C708DF8E0
:10E4F0000E0005A800900197BE213046049B039AA8
:10E50000F9F7E0F89DF8140010F0400F03D02168EF
:10E5100041F00201216010F0200F03D0216841F08A
:10E52000040121600721F7F7DBFE0146206861F353
:10E530004510206006219DF81400F7F7D1FE014632
:10E54000206861F38610206005219DF81400F7F71C
:10E55000C7FE216860F3C711216004219DF81400F3
:10E56000F7F7BEFE216860F30821216003219DF8C2
:10E570001400F7F7B5FE216860F3492121600221FC
:10E580009DF81400F7F7ACFE216860F38A21216042
:10E5900001219DF81400F7F7A3FE216860F3CB2159
:10E5A000216000219DF81400F7F79AFE01462068CB
:10E5B00061F30C302060CDF814808DF80C708DF86C
:10E5C0000E5005A800900197BE213046049B039A87
:10E5D00000E045E0F9F776F89DF8140010F0040F1C
:10E5E00003D0216841F00801216010F0020F03D030
:10E5F000216841F0100121600721F7F771FE2168C1
:10E6000060F34D31216005219DF81400F7F768FE95
:10E61000216860F38E31216004219DF81400F7F722
:10E620005FFE216860F3CF31216003219DF8140063
:10E63000F7F756FE216860F31041216002219DF832
:10E640001400F7F74DFE216860F35141216001216C
:10E650009DF81400F7F744FE216860F392412160B1
:10E6600006B0BDE8F0811E201F2537E72E202F259C
:10E6700034E70000CC0400101C19060870B50646EB
:10E680000D46002E01D0032D02D96FF0010070BDA0
:10E690000024002D08D906EB84002146FFF706FF71
:10E6A000601CC4B2AC42F6D3002070BDF0B587B098
:10E6B0002E4949680E782E494A69096906920591E2
:10E6C0000021052812D2DFE800F00306080B0E0037
:10E6D0009F2004900BE0049109E04020049006E0A4
:10E6E0002020049003E06020049000E004910124C5
:10E6F0008DF814401C208DF8160003AD0095019490
:10E70000BE213046069B059AF8F7DCFF04AF009760
:10E710000194BE213046069B059AF9F703F800954F
:10E720000194BE213046069B059AF8F7CBFF8DF881
:10E7300014402C208DF8160000950194BE2130461F
:10E74000069B059AF8F7BEFF00970194BE2130465C
:10E75000069B059AF8F7E6FF00950194BE21304626
:10E76000069B059AF8F7AEFF07B0F0BDCC04001089
:10E770001C19060838B50446D4F802000090F8F7D2
:10E78000D7FEA579D4F8020029460090F8F720FFBB
:10E790000848F9F7F3F855B10021D4F80200F8F76A
:10E7A00017FFBDE838404FF47A70F9F7E7B8012158
:10E7B000F3E70000A086010030B587B00578154961
:10E7C000886BC96B06910590002103910124049484
:10E7D0008DF8164004A800900194BE212846069B9F
:10E7E000059AF8F79FFF8DF8164003A80090019452
:10E7F000BE212846069B059AF8F764FF9DF80C0099
:10E8000010F0010F03D104A1E520F9F763F907B077
:10E8100030BD00001C190608735F686C5F6368698F
:10E82000705F6D696372656C5F6B73383839335F25
:10E83000737461727428293A20535749544348200D
:10E840006E6F7420636F6E66696775726564000031
:10E8500070B588B02E4949680E782E49CA69896911
:10E8600007920691002105910491002847D00421C8
:10E87000012846D00622022846D003283FD1059120
:10E88000049201248DF818401D208DF81A0003AD64
:10E8900001940095BE213046079B069AF8F712FFB7
:10E8A00005A801940090BE213046079B069AF8F710
:10E8B00039FF01940095BE213046079B069AF8F770
:10E8C00001FF8DF818402D208DF81A000194009555
:10E8D000BE213046079B069AF8F7F4FE04A801947F
:10E8E0000090BE213046079B069AF8F71BFF019463
:10E8F0000095BE213046079B069AF8F7E3FE08B064
:10E9000070BD05910491BCE705920491B9E7000040
:10E91000CC0400101C19060800B591B0034606A2ED
:10E9200040216846C2F726FF6946E520F9F7D2F88C
:10E9300011B04FF0FF3000BD656570726F6D2074CF
:10E94000696D656F757420696E2066756E63746994
:10E950006F6E2025730000000148007870470000AA
:10E96000E40400100149012008707047E40400101D
:10E97000134B5B6893F808C0BCF1FF0F05D022B1C0
:10E980000A6812B15B68834202D84FF0FF307047CB
:10E9900002EB000C9C4503D9ACEB0303D21A0A60CE
:10E9A000B0F5803F02D94FF0FF3070470968084446
:10E9B000B0F5803F02D94FF0FF307047002070471C
:10E9C000E40400100020704738B50D4844684FF447
:10E9D000967000902178607AF8F74AFE70B100983E
:10E9E000411E009104D2BDE8384006A0FFF794BF55
:10E9F0002178607AF8F73CFE0028F0D1002038BD7D
:10EA0000E4040010735F686C5F636869705F787816
:10EA10005F656570726F6D5F77616974656570724F
:10EA20006F6D7374616E64627973746174652829A3
:10EA3000000000002DE9F04706460D4691467A4851
:10EA400044686088B5FBF0F100FB1152811A8FB267
:10EA5000B9FBF0F1B9FBF0F300FB1398002A4BD09F
:10EA6000002975D0A9EB070189B2B1FBF0F9B1FB20
:10EA7000F0F200FB121887B1278204F11002294638
:10EA8000304600F0D3F8FFF79DFFB0F1FF3F71D0A3
:10EA9000FFF79AFFE81985B23E44B9F1010087B249
:10EAA00015D36088208204F110022946304600F018
:10EAB000BDF8FFF787FFB0F1FF3F7DD0FFF784FF80
:10EAC000608841198DB20644791E8FB2E9D2B8F13F
:10EAD000000F0ED0A4F8108004F110022946304631
:10EAE00000F0A4F8FFF76EFFB0F1FF3F73D0FFF71F
:10EAF0006BFF0020BDE8F08759B3481E87B26088DD
:10EB0000208204F110022946304600F08FF8FFF70A
:10EB100059FFB0F1FF3F32D0FFF756FF608841192F
:10EB20008DB20644791E8FB2E9D2B8F1000FE0D061
:10EB3000A4F8108004F110022946304600F076F85F
:10EB4000FFF740FFB0F1FF3F1DD0FFF73DFFD0E7DB
:10EB50001DE0FFE7A4F8108004F1100229463046BA
:10EB600000F064F8FFF72EFFB0F1FF3F03D0FFF78E
:10EB70002BFFBEE74CE04FF0FF30BDE8F0874FF0D1
:10EB8000FF30BDE8F0874FF0FF30BDE8F087B945B2
:10EB90002AD9278204F110022946304600F046F8AF
:10EBA000FFF710FFB0F1FF3F16D0FFF70DFFA9EB05
:10EBB00007002082E81900E02EE081B2F01904F18C
:10EBC000100200F033F8FFF7FDFEB0F1FF3F07D071
:10EBD000FFF7FAFE8DE723E04FF0FF30BDE8F08746
:10EBE0004FF0FF30BDE8F087A4F8108004F1100268
:10EBF0002946304600F01AF8FFF7E4FEB0F1FF3F77
:10EC000002D0FFF7E1FE74E74FF0FF30BDE8F08778
:10EC10004FF0FF30BDE8F0874FF0FF30BDE8F087E0
:10EC20004FF0FF30BDE8F087E404001010B584B069
:10EC300014460A4A536802228DF80820ADF80A10DB
:10EC40002188019100901978587A039B029AF8F76D
:10EC500069FD0021218004B010BD0000E404001013
:10EC600038B50024C178032908D0012901D0012139
:10EC700000E0002140680090F8F7AAFC204638BD6B
:10EC800038B50024C178032903D040680090F8F714
:10EC90009FFC204638BD08B50021C278032A04D065
:10ECA00040680090F8F744FC0146084608BD0000A3
:10ECB00070B50D460A4AD2F81CC09369126AC0F8B2
:10ECC00004C003608260074C21680831F8F7F0FB4C
:10ECD000206800F108012846BDE87040F8F7DABB6B
:10ECE000D0120608F40200102DE9F0478446099E70
:10ECF000089C0F461546984621488368426801687B
:10ED0000CCF80830CCF80420CCF8001083684268B6
:10ED10000168AB606A60296042680168806862606F
:10ED20002160A060DFF85C90D9F8000000F12801B4
:10ED30006046F8F7BDFBD9F8000000F13001284625
:10ED4000F8F7B6FBD9F8000000F138012046F8F7D3
:10ED5000AFFBD9F8000000F128013846F8F79AFB1C
:10ED6000D9F8000000F130014046F8F793FBD9F8DC
:10ED7000000000F138013046BDE8F047F8F78ABBE3
:10ED8000D0120608F40200102DE9F0478446099ECF
:10ED9000089C0F4615469846214843690269C16898
:10EDA000CCF80830CCF80420CCF800104369026994
:10EDB000C168AB606A6029600269C16840696260CD
:10EDC0002160A060DFF85C90D9F8000000F110012C
:10EDD0006046F8F76DFBD9F8000000F118012846ED
:10EDE000F8F766FBD9F8000000F120012046F8F79B
:10EDF0005FFBD9F8000000F110013846F8F74AFB34
:10EE0000D9F8000000F118014046F8F743FBD9F8A3
:10EE1000000000F120013046BDE8F047F8F73ABBAA
:10EE2000D0120608F40200102DE9F0410E461446F7
:10EE30001F46DFF858C0DCF82C30DCF82820DCF85E
:10EE40002410836042600160DCF82C30DCF828205C
:10EE5000DCF82410A360626021600D4D2968403108
:10EE6000F8F726FB286800F148012046F8F720FB58
:10EE7000286800F140013046F8F70CFB286800F1E3
:10EE800048013846BDE8F041F8F704BBD012060847
:10EE9000F4020010014800787047000020030010C1
:10EEA00001490120087070472003001070B5044626
:10EEB0000D4600F047F81F4E4FF400403060022D21
:10EEC00001D0042D03D1306840F480403060032D20
:10EED00001D0042D03D1306840F4006030604FF45D
:10EEE000826070608020B0612179607941EA002001
:10EEF00030642178E07841EA0061A078020460780B
:10EF000042EA00200843706400F08CF800F0D4F866
:10EF10000A4809498161316841F00C0131604FF0C4
:10EF2000FF3141610649C161617ABDE870403D2011
:10EF3000F8F787BD008002400220100000900240D8
:10EF4000C08001000448016841F0010101600168CE
:10EF500011F0010FFBD170470090024010B500F096
:10EF600008F800F01EF800F03CF8BDE81040F7F794
:10EF700045BF10B501218803F3F7AEF9012148061A
:10EF8000F3F780F90120F3F7D9FA00214FF0007070
:10EF9000F3F778F9BDE8104001214FF06060F3F716
:10EFA00063B900B591B002A804A90091019007AB24
:10EFB00009AA0CA90EA8FFF797FE0EA8F8F784FA85
:10EFC0000CA8F8F749FA09A8F8F77EFA07A8F8F7A5
:10EFD00043FA04A8F8F778FA02A8F8F73DFA11B056
:10EFE00000BD00B591B002A804A90091019007AB43
:10EFF00009AA0CA90EA8FFF7C7FE0EA8F8F764FA35
:10F000000CA8F8F729FA09A8F8F75EFA07A8F8F7A4
:10F0100023FA04A8F8F758FA02A8F8F71DFA11B075
:10F0200000BD00002DE9F0031C4840680021017478
:10F030000022C37A002B2AD9042508264FF0004469
:10F040004FF48C4C0C27C37A521C9A4200D10022F8
:10F05000436903EB01131C60436905EB011843F896
:10F0600008C0C36901EB410803EB4823D0F81480C2
:10F0700006EB011948F80930436907EB011903EB66
:10F08000021843F80980491CC37A8B42DBD8044933
:10F090004069C860BDE8F00370470000200300101D
:10F0A0000090024003480068002801D000787047B3
:10F0B00000207047F4020010F0B4164840680021A8
:10F0C00041740022837A002B1FD9134C08254FF07E
:10F0D0000C0C837A521C9A4200D10022836903EB04
:10F0E00001131C60036A01EB410603EB46238669AA
:10F0F00005EB0117F35183690CEB011703EB0216C3
:10F10000DE51491C837A8B42E3D804498069086147
:10F11000F0BC704720030010000010300090024047
:10F1200001480078704700002004001001490120C8
:10F1300008707047200400100148407870470000B4
:10F14000200400100149012048707047200400107D
:10F1500003480068002801D00078704700207047FD
:10F16000C8020010084470470844D118097801709B
:10F17000704700EB4100704700EB410002EB430198
:10F1800009880180704700EB8100704700EB810027
:10F1900002EB830109680160704700EBC100704712
:10F1A00000EBC10002EBC3014A68096842600160DC
:10F1B000704700EB0110704700EB011002EB0311E8
:10F1C0004B680A6843600260CA688968C2608160EF
:10F1D00070470246002A0FD0A2F57F40FF380BD0BF
:10F1E0000020012303FA00F1914304D0401CC0B277
:10F1F0001028F7D3FF207047FF2070472DE9F0411A
:10F200000446069F8C4690461D461848836B426B09
:10F21000016BCCF80830CCF80420CCF80010426B1D
:10F22000016B806B6A602960A860114E306800EB4A
:10F230000410011D6046F8F73BF9306800EB04103C
:10F2400000F10C012846F8F733F9306800EB0410A0
:10F25000011D4046F8F71EF9306800EB041000F17C
:10F260000C013846BDE8F041F8F714B974180608E7
:10F270001804001010B5084951F82040012120461B
:10F28000F3F70EF801212046F3F718F82046BDE801
:10F2900010400021F3F712B89818060800B58BB09B
:10F2A00001A9009103AB06AA08A9FFF7A7FF08A8C8
:10F2B000F8F70AF906A8F8F7CFF803A8F8F704F961
:10F2C00001A8F8F7C9F80BB000BD000030B585B053
:10F2D0000F4A52F820004B68002B14D16B46183AA5
:10F2E000D2F808C01569D4685269CDF800C00295FB
:10F2F000019403928A78DFF81CC002FB0CF20092A2
:10F30000C978ADF808101946F2F7F0FE05B030BD27
:10F310008C180608A086010070B504460D462046EC
:10F32000FFF7BCFF2046FFF7A5FF29462046FFF761
:10F33000CDFF002070BD0000014602480068F6F7CE
:10F34000EEBF0000C804001001460148F6F7F8BF00
:10F35000C8040010F8B50F46344951F82040002089
:10F36000009000212046F2F77CFE01212046F2F7B2
:10F3700078FE01212046F2F780FE4FF4803500959B
:10F380002B4E20463146F2F75CFE70B90098411EC4
:10F39000009104D2BDE8F84026A000F095B83146AF
:10F3A0002046F2F74EFE0028F0D0002239462046D3
:10F3B000F2F700FF0095A08A10F0020F03D1009829
:10F3C000411E0091F7D2009800282BD021492046F9
:10F3D000F2F744FE01212046F2F75BFE0095208BF8
:10F3E00010F0020F0CD00098411E009104D2BDE82D
:10F3F000F84019A000F068B8208B10F0020FF2D18D
:10F400002046F2F76CFE009000212046F2F729FE1C
:10F4100001212046F2F725FE01212046F2F705FEE4
:10F420000020F8BD4FF0FF30F8BD00008C18060832
:10F4300001000300735F686C5F6932635F69736426
:10F44000657669636572656164793228293A657603
:10F450003500000000040010735F686C5F69326360
:10F460005F69736465766963657265616479322882
:10F47000293A4932435F464C41475F425553590050
:10F4800070B50D46094A52F82040204600F0ABF80E
:10F4900000280AD100222946204600F033F805460C
:10F4A0000021204600F07CF8284670BD8C18060824
:10F4B000014604480068002802D00068F6F72FBF14
:10F4C000002070471804001000B591B0034606A252
:10F4D00040216846C2F74EF96946E520F8F7FAFA86
:10F4E00011B04FF0FF3000BD6932632074696D6563
:10F4F0006F757420696E2066756E6374696F6E2017
:10F50000257300002DE9F04182B007468846154674
:10F510000020009001213846F2F7AFFD4FF480340F
:10F5200001941C4E38463146F2F78BFD70B9019BB1
:10F53000581E019004D202B04FF0FF30BDE8F081B8
:10F5400031463846F2F77DFD0028F0D02A46414684
:10F550003846F2F72FFE01943DB10F48009038462F
:10F560000099F2F76EFD10B110E00C48F6E7019932
:10F57000481E019004D202B04FF0FF30BDE8F08188
:10F5800038460099F2F75DFD0028F0D002B0002067
:10F59000BDE8F081010003000200030082000700C3
:10F5A00038B50446002501291BD001212046F2F779
:10F5B00070FD4FF480300090208810F4007F0AD056
:10F5C0000099481E009002D24FF0FF3503E02088DA
:10F5D00010F4007FF4D12046F2F781FD0090284618
:10F5E00038BD002038BD38B504464FF0807000901B
:10F5F000C1112046F2F759FD68B10098411E0091F3
:10F6000002D24FF0FF3038BD4FF400312046F2F700
:10F610004CFD0028F1D1002038BD00002DE9FF414C
:10F6200082B00F460C9E0D9C204951F82050284670
:10F63000FFF7D9FF80465FEA080006D01CA0FFF75D
:10F6400043FF06B04046BDE8F08100223946284617
:10F65000FFF758FF0746380006D01BA0FFF734FF1E
:10F6600006B03846BDE8F081009433462846059A36
:10F67000049900F057F8044634B11BA0FFF724FFAB
:10F6800006B02046BDE8F08100212846FFF788FF3C
:10F690000446200006D01CA0FFF716FF06B0204647
:10F6A000BDE8F08106B00020BDE8F0818C180608A6
:10F6B000735F686C5F6932635F776169745F696605
:10F6C0005F62757379282900735F686C5F693263C4
:10F6D0005F7472616E73616374696F6E5F62656798
:10F6E000696E282900000000735F686C5F693263EF
:10F6F0005F77726974655F646174615F706F6C6C71
:10F70000696E672829000000735F686C5F69326367
:10F710005F7472616E73616374696F6E5F656E644E
:10F72000282900002DE9FF4F83B01F46109E0020BE
:10F7300002900025804601909DF81000012802D01B
:10F74000022806D00DE001259DF812008DF8040076
:10F7500007E00225BDF81200010A8DF804108DF8AB
:10F76000050007B90026701984B20DF1040984B3AD
:10F77000DFF868A04FF4803B3DB1C84609F10109AC
:10F78000681EC5B2601E84B206E02EB1B8467F1C6A
:10F79000701E86B2601E84B298F800100398F2F7CB
:10F7A00012FDCDF808B051460398F2F74AFC70B943
:10F7B0000298411E029104D207B04FF0FF30BDE81D
:10F7C000F08F51460398F2F73CFC0028F0D0002C53
:10F7D000D2D107B00020BDE8F08F00008400070000
:10F7E0002DE9F0479946DDF82C80099F0A9E089D77
:10F7F0000C9B8446364800294DD0046DC36C816C47
:10F80000946053601160846E436E016EAC606B60F7
:10F810002960C36C816C006D73603160B060DFF88B
:10F82000B4A0DAF80000002850D00CEB4C0400EB38
:10F83000C400011D1046F7F73BFEDAF8000000EBAC
:10F84000C40000F10C012846F7F732FEDAF8000098
:10F8500000EBC40000F114013046F7F729FEDAF896
:10F86000000000EBC400011D4846F7F713FEDAF86C
:10F87000000000EBC40000F10C013846F7F70AFE67
:10F88000DAF8000000EBC40000F114014046BDE8C6
:10F89000F047F7F7FFBDD0F844A0046CC16BC2F885
:10F8A00008A054601160D0F85CA0846D416DC5F86B
:10F8B00008A06C602960046CC16B406C746031609E
:10F8C000B060012BABD10220D072A8E7BDE8F08771
:10F8D000B01806081C04001010B50E4951F820405D
:10F8E000002804D0012807D002280ED109E0012108
:10F8F0000803F2F7F1FC08E001218803F2F7D0FCDD
:10F9000003E00121C803F2F7CBFC2046BDE810401C
:10F91000F2F76DBDCC18060810B594B005AB049293
:10F920000CAA0DF11C0C0AAC03930092CDF808C090
:10F9300001940FAB11AAFFF753FF11A8F7F7C4FD0D
:10F940000FA8F7F789FD0CA8F7F7BEFD0AA8F7F78F
:10F9500083FD07A8F7F7B8FD05A8F7F77DFD14B0FC
:10F9600010BD000030B585B0204901EB80014B6827
:10F970001F4951F82040002100910191029103910B
:10F9800004916D465A68002A0BD0106800905068A8
:10F99000019090680290D0680390108AADF8100032
:10F9A0000BE0144A90680090D068019010690290B2
:10F9B00050690390108BADF81000187890B10022B8
:10F9C000ADF8022058780C4931F81000ADF80C0061
:10F9D0002046F2F70CFD29462046F2F785FD05B0DA
:10F9E000002030BD4FF48272EAE70000B041001001
:10F9F000CC180608B0180608D818060801460248B0
:10FA00000068F6F78CBC0000B041001001460148C8
:10FA1000F6F78EBCB041001001460148F6F790BCE5
:10FA2000B0410010014604480068002802D0006878
:10FA3000F6F775BC002070471C04001070B5054631
:10FA40000A4901EB85014C682179002906D1284635
:10FA500000F056F90321284600F0EEF8A1680029CD
:10FA600003D0E068BDE87040084770BD98400010C2
:10FA700070B50C460B4901EB80014D68002C04D099
:10FA8000296919B14FF0FF30206070BD00F00CF80B
:10FA90002968814202D2401A206070BD081A206095
:10FAA00070BD000098400010024901EB80004068E2
:10FAB0000068704798400010014602480068F6F759
:10FAC0002EBC00009840001001460148F6F738BCF3
:10FAD0009840001070B586B0484901EB80014C6831
:10FAE000474951F82050002D02D0206920B144E050
:10FAF00006B06FF00E0070BD002604966846F2F75F
:10FB000007FC2878002843D001283ED0022839D0AD
:10FB100004960498A0B320684FF47A71B0FBF1F218
:10FB200001FB1205374ADFF8E0C042F2107345B31B
:10FB3000A2FB005252096FF018056A4310EB8205D0
:10FB4000324A3CD0A2FB0032D208524202EB82027F
:10FB500010EB420242D0B0F5FA5F01D9C800206034
:10FB60002B490498B0FBF1F0208320884FF6FF71F9
:10FB700001EAC000E0827D20E06106B0002070BD97
:10FB800009E00CE002980490C3E703980490C0E7F2
:10FB900000980490BDE706B06FF00E0070BD1D49DF
:10FBA000884200D921600498B0FBF3F020832068DC
:10FBB000A2FB00104009E082C4F81CC0DDE7164932
:10FBC000884200D921600498B0FBFCF020832068B3
:10FBD000A2FB0010C008E082E361CEE7B0F57A4FE7
:10FBE00002D94FF47A4020600C4A0498B0FBF2F03E
:10FBF00020832088E082E161BFE700009840001088
:10FC0000380400101F85EB51A0860100CDCCCCCC70
:10FC100000127A0000A8610000C4090040420F00F1
:10FC2000044901EB80004068002801D0007D704746
:10FC30000020704798400010024A02EB80004068A4
:10FC4000017570479840001070B584B02A4901EBE7
:10FC500080014C68294951F820104D68886891F955
:10FC600002604978012902D0022904D006E001216E
:10FC7000F2F716FB02E00121F2F72EFB216941B3F6
:10FC800008680190486802908868039001A9284696
:10FC9000F3F7FEF801212846F2F75AFEBDF80410EA
:10FCA00001222846F3F7B8F801212846F2F74AFE68
:10FCB0006079FF280BD0012211462846F2F7A6FFF3
:10FCC00061793046F7F7BDFE3046F7F7ADFE04B078
:10FCD00070BD01A8F3F71CF9E08A401E0290208B4A
:10FCE000401EADF804000020ADF80C001021ADF866
:10FCF00006108DF80E00C9E7984000103804001077
:10FD000070B50F4901EB80014C680E4951F8201085
:10FD10004D6891F902602846F2F736FE0021284628
:10FD2000F2F716FE6079FF2809D00022012128464B
:10FD3000F2F76CFF3046BDE87040F7F768BE70BD63
:10FD40009840001038040010084A52F82020002A79
:10FD500007D0074A126832B1126801461046F6F71A
:10FD6000DEBA002070470020704700003804001001
:10FD7000000300102DE9FF4182B088460D9F0C9EC4
:10FD80002A4951F820502846FFF72DFC0446200050
:10FD900006D027A0FFF798FB06B02046BDE8F0810B
:10FDA0009DF8100000282DD0002241462846FFF77C
:10FDB000A9FB0446200006D023A0FFF785FB06B070
:10FDC0002046BDE8F0810020009003462846059AB1
:10FDD0000499FFF7A7FC044634B123A0FFF774FB96
:10FDE00006B02046BDE8F08100212846FFF7D8FB89
:10FDF0000446200006D024A0FFF766FB06B020468C
:10FE0000BDE8F08143463A4631462846FCF708FDF6
:10FE10000446200006D023A0FFF756FB06B020467C
:10FE2000BDE8F08106B00020BDE8F0818C1806081E
:10FE3000735F686C5F6932635F776169745F69667D
:10FE40005F62757379282900735F686C5F6932633C
:10FE50005F7472616E73616374696F6E5F62656710
:10FE6000696E282900000000735F686C5F69326367
:10FE70005F77726974655F646174615F706F6C6CE9
:10FE8000696E672829000000735F686C5F693263E0
:10FE90005F7472616E73616374696F6E5F656E64C7
:10FEA00028290000735F493243526F7574696E658B
:10FEB000735F4932435F4D61737465725F4275666B
:10FEC000666572526561642829000000104E0D4677
:10FED0000446B1780020022902D0032905D008E0A9
:10FEE0000020F9F7DFFA0320B070F9F7A5FBF9F766
:10FEF00045FB084B214625B1DB6A2A463BB19847B2
:10FF0000FEE7DB6A04A20BB19847FEE7FEE7FEE7D7
:10FF1000380200107C020010756E737065636966AC
:10FF2000696564206D65737361676500F9F784FB2B
:10FF30000449C96908600448006B08B18047FEE7BE
:10FF4000FEE70000380200107C0200102DE9F05F8F
:10FF50005FEA00080E4692461BD0D6E90045DFF85E
:10FF600024910027E04370EA05000ED0B268A11882
:10FF7000D9F8002045EB0700D9F80430511A73EB8B
:10FF8000000009D3F06838B903E0D6E90201C8429D
:10FF900002D1FF20BDE8F09FE14371EA05004AD09D
:10FFA000B068002808BFF0682418D9F800007D4127
:10FFB000D9F80410001B71EB050017D3D6F80CB06C
:10FFC000D9F80000D9F80410001B61EB05013C468C
:10FFD0005A460023C1F73FFBD9F80000D9F80410B6
:10FFE0001BEB00006141841A61EB0305D9F80000A6
:10FFF000D9F80410B4EB000965EB010B98F8020086
:020000040806EC
:10000000012804BF404600F041F8012088F80200B2
:10001000F068C8E90304C8E90554C8F81C50DAF8C8
:100020000000C8F82000DAF80400C8F824001648D8
:100030003A4681680CE0D6F80890B9F1000F08BF85
:10004000D6F80C90BB46D9E718469B68591857411B
:10005000B1EB090377EB0B0302D24368002BF3D11A
:100060004268B1EB0901C8E90121C0F80480816848
:10007000D8F80820A1EB020181604FF00000BDE834
:10008000F09F000028020010C03F00108178002976
:1000900004BF0020704710494A68824204D0110012
:1000A00018D04A688242FAD142684A608A688368F6
:1000B0001A448A606521017000214170817041609D
:1000C00081604161C0E903118161C0E907114162AA
:1000D00008467047FF207047C03F0010002070475F
:1000E0000846F6F71DBC0846F6F727BC0846D1B20D
:1000F0001A46F6F72FBC08461146F6F73CBC10B579
:100100000C4600210220F4F7D5FB2046BDE8104044
:10011000F6F7C8BB0846F6F73DBC00210A4643186F
:10012000491C9B7804291A44F9DB02F03F0132296B
:1001300000D33239491C4170704710B50446FAF7B4
:10014000D3FF2046FAF7D4FDFAF7CFFF002010BD09
:1001500010B5FAF7C9FFFAF7FDFD0446FAF7C5FF37
:10016000204610BD70B514460D460646FAF7BCFF92
:10017000224629463046FAF715FE0446FAF7B5FF3F
:10018000E0B270BD10B50446FAF7AEFF2046FAF7AC
:100190000BFE0446FAF7A9FFE0B210BD10B5044605
:1001A000FAF7A2FF2046F7F7CBFEFAF79EFF0020F2
:1001B00010BD10B5FAF798FFF7F7C6FE0446FAF738
:1001C00094FF204610BD70B50C460546FAF78CFF2B
:1001D00021462846F7F7BEFEFAF787FF002070BDDC
:1001E00070B514460D460646FAF77EFF012C0CBF8B
:1001F0000122002229463046F7F7D6FE0446FAF7D8
:1002000074FFE0B270BD10B50446FAF76DFF2046EA
:10021000F7F7ECFEFAF769FF002010BD10B5FAF70A
:1002200063FFF7F7F1FEFAF760FF002010BD10B58D
:100230000446FAF759FF2046FBF766FF84B2FAF747
:1002400054FF204610BD70B50546FAF74DFF28460D
:10025000FBF744F804001CBF2946F7F7EBFEFAF75A
:1002600044FF204670BD70B514460D460646FAF7A9
:100270003BFF224629463046F7F73CFF0446FAF793
:1002800034FFE0B270BD70B514460D460646FAF76D
:100290002BFF224629463046F7F7D8FE0446FAF7E8
:1002A00024FFE0B270BD10B50446FAF71DFF2046EA
:1002B000FBF710F884B2FAF718FF204610BD10B50E
:1002C000F8F744FB002010BD10B50446FAF70CFF08
:1002D0002046FBF76BF80446FAF707FF204610BDEF
:1002E0000121F8F731BBF8F733BB0000F0B587B058
:1002F0000E460746FAF7F8FE0020CDE90200054653
:10030000EFF3108000F0010072B6274C0490A06952
:10031000E169CDE902014FF0E020816900912349B4
:1003200009680191C1F3806159B180690099019018
:10033000884206D2DDE90210491C40F10000CDE9F7
:100340000210049800B962B60020CDE90400CDE99E
:10035000040060690099401AD4E90812A0FB013C2E
:1003600005FB01C100FB0210CDE90430DDE9040109
:100370000F4A0023C1F76FF9CDE904016068DDE998
:1003800002324068A0FB031C05FB03C300FB0233E1
:10039000DDE904208A1843413A603360FAF7A5FE8C
:1003A00007B00020F0BD00001002001004ED00E0D6
:1003B00040420F0010B5FAF797FEFAF7B7FF0400B6
:1003C00018BFFBF773FFFAF790FE204610BD70B51B
:1003D0000546FAF789FE2846FBF70CFF0446284637
:1003E000FBF754F8FAF781FEE0B270BD10B5044691
:1003F000FAF77AFE2046FBF761FF0446FAF775FE2E
:10040000E0B210BD70B50C460546FAF76DFE214608
:100410002846F7F7D3FE0446FAF767FEE0B270BD50
:100420002DE9F04186B00E460746FAF75DFE002042
:10043000CDE902000546EFF3108000F0010072B62E
:10044000294C0490A069E169CDE902014FF0E02058
:1004500081690091254909680191C1F3806159B111
:10046000806900990190884206D2DDE90210491C9A
:1004700040F10000CDE90210049800B962B60020F6
:10048000CDE90400CDE9040060690099D4E90823AE
:10049000411AA1FB020C05FB02C201FB03214FF430
:1004A0007A720023C1F7D7F86268DDE9024C52681E
:1004B000A2FB043805FB048402FB0C454FF47A745C
:1004C000A3FB042805FB04844FF0000C03FB0C4342
:1004D000121843EB01003A603060FAF706FE06B0EE
:1004E0000020BDE8F08100001002001004ED00E0E3
:1004F00070B50D460646FAF7F7FDFAF737FF040028
:1005000003D02A463146F7F78FFEFAF7EEFD204674
:1005100070BD10B50446FAF7E7FD2046F7F78EFEEA
:100520000446FAF7E2FDE0B210BD70B50C46054690
:10053000FAF7DAFD21462846FBF7FCF90446FAF7FC
:10054000D4FDE0B270BD70B50C460546FAF7CCFD9F
:1005500021462846F7F78CFE0446FAF7C6FDE0B2BE
:1005600070BD70B50C460546FAF7BEFD214628461B
:10057000FBF7EEF9FAF7B9FD606870BD10B50446F7
:10058000FAF7B2FD0120FBF73BFB002C18BF2060FF
:10059000FAF7ABFD002010BD70B50C460546FAF722
:1005A000A3FD21462846FBF70DFBFAF79EFD002030
:1005B00070BD2DE9F0411C4615460E460746FAF778
:1005C00093FD23462A4631463846FBF75DFB044639
:1005D000FAF78BFD2046BDE8F08110B50446FAF726
:1005E00083FD2046FBF7A4FB0446FAF77EFDE0B24C
:1005F00010BD10B50446FAF777FD646BFAF775FD88
:10060000204610BDFBF790BC10B5FAF76DFDFCF766
:100610005BF8FAF76AFD002010BD10B5FAF764FD2B
:10062000FBF7D0FC0446FAF760FD204610BD70B51C
:100630000C460546FAF758FD21462846FBF790FC84
:100640000446FAF752FDE0B270BD000001490120F6
:10065000887070472E03001018B108490978884245
:1006600001D900207047064900EB400001EB8000F3
:10067000012100F80C1C0846704700003C030010E4
:10068000683F001010B52A30F2F7A4FC2A214180FF
:100690002E3010BD70B51AB101240E4B0E4D05E081
:1006A000002070BD1E7846B10C33641C2E78B44215
:1006B000F8DD0320C0F73DFEF2E701251D705D70F7
:1006C00001F003015971187100205880E0B29A605E
:1006D00070BD0000683F00103C030010F0B518B179
:1006E0001A4A1378984201D90020F0BD184B00EB4C
:1006F000400003EB80040C3C19BB164800254FF466
:10070000806C4FF47C4E0188491C89B201806145A0
:1007100001D2A0F800C000210D4B068807E05F88D9
:10072000B74202D11F78012F04D80C33491C177827
:10073000B942F4DB1378994202D06D1C7545E2DBB7
:10074000B1B26180022020700120F0BD3C03001096
:10075000683F00102C03001010B518B10849097843
:10076000884201D9002010BD064900EB400001EB92
:1007700080000C380C220021F7F7F4FF012010BD97
:100780003C030010683F00102DE9F843A3F12E044C
:1007900005466088089F894690462A2802D0002096
:1007A000BDE8F883002D52D03848007885424ED8F5
:1007B000042200214846F7F7DDFFF0BBB8F1000F37
:1007C00045D04FF4B860874200D90746304905EB61
:1007D000450001EB800616F80C0D022837D1708811
:1007E00058B304F12605F1F72BFF28804046F1F7B6
:1007F00027FF688007F108081FFA88F00746F1F71D
:100800001FFFA8800020E8807079C00728D04846E4
:10081000F7F730FE00220421F1F71CF9024604210B
:100820004846F1F717F901461120F1F727F901467B
:100830003846F1F723F9024600E008E04146284631
:10084000F1F708F9C0430004000C04D005E020468D
:10085000F2F710FFA3E74FF6FF70F1F7F1FEE88023
:10086000278099F8000080230E21B1EB101F00D1E2
:10087000737800933379112249462046F7F746FEF4
:1008800005462046F2F7F6FE284689E73C030010AD
:10089000683F001010B500290AD00878002807D05A
:1008A00005487844C1F734FC002801D0002010BD71
:1008B0000248784410BD0000F6B00000EEB0000021
:1008C00010B500290AD00878002807D005487844D8
:1008D000C1F71EFC002801D0002010BD024878445A
:1008E00010BD0000E6B00000DEB0000021F00042C4
:1008F00001F00043A2F16052B2F5801F28BFD2F18F
:100900007F6C0BD95FEA001C43EAC20242EB5070D5
:1009100018BF704728BF20F001007047B2F5801F54
:10092000BCBF184670474FEA410C1CF5001F02D2AD
:10093000084600F06DBB70B500F068FA0000008951
:10094000FFF7F6BF4FF00040A0F5800070470000B1
:100950002DE9C04130B4DFF8A8C23CEA111418BF39
:100960003CEA131400F0F0801CEA111481EA03053C
:1009700044EAD57418BF1CEA131500F0CB80A4EB31
:10098000050404F17F7404F500344FF0004545EA96
:10099000C12145EAC32341EA505143EA52534FEA89
:1009A000C0204FEAC222994208BF904200F0A080C6
:1009B0004FEA13650FF24816765D4FEA134506FBC2
:1009C00005F7C7F1807706FB07F74FEAD737A7FB94
:1009D00003687642A7FB06CEC8F5803838BFA8F179
:1009E000010807FB08E6A6FB028C4FF0000EE6FBB1
:1009F00003CED8F100086FEA0C0C5CF1000C6FEA32
:100A00000E0E4EF1004EA6FB0C584FF00007E6FB11
:100A10000E87A1FB08C6A0FB07CE16EB0E064FF013
:100A2000000545F10005E1FB076515F1E04E7EBFCD
:100A3000A4F580345FEA46066D4116F1800745F162
:100A400000054FEA172747EA05674FEA15254FEAE1
:100A50000666A6F1DE46B6F1805F20D9384605EB82
:100A6000C47124F0010C01EB0C11BCF1FE6F02D833
:100A7000F0BCBDE8008124425CBF01F5801E9EEA07
:100A8000C47F02D4F0BCBDE80081244200F139806B
:100A9000A1F1C041F0BCBDE8004100F005BA4FEA49
:100AA000D02040EA41504FEAD1214FEAD22242EA17
:100AB00043524FEAD323A7FB028607FB036605FBDD
:100AC00002661EEA0E0F58BFA6EB0056B6EB0056A4
:100AD0004FEA520E4EEAC37E18EB0E0E56EB530E43
:100AE000BCD518EB02085E417F1C55F10005B5E747
:100AF0004FF480154FF000074FF000064FF000084C
:100B0000ACE701F1C04101F000414FF00000F0BC42
:100B1000BDE800810CEA131511EA0C1F00D00CE0AF
:100B200013EA0C1F00F025804FF0000081EA03015A
:100B300001F00041F0BCBDE80081F0BCBDE800411F
:100B400081EA030100F0B0B9F0BCBDE8004170B526
:100B500000F05CF9097EFC3E00F007B84FF00000A1
:100B600081EA030101F00041704781EA030100F0CE
:100B70009BB9F0BCBDE8004122494FF0000070472E
:100B8000FFFDFBF9F7F5F4F2F0EEEDEBE9E8E6E452
:100B9000E3E1E0DEDDDBDAD8D7D5D4D3D1D0CFCDD9
:100BA000CCCBCAC8C7C6C5C4C2C1C0BFBEBDBCBB12
:100BB000BAB9B8B7B6B5B4B3B2B1B0AFAEADACAB0D
:100BC000AAA9A8A8A7A6A5A4A3A3A2A1A09F9F9EE7
:100BD0009D9C9C9B9A999998979796959594939399
:100BE000929191908F8F8E8E8D8C8C8B8B8A898930
:100BF00088888787868585848483838282818180B3
:100C00000000FF070000F87F4FEA1153A3F580634F
:100C1000D3F11E03A8BFD3F1200C08DB4FF0004234
:100C200042EAC12252EA505232FA03F070470942B6
:100C30000BD4102BC4BF0020704703F5787CBCF1A7
:100C4000FF3F05D04FF0FF3070474FF00000704776
:100C500070B500F0DBF800BF499224800020704797
:100C6000F0E710F0004248BF4042B0FA80F310FABB
:100C700003F10AD0C3F11D0303F5806302EB0352B5
:100C80004FEA415002EBD12170474FF0000070470E
:100C9000B0FA80F310FA03F10AD0C3F11D0303F593
:100CA00080634FEA03524FEA415002EBD121704773
:100CB0004FF000007047000070B5DFF848C11CEA33
:100CC000111E1EBF1CEA13159EEA0C0F95EA0C0FAD
:100CD00000F06F8081EA03044EEAD47EAE4421EA3C
:100CE0004C1123EA4C1341F4801143F48013AEF10C
:100CF0007F7EA1FB024CA0FB0365361955EB0C056A
:100D0000A1FB034C4CF10003A0FB021C16EB0C06EC
:100D1000654153F10003094218BF46F0010613F480
:100D2000007F0BD14FEA03314FEA053041EA1551FC
:100D300040EA165034036FF003020AE04FEAC32181
:100D40004FEAC52041EA555140EA5650F4026FF08F
:100D5000020202EB2E4201EB025585EACE710AD067
:100D60005FEA440C18BF24F0004450F1000041F148
:100D7000000120EAD47040F2FE7C624500D270BDD2
:100D8000A84214BF4FF080444FF04044002E08BFEB
:100D90000024BEF1806FA8BFA1F1C041BDE8704042
:100DA00080F2828001F1C04101F000414FF000006B
:100DB00070470CEA13159EEA0C0F18BF95EA0C0F4A
:100DC00006D081EA030E4FF000000EF0004170BD26
:100DD00000F01CF88900013E00F007B800F009B8E7
:100DE0004FEA430C5FEA5C5C08D081EA030100F043
:100DF0005BB84FEA410C5FEA5C5CF6D102494FF008
:100E0000000070470000FF070000F87F0EF1020E9F
:100E10002EF0030E5EF8046B364205D4012A43EB34
:100E2000030515F5001F12D8012841EB010C1CF534
:100E3000001F0CD80ED14FEAD17C0CEB4C0C0CF1FE
:100E4000020C15F5001F08BF4CEBD37C04E04FF0FB
:100E5000080C01E04FEAD37C0CEB4C0526FA05F6B2
:100E600006F00706B6F1040C06D20EEB860CBDE8C0
:100E700070404CF0010C6047DFE80CF0090B0202F7
:100E80004FF00041A1F500214FF0000070BD194660
:100E90001046012851EB010418BFD4F5001484BF9B
:100EA000002001F0004170BD0808A0F500114FEAD4
:100EB0003101704743004FEAD30C4FEA3C0C4340EA
:100EC0001FBF40070CF1605113F0FE4F70471CF03C
:100ED000006F03D10CF00041002070470CF000437C
:100EE00043EA507040EACC0010B500F03EF800BF75
:100EF000000000924FEA0001FFF7D6BF4FF000411B
:100F0000A1F500214FF0000070474FF07E5209E03C
:100F100011F0004204D54042C1F1000138BF491E22
:100F200042F07E5202F170620B0012BF20235FEA92
:100F300000017047B1FA81FC01FA0CF1A3EB0C033C
:100F400020FA03FC41EA0C0102EBC352C3F1200377
:100F500010FA03FC5CEA416C42EB112018BF5FF011
:100F6000806C28BF20F0010070470EF1020E2EF0B9
:100F7000030E5EF8044B244204D44FEA4102B2F15E
:100F80007F4F11D84FEA4003B3F17F4F0CD80ED1F9
:100F90004FEAD07C0CEB4C0C0CF1020CB2F17F4F01
:100FA00008BF4CEBD17C04E04FF0080C01E04FEAA5
:100FB000D17C0CEB4C0324FA03F404F00704B4F1E5
:100FC000040C06D20EEB840CBDE810404CF0010C72
:100FD0006047DFE80CF0070802024FF00040A0F580
:100FE000800010BD0846420018BFD2F1807288BF51
:100FF00000F0004010BDF1EE100A4FF6FF71C0F294
:10100000C03120EA010040F04070E1EE100A704764
:10101000FF2141EAD050C00570470000C2154FEAD9
:10102000002318BF43F0004300F11080D2F1BE024C
:1010300040F2288023FA02F1B2F1200C2EBF23FAED
:101040000CF0C2F1200C03FA0CF07047B0F15F4FC6
:1010500000F2188012F0FF0208BF23F00043C2F133
:10106000BE0223FA02F1B2F1200C2EBF23FA0CF0DB
:10107000C2F1200C03FA0CF04042C1F1000138BF6C
:10108000491E704710B5FFF770FF00BF92244980DA
:101090004FF00001002070476FEAE07080F00041DF
:1010A0007047C1F711BBC2F7C1B9000000000000D2
:1010B000FFFFFFFFFFFF000000000000FFFFFFFF3A
:1010C00000000000000000000102030406070809F8
:1010D0000000000000000000000000000000000010
:1010E000FFFFFFFFFFFFFFFFFFFFFFFFFFFFFFFF10
:1010F000FFFFFFFFFFFFFFFFFFFFFFFFFFFFFFFF00
:101100000000F500000000AD0000A6000000000097
:10111000000000000F0000000000000000000000C0
:10112000FF0000000002010040420F000003000128
:1011300000000000000000000000000000000000AF
:10114000010000000097B92EE5725CCB5DCAE47324
:10115000B82F0196BA2D03945FC8E671E7705EC997
:101160000295BB2CE3745ACD0691BF28BE29079087
:101170005BCCE27559CEE077BC2B05920493BD2A77
:10118000E17658CF51C6E87FB4230D9A0C9BB52267
:10119000E97E50C7EB7C52C50E99B720B6210F9857
:1011A00053C4EA7DB2250B9C57C0EE79EF7856C147
:1011B0000A9DB324089FB126ED7A54C355C2EC7B37
:1011C000B027099EA2351B8C47D0FE69FF6846D127
:1011D0001A8DA334188FA136FD6A44D345D2FC6B17
:1011E000A037198E41D6F86FA4331D8A1C8BA53207
:1011F000F96E40D7FB6C42D51E89A730A6311F88F7
:1012000043D4FA6DF3644ADD1681AF38AE391780E6
:101210004BDCF26549DEF067AC3B15821483AD3AD6
:10122000F16648DF1087A93EF5624CDB4DDAF463C6
:10123000A83F1186AA3D13844FD8F661F7604ED9B6
:101240001285AB3C00020100FF000000FF0000001F
:10125000B402001000030100FF000000FF000000C6
:10126000BC02001000000000FF000000FF000000B2
:10127000FF0000000101000000000000000100006C
:101280000100060604040000000000000000000049
:10129000000000000000000000000000000000004E
:1012A000FF000000FF00000000000102030000003A
:1012B000010100000000000000000000010000002B
:1012C0000000000003000000E02E0000400D0300BD
:1012D000FF0000000000000002030000FF0000000B
:1012E0000000000002030000FF00000000000000FA
:1012F00002030000FF0000000000000002030000E5
:10130000E0000001000000006970616C6465760017
:10131000D52F0508C5AA050819120208000000000B
:101320000F000000000000000000000000000000AE
:101330006970616C3A20657272206D656D616C6CCC
:101340006F630000000000000000000000000000CB
:101350006970616C3A20657272206D656D667265A8
:101360006500000000000000000000000000000018
:101370006970616C3A20657272206D656D636F7281
:101380007275707400000000000000000000000092
:101390006970616C3A2065727220756470616C6C62
:1013A0006F6300000000000000000000000000006B
:1013B0006970616C3A2065727220746370616C6C44
:1013C0006F6300000000000000000000000000004B
:1013D0006970616C3A206572722074637073746115
:1013E0007465000000000000000000000000000024
:1013F0000200020000010000DD00060800030000FA
:1014000001010200007A030A007A030A00BD010507
:1014100080DE80020100000004000200FFFFFFFFE9
:101420000101000000000000070000004C20014006
:101430004C2101404C22014001000000010000004D
:101440000100000109000000010000020900000085
:10145000FF00000009000000FF000000090000007C
:101460000104020000000000000002000B00000068
:10147000010000080B000000010000100B0000003C
:10148000010000200B000000000080000B000000A5
:10149000020010000B000000020020000B00000002
:1014A000020002000B000000000004000B0000001E
:1014B000FFFFFFFFFFFFFFFFFFFFFFFFFFFFFFFF3C
:1014C000FFFF0000000000000500000001004000D8
:1014D000040000000100800004000000FF00000084
:1014E000FFFFFFFFFF000000FFFFFFFF070080007E
:1014F00004000000070000010400000006000000D6
:10150000FF00000005000000FF00000005000000D3
:10151000FF000000050000000800020005000000B8
:10152000020004000500000008000800050000009B
:10153000020000040600000002000008060000008F
:101540000200001006000000603F000001000000E3
:10155000030000000000000061CC05085DCC050818
:1015600059CC05080000000061CC05085DCC0508D9
:1015700059CC05080300000103000004020000002C
:101580000000000800000000000000000000000053
:10159000000000000000000000000000000000004B
:1015A00000200000000000007415060849CA050864
:1015B0004FCA05085BCA05080000000000000000D3
:1015C000000000000000000000000000000000001B
:1015D000000000000300000040420F000200FF0175
:1015E00001FF0000000000000000000000000201F8
:1015F000010001FFFFFFFF0000FFFFFFFF000000F1
:101600000100000002000000F0130608FF000608B9
:1016100015010608E7000608E1000608F7000608BD
:10162000ED0006080F0000000001000007000400A4
:10163000FFFFFFFF07000800FFFFFFFF070010008C
:10164000FFFFFFFF07002000FFFFFFFFFF0000007C
:10165000FFFFFFFFFF000000FFFFFFFFFF00000094
:10166000FFFFFFFFFF000000FFFFFFFF3F00000044
:1016700003000000FF000000FFFFFFFFFF0000006D
:10168000FFFFFFFF02000020FFFFFFFFFF00000041
:10169000FFFFFFFFFF000000FFFFFFFF080001004A
:1016A000FFFFFFFFFF000000FFFFFFFFFF00000044
:1016B000FFFFFFFFFF000000FFFFFFFFFF00000034
:1016C000FFFFFFFFFF000000FFFFFFFFFF00000024
:1016D000FFFFFFFF0F0000000200000102000002F8
:1016E00000000000000001000000010001040000F3
:1016F00000000000000400000006000000000000E0
:1017000000020106000000000004000100000000CB
:1017100000000000000000000000000001000000C8
:101720000030014000380040003C0040000004014F
:101730000000020000000002280000000700000076
:101740000402020302020301020000000000000084
:10175000000000000400000204020000000000017C
:10176000FF0000000000000002020001FF00000076
:101770000000000002020001000000000000000064
:1017800000000000000000000000024000040240D1
:1017900000080240000C0240001002400014024009
:1017A00000180240001C024000200240000000001F
:1017B0000000000000000000010000000200000026
:1017C00004000000080000001000000020000000DD
:1017D0004000000080000000000100000000000048
:1017E0000000000000000000FF00000000000000FA
:1017F000010200010101360000100040100000004D
:101800000101370000140040200000000002190010
:10181000004401400000020000021A00004801409C
:101820000000040001012C00001C004080000000AA
:1018300001012D0000200040000100000000040113
:10184000000800000100000228000000070000005E
:10185000FF0000000000000001020000FF00000087
:101860000000000000020000FFFFFFFFFFFFFFFF7E
:10187000FFFF00000000040000000000801A0600C6
:101880000000FFBF000000040040000000540040C2
:1018900000580040005C00400000200000004000B4
:1018A00000008000FF0000000000000002020100B4
:1018B000000800000000000000000401000000001B
:1018C0000000000228000000070000000030014076
:1018D00000380040003C00400000000008001000FC
:1018E000180020002800300038000000FF00000031
:1018F0000000000002020001FF00000000000000E4
:1019000002020002FF0000000000000002020000CE
:10191000FF000000000000000202000201000000C1
:1019200000000000010000000000000001000000B5
:1019300000000000010000000000000001000000A5
:101940000000000001000000000000000100000095
:101950000000000001000000000000000003FF0084
:101960000000303132333435363738394142434460
:101970004546403058003031323334353637383907
:10198000616263646566403078000400000800000E
:101990000000000000020001000010000000000034
:1019A0000000000002400000000000A00000000055
:1019B00005400000000000C8000000000C400000CE
:1019C0000000409C00000000194000000020BCBE48
:1019D0000000000034400000BFC91B8E000000045E
:1019E000B5400000504BCFD06607E2CF01000000A9
:1019F0006C4100003E8251AADFEEA73401000000D6
:101A0000D9420000DCB5A0E23A301F97FFFFFFFF8C
:101A1000B4450000FD25A0C8E9A3C14FFFFFFFFFAB
:101A2000FF3F00000000008000000000FF3F0000BA
:101A300000000080000000003A7474003A747400E2
:101A40003A747400303132333435363738396162A4
:101A50006364656678700030313233343536373838
:101A60003941424344454658500000006970616C5A
:101A70005F626173655F696E697469616C697365E2
:101A800028293A207463706E6574207265736F75CF
:101A90007263657320617265206E6F7420656E6F6E
:101AA00075676820666F72206970616C00000000C5
:101AB0006F73616C3A2076616C7565206F66206D7E
:101AC0006178746F6B656E73206F7220746F6B65D5
:101AD0006E732061726520696E636F7272656374E4
:101AE00020696E206F73616C5F73656D6170686FE4
:101AF00072655F6E657728290000000068616C5F81
:101B0000636F72655F696E69742829206E6F742037
:101B100063616C6C656420796574206F7220686104
:101B20006C5F636F72655F737461727428292061E2
:101B30006C72656164792063616C6C65640000009F
:101B4000686C5F6574685F696E69742829206361D9
:101B50006C6C656420686C5F6574687472616E7328
:101B60005F636F6E666967282920776869636820FC
:101B7000646F6573206E6F7420737570706F72740C
:101B8000206120706879206D6F646500000100029B
:101B90000004000038530010485300104C5300104C
:101BA000505300105853001078530010B8530010D1
:101BB000454F4D746865454D5372756E6E65720084
:101BC000454F43757272656E7473576174636864D0
:101BD0006F6700454F746865536572766963657316
:101BE00000454F7468654D6F74696F6E436F6E7416
:101BF000726F6C6C657200454F746865456E636FFB
:101C00006465725265616465720000000000000046
:101C100000000000000000000000000000000000C4
:101C200000000000000000000000000000000000B4
:101C300000000000000000000000000000000000A4
:101C40000000000000000000000000000000000094
:101C50000000000000000000000000000000000084
:101C60000000000000000000000000000000000074
:101C70000000000000000000000000000000000064
:101C80000000000000000000000000000000000054
:101C90000000000000000000000000000000000044
:101CA0000000000000000000000000000000000034
:101CB0000000000000000000000000000000000024
:101CC0000000000000000000000000000000000014
:101CD0000000000000000000000000000000000004
:101CE00000000000000000000000000000000000F4
:101CF00000000000000000000000000000000000E4
:101D000000000000000000000000000000000000D3
:101D100000000000000000000000000000000000C3
:101D200000000000000000000000000000000000B3
:101D300000000000000000000000000000000000A3
:101D40000000000000000000000000000000000093
:101D50000000000000000000000000000000000083
:101D60000000000000000000000000000000000073
:101D70000000000000000000000000000000000063
:101D80000000000000000000000000000000000053
:101D90000000000000000000000000000000000043
:101DA0000000000000000000000000000000000033
:101DB0000000000000000000000000000000000023
:101DC0000000000000000000000000000000000013
:101DD0000000000000000000000000000000000003
:101DE00000000000000000000000000000000000F3
:101DF00000000000000000000000000000000000E3
:101E000000000000000000000000000000000000D2
:101E100000000000000000000000000000000000C2
:101E200000000000000000000000000000000000B2
:101E300000000000000000000000000000000000A2
:101E40000000000000000000000000000000000092
:101E50000000000000000000000000000000000082
:101E60000000000000000000000000000000000072
:101E70000000000000000000030003000900000053
:101E80001C320608000000000000000000000000F6
:101E9000D606000000000000FA000000000000006C
:101EA000454F4D746865454D53646961676E6F7346
:101EB00074696300000000000000000000000000E2
:101EC00000000000000055F50000000000000000C8
:101ED0000000000000000000000000000000000002
:101EE00001000100010001000100010001000000EB
:101EF0007468654654736572766963650000000016
:101F000000000000A08601000300000080969800F9
:101F1000F01E0608080000007468654241547365AD
:101F200072766963650000000000000040420F0007
:101F30000300000080969800181F060809000000A2
:101F40000000000000000000000000000000000091
:101F500000000000FF000000000000000000000082
:101F60000000000000000000000000000000000071
:101F70000000000000000000000000000000000061
:101F80000000000000000000000000000000000051
:101F90000000000000000000000000000000000041
:101FA0000000000000000000000000000000000031
:101FB0000000000000000000000000000000000021
:101FC0000000000000000000000000000000000011
:101FD0000000000000000000000000000000000001
:101FE00000000000000000000000000000000000F1
:101FF00000000000000000000000000000000000E1
:1020000000000000000000000000000000000000D0
:1020100000000000000000000000000000000000C0
:1020200000000000000000000000000000000000B0
:1020300000000000000000000000000000000000A0
:102040000000000000000000000000000000000090
:102050000000000000000000000000000000000080
:102060000000000000000000000000000000000070
:102070000000000000000000000000000000000060
:102080000000000000000000000000000000000050
:102090000000000000000000000000000000000040
:1020A0000000000000000000000000000000000030
:1020B0000000000000000000000000000000000020
:1020C0000000000000000000000000000000000010
:1020D000FF00000000000000000000000000000001
:1020E00000000000000000000000000000000000F0
:1020F00000000000000000000000000000000000E0
:1021000000000000000000000000000000000000CF
:1021100000000000000000000000000000000000BF
:1021200000000000000000000000000000000000AF
:10213000000000000000000000000000000000009F
:10214000000000000000000000000000000000008F
:10215000000000000000000000000000000000007F
:10216000000000000000000000000000000000006F
:10217000000000000000000000000000000000005F
:10218000000000000000000000000000000000004F
:10219000000000000000000000000000000000003F
:1021A000000000000000000000000000000000002F
:1021B000000000000000000000000000000000001F
:1021C000000000000000000000000000000000000F
:1021D00000000000000000000000000000000000FF
:1021E00000000000000000000000000000000000EF
:1021F00000000000000000000000000000000000DF
:1022000000000000000000000000000000000000CE
:1022100000000000000000000000000000000000BE
:1022200000000000000000000000000000000000AE
:102230000000000000000000000000000A00000094
:1022400064000000E803000010270000A0860100E1
:1022500040420F008096980000E1F50500CA9A3BC5
:102260003030303130323033303430353036303752
:102270003038303931303131313231333134313538
:10228000313631373138313932303231323232331E
:102290003234323532363237323832393330333104
:1022A00033323333333433353336333733383339EA
:1022B00034303431343234333434343534363437E2
:1022C00034383439353035313532353335343535C8
:1022D00035363537353835393630363136323633AE
:1022E0003634363536363637363836393730373194
:1022F000373237333734373537363737373837397A
:102300003830383138323833383438353836383771
:102310003838383939303931393239333934393557
:1023200039363937393839390000000000000000EB
:10233000F32303082D240308C5220308D72203082A
:10234000592303087D230308B72303086B230308DD
:1023500019240308D523030875240308452403081A
:10236000D923030855230308FCFFFFFF00000000EA
:102370004543030841430308654303085F430308DB
:10238000FE0000000000000000000000000000004F
:10239000000000000000000000000000000000003D
:1023A000000000000000000000000000000000002D
:1023B000000000000000000001000000000000001C
:1023C000000000000000000000000000000000000D
:1023D00000000000000000000100000000000000FC
:1023E0000F0F0F0F0F0F0F0F00010F0F0F0F0F0F1A
:1023F00002030405060708090A0F0F0F0F0F0F0F3E
:1024000000000101000100010004080C00020103AA
:1024100000010203000001010100000100001000A2
:10242000000000003DBD04083BBD040800000000A2
:10243000000000000000000000000000000000009C
:10244000000000000000000000000000000000008C
:102450000000000000000000A0860100C0C62D00A2
:1024600000000000000000008049060850460608F1
:10247000D8460608D0440608D0460608D0450608C7
:102480005045060801000000C0CF6A0040404040AF
:10249000000000000000000000000000000000003C
:1024A0000000000000000000090000000000000023
:1024B0000000000000000000080000000000000014
:1024C00000000000000000000A0000000000000002
:1024D00000000000000000000600000000000000F6
:1024E00000000000000000000700000000000000E5
:1024F00000000000000000000A000004A0860100A7
:1025000000A3E1110800000000000000010000002D
:1025100051C504085DC5040857C5040863C504080F
:102520000B0000040000080010270000000000005D
:10253000000000000001800080000000000000009A
:102540000000000000000000FFFFFFFFFFFFFFFF93
:102550000000000000000000000280000001800078
:10256000800010007F000001112700000000000023
:10257000000000000000000000000000000000005B
:1025800000000000000000000002800000010001C7
:10259000000110007F000001112700000000000072
:1025A000000000000C0C01010101010104010265A1
:1025B0006F6572726F725F494E5445524E414C4581
:1025C00052524F525F5F636F6465756E7265636FE1
:1025D000676E6973656400656F6572726F725F49DB
:1025E0004E5445524E414C4552524F525F5F7374A8
:1025F00072696E67617477726F6E67706C61636524
:1026000000656F6572726F725F494E5445524E415C
:102610004C4552524F525F5F76616C7565697365C8
:102620006D70747900000000FFFFFFFF942D060815
:10263000CC2B0608502C0608582D0608002B06083F
:1026400068260608842B0608382C0608502606083B
:102650000000000087B00608A692060801000000EE
:102660003CA10608055906080000000082A00608E3
:102670001F9B06080100000079B506089271060844
:10268000020000004E600608E57006080300000026
:102690006E600608E59C060804000000BF96060868
:1026A000D1AF06080500000072950608CAAC0608FE
:1026B000060000009B940608E96406080700000075
:1026C00029A30608D78E06080800000045950608CD
:1026D000498F060809000000EFA20608498F060886
:1026E0000A0000009D9506088FAC06080B0000004C
:1026F00061A306088FAC06080C0000009E7806084F
:10270000055906080D00000098B20608055906088C
:102710000E000000E9AA0608055906080F0000008F
:102720007FA806080559060810000000DBB106085E
:1027300005590608110000006AAA0608055906088E
:10274000120000000DA70608055906081300000036
:102750007AB40608055906081400000099A6060870
:102760000559060815000000F2950608F18D0608C7
:10277000160000003AA20608F28D060817000000B5
:10278000AD7B06080559060818000000B4B306081A
:10279000055906081900000016A50608055906087F
:1027A0001A0000007EA70608055906081B00000055
:1027B000326B0608055906081C000000D28B06087B
:1027C000055906081D000000798A06080559060803
:1027D0001E000000018B0608055906081F000000B6
:1027E000BE8A06080559060820000000EE89060882
:1027F0000559060821000000868B060805590608C1
:1028000022000000E38406080559060823000000A2
:102810007E83060805590608240000003284060855
:102820000559060825000000C78206080559060854
:1028300026000000D9830608055906082700000075
:10284000DA960608987C060828000000229C0608F4
:10285000F665060829000000EB94060805590608ED
:102860002A00000072940608E96406082B000000A4
:102870007BA20608F08E06082C000000ABA006081C
:10288000A29806082D000000218C060805590608AC
:102890002E00000026960608055906082F000000A5
:1028A000BF940608E964060830000000D0A30608BB
:1028B000F08E060831000000E3A00608A298060882
:1028C00032000000AF9C0608F665060833000000E1
:1028D0004885060805590608340000001B950608BF
:1028E00054AC060835000000B8A2060854AC06082F
:1028F0003600000043780608055906083700000036
:10290000378A06080559060838000000268306089D
:102910000559060839000000559C0608F6650608AA
:102920003A00000052B30608055906083B000000B3
:1029300093A40608055906083C00000019A60608DD
:10294000055906083D000000936B06080559060866
:102950003E000000266E0608055906083F000000EC
:10296000D66C06080559060840000000366C0608BB
:102970000559060841000000876C0608055906083D
:1029800042000000E86B06080559060843000000F5
:10299000CB6D06080559060844000000736D060853
:1029A0000559060845000000C89506088FAC0608C2
:1029B0004600000099A3060854AC06084700000032
:1029C000FA7806080559060848000000448B0608F6
:1029D00005590608490000008B84060805590608B9
:1029E0004A000000829C0608F66506084B000000BD
:1029F000256D0608055906084C00000017B40608A6
:102A0000055906084D000000F4A8060805590608F7
:102A10004E000000FFA70608055906084F000000F9
:102A200036B20608055906085000000010A4060832
:102A300005590608510000009AA506080559060820
:102A400052000000199106080559060853000000BD
:102A500052B506080559060854000000ABAF060839
:102A60000559060855000000CE9E060805590608BF
:102A70005600000047970608055906085700000051
:102A800062A10608055906085800000000910608D2
:102A900005590608590000002AB506080559060818
:102AA0005A00000084AF0608055906085B000000C4
:102AB000A39E0608055906085C0000002397060837
:102AC000055906085D000000F4B20608055906081D
:102AD0005E000000E8A90608055906085F0000002E
:102AE0007FA80608055906086000000078A90608B6
:102AF000055906086100000033600608BD7A060823
:102B000000000000B08E060805590608010000000C
:102B1000BD8E06080559060802000000CA8E060888
:102B20000559060803000000B68F06080559060877
:102B300004000000C38F06080559060805000000C0
:102B40000B900608055906080600000018900608B4
:102B50000559060807000000F39006080559060805
:102B6000080000000F930608055906080900000038
:102B70006A930608055906080A000000C59306086E
:102B80000559060800000000CD7B0608B87206084B
:102B90000100000094610608797306080200000035
:102BA000B16106088E9D060803000000CE99060854
:102BB00069900608040000005A6A060805590608CC
:102BC00005000000BFAD060805590608000000001A
:102BD000B4B1060805590608010000008CB10608CA
:102BE0000559060802000000557906082CAD0608B4
:102BF0000300000095970608055906080400000028
:102C0000A98506080559060805000000C2970608B0
:102C10000559060806000000A396060800000000FB
:102C200007000000E6750608BC6206080800000000
:102C30004A7606088D60060800000000DBB0060832
:102C4000A6920608010000004FA1060805590608D3
:102C5000000000007469060805590608010000001C
:102C60009E870608D689060802000000108806081C
:102C7000D689060803000000BD810608D68906082B
:102C80000400000017700608D68906080500000039
:102C9000966A0608D6890608060000004D810608D7
:102CA000D689060807000000A5800608D689060810
:102CB00008000000228006082B66060809000000B4
:102CC0008E6506082B6606080A000000B488060810
:102CD0002B6606080B0000007D680608918906082F
:102CE0000C000000977E0608918906080D00000080
:102CF0000B7E0608918906080E000000A37D0608D9
:102D000068A006080F000000046706082C89060862
:102D100010000000BC7D0608D689060811000000DE
:102D20005E87060805590608120000003874060878
:102D30008E750608130000009B7606089888060822
:102D400014000000E78C0608C08C0608150000007F
:102D5000348206087379060800000000F56E060844
:102D6000055906080100000035B10608A6920608BC
:102D700002000000469406082162060803000000D5
:102D8000B8A1060859620608040000000968060890
:102D90000559060800000000189F06080559060896
:102DA0000100000001A00608055906080200000005
:102DB0008AA106080559060803000000599606086E
:102DC00005590608040000008BB5060805590608D9
:102DD0000500000002B506080559060806000000B7
:102DE00042A006080559060807000000D9B40608E5
:102DF00005590608080000001EA106080559060826
:102E000009000000808D0608617206080A000000B3
:102E1000A69F0608055906080B000000D869060899
:102E20003E9206080C00000097690608D791060834
:102E30000D000000196A0608519106080E000000F6
:102E40006A970608055906080F000000D2660608B2
:102E500053AE0608100000003E7D0608F0980608F4
:102E600011000000817D060841990608120000004B
:102E70005F7D060818990608130000007A7006089E
:102E800029AC0608140000009164060805590608DC
:102E9000150000003F6406080559060816000000EA
:102EA000E68606080559060817000000147A060889
:102EB0007D6E060818000000477A06086E6706084F
:102EC00019000000B1860608B86E06081A00000056
:102ED0002C870608D86706081B0000000B6F060841
:102EE000A59206081C000000827A06086E67060894
:102EF0001D0000000B7D0608D59806081E00000086
:102F0000349A0608759E06081F0000000F9A0608EE
:102F1000759E06082000000020940608759E06088D
:102F200021000000DD9A0608759E060822000000B8
:102F3000BC9A0608759E060823000000FE9A060843
:102F4000759E0608240000007A9A0608759E0608F9
:102F500025000000599A0608759E06082600000004
:102F60009B9A0608759E0608270000006C8C0608D0
:102F70000559060828000000958C0608D56106084A
:102F800029000000A38D0608000000002A000000B0
:102F90000D600608000000002B000000958C06085C
:102FA000078D06082C0000001A69060831910608F2
:102FB0002D000000756A06086A9906082E000000B8
:102FC000527506086A9906082F000000F56A06087F
:102FD0006A99060830000000557C0608E3AD060833
:102FE00031000000AF7C0608BD7F060832000000FB
:102FF000068606083C7F0608330000005D8606084A
:103000007E7F060834000000646606082E7C0608F1
:103010003500000073980608A77706083600000000
:103020001B7706085077060837000000DE6F060899
:10303000019C060838000000D67906080000000050
:1030400039000000406F0608446306083A0000009B
:103050008E6F06089E6206083B000000F89E060878
:10306000000000003C000000E87B0608BD63060885
:103070003D000000F7770608C4AE06083E000000D9
:103080000575060868AB06083F000000BD74060819
:103090009AAE06084000000031980608AB9006087A
:1030A00041000000E8970608D08F060842000000A3
:1030B000889F060825900608FFFFFFFFFFFFFFFF20
:1030C0007F000001A086010010270000E803000037
:1030D00040420F00FFFFFFFF000000000000000063
:1030E00000000000FFFFFFFF0000000000000000E4
:1030F0000000000000000000FFFFFFFFFFFFFFFFD8
:10310000CA00000210000000000000000A0001C810
:10311000012A000202000200400040005C115C1124
:103120007F00000101000000050D4000000032009A
:1031300000040000290000020200010040004000DD
:10314000050D050D7F000001010000007F0000015A
:10315000050D4000000000000000000028000002F3
:10316000FAFBFC0000080004000801020304050645
:10317000E8030000000000002C01000090010000A6
:10318000FA000000BC020000FA0000000300010089
:1031900001010000030002000003000439300100B7
:1031A000000000000A0001C83930000400010003DB
:1031B00080008000200000000100080010270000AF
:1031C0000000000000000000DC000004204E0000B1
:1031D00001DB800002080000000000000000000089
:1031E00000000000000000000000000000000000DF
:1031F00000000000000000000000000000000000CF
:10320000A19B0508A59B0508E99A0508F0000002A6
:1032100008000000630000003C510608010C0C018E
:10322000000000000002010101010101040103028C
:10323000000000000000000000000000000000008E
:10324000000000000000000000000000000000007E
:10325000000000000000000000000000000000006E
:10326000010003003C3206088582040843860408F6
:1032700004000300383206088782040857860408D1
:103280002000010040320608938204086B8604087F
:103290002000010040320608A18204086D8604085F
:1032A0000100030014350608A38204086F86040891
:1032B0000400030010350608A5820408838604086C
:1032C0003800010018350608B782040897860408FC
:1032D0000C00010040350608F782040899860408AE
:1032E0002800010018350608F98204089B860408A6
:1032F000010003009C350608FB8204089D86040833
:103300000800030050350608FD820408C38604083F
:1033100044000100583506080D830408D5860408CA
:10332000500001005035060827830408D78604089A
:1033300004000300A035060829830408D986040880
:1033400001000300A13506083B830408EB8604084E
:1033500001000300A03506083D830408FD8604082B
:1033600001000300A23506083F8304080F87040804
:1033700028000100A83506084183040821870408B5
:1033800028000100A83506085B8304082387040889
:1033900030000100A03506085D8304082587040875
:1033A00001000300F43506085F830408278704083A
:1033B00004000300D0350608618304084D87040823
:1033C00020000100D43506086D8304085F870408D7
:1033D00028000100D03506088783040861870408A7
:1033E000010003000C36060889830408638704087B
:1033F00004000300F83506088B8304088987040855
:1034000010000100FC350608978304089B87040818
:1034100018000100F8350608B18304089D870408E8
:103420000400030010360608B38304089F870408CD
:103430003000010018360608C5830408B187040867
:10344000100001002836060805840408B387040824
:10345000100001001836060807840408B587040820
:10346000100001003836060809840408B7870408EC
:1034700038000100103606080B840408B9870408D8
:1034800001000300683606080D840408BB870408A1
:1034900004000300503606080F840408E18704087E
:1034A00014000100543606081B840408F38704083E
:1034B0001C0001005036060835840408F58704080E
:1034C000BC51060880510608D45106087051060800
:1034D000AC5106089C5106085C5106084C51060880
:1034E00010360608A035060850360608503506087E
:1034F000F8350608D03506081035060838320608B3
:10350000380030001C00500018002800400028003F
:1035100000000000000000000000000000000000AB
:10352000000000000000000000000000000000009B
:10353000000000000000000000000000000000008B
:10354000000000000000000000000000000000007B
:10355000000000000000000000000000000000006B
:10356000000000000000000000000000000000005B
:10357000000000000000000000000000000000004B
:10358000000000000000000000000000000000003B
:10359000000000000000000000000000000000002B
:1035A000000000000000000000000000000000001B
:1035B000000000000000000000000000000000000B
:1035C00000000000000000000000000000000000FB
:1035D00000000000000000000000000000000000EB
:1035E00000000000000000000000000000000000DB
:1035F00000000000000000000000000000000000CB
:1036000000000000000000000000000000000000BA
:1036100000000000000000000000000000000000AA
:10362000000000000000000000000000000000009A
:10363000000000000000000000000000000000008A
:103640000000000000000000060704040404050454
:10365000000000000000000000000000000000006A
:10366000000000000000000000000000010B00004E
:1036700018400608DB3B06086C3606088F41060832
:10368000003E06084C390608C03406086C4006089F
:10369000103E060858390608E0340608704006084F
:1036A00004030801203E06086439060800350608B0
:1036B0007440060814400608D83B06084836060839
:1036C0008E4106080000000000000000000000001D
:1036D00000000000000000000000000008000300DF
:1036E000C436060837840408F78704081000010070
:1036F000CC360608458404080B880408180001002D
:10370000C4360608478404080D8804081C0003001A
:10371000CC3A060849840408118804080100030013
:10372000F53A06084B840408D58A04080100030012
:10373000F63A06084D8404085F8B04080C00030069
:10374000E83A06084F840408C18B0408010003000E
:10375000F43A060851840408C98D0408F8000300EF
:103760006C39060853840408158E04080C00030005
:10377000F439060861840408D18F0408200003008E
:10378000083A060863840408E5900408280003004A
:103790006C390608658404081B910408280003009E
:1037A000BC390608678404086191040828000300F6
:1037B0009439060869840408A791040801000300ED
:1037C000323A06086B840408BB9104080800030021
:1037D000E43906086D840408BD9104080400030060
:1037E000C83A06086F840408CB920408040003005A
:1037F000C83A060871840408CD92040864000100E8
:10380000643A0608738404084F9304080C0001000E
:10381000AC3A060895840408519304082800010076
:10382000643A0608978404085393040801000100D1
:10383000883A060899840408559304080100010099
:10384000893A06089B840408579304080100010084
:103850008A3A06089D840408599304081000010060
:10386000B83A06089F840408D79304082000010092
:103870008C3A0608A1840408D99304088C0101003D
:103880006C390608A3840408DB930408C80003000D
:10389000F83A0608A5840408DD930408060003002E
:1038A0007C3B0608B3840408AD94040804000300BC
:1038B000703B0608B58404081D9504082800030021
:1038C000F83A0608B784040857950408280003004E
:1038D000483B0608B9840408D5950408280003006D
:1038E000203B0608BB840408D995040802000300A5
:1038F000903B0608BD840408DD950408040003001D
:10390000743B0608BF8404089D9604080200030067
:10391000923B0608C1840408D596040818000100EB
:10392000C03B0608C3840408FD9604081400010087
:10393000C03B0608F1840408FF960408E00001007B
:10394000F83A0608F384040801970408F0510608C1
:1039500050520608E45106086C390608F83A060881
:10396000C43606088C01E0001800000000000000CA
:103970000000000000000000000000000000000047
:103980000000000000000000000000000000000037
:103990000000000000000000000000000000000027
:1039A0000000000000000000000000000000000017
:1039B0000000000000000000000000000000000007
:1039C00000000000000000000000000000000000F7
:1039D00000000000000000000000000000000000E7
:1039E00000000000000000000000000000000000D7
:1039F00000000000000000000000000000000000C7
:103A000000000000000000000000000000000000B6
:103A100000000000000000000000000000000000A6
:103A20000000000000000000000000000000000096
:103A30000000000000000000000000000000000086
:103A40000000000000000000000000000000000076
:103A50000000000000000000000000000000000066
:103A60000000000000000000000000000000000056
:103A70000000000000000000000000000000000046
:103A80000000000000000000000000000000000036
:103A90000000000000000000000000000000000026
:103AA0000000000000000000000000000000000016
:103AB0000000000000000000000000000000000006
:103AC00000000000000000000000000000000000F6
:103AD00000000000000000000000000000000000E6
:103AE00000000000000000000000000000000000D6
:103AF00000000000000000000000000000000000C6
:103B000000000000000000000000000000000000B5
:103B100000000000000000000000000000000000A5
:103B20000000000000000000000000000000000095
:103B30000000000000000000000000000000000085
:103B40000000000000000000000000000000000075
:103B50000000000000000000000000000000000065
:103B60000000000000000000000000000000000055
:103B70000000000000000000000000000000000045
:103B80000000000000000000000000000000000035
:103B90000000000000000000000000000000000025
:103BA0000000000000000000000000000000000015
:103BB0000000000000000000000000000000000005
:103BC00000000000000000000000000000000000F5
:103BD0000000000000000000180C03011B000101A0
:103BE00001010000000000000000000000000000D3
:103BF00000000000000000000000000000000000C5
:103C000000000000000000000000000000000000B4
:103C100000000000000000000000000000000000A4
:103C20000000000000000000000000000000000094
:103C30000000000000000000000000000000000084
:103C40000000000000000000000000000000000074
:103C50000000000000000000000000000000000064
:103C60000000000000000000000000000000000054
:103C70000000000000000000000000000000000044
:103C80000000000000000000000000000000000034
:103C90000000000000000000000000000000000024
:103CA00001000300183C0608F58404080597040881
:103CB00008000300203C0608F78404086597040800
:103CC00010000300E83B0608F9840408359904084D
:103CD00001000300F23B060835850408039A040836
:103CE00020000100F83B060837850408339A0408D1
:103CF00040000100E83B06089B850408359A04084B
:103D00004C000300503C06089D850408399A0408BD
:103D100004000300503C06089F850408C19C040869
:103D200004000300503C0608A1850408F39E040823
:103D300048000300503C0608A3850408BB9F040804
:103D400004000300503C0608A5850408BD9F040834
:103D500020000100303C0608A7850408BF9F040826
:103D600002000100303C0608EF850408C19F0408EA
:103D700078000100283C0608F1850408C39F040868
:103D800008000300283E0608F3850408C59F0408C0
:103D900001000300283E0608F5850408C79F0408B3
:103DA00048000100303E0608F7850408C99F040852
:103DB00018000100303E0608F9850408CB9F04086E
:103DC00050000100283E0608FB850408CD9F04082A
:103DD0006C010300A83E0608FD850408CF9F040877
:103DE00020000100883E0608FF850408E19F0408C2
:103DF0009C010100783E060801860408E39F040840
:103E00009852060880520608B8520608CC52060896
:103E1000283C0608E83B0608283E0608783E0608C7
:103E20007800400050009C010000000000000000ED
:103E30000000000000000000000000000000000082
:103E40000000000000000000000000000000000072
:103E50000000000000000000000000000000000062
:103E60000000000000000000000000000000000052
:103E70000000000000000000000000000000000042
:103E80000000000000000000000000000000000032
:103E90000000000000000000000000000000000022
:103EA0000000000000000000000000000000000012
:103EB0000000000000000000000000000000000002
:103EC00000000000000000000000000000000000F2
:103ED00000000000000000000000000000000000E2
:103EE00000000000000000000000000000000000D2
:103EF00000000000000000000000000000000000C2
:103F000000000000000000000000000000000000B1
:103F100000000000000000000000000000000000A1
:103F20000000000000000000000000000000000091
:103F30000000000000000000000000000000000081
:103F40000000000000000000000000000000000071
:103F50000000000000000000000000000000000061
:103F60000000000000000000000000000000000051
:103F70000000000000000000000000000000000041
:103F80000000000000000000000000000000000031
:103F90000000000000000000000000000000000021
:103FA0000000000000000000000000000000000011
:103FB0000000000000000000000000000000000001
:103FC00000000000000000000000000000000000F1
:103FD00000000000000000000000000000000000E1
:103FE00000000000000000000000000000000000D1
:103FF00000000000000000000000000000000000C1
:1040000000000000000000000000000000000000B0
:104010000000000008060503021900000800030064
:104020007641060815860408E59F04081000030081
:104030007E4106081786040801A004080100030059
:1040400076400608198604081DA00408F400010043
:104050007E4006082586040839A0040818010100DE
:1040600076400608418604083BA00408D85206089A
:104070007640060818010000000000000000000063
:104080000000000000000000000000000000000030
:104090000000000000000000000000000000000020
:1040A0000000000000000000000000000000000010
:1040B0000000000000000000000000000000000000
:1040C00000000000000000000000000000000000F0
:1040D00000000000000000000000000000000000E0
:1040E00000000000000000000000000000000000D0
:1040F00000000000000000000000000000000000C0
:1041000000000000000000000000000000000000AF
:10411000000000000000000000000000000000009F
:10412000000000000000000000000000000000008F
:10413000000000000000000000000000000000007F
:10414000000000000000000000000000000000006F
:10415000000000000000000000000000000000005F
:10416000000000000000000000000000000000004F
:10417000000000000000000000000000000000003F
:104180000000000000000000000000000000050228
:1041900000000000000000001AC23F0010001200E2
:1041A00016C636000000000000000000FAFB7F6029
:1041B0003000032054CE76600000000000000000B4
:1041C000FAFB7F603000036054CE76600000000090
:1041D000B3F704080000000000000000B7AF0408B7
:1041E000B3AF0408000000000030000000FC010034
:1041F00000000000400D0300001801000000000056
:104200001E306CA2455300000AFF4813FFFFFF0059
:1042100020050000C0FD320F000000000104000175
:104220000500030580841E0000D2496B0004450090
:10423000C0E1E400000015000161646D696E0000DA
:104240000061646D696E0000000017000161646D1B
:10425000696E00000061646D696E0000000000007E
:10426000DBF7040800000000000000000000000070
:10427000000000000000000000000000614405088C
:104280005D44050859440508E9450508BBAF040825
:10429000000000000000000000000000000000001E
:1042A000000000000000000000000000000000000E
:1042B00000000000000000000000000000000000FE
:1042C00000000000000000000000000000000000EE
:1042D00000000000000000000000000000000000DE
:1042E00000000000000000000000000000000000CE
:1042F0000000803F000000000000000000000000FF
:104300000000803F000000000000000000000000EE
:104310000000803F000000000000803F000000001F
:10432000000000006F12833A0000803F0000000090
:10433000BD3706356F12833A0000803F0000803F92
:1043400000000000000000000000803F00000000AE
:1043500000000000000000000000803F000000009E
:1043600000000000000000000000803F005506082B
:104370001455060804550608205506082455060855
:104380003055060818550608105506080C5506083D
:104390001C550608285506082C5506080855060819
:1043A00000550608005506080055060801010F01D2
:1043B000007A030AE8030000000800020000000081
:1043C0000A0000000800002008080408800000001F
:1043D000000000000000000039F9040865F9040835
:1043E00000000200D0410608AC43060800000000AF
:1043F00000000000E031060835570408F000000412
:104400000C00CA0000080C00000202080A00016843
:10441000DC000004204E000001DB8000F0410608B3
:1044200000000000030800000101FF002900000453
:104430000200010010008000050D050D7F00000145
:104440000100000000000002000000000000000069
:104450005C115C110A000168010000000300020009
:104460000003C00539300100143206080A00016853
:104470003930C0058001C0039C009C012000000071
:104480000100100040420F0000000000000000008A
:104490002800000832000020F9F8F7000010001092
:1044A000001005060AFFFFFFE803000000000000FF
:1044B0002C01000090010000C8000000BC020000B8
:1044C000FA000000030001000001000060B90608C6
:1044D00000000000B537040800000000BF360408E3
:1044E00000000000000000000000000000000000CC
:1044F00000000000000000000000000000000000BC
:1045000000000000000000000000000000000000AB
:104510000000000051370408000000008337040841
:104520000D3604085D360408353604081F370408C4
:10453000000000008F36040800000000A7360408C1
:1045400000000000E1360408000000000000000048
:1045500000000000713B0408000000006D3B0408EF
:10456000000000006D3B0408000000006D3B0408E3
:10457000000000006D3B0408000000006D3B0408D3
:10458000000000006D3B0408000000006D3B0408C3
:1045900000000000B13B040800000000913B04084B
:1045A000000000000000000000000000000000000B
:1045B00000000000000000000000000000000000FB
:1045C00000000000000000000000000000000000EB
:1045D00000000000E93B040800000000D13B040893
:1045E000000000000000000000000000413C040842
:1045F00000000000013C040800000000213C040809
:1046000000000000000000000000000000000000AA
:10461000000000000000000000000000000000009A
:10462000000000000000000000000000000000008A
:10463000000000000000000000000000000000007A
:10464000000000000000000000000000000000006A
:1046500000000000D73C040800000000D93F040817
:10466000000000007D3F04080000000095400408A1
:1046700000000000E13D0408000000000000000010
:10468000000000004540040800000000E541040867
:1046900000000000113F0408000000003D3E040837
:1046A00000000000B53E040800000000000000000B
:1046B00000000000293D0408000000000000000088
:1046C0000000000000000000A93C040800000000F9
:1046D00000000000314E040800000000000000004F
:1046E00000000000000000000000000000000000CA
:1046F00000000000000000000000000000000000BA
:1047000000000000000000000000000000000000A9
:10471000A7390408000000004B390408000000001D
:104720000000000000000000000000000000000089
:104730000000000000000000000000000000000079
:104740000000000000000000000000000000000069
:1047500000000000000000006D39040800000000A7
:104760000000000000000000000000000000000049
:104770000000000000000000000000000000000039
:104780000000000000000000000000000000000029
:1047900000000000000000001D380408333B04083E
:1047A0000000000000000000000000000000000009
:1047B0000000000000000000F7370408E93A040890
:1047C00000000000000000000000000000000000E9
:1047D00000000000000000000000000000000000D9
:1047E00000000000000000000000000000000000C9
:1047F00000000000000000000000000000000000B9
:1048000000000000000000000000000000000000A8
:104810000000000000000000000000000000000098
:104820000000000000000000000000000000000088
:104830000000000000000000000000000000000078
:104840000000000000000000000000000000000068
:104850000000000000000000000000000000000058
:104860000000000000000000000000000000000048
:104870003F380408653B0408433804080000000082
:104880007D38040800000000000000000000000067
:104890000000000000000000000000000000000018
:1048A000C939040800000000EB39040800000000CA
:1048B00000000000000000000000000000000000F8
:1048C00000000000000000000000000000000000E8
:1048D00000000000000000000000000000000000D8
:1048E00000000000000000000000000000000000C8
:1048F00000000000000000000000000000000000B8
:1049000000000000000000000000000000000000A7
:104910000000000000000000000000000000000097
:104920000000000000000000000000000000000087
:104930000000000000000000933A0408000000009E
:10494000333A040800000000BF3A040800000000E9
:104950000D3A0408000000005D3A04080000000061
:104960009F380408693B0408A338040800000000CD
:1049700029390408000000000000000000000000C9
:104980000000000000000000C34804080000000010
:104990000000000000000000000000000000000017
:1049A0006D4204080000000000000000000000004C
:1049B0000000000000000000C14204089F4B0408F2
:1049C00021450408494D0408D945040800000000A9
:1049D00000000000000000000000000000000000D7
:1049E00000000000000000000000000000000000C7
:1049F000EB49040800000000A9470408000000007B
:104A0000334804080000000000000000000000001F
:104A10000000000000000000000000000000000096
:104A20000000000000000000000000000000000086
:104A30000000000000000000000000000000000076
:104A40000000000000000000000000000000000066
:104A500000000000000000004945040800000000BC
:104A60006B4B040800000000000000000000000084
:104A70000000000000000000000000000000000036
:104A80000000000000000000000000000000000026
:104A90000000000000000000000000000000000016
:104AA0000000000000000000000000000000000006
:104AB00000000000000000000000000000000000F6
:104AC00000000000000000000000000000000000E6
:104AD00000000000000000000000000000000000D6
:104AE000AF46040800000000E9420408000000008E
:104AF000434B040800000000BD490408000000000A
:104B000081440408314C040800000000000000004B
:104B10000000000000000000000000000000000095
:104B20000000000000000000000000000000000085
:104B30000000000000000000000000000000000075
:104B40000000000000000000000000000000000065
:104B50000000000000000000000000000000000055
:104B60000000000000000000000000000000000045
:104B7000AB45040800000000000000000000000039
:104B80006148040800000000B9430408014C04080F
:104B9000D74704080000000091430408FB4B0408B9
:104BA00005480408000000000000000000000000AC
:104BB00000000000000000000000000000000000F5
:104BC00005460408000000007D45040800000000C0
:104BD000E54A04080000000000000000000000009A
:104BE00000000000000000000000000000000000C5
:104BF000514A040800000000A9440408374D040885
:104C00005D4A040800000000D14404083D4D04083A
:104C10005D49040800000000094404081F4C040812
:104C2000694904080000000031440408254C0408C8
:104C3000154B04080000000049470408000000006C
:104C400069430408F54B04081B47040800000000F2
:104C500041430408EF4B040811430408A54B040822
:104C6000000000000000000075490408000000007A
:104C7000594404082B4C0408694A04080000000049
:104C8000F9440408434D040800000000000000003F
:104C90000000000000000000000000000000000014
:104CA0000000000000000000394604080000000079
:104CB00000000000000000006D4604080000000035
:104CC0000000000000000000B14A040800000000DD
:104CD0000000000000000000B14A040800000000CD
:104CE00000000000000000007946040800000000F9
:104CF00000000000000000000000000000000000B4
:104D0000E74604080000000000000000000000006A
:104D1000F948040800000000E1430408074C0408B7
:104D20007D470408000000000000000000000000B3
:104D300000000000000000008F4804080000000090
:104D40000000000000000000234A040800000000EA
:104D50000000000000000000000000000000000053
:104D600000000000000000002749040800000000C7
:104D70000000000000000000085511004E00454FE3
:104D8000646571756500454F6669666F00454F6CD7
:104D900069737400454F736D00454F7468654D65C8
:104DA0006D6F7279506F6F6C00454F74696D6572ED
:104DB00000454F766563746F7200454F566D75748C
:104DC000657800454F5674686543616C6C62616339
:104DD0006B4D616E6167657200454F56746865532F
:104DE000797374656D00454F5674686554696D65D7
:104DF000724D616E6167657200454F4D6D757465EA
:104E00007800454F4D7461736B00454F4D74686574
:104E100043616C6C6261636B4D616E6167657200CA
:104E2000454F4D74686553797374656D00454F4DFA
:104E300074686554696D65724D616E616765720075
:104E4000454F4D74686549506E657400454F736FEA
:104E5000636B6574446174616772616D00454F56A0
:104E600074686549506E657400454F7468654152B9
:104E70004D656E7669726F6E6D656E7400454F5646
:104E8000746865456E7669726F6E6D656E74004507
:104E90004F4D746865454D536170706C00454F4DC2
:104EA000746865454D53636F6E66696775726174AA
:104EB0006F7200454F4D746865454D536469736367
:104EC0006F766572796C697374656E657200454FB3
:104ED0004D746865454D536572726F7200454F4D54
:104EE000746865454D53736F636B657400454F4D32
:104EF000746865454D536261636B646F6F72004502
:104F00004F74686543414E646973636F7665727967
:104F10003200454F7468654D41495300454F7468F0
:104F200065534B494E00454F7468654554486D6F55
:104F30006E69746F7200454F7468655354524149ED
:104F40004E00454F7468654D454D5300454F74689C
:104F500065496E65727469616C733300454F74689E
:104F60006554656D70657261747572657300454F47
:104F700074686550534300454F746865504F530043
:104F8000454F746865466174616C4572726F72005A
:104F9000454F6167656E7400454F726F7066726150
:104FA0006D6500454F746865424F415244747261AB
:104FB0006E7363656976657200454F7472616E73D6
:104FC0006D697474657200454F746865496E666FEB
:104FD00044697370617463686572000001010201C5
:104FE000020203010202030203030401020203029C
:104FF0000303040203030403040405010202030281
:10500000030304020303040304040502030304036B
:105010000404050304040504050506010202030255
:10502000030304020303040304040502030304034B
:105030000404050304040504050506020303040330
:10504000040405030404050405050603040405041B
:10505000050506040505060506060701020203020A
:10506000030304020303040304040502030304030B
:1050700004040503040405040505060203030403F0
:1050800004040503040405040505060304040504DB
:1050900005050604050506050606070203030403C5
:1050A00004040503040405040505060304040504BB
:1050B00005050604050506050606070304040504A0
:1050C000050506040505060506060704050506058B
:1050D0000606070506060706070708004300000046
:1050E0000900000016000000050000000B00000091
:1050F0006200000006000000070000000800000039
:105100000000000079A20508C36205080000000045
:1051100000000000008000000100000000400000CE
:105120000200000000C0FFFF03000000FFFFFFFFC0
:105130000E000000FEFFFFFF0F0000000100010055
:1051400009000000DD3B0608000000007032060880
:10515000603206088032060890320608B03206082F
:10516000A0320608C0320608E0320608D03206082F
:10517000203306080033060810330608F03206080C
:1051800090330608303306085033060840330608CB
:10519000603306087033060880330608D0330608EB
:1051A000B0330608C0330608A033060810340608DA
:1051B000F033060800340608E033060870340608A9
:1051C00020340608303406085034060840340608F7
:1051D00060340608B034060890340608A034060887
:1051E00080340608FC360608DC360608EC3606086D
:1051F0007C3806085C3706088C370608AC3706088A
:105200009C370608CC3706086C3706087C3706083A
:10521000BC370608FC3706081C3806086C38060838
:105220002C3806083C3806084C3806080C380608A6
:105230005C380608DC370608EC3706080C37060829
:105240003C3706084C3706081C3706082C3706087A
:105250003C3906088C3806089C380608AC38060825
:10526000FC380608EC3806080C390608BC38060875
:10527000DC380608CC3806081C3906082C39060824
:10528000F03C0608C03C0608D03C0608E03C060896
:10529000A03C0608B03C0608703D0608503D0608D4
:1052A000603D0608203D0608103D0608403D060802
:1052B000303D0608003D0608C03D0608803D060852
:1052C000903D0608A03D0608B03D0608F03D0608E2
:1052D000E03D0608D03D06085C4006083C40060854
:1052E0004C4006081C4006082C400608365C0608A0
:1052F000725C0608DA5B0608E35B0608DE5B0608FC
:10530000D35B0608C85C0608295C0608E35C06084F
:10531000D55C0608665C0608EF5C0608035C0608B8
:10532000495C0608945C0608865C06087A5C0608F8
:105330003B5C0608365C0608205C0608D65B06085F
:10534000CB5C06082C5C0608E65C0608D85C060800
:10535000205C0608205C0608205C0608205C060825
:105360005F5C0608205C0608205C0608FC5B0608FB
:10537000575C06080000000001110000D017010072
:1053800000000008000010000000002000000200E3
:1053900003800000000000000064756D6D7900005E
:1053A00000000000000000000000000000000000FD
:1053B000000000000000000004300300DDB716020A
:1053C00000000000000000000000000000000000DD
:1053D000030C0000001C0000007368616C494E461D
:1053E0004F0000000000000000000000000000006E
:1053F000000000000000000043010000001C00004D
:1054000043040000501C000004200300DDB73602F6
:10541000000000000000000000000000000000008C
:105420000310000000180000007368616C504152C6
:105430005400000000000000000000000000000018
:10544000000000000000000004000300DDB71602A9
:105450000000100800000000C0FF01204000000014
:105460000320000000180000007368617253455269
:1054700056000000000000000000000000000000D6
:10548000000000000000000003010000001F0000F9
:105490007374434647000000076803084569030822
:1054A000737452554E000000E36803085D690308F9
:1054B000737445525200000075680308516903086F
:1054C0000001000079690308000201007769030800
:1054D000010002007B690308010201007D690308E5
:1054E000030403000400000090540608C05406089A
:1054F000056803087F69030839F804080000000004
:10550000455252004665620044656300417567007C
:105510004A756C004A616E004A756E0053657000F2
:105520004D617200417072004F6374004E6F7600DF
:105530004D617900656F5F6C6973745F4E657728A4
:10554000293A20656F5F766563746F72636170617D
:10555000636974795F64796E616D6963206F6E6CE5
:105560007920696620656F5F6D656D706F6F6C5F28
:10557000616C6C6F635F64796E616D696300656F08
:10558000765F7379735F6869645F496E6974696196
:105590006C69736528293A204E554C4C2067657418
:1055A000637572727461736B00656F765F73797384
:1055B0005F6869645F496E697469616C69736528C5
:1055C000293A204E554C4C20737461727400656FFB
:1055D000765F74696D65726D616E5F6869645F495D
:1055E0006E697469616C69736528293A204E554C5F
:1055F0004C206F6E64656C74696D65725F666E00D9
:10560000656F765F74696D65726D616E5F68696400
:105610005F496E697469616C69736528293A204E27
:10562000554C4C206F6E6E657774696D65725F6660
:105630006E00756E6E616D656400656F6D5F74619F
:10564000736B5F4E657728293A20756E737570709D
:105650006F72746564207479706500656F6D5F7436
:1056600061736B5F4E657728293A206F73616C20F8
:105670006769766573204E554C4C2063622D6D65CD
:105680007373616765717565756500656F6D5F74CE
:1056900061736B5F4E657728293A206F73616C20C8
:1056A0006769766573204E554C4C206D2D6D657382
:1056B00073616765717565756500656F6D5F7461B0
:1056C000736B5F4E657728293A206F73616C206792
:1056D00069766573204E554C4C2063622D6172676C
:1056E000756D656E74717565756500656F6D5F7458
:1056F00061736B5F4E657728293A206F73616C2068
:105700006769766573204E554C4C206F73616C74DD
:1057100061736B006970616C5F7379735F7374613F
:1057200072742829206A7573742063616C6C6564D7
:1057300000656F6D5F69706E65745F496E6974694D
:10574000616C69736528293A206F73616C2063610D
:105750006E74206769766520626C6F636B696E6733
:1057600073656D6170686F726500656F6D5F6970FC
:105770006E65745F496E697469616C697365282927
:105780003A204E554C4C20697063666700735F6524
:105790006F6D5F69706E65745F6174746163685F7B
:1057A000727173745F647467736F636B65742829B7
:1057B0003A20626C6B67657468616E646C65206921
:1057C00073206E6F74206372656174656420627902
:1057D000206F73616C00656F6D5F69706E65745FDB
:1057E000496E697469616C69736528293A206F7321
:1057F000616C2063616E742067697665206D7478D2
:1058000063616C6C6572005F496E697469616C6993
:1058100073652829206A75737420657865637574CB
:10582000656420666F722049503A202573005F49F5
:105830006E697469616C6973652829206578656390
:105840007574696E6720666F722049503A2025731F
:1058500000656F6D5F69706E65745F496E6974692C
:10586000616C69736528293A206F73616C206361EC
:105870006E742067697665206120646772616D735C
:105880006F636B6574726561647932747800656FFB
:105890006D5F69706E65745F496E697469616C698A
:1058A000736528293A2030206D61786461746167DE
:1058B00072616D656E717565756564696E74780089
:1058C000735F656F6D5F69706E65745F70726F6333
:1058D0006573735F7472616E736D697373696F6EF4
:1058E0005F646174616772616D28293A2064677230
:1058F000616D6669666F6F75747075742069732069
:10590000656D70747900656F5F736F636B65746448
:1059100074675F4F70656E28293A20736F636B65FB
:10592000742063616E6E6F7420626520696E206200
:105930006C6F636B696E67206D6F646520696620AC
:105940007478206F6E6C7900656F765F69706E6534
:10595000745F6869645F496E697469616C697365D5
:1059600028293A204E554C4C206174746163685F5D
:10597000666E00735F656F5F61726D656E765F73F3
:10598000686172656473657276696365735F737964
:105990006E6368726F6E69736528293A2063616E61
:1059A0006E6F742073796E63206D6F64696E666FBD
:1059B00000735F656F5F61726D656E765F736861BE
:1059C00072656473657276696365735F73796E631C
:1059D00068726F6E69736528293A2063616E6E6F15
:1059E000742073796E6320627264696E666F0073EF
:1059F0005F656F5F61726D656E765F73686172651A
:105A00006473657276696365735F73796E636872D8
:105A10006F6E69736528293A2063616E6E6F74201A
:105A20007265616420646576696E666F00656F7685
:105A30005F656E765F6869645F496E697469616C01
:105A400069736528293A204E554C4C207368617261
:105A50006564646174615F73796E6300656F765F1E
:105A6000656E765F6869645F496E697469616C69C7
:105A7000736528293A204E554C4C2070726F635F35
:105A80006F66667365745F676574004F4646004FC6
:105A90004E00656F6D5F69706E65745F5265736F00
:105AA0006C766549502829206973206F7665722EBF
:105AB000204C696E6B20772F20686F7374202573DC
:105AC00020697320257300656F6D5F656D73736F5B
:105AD000636B65745F436F6E6E65637420697320DA
:105AE0006F7665722E204C696E6B20772F20686F61
:105AF00073742025732069732025730061626F75AC
:105B00007420746F2063616C6C20656F6D5F656DD0
:105B100073736F636B65745F436F6E6E6563742838
:105B20002920746F20686F737420257320772F20CD
:105B300074696D656F7574203530306D7300656FF5
:105B40006D5F656D73646973636F766572796C6997
:105B50007374656E65725F496E697469616C6973AF
:105B60006528293A20454F4D74686549506E657423
:105B7000206E6F742073746172746564207965742B
:105B800000656F6D5F656D7372756E6E65725F49EE
:105B90006E697469616C69736528293A2074696D4E
:105BA000696E6773206F66207461736B73206E6F0C
:105BB0007420636F6D70617469626C6500454F4D50
:105BC000746865454D5372756E6E65720074494414
:105BD0004C450068775F4E4D490048414C004950A4
:105BE000414C004F53414C007365652054424C00BA
:105BF00074554E4B4E0074494E49540050656E64C6
:105C00005356006F73616C5F67656E657269630000
:105C1000697073722025642C2074696420256400E7
:105C200052657365727665640068775F4D656D4D8A
:105C3000616E616765006E6F6E65006F73616C5FAA
:105C4000737461636B6F7666006F73616C5F7772FC
:105C50006F6E67636667005379735469636B0053B3
:105C60005643616C6C0068775F44656275674D6F81
:105C70006E00756E6B6E6F776E006F73616C5F7523
:105C80006E73757070006F73616C5F77726F6E67A3
:105C9000706172006F73616C5F6865617069736FCA
:105CA0007665720049525148616E20257320546810
:105CB0007265616420257300747970652025730016
:105CC00040202564206D730068775F4861726446E8
:105CD00061756C740068775F5573616765466175BF
:105CE0006C740068775F4275734661756C74006808
:105CF000775F44656661756C740068616E646C659D
:105D0000722025732C20636F64652030782578001D
:105D10007230203D20307825303878207231203D97
:105D200020307825303878007232203D20307825B8
:105D3000303878207233203D203078253038780094
:105D400044465352203D20307825303878204D4D40
:105D5000464152203D203078253038780049435361
:105D600052203D2030782530387820534843535214
:105D7000203D203078253038780042464152203D81
:105D8000203078253038782041465352203D20304D
:105D900078253038780043465352203D203078250E
:105DA0003038782048465352203D2030782530380E
:105DB000780049525178006C656E6774685F65724F
:105DC000726F7220776173207468726F776E2069CA
:105DD0006E202D666E6F2D657863657074696F6EC9
:105DE00073206D6F64652077697468206D657373C7
:105DF0006167652022257322004877206C696D2039
:105E0000726561636865643A206D63703A25642049
:105E1000637A3A256420636F3A2564206570733A8B
:105E200025640063616C696220363A6F75744C6951
:105E30006D3A2063703A2564206D783A252E3166DC
:105E4000206D6E3A252E31660043414C4942203187
:105E500032206A2025643A206F66667365743D259A
:105E600064207A65726F3D256420006572726F72DE
:105E70002074797065362E63757272656E743D2577
:105E800064004572726F7220696E20636F6E766572
:105E90007274696E6720726F746174696F6E2074BA
:105EA0006F20656E756D207265743A2025750065EA
:105EB0006F5F726F706672616D655F524F505F50B9
:105EC0006172736528293A20656F5F70617273652E
:105ED000725F476574524F5028292063616C6C656E
:105EE0006420772F204E554C4C20706172616D7389
:105EF00000656F5F7472616E736D69747465725F53
:105F0000726567756C61725F726F70735F4C6F6101
:105F10006428293A2063616E74206C6F616420618B
:105F200020726567756C617220524F50206F662039
:105F300072656D6F7465207661726961626C65204F
:105F4000772F207061796C6F616400656F5F747288
:105F5000616E736D69747465725F4E657728293A56
:105F600020726F706672616D6572656164793274FA
:105F700078206973206E6F742076616C6964007399
:105F80005F656F5F7472616E736D69747465725F63
:105F9000726F70735F4C6F616428293A2063616E81
:105FA000742068617665204E554C4C20726F706489
:105FB00065732D3E64617461207769746820726531
:105FC0006D206F776E65727368697000735F656FBF
:105FD0005F7472616E736D69747465725F726F70F5
:105FE000735F4C6F616428293A206661696C732085
:105FF000696E2070726F63657373696E67206120CC
:10600000636F6E662D7265717565737400535953B5
:106010003A207468652070726F7879206861732007
:1060200072656365697665642061207265706C795C
:106030002E20004346473A20494343646973636F07
:106040007665727920726573756C743A20004346E8
:10605000473A2043414E646973636F7665727920D5
:1060600068617320646574656374656420004346E9
:10607000473A2043414E646973636F7665727920B5
:1060800063616E6E6F742066696E642000496E20D5
:10609000706172363420636F756E747320666F7230
:1060A00020746865206E756D626572206F6620656C
:1060B00072726F727320696E203130207365636F66
:1060C0006E6473206D61736B65642061733A206345
:1060D0007263206572726F72203078666666663011
:1060E00030303030303030303030302C2069326356
:1060F00020636F6D6D206572726F72203078303062
:1061000030306666666630303030303030302C20CB
:106110006E6F6E69757320747261636B2070657247
:10612000696F6420636F6E73697374656E63792041
:106130006572726F722030783030303030303030ED
:1061400066666666303030302C2065636365737335
:1061500069766520696E707574207369676E616C0D
:10616000206672657175656E637920666F72206353
:106170006F6E76657274657273206572726F7220CD
:10618000307830303030303030303030303066665B
:1061900066662000455448206D6F6E69746F723AD0
:1061A000206C696E6B20676F657320646F776E205B
:1061B00000455448206D6F6E69746F723A206465B3
:1061C000746563746564205258204352432065729D
:1061D000726F722000696E207061723634207468AC
:1061E0006572652061726520746865205B736967FC
:1061F0006E7C696433325D2C20696E20706172316F
:1062000036205B63617061636974797C73697A6558
:106210005D206F662070726F7879206C69737420CE
:1062200000496E207061723136207468657265278E
:10623000732074686520636F72726573706F6E642B
:10624000696E6720636F64652028303A204F4646A8
:106250002C20313A204F4E2900496E207061723156
:1062600036207468657265277320746865206375CD
:106270007272656E74207374617465206F66207429
:10628000686520454D5320626F6172642028303A62
:10629000204346472C20313A2052554E2900496E62
:1062A00020706172313620746865207479706520C1
:1062B0006F6620736572766963652900496E207088
:1062C0006172363420636F756E747320666F72204E
:1062D000746865206E756D626572206F66206572E8
:1062E000726F727320696E203130207365636F6E38
:1062F000647320286C6F7765723A204C53203332D8
:1063000062697473206E6F6E6975735F6D61787CFE
:106310006E6F6E6975735F6D696E2C207570706538
:10632000723A204D5320333262697473206D617369
:106330007465725F6D61787C6D61737465725F6D99
:10634000696E2900496E207061723136207468656B
:106350002074797065206F66207365727669636555
:106360002C20696E207061723634204C53203332F9
:1063700020626974732074686520626974206D619D
:10638000736B206F66206C6F737420626F61726430
:10639000202843414E3120696E204D532031362054
:1063A0006269747320616E642043414E3220696ECD
:1063B000204C5320313620626974732900496E20C5
:1063C000736F75726365616464726573732074685A
:1063D0006520654F6D6E5F736572765F636174658E
:1063E000676F72795F742C20696E20706172363429
:1063F000204C532033322062697473207468652006
:10640000626974206D61736B206F6620626F6172C8
:106410006473202843414E3120696E204D53203152
:1064200036206269747320616E642043414E3220CD
:10643000696E204C532031362062697473290053F1
:1064400059533A2074686520454F4D746865454D31
:106450005372756E6E657220636F756C64206E6F1B
:1064600074207478206120554450207061636B65FE
:1064700074207769746820656F6D5F656D73736FE5
:10648000636B65745F5472616E736D697428292E35
:10649000005359533A2074686520454F4D74686520
:1064A000454D53636F6E666967757261746F7220D4
:1064B000636F756C64206E6F742074782061205552
:1064C0004450207061636B6574207769746820653F
:1064D0006F6D5F656D73736F636B65745F5472612D
:1064E0006E736D697428292E00496E2070617231B7
:1064F000363A206E756D626572206F662072657126
:1065000075657374656420626F6172647320696E6F
:10651000203078666630302C206D6178206E756D85
:1065200062657220696E203078303066662E2049B0
:106530006E2070617236343A206D61736B206F6625
:106540002072657175657374656420626F61726431
:106550007320696E20307830303030303030306623
:1065600066666630303030202863616E32292061E3
:106570006E64203078303030303030303030303071
:106580003066666666202863616E31292E004D43B1
:106590003A204162736F6C75746520656E636F6439
:1065A00065722074696D656F75742E204E6F206161
:1065B0006E737765722066726F6D20746865206DEA
:1065C00061676E6574696320706F736974696F6E5B
:1065D0002073656E736F72206F6620746865206A21
:1065E0006F696E7420286361626C652062726F6BE4
:1065F000656E3F292E00496E20706172313620741D
:1066000068652072657175657374656420284D53E3
:10661000422920616E642074686520617373696724
:106620006E656420284C5342292E00496E2070610B
:10663000723136203D2061627320656E636F646540
:106640007220706F727420286D73622920616E64ED
:10665000204944206F66206A6F696E7420286C732D
:1066600062292E005359533A2074686520626F6185
:106670007264206861732064657465637465642066
:10668000612072657374617274206F66207468652E
:106690002072656D6F7465207472616E73636569D5
:1066A0007665722062656361757365207468652024
:1066B000727820726F706672616D65207365717596
:1066C000656E6365206E756D626572206973203139
:1066D0002E005359533A20746865726520776173B0
:1066E00020612070617273696E67206572726F72CB
:1066F000206F66206120726563656976656420524B
:106700004F502E004D433A2032464F432077726F50
:106710006E672073746174652E205468652032465C
:106720004F43206D6F746F7220636F6E74726F6C65
:106730006C657220697320696E206120636F6E74CE
:10674000726F6C207374617465206469666665722B
:10675000656E742066726F6D207265717569726501
:10676000642062792074686520454D532E00496E7F
:1067700020706172313620746865726520697320FB
:106780006672616D652E696420616E642066726157
:106790006D652E73697A652028696E206D6F73743C
:1067A000207369676E69666963616E74206E6962E1
:1067B000626C65292E20496E207061723634207417
:1067C0006865726520697320746865206672616D02
:1067D000652E646174612E00496E207061723136DD
:1067E00020746865726520697320636C617373201F
:1067F000696E206D736220616E6420636D646964EC
:1068000020696E206C73622E00534B3A20746865C9
:1068100020626F61726420686173207265636569CC
:1068200076656420616E206F62736F6C657465209D
:10683000636F6D6D616E64206F6620747970652082
:10684000656F736B5F7369676D6F64655F736967AD
:106850006E616C5F6F6C647761792E207573652053
:10686000656F736B5F7369676D6F64655F7369678D
:106870006E616C20696E73746561642E004D433ADD
:106880002032464F43207175616472617475726580
:1068900020656E636F6465722064697274792E205E
:1068A000546865206E756D626572206F662074682D
:1068B00069636B7320696E206120636F6D706C6516
:1068C0007465207265766F6C7574696F6E206F6683
:1068D00020746865206D6F746F7220776173206C0F
:1068E0006F776572207468616E2065787065637477
:1068F00065642C20746865206F70746963616C2016
:106900006469736B73206E65656420746F206265C3
:1069100020636C65616E65642E005359533A207490
:1069200068652070726F7879206661696C73207475
:106930006F2066696E6420616E20696E7465726E88
:10694000616C6C792073746F72656420726F702E45
:10695000206D6179626520666F7277617264207262
:1069600065717565737420776173206578706972DD
:1069700065642E004D433A2065787465726E616CD3
:10698000206661756C7420627574746F6E2070720D
:1069900065737365642E005359533A2074686520FB
:1069A000444F207068617365206F662074686520AD
:1069B000636F6E74726F6C206C6F6F7020686173A0
:1069C000206C617374206D6F7265207468616E2035
:1069D00077616E7465642E005359533A207468656C
:1069E000205258207068617365206F662074686556
:1069F00020636F6E74726F6C206C6F6F70206861B3
:106A000073206C617374206D6F7265207468616EA1
:106A10002077616E7465642E005359533A20746870
:106A200065205458207068617365206F6620746813
:106A30006520636F6E74726F6C206C6F6F7020686E
:106A40006173206C617374206D6F7265207468616E
:106A50006E2077616E7465642E00455448206D6F1A
:106A60006E69746F723A206A757374207374617200
:106A70007465642E005359533A2043414E2070727E
:106A8000696E74206D6573736167652072656365F7
:106A9000697665642E004D433A2032464F432043C9
:106AA000414E2067656E65726963206572726F7210
:106AB0002E204572726F72732068617070656E650A
:106AC0006420696E207468652043414E20627573AE
:106AD000206265747765656E2074686520454D5346
:106AE00020616E64207468652032464F4320626FD7
:106AF0006172642E005359533A20454F74686543C0
:106B0000414E736572766963652072656365697667
:106B1000656420612063616E6672616D65206672D6
:106B20006F6D20612077726F6E6720626F61726493
:106B30002E004346473A20454F7468655365727688
:106B40006963657320686173206E6F742079657462
:106B50002066696E69736865642076657269667916
:106B6000696E672074686520726571756972656405
:106B70002073657276696365732E20726573746124
:106B8000727420726F626F74496E746572666163AD
:106B9000652E004346473A20454F746865496E6547
:106BA000727469616C73332063616E6E6F742062FE
:106BB0006520636F6E666967757265642E20546820
:106BC000697320626F61726420646F6573206E6FF9
:106BD0007420737570706F72742074686973207399
:106BE0006572766963652E004346473A20454F74C7
:106BF00068655053432063616E6E6F742062652038
:106C0000636F6E666967757265642E205468697378
:106C100020626F61726420646F6573206E6F7420F0
:106C2000737570706F727420746869732073657205
:106C3000766963652E004346473A20454F74686580
:106C400053545241494E2063616E6E6F74206265E9
:106C500020636F6E666967757265642E205468697B
:106C60007320626F61726420646F6573206E6F744D
:106C700020737570706F7274207468697320736507
:106C800072766963652E004346473A20454F746823
:106C900065534B494E2063616E6E6F7420626520B0
:106CA000636F6E666967757265642E2054686973D8
:106CB00020626F61726420646F6573206E6F742050
:106CC000737570706F727420746869732073657265
:106CD000766963652E004346473A20454F746865E0
:106CE0004D4149532063616E6E6F7420626520636D
:106CF0006F6E666967757265642E205468697320CB
:106D0000626F61726420646F6573206E6F742073AC
:106D10007570706F72742074686973207365727611
:106D20006963652E004346473A20454F74686550B5
:106D30004F532063616E6E6F7420626520636F6EC7
:106D4000666967757265642E205468697320626F86
:106D500061726420646F6573206E6F742073757048
:106D6000706F7274207468697320736572766963DA
:106D7000652E004346473A20454F746865456E636B
:106D80006F6465725265616465722063616E6E6FD7
:106D90007420626520636F6E666967757265642E24
:106DA000205468697320626F61726420646F657338
:106DB000206E6F7420737570706F727420746869C0
:106DC0007320736572766963652E004346473A20E7
:106DD000454F7468654D6F74696F6E436F6E747262
:106DE0006F6C6C65722063616E6E6F7420626520DB
:106DF000636F6E666967757265642E205468697387
:106E000020626F61726420646F6573206E6F7420FE
:106E1000737570706F727420746869732073657213
:106E2000766963652E004346473A20454F7468658E
:106E300054656D7065726174757265732063616EFF
:106E40006E6F7420626520636F6E66696775726528
:106E5000642E205468697320626F61726420646FCD
:106E60006573206E6F7420737570706F7274207408
:106E700068697320736572766963652E00496E20B8
:106E800070617231362074686572652069733A20CA
:106E90006F6E206D73622074686520727820666959
:106EA000666F2073697A652C20696E206C7362208E
:106EB0006120636F64652E00496E20706172313607
:106EC0002074686572652069733A206F6E206D7357
:106ED00062207468652073697A65206F6620747813
:106EE0006669666F2C206F6E206C73622061206370
:106EF0006F64652E00534B3A20756E73706563693D
:106F00006669656420636F64652E005359533A20A7
:106F1000454F74686543414E7365727669636520B9
:106F2000636F756C64206E6F74207061727365207E
:106F3000612072782063616E206672616D652E003B
:106F40005359533A206120736572766963652068EE
:106F5000617320646574656374656420746861742A
:106F600020736F6D652043414E20626F61726473C0
:106F700020617265206E6F742062726F616361734D
:106F800074696E6720616E796D6F72652E0053595A
:106F9000533A206120736572766963652068617376
:106FA000207265636F766572656420736F6D65200E
:106FB00043414E20626F6172647320746861742073
:106FC00077657265206E6F742062726F61636173A2
:106FD00074696E6720616E796D6F72652E0053590A
:106FE000533A2074686520626F6172642077617320
:106FF000206E6F7420666F756E6420647572696EA2
:10700000672074686520646973636F7665727920A0
:1070100070686173652E004D433A2032464F43201D
:1070200043414E20696E76616C69642070726F74A2
:107030006F636F6C2E2054686520454D5320616E40
:10704000642032464F43206669726D776172652015
:1070500076657273696F6E732061726520696E6305
:107060006F6D70617469626C652C20706C65617302
:1070700065207570646174652E005359533A20740D
:10708000686520454F746865496E666F4469737022
:1070900061746368657220636F756C64206E6F74D1
:1070A00020616363657074206120654F6D6E5F6958
:1070B0006E666F5F70726F706572746965735F740E
:1070C000206974656D20696E7369646520697473E5
:1070D000207472616E736D697474696E6720717566
:1070E0006575652E00496E2070617231363A2062F6
:1070F0006F617264206164647265737320696E20CD
:107100003078303030662E20496E2070617236340F
:107110003A207365617263682074696D65205B6DE8
:10712000735D20696E203078666666663030303078
:1071300030303030303030302C20626F617264205B
:107140007479706520696E20307830303030666632
:10715000303030303030303030302C2070726F743E
:1071600020696E20307830303030303066666666A8
:107170003030303030302C20667720696E20307807
:1071800030303030303030303030666666666666BB
:107190002E00496E2070617231363A2066616B654F
:1071A0002073656172636820696E203078663030C4
:1071B000302C206E756D626572206F6620626F6183
:1071C00072647320696E203078303066662E2049F4
:1071D0006E2070617236343A207365617263682084
:1071E00074696D65205B6D735D20696E2030786613
:1071F0006666663030303030303030303030302CF1
:1072000020626F617264207479706520696E20302D
:1072100078303030306666303030303030303030BA
:10722000302C207265712070726F7420696E20306E
:10723000783030303030306666666630303030302E
:10724000302C2072657120667720696E203078308E
:107250003030303030303030306666666666662EEC
:10726000006170706C69636174696F6E2073746122
:10727000746520697320696E207061723136263022
:107280007830303066203A2030202D3E206A7573E9
:10729000742028726529737461727465642C2031BE
:1072A000202D3E2069646C652C2032202D3E2072FA
:1072B000756E6E696E672E00496E20706F72742055
:1072C00073706563696669656420627920706172B4
:1072D0003136202830203D2045544820696E707595
:1072E00074202850322F5031332F4A3429202C203B
:1072F00031203D20455448206F75747075742028E6
:1073000050332F5031322F4A3529202C2032203D46
:1073100020696E7465726E616C292E204170706CEC
:1073200069636174696F6E20737461746520697339
:1073300020696E206D6F7374207369676E6966696A
:1073400063616E74206E6962626C65206F66207086
:10735000617236343A2030202D3E204E2F412C20B1
:1073600031202D3E2069646C652C2033202D3E2079
:1073700072756E6E696E672E00496E20706F727442
:107380002073706563696669656420627920706145
:10739000723136202830203D2045544820696E70D7
:1073A0007574202850322F5031332F4A3429202C25
:1073B0002031203D20455448206F7574707574202D
:1073C0002850332F5031322F4A3529202C2032209B
:1073D0003D20696E7465726E616C292E20204170AB
:1073E000706C69636174696F6E2073746174652079
:1073F0006973206D6F7374207369676E6966696362
:10740000616E74206E6962626C65206F66207061C7
:107410007236343A2030202D3E204E2F412C203120
:10742000202D3E2069646C652C2033202D3E207277
:10743000756E6E696E672E004D433A206F766572E9
:1074400068656174696E672E2054656D7065726140
:1074500074757265206861726477617265206C6909
:107460006D69742065786365656465642E20546871
:1074700065206D6F746F7220686173206265656E40
:10748000207475726E6564206F666620746F20705C
:10749000726576656E742069742066726F6D206205
:1074A00065696E672064616D61676564206279203B
:1074B0006F76657268656174696E672E0053595303
:1074C0003A20612073657276696365206861732074
:1074D0007265636F766572656420616C6C204341F0
:1074E0004E20626F617264732074686174207765E6
:1074F0007265206E6F74207472616E736D6974743E
:10750000696E672E005359533A2061207365727675
:10751000696365206861732064657465637465647C
:10752000207468617420736F6D652043414E206242
:107530006F6172647320617265207374696C6C2072
:107540006E6F74207472616E736D697474696E67A6
:107550002E005359533A20454F74686543414E738A
:107560006572766963652072656365697665642016
:10757000612063616E6672616D652063617573651C
:1075800064206279204D4149536275672E00496E2F
:10759000207061723136203D204944206F6620748E
:1075A0006865206A6F696E742E20496E2070617262
:1075B0003634203078464646462069732074686524
:1075C000206D61736B206F6620746865207261772F
:1075D00020746D706572617475726520666565648E
:1075E0006261636B2E004857202D20616D6F20650E
:1075F0006E636F6465722073746174757330206597
:1076000072726F723A20706F6F722D6C6576656C56
:10761000206F7220636C697070696E6720696E20DC
:10762000746865207369676E616C206F66206D6198
:107630007374657220616E642F6F72206E6F6E6955
:10764000757320747261636B2E004857202D206182
:107650006D6F20656E636F646572207374617475FD
:107660007331206572726F723A206572726F727335
:10767000206F6E2072656164696E67206F6E206D89
:10768000617374657220616E642F6F72206E6F6E0D
:1076900069757320747261636B2E004D433A2054F8
:1076A00044422063616E6E6F742072656365697613
:1076B0006520616E792064617461206F6E204932AB
:1076C00043206368616E6E656C2E204D6F746F721F
:1076D0002074656D7065726174757265206465747F
:1076E000656374696F6E20626F61726420697320D4
:1076F0006E6F7420726563656976696E6720616E6E
:10770000792064617461206F6E207468652069322D
:1077100043206368616E6E656C2E005359533A20A6
:1077200074686520626F6172642068617320696E9D
:10773000636F6D70617469626C652066772070722A
:107740006F746F636F6C2076657273696F6E2E0055
:10775000496E2070617231362074686572652069E7
:10776000732072657175697265642070726F742C14
:1077700020696E20706172363420746865726520ED
:1077800069732064657465637465642074797065D9
:107790002C20667720616E642070726F742076658D
:1077A0007273696F6E2E006F6E207468652073703F
:1077B000656369666965642043414E206275732084
:1077C000616464722E20496E2070617236342074B8
:1077D00068657265206973207468652074797065C6
:1077E0002C20667720616E642070726F742076653D
:1077F0007273696F6E2E005359533A20612073657E
:10780000727669636520686173206465746563746A
:107810006564207468617420736F6D652043414E08
:1078200020626F6172647320686176652073746F83
:1078300070706564207472616E736D697373696FC3
:107840006E2E004346473A20454F746865505343B7
:107850002063616E6E6F7420626520636F6E66696F
:1078600067757265642E2069742077617320616C7E
:1078700072656164792061637469766174656420FE
:107880007769746820646966666572656E742063E2
:107890006F6E66696775726174696F6E2E0043461C
:1078A000473A20454F7468654D4149532063616EE6
:1078B0006E6F7420626520636F6E666967757265AE
:1078C000642E2069742077617320616C7265616435
:1078D000792061637469766174656420776974687E
:1078E00020646966666572656E7420636F6E666992
:1078F0006775726174696F6E2E004346473A204582
:107900004F746865504F532063616E6E6F742062D0
:107910006520636F6E666967757265642E20697491
:107920002077617320616C72656164792061637492
:107930006976617465642077697468206469666635
:107940006572656E7420636F6E66696775726174C7
:10795000696F6E2E0048573A2073747261696E2009
:1079600076616C7565732073617475726174696F8B
:107970006E2E00496E207061723136203D204944E0
:10798000206F66206A6F696E742E20496E207061C8
:10799000723634206C736220382062697473203D23
:1079A00020636F6E74726F6C206D6F64652C206D38
:1079B00073622033322062697473203D20666565EE
:1079C000646261636B206A6F696E7420706F7369A3
:1079D00074696F6E2E005359533A207468652062A3
:1079E0006F61726420686173206465746563746597
:1079F0006420616E20696E76616C696420726F70BC
:107A00006672616D6520696E207265636570746968
:107A10006F6E2E005359533A207468652048414CCC
:107A200020636F756C64206E6F74207075742061B4
:107A30002043414E206672616D6520696E20727828
:107A4000206669666F2E005359533A20454F74687B
:107A50006543414E7365727669636520636F756C2B
:107A600064206E6F742061646420612043414E2065
:107A70006672616D6520696E207478206669666F34
:107A80002E005359533A20454F74686543414E7355
:107A90006572766963652068617665206A757374BE
:107AA0002070757420612063616E206672616D655F
:107AB00020696E207478206669666F2E00496E20FA
:107AC00070617231363A20746865206E6962626C4A
:107AD0006520636F6E7461696E7320307830206941
:107AE00066206F6B2C206D61736B203078312069BC
:107AF000662077726F6E6720747970652C206D61D7
:107B0000736B203078322069662077726F6E672041
:107B100066772C206D61736B203078342069662085
:107B200077726F6E672070726F742C206D61736B4B
:107B3000203078382069662077726F6E6720706F0A
:107B400072742C206D61736B20307831302069663F
:107B5000206E6F7420726573706F6E6420746F2076
:107B600070696E672E204F6E20706172203634204F
:107B700069742068617320696E666F206F6E20469D
:107B80005720616E642070726F746F636F6C207623
:107B9000657273696F6E2C20706F727420616E64F1
:107BA00020626F61726420696E666F2E00434647E3
:107BB0003A2063616E6E6F74206C6F616420612087
:107BC000726567756C617220726F702E0045544843
:107BD000206D6F6E69746F723A206C696E6B2067EE
:107BE0006F65732075702E005359533A20612073CE
:107BF000657276696365206861732076657269666F
:107C00006965642074686174207468652054582024
:107C10006F66206974732043414E20626F61726405
:107C20007320697320726567756C61722E00496EEE
:107C30002070617236342074686572652069732023
:107C4000746865206578706563746564206E756D11
:107C50006265722E005359533A2074686520626F32
:107C6000617264206861732064657465637465641F
:107C7000206120686F6C6520696E20727820726FB9
:107C8000706672616D652073657175656E636520E0
:107C90006E756D6265722E00496E207061723136AC
:107CA000207468656972206E756D6265722E00536E
:107CB00059533A207468652063616E206469736368
:107CC0006F76657279207365727669636520646585
:107CD000746563746564207468617420736F6D6586
:107CE00020626F6172647320617265206D697373C5
:107CF000696E672E20436865636B2077697468201E
:107D000063616E4C6F616465722E005359533A2063
:107D1000454F74686543414E7365727669636520AB
:107D200068617320646574656374656420612067AD
:107D3000656E65726963206572726F722E005359A9
:107D4000533A207468652048414C20747269676713
:107D50006572656420616E206572726F722E0053C9
:107D600059533A20746865204950414C2074726917
:107D700067676572656420616E206572726F722E2E
:107D8000005359533A20746865204F53414C207476
:107D9000726967676572656420616E206572726FD3
:107DA000722E004D433A2067656E65726963206DDF
:107DB0006F746F72206572726F722E004D433A209D
:107DC00068617264206C696D6974207265616368B2
:107DD00065642E20546865206A6F696E7420706F28
:107DE000736974696F6E206973206F757473696449
:107DF00065206974732068617264776172652062BE
:107E00006F756E6461726965732E004D433A20325E
:107E1000464F4320717561647261747572652065A7
:107E20006E636F6465722070686173652062726F43
:107E30006B656E2E20546865206D6F746F722065BF
:107E40006E636F646572206973206E6F7420636F58
:107E5000756E74696E67206576656E20696620743C
:107E60006865206D6F746F72206973206D6F76691D
:107E70006E672C20706C6561736520636865636B49
:107E8000206D6F746F7220656E636F64657220631E
:107E900061626C65732E004D433A2032464F432099
:107EA0007175616472617475726520656E636F646B
:107EB000657220696E6465782062726F6B656E2EE4
:107EC00020546865207265666572656E636520730F
:107ED00070656369616C20746869636B2077617396
:107EE000206E6F74206465746563746564206475C6
:107EF00072696E67206120636F6D706C65746520B8
:107F00007265766F6C7574696F6E206F6620746829
:107F100065206D6F746F722C20706C6561736520C5
:107F2000636865636B206D6F746F7220656E636F3D
:107F3000646572206361626C65732E00496E207007
:107F400061723634207468657265206172652074D0
:107F5000686520736561726368656420616464723A
:107F6000657373657320726570726573656E746591
:107F700064206173206E6962626C65732E00496EC5
:107F80002070617236342074686572652061726594
:107F90002074686520666F756E6420616464726524
:107FA0007373657320726570726573656E74656452
:107FB000206173206E6962626C65732E00496E20C9
:107FC0007061723634204D532033322062697473ED
:107FD0002074686572652069732074686520626921
:107FE00074206D61736B206F662074686520736503
:107FF0006172636865642C20696E204C53203332B3
:10800000206269747320746865206D61736B206FE2
:10801000662074686520666F756E64206F6E657388
:108020002E004D433A204162736F6C757465206574
:108030006E636F64657220696E76616C696420643A
:108040006174612E2048617264776172652070727C
:108050006F626C656D20696E20746865206D616764
:108060006E6574696320706F736974696F6E2073D5
:10807000656E736F72206F6620746865206A6F6921
:108080006E742063617573656420696E76616C69D6
:108090006420706F736974696F6E207265616469C2
:1080A0006E67732E004D433A20746F7271756520B0
:1080B00073656E736F722074696D656F75742E20B1
:1080C000546865206A6F696E7420697320696E2038
:1080D0006120636F6D706C69616E7420696E746588
:1080E00072616374696F6E206D6F6465206F7220BA
:1080F000746F7271756520636F6E74726F6C206D32
:108100006F64652C20616E64206461746120667206
:108110006F6D20746F727175652073656E736F7209
:108120002068617665206265656E20756E61766196
:10813000696C61626C6520666F72206D6F7265207C
:108140007468616E20313030206D732E004D433ADB
:108150002032464F432043414E206E6F20616E73A4
:108160007765722E2054686520636F6D6D756E693A
:10817000636174696F6E206265747765656E2074E3
:10818000686520454D5320616E6420746865203217
:10819000464F4320626F617264206861732062659C
:1081A000656E206C6F737420666F72206D6F7265E0
:1081B000207468616E203530206D732E004D433A77
:1081C0002032464F432068616C6C2073656E736F7C
:1081D0007273206661756C742E20496E76616C69CD
:1081E000642073657175656E636520696E206D6FBF
:1081F000746F722048616C6C2065666665637420DC
:1082000073656E736F72732C20706C65617365207B
:10821000636865636B206D6F746F722068616C6C4E
:10822000206361626C6520636F6E6E656374696F55
:108230006E732E004D433A20736F667477617265DA
:10824000206C696D697420726561636865642E20B5
:10825000546865206A6F696E7420706F7369746901
:108260006F6E206973206F7574736964652069741B
:108270007320736F66747761726520626F756E64C8
:1082800061726965732E204F7574707574206C6906
:108290006D69746564206177616974696E672074C3
:1082A0006F206265206D6F766564206261636B206C
:1082B000696E73696465207361666520706F7369A8
:1082C00074696F6E732E004346473A20454F7468B9
:1082D00065496E65727469616C733320736572767B
:1082E000696365206973207573696E6720746865BA
:1082F000206C6F63616C2064656661756C742063CB
:108300006F6E66696775726174696F6E2062617302
:108310006564206F6E206974732049502061646425
:10832000726573732E004346473A20454F74686563
:1083300050534320736572766963652069732075B5
:1083400073696E6720746865206C6F63616C20646C
:10835000656661756C7420636F6E666967757261BE
:1083600074696F6E206261736564206F6E2069743A
:108370007320495020616464726573732E00434614
:10838000473A20454F74686553545241494E207313
:10839000657276696365206973207573696E6720FD
:1083A000746865206C6F63616C2064656661756CD0
:1083B0007420636F6E66696775726174696F6E2091
:1083C0006261736564206F6E206974732049502068
:1083D000616464726573732E004346473A20454FCB
:1083E000746865534B494E207365727669636520E6
:1083F0006973207573696E6720746865206C6F639C
:10840000616C2064656661756C7420636F6E66696B
:108410006775726174696F6E206261736564206F45
:108420006E206974732049502061646472657373AF
:108430002E004346473A20454F7468654D414953E5
:108440002073657276696365206973207573696E40
:108450006720746865206C6F63616C206465666179
:10846000756C7420636F6E66696775726174696F8D
:108470006E206261736564206F6E20697473204999
:108480005020616464726573732E004346473A203E
:10849000454F746865504F53207365727669636504
:1084A000206973207573696E6720746865206C6F2E
:1084B00063616C2064656661756C7420636F6E66C1
:1084C000696775726174696F6E206261736564209B
:1084D0006F6E206974732049502061646472657303
:1084E000732E004346473A20454F7468654D6F74BC
:1084F000696F6E436F6E74726F6C6C65722073651A
:108500007276696365206973207573696E6720747C
:108510006865206C6F63616C2064656661756C745E
:1085200020636F6E66696775726174696F6E206231
:1085300061736564206F6E206974732049502061F7
:108540006464726573732E004346473A20454F7446
:10855000686554656D7065726174757265732073BA
:10856000657276696365206973207573696E67202B
:10857000746865206C6F63616C2064656661756CFE
:108580007420636F6E66696775726174696F6E20BF
:108590006261736564206F6E206974732049502096
:1085A000616464726573732E004857202D20656ED8
:1085B000636F6465723A2074686520706F736974C4
:1085C000696F6E20646174612069732076616C69E3
:1085D000642C2062757420736F6D65206F706572F6
:1085E0006174696E6720636F6E646974696F6E731E
:1085F0002061726520636C6F736520746F206C69F5
:108600006D6974732E005359533A20746865206362
:10861000616E20646973636F766572792073657229
:108620007669636520736561726368656420746848
:108630006520666F6C6C6F77696E6720626F617220
:108640006473206F6E20746865207370656369665B
:108650006965642043414E206275732E005359535F
:108660003A207468652063616E20646973636F7675
:10867000657279207365727669636520666F756EC1
:10868000642074686520666F6C6C6F77696E672014
:10869000626F61726473206F6E20746865207370FE
:1086A000656369666965642043414E206275732E77
:1086B000005359533A20454F74686543414E7365E2
:1086C000727669636520636F756C64206E6F7420C9
:1086D0007478206672616D6573206F6E2043414E21
:1086E000206275732E005359533A207468652045F3
:1086F0004F4D746865454D5372756E6E657220639B
:108700006F756C64206E6F74206569746865722083
:108710007061727365206F7220666F726D206120C8
:10872000554450207061636B65742E005359533A61
:1087300020454F74686543414E7365727669636581
:1087400020636F756C64206E6F7420666F726D208D
:10875000612063616E207061636B65742E004D4310
:108760003A2071656E63206572726F722068617362
:108770002064697361707065617265642C20776133
:10878000726E696E6720636F756E746572206861C2
:1087900073206265656E2072657365742E004D43AB
:1087A0003A206F76657263757272656E742E20540E
:1087B0006865206D6F746F722068617320626565F3
:1087C0006E207475726E6564206F666620746F200B
:1087D00070726576656E742069742066726F6D20A4
:1087E0006265696E672064616D61676564206279A6
:1087F00020616E20696D70756C7369766520737089
:10880000696B65206F662063757272656E742E00E9
:108810004D433A20693274206C696D697420657823
:108820006365656465642E20546865206D6F746FA0
:108830007220686173206265656E207475726E6562
:1088400064206F666620746F2070726576656E7442
:108850002069742066726F6D206265696E6720649E
:10886000616D61676564206279206F766572686505
:108870006174696E672064756520746F2061206380
:108880006F6E74696E756F757320686967682063B1
:10889000757272656E742E00496E20706172313689
:1088A000203D204944206F6620746865206A6F6906
:1088B0006E742E004D433A204162736F6C7574657F
:1088C00020656E636F6465722068617320737069E0
:1088D0006B65732E20546865726520697320696D1D
:1088E00070756C73697665206E6F69736520696E4B
:1088F00020746865206D65617375726573206F669D
:1089000020746865206D61676E6574696320706F9F
:10891000736974696F6E2073656E736F72206F6612
:1089200020746865206A6F696E742E00496E20702D
:10893000617236342030784630206973207468655F
:10894000206D61736B206F6620726571756573743D
:1089500065642073746174652C203078304620691A
:108960007320746865206D61736B206F662061638E
:108970007475616C2073746174652E20706172313E
:1089800036203D204944206F66206A6F696E742E40
:1089900000496E2070617236342030784646206976
:1089A0007320746865206D61736B206F662072613F
:1089B0007720656E636F6465722076616C75652ED5
:1089C000207061723136203D204944206F66206A54
:1089D0006F696E742E00496E207061723136203DD1
:1089E000204944206F66206A6F696E742E004346EA
:1089F000473A20454F746865496E65727469616CC9
:108A00007333207365727669636520776173206EB6
:108A10006F74207665726966696564207965742C67
:108A200020746875732069742063616E6E6F7420A2
:108A300073746172742E004346473A20454F746840
:108A4000655053432073657276696365207761735F
:108A5000206E6F7420766572696669656420796539
:108A6000742C20746875732069742063616E6E6F56
:108A7000742073746172742E004346473A20454F48
:108A800074686553545241494E2073657276696328
:108A90006520776173206E6F7420766572696669F0
:108AA0006564207965742C2074687573206974205E
:108AB00063616E6E6F742073746172742E0043462E
:108AC000473A20454F746865534B494E2073657291
:108AD0007669636520776173206E6F7420766572A6
:108AE0006966696564207965742C207468757320E3
:108AF00069742063616E6E6F742073746172742E7A
:108B0000004346473A20454F7468654D414953201C
:108B10007365727669636520776173206E6F742068
:108B20007665726966696564207965742C2074685D
:108B300075732069742063616E6E6F742073746145
:108B400072742E004346473A20454F746865504F73
:108B500053207365727669636520776173206E6F49
:108B600074207665726966696564207965742C2065
:108B7000746875732069742063616E6E6F742073FE
:108B8000746172742E004346473A20454F746865FD
:108B9000456E636F646572526561646572207365CA
:108BA000727669636520776173206E6F74207665D5
:108BB000726966696564207965742C2074687573C0
:108BC0002069742063616E6E6F74207374617274B7
:108BD0002E004346473A20454F7468654D6F7469CF
:108BE0006F6E436F6E74726F6C6C6572207365721A
:108BF0007669636520776173206E6F742076657285
:108C00006966696564207965742C207468757320C1
:108C100069742063616E6E6F742073746172742E58
:108C2000004346473A20454F74686554656D70654A
:108C300072617475726573207365727669636520FD
:108C4000776173206E6F74207665726966696564FA
:108C5000207965742C2074687573206974206361B1
:108C60006E6E6F742073746172742E005359533A90
:108C7000207468652070726F78792068617320664F
:108C80006F727761726564656420612072657175C9
:108C90006573742E005359533A20746865207072BE
:108CA0006F7879206661696C7320746F20666F72CB
:108CB00077617264206120726571756573742E002E
:108CC000506172616D3136203D2074797065206F7E
:108CD00066207468652065787069726564207469BF
:108CE0006D656F75742E004D433A2072656665722E
:108CF000656E636520736574706F696E7420746946
:108D00006D656F75742E00696E2070617236342047
:108D100074686572652061726520746865205B7394
:108D200069676E7C696433325D2C20696E207061E6
:108D3000723136205B63617061636974797C736939
:108D40007A655D206F662070726F7879206C697328
:108D5000742E20696620706172313620697320306C
:108D60002C207468656E2074686520726F702063B3
:108D70006F756C64206E6F742062652074782E00AD
:108D80005359533A2074686520626F617264206998
:108D9000732072756E6E696E672068617070696CA1
:108DA000792E005359533A207468652075706461B8
:108DB00074652063616C6C6261636B2063616C6CD1
:108DC000656420627920612070726F787920666F07
:108DD0007277617264206661696C7320746F206FB2
:108DE0007065726174652070726F7065726C792E37
:108DF00000207061723136263078663030303A208B
:108E00006E756D626572206F66206A6F696E743B65
:108E1000207072696D61727920656E63733A2066A5
:108E200061696C757265206D61736B20696E20706D
:108E3000617231362630783030306620616E6420C1
:108E40006572726F72636F64657320696E20706102
:108E500072363426307830303030666666663B20B5
:108E60007365636F6E6461727920656E63733A2017
:108E70006661696C757265206D61736B20696E2027
:108E800070617231362630783030663020616E6421
:108E9000206572726F72636F64657320696E2070F3
:108EA000617236342630786666666630303030005F
:108EB00044454255473A207461673030004445428A
:108EC00055473A2074616730310044454255473A6E
:108ED00020746167303200496E2070617231362033
:108EE0006E756D206F6620706174636865732E20E7
:108EF000496E2070617236342066726F6D206C731B
:108F00006220746F206D7362206D61736B73206FCC
:108F1000663A206D697373696E672063616E312CE8
:108F20002063616E322C20666F756E6420627574EA
:108F300020696E636F6D70617469626C6520636136
:108F40006E312C2063616E320063616E2061646457
:108F50007265737320696E2070617231362C2070D7
:108F6000726F7420616E64207665727320696E2062
:108F70007061723634206C6F7765722033322062F4
:108F80006974732E20427974652035206F662070D5
:108F9000617236343A20307830312069732073742E
:108FA0007261696E2C2030783032206973207374BE
:108FB0007261696E320044454255473A20746167D8
:108FC00030330044454255473A20746167303400DD
:108FD00075732062756467657420697320696E20FB
:108FE00070617231362C202875732061637475614D
:108FF0006C2C2052582C20444F2C20545829206986
:109000007320696E207061723634004445425547C2
:109010003A2074616730350044454255473A207420
:109020006167303600207061723634206B65657080
:109030007320696E20656163682055382074686507
:109040002070657263656E74616765206F66206964
:1090500074732062696E20696E207374657073206A
:109060006F66207061723136004578706563746593
:10907000642073657175656E6365206E756D6265DC
:109080007220696E20706172363420616E64206EC9
:10909000756D626572206F662064657465637465C2
:1090A0006420696E20706172313600287573206DFE
:1090B000696E2C20757320617665726167652C205E
:1090C0007573206D61782C206D7320706572696FE7
:1090D000642920697320696E2070617236342C20F7
:1090E00074687265616420696420696E20706172C1
:1090F00031360044454255473A20746167303700A5
:109100004346473A207468654241547365727669F4
:109110006365206973204F4B004346473A207468CB
:1091200065465473657276696365206973204F4B99
:1091300000696E2070617236342074686572652033
:1091400061726520746865205B307C696433325DD0
:1091500000496E2070617231363A2054582065788B
:1091600065637574696F6E2074696D65205B7573D6
:1091700065635D2E20496E2070617236343A206E30
:10918000756D206F662074782063616E3220616E89
:10919000642063616E31206672616D657320616E5B
:1091A00064206C61746573742070726576696F7584
:1091B0007320657865637574696F6E2074696D6579
:1091C00073206F662054582C2052582C20444F2076
:1091D0005B757365635D00496E2070617231363A6C
:1091E00020444F20657865637574696F6E207469DB
:1091F0006D65205B757365635D2E20496E2070611F
:109200007236343A206C61746573742070726576BE
:10921000696F757320657865637574696F6E207406
:10922000696D6573206F662052582C20444F2C20A6
:1092300054582C205258205B757365635D00496E4D
:109240002070617231363A20525820657865637516
:1092500074696F6E2074696D65205B757365635DFD
:109260002E20496E2070617236343A206C6174652C
:1092700073742070726576696F75732065786563A5
:109280007574696F6E2074696D6573206F66205404
:10929000582C2052582C20444F2C205458205B75B9
:1092A0007365635D0020496E2070617231362074F1
:1092B00068657265206973206672616D652E6964E8
:1092C00020616E64206672616D652E73697A652017
:1092D00028696E206D6F7374207369676E696669A3
:1092E00063616E74206E6962626C65292E20496E1E
:1092F000207061723634207468657265206973204D
:10930000746865206672616D652E646174610044E5
:10931000454255473A206877206661756C74312064
:1093200064657465637465643A20696E2070617267
:1093300031362074686572652061726520636F6ED6
:1093400074726F6C6D6F646573746174757320698A
:109350006E206C736220616E64206672616D655B65
:10936000315D20696E206D73620044454255473A75
:10937000206877206661756C74322064657465635B
:109380007465643A20696E207061723136207468A9
:109390006572652061726520636F6E74726F6C6DAB
:1093A0006F646573746174757320696E206C736289
:1093B00020616E64206672616D655B315D20696E4F
:1093C000206D73620044454255473A206877206615
:1093D00061756C74332064657465637465643A20E8
:1093E000696E207061723136207468657265206123
:1093F000726520636F6E74726F6C6D6F64657374E9
:109400006174757320696E206C736220616E6420D4
:109410006672616D655B315D20696E206D736200FF
:109420005359533A2054582070686173652061760F
:10943000657261676520657865637574696F6E2014
:1094400074696D656300534B3A2074686520736BD3
:10945000696E207472616E736D697373696F6E20CB
:10946000686173206265656E2073776974636865EF
:1094700064004346473A20454F746865496E6572FB
:109480007469616C332063616E6E6F742062652055
:10949000636F6E66696775726564004346473A207C
:1094A000454F746865534B494E2063616E6E6F740F
:1094B00020626520636F6E6669677572656400433C
:1094C00046473A20454F74686554656D7065726112
:1094D00074757265732063616E6E6F7420626520AF
:1094E000636F6E66696775726564004346473A202C
:1094F000454F746865496E65727469616C332063A9
:10950000616E20626520636F72726563746C79208E
:10951000636F6E66696775726564004346473A20FB
:10952000454F7468655053432063616E2062652027
:10953000636F72726563746C7920636F6E666967BE
:1095400075726564004346473A20454F7468655319
:10955000545241494E2063616E20626520636F72F0
:10956000726563746C7920636F6E66696775726586
:1095700064004346473A20454F746865534B494E53
:109580002063616E20626520636F72726563746C24
:109590007920636F6E66696775726564004346473C
:1095A0003A20454F7468654D4149532063616E20F0
:1095B000626520636F72726563746C7920636F6E8D
:1095C00066696775726564004346473A20454F7483
:1095D0006865504F532063616E20626520636F722F
:1095E000726563746C7920636F6E66696775726506
:1095F00064004346473A20454F746865456E636F83
:109600006465725265616465722063616E20626593
:1096100020636F72726563746C7920636F6E666924
:109620006775726564004346473A20454F74686524
:1096300054656D7065726174757265732063616ED7
:1096400020626520636F72726563746C7920636F4A
:109650006E66696775726564005359533A20746881
:109660006520454F7468654D656D6F7279506F6FF9
:109670006C2069732072657175657374656420620E
:109680007974657320627574206974206973206E23
:109690006F742079657420696E697469616C69738F
:1096A0006564004857202D20656E636F6465723ACB
:1096B000206E6F7420636F6E6E6563746564004323
:1096C00046473A2043414E646973636F7665727909
:1096D000206465746563746564004346473A2045B9
:1096E0004F746865496E65727469616C332063619B
:1096F0006E6E6F7420626520636F6E666967757247
:1097000065642E20736F6D652073656E736F727361
:1097100020617265206E6F7420737570706F727443
:109720006564004346473A20746865424154736556
:109730007276696365206973206E6F74207375702B
:10974000706F72746564004346473A2074686546DA
:109750005473657276696365206973206E6F742037
:10976000737570706F72746564005359533A206159
:1097700020554450207061636B657420636F756C75
:1097800064206E6F74206265207472616E736D69FF
:1097900074746564004857202D20656E636F64659E
:1097A000723A2074686520706F736974696F6E20F7
:1097B00064617461206973206E6F742076616C69D6
:1097C00064004857202D20656E636F6465723A20EF
:1097D000696E766572746564204352432069732014
:1097E000696E76616C6964005359533A20657865F7
:1097F000637574696F6E2074696D65206F7665722C
:10980000666C6F7720286275646765742C206163CD
:109810007475616C2C2054582C20444F2C205458C3
:109820002920757320696E206120706572696F64EC
:10983000005359533A20657865637574696F6E20DB
:1098400074696D65207374617469737469637320DE
:10985000286D696E2C20617665726167652C206DBC
:1098600061782920757320696E20612070657269A6
:109870006F64005359533A207468652063616E2009
:10988000646973636F766572792073657276696354
:109890006520666F756E642074686520626F617202
:1098A00064004D6F72652064657461696C73206932
:1098B0006E20706172313620616E64207061723684
:1098C0003420616E6420696E20736F757263652049
:1098D000636F646500496E20706172313620746870
:1098E0006572652069732074686520636F64650024
:1098F000496E207061723136207468657265206926
:1099000073207468652072656C6576616E7420687A
:10991000616C20636F646500496E2070617231363E
:1099200020746865726520697320746865207265AB
:109930006C6576616E74206970616C20636F64651C
:1099400000496E207061723136207468657265203E
:109950006973207468652072656C6576616E742029
:109960006F73616C20636F646500546865206D657A
:1099700073736167652069732073746F7265642007
:10998000696E736964652070617236342E20496E89
:109990002070617231362069732073746F72656450
:1099A000207468652073697A65206F662074686525
:1099B000206D65737361676520666F7220746865DA
:1099C0002073696E676C65206672616D6500455431
:1099D00048206D6F6E69746F723A207468652062FA
:1099E0006F617264206C6F77206C6576656C2045C2
:1099F00054482064657465637465642061206D69F2
:109A00007373696E6720726F706672616D65005363
:109A100059533A20444F2070686173652061766520
:109A20007261676520657865637574696F6E20740F
:109A3000696D65005359533A20525820706861731C
:109A40006520617665726167652065786563757408
:109A5000696F6E2074696D65005359533A20444F05
:109A6000207068617365206D696E20657865637527
:109A700074696F6E2074696D65005359533A2052B2
:109A800058207068617365206D696E206578656324
:109A90007574696F6E2074696D65005359533A206F
:109AA0005458207068617365206D696E2065786513
:109AB000637574696F6E2074696D65005359533A0C
:109AC00020444F207068617365206D61782065784F
:109AD00065637574696F6E2074696D6500535953C1
:109AE0003A205258207068617365206D6178206556
:109AF0007865637574696F6E2074696D650053597C
:109B0000533A205458207068617365206D61782045
:109B1000657865637574696F6E2074696D65006240
:109B20006F6172647320496E2070617231363A2021
:109B300063616E32206D617020696E2030786666D8
:109B400066662E20496E2070617236343A20636159
:109B50006E31206D617020696E20307866666666B1
:109B60003030303030303030303030302C20626F98
:109B7000617264207479706520696E2030783030AD
:109B800030306666303030303030303030302C207D
:109B90007265712070726F7420696E203078303079
:109BA00030303030666666663030303030302C20F1
:109BB00072657120667720696E20307830303030E1
:109BC0003030303030306666666666662E20496614
:109BD0002070726F7420616E6420667720617265F8
:109BE000207A65726F2C20736561726368206F6ED6
:109BF00020627573206973206E6F7420646F6E65C8
:109C000000496E207061723136207468657265207B
:109C100069732074686520626F6172642074797062
:109C200065004346473A20454F746865496E657242
:109C30007469616C3320686173206368616E676565
:109C4000642074686520726571756573746564203D
:109C500072617465004346473A20454F7468655009
:109C6000534320686173206368616E676564207484
:109C700068652072657175657374656420726174BE
:109C800065004346473A20454F746865504F53205E
:109C9000686173206368616E67656420746865201D
:109CA00072657175657374656420726174650043D3
:109CB00046473A20454F74686554656D706572611A
:109CC000747572657320686173206368616E67657F
:109CD00064207468652072657175657374656420AD
:109CE0007261746500496E2070617231363A207479
:109CF000617267657420626F617264207479706547
:109D000020696E2030786666303020616E64206E87
:109D1000756D626572206F66206D697373696E6719
:109D200020696E203078303030662E20496E2070E9
:109D3000617236343A207365617263682074696DAC
:109D400065205B6D735D20696E203078666666669F
:109D50003030303030303030303030302C206D61A9
:109D6000736B206F66206D697373696E6720616421
:109D70006472657373657320696E2030783030309B
:109D80003030303030303030306666666600496ED4
:109D900020706F72742073706563696669656420F2
:109DA0006279207061723136202830203D20455480
:109DB0004820696E707574202850322F5031332F2F
:109DC0004A3429202C2031203D20455448206F75ED
:109DD00074707574202850332F5031322F4A352932
:109DE000202C2032203D20696E7465726E616C29D2
:109DF0002E20204170706C69636174696F6E2073EE
:109E00007461746520697320696E206D6F737420AE
:109E10007369676E69666963616E74206E696262F8
:109E20006C65206F662070617236343A2030202DC8
:109E30003E204E2F412C2031202D3E2069646C6540
:109E40002C2033202D3E2072756E6E696E672E2099
:109E50004E756D626572206F66206572726F7273E7
:109E600020696E20706172363426307866666666C8
:109E7000666666660075732074696D6520696E207C
:109E800070617231362C206D7320706572696F6459
:109E900020696E2070617236342026203078666624
:109EA0006666004346473A207468654241547365CC
:109EB0007276696365206973207573696E67206FB8
:109EC0006E626F61726420636F6E666967004346FD
:109ED000473A2074686546547365727669636520F5
:109EE0006973207573696E67206F6E626F6172644B
:109EF00020636F6E666967005359533A2074686532
:109F000020626F61726420697320626F6F74737472
:109F100072617070696E67005359533A20756E73A1
:109F2000706563696669656420636F64652E2049A6
:109F300074206D6179206265207468617420454FDA
:109F40007468654572726F724D616E6167657220EB
:109F50006973207374696C6C2063616C6C65642038
:109F6000776974682061204E554C4C20654F6572AE
:109F7000726D616E44657363726970746F725F7441
:109F80002A20706172616D005359533A20657865DB
:109F9000637574696F6E2074696D65206869737488
:109FA0006F6772616D005359533A2074686520627F
:109FB0006F6172642069732072756E6E696E6720BE
:109FC000696E20666174616C206572726F722073B5
:109FD000746174652E20636865636B2070726576AA
:109FE000696F7573206572726F727320746F20765B
:109FF00065726966792074686520726561736F6E39
:10A00000005359533A2074626420636F64652E20B4
:10A010005765206D75737420646563696465206895
:10A020006F7720746F206D616E6167652074686959
:10A030007320636F64652E206974206973207769CB
:10A0400070005359533A20612066756E6374696FCE
:10A050006E2068617320612077726F6E6720706177
:10A0600072616D65746572005365652036342062D7
:10A070006974206D61736B20706172616D657465C8
:10A0800072004346473A2043414E646973636F76DA
:10A0900065727920737461727465642074686520D8
:10A0A00073656172636820666F72004346473A20A9
:10A0B000454F746865496E65727469616C332063DD
:10A0C000616E6E6F7420626520636F6E666967757E
:10A0D0007265642E2067656E6572696320657272B1
:10A0E0006F72004346473A20454F74686554656D6A
:10A0F0007065726174757265732063616E6E6F74E2
:10A1000020626520636F6E666967757265642E20D4
:10A1100067656E65726963206572726F720053596C
:10A12000533A2064657465637465642061207275B8
:10A130006E74696D65206572726F720041533A20CA
:10A14000756E6B6E6F776E2073656E736F720049FC
:10A15000533A20756E6B6E6F776E2073656E736FFA
:10A1600072004346473A20746865465473657276B8
:10A170006963652063616E6E6F7420676574206625
:10A18000756C6C7363616C6573005359533A20743A
:10A19000686520454F7468654D656D6F7279506FC5
:10A1A0006F6C2069732072657175657374656420C6
:10A1B0003020627974657300534B3A2074686520CF
:10A1C000626F61726420686173207265636569768D
:10A1D00065642061206D6573736167652066726FC9
:10A1E0006D2074686520736B696E206576656E20DE
:10A1F00069662069742073686F756C6420626520DD
:10A20000696E20612073696C656E636564206D6F93
:10A2100064616C6974792E2043757272656E742066
:10A220007374617465206F662074686520454D53B2
:10A2300020626F617264206973004346473A20458B
:10A240004F746865456E636F6465725265616465DD
:10A25000722063616E6E6F7420626520636F6E663C
:10A260006967757265643A207665726966696361CB
:10A2700074696F6E206661696C73004346473A20CB
:10A28000454F746865496E65727469616C3320630B
:10A29000616E6E6F7420626520636F6E66696775AC
:10A2A0007265642E2043414E646973636F766572F4
:10A2B00079206661696C73004346473A20454F74C4
:10A2C00068655053432063616E6E6F742062652031
:10A2D000636F6E666967757265642E2043414E64D4
:10A2E0006973636F76657279206661696C73004388
:10A2F00046473A20454F74686553545241494E20B1
:10A3000063616E6E6F7420626520636F6E6669674D
:10A31000757265642E2043414E646973636F766580
:10A320007279206661696C73004346473A20454F55
:10A33000746865534B494E2063616E6E6F74206282
:10A340006520636F6E666967757265642E20434190
:10A350004E646973636F76657279206661696C73A8
:10A36000004346473A20454F7468654D41495320A4
:10A3700063616E6E6F7420626520636F6E666967DD
:10A38000757265642E2043414E646973636F766510
:10A390007279206661696C73004346473A20454FE5
:10A3A000746865504F532063616E6E6F74206265F0
:10A3B00020636F6E666967757265642E2043414E37
:10A3C000646973636F76657279206661696C730086
:10A3D0004346473A20454F74686554656D70657211
:10A3E0006174757265732063616E6E6F742062654F
:10A3F00020636F6E666967757265642E2043414EF7
:10A40000646973636F76657279206661696C730045
:10A410004346473A20454F7468654D6F74696F6EC7
:10A42000436F6E74726F6C6C65722063616E6E6FD9
:10A430007420626520636F6E666967757265642E4D
:10A4400020766572696669636174696F6E206F66F4
:10A4500020656E636F646572206661696C73206647
:10A460006F72206D6334706C7573706D632E207322
:10A470006565206F74686572206D657373616765CB
:10A480007320666F72206D6F7265206465746169F8
:10A490006C73004346473A20454F7468654D6F74AE
:10A4A000696F6E436F6E74726F6C6C65722063615E
:10A4B0006E6E6F7420626520636F6E666967757279
:10A4C00065642E20766572696669636174696F6E72
:10A4D000206F6620656E636F646572206661696CCB
:10A4E0007320666F72206D6332706C757370736366
:10A4F0002E20736565206F74686572206D657373B7
:10A500006167657320666F72206D6F726520646588
:10A510007461696C73004346473A20454F7468651F
:10A520004D6F74696F6E436F6E74726F6C6C657291
:10A530002063616E6E6F7420626520636F6E666962
:10A5400067757265642E20766572696669636174E9
:10A55000696F6E206F6620656E636F64657220663A
:10A5600061696C7320666F72206D6334706C7573F3
:10A570006D6169732E20736565206F746865722044
:10A580006D6573736167657320666F72206D6F729E
:10A59000652064657461696C73004346473A2045E1
:10A5A0004F7468654D6F74696F6E436F6E74726F30
:10A5B0006C6C65722063616E6E6F742062652063DF
:10A5C0006F6E666967757265642E2076657269665E
:10A5D00069636174696F6E206F6620706F732066A7
:10A5E0006F72206D6334706C7573706D632066617B
:10A5F000696C732E20736565206F74686572206DB9
:10A600006573736167657320666F72206D6F726525
:10A610002064657461696C73004346473A20454F76
:10A620007468654D6F74696F6E436F6E74726F6C92
:10A630006C65722063616E6E6F7420626520636F5B
:10A640006E666967757265642E20766572696669E3
:10A65000636174696F6E206F662070736373206628
:10A660006F72206D6332706C7573707363206661F6
:10A67000696C732E20736565206F74686572206D38
:10A680006573736167657320666F72206D6F7265A5
:10A690002064657461696C73004346473A20454FF6
:10A6A0007468654D6F74696F6E436F6E74726F6C12
:10A6B0006C65722063616E6E6F7420626520636FDB
:10A6C0006E666967757265642E2076657269666963
:10A6D000636174696F6E206F6620656E636F646579
:10A6E00072206661696C732E20736565206F7468D3
:10A6F0006572206D6573736167657320666F722084
:10A700006D6F72652064657461696C7300434647C0
:10A710003A20454F7468654D6F74696F6E436F6E74
:10A7200074726F6C6C65722063616E6E6F74206200
:10A730006520636F6E666967757265642E20766545
:10A7400072696669636174696F6E206F66206D61FE
:10A750006973206661696C732E20736565206F7460
:10A76000686572206D6573736167657320666F72CB
:10A77000206D6F72652064657461696C7300434677
:10A78000473A20454F7468654D6F74696F6E436F2B
:10A790006E74726F6C6C65722063616E6E6F742084
:10A7A000626520636F6E666967757265642E2076D8
:10A7B0006572696669636174696F6E206F66206D8A
:10A7C00061697320666F72206D6334706C75736D90
:10A7D000616973206661696C732E20736565206FF3
:10A7E00074686572206D6573736167657320666F49
:10A7F00072206D6F72652064657461696C730043CB
:10A8000046473A20454F7468654D6F74696F6E43D3
:10A810006F6E74726F6C6C65722063616E6E6F74B4
:10A8200020626520636F6E666967757265642E20AD
:10A83000766572696669636174696F6E206F662000
:10A84000706F7320666F72206D6334706C75736601
:10A85000617073206661696C732E20736565206F6B
:10A8600074686572206D6573736167657320666FC8
:10A8700072206D6F72652064657461696C7300434A
:10A8800046473A20454F7468654D6F74696F6E4353
:10A890006F6E74726F6C6C65722063616E6E6F7434
:10A8A00020626520636F6E666967757265642E202D
:10A8B000766572696669636174696F6E206F662080
:10A8C000656E636F64657273206661696C732E20B8
:10A8D000736565206F74686572206D657373616759
:10A8E000657320666F72206D6F7265206465746198
:10A8F000696C73004346473A20454F7468654D6F55
:10A9000074696F6E436F6E74726F6C6C65722063E6
:10A91000616E6E6F7420626520636F6E6669677525
:10A920007265642E20766572696669636174696F09
:10A930006E206F6620656E636F6465722066616964
:10A940006C7320666F72206D6334706C7573666112
:10A9500070732E20736565206F74686572206D6555
:10A9600073736167657320666F72206D6F72652007
:10A9700064657461696C73004346473A20454F74BF
:10A9800068654D6F74696F6E436F6E74726F6C6C37
:10A9900065722063616E6E6F7420626520636F6EF6
:10A9A000666967757265642E204943436469736301
:10A9B0006F76657279206661696C732E20736565A8
:10A9C00020494343646973636F76657279206D65CE
:10A9D00073736167657320666F72206D6F72652097
:10A9E00064657461696C73004346473A20454F744F
:10A9F00068654D6F74696F6E436F6E74726F6C6CC7
:10AA000065722063616E6E6F7420626520636F6E85
:10AA1000666967757265642E2043414E646973638D
:10AA20006F76657279206F66206163747561746FEB
:10AA30007220626F617264206661696C732E20738C
:10AA400065652043414E646973636F766572792052
:10AA50006D6573736167657320666F72206D6F72C9
:10AA6000652064657461696C73004346473A20450C
:10AA70004F7468654D6F74696F6E436F6E74726F5B
:10AA80006C6C65722063616E6E6F7420626520630A
:10AA90006F6E666967757265642E2063616E2064EF
:10AAA0006973636F76657279206F66206D633420F9
:10AAB000626F61726473206661696C732E207365C6
:10AAC000652043414E646973636F76657279206DCA
:10AAD0006573736167657320666F72206D6F726551
:10AAE0002064657461696C73004346473A20454FA2
:10AAF0007468654D6F74696F6E436F6E74726F6CBE
:10AB00006C65722063616E6E6F7420626520636F86
:10AB10006E666967757265642E2043414E64697381
:10AB2000636F76657279206F662032666F6320628C
:10AB30006F61726473206661696C732E2073656542
:10AB40002043414E646973636F76657279206D6549
:10AB500073736167657320666F72206D6F72652015
:10AB600064657461696C7300496E20736F757263FC
:10AB700065616464726573732074686520654F6DE8
:10AB80006E5F736572765F63617465676F72795F1C
:10AB9000742C20696E207061723634204C5320333F
:10ABA0003220626974732074686520626974206D54
:10ABB00061736B206F66206C6F737420626F6172BB
:10ABC00064202843414E3120696E204D5320313698
:10ABD000206269747320616E642043414E322069A3
:10ABE0006E204C532031362062697473292C206901
:10ABF0006E20696E207061723634204D53203332DE
:10AC000020626974732074686520746F74616C20AD
:10AC1000646973617070656172656E6365207469E3
:10AC20006D6520696E206D7300496E207061723110
:10AC30003620746865726520697320746865206EBB
:10AC4000756D626572206F66206C6F737420697415
:10AC5000656D730043616E20616464726573732077
:10AC6000696E2070617231362C2070726F742061B1
:10AC70006E64207665727320696E2070617236345E
:10AC8000206C6F77657220333220626974730063C1
:10AC9000616E206164647265737320696E207061F7
:10ACA0007231362C2070726F7420616E642076656C
:10ACB000727320696E207061723634206C6F776514
:10ACC00072203332206269747300496E20706172A1
:10ACD0003136206E756D206F662070617463686513
:10ACE000732C2063616E206D617070696E672069DE
:10ACF0006E20706172363420757070657220333248
:10AD000020626974732C2070726F7420616E6420ED
:10AD10007665727320696E207061723634206C6FB4
:10AD2000776572203332206269747300496E207037
:10AD300061723136207468657265206973207468A9
:10AD400065206368616E6E656C20696E766F6C76E7
:10AD500065642C20696E20706172363420746865D9
:10AD60007265206172652074686520736174757204
:10AD70006174696F6E20636F756E747320666F7295
:10AD800020746865206C61737420736563206F663E
:10AD900020626F746820747970657320286C6F77F7
:10ADA00065723A204C53203332626974732C2075DB
:10ADB00070706572204D53203332626974730045A0
:10ADC0005448206D6F6E69746F723A206A7573749F
:10ADD0002076657269666965642C206E6F206E65E9
:10ADE000777300496E207061723634207468657222
:10ADF0006520697320746865206578706563746583
:10AE000064206E756D6265722E20546865207265CF
:10AE1000636569766564206973206F627461696E29
:10AE2000656420627920616464696E672070617274
:10AE300036342077697468207061723136207472FC
:10AE40006561746564206173206120696E743136B8
:10AE50005F7400496E2070617231362074686572CB
:10AE600065206973207468652070617273696E670C
:10AE7000206572726F7220747970652065787072C7
:10AE8000657373656420696E20654F7061727365C8
:10AE900072526573756C745F7400496E20736F75C0
:10AEA000726365616464726573732074686520659C
:10AEB0004F6D6E5F736572765F63617465676F7205
:10AEC000795F7400496E20736F75726365616464A5
:10AED000726573732074686520654F6D6E5F73656E
:10AEE00072765F63617465676F72795F742C206935
:10AEF0006E207061723634204C53203332206269E8
:10AF000074732074686520626974206D61736B20AE
:10AF10006F66206C6F737420626F617264202843C7
:10AF2000414E3120696E204D5320313620626974C4
:10AF30007320616E642043414E3220696E204C5371
:10AF40002031362062697473292C20696E20696E65
:10AF5000207061723634204D532033322062697480
:10AF600073207468652074696D6520696E206D7347
:10AF70002073696E6365206C61737420636F6E74F7
:10AF8000616374004346473A2074686542415473D4
:10AF9000657276696365206973206E6F74207665CB
:10AFA00072696669656420796574004346473A2092
:10AFB00074686546547365727669636520697320A9
:10AFC0006E6F742076657269666965642079657450
:10AFD00000496E2070617231363A20746172676583
:10AFE0007420626F617264207479706520696E20CC
:10AFF00030786666303020616E64206E756D6265F3
:10B0000072206F6620696E76616C696420696E20BB
:10B010003078303030662E20496E207061723634C0
:10B020003A2065616368206E6962626C6520636FB7
:10B030006E7461696E7320307830206966206F6BA2
:10B040002C206D61736B2030783120696620777217
:10B050006F6E6720747970652C206D61736B203082
:10B0600078322069662077726F6E672066772C20B1
:10B070006D61736B203078342069662077726F6E53
:10B08000672070726F740041533A2063616E6E6F77
:10B09000742073746F72652072782063616E20660D
:10B0A00072616D6573206F662074656D7065726185
:10B0B0007475726520646174612C207468757320E6
:10B0C000736F6D652072656164696E67732077695F
:10B0D0006C6C206265206C6F73740049533A206376
:10B0E000616E6E6F742073746F7265207278206366
:10B0F000616E206672616D6573206F6620696E6592
:10B10000727469616C20646174612C207468757359
:10B1100020736F6D6520696E65727469616C207251
:10B12000656164696E67732077696C6C2062652065
:10B130006C6F737400534B3A2063616E6E6F7420B2
:10B140007075742072782063616E206672616D651F
:10B150007320696E746F2061727261796F666361CA
:10B160006E646174612C207468757320736F6D65F3
:10B1700020736B696E2072656164696E67732077F6
:10B18000696C6C206265206C6F73740048573A20BC
:10B190007365636F6E64206572726F72206D657384
:10B1A00073616765206F662063617465676F72798C
:10B1B0002068770048573A20666972737420657278
:10B1C000726F72206D657373616765206F662063AF
:10B1D000617465676F7279206877004346473A204B
:10B1E000454F7468654D6F74696F6E436F6E74720E
:10B1F0006F6C6C65722063616E20636F7272656341
:10B20000746C7920636F6E666967757265206D6313
:10B21000342D6261736564206D6F74696F6E2E20CA
:10B220006D6F726520696E666F2077696C6C206641
:10B230006F6C6C6F77004346473A20454F746865E2
:10B240004D6F74696F6E436F6E74726F6C6C657264
:10B250002063616E20636F72726563746C79206322
:10B260006F6E666967757265206D6334706C757397
:10B27000706D632D6261736564206D6F74696F6EAC
:10B280002E206D6F726520696E666F2077696C6C19
:10B2900020666F6C6C6F77004346473A20454F74C9
:10B2A00068654D6F74696F6E436F6E74726F6C6C0E
:10B2B00065722063616E20636F72726563746C796E
:10B2C00020636F6E6669677572652032666F632DE5
:10B2D0006261736564206D6F74696F6E2E206D6F8F
:10B2E000726520696E666F2077696C6C20666F6C82
:10B2F0006C6F77004346473A20454F7468654D6F41
:10B3000074696F6E436F6E74726F6C6C65722063DC
:10B31000616E20636F72726563746C7920636F6E07
:10B3200066696775726520616476666F632D626118
:10B33000736564206D6F74696F6E2E206D6F72651A
:10B3400020696E666F2077696C6C20666F6C6C6F1D
:10B3500077004346473A20454F7468654D6F7469DE
:10B360006F6E436F6E74726F6C6C65722063616E8A
:10B3700020636F72726563746C7920636F6E6669A7
:10B3800067757265206D6332706C75737073632DB1
:10B390006261736564206D6F74696F6E2E206D6FCE
:10B3A000726520696E666F2077696C6C20666F6CC1
:10B3B0006C6F77004346473A20454F7468654D6F80
:10B3C00074696F6E436F6E74726F6C6C657220631C
:10B3D000616E20636F72726563746C7920636F6E47
:10B3E000666967757265206D6334706C75736D6125
:10B3F00069732D6261736564206D6F74696F6E2E61
:10B40000206D6F726520696E666F2077696C6C20A5
:10B41000666F6C6C6F77004346473A20454F7468FF
:10B42000654D6F74696F6E436F6E74726F6C6C658F
:10B43000722063616E20636F72726563746C792031
:10B44000636F6E666967757265206D6334706C75C5
:10B4500073666170732D6261736564206D6F7469CA
:10B460006F6E2E206D6F726520696E666F20776932
:10B470006C6C20666F6C6C6F77004346473A2045D2
:10B480004F7468654D6F74696F6E436F6E74726F41
:10B490006C6C65722063616E20636F727265637499
:10B4A0006C7920636F6E666967757265206D6334B1
:10B4B000706C75732D6261736564206D6F74696F54
:10B4C0006E2E206D6F726520696E666F2077696CD5
:10B4D0006C20666F6C6C6F77005359533A20612073
:10B4E00066756E6374696F6E206973207573656429
:10B4F00020696E207468652077726F6E67207761AF
:10B5000079005359533A2061206D7574657820682D
:10B5100061732074696D6564206F757420756E6544
:10B52000787065637465646C79004346473A2074AB
:10B530006865424154736572766963652066616926
:10B540006C65642043414E20646973636F76657255
:10B5500079004346473A20746865465473657276AD
:10B56000696365206661696C65642043414E2064AF
:10B570006973636F76657279004346473A204341A9
:10B580004E646973636F76657279005359533A203C
:10B5900074686520454F7468654D656D6F727950AC
:10B5A0006F6F6C2063616E6E6F74206769766520C3
:10B5B000616E79206D6F7265206D656D6F727900B7
:10B5C0005B25735D202825732074736B25642040F0
:10B5D0002573292D3E207B307825782C207031363C
:10B5E000203078253034782C20703634203078257F
:10B5F0003031366C6C782C206465762025642C20E4
:10B600006164722025647D3A2025732E003A6D0016
:10B610005B25735D202825732074736B256420409F
:10B620002573292D3E207B307825782070313620F7
:10B630003078253034782C2070363420307825301E
:10B6400031366C6C782C206465762025642C206162
:10B6500064722025647D3A2025732E20494E464F82
:10B66000203D202573003A7500766563746F720083
:10B670006F75745F6F665F72616E67652077617367
:10B68000207468726F776E20696E202D666E6F2D44
:10B69000657863657074696F6E73206D6F64652083
:10B6A00077697468206D65737361676520222573FF
:10B6B000220062617369635F737472696E67005F11
:10B6C0005F6378615F67756172645F6163717569FB
:10B6D0007265206465746563746564207265637562
:10B6E000727369766520696E697469616C697A61E3
:10B6F00074696F6E3A20646F20796F752068617687
:10B700006520612066756E6374696F6E2D6C6F6362
:10B71000616C20737461746963207661726961621F
:10B720006C652077686F736520696E697469616CF8
:10B73000697A6174696F6E20646570656E647320E8
:10B740006F6E20746861742066756E6374696F6EC5
:10B750003F0000004F53414C3A3A74736B696E6975
:10B76000743A206861732066696E69736865642045
:10B77000757365722D646566696E65642066756EA5
:10B780006374696F6E0000004F53414C3A3A747312
:10B790006B696E69743A2061626F757420746F20F2
:10B7A000696E697420454F4D74686554696D6572A2
:10B7B0004D616E61676572202B20454F4D74686541
:10B7C00043616C6C6261636B4D616E6167657200B1
:10B7D0005F496E697469616C6973652829206861C5
:10B7E000732066696E697368656420656F6D5F6557
:10B7F0006D736170706C5F6869645F7573657264A6
:10B8000065665F696E697469616C69736528290092
:10B810005F496E697469616C697365282920636189
:10B820006C6C7320656F6D5F656D736170706C5FBC
:10B830006869645F757365726465665F696E697473
:10B8400069616C6973652829000000005F496E69B1
:10B850007469616C69736528292068617320737449
:10B8600061727465642069747320737461746520F7
:10B870006D616368696E6520772F204346472C20F1
:10B8800052554E2C20455252207374617465732EAC
:10B89000204E6F7720697420717569747300000001
:10B8A0004A6F696E745365745F646F5F7761697422
:10B8B0005F63616C6962726174696F6E5F6D6978F4
:10B8C00065643A2063616C696220636F6D706C65BA
:10B8D0007465642E000000006572726F7220696EDC
:10B8E000204A6F696E745F7365745F706F735F7207
:10B8F00065665F696E5F63616C6962547970653615
:10B90000000000004572726F722120504F53207367
:10B91000657276696365204E4F5420616374697661
:10B920006500000063616C6962363A204572726F8F
:10B93000722120466F756E64206E65697468657249
:10B94000204D414953206E6F7420504F5320736532
:10B950007276696365206163746976650000000032
:10B960000000000000000000C8BA06080002001035
:10B97000D01F000080020208C8BA0608000000209C
:10B9800000FC0100DC02020868BC0608D02100109F
:10B99000D8650000DC0202081C0000004300000023
:10B9A000F8FFFFFF0C0000000E0000000F00000079
:10B9B0002E0000001001000043000000F8FFFFFF10
:10B9C00000404040404040404040414141414140B2
:10B9D0004040404040404040404040404040404067
:10B9E00040050202020202020202020202020202F6
:10B9F00002202020202020202020200202020202FB
:10BA00000202909090909090101010101010101052
:10BA1000101010101010101010101010020202025E
:10BA200002028888888888880808080808080808A2
:10BA3000080808080808080808080808020202029E
:10BA400040000000000000000000000000000000B6
:10BA500000000000000000000000000000000000E6
:10BA600000000000000000000000000000000000D6
:10BA700000000000000000000000000000000000C6
:10BA800000000000000000000000000000000000B6
:10BA900000000000000000000000000000000000A6
:10BAA0000000000000000000000000000000000096
:10BAB0000000000000000000000000000000000086
:10BAC00000000000AB96FBFF016A0A10011209108A
:10BAD00013012230097A030AFC14060806690809D2
:10BAE000184702854029A00932EB096BA42C0203F8
:10BAF0000404051D06070809031924F415F41706A4
:10BB0000081A1804711A0C0C5A18101A24089A30C2
:10BB10001C415AFF040152092C565A0F0209444E87
:10BB200001FF015702FF0101FF01FF01FF01870A29
:10BB30006EFF580A25FF72292709192B0A23FFBA1D
:10BB4000CB803F0409261C011E72013CA086010423
:10BB500001FF01A502FFFF0184023D0112FA1E8FC1
:10BB60002A03080101F230021738120A031C01FEF1
:10BB70000A317F930922342A032312038C043930BB
:10BB80002BA93813304A1B1070048113B4491B10C1
:10BB9000E8041A28141AE4081A2C081AB0081A1C07
:10BBA000081A18041AA00C1A9C049A20340A13FFCD
:10BBB000F001FF014B02FFFF018402450102BFFFBC
:10BBC0001AFFC10968C409686A01FF011B02230149
:10BBD0001AFF0109264D0A1A324801FF0184022B7F
:10BBE000011AFF0101180A1A643801FF0184022BAF
:10BBF000011AFF0101180A1A643801FF0184026367
:10BC00000102FFFF01840223011AFF01012409231D
:10BC10002501FF0160026F0172FF36545241434516
:10BC200045494E464F364445425547100857415204
:10BC30004E494E47364552524F520E2546415441C9
:10BC40004CA80916246974811E29F8040833041AC3
:10BC50002F04013C29701E51C504085D041A5704C5
:08BC60001A6304014800000012
:020000042001D9
:10FFC0000000000000000000000000000000000031
:10FFD0000000000000000000000000000000000021
:08FFE000000000000000000019
:040000050802018963
:00000001FF
