:020000040802F0
:10000000C08500109105020875510208353F0208AD
:100010005D510208173F02088151020800000000EC
:100020000000000000000000000000004904020879
:100030002F3F0208000000000105020865050208C4
:10004000AB050208AB050208AB050208AB050208C8
:10005000AB050208AB050208AB050208AB050208B8
:10006000AB050208AB050208AB050208AB050208A8
:10007000AB050208AB050208AB050208AB05020898
:10008000AB050208AB05020825050508F3070508BE
:100090006D070508AB050208ED070508AB0502086A
:1000A000C5190508AB050208111A0508AB050208B9
:1000B000AB050208AB050208AB050208AB05020858
:1000C000AB050208AB050208AB0502085D16050882
:1000D00063160508AB050208AB050208AB0502086C
:1000E000F91005087B510208AB050208AB050208B0
:1000F000AB050208891A0508AB050208AB05020822
:10010000AB050208AB050208AB0502086916050835
:10011000AB050208AB050208391A0508611A050883
:10012000AB050208AB050208AB050208AB050208E7
:10013000AB0502088D0F0508AB0502087F0805080E
:10014000F9070508AB05020879080508AB050208A0
:10015000AB050208AB050208AB050208AB050208B7
:10016000AB050208AB050208AB050208AB050208A7
:10017000AB050208AB050208AB050208AB05020897
:10018000AB050208AB05020800F002F800F018F910
:1001900014A696E8000CB244B344DA4501D100F04D
:1001A0000FF9BAE80F000FA696E83000A5EB04059A
:1001B00004EB0607AAEB0704A7F101074FEA1515A0
:1001C0004FEA3414A4F10104AC4201D300F0F8F872
:1001D00013F0010F18BFFB1A43F0010300F001F800
:1001E000DBE71847D4A1040004A20400704710B54F
:1001F000002003F0AFF803F041F810BD14F0EEB8A2
:100200000202035BE9C7702D00000208000006002F
:1002100000000020C0FF01000000000000000000FE
:1002200007614D433230307633000000000000009B
:1002300001000100010000004558540000000000CA
:100240004A756E20313920323032362031303A3220
:10025000323A3133000000000000000000000000CE
:10026000000000000000000000000000000000008E
:10027000000000000000000000000000000000007E
:100280000A444FF0000C10F8013B13F0070408BFBC
:1002900010F8014B1D1108BF10F8015B641E05D05A
:1002A00010F8016B641E01F8016BF9D113F0080F0F
:1002B0001EBF10F8014BAD1C0C1B09D16D1E58BFA1
:1002C00001F801CBFAD505E014F8016B01F8016BD8
:1002D0006D1EF9D59142D6D370470000002300244B
:1002E00000250026103A28BF78C1FBD8520728BF46
:1002F00030C148BF0B6070476E2902F0308470290E
:1003000001F0618366293FF0048465293FF0018490
:1003100067293FF0FE8361293FF0FD8303681B0AD4
:1003200028BF41F08001692901F09482642901F01D
:100330009182752901F08E826F2902F0E584782977
:1003400001F02D83E92901F0C182E42901F0BE8288
:10035000F52901F0BB82EF2902F0E284F82901F0CF
:100360002C830368DB0928BF41F08001632902F078
:100370001083732902F01583E32903F0DF81F32949
:1003800003F0E481002070471FB53FF06CFB9DE84F
:10039000030001F032FF02F08BFB0400002000217B
:1003A0003EF0C6FF401C6060002000213EF0AAFF26
:1003B000E06003F001F802F0E9FE01F0EBFE1FBD82
:1003C00003F00FF81146FFF7DFFF2AF029F903F0D9
:1003D000E5FA03B4FFF70BFF03BC02F05BFB000080
:1003E00080F309887047EFF309807047684680F30F
:1003F000098804480078C00714BF0220032080F356
:1004000014887047F8030010DFF818C0EFF3058375
:100410001B0618BF6047EFF31483DB0708BF604774
:1004200000DF7047A1BF0508DFF818C0EFF30583B0
:100430001B0618BF6047EFF31483DB0708BF604754
:1004400000DF704719C00508EFF30980816911F8D2
:10045000021CE1BB90E80F1010B5E047BDE810406A
:10046000EFF3098C8CE80700214B93E806009142DA
:1004700008BF704741B91EF0100F16D11D4908681A
:1004800020F00100086010E01EF0100F06BF2CEDF8
:10049000108A0120002081F838002CE9F00FC1F803
:1004A0003CC00CB43DF0A2FA0CBC1A60D2F83CC0BF
:1004B000BCE8F00F92F8380000280EBF6FF0020E73
:1004C0006FF0120EBCEC108A8CF30988704710B5DF
:1004D000094A1268914209D8084C54F8214090E822
:1004E0000F10A047EFF3098C8CE80F0010BD00003F
:1004F0006C03001034EF00E0640405086404050890
:1005000010B53DF06DF9BDE81040154B93E80600BD
:10051000914208BF7047EFF3098C1EF0100F06BF21
:100520002CED108A0120002081F838002CE9F00F12
:10053000C1F83CC00CB43DF059FA0CBC1A60D2F8BA
:100540003CC0BCE8F00F92F8380000280EBF6FF0F6
:10055000020E6FF0120EBCEC108A8CF30988704703
:100560006C03001010B53DF065FACCE710B53AF019
:10057000D3FA3DF05FFAC6E700487047003000004C
:100580000048704700FC0100401EFDD1704700008C
:100590000948804709480047FEE7FEE7FEE7FEE717
:1005A000FEE7FEE7FEE7FEE7FEE7FEE70448054953
:1005B000054A064B704700005D19050889010208CD
:1005C00000000020C085001000FC0120C055001074
:1005D000F7B514466E46002914BF0125002588484A
:1005E0000078E8B100F07AFA2946304631F050FF41
:1005F000C5B2012C0DD183480099834CC0F8261058
:10060000014620684022001D01F030FC206800F007
:1006100040FE00F06DFA012D02BF002003B0F0BDD6
:100620004FF0FF3003B0F0BD38B56C4600900029A4
:1006300014BF012500257248007860B100F04EFA21
:100640002946204631F024FFC4B200F051FA012CB3
:1006500004BF002038BD4FF0FF3038BD2DE9F3470F
:1006600067480D46E94600784FF0FF37F0B1674E16
:100670003088D8B100F032FA30880024002888BFD2
:10068000DFF88C810FD900BFC4EBC40008EB400039
:10069000042249460A3001F09EFB60B1601CC4B2DE
:1006A00030888442F0D300F023FA11E002B04FF01A
:1006B000FF30BDE8F087C4EBC40008EB4000041D28
:1006C00000F016FA00271DB120682860A088A880D5
:1006D00002B03846BDE8F0872DE9F1434848E846C6
:1006E0004FF0FF360078E8B1484D2888D0B100F0CF
:1006F000F5F928880024002888BF454F0FD900BF8E
:10070000C4EBC40007EB4000042241460A3001F06C
:1007100062FB58B1601CC4B228888442F0D300F058
:10072000E7F919E04FF0FF30BDE8F883C4EBC400EF
:1007300007EB4000041D00F0DBF906223549204696
:1007400001F049FB58B106223349204601F043FB32
:10075000002818BF002602D03046BDE8F8834FF0CD
:10076000FF36F9E7002070470020704710B5254C90
:10077000FF21204631F0CAFC28484FF4C1634FF0F6
:10078000080C0169C4F80610828A6281A3814FF4C3
:100790008073E381A4F810C04FF0060C84F812C0F7
:1007A0004FF0040C84F813C0A382C4F816106283BF
:1007B0008069E06104F1200031F09BFC0020C4F866
:1007C0002600C4F82A00C4F82E00C4F83200C4F889
:1007D00036000D4AC4F83A00E08704F14001116088
:1007E0002A220A80488010BD90F82010202984BF5A
:1007F0004FF0FF30704710B500F0F5FC002010BD41
:1008000008020010E81F0010000200103E03001054
:10081000502300101AFB050820FB0508702000106B
:10082000B84A126F02B11047FEE770B50C46B8B176
:100830000546FFF797FF0646284600F091FC064460
:10084000284600F029FA0644284600F06CFA0644CF
:10085000284600F067FC3044002C18BF206070BDB3
:10086000E120A84AA8A1126F12B19047002070BDE4
:10087000FEE710B5A34C606F002808BF10BD80478D
:100880000028AB49086018BF10BDE020226FA9A165
:1008900012B1BDE810401047FEE770B5A44D416F9E
:1008A00081B1816F974C00291FBFC16F0029D0F81B
:1008B000800000280DD0606F002818D08047286085
:1008C00080B114E000218167C167C0F88010296001
:1008D0000DE0226FE320A7A11AB190474FF0FF303F
:1008E00070BDFEE7226FE02092A112B19047002078
:1008F00070BDFEE710B5D821824801F0DFFB8C49BE
:100900000020086010BD2DE9F0417E4C88460500AE
:1009100007D02A6F2267287850B1E420A0A132B115
:100920002EE0226FE120ABA1002A29D1FEE7FEE7ED
:10093000B1480078012804D02846FFF755FF20B1C0
:100940001AE0E020ADA1DAB9FEE7D8216D4801F048
:10095000B5FB774F002628463E6000F01FFC58B9D3
:10096000284600F09FF938B9284600F0E2F918B996
:10097000284600F0DDFB40B1AA49226FE3205AB1BE
:1009800090474FF0FF30BDE8F08141462846FFF721
:10099000EBFE002875D100E0FEE72846FFF7E2FEF7
:1009A00020F0030080444146284600F0DBFB00288D
:1009B00067D1284600F0D4FB20F003008044414674
:1009C000284600F06BF900285BD1284600F064F956
:1009D00020F0030080444146284600F0A6F9002894
:1009E0004FD1284600F09FF920F0030000EB0801EA
:1009F000284600F099FB002843D1284600F092FBDE
:100A0000D82229463F4801F0B8FA3E4D2846FFF764
:100A1000ADFE002835D1686F60B1A96F00291FBFF6
:100A2000E96F0029D5F88010002909D08047386087
:100A300068B111E0AE67EE67C5F880603E600BE01C
:100A4000226FE3204BA10AB190471AE0FEE7226F24
:100A5000E02038A12AB19047284600F085FB80B9F4
:100A600000E0FEE7284600F01BF950B9284600F0E8
:100A70005EF930B9284600F059FB002808BFBDE8F0
:100A8000F0814FF0FF30BDE8F08170B504000D46F5
:100A900016D0FFF767FE0646204600F061FB0644CD
:100AA000204600F0F9F80644204600F03CF90644E0
:100AB000204600F037FB3044002D18BF286070BD81
:100AC000E120104A10A1126F12B19047002070BDB2
:100AD000FEE718E7002070470020704714480068C0
:100AE000002808BF7047074AD2F88010926F10475D
:100AF0000F480068002808BF70470249C96F0847BF
:100B000000687047702000106970616C5F626173EB
:100B1000655F6D656D6F72795F67657473697A651E
:100B20002829206E65656473206120636667000074
:100B3000040200106970616C5F626173655F6869CF
:100B4000645F7468726561647361666574795F6916
:100B50006E697428293A2063616E6E6F7420616C2F
:100B60006C6F6361746520746865206D7574657859
:100B7000000000006970616C5F626173655F696E9F
:100B8000697469616C6973652829206E6565647391
:100B9000206F73616C2066756E6374696F6E73008D
:100BA0006970616C5F626173655F696E69746961C8
:100BB0006C69736528293A20756E737570706F7251
:100BC000746564207463702F697020737461636B43
:100BD000000000006970616C5F626173655F696E3F
:100BE000697469616C69736528293A206D6973734A
:100BF000696E672063666700080200106970616CA7
:100C00005F626173655F696E697469616C69736560
:100C100028293A20616C726561647920737461726D
:100C200074656400B404060831B524486C46007845
:100C300038B1234890F82C0018B19DF80000EF2837
:100C400002D04FF0FF3038BDFFF748FF204638F0A4
:100C500073FA002814BF00244FF0FF34FFF748FF59
:100C6000204638BD31B515486C46007888B1144827
:100C700090F82C0068B1FFF731FF204638F084FA75
:100C800000280CBF4FF0FF340024FFF731FF20464F
:100C900038BD4FF0FF3038BD00207047002070474E
:100CA0000020704790F82D10062984BF4FF0FF30C8
:100CB000704710B500F019FB002010BD08020010AD
:100CC00070200010224810B5406848B121480178D2
:100CD00001290CD00121017038F00AFD002010BD5F
:100CE0001DA1E120FFF79CFD4FF0FF3010BD24A1B6
:100CF000E020FFF795FD4FF0FF3010BD10B5FFF776
:100D0000EDFE38F011FFBDE81040FFF7F1BE10B561
:100D1000FFF7E4FE3EF0D2F9BDE81040FFF7E8BE71
:100D20000B48406870470020704700207047002043
:100D300070470189B1F5C05F84BF4FF0FF30704745
:100D400010B50021034A117000F027FB002010BDF0
:100D500070200010080200106970616C5F73797375
:100D60005F737461727428293A206D697373696EB8
:100D70006720636F6E66696775726174696F6E0074
:100D80006970616C5F7379735F7374617274282921
:100D90003A2063616E6E6F742073746172742061A7
:100DA0006761696E0000000008B1062801D90020C3
:100DB0007047F0B515460A46E64900EB400085B09D
:100DC00001EBC000A0F1180450F8080C0A9F1E4661
:100DD00098B11046FFF794FE0346E06820B19842B0
:100DE00004BF2089A84208D10396ADF80870009589
:100DF000D4E904C002AA2146E04705B00020F0BDB6
:100E00004107090EC0F3C00241EA0211C0F300120B
:100E100010B541EAC201C0F3401041EA8004CE4857
:100E20000078002808BF10BDFFF758FECB4A01210B
:100E300020463EF067F9C0B1C64900EB400201EB25
:100E4000C20404F8180C002024F8160C44F8140C02
:100E500024F8100C44F80C0C44F8080C44F8040C6A
:100E6000FFF746FEA4F1180010BDFFF741FE002079
:100E700010BD70B504001CBF2078002821D0FFF7FA
:100E80002DFE6088002518B120783EF01DF96580A0
:100E900020783EF099F906462078AE4900EB4000F4
:100EA00001EBC00000F8185C257065806560258145
:100EB000E56025616561FFF71BFE002E1CBF002069
:100EC00070BD4FF0FF3070BD70B515460E46040082
:100ED0001DBF20780028002D4FF0FF3008BF70BDE7
:100EE000FFF7FCFD608820B120783EF0EDF800208F
:100EF00060809849002000BF00EB400201EBC20275
:100F00005288AA4210D0401CC0B20628F4D32078E0
:100F100029463EF01BF910F0FF0F05D06580666092
:100F2000FFF7E6FD002070BDFFF7E2FD4FF0FF3058
:100F300070BD2DE9F04790460F46040019BF207898
:100F400000284FF0FF30BDE8F087FFF7C7FD60884D
:100F500050BB207800264546002818BF002D2DD014
:100F6000FFF7BCFD60884FF0000920B120783EF00B
:100F7000ABF8A4F802907749002000BF00EB4002D4
:100F800001EBC2025288AA4216D0401CC0B2062809
:100F9000F4D3207829463EF0D9F810F0FF0F0BD09B
:100FA00065806660FFF7A4FDA4F80880E760FFF79E
:100FB0009FFD0020BDE8F087FFF79AFDFFF798FD41
:100FC0004FF0FF30BDE8F08710B5040019BF20785E
:100FD00000284FF0FF3010BDFFF780FD002020817A
:100FE000E060FFF785FD002010BD2DE9FF4182B0D4
:100FF00098460C46050004AF1CBF2878002828D06E
:101000006888002818BF002C23D0606800281CBF07
:10101000208800281DD0FFF761FD20883EF06AF887
:1010200006001BD02288616800F020FF2088009015
:1010300028783346424639463EF0DEF800280CBF99
:101040004FF0FF340024FFF753FD06B02046BDE803
:10105000F08106B04FF0FF30BDE8F081FFF748FDAA
:1010600006B04FF0FF30BDE8F0812DE9F04383B0CA
:101070000C4605001CBF688800283CD0E8680028A2
:101080001CBF2889002836D0FFF728FDE8680190AA
:101090002878B5F808900DF104084FF0FF360028C5
:1010A0001CBF6888002820D0002C1FBF6068002863
:1010B0002088002819D0FFF711FD20883EF01AF88B
:1010C000070010D02288616800F0D0FE20880090D0
:1010D00028783B464A4641463EF08EF800280CBF31
:1010E0004FF0FF360026FFF703FDFFF701FD03B0C9
:1010F0003046BDE8F08303B04FF0FF30BDE8F08329
:10110000002812BF00294FF0FF30704770B5164617
:101110000D460446FFF7E2FCC4E90456FFF7E8FC7D
:10112000002070BD002070470020704700207047ED
:1011300010B5044690F83000062884BF4FF0FF3009
:1011400010BD9021034800F0B9FF204600F08AF955
:10115000002010BD4821001008020010A90D02084F
:10116000002070470020704710B5D0F88C1000297F
:101170001CBFD0F89010002908D0D0F89410002996
:101180001FBFD0F898000028002010BD06A14FF026
:10119000E100FFF745FB4FF0FF3010BD10B500F048
:1011A00095F8002010BD00006970616C5F6574687F
:1011B0005F6869645F696E697428293A206D697394
:1011C00073696E67206574682066756E6374696FF5
:1011D0006E730000A94890F82200012818BF7047DC
:1011E000002031F077BA10B504464FF4E071A448FE
:1011F00000F064FFA34894F82010C180A249626AFD
:10120000B2FBF1F2028194F821200270A26AB2FBD3
:10121000F1F14170002010BD9848D0F89C000028E2
:1012200008BF7047004700291CBF0020704731F0FD
:10123000AFBA10B5954A84B09069D2E90812CDE9E9
:1012400002128E4A0090907A8DF80000904801902A
:10125000904890F803C0818883784FEA0C6441EA93
:101260001C214FEA134C44EA034341EA0C0490F872
:1012700001C0007843EA0C2344EA1C611843CDE91D
:101280000201D2F88C10684688477E49487104B044
:1012900010BD7A49D1F89810084710B5774CD4F8AA
:1012A00090008047D4F88800002808BF10BDBDE832
:1012B0001040004710B5714CD4F88400002818BFC6
:1012C0008047D4F89400BDE8104000476D4902699A
:1012D0004A61808A088300207047684991F82C1081
:1012E000012918BF70473AF069BD654A0021664B75
:1012F000C2F8C011C2F8C411C2F8C811C2F8CC11AA
:10130000C2F8D011C2F8D411C2F8D811C2F8DC1159
:10131000C2F8E01142685B49B3FBF2F290F82D008D
:10132000488192B24CF6CD405043800C887000202A
:101330007047062806D2584901EB4011F030C0B280
:10134000FFF76EBA55A1E020FFF76ABA10B538F082
:10135000FFF94A4C94F82C00012808BF38F00AFA2B
:1013600094F82F00012808BF38F02CFA94F82200D6
:10137000012818BF10BD0020BDE8104031F0AAB907
:1013800010B53CF0DBFB3D4890F82C00012818BF5D
:1013900010BDBDE810403CF029BC2DE9F041384DAE
:1013A00000260446C5F8E461C5F8E861C5F8EC61BB
:1013B000C5F8F061C5F8F461C5F8F861C5F8FC61DD
:1013C000C5F80062C5F80462C5F80862C5F80C6289
:1013D000C5F81062C5F81462C5F818624FF4C05120
:1013E00005F50870C5F81C6200F068FE05F5C057E9
:1013F000C022C7F82862C7F82C62A169C5F8E411B9
:10140000E169C5F8EC1105F5F271A8230A734B7375
:101410008E734FF0FE0C81F80FC00A744B748E74FB
:1014200081F813C00A714B71184A8E7181F807C098
:10143000D2E90012C7E9881212480121124AC1708C
:10144000218901616168B2FBF1F18181C6810020CF
:10145000BDE8F081094991F82F10012918BF7047A4
:101460003AF0ECBC10B504464821124800F026FEC4
:10147000044894F830100171002010BD7020001055
:10148000502300103803001040420F0050FD0508A3
:1014900058FD05084C03001078FD0508756E6B6E4D
:1014A0006F776E2073797374656D206572726F72D9
:1014B00000000000803D001000487047F03F001021
:1014C00070B5A0FB01400021D4F1FF3271EB0000A8
:1014D0003CBF002070BD204600F007FF05001CBF88
:1014E000214600F0C9FD284670BD70B516460D4670
:1014F000041F002808BF70BD002E1CBF05F10800A6
:10150000AFF300802B465868002818BFA04238BFB0
:101510000346F8D31968CA18A24218BF5C6003D109
:1015200022681C461144196021680A19824218BFBA
:10153000606004D142686260006808442060002E48
:101540001CBF05F10800AFF3008070BD10B5044664
:1015500000F036FE01682046BDE810400122C4E7D5
:101560000844401E491E884370470821001DF7E7C4
:101570002DE9F0410F468046041F00F021FE066869
:1015800007B3B8F1000F384622D0FFF7EEFFB8429C
:1015900005463CBF0020BDE8F08106F10800AFF32E
:1015A00000802268AA4238BF314615D3511B082952
:1015B00031D36019002240F8041B31462560FFF743
:1015C00094FF28E04046FFF7C1FF0020BDE8F0810E
:1015D000BDE8F04100F089BE4868002818BFA0426D
:1015E00038BF0146F8D3131983421BD103681A444C
:1015F000954217D8531B082B0AD3436862195360CE
:10160000236800681844401B106025604A6002E0AF
:1016100022604068486006F10800AFF30080201D9A
:10162000BDE8F08100223146384600F01DFE05007D
:101630000AD041462068021F284600F09EFC002286
:101640003146201DFFF751FF06F10800AFF300807F
:101650002846BDE8F08153EA020C00F069802DE9CC
:10166000F04B4FF00006002B1FBFB3FA83F503FACF
:1016700005F424FA05F65E4012BF1643B2FA82F56D
:1016800002FA05F4C5F120051EBF22FA05FC44EA62
:101690000C04203556EA044C4FEA144418BF641C6D
:1016A0004FF000084FF00009904271EB030C39D362
:1016B000002919BFB1FA81F701FA07F6B0FA80F7ED
:1016C00000FA07F6C7F120071EBF20FA07FC46EA1A
:1016D0000C062037B6FBF4FCA7EB0507103F07F01C
:1016E0001F0BCBF120062CFA06F60CFA0BFB44BFBD
:1016F000B3460026202FA4BF5E464FF0000B5BEAE6
:10170000060C08BF4FF0010B19EB0B0948EB06085C
:10171000ABFB027C06FB02CC0BFB03CCC01B71EBCA
:101720000C01C1E70B46024641464846BDE8F08B36
:1017300013B5084318BF4FF0FF300146AFF30080E8
:10174000BDE81C40704700000FB41CB5084B06AA4A
:101750007B4469460090059801F0F1F804460020AA
:10176000694601F0FFF820461CBC5DF814FB000040
:10177000111200000FB41CB50C0007AA009007D08E
:101780004142A14202D32044401E01E04FF0FF300D
:10179000074B7B4469460190069801F0D0F8002180
:1017A000002C01D0009A11701CBC5DF814FB0000E5
:1017B000D911000070B5044685690068C10601D5DD
:1017C000302600E02026C00707D070BDD4E90121F3
:1017D00030469047206A401C20626D1EF6D570BDD1
:1017E00070B5044685690078C00707D170BDD4E99B
:1017F000012120209047206A401C20626D1EF6D5F2
:1018000070BD70B50C460546012A05D028788006C3
:1018100000D5EA69002302E0012305E05B1C934246
:1018200002D2E05C0028F9D1A869E618C01AA861C4
:10183000286A184428622846FFF7BCFF04E0D5E96F
:10184000012114F8010B9047B442F8D32846FFF762
:10185000C7FF70BD2DE9F0410646002410687529C8
:10186000314616A510D001F068F9002802DA40428E
:1018700013A507E031688A0701D512A502E04907E0
:1018800004D511A5012401E001F060F900210A222C
:1018900006F1240709E0B0FBF2FCB0FBF2F302FB17
:1018A0001C00303078541846491C0028F3D12346D8
:1018B0002A463046BDE8F04100F0D5BD00000000EA
:1018C0002D0000002B000000200000002DE9F04159
:1018D0008046D21D22F007020025D2E90002F52938
:1018E00015A614D0011E72F1000106DA0023D0EB18
:1018F000030063EB020211A608E0D8F800108B0782
:1019000001D50FA602E0490701D50EA60125114613
:10191000002408F1240704E000F05BFD30323A5562
:10192000641C50EA0102F7D12B463246214640465C
:10193000BDE8F04100F097BD000000002D00000060
:101940002B00000020000000F0B40D4601880905BE
:1019500002D5214C7C4402E01F4C7C440E34002113
:1019600000F1240608E002F00F071209E75D42EAE1
:1019700003721B097754491C52EA0307F3D102781A
:101980000023120704D5702D06D009B102231134AB
:101990002246F0BC00F067BD01231034F8E770B5B3
:1019A00004460D462146106801F0D0F8024629464B
:1019B0002046BDE870400023C6E7D21D22F0070391
:1019C000D3E90023C0E70368126843F020030360F3
:1019D0000823C3610023B7E752EA03002DE9F05F53
:1019E000894604464FF0000ADFF874B1FB44C0F8A2
:1019F00020A02046E1688847002874D0252806D01A
:101A0000D4E901219047206A401C2062F1E70026BA
:101A10005F462046E16888472028054607DB312DD0
:101A200005D2781910F8200C08B10643F1E7B00789
:101A300001D526F00406C4F81CA00027C4F818A09D
:101A40002A2D09D0284630F0A5FB38B304EB8708CF
:101A5000303DC8F8185019E059F8041B204604EB33
:101A600087029161E1688847012F054618D1E06936
:101A7000002820DA26F020061DE0D8F8180000EB38
:101A8000800005EB40003038C8F818002046E168B7
:101A90008847054630F07EFB0028EED1012F0AD0A2
:101AA0002E2D08D12046E16888477F1C0546022F6D
:101AB00046F02006C4DBA069002803DA404246F065
:101AC0000106A061F00701D026F010066C2D0BD0A6
:101AD000682D09D04C2D39D06A2D35D0742D35D0D4
:101AE0007A2D33D016E038E0E1682F46204688474B
:101AF000B842054609D16C2F26D04FF48060E168CA
:101B0000064320468847054604E06C2F1AD04FF460
:101B1000807006430DB3A5F14100192802D8203585
:101B200046F400664A462946204626604E46FEF7A1
:101B3000E3FB80B101280BD0F61D26F0070000F171
:101B4000080956E74020E4E78020D8E70020D6E7E0
:101B500006F104094DE7284652E7206ABDE8F09FE8
:101B6000E2E903000FB400B58DB010A9099000910F
:101B70000B904FF0FF300A9000200C9006487844FC
:101B80000690064878446A4607900F9909A800F025
:101B900021FF0DB05DF814FB730E00008B0E0000EA
:101BA0002DE9FF5F1D464FF0FF3B91464FF00008C7
:101BB0005F46D5E90146A96901987F1C8847296AD3
:101BC000824688470028F6D1BAF1FF3F0CD0002E9C
:101BD00024F4C06419DD600614D5BAF12B0F09D0C6
:101BE000BAF12D0F0ED103E0584604B0BDE8F09FC6
:101BF00044F48064A96901987F1C8847761E824658
:101C0000002E02DDBAF1300F03D0B9F1000F26D05B
:101C100032E0A969761E01987F1C44F4007488475D
:101C2000002E824605DDBAF1780F06D0BAF1580FC2
:101C300003D0B9F1000F10D01EE0B9F1000F02D0AF
:101C4000B9F1100F18D1A969761E01987F1C24F4F0
:101C5000007488478246102002E0082000E00A2035
:101C6000814609E0A96908FB0908761E01987F1CD6
:101C700044F4007488478246002E05DD49465046EC
:101C800000F093FE0028EDDAE96901988847A00585
:101C900002D46FF00100A8E7E00725D1600613D554
:101CA000600502D5C8F1000000E0404629680A1D21
:101CB0002A600968220501D5087015E0220701D5C0
:101CC000088011E008600FE02868011D29600068A5
:101CD000210502D580F8008006E0210702D5A0F892
:101CE000008001E0C0F8008038467EE72DE9FF5F04
:101CF0004FF000089946144646469169D2E901A77B
:101D0000DDF838B001988847054659EA0B0005D040
:101D100009E0A1690198761C88470546216A284692
:101D200088470028F5D1681C03D05FEACA7005D047
:101D300015E04FF0FF3004B0BDE8F09F2068011DB2
:101D40002160D0F800800AE05FEACA7001D108F88B
:101D5000015BA169761C01987F1E88470546002F0C
:101D60001ADD681C18D0B9F1000F0DD0E81705EB8B
:101D7000D060421120F01F0059F822102A1A0120C9
:101D800090400142E0D107E0BBF1000FDCD12846D2
:101D9000216A88470028D7D0E16901988847BBF1BC
:101DA000000F07D1002E05DD5FEACA7002D10021C5
:101DB00088F80010A068B84203DDBBF1000F03D023
:101DC00017B16FF00100B6E73046B4E70B460146A5
:101DD000184600F03BBE40EA010310B59B070FD147
:101DE000042A0DD310C808C9121F9C42F8D020BA8B
:101DF00019BA884201D9012010BD4FF0FF3010BD43
:101E00001AB1D30703D0521C07E0002010BD10F810
:101E1000013B11F8014B1B1B07D110F8013B11F8D6
:101E2000014B1B1B01D1921EF1D1184610BD10B5FC
:101E3000431C02E010F8011B71B18107FAD14FF089
:101E4000013202C88C1A8C4314EAC211F9D0C01AAC
:101E50000A0603D0C01E10BDC01A10BD0A0401D06E
:101E6000801E10BD0902FCD0401E10BD032A40F2A6
:101E7000308010F0030C00F0158011F8013BBCF12C
:101E8000020F624498BF11F801CB00F8013B38BF44
:101E900011F8013BA2F1040298BF00F801CB38BF52
:101EA00000F8013B11F0030300F06780083AC0F02E
:101EB000088051F8043B083A51F804CBA0E8081018
:101EC000F5E7121D5CBF51F8043B40F8043BAFF34B
:101ED0000080D20724BF11F8013B11F801CB48BFA5
:101EE00011F8012B24BF00F8013B00F801CB48BFDB
:101EF00000F8012B7047431A28BF9A427FF6B6AF0D
:101F000010441144032A40F2268010F0030F1EBF34
:101F100011F8013D521E00F8013D10F0030F7FF44F
:101F2000F6AF11F0030300F06D80083AC0F00B80AB
:101F300051F8043D083A51F804CD40F8043D40F80A
:101F400004CDFFF7F3BF121D5CBF51F8043D40F80C
:101F5000043DAFF30080D20724BF11F8013D11F812
:101F600001CD48BF11F8012C24BF00F8013D00F855
:101F700001CD48BF00F8012C704710B5203AC0F0E1
:101F80000B80B1E81850A0E81850B1E81850A0E84C
:101F90001850203ABFF4F5AF5FEA027C24BFB1E8E5
:101FA0001850A0E8185044BF18C918C0BDE8104028
:101FB0005FEA827C24BF51F8043B40F8043B08BF31
:101FC0007047D20728BF31F8023B48BF11F8012BF8
:101FD00028BF20F8023B48BF00F8012B7047431A86
:101FE00028BF9A427FF6C9AF1044114410F0030F86
:101FF0001EBF11F8013D521E00F8013D10F0030F05
:102000007FF4F6AF103AC0F00A8010B531E91850ED
:1020100020E91850103ABFF4F9AFBDE8104053075B
:1020200024BF31E9081020E9081044BF51F8043DED
:1020300040F8043D12F0030F08BF7047D20728BFD5
:1020400031F8023D48BF11F8012C28BF20F8023DAD
:1020500048BF00F8012C704702F0FF0343EA032257
:1020600042EA024200F00AB802F0FF0343EA032208
:1020700042EA024200F024B84FF000020429C0F006
:10208000128010F0030C00F01B80CCF1040CBCF1AA
:10209000020F18BF00F8012BA8BF20F8022BA1EBFC
:1020A0000C0100F00DB85FEAC17C24BF00F8012BE1
:1020B00000F8012B48BF00F8012B70474FF00002D9
:1020C00000B5134694469646203922BFA0E80C502E
:1020D000A0E80C50B1F12001BFF4F7AF090728BF09
:1020E000A0E80C5048BF0CC05DF804EB890028BF85
:1020F00040F8042B08BF704748BF20F8022B11F0AE
:10210000804F18BF00F8012B70470000000000004E
:1021100030B44FF0013C50F8042B51F8043BCCFA9A
:1021200052F4D51A20D1FCB950F8042B51F8043BD5
:10213000CCFA52F4D51A17D1B4B950F8042B51F88F
:10214000043BCCFA52F4D51A0ED16CB950F8042BDA
:1021500051F8043BCCFA52F4D51A05D1002CDAD050
:1021600030BC4FF00000704729BAB1FA81F111F08C
:102170001801D1F120008440F2D1CA40CB4012F0C6
:10218000FF0213F0FF0330BCD01A7047704770474E
:102190007047000008487CB57844009007487844B0
:1021A000009C0546019004E02046016808448047F1
:1021B000241DAC42F8D17CBD7883040076830400F2
:1021C00010B5FFF779F9083010BD704770477047B8
:1021D000704738B504460A4600206946AFF30080D0
:1021E000002808BF38BD02460099204600F07AFC5E
:1021F000012038BD012001F0ECB8F8B5AFF3008044
:10220000054600200C460C2000BF0646A819A04237
:102210000DD9324669460020AFF30080070008BFA1
:1022200001F0D7F80098A04218BF0546C419FFF77F
:10223000C7FF05600746F01D20F007004619284635
:1022400000F040FCB44208BFF8BDA21B314638681C
:10225000BDE8F84000F046BC0844401E491E8843D3
:1022600070470821001DF7E72DE9F04117460E469B
:102270000446FFF7F6FFA042054633D9002F1CBFE6
:1022800006F10800AFF3008030467468F4B12168AD
:10229000A94217D305F1080291423CBF6168416031
:1022A00007D3626861194A602268521B0A60416064
:1022B0002560002F1CBF06F10800AFF30080201D31
:1022C000BDE8F08120466468002CE0D12946304604
:1022D000FFF77FFF0028D7D1002F1CBF06F10800B1
:1022E000AFF300800020BDE8F08110B50446FFF791
:1022F00067FF01682046BDE810400122B4E70844AA
:10230000401E491E884370470821001DF7E72DE94C
:10231000F04791460C468046FFF752FF0668604240
:1023200034EA000001D1042C02D20520BDE8F08778
:10233000601E40F007074846FFF7E6FF48450546A0
:102340009CBF0620BDE8F08706F10800AFF30080CF
:1023500074683046002C2FD02368211D494207EABB
:102360000102934224D9991A8D4221D84AB12146BB
:1023700014440B689B1A23604B6863600A604160D9
:102380000846226805F108018A4205D36119521BEB
:102390000A602560416008466168416006F10800F6
:1023A000AFF30080241D0020C8F80040BDE8F0878E
:1023B00020466468002CCFD129463046FFF709FF3C
:1023C0000028C5D106F10800AFF300800620BDE863
:1023D000F08730B5B0F10A0271F100034FEA900EB8
:1023E0004EEA817EB0EB0E0061EB91014FEA101EC8
:1023F0004EEA017E10EB0E0041EB11114FEA102E58
:102400004EEA016E10EB0E0041EB11214FEA104E27
:102410004EEA014E10EB0E0041EB1141401841F124
:1024200000014FEAD00040EA41704FEAD1014FEA83
:10243000810444EA907410EB800544EB01046D19AB
:1024400044EB0404521BA3414FF0000348BF0A327F
:1024500000D530BD401C41F1000130BD0B460146A6
:10246000184601F017BD2DE9F0470D4699469246F2
:10247000044600F124080168880604D5E06921F0CB
:102480001001216000E00120A84201DD471B00E0AF
:102490000027A1697A1902EB0900081AA0612078C7
:1024A000C00602D42046FFF785F9002608E0D4E9EB
:1024B00001211AF806009047206A401C761C206211
:1024C0004E45F4DB2078C0060AD52046FFF772F9A6
:1024D00006E0D4E9012130209047206A401C2062A8
:1024E000381EA7F10107F4DC07E0D4E9012118F850
:1024F00005009047206A401C2062281EA5F10105B6
:10250000F3DC2046FFF76CF92078000602D50220A4
:10251000BDE8F0870120FBE72DE9FF4F0C461E4682
:102520004FF0FF378BB0D2E90001DDF860800A90F0
:102530008A46C1F30A5505B93D46002108464FF0C9
:102540000000BAF1000F00F4400005DA00EB800053
:102550004FF4400101EA50004FEA9059B9F1010FE0
:1025600000DDB9460A9850EA4A000ED044F61050F1
:10257000A5F2FF3545432F14B8F1000F1ED0754268
:10258000291E1EDDC9F100021CE0B8F1010F4FF059
:10259000000001D0302103E0F24305E02154401C4B
:1025A000B042FBDB30460022002121540B99C1F8D8
:1025B0000880C1E900200FB0BDE8F08FBD1B6D1C85
:1025C000DEE74A4600DA694206A800F06DFD06AB78
:1025D00093E8070003AB83E8070050460A992DF003
:1025E00079FB8DE80700A0F500501F380090039894
:1025F000002D0ADD42F21F014A460844002303A9C8
:10260000039068462DF0E2FD09E0A0F500504A462F
:102610001F38002303A9039068462DF0ECFD8DE8D8
:1026200007000004000C03D04FF0FF30410800E029
:102630001046B8F1000F03D00022009215461EE0AC
:10264000751E05D4FFF7C5FE303262556D1EF9D5F3
:10265000B3460122084302D000227F1C04E0207808
:10266000302801D100227F1E002A099784D01DE066
:10267000112D07DAFFF7ADFE303262556D1C50EABE
:102680000102F5D1084302D00098C8B10EE0002144
:10269000681E05E0235C625C63542254401E491CA2
:1026A0008142F7DBAB46A81B401E0990002004F8CE
:1026B0000B000B98099AC0F80880C0E9002B7AE754
:1026C00011264FF0000857E72DE9F04F88460446E1
:1026D000D21D22F0070191B0D1E90001CDE90A0134
:1026E0002FF01CFD02460B98C00F01D02D2007E0F3
:1026F0002068810701D52B2002E0202101EAC000DB
:10270000032A099001D0072A05DB034641462046EB
:1027100000F03AFA0BE12078800601D5E06900E08C
:102720000620B8F1650F814606D0B8F1660F18D0C3
:10273000B8F1670F70D131E00020B9F1110F0090AE
:1027400001DB112301E009F101030AAA01A90CA888
:10275000FFF7E2FEDDE90C70002609F10105834672
:1027600047E001204B4600904FF000470AAA01A91C
:102770000CA8FFF7D1FEDDE90DB00C995D460026EF
:1027800010B909F101000D18B9EB050003D4C0F12F
:10279000FF3609F10105A5EB09002BE0B9F1010FA6
:1027A00001DA4FF001090020B9F1110F00904846FD
:1027B00001DD112300E003460AAA01A90CA8FFF7D6
:1027C000ABFEDDE90C704D460026834620780007FD
:1027D0000AD4AB4500DA5D4601A8012D04DD41199C
:1027E00011F8011C302907D04F4502DA17F1040F08
:1027F00004DA012082460FE06D1EEEE7002F02DCB6
:10280000ED1B3E4403E0781CA84200DD7D1CB81B94
:1028100000F1010A4FF000472078000703D4AA45D1
:1028200001DB4FF0FF3A0021B7F1004F0DF14308F3
:102830008DF8431024D002202B23002F01DA7F4291
:102840002D230A21021EA0F1010000DC5FB197FBDD
:10285000F1FC97FBF1F201FB1C7C17460CF1300CEC
:1028600008F801CDEEE7A8F1010003702188090501
:1028700001D5452100E06521A0F1010800F8011C07
:1028800009980FA9A1EB0807FF1D00B1012041190C
:1028900001EBEA70A1693844081A401EA061207853
:1028A000C00602D42046FEF785FF099828B1D4E976
:1028B00001219047206A401C20622078C00622D562
:1028C0002046FEF777FF1EE0002E04DBB34502DD55
:1028D00001A8805D00E03020D4E901219047206A02
:1028E000401C2062761CAAF101005FEA000A0AD1AE
:1028F00000F0DEF8C0680168405CD4E9012190472F
:10290000206A401C2062281EA5F10105DCDC07E0DE
:10291000D4E9012118F8010B9047206A401C20627D
:10292000381EA7F10107F3DC2046FEF759FF03200C
:1029300011B041E601694A1C02610878704700B590
:102940008FB0CDE901310021059105497944CDE9E8
:10295000031011466846FFF741F80FB000BD0000B4
:10296000E5FFFFFF0A6802F8010B0A607047D1E932
:1029700000239A4202D2531C0B601070704710B5AE
:10298000436913B1AFF3008001E0FEF73AFF012085
:1029900010BD127800F124010A7000224A70012251
:1029A000EDE711684FF0FF32E9E73A2800D23038FE
:1029B00020F02002412A01D3A2F13700884201D33E
:1029C0004FF0FF3070470000026811441378016037
:1029D00018467047D16005497944516104497944EA
:1029E000116200211161114600F0A4B9EDFFFFFF53
:1029F00047010000426842B1016811F8013B23B170
:102A0000521EC0E90012184670470121C160881E9D
:102A1000704742685AB1C368016843B983688B4202
:102A200005D0491E521CC0E90012002070474FF02B
:102A3000FF30704710B5002000F0C4FCFDF7D7FB55
:102A4000BDE81040012000F025B800002DE9F0415C
:102A5000074615460E461020FFF747FC040013D02A
:102A60006760C4E902650948AFF3008000F025F80B
:102A70000168216006490460002008600348AFF344
:102A800000800020BDE8F0810120FBE7FC0400107D
:102A9000F804001001491820ABBEFEE72600020032
:102AA00010B500F005F8001D10BD00BF85C803007B
:102AB00010B5FEF701FD203010BD10B5FEF7FCFC8F
:102AC000383010BD002140F8041B40F8041B11F001
:102AD00090BC0C207047801A0844401E491E884351
:102AE0001044704770B5144605468C464368002B69
:102AF00018BF634538BF1846F8D3026810446045D4
:102B000008D06646604604220821FFF7E4FF811BD7
:102B10008446641A2946CCF80040BDE87040002283
:102B20000CF10400FEF7E1BC10B50446FFF7B8FF56
:102B30000068005D00F0010010BD09684A0501D57C
:102B400040B27047C905FCD500B2704709684A0514
:102B500001D5C0B27047C905FCD580B27047116875
:102B60000268006A530501D508700AE0D30501D553
:102B7000088006E0130603D5C217C1E9000200E091
:102B800008600120704700002DE9F0411F4604460F
:102B900003260168072A01F4006004DB08B116A5CA
:102BA00005E016A503E008B115A500E015A521F084
:102BB00010002060A069C01EA0610FB1401EA0617E
:102BC0002046FEF7F7FD4FB1D4E901213846904782
:102BD000206A401C2062C01C206206E0206AFAE7DE
:102BE000D4E9012115F8010B9047761EF8D2204652
:102BF000FEF7F6FDBDE8F0814E414E006E616E00BD
:102C0000494E4600696E66002DE9FF5F15468A460B
:102C10000446DFF8AC80F8440027D8E900103E46AF
:102C2000CDE9001010E03AF816106A4602A800F04C
:102C300091FE411C07D02178890603D5E269391835
:102C400091420DD80744761C2078800602D5E069B1
:102C5000B84205DDAE42E6DB3AF816000028E2D1C4
:102C6000A069C01BA0612046FEF7A4FDD8E90010B2
:102C7000CDE90010002017E03AF818106A4602A8C3
:102C800000F068FEB0F1FF3F81460BD000250DF14A
:102C9000080B05E0D4E901211BF8050090476D1CE5
:102CA0004D45F7D308F10100B0428046E4DB206ACD
:102CB000384420622046FEF793FDBDE8FF9F0000E8
:102CC000CAD7030030B4002100F1240408E002F068
:102CD0000705D208303542EA4372DB086554491CC7
:102CE00052EA0305F3D10468002310A2250708D592
:102CF00004F020040C4304D0C46901230CA2641E18
:102D0000C46130BCFFF7AFBB10B504462146106864
:102D1000FFF71CFF02462046BDE810400023D1E724
:102D2000D21D22F00701D1E90023CBE7000000000B
:102D3000300000002DE9F34F4FF0000A0C465646D4
:102D40008DB001200C9001F10C000B9062690B9882
:102D500001219047051E2DD0252D2CD0216A8847B2
:102D6000C0B162690B9801219047216A8847002809
:102D7000F7D16269411E0B98904700E0761CA1696B
:102D80000D988847216A88470028F7D1E1690D9896
:102D90008847DBE7A1690D988847A842074601D11B
:102DA000761CD3E7E1690D9888477F1C02D1BAF100
:102DB000000F6FD06BE162690B9800273D463946E2
:102DC00090472A2804D162690B9801219047012578
:102DD000DFF8D08262690B9801219047A0F13001A1
:102DE0000A290AD24745E5DC07EB870100EB4107DA
:102DF000303FDFD445F01005ECE7E90601D46FF071
:102E000000476C280AD04C2814D0682815D06A28AE
:102E10000DD074281CD07A281AD01DE062690B9856
:102E2000012190476C2802D045F0040514E045F0DC
:102E300002050DE045F020050AE062690B980121CA
:102E40009047682802D045F0080505E045F4006584
:102E500062690B9801219047C4E9015765283DD06C
:102E600019DC58287AD00CDC452837D004DC25281A
:102E700026D041289ED131E046282FD0472899D12D
:102E80002CE05B2877D0612828D063287CD0642888
:102E900023D15AE0F6E06F2848D008DC66281DD020
:102EA00067281BD0692821D06E2816D127E070280A
:102EB00045D0732868D0752847D078280DD14DE0CB
:102EC000A1690D988847252805463FF469AFE16957
:102ED0000D9888476D1C3FF46AAFD8E00D992346E2
:102EE0006A466FF00100AFF30080C5E045F0400096
:102EF00023464FF000026060A80736D43EE0E807A2
:102F00007FF447AF2068011D21600068290501D5C5
:102F100006701BE7290701D5068017E7A90703D527
:102F2000F117C0E9006111E706600FE745F04000C6
:102F300023464FF008026060A80716D41EE040F652
:102F40000E0125EA0100606016E045F040002346CE
:102F50004FF00A026060A80707D40FE045F0400078
:102F60006060A80708D5234610220D996FF0010074
:102F7000AFF3008080E007E0102223460D996FF048
:102F80000100FEF70DFE77E04FF0000963284F4681
:102F9000C8464B46CB4602D05B2806D038E0E80650
:102FA00001D40120A060012732E06269D4F80CB09E
:102FB0000B98012190475E2807D14FF0010949463F
:102FC0006269D4F80CB00B989047216939B9002197
:102FD0000A4603AB43F82120491C0829FADBD8B381
:102FE000216949B308F1010862690B9801219047F2
:102FF0005D28F4D1B9F1000F09D0002003A951F8E0
:103000002020D24341F82020401C0828F7DB03ABE6
:103010002069002820794FEA40701ED05B46224686
:10302000CDF80080CDE901970D9900286FF00100DF
:1030300020DAAFF300801FE0C11703AA00EBD161D3
:103040004B1121F01F0102EB8302411A136801208A
:10305000884003431360C7E719E00D992246002812
:103060006FF00100009702DAAFF3008004E0FEF792
:103070003DFE01E0AFF3008000280ADA401C06D1D3
:103080000C9820B14FF0FF300FB0BDE8F08F5046E4
:10309000FAE7E90701D10AF1010A064400200C9081
:1030A00054E60000CCCCCC0C2DE9F0478146164606
:1030B0008AB0354878440DC88DE80D003248784410
:1030C000801C03AC0DC884E80D0041F69B30084419
:1030D000372190FBF1F290FBF1F5A5F1800501FBA2
:1030E00012041B3C02D56442012000E00020DFF8FE
:1030F00098A080460027FA44AAF1BE0A0EE0E00735
:103100000AD03246684607EB470101230AEB8101EA
:103110002DF071F88DE8070064107F1C002CEED1B3
:10312000194F7F44AE3F19E0E80715D007EB0410B4
:103130000DF1180A90E80E008AE80E00C068F0420F
:1031400001D1981908903246012306A903A82DF051
:1031500052F803AB83E807006D10641C002DE3D127
:103160004FF0010332466946B8F1000F03A802D0C0
:103170002DF02CF801E02DF03EF8C9E90001C9F866
:1031800008200AB0BDE8F087B0D3030010B5654849
:103190005421FEF793FF64485421FEF78FFF6348E4
:1031A0005421FEF78BFF62485E49624A624B016020
:1031B0005D4810605D4A1A60431C0B65511C016537
:1031C0000120106557484C3011F013F956484C3027
:1031D00011F00FF955484C3011F00BF9574811F028
:1031E00008F958484F4A56A1784400F067FB20B9C7
:1031F000544878440A3800F0F7FB54484A4A52A130
:10320000784400F05BFB20B9504878440A3800F05D
:10321000EBFB4F48454A4CA1784400F04FFB20B9E6
:103220004B4878440A3800F0DFFB40233D48DC007F
:103230000021224600F0B4FA20B1424878445438C4
:1032400000F0D2FB384822464023002100F0A8FAC3
:1032500020B13E487844543800F0C6FB334822463B
:103260001023002100F09CFA002806D0384878444A
:10327000BDE81040563800F0B7BB10BD2B482DE913
:10328000F041006D2D4E20F001043046AFF3008078
:10329000244D4C352846AFF30080224800F05AFAFE
:1032A0002846AFF300802846AFF300801E4D4C3512
:1032B0002846AFF300801C4800F04CFA2846AFF3D4
:1032C00000802846AFF30080184D4C352846AFF3F8
:1032D0000080164800F03EFA2846AFF300802846EA
:1032E000AFF3008014E0206D20F0010504F14C00E4
:1032F0000746AFF30080204600F02CFA3846AFF3C3
:1033000000803846AFF300802046FEF71FF92C46B8
:10331000002CE8D13046AFF300800848AFF30080BE
:10332000BDE8F08150400010A4400010F8400010AB
:10333000EC040010F0040010F4040010000500106C
:103340007200000094D203007700000080D20300D6
:103350006CD203002DE9F84306461548AFF3008010
:10336000FFF7ABFB134F8146E8464D4616E026B10A
:10337000E068B04201D0254610E0206828600C4883
:10338000C7F80080AFF30080D4E9010188470848FE
:10339000AFF300803968414500D04D462C68002CC1
:1033A000E5D1002038600248AFF30080BDE8F88323
:1033B000FC040010F8040010014811F01AB80000D5
:1033C000FC04001010B500F0F7FABDE8104000F062
:1033D000EEBA10B500F010FBBDE8104000F0E7BAFF
:1033E00070477546FEF768F8AE46050069465346D5
:1033F00020F00700854618B020B5FDF7D7F8BDE8E6
:1034000020404FF000064FF000074FF000084FF04B
:10341000000BAC46ACE8C009ACE8C009ACE8C00998
:10342000ACE8C00921F007018D4670472DE9F04F47
:1034300004460D46D21D22F0070089B0D0E900975E
:10344000484639462EF06AFE0246F80F01D02D2379
:1034500007E02068810701D52B2302E0202101EA43
:10346000C0038DF820300BB1012000E00020032ABA
:10347000824601D0072A04DB29462046FFF784FB59
:103480003FE12078800601D40D2500E0E569C7F30F
:103490000A560D2D49DA00214FEA175B08464FF016
:1034A0000000002F00F4400007DA00EB80004FF42A
:1034B000400100EBD07001EA60008115012901DDB7
:1034C0004FF0FF3100224FEA850CBCF1180F06D3F4
:1034D0001346ACF118004FF08052C24003E04FF4A5
:1034E000801323FA0CF30CF10C0CBCF1200F04D365
:1034F000ACF1200C09FA0CF001E007FA0CF00029FD
:103500004FF0004801DD18B90FE00ED140450CD353
:1035100019EB02095F4121B9404502D19F4329EAD5
:103520000209BBEB175F00D0761C2088000502D58E
:103530007B48784402E07A487844193808AA302356
:1035400002F80A30037C0AF10101002E0AF1020A96
:1035500053546A4602DC4FF0300101E04FF0310174
:103560004FF001088DF8001002D0A6F2FF3603E0FC
:1035700059EA470100D06B4E002D02DC2178090783
:1035800004D54FF002082E218DF80110C446002109
:103590000BE0C7F303433F01C35C491C6D1E02F8F7
:1035A0000830052908F1010801DA002DF1DC0021BD
:1035B0000CE000EB1973491C1B786D1E082902F8FA
:1035C00008304FEA091908F1010801DA002DF0DC92
:1035D00021688B0602D516E0A8F10108E04505DD5B
:1035E00002EB080313F8013C302BF5D0B8F1000FC3
:1035F00009DD02EB080313F8013C2E2B03D1090768
:1036000001D4A8F10108002D05DD3E2102F80810C3
:103610006D1E08F10108407C002E02F8080008F138
:10362000010804DA2D20764202F8080002E02B207F
:1036300002F808000A214FF47A70864208F1010866
:103640000BDB96FBF0F3303302F8083096FBF0F317
:1036500008F1010800FB136601E0642E0CDB642016
:1036600096FBF0F3303302F8083096FBF0F308F1E4
:10367000010800FB136601E00A2E06DB96FBF1F061
:10368000303002F8080008F1010896FBF1F001FB68
:103690001060303002F80800A16908F1010808EB59
:1036A000050202EB0A00081AA0612078C00602D4C5
:1036B0002046FEF77FF8216A08AE01EB0A0020627F
:1036C00004E0D4E9012116F8010B9047BAF1010A90
:1036D000F7D22078C00602D52046FEF76BF86E467A
:1036E00009E016F8010B3E280FD0D4E901219047DC
:1036F000206A401C2062B8F10108F2D22046FEF791
:103700006FF809B00320BDE8F08F206A28442062DA
:1037100003E0D4E90121302090476D1EEBD3F8E798
:1037200069CF030002FCFFFF10B5436913B1AFF38B
:10373000008001E0FFF768FA012010BD128800F157
:10374000240182840022C2840122EDE711684FF037
:10375000FF32E9E72DE9F04704464FF0FF38002635
:10376000C568D4E90497A80718D0204600F01AFBD2
:10377000384610F040FE002800DA4646280502D5FB
:103780004846FDF7E3FE4C212046FEF797FC206DEE
:1037900020F0010020653046BDE8F0874046FBE799
:1037A0002DE9F04704461E4690460D46C7684C304A
:1037B0008146AFF30080B80714D0780212D4404697
:1037C000B8F5807F09D0B0F5007F06D0B8F5806FDE
:1037D00008D1012604F1240506E0701E6FF07F4138
:1037E000884201D3012409E02561E6616560E06853
:1037F00020F4706040EA0800E06000244846AFF31F
:1038000000802046BDE8F0872DE9F047164688463F
:10381000070010D006F14C008146AFF3008030461F
:10382000FFF798FF18F8010B61280DD0722805D01A
:10383000772841D105E00020BDE8F087012500246C
:1038400005E00225042402E0082448F2020518F8E5
:10385000010B2B2806D0622809D018F8010C742817
:103860000AD00BE045F0030544F00204EFE745F011
:10387000040544F00104EAE744F010043846214608
:1038800010F0C0FD411C17D00021316171604FF470
:103890000071F560F1617061200704D530460222A5
:1038A000002100F0C3F9306D40F00100306548465A
:1038B000AFF300803046BFE70026F8E72DE9F0417E
:1038C00015460E460746214C2046AFF300802A4697
:1038D00031463846FFF798FF05462046AFF3008093
:1038E0002846BDE8F0812DE9F0410E468046174D8F
:1038F0002846AFF30080164C206DC10704D0410864
:1039000004D020F00104F7E7224612E05420FEF72D
:10391000ECFC070017D0206D47F00101084354214B
:1039200020653846FEF7CAFB07F14C0010F061FD38
:103930003A4631464046FFF767FF04462846AFF354
:1039400000802046CDE70024F8E7000000050010C5
:10395000504000102DE9F04116460C460546FFF791
:103960009FF8036893F80101012807D0FF2C12D8B3
:10397000185D80B101202C70BDE8F081D3F80701FB
:103980003246214603F20713C7182846BC46BDE855
:10399000F041002360474FF0FF30EDE710B50446DB
:1039A000AFF300802046BDE81040FCF712BD0028B0
:1039B00001D0FFF76FB8704710B5002102A000F0EA
:1039C00035FA012010BD0000534947414252543A94
:1039D0002041626E6F726D616C207465726D696EEC
:1039E0006174696F6E00000010B500F039FABDE82F
:1039F0001040FFF7DCBF000010B5012805D0002102
:103A000003A000F013FA012010BD09A1F8E700009F
:103A100053494752544D454D3A204F7574206F66B7
:103A20002068656170206D656D6F7279000000001F
:103A30003A2048656170206D656D6F727920636F03
:103A400072727570746564002DE9F05F0546174663
:103A50000C46C86820F4201040F48000C86080063E
:103A600002D5084600F0C1F9E06841F282014FF04A
:103A7000FF3A0140022903D0204600F053F9B9E093
:103A800000F42041B1F5004F0FD1C00306D56168A5
:103A9000E06A884200D80846606006E02069E0627B
:103AA0006060606910F0A9FCA061A0680022EEB21D
:103AB00000280DDAE1688B050AD4C043A06041F408
:103AC00090302260E0606068411C61600670AAE08E
:103AD000E0689146226040F40050E060206978BBC5
:103AE000606910F08DFC04F124054FF00108A8B1C5
:103AF000A08910F4407F08D0E069FEF7F6FB206152
:103B000018B1E06840F4006017E0C4F81C8025613B
:103B1000E06820F4407040F480600EE0E069FEF759
:103B2000E4FB00282061F0D0E06840F4006010F46D
:103B3000407FE06002D140F48070E0602069606006
:103B4000E06825696FF0010BC1051ED56168E06A68
:103B5000884200D80846411B04D02246284600F07F
:103B6000EBF8E8BB1FB1E562C4E9015959E0681CF4
:103B7000E0626060E069401EA060E06840F4803070
:103B8000E06030462E70BDE8F09F17B100F480323F
:103B90000AE06068411C61600670E0680A2E40F42B
:103BA0008030E06006D00022E16A6068814203D97B
:103BB0000B4602E00122F7E70346B4F80CC05B1B9A
:103BC0005FEA4C5C04D4D4F81CC09C4500DD02B311
:103BD000814200D80146002BA1EB0008E56200E01D
:103BE00008E0C4E9015907DD22461946284600F0DD
:103BF000A3F808B15046C6E7B8F1000F09D0A16993
:103C0000E5626560A1EB0800A061E06840F010008B
:103C1000E06047B16168A069E562491B08446560DE
:103C2000A0615846AFE73046ADE700002DE9F0410E
:103C3000044616460D464769007B80072ED038465D
:103C400010F0DEFB50BB3EB3012E02D0022E25D178
:103C500004E0204600F03EF905441DE0384610F02F
:103C6000CCFBE168002841F01001E16005DA204654
:103C700000F058F80120BDE8F081C9030BD5626857
:103C8000E16A914200D81146A26911442269891A59
:103C9000814200DD08460544002D01DA0220EAE7F2
:103CA000E16A6068E268814206D29103E06203D56E
:103CB00022F4003141F01002A6690027AE4213DC65
:103CC000E16A814201D90B4600E0034603EB060C92
:103CD0002369ACEB030CAC4506DD814201D98C466F
:103CE00000E084469C4505D1A760276042F0200093
:103CF000A5620DE0AD1BE669AE1B8142A66000D94E
:103D00000846C01A281A20605819606022F0200066
:103D100003490840E060002084F84870ABE70000E9
:103D2000BFCFD7FFC16821F4001141F08001C1600D
:103D300000218160016070472DE9F74F15460C4660
:103D40004FF0FF3B3848D768D2F814A0074209D09B
:103D50005046A96910F058FB002819DB3248C043CF
:103D60000740EF604FF000496FF000484C4501D329
:103D7000464600E0264600993B465046324610F043
:103D800046FBA96920F00042B21A1144A96128B18A
:103D90002846FFF7C7FF5846BDE8FE8FA41BE5D1B4
:103DA0000020F9E770B504460569C06A6168884279
:103DB00000D80846E16821F42011E160C90312D55A
:103DC000A84208D02246411B2846FFF7B5FF10B194
:103DD0004FF0FF3070BD0020E562C4E90150E0689B
:103DE00020F48030E060002070BD10B50446C0684B
:103DF00020F02000E060A16AA06988420DD0204632
:103E0000FFF7D0FFE06820F4405040F01000E06081
:103E1000A06AA0612069E062606044F24001E0684D
:103E20008843E06010BD00001000020070B5054638
:103E30000C460A2000E06D1C10F0EBFA35B1287832
:103E40000028F8D102E0641C10F0E3FA14B12078E5
:103E50000028F8D1BDE870400A2010F0DABA00005E
:103E600010B5014602A0FFF7E1FF012010BD0000E0
:103E700053494752545245443A2052656469726529
:103E800063743A2063616E2774206F70656E3A2008
:103E9000000000002DE9F04114460D46074601F1EF
:103EA0004C063046AFF30080094B7B44224629463E
:103EB0003846FEF744FD0446287B000601D54FF046
:103EC000FF343046AFF300802046BDE8F0810000AB
:103ED0007BE9020010B50146C268900703D0900646
:103EE00007D5886A0AE0FCF789F901210160881E7C
:103EF00010BD8B69486818440B69C01A91F84830A6
:103F00001BB191F84910401A10BD1103FCD50028CF
:103F1000FADD401E10BD04207146084202D0EFF3C6
:103F2000098001E0EFF30880816901F007B90A20F8
:103F300026F045BB04207146084202D0EFF3098009
:103F400001E0EFF30880816901F0FCB810B545F29B
:103F5000B852C1F2000213688C4693F84E10D3E9B0
:103F6000092E0029014609D0187B98244843135C88
:103F700013FB04E393F85F3013B110BD187B484383
:103F8000105C982210FB02E06246BDE8104002F08F
:103F900075BC00002DE9F04F9FB0044645F2B850C3
:103FA0002178C1F20000D0F800B0481E0E288BF82E
:103FB0004D102DD80C94DFE800F01F2B30082B2B70
:103FC0002B2B2B2B082B2B39120004F10C0012F099
:103FD0006AFE0E90A07B00210D9124212FE004F1B8
:103FE0000C0012F060FE0E9012F05EFE24220B9286
:103FF000012201210D9224E004F10C0012F053FE85
:1040000000210E90A07B0D9124210B91012118E03D
:10401000FF208BF84D0000F00DBC201D12F043FE78
:104020000E90A07900210D911C2108E004F11C00E4
:1040300012F039FE0E90A07F00210D9134210B91DA
:1040400002219BF84D208BF80100FF2A8BF800001D
:104050008BF802008BF84C1000F0EC83002800F085
:10406000058100254FF0010A4FF4D27700244FF06C
:1040700000094FF0000800BF5FFA88F60E9831463D
:1040800012F00FFE817801F0E001202902D1012118
:1040900006E000BF017901F0E001202918D10321D9
:1040A000415C01390C2913D8DFE801F007121E4CDE
:1040B00012125527353E077A7100DBF834104C2375
:1040C00008FB031208FB03F301F803A073E000BF31
:1040D000DBF834104C2308FB031208FB03F382F8CF
:1040E0003DA001F803A068E0DBF834104C2308FB86
:1040F000031208FB03F303275AE0DBF83410002215
:10410000214400BF8B1801F802A04C32E42A83F846
:104110003D50F7D151E0DBF834104C2308FB03127B
:1041200008FB03F3092743E0DBF83410002249447D
:104130008B1801F802A04C32B2F5987F83F83D50FD
:10414000F6D13AE0DBF834104C2308FB031208FBED
:1041500003F304272CE0DBF8341098224FEA480CD4
:1041600008FB021308FB02F70CF101024FF04C0CA4
:1041700083F83D5002FB0C1302FB0CF201F807A080
:104180004FF4D27701F802A083F83D5015E0DBF838
:1041900034104C2308FB031208FB03F30D2707E040
:1041A000DBF834104C2308FB031208FB03F30C2745
:1041B000CF544FF4D27782F83D509BF84C20DBF877
:1041C0002C10931E08FB0711B3FA83F3012A4FEA60
:1041D000531318BF5A00012A4A7013D0022A40F024
:1041E00029830A7802F0F80202320A70DBF82C10F8
:1041F00008FB07F28B5C007803F00F0343EA001022
:104200001BE000BF0D9B027823B10A7016E000BFCF
:10421000000000000B7802F0010203F0F8031A44DA
:104220000A70DBF82C1008FB07F200788B5C00F0BA
:104230001E0003F00F0343EAC000885412F0B4FFDD
:10424000314612F0CFFFDBF830104FF4157208FB47
:10425000021108F10108C1F8E8019BF8010009F515
:104260009879804504F1E404FFF406AFDDE90B1012
:1042700000EB010945F2B850C1F20000D0F800800F
:104280000020002119F80020CBB29A4288BF1346C3
:10429000FF2A00F1010018BF19460428F2D1D8F80E
:1042A0004840481C09F1D405002688F8020000BFE8
:1042B000002700BFE85912F06FFB54F8260038447D
:1042C0000437182F80ED000AF4D10136042E05F1D1
:1042D0001805EDD1D8F83C0009F1040108F088FE7A
:1042E000D8F8380009F14405294608F081FED8F8CD
:1042F0004000294608F07CFECDF83480D8E910183B
:104300000DF13C0A00225346002700BF51F8270058
:1043100058F82760002500BF445972515C5104359C
:10432000102DF9D10137042F03F11003EED1002035
:104330004FF07E5158F80020115004301028F9D168
:104340001FED4D1A0AF1100C0026BFEE000A51466F
:10435000D64600BF4FF0FF327346B0EE412A3746D3
:1043600093ED003A103323EE033AB4EE423AF1EE05
:1043700010FAC4BFB0EE432A3A460137042FEFD1FA
:10438000501C00F0B68058F82640B2420FD058F8C2
:1043900022000AEB02120023D558CF58CD50D75037
:1043A000C558E758E550C7500433102BF4D10AEB39
:1043B000061000EB860090ED002A624680EE022A8D
:1043C000334600BF01330AEB031000EB860090ED8B
:1043D000003A58F8237022EE033A0025481990ED70
:1043E000004A501990ED005A23EE044A34EE054A73
:1043F00080ED004A601990ED004A781990ED005A5E
:1044000023EE044A043534EE054A102D80ED004AAF
:10441000E4D1032B02F11002D4D101360EF1140EB7
:104420001031032E0CF1100C94D10AF1200C0AF17A
:1044300030024FF0030E00BF0AEB0E1000EB8E00AF
:1044400090ED001A58F82E6080EE011A614673460E
:104450001F46013B0AEB031000EB8E0090ED002A93
:1044600058F8235021EE022A002000BF141894EDC2
:10447000003A0C1894ED004A22EE033A33EE043A67
:1044800084ED003A341894ED003A2C1894ED004A6B
:1044900022EE033A043033EE043A102884ED003A59
:1044A000E4D1012FA1F11001D2DCBEF1010EACF17B
:1044B000100CA2F11002BFD80021B7EE000A00BF15
:1044C0000AEB011000EB810090ED001A58F8210072
:1044D00080EE011A002200BF831893ED002A0432F7
:1044E00021EE022A102A83ED002AF5D10131042998
:1044F000E6D145F2B858C1F20008D8F80050DDE91D
:104500000DA7002019F80010FF2903D02A6A1154C2
:10451000EA69115401300428F4D16878E8B1002424
:10452000002600BFE1B2384612F0BBFB407822F013
:10453000FFFC012898BF012019F80420F1B250FABD
:1045400086F000BF6B6A01365A54F1B28842F9D83E
:10455000697801348C420646E4D3384600210024B1
:1045600012F09FFB407822F0E3FC012898BF012065
:104570006978AA782873484328704AB1002000BFA0
:10458000A9680C54A97801308842F9D328780C46E0
:10459000000610D0002000BF696AAA68095CAB69F8
:1045A000575C53F821307E1C5654D8552978013079
:1045B0008842F1D3AC784FF0000044B1002100BF35
:1045C0006A685054AA7801319142F9D3104669784B
:1045D00081B10020296A6A68095C6B69575C53F8ED
:1045E00021307E1C5654D855697801308842F1D369
:1045F000A87800E0002140B1002000216A685054F2
:10460000AA7801319142F9D3697879B1002000BFCD
:10461000E9696A68095C2B69575C53F821307E1C94
:104620005654D855697801308842F1D39AF802007F
:10463000E0B309F18C040025002600BF14F8040C37
:10464000DAF8281000F00F024819826314F8041CED
:104650000909C16314F8071C01F00F01416314F844
:10466000071C0909016414F8061C01F00F014164DC
:1046700014F8061C0909816414F8051C01F00F01E7
:10468000C16414F8051C0909016514F8081CC1F37C
:10469000400180F85E10214604F0FAFF9AF802000B
:1046A00001369835864204F11404C7D3D8F8009037
:1046B00099F80280B8F1000F57D0D9F828E000230C
:1046C0004FF0980C4FF41575012400BF03FB0CE16B
:1046D00091F8621001292FD0032917D0022941D166
:1046E000D9F80470F95C00293CD0D9F81000D9F849
:1046F000306050F823200021505C013110FB056030
:1047000080F8C641F85C8142F6D32BE0D9F80470FA
:10471000F85C38B3D9F81000D9F8306050F823208D
:10472000002100BF505C013110FB056080F8C641DC
:10473000F85C8142F6D315E0D9F80470F95C89B1D0
:10474000D9F81010D9F8306051F82320002100BFAB
:10475000505C013110FB056080F8C641F85C814275
:10476000F6D300BF01334345B0D1DBF848700120D8
:104770000021B7EE000A00BF57F82120002602EB07
:10478000810300BFB14205D193ED001AB4EE401A87
:1047900004E000BF92ED001AB5EE401AF1EE10FAF7
:1047A00006F1010618BF0020082E02F10402E9D12B
:1047B00001310429E0D1002818BF00279BF802002E
:1047C0000B97B8B3DDF82C9000250026DBE90A0131
:1047D000DBE904380D91DBF8381000EB050EDBF84F
:1047E00018000C91DBF83C1058F8268050F8260091
:1047F000DBE90C7A0E91DBE9104CDBE9011253F88E
:104800002630CDE900800D980297CDE9030A0C9877
:104810000E9F31443244CDE905047046CDE908C904
:10482000079701F00FFC9BF802000136864205F164
:104830009805CBD31FB0BDE8F08F00002DE9F04FF5
:1048400083B045F2B856C1F2000637680446386BAB
:104850004FF4157804FB08000D4604F023FF306880
:104860004FF4D276C06A05F1500104FB060004F053
:10487000BCFDF86A95F8C61004FB060003F074FC52
:10488000F86A05F1A40C04FB060095ED270AD5EDA6
:10489000280A9CE80E10D5F8B460CDE900C604F0F3
:1048A000E9F8386B5FFA84F904FB080049462A46A8
:1048B00000F0D4FF387B90B34FF04C0A002604FB85
:1048C0000AFB4FF0000800BF97F84D10042908D1EB
:1048D000796B604300FB0A10304405F0B4FFB8B9AF
:1048E000387B796BD5F898200BFB001095ED320AD8
:1048F0003044494601F0A6FC45F2B850C1F2000030
:10490000006895ED330A406B04FB0A0005F092FF46
:10491000387B08F10108804506F14C06D4D303B07A
:10492000BDE8F08F45F2B852C1F2000212684FF4B0
:104930001573126B00FB032003F0FABB45F2B8536A
:10494000C1F200031B6800EE101AD3F830C04FF418
:10495000157300FB03C001EE102AB8EEC00AF8EE92
:10496000C10A01F015BC45F2B852C1F2000212684A
:104970004FF41573126B00FB032004F093BE0A463C
:1049800045F2B851C1F2000109684FF4D273C96A07
:1049900000FB0313C1B2184601F022B845F2B85229
:1049A000C1F2000212684FF4D273D26A00FB0320F6
:1049B00003F060BF10B582B045F2B852C1F20002F8
:1049C00012684FF4D273D26A91EC020A00FB032002
:1049D000D1E902C2D1E9043E8C696146CDE900E427
:1049E00004F048F802B010BD45F2B851C1F2000120
:1049F00009684FF4D272C96A00FB021004F082BE4B
:104A000045F2B852C1F2000212684FF4D273D26A72
:104A100000FB032004F044B900F07EB870B545F205
:104A2000B854C1F200042268907858B100250026DD
:104A3000906A284400F0E2FD2268013690789835AB
:104A40008642F5D3D06A517892F84C20BDE8704088
:104A500001F0BAB945F2B852C1F200021368024639
:104A6000186B4FF4157302FB03000B4611461A46F0
:104A700001F002BB45F2B850C1F20000006890F8A6
:104A80004E00704745F2B852C1F2000212684FF46E
:104A9000D273D26A00FB032001F013BBF0B581B0E2
:104AA00045F2B857C1F2000716463A680446106B43
:104AB0004FF4157204FB02000D4603F0FDFA40B1FD
:104AC00038684FF4D271C06A04FB0100294603F034
:104AD0004EFB46B138684FF4D271C06A04FB010046
:104AE000D0F89C00286101B0F0BD000070B545F21F
:104AF000B854C1F200042068817861B10025002615
:104B0000806A0D21284405F0A5FE206801368178D1
:104B100098358E42F4D370BDF0B581B02DED048B85
:104B200045F2B850C1F200000468002C00F07F800C
:104B300060789FED419A01250026B7EE008A4FF478
:104B40001577A070257300BF606800228555E06965
:104B50008655606A8655206950F826000670206CDC
:104B6000A16B50F8260051F8261000BF9642B0EE17
:104B7000490A02F1010208BFB0EE480AA0EC010A9E
:104B8000A1EC010A042AF1D1A06C002150F8260002
:104B90008E42B0EE490A01F1010108BFB0EE480AA9
:104BA000A0EC010A0829F3D1206B06FB070000F0F6
:104BB00037FBA0688555A06950F8260006700136BD
:104BC000042EC1D100254FF4D27600BF206A002206
:104BD0004555606950F825000570606CE16B50F830
:104BE000250051F8251000BF9542B0EE490A02F1A8
:104BF000010208BFB0EE480AA0EC010AA1EC010ACC
:104C0000042AF1D1E06A05FB060000F09FFB0135A4
:104C1000042DDBD1002500BF606B284401F0EFF9C3
:104C20004C35B5F5187FF7D1FF2084F84D00BDEC69
:104C3000048B01B0F0BD00BF00000000F0B581B0F2
:104C400045F2B855C1F200052A68137B8BB10C46BA
:104C5000516B58434C2200FB02100026214600F104
:104C60004C0701F0BEFD28680136007B86423846BD
:104C7000F4D301B0F0BD45F2B852C1F2000212689F
:104C80004FF4D273D26A00FB032004F035BD45F225
:104C9000B852C1F2000212684FF4D273D26A00FB1C
:104CA000032005F053BF45F2B852C1F2000212686A
:104CB0004FF4D273D26A00FB032006F080B945F2AC
:104CC000B852C1F2000212684FF4D273D26A00FBEC
:104CD000032003F0F9BF45F2B852C1F20002126896
:104CE0004FF4D273D26A00FB032004F07EBB45F27E
:104CF000B851C1F2000109684FF4D272C96A00FBD1
:104D0000021003F0C1BE0000F0B581B045F2B85703
:104D1000C1F200073C680E4605465CB916F0C6F8BD
:104D200004215022012316F0CBF8044600283860F5
:104D300000F0DF80042026706570A57000F058FD3B
:104D4000A06216F0B3F804210122042316F0B8F88B
:104D5000606016F0ABF804210122042316F0B0F8CD
:104D6000A06016F0A3F804210422042316F0A8F88A
:104D7000206116F09BF804210422042316F0A0F809
:104D8000606116F093F804210422042316F098F8C9
:104D9000A06116F08BF804210122042316F090F88C
:104DA000E06116F083F804210122042316F088F84C
:104DB000206216F07BF804210122082316F080F807
:104DC0006062042008F0DEF82063042008F0F2F8A6
:104DD000E062082001F08CF8606316F067F80421A7
:104DE0000422042316F06CF8A06316F05FF8042187
:104DF0000422042316F064F8206416F057F8042106
:104E00000422042316F05CF8E06316F04FF8042146
:104E10000422042316F054F8606416F047F80421C5
:104E20000422042316F04CF80025A06416F03EF886
:104E300004210122042316F043F8216941F82500DA
:104E400016F034F804210422042316F039F8A16B7B
:104E500041F8250016F02AF804210422042316F054
:104E60002FF8216C41F8250016F020F804210422C7
:104E7000082316F025F8A16C41F825000135042D12
:104E8000D4D1002516F012F804210122042316F0D3
:104E900017F8616941F8250016F008F8042104228A
:104EA000042316F00DF8E16B41F8250015F0FEFF24
:104EB00004210422042316F003F8616C41F8250054
:104EC0000135042DDED1002515F0F0FF042101226B
:104ED000082315F0F5FFA16941F825000135042DDF
:104EE000F2D1002084F84E00FFF716FE204601B0F4
:104EF000F0BD0024FAE745F2B852C1F20002126890
:104F0000D369926A185C982310FB032005F0A2BCB9
:104F100045F2B852C1F200021268D369926A185C75
:104F2000982310FB032006F075B845F2B851C1F282
:104F3000000109684FF41572096B00FB021001F0C3
:104F40006BBA45F2B851C1F2000109684FF415720D
:104F5000096B00FB021001F074BA45F2B851C1F2BE
:104F6000000109684FF41572096B00FB021001F093
:104F700096BA45F2B851C1F2000109684FF41572B2
:104F8000096B00FB021001F0B9BA45F2B851C1F249
:104F9000000109684FF41572096B00FB021001F063
:104FA000C2BA45F2B851C1F2000109684FF4157256
:104FB000096B00FB021001F0CBBA45F2B851C1F207
:104FC000000109684FF41572096B00FB021001F033
:104FD000EEBA45F2B851C1F20001096881F84E00FD
:104FE000704745F2B851C1F2000109684FF41572DB
:104FF000096B00FB021000F09FB9000070B545F28C
:10500000B854C1F2000421680A7B7AB1496B50435D
:105010004C2200FB0210002500F14C0601F012FCAE
:1050200020680135007B85423046F5D370BD000015
:105030002DE9F04381B045F2B857C1F200073A6854
:105040008046107B526B00FB08F34C2603FB0629BD
:1050500068B10D4600244E4635F82410304601F064
:1050600015F938680134007B4C368442F4D309F1D9
:10507000980002F0A2FD00EE100A38684FF4157196
:10508000006BB8EEC00A18FB010001B0BDE8F043A8
:1050900004F0A4B945F2B851C1F2000109684FF417
:1050A0001572096B00FB021006F058B845F2B851B2
:1050B000C1F2000109684FF41572096B10FB021070
:1050C00004F08CB945F2B852C1F2000212684FF4F4
:1050D000D273D26A00FB032004F018BB45F2B85229
:1050E000C1F2000212684FF4D273D26A00FB0320AF
:1050F00006F089B845F2B852C1F2000212684FF4C6
:10510000D273D26A00FB032003F002BC45F2B8520E
:10511000C1F2000212684FF4D273D26A10FB03206E
:1051200003F0D8BD45F2B852C1F2000212684FF444
:10513000D273D26A00FB032005F05CBF0146082051
:1051400025F055BA0146062025F051BA0146072040
:1051500025F04DBA0146092025F049BA04207146D0
:10516000084202D0EFF3098001E0EFF30880816983
:10517000FFF7ECBF052025F022BA0B2025F01FBA5F
:1051800004207146084202D0EFF3098001E0EFF3FA
:1051900008808169FFF7DEBF70B544F26014C1F288
:1051A000000420464FF4A871FCF788FF40F2FF107E
:1051B000C0F2023020644FF6FF700125A4F86100B0
:1051C00004F17000902184F85450FCF777FF00261A
:1051D00004F5967084F8286184F8296184F82A61BE
:1051E0000DF0E9FE4FF47A70C4F838014FF4C8703E
:1051F0004FF42F716423C4E9500140F2453040F26E
:10520000000284F83061A4F83251C0F60300C0F601
:1052100002022146C4F84831BDE87040FCF7D6BD13
:105220002DE9F0474FF0000A0446C0F864A08C3026
:10523000122104F1A00504F58278FCF73FFF28460F
:105240006021FCF73BFF404600F046FE04F58879FC
:10525000484600F041FE04F58E76304600F03CFEF4
:1052600004F59477384600F037FE04F59A75284621
:1052700000F032FE4046642105F0F0FD484664210E
:1052800005F0ECFD3046642105F0E8FD3846642168
:1052900005F0E4FD2846642105F0E0FD404600F0FD
:1052A000A6FE304600F0A3FE484600F0A0FE3846B9
:1052B00000F09DFE284600F09AFE04F5A070002143
:1052C0000022002300F015FF201D07F055FE0B20E3
:1052D00004F5DC75A4F8A8012846A4F8C4A184F854
:1052E000AAA100F0F9FD04F5D676304600F0F4FDF1
:1052F000284641F2883105F0B1FD304641F288314F
:1053000005F0ACFD284600F072FE304600F06FFE5E
:1053100004F16C00202104F5F27584F8C6A184F82C
:1053200068A0FCF7CBFE28462821FCF7C7FEFF202B
:1053300084F80802BDE8F08790ED320A00F5A0700D
:10534000BDEEC00A10EE101A00F0F2BEB0B54FF478
:10535000D2710446FCF7B2FE4FF07E50606040F21E
:105360000110A4F800014BF2B000A4F81C010025C4
:1053700004F5907084F80451C4E94255C4E94455D9
:1053800000F0AAFD04F5A27000F0A6FD04F59670E9
:105390001421FCF793FE04F5B8702A21FCF76CFE8B
:1053A0000020C4F2C8204DF20A7147F2A40204F5AD
:1053B000AC73C3F62341C3F67D7227C384F86851EA
:1053C000C4F86C51B0BD0000B0B52DED0A8B0D4690
:1053D00091F82410012202FA01F100EE101AB8EE41
:1053E000C00AB7EE008A88EE009A95ED000A95EDA6
:1053F000033AA96995ED011A95ED022A0446016068
:10540000142120EE09AA29EE030A80ED01AA80EDFD
:10541000040A143029EE02BA29EE01CAFCF74EFE46
:1054200095ED070A95ED081A29EE000A84ED0D0A9C
:1054300029EE010A84ED0E0A9FED200AB2EE041A4D
:105440002BEE000A2AEE011A31EE001A80EE011A44
:1054500028699FED192A6969A06200202CEE022AB2
:10546000B5EE400A9FED163AC4E9141084ED032A04
:10547000F1EE10FA4FF00001B5EE40AA38EE412AE5
:10548000A06584F85C0084ED020A18BF0121F1EEEA
:1054900010FA18BF012020EE020AB0EE432A08409D
:1054A0001CBFB0EE412AB0EE403A84ED0B2A84EDE9
:1054B0000C3ABDEC0A8BB0BD6F12033A00007A447F
:1054C0000000000090ED081A90ED033A90ED094AB3
:1054D00030EE015A23EE055A90ED0A3A90ED012A7A
:1054E00035EE044AB4EE434A20EE022AF1EE10FAF9
:1054F00080ED094A06DCB1EE433AB4EE434AF1EEE0
:1055000010FA03DAB0EE434A80ED093A32EE042A8B
:1055100090ED074A90ED0B5A90ED0C6A30EE411A6F
:1055200025EE044A26EE011A90ED003A31EE041AF7
:1055300032EE014A90ED142A80ED071A34EE031A78
:10554000B4EE421AF1EE10FA80ED080A02DDB0EE78
:10555000421A08E0B1EE420AB4EE401AF1EE10FA37
:10556000B8BFB0EE401A90F85C10B0EE410A0139B5
:1055700003292ED8DFE801F0021D0B1490ED160A66
:1055800090ED152A9FED193A9FED194A19E090ED1B
:10559000160A90ED152A9FED113A9FED114A10E081
:1055A00090ED160A90ED152A9FED123A9FED124AE2
:1055B00007E090ED160A90ED152A9FED0A3A9FED4F
:1055C0000A4A31EE000A20EE030A22EE042A32EEE5
:1055D000000A80ED150A80ED161A70471F4C243B17
:1055E00068B77E3F75B2613B9B3C7E3F72FA183CC8
:1055F0002C387B3F8F90CD3A6F327F3F2DE9F047BB
:10560000044602F0D9FD204603F07CFF94F85F00C9
:1056100020B12046BDE8F04702F0F6BA94F86810D1
:10562000FF2904D1002084F85F00BDE8F087D4F89A
:105630000080E26E98F800A047F230539A4218DAE0
:10564000606890F80080501CE066C81E01220B289C
:1056500084F85F2000F26D80DFE800F00706860620
:10566000067E82768A7A8E72DCE7204605F084FE1A
:1056700085E0FE2921D1BAF1000F53D0A1686269FB
:1056800000234FF4157E4FF4D27C5546CE5C16FBBA
:105690000E2696F80872062F0CD106F5F675E66808
:1056A000A769F65C686916FB0C76F063A86930643C
:1056B00098F800500133AB42E8D3FF2084F868002B
:1056C0004FF00B080020BAF1000F84F85A8084F8DC
:1056D0005F0025D000274FF415794FF4D27600BF34
:1056E000D4E90201D4E90523C05D10FB092080F84C
:1056F000A881C85D002110FB063001F00BF8E068BE
:10570000A169C05D10FB061000F04BFCE068A169C8
:10571000C05D10FB061001F043F80137BA45DFD138
:10572000BDE8F087FF2084F868000B2084F85A0059
:1057300078E7FE297FF476AF204607F007F81EE0F1
:10574000204606F061FB1AE0204606F0B9F916E0A3
:10575000204606F021FB12E0204605F04BFE0EE04D
:10576000204605F077FF0AE0204605F021FE06E01E
:10577000204606F051FA02E0204606F029FB0028F8
:1057800084F85F0008BFBDE8F087B8F1000F0ED0C5
:1057900000274C262069E169C05D10FB061003F06C
:1057A000ABFE00283FF43EAF0137B845F2D1FF20F1
:1057B00084F86800204602F0FFFC0020BAF1000FD8
:1057C00084F85A000DD0A16862694FF4157300BFC8
:1057D00011F8017BBAF1010A17FB032787F8A8012A
:1057E000F6D120460121BDE8F04705F033B80000AE
:1057F0002DE9F04F81B0054615F058FB04219822A1
:105800002B46982615F05CFB04461DB305FB06FBF2
:1058100000264FF00B084FF001094FF0FF0A002758
:10582000E51905F114002021E651C5E90166EE6095
:10583000FCF744FC05F134002021C5F85A80FCF740
:105840003DFC9837BB45A5F85E90A5F8616085F8EA
:1058500068A0E5D1204601B0BDE8F08F2DE9F04702
:10586000044690F89D001546217050B19FED551AE1
:105870009FED553A9FED552ADFED550A9FED550AEC
:1058800013E095ED1F1A95ED1E0A95ED202A95ED72
:10589000213AF8EEC10A95ED251AB8EEC00AB8EE25
:1058A000C22AB8EEC33AB8EEC11A04F18C0080ECFB
:1058B000030A49F2806084ED280AC4ED290A84EDC8
:1058C0002A2A84ED2B3AC4F6183095ED222AC4F822
:1058D0009800D5F89000B7EE003AD5F88C10DFEDBF
:1058E0003F1A83EE023AC4F8F400B5EE402A04F5FC
:1058F000A070C4F8FC1084ED3E2A9FED374AF1EE0B
:1059000010FA08BFB0EE443A84ED403A03F072FF5B
:10591000B5F8BC1004F58E79484605F09FFAB5F845
:10592000BE1004F59A78404605F098FAB5F8C01014
:1059300004F5947A504605F091FAB5F8C21004F5D2
:105940008877384605F08AFAB5F8C41004F58276EF
:10595000304605F083FA484600F049FB384600F02F
:1059600046FB504600F043FB404600F040FB30460B
:1059700000F03DFB002095F8D410C4F80001D5F8E4
:10598000D000606684F86810D1B1D5F8E010D5E990
:1059900036026167C4E91B02D5F8EC10D5E939027B
:1059A000C4F88010C4E91E02D5E93C01C4F88400A3
:1059B00004F50370C4F88810BDE8F04709F061BF32
:1059C000BDE8F087000080465575D8465575D8C6A5
:1059D0005555D5465555D5C6000000008096184B44
:1059E000F0B581B02DED068B9AB081700446906FB2
:1059F0004FF0FF31606092F88D001546C0F3400013
:105A00002074D06FB0F1FF3FC8BF0121616592EDF6
:105A1000240A92ED051A84ED160AB2F89A00BDEE3A
:105A2000C11A6082D2F89C00E063D2F8A000206422
:105A3000D2F8800084ED1B1AE065B2F98800A067F7
:105A4000B2F98600E067B2F984006278C4F8800099
:105A5000B5F99810022A88B200F07A81012A40F044
:105A6000958100B2B0F5FA4FA8BF4FF4FA40A0619B
:105A7000A5F89800002084F8500195F88D00C0F337
:105A8000800084F8500195F88D10CA0704D00230C8
:105A900084F8500195F88D100A0704D5083084F871
:105AA000500195F88D108A0705D540F0040084F860
:105AB000500195F88D10CA0604D5103084F85001B5
:105AC00095F88D10490644BF203084F85001E86FE6
:105AD000B2EE041AA4F85101B5F88A0020EE010ACA
:105AE000A4F8530195F88C00BDEEC00A84F8550166
:105AF00010EE100A84F856012046294608F0CCF82A
:105B000005F12801204608F061F995F87400012696
:105B100006FA00F000EE100AB8EEC00AB7EE001A5E
:105B200081EE000A95ED141A21EE00AAB5EE40AA06
:105B3000F1EE10FAC0F2A98095ED151A21EE009A47
:105B4000B5EE409AF1EE10FAC0F29F8095ED161A6C
:105B500021EE001AB5EE401AF1EE10FAC0F295806F
:105B600095ED171A20EE018AB5EE408AF1EE10FA93
:105B7000C0F28B8020780027020300F007013FFA73
:105B800082F242EA0121084415900320ADF8580042
:105B9000ADF85F0015A88DF85A70CDF85B708DF8E0
:105BA000617019970CF0F8FD20788DF846700203AB
:105BB00000F007013FFA82F242EA01210844109006
:105BC00040F20320ADF844001AEE101AADF84B0075
:105BD00010A8CDF847108DF84D708DED14AA0CF07B
:105BE000DBFD20788DF83270020300F007013FFAE8
:105BF00082F242EA012108440B9040F20330ADF8F2
:105C0000300019EE101AADF837000BA8CDF833109C
:105C10008DF839708DED0F9A0CF0BEFD20788DF85F
:105C20001E70020300F007013FFA82F242EA0121EE
:105C30000844069040F20370ADF81C0018EE101AEC
:105C4000ADF8230006A8CDF81F108DF825708DED56
:105C50000A8A0CF0A1FD20788DF80A70020300F08A
:105C600007013FFA82F242EA01210844019040F222
:105C70000310ADF80800ADF80F0001A8CDF80B70C7
:105C80008DF8117005970CF087FD2078B5F89A20F3
:105C9000030300F007013FFA83F343EA01210844BC
:105CA0000B900BA8ADF830200CF0EBFC2078D5F869
:105CB0008420070300F007013FFA87F747EA012134
:105CC000B5F888300844CDE9100210A8ADF8483086
:105CD0000CF0C3FC207840F20073020242EA00326A
:105CE000C0F20F031A40D5F89410104415908DF8A7
:105CF0005860002615A8CDF85910ADF85D600CF07D
:105D000048FC2078D4F85021070300F007013FFA3F
:105D100087F747EA0121084415A9D4F854310DC189
:105D200015A80CF05EFC04F5A2752846322105F09A
:105D300095F8284600F05BF904F590752846322165
:105D400005F08CF8284684F81D6100F050F920E039
:105D500000B2B0F5526FA8BF4FF45260A06195ED4C
:105D6000250AA5F89800B5EE400AF1EE10FA15D014
:105D700095ED031AB5EE401AF1EE10FA0ED0B7EE1B
:105D8000002A82EE011A84ED670A0CE0A161A5F8F1
:105D900098001AB0BDEC068B01B0F0BD9FED091A5A
:105DA0000020C4F89C012078002184ED681A0009C5
:105DB00084F81C111AB0BDEC068B01B0BDE8F040B0
:105DC0002EF0A2B800000000B0B58AB00C46012A3F
:105DD00014D0022A4AD1002C48D000F19C0500BF03
:105DE000296815F89C0C45F8801C000909B22EF0B2
:105DF000B1FB013C05F5D275F2D137E0002140F24C
:105E00000772089101910092CDE90221CDE90421A8
:105E1000CDE906218DF821102CB300F19C01EC4650
:105E2000042C28BF042400BF002814BF11F89C3C98
:105E300007239DF82050032D11D81A033FFA82FE44
:105E400003F007024EEA022202EB030E6B1C0A6803
:105E50008DF820300CEBC5034CF835E05A60013C5E
:105E600001F5D271E0D168460CF024FB0AB0B0BD58
:105E7000B0B504464078012803D194F81421D20724
:105E80001AD14A1E91B2042916D8D2B2172323FA86
:105E900002F2D20710D00EA2555C02280ED00128C3
:105EA0000AD12046294607F039FE04F5907084F89F
:105EB0001D5100F09CF809E00020B0BD2EF010FC50
:105EC000207800092EF0B8F884F81C510120B0BDEC
:105ED000500A06500B0000004CF60021C3F69A3120
:105EE0000022C0E900128260704720F05FBF00000E
:105EF00070B5044614F0DAFF04214C2223464C25E9
:105F000014F0DEFF5CB304FB05F100224FF0010C3E
:105F10006FF0802E4FF07E53002400BF051995F8D6
:105F2000406000F804C006F0F0064C340736A14289
:105F3000A5F83B2085F83D2085F83A202A87C5E959
:105F40000122C5E90322C5E90622C5E90832C5E9EF
:105F50000A22C5E90C2E6A6485F84060DED170BD66
:105F6000B0B5D0E90B3CD0E902E5A3EB0C04036328
:105F70000EF1010305EB040C9342C0E9023C0DD97C
:105F8000BCF1000F48BFCCF1000C00228C454FF053
:105F90000001B8BF0121C0E9022200E0002108464B
:105FA000B0BDB0B50446407802280FD0012818BF14
:105FB000B0BD20460021002507F0B0FD04F590702B
:105FC00084F81D51BDE8B04000F011B820780009F8
:105FD0002DF09AFF94F81C012A21A0281CBF002054
:105FE00084F81C0104F5B870FCF746F8B0BDD0E9A0
:105FF0000021914238BF01608168416070470122F1
:10600000002102706FF08022C0E90C1290F840204D
:106010004FF07E53A0F83B1080F83D1080F83A1006
:106020000187C0E90111C0E90311C0E90611C0E907
:106030000831C0E90A11416402F0F001073180F82B
:10604000401070472DE9F04FDDE911ECDDE90F98C4
:10605000DDE90DBADDE90B54DDE9097680E88E0053
:10606000C0E90465C0E9064BC0E908A8C0E90A9E7A
:10607000C0F830C0BDE8F08FB0B50446B0F8A80154
:106080001546908404F5A07001F06EFD002818BF3D
:10609000012094ED320A94ED331A94ED342A85F8F8
:1060A0002600D4F8D400BDEEC00ABDEEC11ABDEE84
:1060B000C22A85ED000A85ED011A85ED022AE86005
:1060C000B0BD10B50C46D0F81CC0826A416F436B5E
:1060D0004FF0000E84E80C40A181A4F810C006F037
:1060E000D7F928B141F27000C0F60600006860617F
:1060F00010BD80B500EE101A01EE102A02EE103A23
:10610000B8EEC00AB8EEC11AB8EEC22A002200F1F9
:10611000300180ED050A80ED061A80ED072AC0E9FE
:10612000082280F8282008461421FBF7C7FF80BD0D
:1061300090ED000A90ED011A02EE101AB4EE410A39
:10614000F1EE10FAB8EEC22A0ED0B4EE420AF1EE29
:1061500010FA0BDCB4EE421AB0EE420AF1EE10FA7D
:10616000B8BFB0EE410A01E0B0EE420A10B500F14E
:10617000180180ED040A80ED050A00F1300408469C
:106180001121FBF79BFF20461421FBF797FF10BD61
:10619000014690F89D009FED0B1A9FED0B2A0028F9
:1061A00004BFB0EE401AB0EE602A81ED231A9FEDD5
:1061B000071A01F5A070F0EE411A81ED242A03F0D0
:1061C00019BB00BF5555D5C65555D5460000000032
:1061D00010B504464078022811D0012816D1204677
:1061E000092107F09BFC002084F81D0104F5907044
:1061F000FFF7FDFE04F5A270FFF7F9FE06E0207838
:1062000000092DF081FE002084F81C01002084F894
:106210000401C4E94400A4F80601A4F84001A4F86C
:10622000020110BD90F81C1101200B2905D800FABD
:1062300001F212F4446F18BF704750291CBF0020B0
:106240007047704710B5044690F83D0084F83B1045
:1062500048B194F840204FF07E500121C4E9071066
:1062600022F004000DE04FF0FF30B2F1FF3FC8BF55
:106270000120E061204684ED090A05F023F894F836
:10628000400000F0FE0084F8400010BD002800F03F
:10629000B98070B586B0044690F83D00002840F003
:1062A000AE8094F84000C20740F0A9800022430766
:1062B000226313D4B4F934006282A289A18130B17F
:1062C0008A1A12B2824242DC404290423FDCE289AA
:1062D0002046914220D150F82C1F3EE022780D2A12
:1062E00000F28B80012303FA02F243F602631A42A2
:1062F00072D094F83C20002A06BFA1810B46A389E6
:10630000B4F934605B1AB3421ADB7642B34217DC4D
:10631000002084F83C0070E050F82C3F8A1A20F8E6
:106320001E1C50F8041C20F81A2C01FA82F140F8C7
:10633000041CC3EBC3014FF47A7313FB02110EE08C
:10634000013253B20A2B84F83C2048DA55E020464B
:1063500050F82C1F828901328281C1EBC101C91022
:1063600001601FF01BFA1FF022FA05460E461FF0CF
:1063700015FA1FF023FA0246284631460023FBF7A0
:106380006AF952EA03003AD1208FC0B394F93B1066
:106390000025ADF80E10CDE9040502200A21ADF864
:1063A0000C501EF015F9029011F057F902AE0321BE
:1063B00000220023009611F02DF9208FE18E8842F3
:1063C00008D994F8440040F0100084F844000120FB
:1063D00084F83A00258712E012F0180F0DD0228AB7
:1063E000A181E181891A89B2A162002100F0FA003D
:1063F000618284F83C1084F840000020E06206B01E
:10640000BDE87040704790F82C0100F0030001389F
:10641000B0FA80F04009704710B52DED028B0446AC
:1064200000F59A70B0EE408AFFF7E1FD94F8A801FC
:10643000062806BF84ED2D8A01200020BDEC028BCA
:1064400010BD90F8A81109291CBF00207047B0EEBC
:10645000401A90ED230A90ED242AB4EE420AF1EEA0
:1064600010FA0ED0B4EE401AF1EE10FA0BDBB4EED7
:10647000421AB0EE410AF1EE10FAC8BFB0EE420A7D
:1064800001E0B0EE410A80B5002180ED2E0AC0F88F
:10649000BC1000F5A07002F0E5FC012080BD90F872
:1064A000A8210021082A27D8012303FA02F212F4B6
:1064B000C17F21D090ED231A90ED242AB4EE421A28
:1064C000F1EE10FA0ED0B4EE410AF1EE10FA0BDB49
:1064D000B4EE420AB0EE401AF1EE10FAC8BFB0EEC8
:1064E000421A01E0B0EE401A80B5B0EE410A06F063
:1064F00022FE0121BDE880400846704710B52DED11
:10650000028B044600F59470B0EE408AFFF76FFDF1
:1065100094F8A801502806BF84ED2D8A01200020A0
:10652000BDEC028B10BD10B52DED028B044600F5BD
:106530008870B0EE408AFFF75AFD94F8A80103284E
:1065400006BF84ED318A01200020BDEC028B10BD16
:1065500010B52DED028B044600F58E70B0EE408A2A
:10656000FFF745FD94F8A8010E2809D194ED250AFE
:10657000B4EE408AF1EE10FA04DDB0EE408A0AE093
:10658000002011E0B1EE400AB4EE408AF1EE10FABC
:10659000B8BFB0EE408A04F5A070B0EE480A84EDB2
:1065A0002F8A02F0EDFC0120BDEC028B10BD10B56E
:1065B0002DED048B044600F58E70B0EE608AB0EECF
:1065C000409AFFF714FD94F8A81100200E2947D82F
:1065D000012202FA01F144F28412114240D094EDFA
:1065E000250AB4EE409AF1EE10FA02DDB0EE409AC0
:1065F00008E0B1EE400AB4EE409AF1EE10FAB8BFEE
:10660000B0EE409A94ED260AB4EE408AF1EE10FA0C
:1066100002DDB0EE408A08E0B1EE400AB4EE408AF6
:10662000F1EE10FAB8BFB0EE408AB5EE408A84EDC4
:106630002F9A84ED308AF1EE10FA04F5A07407D198
:10664000204603F0EAF820460021FFF771FD06E03E
:106650002046B0EE490AF0EE480A02F02FFC012075
:10666000BDEC048B10BD90F8021109B101207047F8
:106670004178022906D001290AD190F8140100F0CE
:10668000010006E080B52DF06BFDBDE8804000E024
:106690000020002818BF0120704780B586B0C2B224
:1066A00000F0F00160F30A2242EA0130019040F26A
:1066B0000170ADF80800002110EE102AADF80F00AF
:1066C00001A88DF80A10CDF80B208DF811108DED72
:1066D000050A0CF061F806B080BDD0E90F32934294
:1066E0000AD0D0F828C0B1F1FF3FD8BF9C450CDBE1
:1066F0000129A8BF944508DCC26E53429142B8BF3D
:106700000A469942B8BF1A4600E000220267C0F864
:106710009C207047D0E90F3293420AD0D0F828C0AD
:10672000B1F1FF3FD8BF9C450CDB0129A8BF9445C0
:1067300008DC826953429142B8BF0A469942B8BF09
:106740001A4600E000220262C0F89C207047000058
:10675000D0E90F3293420AD0D0F828C0B1F1FF3F00
:10676000D8BF9C4515DB0129A8BF944511DC00EE7C
:10677000101A90ED011AB8EEC00A9FED082A21EE1A
:10678000000A80EE020A0166BDEEC00A10EE101A81
:1067900001E000210166C0F89C10704700007A44B7
:1067A00041780122012980F8012118BF704780B586
:1067B00084B00078020300F007013FFA82F242EA57
:1067C00001210844009000208DF8040002906846E2
:1067D0000BF02FFF04B0BDE88040704780F85C10DC
:1067E000704710B190F83D2002B1704790F84020FA
:1067F000D307FAD11229F8D012F00202F5D1028E95
:10680000332A39BF01320286012280F83A20022958
:106810004FF0020204DC71B1022908BF012205E039
:10682000032902D00F2906D000E0082290F8441076
:10683000114380F84410002180F83C10704790F814
:106840003D00704710B190F83D1001B1704790F8CD
:1068500040108907FAD1418E332939BF0131418671
:10686000012180F83A1090F8441041F0040180F8BA
:106870004410002180F83C10704700002DE9F04FD3
:1068800081B02DED048BAAB0044640690D464FF44B
:106890001571164615FB0101FE2291F8A8B194F876
:1068A0005AA081F8A821002184F85A2084F85F10AA
:1068B0003178CA1E0B2A00F23484DFE812F0080295
:1068C00032042B02200292010C000C00D600480278
:1068D0008900B902110194F868208A4200F02184ED
:1068E000002284F86810A1686265E2660F784FF4B0
:1068F000157517FB0507FE232269D4F81CC087F81D
:10690000A8314F7817FB050787F8A831897811FB64
:10691000050080F8A83110784C2510FB05C003F065
:106920007DFF2069E169407810FB051003F076FFD8
:106930002069E169807810FB051003F06FFF706833
:10694000A1692067B0684FF4D275A067F0686067EE
:10695000E068007810FB0510FFF722FFE068A169EE
:10696000407810FB0510FFF71BFFE068A1698078F5
:1069700010FB0510FFF714FFE068A169007810FB19
:1069800005100121FFF774FAE068A169407810FB57
:1069900005100121FFF76CFAE068A169807810FB0F
:1069A00005100121FFF764FAE068A169027812FB83
:1069B0000512926CE267427812FB0512926CC4F8E1
:1069C0008020807810FB0510806CC4F88400A8E358
:1069D00010F0EAFB294610F012FCD6E90121002A4A
:1069E00000D5524200EE102A90ED331AB8EE400A5C
:1069F00021EE000ABDEEC00A10EE102A48F2000394
:106A0000D0F89800CFF6FF73B2F5004FB8BF4FF43F
:106A1000004300280FF66400C8BF043090ED000A60
:106A200003EB020880EE010A44F699020DF15809C1
:106A3000C0F606022B46BDEEC00A10EE100A0F1873
:106A400048465021CDE90087FAF794FE00234846D6
:106A5000294600220093019304F0DEF9E0694C21FD
:106A600015FB010041463A4637E10A2184F86810D7
:106A70000021E1664FF4157115FB010002F016FECE
:106A8000A0694FF4D27715FB0700002104F014F938
:106A9000A069012115FB0700FFF7EAF9D4E9060117
:106AA000726815FB07004C27426215FB0710FFF7C1
:106AB000C6FE002800F0F181E06915FB070003F035
:106AC000ADFEB068C4F88C007068C4F8880042F667
:106AD000E060C4F890004FF47A70C4F8940020E3AA
:106AE00096ED020A4FF41577B8EEC00A15FB0700C1
:106AF00080ED7C0A6069B16915FB0700C0F8F411EC
:106B00004FF000090E20C4F86C9084F868006069AA
:106B1000317815FB070080F80812012180F8EC118C
:106B200060690DF1580815FB070080F8ED914046AB
:106B30004621FBF7C3FA606915FB0700D0F8F001A6
:106B400038F0F0FE41EC100B70680FF2A06202907A
:106B5000404646218DED000BFAF70CFE40462946D3
:106B60000022CDF80090CDF8049004F055F916F00D
:106B7000ABF916F0F0F9002800F0AD810DF15808DE
:106B800040464621FBF79AFAD6F804C0B7690FF2DF
:106B90008062404646212B46CDE900C7FAF7EAFD60
:106BA000404629460022CDF80090CDF8049004F02C
:106BB00033F9D6E90478384620F0CAF9814600F066
:106BC000FE000E2840F02F8216AC20464621FBF72F
:106BD00075FA44F6D202C0F60602204646214B461C
:106BE00016E2FE224FF41579002184F8682015FB87
:106BF00009000722E16680F8082280F8ED1160693B
:106C00004FF0010815FB090080F8EC816069D6E9B6
:106C1000031215FB0900D0F8E8A1501A00EE100A83
:106C2000DAE91E02B8EEC00A121A01EE102AB8EE16
:106C3000C11A80EE018A00EE101AB8EEC00A01EE09
:106C4000100AB8EEC11A80EE080A30EE410ABDEE15
:106C5000C09A0BF05AFB0E218DF810508DF81110D0
:106C60008DED168A8DED179A016816AA4B6A04A954
:106C70009847E0694C2715FB0700B0EE480A04F07E
:106C80007DF9E06915FB070090F8401041F0040120
:106C900080F8401096ED030A9AED1E1AB8EEC00A6D
:106CA00080EE080AB8EEC11A606915FB090030EEE3
:106CB000410AB8EEC91A30EE410ABDEEC00A80EDB5
:106CC0007C0A606915FB090080F8ED8129E2E06922
:106CD0004C23D6E9031215FB030004F08DF9A069DB
:106CE0004FF4D27715FB0700002103F0E5FFA06900
:106CF000B4F9401015FB0700FFF7BAF8C9E0318B73
:106D0000012900F00A814FF6FF72914240F078812C
:106D10000C2103E10020E066A0694FF4D271331D1D
:106D200015FB01000ECBD21A05F07AFB6169002831
:106D300000F0EE804FF4157015FB001002F0B6FC69
:106D4000E0694C2115FB010003F068FDA1E0E0695A
:106D5000E42115FB0107F8697168C0EBC0323846C1
:106D600004F04AF9BA6EB16807F14C00C2EBC232C6
:106D700004F042F9D7F8B420F16807F19800C2EBAB
:106D8000C23204F039F9204601F016FAA0694FF436
:106D9000D27715FB0700002103F08EFFA0690121C7
:106DA00015FB0700FFF764F8A06915FB0700FFF764
:106DB000F7FC60694FF4157115FB01004FF4F851B1
:106DC000C0F8D011716990ED321A9FEDE92AC0F830
:106DD000D41131EE021A316990ED240ABDEEC12AB8
:106DE000B8EEC21AC0F8E0114FF46171B4EE410A76
:106DF000C0F8D811F1EE10FA80ED772ABEBFBDEED3
:106E0000C00A80ED770AB8EEC01A90ED230AB4EEFE
:106E1000410AF1EE10FAC4BFBDEEC00A80ED770A58
:106E2000307884F86800012060650020E06678E131
:106E3000E0694FF4987115FB0107F8697168C0EBC0
:106E4000C032384604F0D8F8BA6EB16807F14C0089
:106E5000C2EBC23204F0D0F8D7F8B420F16807F1E1
:106E60009800C2EBC23204F0C7F8D7F800213169AC
:106E700007F1E400C2EBC23204F0BEF8204601F094
:106E80009BF9A0694FF4D27115FB0100002103F0BA
:106E900013FF307884F8680043E1B068E169C4F812
:106EA0008C007068C4F888004FF47A70C4F89000C1
:106EB000C820C4F8940015FB071004F071F8E069CD
:106EC000B16815FB07002AB0BDEC048B01B0BDE82A
:106ED000F04F05F027BF4AF25430C0F6060090E8A4
:106EE0008E00D0E90464D0F818C0808B0DF1100E2C
:106EF0008EE88E00ADF82C0004A829460022CDE9CA
:106F00000864CDF828C0CDF80090CDF8049087E053
:106F10004FF4157015FB0010DAE01021314491EDAB
:106F2000000AFE214FF41578002784F8681015FB3D
:106F300008000621E76680F80812012180F8EC11AC
:106F40006069B8EEC09A15FB080080F8F8716069B6
:106F500015FB0800D0F8E89113F0A2F813F01DFB20
:106F6000002800F0BA80D6E90301081A00EE100AE2
:106F7000D9E91E01B8EEC00A081A01EE100AB8EEEF
:106F8000C11A80EE018A0BF0C0F90E218DF8105065
:106F90008DF811108DED168A1797016816AA4B6AA5
:106FA00004A99847E0694C2715FB0700B0EE480A92
:106FB00003F0E4FFE06989EE081A15FB070090F87A
:106FC000401041F0040180F8401096ED030A99ED5D
:106FD0001E2AB8EEC00A80EE080AB8EEC22A60691E
:106FE00015FB080030EE420ABDEEC02A80ED7F2A74
:106FF000606931EE400A15FB080080ED7C0A7FE0F5
:1070000044F6BB0216AC0BB2C0F60602204646217F
:10701000FAF7B0FB00232046009329460022019393
:1070200003F0FAFE7DE0812107EB0800C8F20801B9
:1070300051FB00019FED811ACA1302EBD171C1EB24
:107040000131C0EB011000EE100AB8EEC00A20EECC
:10705000010AB2EE041A20EE018AB9F1040F28BF2A
:107060004FF00F0915F030FF337BBDEEC80A2946FB
:107070004A468DED000A15F01BFF002857D00DF190
:10708000580808F121002521FAF7F6FF6C480DF1A8
:107090005C0916906AA0071D8ECF00F1140E90F8BF
:1070A00020009EE8405089E88E008DF8780000238B
:1070B000404629460022CDE91B6CCDF874E00093D0
:1070C000019303F0A9FE60694FF4157115FB0100EF
:1070D00080F8A8B184F85AA023E015F0F5FE15F069
:1070E0003AFF002846D060694FF4157115FB010086
:1070F00080ED7C9A606915FB01000021C0F8FC114D
:1071000096ED020A60694FF41571B8EEC00A15FBDE
:10711000010080ED7D0A606915FB0100012180F806
:10712000F8112AB0BDEC048B01B0BDE8F08FD4E9B2
:1071300005104FF4157715FB071191ED7C0A4FF4FC
:10714000D2727168BDEEC00A15FB020010EE102A63
:1071500005F066F980B3606915FB070002F0A6FA36
:107160006069012115FB070080F8ED11D9E700BF28
:10717000000061444AF27430C0F6060090E88E00C8
:10718000D0E904640DF15808D0E906CE88E88E00F5
:1071900000F12007CDE91A64DECFCDE91CCE0DF158
:1071A000780C90F838008CE85E00002323978DF867
:1071B0009000009316A830E716AE30464621FAF745
:1071C0007DFF28A23046462100234FF00008FAF741
:1071D000D1FA304629460022CDF80080CDF804804F
:1071E00003F01AFE606915FB070071E7476F696ECF
:1071F0006720746F206861726473746F70506F736E
:107200003A252E326620772F2050574D3A256400BC
:107210004D6F7665206872645F737470206D6F7453
:107220006F723D256420776974682070776D3D2505
:107230006420616E6420637A3D2564000000B43BE5
:107240004572726F7220696E20726563616C69624B
:107250007261746520504F5320656E636F64657270
:10726000000000004572726F7220696E20736574B1
:107270002068733A207265743D256400000000C7E1
:1072800000000047B0B582B0044690F8A8010B2872
:107290002BD0FE2829D094ED230A94ED241AB4EEC5
:1072A000410AF1EE10FA20D094ED2A1A9FED9D2AA2
:1072B00094ED320A31EE021AB4EE410AF1EE10FA00
:1072C0000ADB94ED2B1A9FED982A31EE021AB4EEE8
:1072D000410AF1EE10FA08DD94F8E50140F00200F1
:1072E00084F8E5010A2084F8A80194F8C511002962
:1072F00000F0F58004F5827001F051FE002800F0E6
:10730000EC800020C4F8D400C4F8C400C4F8EC0039
:10731000012094F8E511084384F8E5010A2084F877
:10732000A801B4F8E60141F28832013081B29142FD
:10733000A4F8E60105D90020A4F8E60184F8E501E7
:1073400001E094F8E50194F8E411884200F0C2806D
:10735000227844F2C025C1F20005EA800022C0076D
:10736000C5E90222AA8017D011F0010014D1022031
:1073700007211DF02DF9286010F06FF9042100227B
:107380000023009510F046F90FF00EFF21780FF062
:107390007DFF08B12968416194F8E50180061CD59C
:1073A00094F8E401800618D400200121C5E90210F8
:1073B000022014211DF00CF9286010F04EF9042170
:1073C00000220023009510F025F90FF0EDFE217842
:1073D0000FF05CFF08B12968416194F8E501C0062F
:1073E0001CD594F8E401C00618D400200221C5E998
:1073F0000210022014211DF0EBF8286010F02DF986
:10740000042100220023009510F004F90FF0CCFEB7
:1074100021780FF03BFF08B12968416194F8E5013C
:1074200000071CD594F8E401000718D400200321BC
:10743000C5E90210022014211DF0CAF8286010F0DE
:107440000CF9042100220023009510F0E3F80FF05E
:10745000ABFE21780FF01AFF08B12968416194F85A
:10746000E501800718D594F8E401800714D40220C0
:1074700010211DF0ADF8286010F0EFF80421002273
:107480000023009510F0C6F80FF08EFE21780FF063
:10749000FDFE08B12968416194F8E5010021C5E9C4
:1074A0000201022003211DF093F8286010F0D5F8A6
:1074B000042100220023009510F0ACF80FF074FEB8
:1074C00021780FF0E3FE08B12968416194F8E501E5
:1074D00084F8E401012002B0B0BD94F8A80150285E
:1074E00011D0062808D0032816D104F5887001F0C1
:1074F00056FD78B120200CE704F59A7001F04FFD9D
:1075000040B1102005E704F5947001F048FD08B182
:107510000820FEE694F8A8010A283FF402AF0020F4
:10752000D9E700BF0080E3C40080E34410B50446FF
:107530000020A4F8E40104F58E70FEF758FD04F570
:107540008870FEF754FD04F59470FEF750FD04F5C5
:107550009A70FEF74CFD04F58270BDE81040FEF70E
:1075600046BD10B50446043005F03BFD94ED320AEB
:1075700004F5A070BDEEC00A10EE101AFEF7D8FD9B
:10758000D4F8C800D4F8D4100022C4E92D20C4E9EE
:107590002F22C4F8C410C4E93922C4E93B2210BD2B
:1075A0002DE9F047044690F81C01A02804BF0120F3
:1075B00084F80201607802280BD12CF0D1FD94F8F8
:1075C000141100F0010001F0FE01084484F81401D8
:1075D00001E094F8140110F001001CBF002184F8B0
:1075E0001D116178012950D194F81C1194F81D21C6
:1075F000914204D094F80211084300F03B814FF00F
:10760000000804F5907084F80481FEF7F0FC04F59E
:10761000A27001F0C4FC002807BF4FF0000A84F8F4
:1076200003A14FF0010A84F802A194F81801C107E0
:1076300004D0B4F80A110131A4F80A11410704D5A5
:10764000B4F80C110131A4F80C11000704D5B4F8FA
:107650000E010130A4F80E01B4F8080142F21172D3
:10766000013081B29142A4F8080112D3D4F80A2162
:10767000B4F80E3152EA030003D0A0780B2105F0D4
:10768000D4FC0020C4E9420003E04FF000084FF0B2
:10769000000A94F81401C00702D194F8020198B3CB
:1076A0006078022803D1207800092CF02DFCB4F872
:1076B000060141F28832013081B29142A4F80601FC
:1076C00008D900200021A4F80601C4F81001A4F88C
:1076D000030102E0D4F81011C8B2D4F81451A94241
:1076E00000F0C080EFB2F90715D010F001003E465F
:1076F00012D1A07800210022002305F096FC07F0AB
:10770000FE0694F8147107E00020C4F81001A4F8F4
:107710000301BDE8F0873E4638074FEA15490BD50F
:1077200094F81001000707D4A0780121002200235B
:1077300005F07BFC06F0F70694F8160180070BD5E0
:1077400094F81201800707D4A078022100220023B8
:1077500005F06BFC09F0FD0994F81401410603D50E
:1077600094F81011490605D5C1060DD594F81011ED
:10777000C90609D4A07803210022002305F055FC96
:1077800094F8140106F0AF0640B2B0F1FF3F4FEAA3
:1077900015270BDC94F91001002807D4A0780421E8
:1077A0000022002305F041FC06F07F0694F8150145
:1077B00041060ED594F8111149060AD4B4F91420E3
:1077C000A078D317122105F030FC94F8150107F0CA
:1077D000BF0740B2B0F1FF3F0BDC94F91101002864
:1077E00007D4A07813210022002305F01EFC07F027
:1077F0007F07BAF1000F08D094F8030128B9A078E8
:1078000006210022002305F010FCB8F1000F05F05E
:107810007F4508D094F8040128B9A0780F210022F0
:10782000002305F002FC5FFA89F045EA0040F9B256
:1078300040EA012050EA060505D0A0780E212A462C
:10784000002305F0F2FBD4F8140140B1A0780E211A
:107850002A46002305F0E9FBD4F8140100E00020DB
:10786000C4F8100194F8020184F8048184F803A19B
:10787000BDE8F08704F5907001F091FB00281ABF75
:107880004FF0010884F802814FF00008BFE6A030F5
:1078900005F0A7BB80B586B0C2B200F0F00160F37E
:1078A0000A2242EA013001904FF4E060ADF808008E
:1078B000002110EE102AADF80F0001A88DF80A1073
:1078C000CDF80B208DF811108DED050A0AF064FF3C
:1078D00006B080BD90ED081A90ED090AB4EE410A99
:1078E000F1EE10FA30DA90ED113A90ED167A90ED53
:1078F000156A20EE033A27EE037A90ED145A37EE1C
:10790000066A26EE036A90ED134A36EE055A25EE16
:10791000033A9FED945A90ED062A33EE043A23EE93
:10792000054A90ED051A34EE022A22EE054A34EE9D
:10793000011A30EE050A80ED051A80ED062A80ED69
:10794000073A80ED090A03E04FF0000CC0E906CCCD
:1079500090ED0F1A90ED100AB4EE410AF1EE10FA14
:1079600042DA90ED123A90ED195A20EE030A90EDAA
:10797000186A25EE005A90ED173A35EE065A25EEB4
:10798000000A9FED785A90ED0D4A30EE030A20EE82
:10799000053A90ED0C2A33EE043A90ED051A23EEE9
:1079A000054A34EE022A80ED0E0A32EE010A80ED1D
:1079B0000C2A80ED0D3A81ED000A90ED060A90ED5B
:1079C0000D1A30EE010A82ED000A90ED070A90EDE3
:1079D0000E1A30EE010A83ED000A90ED100A30EE27
:1079E000050A80ED100A2FE090F828C0BCF1000FC6
:1079F0001ED090ED0D1A9FED5B2A90ED0C3A90EDA4
:107A0000050A21EE021A31EE031A4FF0000C31EE96
:107A1000000AC0F838C080ED0C1A81ED000A90ED24
:107A2000060A90ED0D1A30EE010A82ED000A07E019
:107A3000D0F814C0C1F800C0D0F818C0C2F800C017
:107A4000D0F81CC0C3F800C080B590ED001A90EDCE
:107A5000010AB4EE401AF1EE10FA0BD091ED002AB3
:107A6000B4EE412AF1EE10FA07DDB4EE402AF1EE51
:107A700010FA3FDA4FF0000E39E092ED000AB5EE51
:107A8000400AF1EE10FA25DA90F828C0BCF1000F98
:107A900008D190ED0F0A90ED101AB4EE401AF1EEF5
:107AA00010FA13DA90ED050A90ED0C1A4FF0000C65
:107AB00031EE000A80F828C0C0F83CC0C0F840C0D1
:107AC00080ED050AC0E90DCCC0E90BCC4FF0000CED
:107AD000C2F800C093ED000A4FF0FF0EB5EE400A69
:107AE000F1EE10FA01DA00221A60006808604FFA1D
:107AF0008EF080BD92ED000A00F1040CB5EE400A54
:107B0000F1EE10FA23DD90F828E0BEF1000F08D165
:107B100090ED0F0A90ED101AB4EE401AF1EE10FA43
:107B200013DA90ED050A90ED0C1A4FF0000E31EECD
:107B3000000A80F828E0C0F83CE0C0F840E080EDA2
:107B4000050AC0E90DEEC0E90BEE0020106093EDD0
:107B5000000A4FF0010EB5EE400AF1EE10FA604651
:107B6000C1DCC2E76F12833A90ED080A90ED091A62
:107B70000020B4EE401AF1EE10FAA8BF01207047C1
:107B800080B5B0F912E0D0E901C39E440CF10103C5
:107B90009342C0E9013E0DD9BEF1000F48BFCEF1BE
:107BA000000E00228E454FF00001B8BF0121C0E950
:107BB000012200E00021084680BDC169826A90ED83
:107BC000081A514300EE101AB8EEC00A80EE010AFE
:107BD00090ED061AB8EEC11A30EE410ABDEEC00AA9
:107BE00010EE100A7047C169C26A90ED081A51433D
:107BF00000EE101AB8EEC00A80EE010ABDEEC00A0F
:107C000010EE100A704700002DE9F04F81B02DED05
:107C1000048B86B08346B0F858000138042800F27F
:107C20003A82DFE800F0A903B26A0300DBF8000043
:107C300090F80090B9F1000F4BD000254FF4157665
:107C4000DBF80800DBF81410405D10FB061000F0B4
:107C5000ABFC0135A945F3D19FEDC88A00264FF44E
:107C600015774FF4D27800BFDBF80C00DBF82C302E
:107C700010F806C0D3B1DBF80810DBF8142053F875
:107C80002C304D46B0EE480A11F8014B013D03EB94
:107C9000840090ED001A14FB072090ED3C2A21EEA1
:107CA000021A31EE000AEFD106E000BFDBF8140043
:107CB0001CFB070090ED3C0ADBF81800BDEEC00A83
:107CC0001CFB080010EE101AFEF742FD01364E456F
:107CD000CAD19BF86200012800F0E381022800F07D
:107CE000D181032840F0D781584606B0BDEC048B03
:107CF00001B0BDE8F04F07F089B9DBF80000077864
:107D0000002F00F0C881DBF80800DBF814104FF4F6
:107D1000157200233D4600BF10F8016B013D16FBB4
:107D20000216C6E92E33C6F8C430C6E93933C6F8A0
:107D3000EC30C6F8F030EFD100244FF4D27600BF1B
:107D4000DBF80C00DBF81810055D15FB06100021B0
:107D5000FEF7C3FCDBF81800002115FB0600FEF758
:107D6000D9FCDBF81800002115FB0600FEF7F0FC3B
:107D70000134A742E4D18EE1584606B0BDEC048B35
:107D800001B0BDE8F04F01F06BB9DBF800000278FC
:107D90000020002A01928BF8610000F06D8100261E
:107DA0004FF41574012700BFDBF80800DBF814104E
:107DB000805D10FB0415284604F070F99BF85D0007
:107DC00018B99BF85A00062805D1284600F0ACF9EE
:107DD00008B18BF8617001980136B042E4D19FED93
:107DE000B58A4FF0000A4FF415784FF4D27400BFF3
:107DF000DBF80C009BF85D20DBF8201010F80A90EF
:107E0000002A41D000295BD0DBF82400DBE905C45F
:107E10004FF4D27350F8295019FB0340DBF80820C7
:107E200090ED012A019CB0EE481AB0EE480AF0EE3F
:107E3000480A00BF12F8017B013C51F8276017FB8C
:107E400008C306EB890696ED003A93ED314A93EDAF
:107E5000355A23EE044A05EB870734EE000A23EE79
:107E6000053A93ED334A97ED005A73EE200A25EE5A
:107E7000043A23EE023A33EE011ADBD100F020FD82
:107E80004FF4D27436E000BF69B3DBF80800DBF8CA
:107E90001420019BB0EE480A10F8017B013B51F819
:107EA000276017FB082706EB890696ED001A97ED69
:107EB0003C2A21EE021A31EE000AEDD11AE000BF91
:107EC000DBE9050119FB080219FB041090ED011A0A
:107ED00092ED332A92ED310AD2ED350A22EE011AE3
:107EE00000F0EEFC06E0DBF8140019FB080090ED52
:107EF0003C0A00BFDBF81800BDEEC00A19FB040005
:107F000010EE101AFEF7E9FB01980AF1010A82450A
:107F10007FF46EAF9BF86100002800F0AD809FED0C
:107F2000658A4FF000094FF4D2770DF1080A4FF43B
:107F3000157800BFDBF80810DBF82C0011F80950A9
:107F4000F0B1DBF80C10DBF81820019BB0EE489A7A
:107F500011F8014B013B50F8246014FB072406EB99
:107F6000850694ED1C0A96ED001AB8EEC00A21EEC3
:107F7000000A30EE099AEBD10AE000BF00000000D1
:107F8000DBF8180015FB070090ED1C0AB8EEC09A4C
:107F9000DBF814000AEB850415FB080084ED009A59
:107FA00000F0C2F860B3DBF81400002115FB0800F4
:107FB00090ED2C0A0022B5EE400AF1EE10FAB4EE74
:107FC000490AC8BF0121F1EE10FA00F5DC70B8BF14
:107FD0000122514018BFB0EE409A84ED009A00F0A3
:107FE000DEFF68B1DBF8140015FB080004F0A7FE03
:107FF000DBF8140015FB080000F5DC70FDF7F7FF57
:10800000019809F10109814594D19FED2A8A002543
:108010004FF4D276DBF80C00DBF82010405DC9B1DC
:10802000DBF80820019BB0EE480A00BF12F8017B84
:10803000013B51F827400AEB870704EB800494EDDD
:10804000001A97ED002A21EE021A31EE000AEDD156
:1080500004E000BF0AEB800191ED000ADBF8181084
:10806000BDEEC00A10FB061010EE101AFEF735FB2D
:10807000019801358542CDD19BF86200012810D0CE
:10808000022808D1584606B0BDEC048B01B0BDE80B
:10809000F04F06F00DB906B0BDEC048B01B0BDE8A1
:1080A000F08F584606B0BDEC048B01B0BDE8F04F30
:1080B00005F0C8BF0000000090F8C42162B190ED47
:1080C0002E0ABDEEC00A81ED000A90ED390ABDEE20
:1080D000C00A10EE102A01E000220A6010B58A6082
:1080E00090F8C52162B190ED310A4FF0010EBDEE5E
:1080F000C00A10EE103A4FF00C0CEC22042407E0FA
:1081000000234FF0100CF0220C244FF0000E4B60B7
:108110000B51104490ED000A7046BDEEC00A10EEFF
:10812000102A41F80C2010BD90F9AA0170470000F8
:1081300091ED000AD1E90121B7EE001A9FED092A5D
:10814000B5EE400A81EE001A80ED3E0AC0F8FC2030
:10815000C0F8F410F1EE10FA18BFB0EE412A80ED2D
:10816000402A704700000000A030FEF737BB90EDBA
:10817000240ABDEEC00A81ED010A90ED260ABDEE8B
:10818000C00A81ED030AD0F89C000861704790F89E
:108190000101B0FA80F04009704780B5DDE902ECDA
:1081A00000F13C0780ED050AC0ED060A87E80E40A5
:1081B000C0F84CC080BD00002DE9F04FA7B00168A9
:1081C000D0F828B00D78BBF1000F0A9505904DD07E
:1081D000002D6FD0D0E90212D0E905A79FEDE10A8A
:1081E000CDE907214FF4D271002200BF0898002486
:1081F000865C4FF4157016FB00A0034643F8DC4F75
:10820000C0F8E0405BF826E090F868C0DDF81C900C
:10821000B0EE401AB0EE402A099600BF19F8016B83
:10822000BCF1000F16FB01780EEB860498ED123AB4
:1082300094ED004AB8EEC33A24EE033A33EE022A34
:1082400083ED002A0BD198ED193A94ED004AB8EE6F
:10825000C33A24EE033A33EE011A80ED381A013D99
:10826000DCD10A9D0132AA42C0D123E015B3876850
:10827000D0E905214FF4D27C4FF415702C4600BF95
:1082800017F8013B13FB0C15099313FB002395ED25
:10829000120A93F86860B8EEC00A83ED370A2EB967
:1082A00095ED190AB8EEC00A83ED380A0A9D013C23
:1082B000E6D1FFE7059C206B0028049000F0BA800F
:1082C00060680078002808904BD000274FF415789C
:1082D0000DF12C0B4FF04C0A1BAE00BFD4E904018A
:1082E00010F8079019FB0810D0F8DC00E1694BF892
:1082F000290019FB0A10FEF7A2FA38B1606919FBD0
:108300000800D0F8DC1046F8291012E0E06919FBEB
:108310000A00FFF752FC00EE100A94F85E00B8EE77
:10832000C00A06EB890181ED000A70B1606919FB92
:10833000080090ED380A089913A8013700EB89006E
:10834000B94280ED000AC9D109E0E06919FB0A00D1
:10835000FFF749FC00EE100AB8EEC00AEBE7206B0D
:108360000490002D63D005989FED8D0A81684069C7
:10837000079106901BA813A90BAA0027079B4FF48F
:108380001576DC5D069B089D14FB06339C46002693
:108390004CF8C86FE6464EF8046F002D23AD0994E3
:1083A00045F824603FD0099D23AC04EB8508059C6B
:1083B00093F868B0D4F81090049C089B54F825A05A
:1083C000B0EE401AB0EE402AB0EE403A19F8014B38
:1083D000BBF1000F0AEB840500EB840695ED004A23
:1083E00096ED005A01EB840624EE054A34EE033A7A
:1083F0008CED003A95ED004A96ED005A24EE054AC0
:1084000034EE022A8EED002A0BD002EB840495EDA7
:10841000004A94ED005A24EE054A34EE011A88ED24
:10842000001A013BD2D10A9D0137AF42A6D1059C6B
:10843000099E56E0099E002D53D0606900274FF435
:1084400015780DF18C094FF04C0A4FF4D27B00BF28
:108450002169CE5DE16916FB0800D0F8DC0049F81F
:10846000260016FB0A10FEF7EAF938B1606916FB20
:108470000801D1E93723C1E932232FE0E06916FB77
:108480000A00FFF79AFB00EE100A6069B8EEC00A16
:1084900016FB080181ED320A94F85E2022B1D1F872
:1084A000E020C1F8CC2019E0E06916FB0A00FFF7D4
:1084B0009AFB00EE100AD4E90501B8EEC00A16FBDB
:1084C000080282ED330A16FB0B1191ED011A21EE21
:1084D000000ABDEEC00A81ED0D0A00BF0137BD42A2
:1084E000B6D160694FF4157106FB010191F868106F
:1084F000D1B394F85E10B9B30021002DCDE91C1161
:108500001B9149D0A34600264FF4157A0DF18C0833
:108510000DF16C09DBF808108C5D14FB0A0505F5FC
:10852000037005F1680108EB840205F16C0305F1A5
:10853000880705F1780C8435CDE9007CCDE9025936
:1085400007F0A4F9DBF814001C9914FB0A02C2F826
:10855000CC100A9B1D990136B342C2F8D010D9D174
:108560001AE000BF00000000B5B1A1689FED0D0A40
:108570004FF4157211F8013B013D13FB020393ED1B
:10858000331A93ED362A83ED361A31EE422A22EE63
:10859000002A83ED342AEDD127B0BDE8F08F00BF6B
:1085A0000000000000007A4470B590F8A81104465D
:1085B00000200E2984F8AA0100F2A78001228A4037
:1085C00044F284131A4209D004F58E7000F0E7FCDF
:1085D00040B104F5A07001F020F903E040F202235D
:1085E0001A425ED004F5A07604F1BC0504F1B8018E
:1085F00004F1C00330462A46FFF76CF994ED2E2AA9
:1086000094ED2F0A94ED321A94ED333A94F8A901BF
:1086100032EE412A30EE433A84ED392A84ED3A3A7B
:1086200008B394ED234A94ED243AB4EE434AF1EEB4
:1086300010FA09D0B4EE441AF1EE10FA5BDDB4EE94
:10864000431AF1EE10FA74DA94ED351A94ED403ACB
:1086500094ED024A23EE011A31EE021A24EE011AB9
:1086600031EE000A72E094F8A80100210828C4F84D
:10867000C410C4F8EC1055DC411E022902D30828AE
:1086800040F08B80B5EE400AF1EE10FA63D194ED24
:10869000190AB4EE402AF1EE10FA6BDD32EE400A10
:1086A00073E0032931D194ED231A94ED240A94ED5B
:1086B000312A94ED353AB4EE401A32EE433AF1EEF7
:1086C00010FAC4F8B800C4E9390084ED3B3A0DD083
:1086D00094ED322AB4EE412AF1EE10FA40F397807D
:1086E000B4EE402AF1EE10FA80F29F8094ED400A39
:1086F00020EE430AA6E094ED020A9FED5C2AFF20DB
:1087000020EE020A34EE411A1CE09FED590AC4E93A
:108710002E00C4F8C400C4E93900C4F8EC00C4F861
:10872000F00070BD0E2821D0092836D194ED020A40
:108730002FE094ED020A9FED4D2A012020EE020A5F
:1087400033EE411A84F8AA0121EE000A94ED251AAD
:1087500084ED2F0A48E094ED023A94ED054A22EEAA
:10876000032A24EE000A30EE020A14E00020C4F8C6
:10877000E40012E0B1EE403AB4EE432AF1EE10FA12
:10878000B4BF32EE000A9FED3A0A94ED022A84ED5E
:10879000390A22EE000A84ED2F0A94ED233A94ED73
:1087A000242AB4EE423AF1EE10FA1BD0B4EE431A8A
:1087B000F1EE10FA0ADDB4EE421AF1EE10FA11DB16
:1087C000B5EE400AF1EE10FA05DC0BE0B5EE400A1A
:1087D000F1EE10FA06DA304601F01FF89FED240A98
:1087E0000020286094ED251AB4EE410AF1EE10FA4B
:1087F00006DCB1EE411AB4EE410AF1EE10FA03DAEA
:1088000085ED001AB0EE410A84ED3C0A70BD94ED8E
:10881000020A9FED163AFF2020EE030A31EE421ABB
:1088200084F8AA0121EE000A0CE094ED021A9FEDF3
:108830000F3A012021EE031A30EE420A84F8AA0111
:1088400020EE010A94ED251A84ED2F0AB4EE410AB8
:10885000F1EE10FA06DCB1EE411AB4EE410AF1EE87
:1088600010FAD1DA84ED2F1ACCE700BFCDCCCC3D85
:108870000000000043784FF0FF32B1F1FF3FC8BF66
:108880000122012B426518BF704780B584B0027881
:10889000A0F85111130302F00701D0F850C1D0F82D
:1088A00054013FFA83F343EA01211144039001A8E4
:1088B000CDE9011C09F095FE04B0BDE88040704789
:1088C000B0B52DED048BB0EE418A30EE601A00F1A8
:1088D000900100F1A005044681EC030A2846B0EEA1
:1088E000410AFCF7EFFDD4ED240AB0EE409A284689
:1088F000B0EE480A00F078F839EE000ABDEC048BBF
:10890000B0BD90ED590ABDEEC00A10EE100A7047D6
:1089100070B5C26A48F200058C1ACFF6FF7514F5DF
:10892000004FD8BF2C461444641A4FF6FF7E74449F
:1089300024EA0E0421448C1A4FF40043B4F5004F8E
:10894000B8BF23461344C91A71446FF30F01631A69
:10895000991801EE101A90ED010AB8EEC11A81EED5
:10896000001A90ED0E2A4FF47A7CB8EEC22A046DFC
:1089700003FB0CF2C1624FF40041426331EE421A34
:10898000BDEEC11A11EE102A1CB90023144680F85E
:108990000031436D141B04FB03F616F5004FC8BFEE
:1089A000354604FB1355866C754425EA0E0504FB19
:1089B00003530265B3F5004FB8BF1946591A714405
:1089C0006FF30F01591A721801EE102AB8EEC11A8E
:1089D00020EE010A01FB0CF1BDEEC00A8264416683
:1089E00080ED0A0A70BD000090ED132AB1EE421A24
:1089F000B4EE410AF1EE10FA19DD90ED061AB4EE6C
:108A0000420AF1EE10FA29DD90ED112A9FED173A96
:108A100090ED0F4A22EE032A90ED043A20EE040A6C
:108A200032EE000A23EE202A32EE000A1AE090ED20
:108A3000102A90ED123A20EE020A9FED0D2A90EDD9
:108A4000041A23EE022A90ED064A30EE020A21EEC5
:108A5000201A31EE000A24EE000A704790ED040A55
:108A600020EE800A21EE000A704700BF00247449FE
:108A7000002474C980B5DDE902ECA030CDE902EC38
:108A8000BDE88040FFF789BB10B5044600780009B7
:108A90002BF03AFA94F8160140F0020084F816011F
:108AA000A02084F81C0110BD50B140F6F85CC1F262
:108AB000000C9CF8010028B1062906D9FF2002E02D
:108AC000FE2000E0002040B27047DCF8D00101F049
:108AD000BBB810B504460078042807D111F0E0FABD
:108AE00011F05BFD10B9012084F83A0094F83A00C7
:108AF00078B1B4F8460041F28832013081B2914237
:108B0000A4F8460007D90020A4F8460084F84500E0
:108B100003E0002010BD94F8450094F844209042F2
:108B20002ED0C10702D112F0010109D1810702D470
:108B300012F0020104D100070AD412F0080007D095
:108B400094F83B000821002304F0D3FA94F8442061
:108B5000500708D594F83B0009210022002304F0B7
:108B6000C8FA94F84420D00608D594F83B000A21AE
:108B70000022002304F0BDFA94F8442084F8452034
:108B8000012010BD2DE9F04186B090F8A821CDB2AA
:108B9000AA4201D1012006E00446FE2A4FF000005F
:108BA00018BF0B2A02D106B0BDE8F0810A2A05D110
:108BB0000D2DF8D12046FEF7B9FC0DE00E2D13D88F
:108BC0000FF20401DFE805F025250B1A0A0A201828
:108BD00025250A0A0A080B0000251AE0E3E704F538
:108BE0008E70FDF704FA14E0502DDCD104F594707A
:108BF000FDF7FDF950250CE008250AE004F5887022
:108C0000FDF7F5F9032504E004F59A70FDF7EFF997
:108C1000062527780420012184F8A8514FF0010887
:108C20001BF0D6FC002602908DF80C608DF80D70BC
:108C3000ADF80E50CDE904560EF00FFD02AF14A2B0
:108C40000221002300970EF0E5FC94F8A8110E29EC
:108C500010D808FA01F044F2863210420AD00120FE
:108C6000032984F8C4010AD094F8A901012805D188
:108C7000012004E0032984F8C461F9D0002084F8BD
:108C8000C5012046FEF76DFC204602F067FA81E739
:108C900053455420434F4E54524F4C4D4F44450082
:108CA00002464078022807D001280AD1B1F5FA4FD0
:108CB000A8BF4FF4FA4104E0B1F5526FA8BF4FF4DA
:108CC000526108B2906170474278012A18BF70471C
:108CD00005F07CB8B0B5054600F5A2700C46FDF76E
:108CE00086F96068C5F814012078617885F81C0160
:108CF000B4F9020085F81811E861C1F3001085F895
:108D00000101B0BD90F8281041B990ED0F1A90ED17
:108D1000102AB4EE412AF1EE10FA10DA90ED051A9D
:108D200090ED0C2A002132EE011A80F82810C16360
:108D3000016480ED051AC0E90D11C0E90B1190ED39
:108D4000001AB4EE410AF1EE10FA0ADB90ED012AA6
:108D5000B0EE401AB4EE420AF1EE10FAC8BFB0EE1F
:108D6000421A90ED020AF4EE400AF1EE10FA02DD2A
:108D7000F0EE400A08E0B1EE400AF4EE400AF1EEEF
:108D800010FAB8BFF0EE400A90ED050AF5EE400A81
:108D900031EE400AF1EE10FA4FF00001B5EE400A54
:108DA000C8BF0121F1EE10FA4FF00002B1EE602AC7
:108DB000C8BF0122514018BFF0EE420A30EEA02A8F
:108DC00080EE020A9FED253A002180ED041AB4EEF0
:108DD000430AF1EE10FA80ED080A07DA9FED200A47
:108DE00080ED051AC0E90611016233E0B7EE001A02
:108DF00081EE001A90ED063A90ED074A33EE422AD2
:108E0000B6EE086AB1EE400A23EE015AB8EE0E3A09
:108E100022EE032ABFEE043A80ED111A35EE045A11
:108E200024EE033A22EE011AB6EE002A25EE065A87
:108E300031EE031A24EE022A32EE453A32EE012ACE
:108E4000B1EE422A80ED133A80ED142A80ED155AD6
:108E500080ED161A80ED090A704700BF6F12833A41
:108E60000000000090ED001A90ED012AB4EE421AC5
:108E7000F1EE10FA0ED0B4EE410AF1EE10FA0BDB6F
:108E8000B4EE420AB0EE401AF1EE10FAC8BFB0EEEE
:108E9000421A01E0B0EE401A10B500F1180180ED61
:108EA000041A80ED051A00F1300408461121F9F783
:108EB00005F920461421F9F701F910BD90ED0D1ABE
:108EC000F5EE400A30EE412AF1EE10FA4FF00001C3
:108ED000B5EE402AC8BF0121F1EE10FA4FF00002B2
:108EE000B1EE601AC8BF0122514018BFF0EE410A2E
:108EF00030EEA01A82EE012A9FED1F3A012180F880
:108F00002810002180ED0B0AB4EE432AF1EE10FA8E
:108F100080ED0F2A08DA9FED191AC16380ED0D0A62
:108F20003821B0EE410A20E0B7EE000A80EE023AA6
:108F3000B1EE420A90ED0E2AB6EE084A21EE041A6E
:108F4000642180ED123ABEEE003A22EE032AB6EE1C
:108F5000003A22EE033A31EE031A80ED171A32EE90
:108F6000011AB1EE411A80ED182A014481ED001A70
:108F700080ED100A704700BF6F12833A00000000B6
:108F80000021C0E908110163C0E90E11016401214B
:108F900080ED0B0A80ED0D0A80F82810704781687B
:108FA00019B1416819B101394160002070470120B1
:108FB000704700284FF0FF0047D0B0B582B00C4694
:108FC00006293FD80020012A88BF0120B2F10E01F6
:108FD00018BF012108424FF0FF0033D11D468BB36B
:108FE00000208DF807008DF8060001F0DAFD0DF184
:108FF00007020DF10603214602F052FD9DF807001D
:10900000042816D09DF80610042912D0032818BF92
:10901000032916D101F0C5FD95ED000A214603F0A4
:1090200046FF78B901F0BDFD6A68214603F0A8FE4D
:1090300008E001F0B6FD95ED000A214603F009FFB6
:1090400000E0FF2002B0BDE8B04040B27047002110
:1090500080F83A10A0F844100163018770470000BF
:109060002DE9F04F81B02DED048B86B0834600686A
:1090700002780020002A01928BF8610000F08281C2
:1090800000244FF415760127DBF80800DBF81410F4
:10909000005D10FB0615284603F000F89BF85D0004
:1090A00018B99BF85A00502805D12846FFF73CF81C
:1090B00008B18BF8617001980134A042E4D10198A5
:1090C000002800F05C819FEDC48A4FF0000A4FF445
:1090D00015784FF4D27400BFDBF80C009BF85D10DC
:1090E00010F80A90002943D0DBF820C0BCF1000F33
:1090F0005CD0DBF82400DBE905354FF4D27150F881
:10910000294019FB0150DBF8082090ED012A019D50
:10911000B0EE481AB0EE480AF0EE480A12F8017BA9
:10912000013D5CF8276017FB083106EB890696EDD8
:10913000003A91ED314A91ED355A23EE044A04EBA1
:10914000870734EE000A23EE053A91ED334A97ED96
:10915000005A73EE200A25EE043A23EE023A33EE6B
:10916000011ADBD1FFF7ACFB4FF4D27438E000BF3B
:10917000DBF824206AB3DBF80800DBF8141052F89F
:109180002920019BB0EE480A10F8017B013B02EB5D
:10919000870617FB081796ED001A97ED3C2A21EE7B
:1091A000021A31EE000AEFD11AE000BFDBE9050137
:1091B00019FB080219FB041090ED011A92ED332AF5
:1091C00092ED310AD2ED350A22EE011AFFF778FB53
:1091D00006E0DBF8140019FB080090ED3C0A00BF24
:1091E000DBF81800BDEEC00A19FB040010EE101ADF
:1091F000FDF790FA01980AF1010A82457FF46CAFFD
:109200009BF86100002800F0BD800198002800F064
:10921000B9809FED718A4FF000094FF4D2770DF1BC
:10922000080A4FF4157800BFDBF80810DBF82C00B3
:1092300011F8095000B3DBF80C20DBF81830019C62
:109240000AEB850CB0EE489A12F8011B013C50F86D
:10925000216011FB073106EB850691ED080A96EDBA
:10926000001AB8EEC00A21EE000A30EE099AEBD1DE
:109270008CED009A0CE000BFDBF8180015FB07002E
:1092800090ED080A0AEB8500B8EEC09A80ED009ACE
:10929000DBF8140015FB0800FEF746FF78B3DBF897
:1092A0001400002115FB080090ED2C0A0AEB850242
:1092B000B5EE400AF1EE10FAB4EE490AC8BF01213A
:1092C000F1EE10FA4FF0000300F5D670B8BF01239D
:1092D000594018BFB0EE409A82ED009AFFF75FFE4A
:1092E00068B1DBF8140015FB080003F028FDDBF87B
:1092F000140015FB080000F5D670FCF778FE019805
:1093000009F1010981458FD10198D8B39FED328AC7
:1093100000254FF4D27600BFDBF80C00DBF82010FC
:10932000405DC9B1DBF80820019BB0EE480A00BFE0
:1093300012F8017B013B51F827400AEB870704EB49
:10934000800494ED001A97ED002A21EE021A31EE06
:10935000000AEDD104E000BF0AEB800191ED000AA4
:10936000DBF81810BDEEC00A10FB061010EE101A44
:10937000FDF7D0F9019801358542CDD102E09BF887
:10938000610000289BF86200012815D003280AD04C
:1093900002281AD1584606B0BDEC048B01B0BDE8D6
:1093A000F04F04F085BF584606B0BDEC048B01B009
:1093B000BDE8F04F05F02ABE584606B0BDEC048B60
:1093C00001B0BDE8F04F04F03DBE06B0BDEC048B2B
:1093D00001B0BDE8F08F00BF00000000014600F5BD
:1093E000827081ED350AFCF702BEA030FBF7ECBFBE
:1093F0004178022907D0012912BF002090F81401FA
:1094000000F0010070472AF0ABBE48B190F8281078
:10941000012903D090F83000012801D100207047C5
:109420000120704748B140F6F850C1F2000043787F
:109430002BB1062906D9FF2002E0FE2000E0002023
:1094400040B27047D0F8D00101F016BD2DE9F041CF
:109450008CB000284FF0FE074AD00C46002947D0B8
:1094600020461D4616460DF01FFC042801D9FF2793
:109470003EE040F6F857C1F20007D7F88001DDF86A
:10948000488018F0FBF820464146C7E90167BD70E7
:10949000C7F8D48104F07EFDD7F8D00101F08AFB33
:1094A00004AD28462021F8F709FE20F09BFA20F0B1
:1094B000A2FA4EF295010346C0F602012846224662
:1094C0000BF00FFB41F61432C0F60602D7F8B801D4
:1094D00041F600311768C0F60601D1E9002307EB19
:1094E000870189000027CDE90017029518F052F88E
:1094F00078B20CB0BDE8F08190F84000012121EA7B
:10950000500070472DE9F04F81B00446D0E90001CA
:10951000002590F8008091F80090B8F1000F84F8D1
:10952000605034D04FF4157A01274FF4D2764FF0C3
:10953000000B00BFA068616910F80B0010FB0A1057
:10954000FDF7A0FE0028E068A16910F80B0018BF25
:109550003D4610FB0610FEF723F848B1A06861698C
:1095600010F80B00012510FB0A100A2180F8A81141
:10957000E068A16910F80B0010FB0610FFF738FF38
:1095800008B184F860700BF1010BD845D2D1B9F164
:10959000000F27D000264FF04C0A4FF0010B002798
:1095A0002069E169805D10FB0A10FFF792FA00283C
:1095B00006F101061CBF5F465D46B145F0D18FB193
:1095C000B8F1000F0ED0A06861694FF415720A233C
:1095D000474600BF10F8016B013F16FB021686F8E4
:1095E000A831F7D1280623D0B8F1000F1ED00026ED
:1095F0004FF415794FF4D277A0686169805D10FB54
:1096000009100021FFF7BEFAE068A169805D10FB38
:109610000710FCF707FE30B1E068A169805D10FB20
:109620000710FCF7BEFC0136B045E5D10A2026E064
:1096300094F8600040B3B8F1000F1FD000264FF43B
:1096400015794FF4D27700BFA0686169805D10FB87
:1096500009100021FFF796FAE068A169805D10FB10
:109660000710FCF7DFFD30B1E068A169805D10FBF9
:109670000710FCF796FC0136B045E5D1002084F8D0
:109680005A000020A4F85C00E8B201B0BDE8F08FF9
:1096900091ED010A0A78BDEEC00A80F8622080EDE3
:1096A000190A70470430FBF78FBE00000146012005
:1096B00081F89C0091F89D009FED0C1A9FED0C2AFB
:1096C00091ED2A0AD1ED2B0A002804BFB0EE401A12
:1096D000B0EE602A81ED231A9FED061A01F5A07005
:1096E000F0EE411A81ED242A00F084B85555D5C614
:1096F0005555D546000000004278012A18BF704732
:1097000004F0CABA80ED010A7047000070B590ED10
:10971000680A0646B5EE400AF1EE10FA18DD96ED3D
:10972000671AB5EE401AF1EE10FA11DD96ED0D3A1A
:1097300096ED072AB8EEC33AB8EEC22A21EE031A14
:1097400032EE411A20EE010ABDEEC00A10EE101AE8
:10975000B6F9980146F2676206EB4000A0F8701176
:10976000B6F99801C6F26662013050FB02F2D308E6
:1097700003EBD27202EB8202A0EB8200A6F8980102
:1097800048F2010047F6FF730022B8251BB236F9F4
:109790001540994200B2B8BF0B46814205F1010560
:1097A000C8BF0846CC2D2244F0D119B201FA80F08E
:1097B00048F63961101AC3F6E30150FB01F081103D
:1097C00001EBD07005B2002D284600D56842B16F7C
:1097D00088420CDD307800092AF096FB96F81401D7
:1097E00040F0080086F81401A02086F81C012846E5
:1097F000756770BDB5EE401AF1EE10FAF5EE401A3D
:1098000080ED000AC0ED010A18BF80ED021AF1EEEA
:1098100010FA18BFC0ED031A704790ED050A90EDDD
:109820000C1A002131EE000A80F82810C16301648F
:1098300080ED050AC0E90D11C0E90B117047000069
:109840002DE9F04F87B000284FF0FE0400F0F781BB
:109850000E46002900F0F3818046304691460DF017
:1098600023FA072801D9FF24E9E130460DF01BFA5D
:1098700040F69831C1F2000149780646012902D12B
:10988000404601F027FA30460DF00EFA4FF000077F
:1098900088F80800CDF80090A8B10025E9B230465C
:1098A0000DF0FFF948B1B0F8011008EB8502A2F8FD
:1098B0000910B0F80300A2F80B0098F80840013531
:1098C000A542EBD300E0002408F1250A08F12900A5
:1098D0000121FF224FF0FF330025ADF810700397F0
:1098E0000AEBC706C9072AF83720B570F57040F8AB
:1098F00037304FF001074FF00001F1D1002CCDF8C7
:10990000088000F0D08008F10C080020012343F209
:109910000221019018F8039CB9F10D0F2DD803FA1C
:1099200009F0084229D018F8020C00F01F071F2F79
:1099300023D002984568E819C678FF2E1DD0484606
:1099400005F088FE03AA0AF83600A819D25D40780F
:109950000AEBC60188700AB101230CE04A780123A2
:10996000824205D203A8C355881801324A70077194
:1099700001980130019043F2022118F8017C0D2F6B
:1099800032D803FA07F008422ED098F8000000F011
:109990001F0BBBF11F0F27D00298456805EB0B008A
:1099A000C678FF2E20D0384605F054FE03AA0AF8E8
:1099B0003600A81912F80B2040780AEBC60188700F
:1099C0000AB101230EE04A780123824207D203A89C
:1099D00000F80B30881801324A7080F804B0019802
:1099E0000130019043F20221A9F10700012825D896
:1099F00018F8020C00F01F051F2D1FD002984068B8
:109A0000284490F803B0BBF1FF0F17D0484605F08B
:109A100021FE03AA525D01230AEBCB010AF83B00A9
:109A20008B7042B9487818B903A843554B700D7133
:109A300001980130019043F2022100BFF81F012874
:109A400022D898F8000000F01F051F2D1CD00298A6
:109A500040682844C678FF2E16D0384605F0FAFD37
:109A600003AA525D01230AEBC6010AF836008B7087
:109A700042B9487818B903A843554B700D71019845
:109A80000130019043F20221013C08F104087FF407
:109A900041AFDDF808800199D8F80400C9B2007818
:109AA000814200F2748003AE301D4DF6C5574EF270
:109AB0008D0801900124C0F60207C0F602080020BC
:109AC0001AF83010052958D80AEBC009DFE801F070
:109AD000151E0303302805208DF80C008DF8181092
:109AE000002199F80400ADF819108DF81B103146CB
:109AF000CDE904792BF014FE3FE005218DF80C1020
:109B000001990022C1E900228A6019E005218DF83F
:109B10000C100021CDE904110121C7F276710EE08D
:109B2000052200218DF80C20CDE90411069207E0F2
:109B300005218DF80C100021CDE9041104210691B6
:109B400002994FF0000B01EBC00500BF05EB0B01C4
:109B500091F82900FF280BD011F82A2FFF2A42463E
:109B600004BF3A464946CDE9042131462BF0D8FDE1
:109B70000BF1010BBBF1030FE8D10120E1074FF01E
:109B800000049DD1DDF8088098F80800B8B10024E1
:109B900008EB8405687A052804D1A87A00F01F0034
:109BA0002AF06CFFE87A052804D1287B00F01F001A
:109BB0002AF064FF98F8080001348442E8D3009E3C
:109BC00040F69837C1F20007F0B2330A0122310C97
:109BD00087F8C330002304287A7087F8C260A7F89A
:109BE000C41087F8C0300AD002280DD141F61433D2
:109BF000C0F606031B6887F8C020594302E0002125
:109C000087F8C020C7E932110338B0FA80F04FEA74
:109C100050104FF000044FF0000108BF0F21C8E9B9
:109C20000F40FF2088F8381088F8440088F8460074
:109C300008F150001421A8F84840F8F73FFA60B244
:109C400007B0BDE8F08F00002DE9F04F81B02DED99
:109C5000068BA0B0804600284FF0FE0018BF002AF7
:109C600000F0B085002B00F0AD851CA800F10809BC
:109C700008EB81000E468F0000F10B0100F1090591
:109C8000CDE91E1300F168018430089008F1A000AE
:109C9000059040F69830C1F2000000EB46000A91B2
:109CA00000F5B171079100F5AA71099100F5A37152
:109CB0000B9100F5957100F580700690C6EBC6001B
:109CC00008EB800000F5CE70119008F16000109054
:109CD00030010E9008F150000D900E209FEDD7AA94
:109CE000B840CDE91C52B6EE008AB2EE049A0F9746
:109CF000049000271CA80F2401254FF0000B12919F
:109D00001396CDF8308000BFD0E900A69AF8000085
:109D10001DF00EF970749AF8010011214009B07419
:109D20003046F8F7CBF99AF8000028B19AF801000C
:109D300000F01F001D2803D1347400F02BBD00BFBC
:109D4000CDE91A7719979AF80000129F01384C460E
:109D50004FF000090C2800F26B81DFE810F00D00D5
:109D60006901A5007F007200690150005D00BC0020
:109D7000D0003301230139009AF8010019A900F03D
:109D80001F001AAA2BF080FB002840F016811998BA
:109D900000210022A146317420FA01F3DBB2013127
:109DA000122982EA0302F7D1D10713994FF00F0469
:109DB00040F0D38200F03802202A40F013849AF851
:109DC0000120C0F38B10520904F0C5FE00F082BCE4
:109DD0009AF8010019A900F01F001AAA2BF054FBF1
:109DE000002800F02D81388840F6983801303880FE
:109DF00013200027C1F20008A14630742EE29AF821
:109E0000010019A900F01F001AAA2BF03DFB002841
:109E100000F03C810720D1E000271697CDE91477A8
:109E20009AF8010014A900F01F001AAA2BF02CFBCD
:109E3000002800F05B8108204FF6FF77A1463074C0
:109E4000DCE19AF8010000F01F002AF0E3FD411C5C
:109E5000199000F091819AF80110BDE19AF80190F3
:109E60000DF0A2F9002100270DF0E6F9002800F01E
:109E7000858109F01F010629A14600F2D08300F177
:109E800008070F24DFE811F00700D203B703C0036F
:109E9000B403DD03EF033846002100270BF03FF940
:109EA000002840F0AF83FEE39AF8010000F01F00A5
:109EB00029F002F8411C199000F062810899A1462E
:109EC00091ED000AB5EE400AF1EE10FA40F09F81E4
:109ED00040F6B830ACE19AF8010019A900F01F0073
:109EE0001AAA2BF0D1FA002800F050810920139F04
:109EF000307400204FF00008A14603907DE29AF8EC
:109F000001700DF051F900210DF0DEF90028A14695
:109F10004FF00F0400F08F808179062940F08B808C
:109F200007F01F01012900F02383002940F08380FE
:109F3000B0F90810B0F90A2000EE101AB8EEC00A05
:109F4000B0F90C30B0F90E0080EE090A01EE102ACB
:109F5000B8EEC11A81EE091A02EE103A03EE100AA9
:109F6000B8EEC22AB8EEC33A82EE092A83EE093A65
:109F7000042120EE0A0ABCEEC00A86ED000A21EE9A
:109F80000A0ABCEEC00A86ED010A22EE0A1A23EE86
:109F90000A0ABCEEC11ABCEEC00A86ED021A10EE27
:109FA000100A04E39AF8010019A900F01F001AAA88
:109FB0002BF06AFA002800F00A8101204FF6FF77A3
:109FC0003074E1E09AF80100C6F800900390012097
:109FD00070740DF0E9F800210DF068F90028A14631
:109FE0004FF00F0400F0BE81071D38460BF032F928
:109FF0000E2840F0B781039800F01F01072980F078
:10A00000AE8138460BF08BF8002800F0AB81B0F938
:10A01000000000EE100AB8EEC00A80EE090A012026
:10A0200020EE0A0ABCEEC00A86ED000A707452E304
:10A030000E203074D5E00A2095E100BF610B364355
:10A040009DF86C0040F69838139F4107C1F2000854
:10A05000A14608D51022327408EB4702B2F80E313F
:10A060000133A2F80E31820700F1E480C20740F00C
:10A07000ED80002900F1F0809AF8011019984A0942
:10A08000394604F068FD30600027E7E0199F86F844
:10A0900010901FFA87F948460CF03FFDC00740F0CA
:10A0A000AF804FEA174840460CF037FDC00740F03C
:10A0B000A7804846012101270CF01CFD0128A1467C
:10A0C00000F0A0804046012101270CF013FD01287B
:10A0D00000F0988019984FF6F07101EA8000306026
:10A0E000199801EA90307060002139E2DDE9140925
:10A0F00016991FFA80F84046039137740CF00DFD55
:10A10000C00772D11FFA89F738460CF006FDC00768
:10A110006BD103981FFA80F948460CF0FEFCC0078B
:10A1200063D140460121CDE902974FF001080CF0C0
:10A13000E1FC0128A1465BD0039801214FF0010802
:10A140000CF0D8FC012853D0029801214FF00108EF
:10A150000CF0D0FC01284BD014984FF6F07101EAB6
:10A16000800030601598002701EA80007060169822
:10A1700001EA8000B0603FE0042002E0A14691E2E5
:10A18000052030744FF0FF3700212CE09DF8680067
:10A19000139F03284FF00008A14600F0E680022834
:10A1A00040F00A81BDF86C10481E02280B98C0F0E0
:10A1B00000810998082900F0FC800998042900F022
:10A1C000F8800B990888013008800998F1E0199807
:10A1D0009AF80110C0F34D004A09139904F0BBFC32
:10A1E000306000210027A146BDE14FF00208A146E2
:10A1F000BDF8507086F81080DDF830800F24F5E14E
:10A200000227A1463774BDF864700021A9E101EE70
:10A21000100AB0EEC00AB8EE411A81EE000A0598A5
:10A22000139950F82100BCEEC00A10EE101A081A5B
:10A230000F244FE21121317408EB4701B1F81C21C2
:10A24000C30702F10102A1F81C2105D01221069AD0
:10A25000317411880131118000F00707139842F220
:10A26000117308EB4008B8F83801411C8AB29DF818
:10A270006C009A42A8F8381168D3129A139B11887F
:10A2800000F0070000294FF00001CDE91411ADF8EE
:10A290005630CDE9161004D0042003900621144650
:10A2A0003AE0B8F80E01B0B1012003211AF090F99C
:10A2B000B8F80E11169A149042EA010016900DF0AB
:10A2C000CCF904210022002314AC00940DF0A2F973
:10A2D0000020A8F80E01B8F81C01B0B1012004213B
:10A2E0001AF076F9B8F81C11169A149042EA010097
:10A2F00016900DF0B2F904210022002314AC009452
:10A300000DF088F90020A8F81C01069C2088B8B13F
:10A31000069C01200521039001201AF059F921889B
:10A32000169A149042EA010016900DF096F90399DE
:10A3300000220023A44614AC009464460DF06AF990
:10A340009DF86C0000212180A8F838119DF8681054
:10A3500000F0070040EA014103E1022143E100204F
:10A36000306070740B203074B5E11B9840F6983360
:10A3700010F0060FC1F2000306D003EB4701B1F85D
:10A380008C210132A1F88C21010706D503EB47018E
:10A39000B1F87E210132A1F87E21410606D503EBFA
:10A3A0004701B1F870210132A1F870210006079829
:10A3B00002D5018801310180FE20012100223B46A7
:10A3C0001DF088FA90ED330A199830EE080ABDEEB8
:10A3D000C00A10EE101A402905D089B2202908BF02
:10A3E000C0F34D0001E06FF39F309AF80110039025
:10A3F0004A09394604F0AFFB306044F2D022C1F282
:10A40000000232F8170042F21173013081B2994212
:10A4100022F8170072D30B98CDE914880088ADF8A4
:10A420005670CDF85C80CDF8588010B90998008836
:10A4300000B3012007211AF0CBF8DDF82490DDF8F5
:10A440002C801490B9F80000B8F80010CDE916106F
:10A450000DF003F914AF0321002200230097139F8E
:10A460000DF0D8F80020A8F80000A9F80000A146D7
:10A470004FF000080798008870B940F69830C1F294
:10A48000000000EB4700B0F8701129B9B0F87E1158
:10A4900011B9B0F88C0158B3012008211AF098F8CE
:10A4A0001490139840F69831C1F2000101EB40047A
:10A4B000B4F86201B4F87011B4F87E21B4F88C31AC
:10A4C00041EA004043EA0241CDE916100DF0C5F81B
:10A4D00003210022002314AF00970DF09BF8139F77
:10A4E000A4F86281A4F87081A4F87E81A4F88C811C
:10A4F00044F2D020C1F2000020F8178040F69831D5
:10A500001B98C1F200019DF8682091F8C010C3B2F9
:10A51000002943EA024123D0012F4FF000074FF0FA
:10A520000F0422D89AF80030092B1ED140F6983338
:10A53000139FC1F2000303EB870C039B032ACCF8A3
:10A54000D03037D0DDF8308040F69833022AC1F29F
:10A5500000033FD103EB4702B2F8D820104335E0A7
:10A560000027DDF830800F24B7E0DDF83080B4E05C
:10A57000B0F91010B0F9120000EE101A01EE100A36
:10A58000B8EEC00AB8EEC11A80EE090A81EE091AC7
:10A5900000200221B06020EE0A0A21EE0A1ABCEE69
:10A5A000C00ABCEEC11A86ED000A86ED011AF06001
:10A5B000717490E040F69833C1F2000303EB470258
:10A5C000B2F8D820DDF8308042EA002003EB4702E1
:10A5D000A2F8D800D81990F8DC200027013280F8C2
:10A5E000DC207AE003213174C0F38B17002174E082
:10A5F0003846062101E0384603210AF090FD002884
:10A6000000F0DD8007784EE0384604210AF087FD2F
:10A61000002814BF04780024384605211BE04FF0C1
:10A62000FF3706201997307400219CE73846012136
:10A630000AF075FD002814BF047800243846022172
:10A6400009E0384607210AF06AFD002814BF0478A3
:10A650000024384608210AF062FD002814BF007863
:10A66000002007191EE038460E210AF058FD002888
:10A6700014BF90F800804FF0000838460C210AF013
:10A680004EFD002814BF0478002438460D210AF03E
:10A6900046FD002814BF0078002004EB0801DDF817
:10A6A00030800F180F240A9802EE107A90ED000AFD
:10A6B000B8EE422AB0EEC01A82EE011AB5EE400A98
:10A6C0001997F1EE10FABCEEC11A11EE100A08BF8C
:10A6D00040F6B830306000210027119B199803EB39
:10A6E000CB0243F83B0098F83800516013990CF006
:10A6F0005FF901284DD19AF80000092829D19DF869
:10A700006800002845D0109F0F9B00F00F0137F81C
:10A710001B20994011431B9A0E9B62F30F20C3F13B
:10A72000200220FA02F227F81B10B3F1200158BFD3
:10A7300000FA01F200FA03F058BF00200D9E06EB6C
:10A74000CB0156F83B704B6838431A4346F83B0040
:10A750001EE0307C0F282AD80121814040F6FE52AD
:10A76000114220D0109B0F9A33F81B1090400843E1
:10A7700023F81B00B8B20E990D9F884007EBCB0160
:10A780004A6857F83B3002EAE072184047F83B004D
:10A790004A600027E8074FF0010B4FF000054846DC
:10A7A0007FF4B2AA0DE048F201000142F1D1109904
:10A7B000049A31F81B00104321F81B00E9E7002739
:10A7C00071E7002040B220B0BDEC068B01B0BDE8BF
:10A7D000F08F00284FF000001ED0F0B581B00D467C
:10A7E000062916D81446012A13D800208DF8030034
:10A7F0008DF8020000F0D5F90DF103060DF1020706
:10A80000294632463B4601F04BF9002C08BF37463B
:10A81000387801B0BDE8F040C0B270470021018235
:10A820008161C18990F84020816202F0F50180F8D1
:10A830004010704790F83D1080ED080A002918BFBD
:10A84000704700F03FBD90F84000012121EA9000E0
:10A85000704700002DE9F04F81B08A4690F85A10F9
:10A860000446BAF10D0F32D1A04658F85A0B0A2906
:10A8700090F800904F4647D16068057865B1002692
:10A880004C2700BF2069E169805D10FB0710FEF7CF
:10A89000DEFB0136B542F5D1B9F1000F33D000250A
:10A8A0004FF4D2764FF41577E068A169405D10FB54
:10A8B0000610FBF78DFCA0686169405D10FB071076
:10A8C0000D21FEF75FF90135A945EDD119E00B29FE
:10A8D0004FF0000000F03781FE2900F03481BAF11A
:10A8E000030F03D1606B002800F00281A04658F8E6
:10A8F0005A0B0A2990F8009003D1BAF10D0FBBD082
:10A90000F6E04F4600E0002794F85B2020465146D1
:10A9100002F0C2FB002800F0EB80BAF10E0FA4F8A1
:10A92000580078D8012000FA0AF044F28631084233
:10A930003ED0002F00F0CF8000264FF4D2754FF4A8
:10A94000157B00BFE068A169805D10FB0510FCF776
:10A950009EFFA0686169805D10FB0B10FCF701FE93
:10A96000E068A269805DB4F9581010FB0520FBF780
:10A970007FFA002800F0BC800136B145E2D194F89E
:10A9800062000428504608BF0920002F00F0A38071
:10A9900000254FF4157746B2A0686169405D10FB51
:10A9A00007103146FEF7EEF80135A945F4D192E0E3
:10A9B00010F0480F32D1012000FA0AF042F20101F2
:10A9C000084228D0002F00F0868000264FF4D2776E
:10A9D0004FF41575E068A169805D10FB0710FCF766
:10A9E00056FFA0686169805D10FB0510FCF7B9FD9A
:10A9F000E068A169805D10FB0710FBF7D2FAA06840
:10AA00006169805D10FB05105146FEF7BBF8013609
:10AA1000B145DFD15FE0BAF1500F69D17FB30026B5
:10AA20004FF4D2754FF4157BE068A169805D10FB8F
:10AA30000510FCF72CFFA0686169805D10FB0B100E
:10AA4000FCF78FFDE068A269805DB4F9581010FB37
:10AA50000520FBF70DFA00284AD00136B145E3D1B5
:10AA60006FB100254FF41576A0686169405D10FB59
:10AA700006105146FEF786F80135A945F4D1BAF122
:10AA80000D0F37D0BAF1070F2BD0BAF1060F39D11D
:10AA900097B300254FF415774FF4D27BD4E9020128
:10AAA000D4E90523405D495D10FB072611FB0B30FF
:10AAB000FDF727FF00EE100AB8EEC00A3046FBF79C
:10AAC000ABFCA0686169405D10FB071000F046FB1D
:10AAD0000135A945E2D1BAF10D0F0BD0BAF1070F3C
:10AAE00010D1082084F85A00012084F85C001AE094
:10AAF000002028E04FF0000A002084F85AA084F8D3
:10AB00005C001CE0BAF10E0F88F800A011D80120FB
:10AB100000FA0AF144F2863211420AD0BAF1030F68
:10AB200084F85C000CD094F85B00012807D1012068
:10AB300006E00020BAF1030F84F85C00F7D0002093
:10AB400084F85D00012001B0BDE8F08FB1F802C0CB
:10AB5000B1F904300FFA8CF2C26742780988012AF1
:10AB60000AB28367C0F8802018BF704780B584B0F0
:10AB700000781FFA83FE020300F007033FFA82F217
:10AB800042EA03221044019001A8ADF80810ADF884
:10AB90000AC0ADF80CE007F060FD04B0BDE88040ED
:10ABA000704740F69830C1F200000178012918BFC3
:10ABB00000207047D8B1F0B581B000F12504002520
:10ABC00001260127002100BF04EBC1010879CD70E7
:10ABD000FF2802D0CE702AF09BFE00200121FA0748
:10ABE0004FF00007F0D101B0BDE8F04000E0FE20DA
:10ABF00040B27047F0B581B0064600284FF0FE0025
:10AC000026D00D4621B3284614460CF04DF80428F2
:10AC100001D9FF201CE040F6F857C1F20007787810
:10AC2000012802D1304600F045F907F5D0702946D9
:10AC30001822F7F71BF928462146C7F8D44103F03C
:10AC4000A9F9D7F8D001FFF7B5FF012078700020EF
:10AC500040B201B0F0BD90F8A9218A422AD080B557
:10AC600090F8A83180F8A9110E2B12D84FF0010EE0
:10AC70000EFA03FC44F286321CEA020F09D0032BC1
:10AC800080F8C4E10FD001290BD1012180F8C51152
:10AC90000EE00022032B80F8C42102D14FF0010EF8
:10ACA00001E04FF0000E80F8C5E109B9FCF759FC4E
:10ACB000BDE8804001207047427881630021022A6C
:10ACC0004FF00102016580F8002108BF80F80111F2
:10ACD0007047000000283ED02DE9F04740F6983834
:10ACE000C1F20008814698F80100B0B309F1250AC5
:10ACF00009F129070020012507EBC004002600BF49
:10AD0000A05DFF2818BF2AF079FB0136032EF7D18A
:10AD10000120E9074FF00005EED100200121FF22BC
:10AD20004FF0FF33002600BF0AEBC605C9072AF81B
:10AD30003620A870E87047F836304FF001064FF023
:10AD40000001F1D109F108001D21F7F7B7F9002042
:10AD5000A8F8010002E0FE2002E00020BDE8F04774
:10AD600040B2704770B540F69834C1F200042078C4
:10AD7000012846D00020A0702AF08CFE00286060D8
:10AD80003ED004F108001D21F7F798F900200121B9
:10AD9000FF224FF0FF330025C90704EBC5064FF033
:10ADA00001054FF00001A6F8252086F8270086F857
:10ADB0002800C6F82930EFD141F61430C0F606005D
:10ADC0000068FA2148430026C4E932000420052126
:10ADD00084F8C060C4E93466C4F8D860A4F8DC60C4
:10ADE00019F0F6FBC4E9380604200621C4E93A66E6
:10ADF00019F0EEFBC4E93C06C4E93E66257000E0AC
:10AE00000024204670BD40F6F850C1F200000178E1
:10AE1000012918BF002070472DE9F04186B00D468A
:10AE2000DDE90C87064604200121144619F0D0FB09
:10AE3000029000208DF80C008DF80D50ADF80E40FA
:10AE4000CDE904870CF009FC02AF02213246002351
:10AE500000970CF0DFFB06B0BDE8F0814FF47A728A
:10AE6000514344F6D352C1F26202A1FB021291098E
:10AE7000C0E90011816070474FF0FE03C0B1BAB164
:10AE8000B0B5C1EBC10100EB8100D0F8B04100F5D5
:10AE9000D275D0E967CE2ACD546102F108042AC4E4
:10AEA000C2E900CED0F8B40100239061BDE8B04003
:10AEB00058B27047C8B170B540F6F855C1F20005F8
:10AEC0000446687858B1D5F8800116F0D7FBD5F85C
:10AED000D001002685F8D461FFF7FCFE6E700120DA
:10AEE00020730020BDE8704000E0FE2040B27047B3
:10AEF000B0B540F6F854C1F200042078012820D003
:10AF000016F0D4FAC4F8B801FFF72CFFC4F8D0014A
:10AF100004F5D0720420052104250AF027F916F063
:10AF2000C5FAC4F8800184F8985100250520212134
:10AF300084F88D5119F04CFBC4F888010120208061
:10AF4000E57040F6F850C1F20000B0BD10B582B017
:10AF500080B104460CF081FB94F8981104F5C4729A
:10AF600040F22C630092C0F60603002200240CF08D
:10AF700051FB00E0FE2460B202B010BD90F83D101D
:10AF800021B14FF07E510162012107E04FF0FF3106
:10AF9000B5EE400AF1EE10FAA8BF0121C161704779
:10AFA0000021C0E90111704710B5044600F5F670A4
:10AFB0002021F7F783F8FF2084F8080210BD4278BB
:10AFC0000988012A418218BF704780B582B0007895
:10AFD000ADF80410030300F007023FFA83F343EADD
:10AFE000022210440090684607F04BFB02B0BDE817
:10AFF00080407047818270478261C2890182511A04
:10B0000090F8402089B2816202F0F50180F840108A
:10B01000704700002DE9F04381B0044690F85B00D2
:10B0200081426DD094F95A608846204631464246A6
:10B0300002F032F8002863D0F1B20E2984F85B8068
:10B04000A4F8580012D8012000FA01F244F2863325
:10B050001A420BD0032984F85C000FD0B8F1010F1D
:10B060000BD1216884F85D000E7827E000200329C9
:10B0700084F85C0001D1012000E00020216884F800
:10B080005D000E78B8F1000F18D1BEB100254FF465
:10B09000D2794FF4157700BFE068A169405D10FBDD
:10B0A0000910FCF7F4FBA0686169405D10FB071014
:10B0B000FCF757FA0135AE42EED100E006B30027A7
:10B0C0004FF4D2754FF41579E068A169C05D10FBAB
:10B0D0000510FBF7A7F840B1E068A269C05DB4F9BC
:10B0E000581010FB0520FAF7C3FEA0686169C05D27
:10B0F00010FB09104146FFF7AEFD0137BE42E3D118
:10B1000001B0BDE8F08390ED391A90ED370AB5EE45
:10B11000401AF1EE10FA09DA90ED721AB8EEC11A7F
:10B12000B4EE410AF1EE10FA14DB15E090ED731A5B
:10B13000B8EEC11AB4EE410AF1EE10FA0ADC90ED55
:10B14000740A90ED351AB8EEC00AB4EE401AF1EE6A
:10B1500010FA01DD0120704700207047B0B52DEDD9
:10B16000028B00F5A0750446284600F093FC2846A3
:10B17000B0EE408A00F091FC94F8A811481E0D280A
:10B180001FD8DFE800F00E07300E07371111291B1A
:10B190001B1B1B07D4F8E801BDEEC00A80ED4A0A6C
:10B1A0000CE0D4F8E80105E0D4F8E801BDEEC00AEF
:10B1B00080ED4A0ABDEEC80A80ED480ABDEC028B5C
:10B1C000B0BD5029FAD194ED2D0AD4F8E801BDEEB6
:10B1D000C00A80ED4E0AF1E7D4F8E801BDEEC80AD6
:10B1E00080ED490AEAE7D4F8C400D4F8E811C1F8C0
:10B1F0003401E3E794ED2D0AD4F8E801BDEEC00A6E
:10B2000080ED4F0ADAE7B0B5044600F5A2700D46AE
:10B21000FAF7EDFEB5F902104FF47A72514394ED4E
:10B22000010A01EE101A6163B8EEC11A696881EE75
:10B23000001A02EE101AB8EEC22A82EE003AB5F9F0
:10B24000000094ED584A94ED595A06EE100A24EE87
:10B25000054A94ED575AB8EEC66A25EE065A35EE01
:10B26000044A94ED0E5ABDEEC11A84ED191AB8EED7
:10B27000C51A21EE000A33EE413A32EE400ABDEE25
:10B28000C33ABDEEC00A6067E16284ED594A84EDBD
:10B29000123A84ED0A0AB0BD70B140F6F850C1F21E
:10B2A0000000417851B180B5D0F8D001FFF782FCA1
:10B2B0000020BDE8804002E0FE2000E0002040B217
:10B2C00070470000027800210D2A4ED801239340D8
:10B2D00013F4385F14D113F4C17F20D090ED090A24
:10B2E0009FED231A9FED232A20EE010A80EE020A29
:10B2F000BDEEC00A10EE101A1029D8BF102123E0AD
:10B3000090ED090A9FED1A1A9FED1A2A20EE010A04
:10B3100080EE020ABDEEC00AB8EEC00A18E00C2AA0
:10B320004FF000021ED190ED090A9FED111A9FED1A
:10B33000112A20EE010A80EE020ABDEEC00A10EECC
:10B34000101A0429D8BF042100EE101AB8EE400AE2
:10B3500090ED081A47F6FF7221EE000ABDEEC00A12
:10B3600010EE101A8186C28670470022FAE700BFED
:10B3700000FF7F470000B443F0B581B00446006889
:10B380000125007888B100264FF4D277E068A169E2
:10B39000805D10FB0710FCF7FAFE2168002808BF4B
:10B3A0000546087801368642F0D3E8B201B0F0BD18
:10B3B000F0B581B00446006801260078B8B10025D8
:10B3C0004FF4D277E068A169405D10FB0710FBF7EE
:10B3D0001AF838B1E068A169405D10FB071000F071
:10B3E000CBFA00262068013500788542EAD3F0B216
:10B3F00001B0F0BD2DE9F04F81B02DED048B84B08C
:10B40000044600680078002800F0D2804FF0000861
:10B410004FF4D27640F2DB5A01AD6FF000490027BD
:10B4200000200090E06810F807B0A0690BFB06F15F
:10B43000405C000927F040FDA16950451BFB061048
:10B4400098BF80F80181FCF7A2FEA16960B11BFBE7
:10B4500006100021FBF75EF9206845F82790007878
:10B4600001378742DED310E01BFB061004EB870197
:10B47000806CC96F401A216845F8270008780137A9
:10B4800087424FF00100CCD303E00098C00700F0E2
:10B490008F80DDE90120002A00D55242039900285F
:10B4A00000D54042002900D549421346904238BF9A
:10B4B0000346994238BF0B46D21A94ED1E1A00EE8D
:10B4C000102AC01AB8EEC00AB8EEC11A02EE100A6D
:10B4D000C81A80EE010AB8EEC22A03EE100A82EE04
:10B4E000012AB8EEC33A83EE011A206F4FF4D275E9
:10B4F00003EE100AB8EEC33AB1EE434A002848BF43
:10B50000B0EE443AB7EE004A34EE400A23EE000AA9
:10B51000B5EE400A34EE422A23EE028A34EE411A96
:10B5200023EE019AF1EE10FAB5EE408A9FED481A2B
:10B53000B8BFB0EE410AF1EE10FAB5EE409AB8BFCE
:10B54000B0EE418AF1EE10FAB8BFB0EE419AB1EE1A
:10B55000401AB1EE482AB1EE493A002842BFB0EE97
:10B56000439AB0EE428AB0EE410AE068A1690078E1
:10B57000BDEEC00A10FB051010EE101AFBF7CAF85A
:10B58000E068A1694078BDEEC80A10FB051010EE16
:10B59000101AFBF7BFF8E068A1698078BDEEC90A10
:10B5A00010FB051010EE101AFBF7B4F8002048E06D
:10B5B000E068A16907784FF4D27217FB0217636F36
:10B5C000BE6CBD6BF61A2E44BE63477817FB02179C
:10B5D000BE6CBD6BF61A2E44BE63877817FB02174C
:10B5E000BE6CBD6BF61A2E44BE63077817FB0217BC
:10B5F000BB64477817FB0217BB64877817FB0217F9
:10B60000BB640378002713FB021383F800714378AF
:10B6100013FB021383F80071837813FB021383F882
:10B620000071037813FB02139F6C1F65437813FBB3
:10B6300002139F6C1F65807810FB0210816C0165FE
:10B64000012004B0BDEC048B01B0BDE8F08F00BF59
:10B65000000000002DE9F04F81B02DED048B86B085
:10B660000446406DF9281ED8E068A2690078216F71
:10B670004FF4D27510FB0520FBF74CF8E068A26987
:10B680004078216F10FB0520FBF744F8E068A269C1
:10B690008078216F10FB0520FBF73CF8606D0025DA
:10B6A000013060655DE12068002100788DF80A10A6
:10B6B0000028ADF8081000F0F58004F17C000027A8
:10B6C0004FF4D2760DF1080A03AD6FF0004B4FF046
:10B6D00000080190E068A16910F8079019FB0610B6
:10B6E000FCF755FD0AF8070038B1206845F827B087
:10B6F000007801378742EDD311E0A069019919FB69
:10B700000600806C51F827102268401A45F827007F
:10B710001078013787424FF00108DBD303E05FEA7E
:10B72000C87000F0BF80DDE90320002A00D5524236
:10B730000599002800D54042002900D5494213460A
:10B74000904238BF0346994238BF0B46D21A94ED57
:10B750001E1A00EE102AC01AB8EEC00AB8EEC11ABE
:10B7600002EE100AC81A80EE010AB8EEC22A03EEF1
:10B77000100A82EE012AB8EEC33A83EE011A206F56
:10B780009FED7C5A03EE100AB8EEC33AB1EE434A7D
:10B79000002848BFB0EE443AB7EE004A34EE400A03
:10B7A00023EE000AB5EE400A34EE422A23EE022AC6
:10B7B00034EE411A23EE011AF1EE10FAB5EE402AEA
:10B7C0009FED6B3AB8BFB0EE430AF1EE10FAB5EE5A
:10B7D000401AB8BFB0EE432AF1EE10FAB4EE402A98
:10B7E000B0EE404AB8BFB0EE431AF1EE10FAB8BF5F
:10B7F000B0EE424AB4EE441AF1EE10FAB8BFB0EE21
:10B80000414AB4EE454A35EE446AF1EE10FAB8BF4B
:10B81000B0EE463A31EE038A32EE039A30EE030A76
:10B82000B1EE401AB1EE492AB1EE483A002842BFC3
:10B83000B0EE438AB0EE429AB0EE410AE068A169E8
:10B8400000784FF4D2769DF80820BDEEC00A10FBB8
:10B85000061010EE101A0025002A18BF2946FAF724
:10B8600059FFE068A16940789DF80920BDEEC90A3A
:10B8700010FB061010EE101A002A18BF2946FAF71E
:10B8800049FFE068A16980789DF80A20BDEEC80AEA
:10B8900010FB061010EE101A002A18BF2946FAF7FE
:10B8A00039FF5EE0E068A16903784FF4D27613FBBC
:10B8B0000613626F9F6C9D6BBF1A2F449F63437882
:10B8C00013FB06139F6C9D6BBF1A2F449F638378F5
:10B8D00013FB06139F6C9D6BBF1A2F449F63037865
:10B8E00013FB06139A64437813FB06139A64837858
:10B8F00013FB06139A640278002312FB061282F8E7
:10B900000031427812FB061282F80031827812FB75
:10B91000061282F80031027812FB0612936C13654E
:10B92000427812FB0612936C1365827812FB0612A2
:10B93000936C1365007810FB06100021FAF7EAFEFD
:10B94000E068A169407810FB06100021FAF7E2FEDA
:10B95000E068A169807810FB06100021FAF7DAFE92
:10B960000125284606B0BDEC048B01B0BDE8F08F80
:10B970000000000000C05A452DE9F041ACB004467B
:10B9800090F82C01C00771D06078022806D00128F9
:10B9900008D194F8140100F0010001E028F0E0FB68
:10B9A000002863D1B4F8320104F59675013081B2F4
:10B9B000B1F5966FA4F832011DD9A06CD4F83811F6
:10B9C000884213D194F830010130C1B2642984F85F
:10B9D000300110D194F82C11002084F83001A4F823
:10B9E000320141F0020084F82C0104E0002184F8C7
:10B9F0003011C4F838012878800704D4D4F8340111
:10BA0000C4F89C0032E0A06CD4F83C310DF10A0877
:10BA1000C61A0120002784F8000116A2404696218C
:10BA2000C4F89C70A663A3642765CDE90036F5F7DA
:10BA3000A1FEA6780420012118F0CAFD28908DF8F7
:10BA4000A4708DF8A560ADF8A670CDE92A770BF04B
:10BA500004FE28AE02214246002300960BF0DAFDD8
:10BA60002846142184F80171F6F728FB2CB0BDE8B4
:10BA7000F08100BF4877206C696D20726561636852
:10BA800065643A206370256420637A256420636FBF
:10BA90002564000090ED040A704790ED0B0A704792
:10BAA0004FF0FE0C48B142B13BB100EB8100417A4E
:10BAB000C07A4FF0000C117018704FFA8CF070477C
:10BAC0002DE9F04FA3B0044600680078002800F08C
:10BAD0009580002501274FF4D27600BFE068A16968
:10BAE000405D10FB0610FCF752FB2168002808BFE0
:10BAF0000746087801358542F0D3002F1CBF012787
:10BB000000287CD04FF0000A01274FF04C094FF479
:10BB1000D2754FF0000800BFD4E90301E26911F8C3
:10BB2000081010F808B011FB09263046FAF787FE16
:10BB300080B3A0691BFB0500416AFAF7EBFDA06921
:10BB4000D4E924121BFB0500FAF70AFA00284DD0AD
:10BB5000A069D4F88C101BFB0500826C836B521A11
:10BB60001A4429A38263816480F800A101652648F4
:10BB7000D3E90112CDF800A0CDE90301988905921F
:10BB8000ADF8180003A800210022CDF804A0FFF7AB
:10BB900043F923E0304601F0B3F8F8B196F84000DD
:10BBA00040071BD4A0691BFB0500416AFAF7B2FDF0
:10BBB000D4E924123046FBF7E3FFB8B1304600F079
:10BBC0009FFDCDE903AA06F0A0FB026896F83B10A2
:10BBD000566B002203ABB04709E000BFA06900210B
:10BBE0001BFB0500FAF796FD01E000BF0027206867
:10BBF00008F10108007880458ED300E00127F8B2F3
:10BC000023B0BDE8F08F00BF43414C49425241543C
:10BC100045442121210000002DE9F04F81B02DED98
:10BC2000028B044600680078002800F0AC804FF0DA
:10BC300000084FF0010B4FF415794FF4D27AB7EEAC
:10BC4000008A0027E068A169C05D10FB0A1595F81D
:10BC5000010178B3A0686169C05D10FB0916606DD1
:10BC600096ED350A60B3D6F8D001C11700EB11701C
:10BC7000001101EE100AB8EEC11AB4EE410AF1EE5D
:10BC800010FA0EDCD6F8D80196ED370AA8EB400082
:10BC900001EE100AB8EEC11AB4EE410AF1EE10FA44
:10BCA00056DDD6F8D40141422846FAF733FD4FF06D
:10BCB000000B61E028460021FAF72CFD5CE000BF94
:10BCC000D6F8D001C11700EB9170801001EE100A78
:10BCD000B8EEC11AB4EE410AF1EE10FA0DDC96EDA1
:10BCE000770A96ED321AB8EEC00AB4EE401AF1EEB9
:10BCF00010FA02DAD6F8D411D6E728460021FAF76E
:10BD000009FD96ED230A96ED321A96ED242A31EEBE
:10BD1000401A32EE400A81EE000A96ED781A96ED4E
:10BD2000372AB8EEC11A85F8018120EE013A38EEC3
:10BD3000400A20EE010A32EE433A30EE020ABDEE2E
:10BD4000C33ABDEEC00A86ED723A86ED730A13E07F
:10BD5000284600214FF0000BFAF7DCFC96ED760A3E
:10BD600096ED321AB8EEC00A31EE000ABDEEC00AF6
:10BD700086ED770AC4F854B020680137007887420E
:10BD8000FFF460AF01E04FF0010B5FFA8BF0BDEC08
:10BD9000028B01B0BDE8F08FF0B581B004460068B9
:10BDA0000125007888B100264FF4D277E068A169B8
:10BDB000805D10FB0710FCF7EAF92168002808BF36
:10BDC0000546087801368642F0D3E8B201B0F0BDEE
:10BDD000F0B581B0044600680125007888B10026DE
:10BDE0004FF4D277E068A169805D10FB0710FCF783
:10BDF000CEF92168002808BF05460878013686423A
:10BE0000F0D3E8B201B0F0BD2DE9F04F81B02DEDD7
:10BE1000048BB0B0002104460026FFF7FBF819A8F8
:10BE20005A21F6F74BF920680078002800F0C2800C
:10BE30009FED858A9FED859A0DF1640A00204FF0F1
:10BE400000080490A068616910F808004FF41572AA
:10BE500010FB021B9BF8ED01032800F08780D4E95A
:10BE60000312D4E9063711F808104FF4D27511FB0C
:10BE7000053512F808104C22022811FB02792DD04A
:10BE8000012840F097802846FCF781F9002800F04F
:10BE9000858050465A21F6F711F9A86BD5F83C1168
:10BEA000AB6CB9F80E7044F64902CDE9001050466B
:10BEB0005A21C0F606020297F5F75CFC9BF80010C9
:10BEC0005046002200960196FEF7A6FFDBF8F4210B
:10BED00048460021FFF790F8022044E04846FBF76F
:10BEE0006CFE074650465A21F6F7E8F8D9F8186074
:10BEF00050465A214DA23B4600960026F5F73AFCE3
:10BF00009BF800105046002200960196FEF784FF31
:10BF10009BED241A00EE107AB8EEC00A31EE081A32
:10BF2000B4EE401AF1EE10FA47DB9BED231A31EE26
:10BF3000091AB4EE401AF1EE10FA3EDC50465A21CE
:10BF4000F6F7BCF8D5E90F3750465A2140A20097C2
:10BF5000F5F710FC9BF80010504600220096019661
:10BF6000FEF75AFF03208BF8ED011BE02A482AA3B5
:10BF70001A1D8BF8EC61059007CA0892CDE90601FD
:10BF8000187C00228DF824009BF8001005A800966C
:10BF90000196FEF741FF0120049003E02846FFF7D9
:10BFA000EBFC00BF206808F1010800788045FFF431
:10BFB00049AF29E00020049026E019AC0026204675
:10BFC0005A218BF8EC61F6F779F8DBE9235033F06E
:10BFD000A9FC41EC180B284633F0A4FC41EC100BF3
:10BFE00024A220465A213B468DED008B8DED020B9D
:10BFF000F5F7C0FB9BF800102046002200230096B6
:10C0000004930196FEF708FF0498C0B230B0BDEC6F
:10C01000048B01B0BDE8F08F43616C696220436F0F
:10C020006D706C657465642E00000000456E636F72
:10C0300064657220706F733A256420616E64207AA3
:10C0400065726F3A25640000008C6346008C63C6FD
:10C050004E6577204D7472206C696D6974733A2057
:10C060006D5F6D696E3D2564206D5F6D61783D2566
:10C070006400000063616C69622031343A6F75744A
:10C080004C696D3A2063703A2564206D783A252E0C
:10C090003166206D6E3A252E3166000070B504467B
:10C0A000051D90F8A8010022411E0D2984F8AA213F
:10C0B00012D8DFE801F02E07BAABAB16AB072EABF8
:10C0C000ABABABB504F58E70FCF769FF08B304F5B4
:10C0D000A070FDF7A2FB1CE0FE281AD0502840F00B
:10C0E000958094ED231A94ED240AD4F8B410B4EE9C
:10C0F000401A0020F1EE10FAC4E92E00C4F8C40082
:10C10000C4E93900C4F8EC00C4F8F01040F0A58090
:10C11000AFE094F80802072800F00181062804D156
:10C1200094F8EC01002800F0FA8004F5A07604F100
:10C13000B80104F1BC0204F1C0033046FBF7CAFBAE
:10C1400094F89D0094ED2E0A94ED321A30EE410AD7
:10C15000F8B19FED982AB4EE420AF1EE10FA08DD2C
:10C160009FED953A30EE030AB4EE420AF1EE10FA72
:10C17000F8DC9FED922AB4EE420AF1EE10FA08DAEA
:10C180009FED8F3A30EE030AB4EE420AF1EE10FA58
:10C19000F8DB94ED2F2A94ED334A94F8A91132EE8E
:10C1A000442A002984ED390A84ED3A2A64D094EDBA
:10C1B0003E7A94ED3D6AD4ED3F0A94ED233A94ED36
:10C1C000242A27EE000A94ED355A30EE060A20EEB6
:10C1D000844A30EE440AB4EE423A30EE454AF1EE7B
:10C1E00010FA84ED310A84ED3B4A84ED3C0A0BD011
:10C1F000B4EE431AF1EE10FA40F3A480B4EE421A02
:10C20000F1EE10FA80F2B980002032E00020C4E99B
:10C210002E00C4F8C400C4E93900C4F8EC007FE083
:10C2200004F5A070FDF7F9FA79E094ED231A94ED86
:10C23000240A94ED312A94ED353AB4EE401A0020E8
:10C2400032EE433AF1EE10FAC4E92E00C4E93900A7
:10C2500084ED3B3A84ED3C2A0BD094ED322AB4EEC7
:10C26000412AF1EE10FA5EDDB4EE402AF1EE10FA4A
:10C270006FDAC4F8B0008AE094F89C200021C4F87A
:10C28000C410C4F8EC104AB394F8A811FE2925D0C4
:10C2900094ED280AB4EE401AF1EE10FA1EDDD4ED4A
:10C2A000290AB4EE601AF1EE10FA17DA00219FEDB8
:10C2B000451A9FED452A84F89C10002804BFB0EE73
:10C2C000401AB0EE602A84ED231A9FED401A3046E2
:10C2D000F0EE411A84ED242AFDF78CFA94ED230A3E
:10C2E00094ED241AB4EE410AF1EE10FA1ED094ED4A
:10C2F0002A1A9FED372A94ED320A31EE021AB4EE73
:10C30000410AF1EE10FA0ADB94ED2B1A9FED312A67
:10C3100031EE021AB4EE410AF1EE10FA06DD002009
:10C32000C4F8F00033E031EE420A0DE094ED190A52
:10C3300094ED391AB4EE401AF1EE10FA0CDD31EE3C
:10C34000400A12E033EE410A2846F9F7BBF8FF2015
:10C3500019E030EE420A12E0B1EE402AB4EE421A81
:10C36000F1EE10FA16DA31EE000A84ED390A2846A9
:10C37000F9F7A8F884ED3C0A09E032EE410A2846B4
:10C38000F9F7A0F8012084ED2C0A84F8AA0194EDB5
:10C390003C0A70BD94F8C6010026C4F8E46028B1D8
:10C3A000284600F01EFEC4F8F060F0E79FED070A93
:10C3B000DDE700BF00000047000080C7000000C7A5
:10C3C000000080475555D5C65555D546000000009C
:10C3D0000080E3C40080E34490F8A811FE291DD139
:10C3E00090F80812062919D190F8EC11B1B180B576
:10C3F00090ED241A90ED232AB4EE410AF1EE10FAE2
:10C40000B4EE420AC8BFB0EE410AF1EE10FAB8BF6E
:10C41000B0EE420A00F08FFE012080BD0020704780
:10C420002DE9F0410E460121144605464FF0010862
:10C43000F9F71EFD2846FBF7B3F82846FAF713F97B
:10C440004FF0000708BB05F1A000C5E90777C5E973
:10C450000A77C5E90D77C5E91877AF66C5E91177A1
:10C46000C5E9137700F0BDFD40F20110A5F8000109
:10C47000A86CC5F89C70C5E94B77AF630127C5F878
:10C48000346185F82C81C5E94E043846BDE8F08159
:10C49000B0B50546FAF7E7F880F001040AF084FE2B
:10C4A000A9780AF0B9FE20B190F824000A3808BF34
:10C4B00004462046B0BD0000002800F01E812DE992
:10C4C000F04F87B040F69839C1F20009019099F811
:10C4D000C000002800F09C80002701244FF0000BD2
:10C4E00009EB0B0090F8DC00C00715D109EB4B0AF3
:10C4F00099F8C200BAF8D850042815D109EB8B007E
:10C50000D0F8D0600AF050FE5FFA8BF10AF084FE9A
:10C51000C0E91565AAF8D8704FF0010BE0074FF09D
:10C520000004DDD174E000BF0228F3D1002DF1D06A
:10C5300044F20831C1F2000131F81B00AAF8D870AA
:10C54000013021F81B001DF021FD1DF02DFD44F2EE
:10C55000F823C1F2000303EBCB0253F83B3009EBA5
:10C560008B085668D8F8C870C31A61EB0606DB1B47
:10C570004FF0000776F10003CCDBC2E9000144F282
:10C580000830C1F2000030F81B0089F8F5B089F8D6
:10C59000E5B0A9F8E650A9F8F6000AF005FE5FFA42
:10C5A0008BF631460AF072FE05460AF0FDFD314673
:10C5B0000AF032FE25B1B5F90C20B5F9101001E0F2
:10C5C00000220021D8F8D0300028C9E93A2314BF4E
:10C5D00000680020C9E93E010BF03FF809F1E007CF
:10C5E00004210022002300970BF014F80BF035F81B
:10C5F00009F1F00704210022002300970BF00AF84C
:10C6000044F208300027C1F2000020F81B7081E7D7
:10C61000019C94F8380000284FF0000069D0B4F86D
:10C620006010CDE904000390029019B9B4F86200DB
:10C63000002858D0D4F84600012127F0E9FA0DF07F
:10C6400019F994F844100DF078F958B90DF012F971
:10C6500041F60C32C0F6060294F844101268012329
:10C660000DF0BAF9B4F8600018B9D4E91401084320
:10C6700018D00420072117F0ABFF02900020ADF87E
:10C680000C00B4F86000D4E91412ADF80E00CDE946
:10C6900004120AF0E2FF02AF0421002200230097F7
:10C6A0000AF0B8FFB4F8620018B9D4E916010843DB
:10C6B00019D00420072117F08BFF02904FF48070EF
:10C6C000ADF80C00B4F86200D4E91612ADF80E0013
:10C6D000CDE904120AF0C1FF02AF042100220023B9
:10C6E00000970AF097FF04F150001421F5F7E6FCDB
:10C6F000002007B0BDE8F04F00E0FE2040B27047D8
:10C70000C169826A90ED081A514300EE101AB8EE22
:10C71000C00A80EE010A90ED051A00210182B8EEF0
:10C72000C11A90F8401001F0F50180F8401030EE89
:10C73000410ABDEEC00A80ED060A704740F6F85087
:10C74000C1F20000D0F8D001FFF7B6BE2DE9F04FDE
:10C7500081B02DED0A8BCAB0002105464FF00009CB
:10C76000FEF758FC2868007800288DF8D70000F004
:10C77000438208A89FED278A9FED279A9FED27AA5D
:10C7800029304FF415744FF0010B4FF0000804905E
:10C79000A868696910F8080010FB041A9AF80812D2
:10C7A000FF2900F0B981286907291BD0062937D154
:10C7B0009AF8F8110139032932D8EA6910F808000B
:10C7C0004C2710FB0720DFE801F002E94ED5DAF82C
:10C7D000FC2100210027FEF70FFC02208AF8F80157
:10C7E0009BE100BF9AF8ED1103293AD010F8080038
:10C7F000EA694C23022910FB032014D001290FD130
:10C80000DAF8F02100210027FEF7F6FB02208AF873
:10C81000ED0182E1008C6346008C63C600803644E3
:10C82000FF2600277AE1FBF7C8F9074600EE107AE9
:10C83000B8EEC01A9AED240A9AED23BA30EE082A0F
:10C84000B4EE412AF1EE10FAC0F2F9803BEE092A6B
:10C85000B4EE412AF1EE10FA00F3F18003208AF8D9
:10C86000ED01002698E02846FCF7FAFB9AED320A23
:10C870009AED7C1A31EE400AB0EEC00AB4EE4A0AD4
:10C88000F1EE10FA00F3488104208AF8F801E86814
:10C89000A96910F808004FF4D27610FB0619D9F8F0
:10C8A000480008ACC9F838000020C9F84800C9F8A9
:10C8B0005000012089F8000120465021F5F7FEFBC9
:10C8C000D9F83870D9F84830204650210FF2F032AC
:10C8D0000097F4F74FFF99F802100023204600223A
:10C8E000009301930024FEF797FA89F80141286824
:10C8F000CDF81C900078E0B1002700BFD5E9020117
:10C90000AA69CC5D10F8079014FB0620FAF7BFFF68
:10C9100068694FF4157119FB0100FAF722FEA86946
:10C9200014FB0600F9F73DFB2868013700788742C1
:10C93000E4D3DAF80002079E08ACF063DAF80402E8
:10C94000502130642046F5F7B9FBD6E90F37204671
:10C950005021E3A20097F4F70DFF9AF8001000278A
:10C960002046002200970197FEF756FA00264FF066
:10C970000009B2E0CE48CEA2002604328AF8EC616B
:10C98000369007CA37AB07C39AF8001036A80022C2
:10C9900000960196FEF740FA0127BFE0E968AF690B
:10C9A00011F80860FBF709F904469AED24CA00EE75
:10C9B000104AB8EEC00A3CEE081A9AED23BAB4EE5B
:10C9C000401AF1EE10FA5EDB3BEE091AB4EE401AA3
:10C9D000F1EE10FA57DC28684FF4D2790078CDF8E0
:10C9E0001CA0CDE90576E0B1002600BFD5E9020123
:10C9F000AA698F5D845D17FB09204FF4157AFAF759
:10CA000046FF686914FB0A00FAF7ABFDA86901212B
:10CA100017FB0900F9F72CFA2868013600788642DE
:10CA2000E4D3079E4FF4D27196F8A8014FF4157421
:10CA30000A2855D1FF2600274FF000096EE010EEBE
:10CA4000100A32F06FFF41EC1C0B1BEE100A32F0A3
:10CA500069FF41EC100B08AC204650218BA23B46ED
:10CA60008DED00CB8DED020BF4F784FE9AF80010EB
:10CA700000272046002200974FF415740197FEF717
:10CA8000CBF9FF264AE008AE0027304650218AF84D
:10CA9000EC71F5F713FB1CEE100A32F043FF41EC8A
:10CAA0001C0B1BEE100A32F03DFF41EC100B44F65C
:10CAB000730230465021C0F6060223468DED00CBAE
:10CAC0008DED020BF4F756FE9AF800103046002266
:10CAD00000970197FEF7A0F9FF264FF415741DE0AB
:10CAE000DDE905204FF0000910FB012ADAF83C00CF
:10CAF000C6F80002DAF84000C6F80402CAE90F9945
:10CB000096ED7C0AD6ED7D0A3046FFF765FC88B1CC
:10CB1000032086F8F80100BF002700262968002EB0
:10CB200008780BEA070B3FD108F101088045FFF4B4
:10CB30002FAE39E004982721F5F79EFA4AF2283003
:10CB4000C0F60600D0E900E100F108070591C169CF
:10CB50008CCF06910599CDF820E00DF1240ED0E997
:10CB6000054C8EE88E00D0E90821069B90F828003D
:10CB70000D94CDF838C0CDE90F3211918DF84800F1
:10CB80003178002708A800224FF415740097019708
:10CB9000FEF742F9D6F80002CAF83C00D6F80402C3
:10CBA000FF26CAF84000B9E756B3FF204FF00A0845
:10CBB00085F8680085F85A80087800B300274FF49C
:10CBC00015794FF4D27600BFA8686969C05D10FB83
:10CBD000091080F8A881FEF7E7F9E868A969C05D47
:10CBE00010FB0610F9F7DDF9286801370078874255
:10CBF000EAD34FF0000903E04FF0010B14E00020EE
:10CC0000BBF1000F39D078B100264FF4157700BF83
:10CC1000A8686969805D10FB0710FEF7C5F92868F0
:10CC2000013600788642F3D34AF2F020C0F60600BF
:10CC300090E88E00D0E904650DF1200E8EE88E009C
:10CC400000F12007D0E906C4CDE90C658ECF066B54
:10CC500090F834000DF1400E8EE88E008DF85400EF
:10CC600008A800210022CDE90EC41496CDF800904A
:10CC7000CDF80490FEF7D0F801E04FF0000B5846D5
:10CC80004AB0BDEC0A8B01B0BDE8F08F63616C69FE
:10CC900062373A6F75744C696D3A20637025642071
:10CCA0006D78252E3166206D6E252E3166000000D0
:10CCB00043616C696220436F6D706C6574656400DC
:10CCC00063364D3A706F7320726561636865643ACC
:10CCD0002063703D256420636F3D256400000000E3
:10CCE0004D7472206C696D6974733A206D5F6D6963
:10CCF0006E3D2564206D5F6D61783D256400000008
:10CD000090F84000C0F3C000704748B140F6F850BA
:10CD1000C1F20000417819B1D0F8D001FCF775BB21
:10CD20000020704700220282C0E90512C18990F8F4
:10CD30004020816242F00A0180F84010704710B52F
:10CD400086B004460220152117F042FC0290002014
:10CD50002178ADF80C00D4F8C800ADF80E1032F010
:10CD600095FE94F8A811CDE904100AF076FC02AC07
:10CD700003210022002300940AF04CFC06B010BDF1
:10CD800048B100EB8100417A032906BFC0F8A0201A
:10CD90000020F12000E0FE2040B270471AF006B8F3
:10CDA0001AF004B81AF002B810B504460078C0F1C1
:10CDB0000100C0B226F080F840F2DC51884244F213
:10CDC000D421C1F2000101D2012004E040F6AD52AD
:10CDD000904202D300202278885494ED390AB5EEAF
:10CDE000400AF1EE10FAA4BF002010BD2078085CC4
:10CDF000002818BF012010BD80B582B00EF068FF7A
:10CE00000FF06EF90DF04CF90DF0DDFA03F07CFC3B
:10CE100004F036FD04F0C1FD05F006FA10F02EFC1A
:10CE200010F03CFD00208DF807008DF8060009F099
:10CE30001CFA0DF107010DF1060209F07DFC18F056
:10CE4000ADFC9DF807109DF8062018F076FE02B0A4
:10CE500080BD70B100EB810212F8093F042B02D0B3
:10CE60009278042A07D100EB810080ED1A0A002095
:10CE700002E0FE2000E0F12040B2704710B586B01D
:10CE800000201521002417F0A3FBCDE90204CDE911
:10CE900004440AF0E2FB44F20D6302ACC0F6060360
:10CEA0000321002200940AF0B5FB06B010BD48B182
:10CEB00000EB8100417A032906BF80ED210A0020A2
:10CEC000F12000E0FE2040B2704710B586B000208F
:10CED0001621002417F07CFBCDE90204CDE90444BF
:10CEE0000AF0BBFB44F20D6302ACC0F6060303215B
:10CEF000002200940AF08EFB06B010BD80B508F049
:10CF00009CFA08F01DFD09F0B0F9BDE8804009F079
:10CF1000DBBA704710B518F041FC18F036FC044637
:10CF200012F034F9214612F06BFB0BF0DFFD2146C5
:10CF30000BF0D2FE13F008FF214613F0F3FF0AF0C6
:10CF4000D0FB0AF067FC09F090F940F6B831BDE873
:10CF5000104009F003BC704744F26C61C1F200015B
:10CF60008A683AB190F90B300168002B58BF01462E
:10CF7000084610470020704780B56021F5F79EF8FD
:10CF800080BD000070B504460DF090FF04214FF401
:10CF9000157223460DF094FF054644B12E4600BF9E
:10CFA0003046F8F73DF9013C06F51576F8D12846EC
:10CFB00070BD000070B504460DF078FF04214FF4F9
:10CFC000D27223460DF07CFF054644B12E4600BFC9
:10CFD0003046F8F7BBF9013C06F5D276F8D1284681
:10CFE00070BD0021C0E907114162C0E91511704709
:10CFF000F0B581B00C460546002600BF002700BFF3
:10D00000E05909F0C9FC55F8260038440437102FC0
:10D0100080ED000AF4D10136042E04F11004EDD1A4
:10D0200001B0F0BD202119F0C7BEB0B582B044F206
:10D03000D825C1F200050446E8800020A88002201F
:10D04000C5E9022317F0C4FA28600AF006FB0421A0
:10D050000022002300950AF0DDFA0AF0A5F8214627
:10D060000AF014F908B12968416102B0B0BD0000AE
:10D0700010B50446012898BF012400BF2046F5F7EB
:10D0800034F9002818BF10BD07F023F908B1804714
:10D09000F4E7002010BD00004FF0040321B10D297A
:10D0A00002D01AB113E04358184670474A1E0D2AA1
:10D0B0004FF000030FD80FF20601DFE802F016145C
:10D0C000080707180A0A120707070710ECE73421B8
:10D0D000E9E74821E7E75029E6D13821E3E7502185
:10D0E000E1E74C21DFE74421DDE74021DBE73C219C
:10D0F000D9E7B0B582B044F2E825C1F20005044694
:10D10000E8800020A8800220C5E9022317F060FA19
:10D1100028600AF0A2FA04210022002300950AF0F8
:10D1200079FA0AF041F821460AF0B0F808B1296806
:10D13000416102B0B0BD90ED251AF4EE410AF1EE66
:10D1400010FA02DDF0EE410A08E0B1EE411AF4EE09
:10D15000410AF1EE10FAB8BFF0EE410AF5EE400ACE
:10D16000F1EE10FA80ED2E0AC0ED2F0A08BF7047CD
:10D1700000F5A070FBF7C6BD10B586B041F62830AB
:10D18000C0F6060090E80E5040698DE80E500590FC
:10D1900004208DF801000020032100220123002437
:10D1A00019F016FFCDE9010417F0D9FA694617F016
:10D1B00004FD06B010BD416851B1017A032907D8BA
:10D1C00040F20850C1F2000000F2646009F0FCBBBC
:10D1D00070470000F0B581B00C460546012898BFA5
:10D1E0000125042998BF04240027684621462A46C1
:10D1F0000097F5F78CF8009878B96E4607F069F853
:10D2000050B18047304621462A460097F5F77FF80F
:10D2100000980028F2D000E0002001B0F0BD00002E
:10D22000F0B581B00C46FE2905460CD328694FF4B1
:10D23000A0610182FF218474A0F8131001B0BDE841
:10D24000F040FFF799BF00208DF803008DF8020031
:10D2500017F085FA0DF1020117F074FA092C1ED8A7
:10D26000DFE814F00A002A01F2000401CC003D01BD
:10D27000500117016301DF000EF02AFD0EF0BAFE27
:10D2800006460EF025FD0DF10302002100270EF0E9
:10D29000FBFD2F750EF01CFD0EF010FC57E1802CED
:10D2A00040F056810EF014FD0EF0A4FE0EF010FDBD
:10D2B0000021002200260EF0E7FD2E750EF008FD7D
:10D2C0000EF0FCFB0CF0ECFE0DF05DF80CF0E8FE4F
:10D2D000002100220CF0EBFFAE750CF0E1FE0CF02B
:10D2E00084FE13F0A9F813F0EAF913F0A5F8002171
:10D2F000002213F0A9F96E7513F09EF813F013F8DD
:10D3000003F002FA04F0B6FA03F0FEF9002100225D
:10D3100003F0F7F92E7703F0F7F903F0DEF904F0E4
:10D320003CFB04F07BFF04F038FB0021002204F0FA
:10D3300031FB6E7704F031FB04F018FB11F026FF8F
:10D3400012F02EF911F022FF0021002212F095F8C0
:10D35000EE7511F01BFF11F0B1FE0BF0C7FB0BF0E7
:10D360009CFC0BF0C3FB002100220BF06CFC2E7622
:10D370000BF0BCFB0BF053FB13F0E6FC13F0B3FD1A
:10D3800013F0E2FC0021002213F083FD6E7613F00F
:10D39000DBFC13F074FC10F071F910F047FA10F098
:10D3A0006DF90021002210F0FBF9AE7610F066F95D
:10D3B00010F0F4F80FF088FD0FF0B5FD0FF084FDCC
:10D3C000002100220FF0A0FDEE760FF07DFD0FF0A2
:10D3D00078FD07F044FF07F054FF14F0D6FA07F089
:10D3E0003EFF07F04EFF14F0A8FA8DF8030017F087
:10D3F000B6F9002117F086FB0646A8E00BF076FB95
:10D400000BF04BFC06460BF071FB0DF10302002103
:10D4100000270BF018FC2F760BF068FB0BF0FFFADF
:10D4200095E004F0BAFA04F0F9FE064604F0B5FA05
:10D430000DF103020021002704F0ACFA6F7704F02D
:10D44000ACFA04F093FA82E00CF02AFE0CF09BFF99
:10D450000CF026FE0DF10302002100260CF027FF40
:10D46000AE750CF01DFE0CF0C0FD73E011F08EFEE9
:10D4700012F096F8064611F089FE0DF10302002124
:10D48000002711F0FAFFEF7511F080FE11F016FE83
:10D490005DE00FF019FD0FF046FD06460FF014FD9C
:10D4A0000DF10302002100270FF02EFDEF760FF0A3
:10D4B0000BFD0FF006FD4AE012F0BEFF13F0FFF87F
:10D4C000064612F0B9FF0DF103020021002713F008
:10D4D000BBF86F7512F0B0FF12F025FF37E013F0C4
:10D4E00033FC13F000FD064613F02EFC0DF1030291
:10D4F0000021002713F0CDFC6F7613F025FC13F00C
:10D50000BEFB24E010F0BAF810F090F9064610F0D7
:10D51000B5F80DF103020021002710F041F9AF76B4
:10D5200010F0ACF810F03AF811E003F0EDF804F068
:10D53000A1F9064603F0E8F80DF1030200210027E7
:10D5400003F0DFF82F7703F0DFF803F0C6F80EB131
:10D55000002018E005F11400002100BF425C012A00
:10D5600010D001310A29F9D117F0F9F8002100266D
:10D5700017F0C8FA9DF80210022918BF8DF8026052
:10D580000028E5D101202969087405204874FF208E
:10D590008C74C874FFF7F0FD01B0F0BD10B51CF03D
:10D5A000F5FC1CF001FD44F26014C1F200040122FC
:10D5B000C4E92A01204684F8612084F8C820FFF7D6
:10D5C0001BFC94F8600068B994F8410028F0E3FA75
:10D5D000022803D194F8410028F0E3FA94F84200BD
:10D5E00028F0DFFA1CF0D2FC1CF0DEFC0246012021
:10D5F0000B4600F016FF40F2FF110220A4F8611064
:10D60000BDE8104000F030BB2DE9F04782B01CF0BF
:10D61000BDFC1CF0C9FC44F26014C1F20004D4E962
:10D620001A234FF00009013243F10003012584F869
:10D630006190C4E91A23C4E91E0184F89850C4E932
:10D6400042012046C4F84490FFF763FCA08DCDF85A
:10D650000490ADF8025078B30DF1040A0DF1020602
:10D66000E846002518F0FBFB5146324618F0B3FCA3
:10D670000746C8B9ADF8009018F050FD0199424630
:10D68000002318F0D4FD18B118F048FDFFF71DFC79
:10D69000BDF80000B4F846100844B4F84410A4F8EB
:10D6A0004600481CA4F84400BDF8020020B11FB990
:10D6B000A08D01358542D5D32046FFF71FFC94F895
:10D6C000600018B994F8410028F06BFA1CF05EFC79
:10D6D0001CF06AFC024600200B4600F0A2FEFF2070
:10D6E000A4F86100012000F0BFFA02B0BDE8F087A5
:10D6F0002DE9F04F8FB01CF049FC1CF055FC44F2B2
:10D700006014C1F200040222C4E93601012084F849
:10D71000612084F8F8000025204684F84D50A56467
:10D72000FFF719FCE08D0A95ADF81C5070B118F0A8
:10D73000F5FC04F155030AA907AA18F09AFC002881
:10D7400000F09D8018F0EAFCFFF7BFFB2046FFF7D2
:10D75000E1FB94F84D0080B14FF62C30C0F6050087
:10D76000056800BF206D29462DF0DAFE94F84D00C3
:10D770000138010684F84D00F4D11CF007FC1CF0C0
:10D7800013FC054602202A460B460E4600F049FED1
:10D79000D4E9460104F58073C4E948010FCBC4F80D
:10D7A0001051AD1A66EB03020023281AC4F8146165
:10D7B000C4E9465272EB010084F8283124BF0120ED
:10D7C00084F82A01B4F83471B4F832A1002F384635
:10D7D0000AF0100118BF0120002F00EA111C00F010
:10D7E000C8801AF0080000F0C48044F21030C1F282
:10D7F0000000D0E9001044F2183B44F2203E51EA08
:10D800000002C1F2000BC1F2000E06954FD044F2A7
:10D810002836C1F200066346D6E900ECDBE9008257
:10D8200011F1010B1FFA85F9CDF808A040F1000AAB
:10D830001EEB090001924CF1000144F21035C1F2D7
:10D840000005CDE90310C6E90001CDF81480B9EB5D
:10D850000806D84601984FF0000244F2203E9C464C
:10D8600044F2183B5346C5E9008ADDF808A0C1F22E
:10D87000000EC1F2000B72EB000631D334E0BDF8AC
:10D880001C0000283FF462AF18F0E9FA0A9944F648
:10D890004032C0F24C0218F0C6FB002800F02C8188
:10D8A00044F26010C1F20000FFF7E8FA4EE744F2DC
:10D8B000283244F2103300211FFA85F9C1F2000228
:10D8C0004FF00108C1F200030020CEE90011C2E9C7
:10D8D00000910390C3E90081CDF81090002200234D
:10D8E000CBE90092CDF81490DEE900B607EB87078C
:10D8F000BBEB090596414FEA47073CBFCEE90092D2
:10D90000CB46BEB2B8EB0607069D73F1000730D3D5
:10D91000DDE90310424644F21038C1F20008CDF8A8
:10D9200010C0F3F798FE0599C0EA01494CF6CD41C5
:10D930004FEA0B40714340EAD1474FF440300B901F
:10D940000026002040210A9616F042FE0A90CDE9FA
:10D950000C7909F082FE40F2F8530AAFC0F60603D4
:10D9600001210022009709F055FEDDF810C0C8E93A
:10D970000066BCF1000F1FFA8AF859D0AAB204F56C
:10D98000967528460023002705F071FAB4F8340193
:10D9900000EB8006284605F033FED0E90001B0EB2D
:10D9A000460071F1000043D307A92846FF22CDE9C4
:10D9B0000777099705F0C8FD284605F0ECFA0798A7
:10D9C00000250430002600BF50F8041BC7F12003D7
:10D9D00021FA03F3B7F1200258BF01FA02F301FA6A
:10D9E00007F107F1080758BF00211E43402F45EA01
:10D9F0000105E9D14FF47A000B90002042210A90F2
:10DA000016F0E6FD0A90CDE90C5609F026FE40F22C
:10DA1000F8530AAFC0F6060301210022009709F06F
:10DA2000F9FD079820B109990890091A06F0D4FC6D
:10DA30005FEA48702BD594F82A01012827D10020ED
:10DA400084F82A01CDE90A00D4F8B800D4F81811F6
:10DA5000B4F88820B4F8E830B4F8005142EA01463E
:10DA600043EA00470020412116F0B2FD0A90ADF8CC
:10DA70002E50CDE90C7609F0F0FD40F2F8530AAFD4
:10DA8000C0F6060303210022009709F0C3FD94F8B5
:10DA9000600040B140F2FF21606BA4F861100121E9
:10DAA00019F082F925E094F8410028F074F8022872
:10DAB00003D194F8410028F074F894F8420028F05B
:10DAC0006AF8022803D194F8420028F06AF894F822
:10DAD000430028F066F84FF6FF70A4F8610094F850
:10DAE0004050FF2084F8400016F039FE294617F018
:10DAF00038F80FB0BDE8F08FBDF81C00B4F84A103C
:10DB00000844B4F84810A4F84A00481C94F84D1092
:10DB1000A4F84800481C84F84D0017E6002814BFFC
:10DB20000078072080B582B002033FFA82F200F04D
:10DB3000070342EA03221044009068468DF804105F
:10DB400004F03BFD02B080BDF0B581B015460C4637
:10DB500006460020FE298DF8030010D33169002D00
:10DB600008744FF006008C7408BF07204874FF202B
:10DB7000A1F8130001B0BDE8F040FFF7FDBA092C91
:10DB80004FF0FF0750D8DFE804F005371F270F3F9D
:10DB9000472F51170EF09CF80DF10302002D4DD0C8
:10DBA00029460DF01BFF4CE00AF0A0FF0DF1030227
:10DBB00029460BF048F844E003F0EFFE0DF10302B4
:10DBC000294603F0E7FE3CE00CF06AFA0DF103028F
:10DBD00029460CF06CFB34E011F0D8FA0DF1030289
:10DBE000294611F04AFC2CE00FF06EF90DF103020A
:10DBF00029460FF089F924E012F01EFC0DF1030212
:10DC0000294612F021FD1CE013F09EF80DF10302ED
:10DC1000294613F03EF914E00FF030FD0DF1030238
:10DC200029460FF0BDFD0CE0FF200AE002F06CFD7C
:10DC30000DF10302294602F064FD02E000210EF01E
:10DC400023F9C0B2B0FA80F03169400908740620A7
:10DC50008C74002D08BF07204874CF74085D0875C8
:10DC6000FFF78AFA01B0F0BDB0B544F26015044682
:10DC7000C1F2000540B195F84C0028B905EB8400CD
:10DC8000406B022119F090F805EB8400406B0121F4
:10DC9000BDE8B04019F088B891F82420012303FAB8
:10DCA00002F200EE102AB8EEC00AB7EE001A81EEBA
:10DCB000000A91ED001A21EE001AB5EE401AF1EEBD
:10DCC00010FA7BDB91ED012A22EE002AB5EE402A04
:10DCD000F1EE10FA72DB91ED023A23EE003AB5EE66
:10DCE000403AF1EE10FA69DB91ED034A20EE040AA6
:10DCF000B5EE400AF1EE10FAB8BF70472DE9F041D9
:10DD000084B0B4EE412AB0EE414A0446F1EE10FA76
:10DD1000C8BFB0EE424AB4EE443A00200121F1EE11
:10DD200010FAC8BFB0EE434A01FA00F205EE102A1D
:10DD3000B8EE455AB4EE454AF1EE10FA08DB013070
:10DD40001028F1D14FF000080026002700251BE025
:10DD50009FED1B4AC0F10F0521EE041A81EE051A52
:10DD600022EE042A82EE052A23EE043A83EE053AD7
:10DD7000BDEEC11A11EE108ABDEEC21A11EE106A84
:10DD8000BDEEC31A11EE107A2078F9F783FD2078E2
:10DD9000020300F007013FFA82F242EA012108443F
:10DDA0000190E8B2C7EA0040C8EA0641CDE9021096
:10DDB00001A804F0DAFB04B0BDE8F041704700BFF1
:10DDC000000000470021C1707047000091F8242036
:10DDD000012303FA02F200EE102AB8EEC00AB7EEF1
:10DDE000001A81EE000A91ED001A21EE001AB5EE3C
:10DDF000401AF1EE10FA7BDB91ED012A22EE002AA7
:10DE0000B5EE402AF1EE10FA72DB91ED023A23EE04
:10DE1000003AB5EE403AF1EE10FA69DB91ED034AB3
:10DE200020EE040AB5EE400AF1EE10FAB8BF7047D2
:10DE30002DE9F04184B0B4EE412AB0EE414A0446E7
:10DE4000F1EE10FAC8BFB0EE424AB4EE443A0020F8
:10DE50000121F1EE10FAC8BFB0EE434A01FA00F218
:10DE600005EE102AB8EE455AB4EE454AF1EE10FA26
:10DE700008DB01301028F1D14FF000080026002700
:10DE800000251BE09FED1B4AC0F10F0521EE041A8F
:10DE900081EE051A22EE042A82EE052A23EE043AC8
:10DEA00083EE053ABDEEC11A11EE108ABDEEC21A1C
:10DEB00011EE106ABDEEC31A11EE107A2078F8F751
:10DEC000ECFB2078020300F007013FFA82F242EAFD
:10DED000012108440190E8B2C7EA0040C8EA0641BF
:10DEE000CDE9021001A804F090FB04B0BDE8F041B8
:10DEF000704700BF0000004780B509F0AEFB40F25C
:10DF0000F85203A1C0F60602BDE8804009F0C9BB83
:10DF100063616C6C6564205F7461736B444F5F7305
:10DF200074617274757028290000000080B509F0D2
:10DF300094FB40F2F85203A1C0F60602BDE880400F
:10DF400009F0AFBB63616C6C6564205F7461736BD7
:10DF500052585F7374617274757028290000000054
:10DF600080B509F07AFB40F2F85203A1C0F6060230
:10DF7000BDE8804009F095BB63616C6C6564205F0F
:10DF80007461736B54585F7374617274757028296F
:10DF90000000000070B540F6F856C1F2000606F524
:10DFA000D0750C46014628461822F3F75FFF284635
:10DFB00008F079FE054608F077FED6F8D011034642
:10DFC00008462946224686F8BC31BDE87040FBF77A
:10DFD00037BC007D022808BF012904D0FE200121A2
:10DFE000002219F08EB84FF2F312C0F60202FE20A2
:10DFF000012119F086B810B544F26014C1F2000492
:10E0000094F8410027F0C7FD022803D194F841009D
:10E0100027F0C7FD94F8420027F0BDFD022803D188
:10E0200094F8420027F0BDFD94F8430027F0B3FDBB
:10E03000022818BF10BD94F84300BDE8104027F037
:10E04000B0BD00002DE9F041044600680078D8B169
:10E050004FF000084FF415764FF4D277002500BF3B
:10E06000A0686169405D10FB0610FDF74CF830B107
:10E07000E068A169405D10FB0710C0F89C80206833
:10E08000013500788542EBD3BDE8F081007827F0B8
:10E090003FBC00002DE9F04F91B040F6F858C1F2B6
:10E0A0000008044698F8BC0100260028C8F8CA6198
:10E0B000C8F8C661C8F8C261C8F8BE6144D04FF064
:10E0C000010B0DF120090DF10C0A0027D8F8D00141
:10E0D000FDB229464A4653468DF830608DF81C60E3
:10E0E000FBF7B2FD9DF830109DF81C0008EB07020D
:10E0F00082F8C01182F8C70151B10F2908D008F584
:10E10000DF70294608F060FC9DF81C004FF0000B02
:10E1100040B10F2806D008F2BF10294608F054FC81
:10E120004FF0000B98F8BD1198F8BC010137013190
:10E13000874288F8BD11C9D3ABF10101B1FA81F171
:10E140004FEA5119064601E04FF0010998F8020024
:10E15000012807D1D8F8D42140462146FCF74AFDD2
:10E1600098F8BC6198F8BF2198F8BE31310362F38A
:10E17000071103F00F0200201144C8F88C01A8F821
:10E180008E11C8F89401C8F89001F6B11021002250
:10E19000002300BF032813D808EB000595F8C071D1
:10E1A00095F8C75107F00F07A1F1100405F00F050E
:10E1B000A7408D402F433A4343EAE573C8E96423FF
:10E1C0000130864201F10401E4D108AD2846202146
:10E1D000F3F774FF1BF006FC1BF00DFC4FF255012A
:10E1E0000346C0F602012846002206F07AFCB9F187
:10E1F000000F1ED0022088F898010520152116F086
:10E20000E7F9C8F8880108F5C47409F026FA98F807
:10E21000981140F22C63C0F606030022009409F026
:10E22000F9F998F89A0178B3D8F8841161B31427F2
:10E230001AE00520162116F0CBF9C8F88801042051
:10E2400008F5C47488F8980109F007FA98F898114D
:10E2500040F22C63C0F606030022009409F0DAF9BC
:10E26000D8F8841181B1FF2741F60032C0F60602CA
:10E27000D8F88001D2E9002388F899710127CDE907
:10E280000017029513F086F9D8F804202AB140F659
:10E29000F850C1F200000121904711B0BDE8F08FA5
:10E2A00044F26010C1F20000406B022118F084BDFE
:10E2B0002DE9F04F81B08268436992F800C092F86E
:10E2C00001904FF4157780461CFB073090ED320A21
:10E2D000947819FB073292ED321ABDEEC00A14FB96
:10E2E000073210EE106ABDEEC10A92ED321A10EE3E
:10E2F000107ABDEEC10A06FB06F210EE105A07FBBB
:10E300000722AB1905FB06F103FB071105FB0522EC
:10E31000D8F86430511A99427DDBD8F80C1000947B
:10E32000D8F818E00B784C7890ED020A89784FF411
:10E33000D27213FB02E314FB02E4B5EE400AD3F8F9
:10E340009C30D4F89CB011FB02E1F1EE10FAB5EE6E
:10E35000400AD1F89CA0BCBF5B42CBF1000BF1EEB0
:10E3600010FAB8BFCAF1000ABE42D8BFAE420DDDF6
:10E37000BE42A8BFAE420DDA4FF4D2711CFB01E1E0
:10E380000022C1F89C20F6F7D7FF05E0B3F1FF3F6C
:10E3900002DCEDE7012BEFDAAF42D8BFB74216DD62
:10E3A000BE4204DCAF4202DBBBF1010F12DBD8E955
:10E3B00005014FF4D27219FB02110022C1F89C2012
:10E3C0004FF4157119FB0100F6F7B6FF02E0BBF13F
:10E3D000FF3FE5DD009BB542D8BFBD4218DDB54229
:10E3E00004DBAF4202DCBAF1010F14DBD8E905010E
:10E3F0004FF4D27213FB02114FF4157213FB02009B
:10E400000022C1F89C2001B0BDE8F04FF6F794BFA0
:10E41000BAF1FF3FE3DD01B0BDE8F08FC0F300606B
:10E4200070472DE9F04F8FB044F2601900EB4001C6
:10E43000C1F2000909EB011A514651F870CF4FF0B3
:10E44000000BD1E901E6CD68D1E90647B2EB060839
:10E45000C1E9042363EB0502B8EB0C03C1E90847EB
:10E46000C1E9068272EB0E0381F828B024BF0123B4
:10E470008AF89A30B9F83461B9F83291334609F024
:10E480000207CDF838B0CDE90CBBCDE90ABB002EB0
:10E4900018BF012303EA5704012CCDF824B054D14E
:10E4A00044F24033C1F20003029403EB40144701ED
:10E4B000DD59676806EB860655EA0703CDF80CA020
:10E4C00004D0D4E902CED4E9063A1EE040F6D47373
:10E4D000C1F200031F5C0025012F04BF0DF13007BE
:10E4E00057F820504FF0000E44F2402C09AFC0F214
:10E4F0000F0C47F8205003F800E0002700234FF0EE
:10E50000000AC4E902CEC4E904EE13EB08034FEAA3
:10E51000460B4AEB0206C4E906366B1C47F10005C0
:10E52000B8EB0C0772EB0E07C4E9003538BFC4E93D
:10E530000282D4E90437DDF80CA0B3EB080377EBD3
:10E54000020338BFC4E90482029C1FFA89F244F234
:10E55000383900230228C1F20009CDE90633CDE99C
:10E56000043348D0012840F08B80D00727D091F8A1
:10E570002A00012823D144F23030C1F200000168A2
:10E5800041F288334A1C9942026018DB0021016085
:10E5900000200C2116F01CF80490D9E90001ADF818
:10E5A0001680CDE9060109F058F840F2F85304AF9F
:10E5B000C0F6060303210022009709F02BF8002C77
:10E5C00000F0C58044F24034C1F2000454F8200F3A
:10E5D0000A99636801EB0B02821A73F10002C0F022
:10E5E000B680CDF80CA004F1100604F1080A04F17D
:10E5F0001807012279E0D00728D091F82A000128D5
:10E6000024D100200D2115F0E3FF44F26011C1F286
:10E610000001049091F8580091F85910D9F80020A1
:10E6200040EA0120B9F80410ADF8168041EA004034
:10E63000CDE9062009F011F840F2F85304AFC0F616
:10E64000060303210022009708F0E4FF002C7ED08F
:10E6500044F24034C1F2000454F8400F0B9963684F
:10E6600001EB0B02821A73F1000270D3CDF80CA0FB
:10E6700004F1100604F1080A04F11807022234E03C
:10E68000D0071AD091F82A00012816D100200B21BA
:10E6900015F09EFF0490D9E90001ADF81680CDE990
:10E6A000060108F0DAFF40F2F85304AFC0F60603A3
:10E6B00003210022009708F0ADFF002C47D044F260
:10E6C0004034C1F200040999D4E9000301EB0B02C4
:10E6D000821A73F100023AD3CDF80CA004F11006AF
:10E6E00004F1080A04F1180700220292421AD7E93D
:10E6F000000163F10003F2F7AEFF49F69A11C1F68B
:10E700009911ABFB0112DAF800103368C0EA01403E
:10E7100012EB034640F1000700204021002515F0D0
:10E7200057FF04900298CDE90667ADF8160008F08F
:10E7300094FF40F2F85304AFC0F606030121002213
:10E74000009708F067FFDDF80CA0C4E90055002031
:10E750008AF89A00D9E90001090441EA1041C8EA9F
:10E760000040C9E900010FB0BDE8F08F80B561B18C
:10E7700040F67030C1F20000006940F60301C0F2BB
:10E780001041C0F81110012116E001F0BDFF01F0A9
:10E79000AAFF01F0B9FF01F0A0FF40F67031C1F20D
:10E7A0000001086940F60302C0F21052C0F81120BF
:10E7B000092281F8252000210174BDE88040FEF780
:10E7C000DBBC80B561B140F67030C1F20000006979
:10E7D00040F60311C0F21141C0F81110012116E0FA
:10E7E00003F0DBF803F0C8F803F0D7F803F0BEF845
:10E7F00040F67031C1F20001086940F60312C0F220
:10E800001152C0F811200A2281F82520002101743C
:10E81000BDE88040FEF7B0BC80B561B140F6703015
:10E82000C1F20000006940F20371C0F20D41C0F86E
:10E830001110012116E00EF047FB0EF049FB0EF01F
:10E8400043FB0EF03EFB40F67031C1F20001086957
:10E8500040F20372C0F20D52C0F81120082281F874
:10E86000252000210174BDE88040FEF785BC80B5FD
:10E8700061B140F67030C1F20000006940F20361FE
:10E88000C0F20C41C0F81110012116E00EF0F6FEA6
:10E890000EF063FF0EF0F2FE0EF080FE40F67031D7
:10E8A000C1F20001086940F20362C0F20C52C0F8E4
:10E8B0001120072281F8252000210174BDE8804045
:10E8C000FEF75ABCF0B58FB001291DD140F20854B3
:10E8D000C1F20004207D0E286DD14FF23950657DC4
:10E8E000E68AC0F60200CDE9040403F00EFDD4F878
:10E8F000081602680D9145EA06410E9116680DA9A9
:10E9000004AB0122B04756E040F20855C1F20005C1
:10E9100005200C4628730FF0F1FE2A7B002100260B
:10E920000FF0DCFEC5E96366C5F8946104AE3046BD
:10E930002021F3F7C3FB1BF055F81BF05CF84FF2F6
:10E9400033210346C0F6020130462A4606F0C9F8D4
:10E9500005204E2115F03CFEC5F88801042005F580
:10E96000C47785F8980108F078FE95F8981140F280
:10E970001663C0F606030022009708F04BFED5F898
:10E98000841181B141F60032C0F60602FF27D5F8A6
:10E990008001D2E9002385F899710127CDE900179C
:10E9A000029612F0F7FD6A682AB140F20850C1F2EF
:10E9B0000000214690470FB0F0BDF0B58FB001299F
:10E9C0001AD140F20854C1F200044FF21D40657D97
:10E9D000E68AC0F60200CDE9040403F096FCD4F800
:10E9E000081602680D9145EA06410E9116680DA9B8
:10E9F00004AB0122B04756E040F20855C1F20005D1
:10EA000005200C4628730FF079FE2A7B0021002692
:10EA10000FF064FEC5E96366C5F8946104AE304644
:10EA20002021F3F74BFB1AF0DDFF1AF0E4FF4FF261
:10EA300033210346C0F6020130462A4606F051F85B
:10EA400005203C2115F0C4FDC5F88801042005F51A
:10EA5000C47785F8980108F000FE95F8981140F207
:10EA60001663C0F606030022009708F0D3FDD5F820
:10EA7000841181B141F60032C0F60602FF27D5F8B5
:10EA80008001D2E9002385F899710127CDE90017AB
:10EA9000029612F07FFD6A682AB140F20850C1F276
:10EAA0000000214690470FB0F0BD80B561B140F63F
:10EAB0007030C1F20000006940F20321C0F205414C
:10EAC000C0F81110012116E00BF0EAFA0BF05EFB22
:10EAD0000BF0E6FA0BF089FA40F67031C1F2000152
:10EAE000086940F20322C0F20552C0F81120022248
:10EAF00081F8252000210174BDE88040FEF73CBB71
:10EB000080B561B140F67030C1F20000006940F29A
:10EB10000331C0F20741C0F81110012116E010F0D6
:10EB200035FB10F0A9FB10F031FB10F0C7FA40F6EE
:10EB30007031C1F20001086940F20332C0F207529D
:10EB4000C0F81120032281F8252000210174BDE8BE
:10EB50008040FEF711BB10B50B46022A044609D0CF
:10EB6000012A1CD1FE200121002218F0B3FEC0B101
:10EB7000983006E0FE200121012218F0ABFE80B1A2
:10EB80007C300268002A0FD04FF6FF70A4FB000112
:10EB90004FF0000348BF5242F2F75DFD10BD002068
:10EBA00010BD4FF4FA6010BD40F6B83010BD70B51E
:10EBB0008EB040F20854C1F2000401290DD1207D2D
:10EBC000022862D106F039FCD4F8A81104F5D672F7
:10EBD0000EB0BDE8704006F083BD052020730FF035
:10EBE0008DFD227B002100250FF078FD207D1A2667
:10EBF000022808BF1226C4E96355C4F8945104AD35
:10EC000028462021F3F75AFA1AF0ECFE1AF0F3FE28
:10EC10004FF233210346C0F602012846224605F092
:10EC200060FF0520314615F0D3FCC4F888010420AC
:10EC300004F5C47684F8980108F00FFD94F8981153
:10EC400040F21663C0F606030022009608F0E2FCCC
:10EC5000D4F8841181B141F60032C0F60602FF26D5
:10EC6000D4F88001D2E9002384F899610126CDE926
:10EC70000016029512F08EFC6268E2B140F2085074
:10EC8000C1F200000021904715E04FF27560657DEC
:10EC9000E68AC0F60200CDE9040403F036FBD4F89E
:10ECA000081602680C9145EA06410D9116680CA9F8
:10ECB00004AB0122B0470EB070BDF0B58DB040F28C
:10ECC00008551446012AC1F2000510D1032028730B
:10ECD0000FF014FD2A7B00210FF000FDA878012819
:10ECE0000DD105F1140128460CF0EAFB07E00520E0
:10ECF00028730FF003FD2A7B00210FF0EFFC0020AA
:10ED000004AFC5E96300C5F8940138462021F3F744
:10ED1000D5F91AF067FE1AF06EFE4FF23321034662
:10ED2000C0F6020138462A4605F0DBFE012C1DD153
:10ED3000022085F8980105200D2115F049FCC5F841
:10ED4000880105F5C47608F088FC95F8981140F222
:10ED50001663C0F606030022009608F05BFC95F8E7
:10ED60009A6176B3D5F88411E1B92AE04CBB05204D
:10ED70000E2115F02DFCC5F88801042005F5C47698
:10ED800085F8980108F069FC95F8981140F216632F
:10ED9000C0F606030022009608F03CFCD5F884116A
:10EDA00079B1FF2641F60032C0F60602D5F880019F
:10EDB000D2E9002385F8996101268DE8C20012F09E
:10EDC000E9FB6A682AB140F20850C1F2000021460E
:10EDD000904700200DB0F0BDF0B58DB040F2085561
:10EDE0001446012AC1F2000510D1032028730FF048
:10EDF00085FC2A7B00210FF071FCA87801280DD139
:10EE000005F1140128460CF05BFB07E00520287390
:10EE10000FF074FC2A7B00210FF060FC002004AF8F
:10EE2000C5E96300C5F8940138462021F3F746F997
:10EE30001AF0D8FD1AF0DFFD4FF233210346C0F679
:10EE4000020138462A4605F04CFE012C1DD1022055
:10EE500085F898010520102115F0BAFBC5F8880146
:10EE600005F5C47608F0F9FB95F8981140F21663A1
:10EE7000C0F606030022009608F0CCFB95F89A61D4
:10EE800076B3D5F88411E1B92AE04CBB05201121F5
:10EE900015F09EFBC5F88801042005F5C47685F8B9
:10EEA000980108F0DAFB95F8981140F21663C0F665
:10EEB00006030022009608F0ADFBD5F8841179B165
:10EEC000FF2641F60032C0F60602D5F88001D2E9ED
:10EED000002385F8996101268DE8C20012F05AFBE3
:10EEE0006A682AB140F20850C1F2000021469047FA
:10EEF00000200DB0F0BD80B561B140F67030C1F2B8
:10EF00000000006940F20311C0F20641C0F8111080
:10EF1000012116E011F090FA11F004FB11F08CFAC7
:10EF200011F001FA40F67031C1F20001086940F2B7
:10EF30000312C0F20652C0F81120012281F82520E8
:10EF400000210174BDE88040FEF716B9B0B5C5B226
:10EF500044F2601C6B00C1F2000C421E53FA80F0B8
:10EF60000CF1700303EB0011D1E90204002D08BF7E
:10EF700002222043D0B24FEA400050FA82F003EB65
:10EF8000001090F828009CF8623091F828E00AD030
:10EF900048B983EA020040EA0E00C0B2B0FA80F03D
:10EFA000400908BFB0BD0CEB8500406B0221BDE8F5
:10EFB000B04017F001BF80B561B140F67030C1F2CA
:10EFC0000000006940F20341C0F20841C0F811108E
:10EFD000012116E009F08AFD09F012FE09F086FD14
:10EFE00009F01DFD40F67031C1F20001086940F2E0
:10EFF0000342C0F20852C0F81120052281F82520F2
:10F0000000210174BDE88040FEF7B6B82DE9F0415B
:10F01000044600680078D8B14FF000084FF4157628
:10F020004FF4D277002500BFA0686169405D10FBF6
:10F030000610FDF7B9FE30B1E068A169405D10FB34
:10F040000710C0F89C802068013500788542EBD31A
:10F05000BDE8F081B0B582B008F0FFFA40F6F8558F
:10F06000C1F2000595F8981140F22C6305F5C474BF
:10F07000C0F606030022009408F0CCFA95F8990136
:10F08000FF2804D00138010685F8990101D002B0AB
:10F09000B0BDD5F8800102B0BDE8B04012F0EEBAC4
:10F0A00070B58CB001290ED106F0C7F940F20852B4
:10F0B000C1F20002D2F8A81102F5D6720CB0BDE878
:10F0C000704006F00DBB40F20854C1F20004052068
:10F0D00020730FF013FB227B002100250FF0FEFAB6
:10F0E000C4E96355C4F8945104AD28462021F2F7D1
:10F0F000E5FF1AF077FC1AF07EFC4FF2332103464D
:10F10000C0F602012846224605F0EBFC05200F213F
:10F1100015F05EFAC4F88801042004F5C47684F87A
:10F12000980108F09AFA94F8981140F21663C0F624
:10F1300006030022009608F06DFAD4F8841181B11C
:10F1400041F60032C0F60602FF26D4F88001D2E96B
:10F15000002384F899610126CDE90016029512F08A
:10F1600019FA62682AB140F20850C1F20000002189
:10F1700090470CB070BD0A7C0F2A00D170478B7C81
:10F18000022B06D0012B18BF70472AB11146F5F7A4
:10F1900055BD0968F5F7AEBFF5F74ABF80B561B157
:10F1A00040F67030C1F20000006940F20351C0F235
:10F1B0000941C0F81110012116E011F0C5FD11F050
:10F1C00045FE11F0C1FD11F05AFD40F67031C1F25B
:10F1D0000001086940F20352C0F20952C0F8112040
:10F1E000062281F8252000210174BDE88040FDF74A
:10F1F000C3BFB0B5054617F0E1FE284617F0E0FEA4
:10F200000446284617F0E2FE012C01460CD04CB90A
:10F210000E2907D8012000FA01F144F274021142CC
:10F2200018BFB0BD0020B0BD481FB0FA80F0400943
:10F23000B0BDB0B582B00446D0E9640104F5C47530
:10F24000013041F10001C4E9640108F006FA94F8C4
:10F25000981140F21663C0F606030022009508F0EC
:10F26000D9F9D4F8880115F09FF90E2804D0286840
:10F2700015F09AF9112803D106F0DFF806F019FA13
:10F2800094F89901FF2804D00138010684F8990107
:10F2900001D002B0B0BDD4F8800102B0BDE8B040EA
:10F2A00012F0ECB980B571B140F67030C1F20000D7
:10F2B00090F8261000690322C17404210175012110
:10F2C000A0F8112017E00CF003FD0CF086FD0CF007
:10F2D000FFFC0CF0F3FB40F67032C1F2000292F832
:10F2E000261010690323C174052101750021A0F8BF
:10F2F000113082F825100174BDE88040FDF73CBF55
:10F30000F0B58DB040F208550C460129C1F2000558
:10F3100010D1032028730FF0F1F92A7B00210FF0A0
:10F32000DDF9A87801280DD105F1140128460CF06B
:10F33000C7F807E0052028730FF0E0F92A7B0021C9
:10F340000FF0CCF9002004AFC5E96300C5F89401C3
:10F3500038462021F2F7B2FE1AF044FB1AF04BFBBC
:10F360004FF233210346C0F6020138462A4605F023
:10F37000B8FB012C1DD1022085F89801052013212E
:10F3800015F026F9C5F8880105F5C47608F065F989
:10F3900095F8981140F21663C0F606030022009615
:10F3A00008F038F995F89A6176B3D5F88411E1B987
:10F3B0002AE04CBB0520142115F00AF9C5F8880194
:10F3C000042005F5C47685F8980108F046F995F80B
:10F3D000981140F21663C0F606030022009608F06A
:10F3E00019F9D5F8841179B1FF2641F60032C0F63B
:10F3F0000602D5F88001D2E9002385F8996101263B
:10F400008DE8C20012F0C6F86A682AB140F20850CE
:10F41000C1F20000214690470DB0F0BDF0B58DB0AF
:10F4200040F208550C460129C1F2000510D1032015
:10F4300028730FF063F92A7B00210FF04FF9A878A9
:10F4400001280DD105F1140128460CF039F807E028
:10F45000052028730FF052F92A7B00210FF03EF9A6
:10F46000002004AFC5E96300C5F8940138462021A7
:10F47000F2F724FE1AF0B6FA1AF0BDFA4FF2332171
:10F480000346C0F6020138462A4605F02AFB012C45
:10F490001DD1022085F8980105203A2115F098F831
:10F4A000C5F8880105F5C47608F0D7F895F89811E5
:10F4B00040F21663C0F606030022009608F0AAF890
:10F4C00095F89A6176B3D5F88411E1B92AE04CBB7E
:10F4D00005203B2115F07CF8C5F88801042005F5CE
:10F4E000C47685F8980108F0B8F895F8981140F2BC
:10F4F0001663C0F606030022009608F08BF8D5F8D4
:10F50000841179B1FF2641F60032C0F60602D5F823
:10F510008001D2E9002385F8996101268DE8C200B7
:10F5200012F038F86A682AB140F20850C1F20000BF
:10F53000214690470DB0F0BDF0B58DB040F20855B2
:10F540000C460129C1F2000510D1032028730FF0E9
:10F55000D5F82A7B00210FF0C1F8A87801280DD139
:10F5600005F1140128460BF0ABFF07E005202873D6
:10F570000FF0C4F82A7B00210FF0B0F8002004AF90
:10F58000C5E96300C5F8940138462021F2F796FDDD
:10F590001AF028FA1AF02FFA4FF233210346C0F678
:10F5A000020138462A4605F09CFA012C1DD10220A2
:10F5B00085F8980105204C2115F00AF8C5F8880156
:10F5C00005F5C47608F049F895F8981140F21663ED
:10F5D000C0F606030022009608F01CF895F89A6120
:10F5E00076B3D5F88411E1B92AE04CBB05204D2152
:10F5F00014F0EEFFC5F88801042005F5C47685F8FF
:10F60000980108F02AF895F8981140F21663C0F6B0
:10F6100006030022009607F0FDFFD5F8841179B1AA
:10F62000FF2641F60032C0F60602D5F88001D2E985
:10F63000002385F8996101268DE8C20011F0AAFF28
:10F640006A682AB140F20850C1F200002146904792
:10F650000DB0F0BD0138C0B20C288EBFFF2001A153
:10F66000085C704700FFFFFFFFFF020301FFFF047C
:10F6700005000000F0B58DB040F208550C46012998
:10F68000C1F2000510D1032028730FF037F82A7B50
:10F6900000210FF023F8A87801280DD105F11401FD
:10F6A00028460BF00DFF07E0052028730FF026F821
:10F6B0002A7B00210FF012F8002004AFC5E9630097
:10F6C000C5F8940138462021F2F7F8FC1AF08AF9BF
:10F6D0001AF091F94FF233210346C0F60201384681
:10F6E0002A4605F0FEF9012C1DD1022085F898016B
:10F6F0000520182114F06CFFC5F8880105F5C476C3
:10F7000007F0ABFF95F8981140F21663C0F60603B8
:10F710000022009607F07EFF95F89A6176B3D5F83F
:10F720008411E1B92AE04CBB0520192114F050FFE7
:10F73000C5F88801042005F5C47685F8980107F01E
:10F740008CFF95F8981140F21663C0F6060300226C
:10F75000009607F05FFFD5F8841179B1FF2641F6D6
:10F760000032C0F60602D5F88001D2E9002385F800
:10F77000996101268DE8C20011F00CFF6A682AB178
:10F7800040F20850C1F20000214690470DB0F0BD94
:10F7900010B586B00F4944F2601201910DA1C1F27B
:10F7A00000028968136952FA80F4CDE902314EF6FD
:10F7B0004D7194F84120C0F602010491059001A911
:10F7C0001046002226F0A2F994F8410026F0DCF958
:10F7D00006B010BDFF0000000000000002010000A4
:10F7E000000000000000000044F2A030C1F2000060
:10F7F000017801B1704780B501210170FE20002120
:10F8000024F0B4FC23F094F823F0B6F8BDE880406F
:10F8100023F036BAB0B54C680520C0F2010084422E
:10F8200028D18D681AF0B2FB1AF0BEFBD5E900238F
:10F83000121A63EB0100511E70F1000106DB41F664
:10F840001431C0F606010968511A0AE041F6143372
:10F85000C0F606031B6851424FF0000262EB000045
:10F86000C91A70F1000005D31AF090FBD5E9002306
:10F870001AF0A0FBA4F580300538B0FA80F04009FA
:10F88000B0BD40F201118187704700002DE9F04FB3
:10F8900081B02DED068BBEB00978519F002904463A
:10F8A00000F0428394F83E00509F4F9E0DF1200BD4
:10F8B00004F10C0ACDE9013228B940F20110A08709
:10F8C000012084F83E001AADDDF83881281D1C2186
:10F8D000F2F7F4FB96ED001A96ED012A96ED023A46
:10F8E000B5EE401AF1EE10FAB5EE402A9FED110A7E
:10F8F000D8BFB0EE401AF1EE10FAB5EE403A8BEDFB
:10F90000121AD8BFB0EE402A8BED162AF1EE10FA8B
:10F91000D8BFB0EE403A97ED008A11A842F6105ECB
:10F920004FF0000CC0F6060E024600238BED1A3A8B
:10F9300004E000BF00000000000000340EEB8C0764
:10F9400097ED0A1A97ED0B2A97ED0C3A002700BFA6
:10F95000E91991ED004A91ED035A91ED066A21EE05
:10F96000044A22EE055AD61935EE044A23EE065A09
:10F97000043735EE044A0C2F86ED004AE8D10133F6
:10F980000CF1030C032B02F10C02D7D171460DF1DF
:10F99000680942F660554FF0000E23AAC0F606052E
:10F9A00001F1180C4F4600BF05EB8E0393ED0C1AC6
:10F9B00093ED0F2A93ED123A00256346B0EE404ACC
:10F9C000461996ED005A96ED016A96ED027A25EEFB
:10F9D000015A26EE026A36EE055A27EE036A7919B5
:10F9E00036EE055A91ED006AB3EC017A561986EDB0
:10F9F000005A26EE075A0C3535EE044A242DDFD185
:10FA00000EAE06EB8E010EF1010E42F66055043784
:10FA1000BEF1030F02F10402C0F6060581ED004AB3
:10FA2000C2D19BED060A9BED071A9BED082A002028
:10FA30002A1892ED0C3A92ED0F4A92ED125A23EEEB
:10FA4000003A24EE014A0BEB000134EE033A25EEB6
:10FA5000024A043034EE033A0C2881ED003AE7D133
:10FA600042F61050C0F6060090ED099A98ED00AAF3
:10FA700009F104001C21F2F721FB1FED511AB5EE2C
:10FA8000408AF1EE10FAB0EE410AB5EE40AAC8BFC6
:10FA9000B0EE480AF1EE10FAC8BFB0EE4A1A94F878
:10FAA0003C008BED121A8BED161A8BED1A1A98B1D9
:10FAB0001AAF8FCFDDE91F65DDF884C08AE88F00BB
:10FAC000CAF8185042F660552298CAF814600EAE73
:10FAD000C0F60605CAE907C030EE093A1FED6B0A09
:10FAE0000DF1440CCDF80CA000224FF00C0805F1EC
:10FAF000240A6146B0EE401A05EB820595ED002A16
:10FB000095ED034A95ED065A06EB820E0027404616
:10FB10005646B0EE406A00BF231893ED007AF6EC2B
:10FB2000010AE31927EE207A37EE066A93ED037A8D
:10FB3000D3ED040AD3ED051A27EE027A60EE840AAB
:10FB400030EE877A61EE850ACB190C3730EE877A72
:10FB5000242F00F1040083ED007ADDD195ED092A10
:10FB6000013226EE022A42F6605532EE011A0431C5
:10FB7000032A08F10C08C0F606050EAE8EED006AE9
:10FB8000BAD133EE010A00200BA900BF0CEB000232
:10FB900092ED001A0BEB000292ED002A221831EED2
:10FBA000021A81EE001A92ED032A321882EE002A20
:10FBB00082ED001A0A1804300C2882ED002AE5D1E3
:10FBC0009BED032A9BED041A9BED050A0DF1D40E63
:10FBD000002201200EF10408CDF81B2006928DF8BA
:10FBE00017008DF81B008DF81F00B1EE424AB1EEF0
:10FBF000415AB1EE406A0DF117034646504600BF28
:10FC00009F569D18F0EC010A07EE107A95F90170E5
:10FC1000B8EEC77A64EE201A31EE877A01EE907A58
:10FC200095F90270F8EEE11A65EE202A72EEA11A3B
:10FC300002EE907AF8EEE22A66EE200A70EEA20A50
:10FC4000033206ED017AC6ED001AC6ED010A092A53
:10FC500006F10C06D4D10DF1B00B0EF10C0000250D
:10FC600011AB5F46049000BF0EEB850090ED004A9B
:10FC7000E81C0EEB800696ED005AAE1D0EEB8601D9
:10FC800091ED006A4FF0000C04EB0C0292ED037A48
:10FC9000D2ED040AD2ED051A27EE047A60EE850A49
:10FCA00007EB0C0130EE877A61EE860A0CF10C0C42
:10FCB00030EE877ABCF1240F81ED007AE4D10BEBB2
:10FCC00080000BEB850190ED005A0BEB860091ED67
:10FCD000004A90ED006A049E002000BF96ED007A75
:10FCE00056ED030AD6ED031A64EE200A25EE077AD4
:10FCF000191837EE207A66EE210A0C3030EE877A3A
:10FD0000242806F1040681ED007AE7D10135043795
:10FD1000032D03F10403A7D142F6605223EE024AF9
:10FD200023EE015A23EE006A0020C0F606020BAB58
:10FD3000191891ED007A043064EE070A67EE051A8F
:10FD400027EE067A48ED010AC8ED001A88ED017A1F
:10FD50000C2808F10C08EBD1002011AB191891ED1B
:10FD6000004A0EEB000191ED005A09EB000104304E
:10FD700034EE054A242881ED004AEFD108A890ED21
:10FD8000004A90ED015A90ED026A84EE034A85EE36
:10FD9000035A86EE033A0020B1EE446AB1EE457A8A
:10FDA000F1EE430AFAEC011A1118D1ED003A66EEB1
:10FDB000212AD1ED014AD1ED025A72EEA32A0EEBAF
:10FDC000000167EE213A60EEA11A0C3073EEA43AFE
:10FDD00071EEA51A2428C1ED002AC1ED013AC1ED4A
:10FDE000021ADFD10EF11808002523A811AB5A46DC
:10FDF0000EEB8501EE1C91ED006A0EEB8601AF1D46
:10FE000091ED007A0EEB8701D1ED000A002100BFD1
:10FE100009EB010ADAED001ADAED012ADAED023A0D
:10FE200061EE861A62EE872A02EB010C72EEA11ACD
:10FE300063EEA02A0C3172EEA11A2429CCED001A2F
:10FE4000E6D10BEB860191ED006A0BEB850191ED9C
:10FE5000007A0BEB8701D1ED000A0027464600BF70
:10FE600056ED062A56ED033AD6ED001A67EE222A21
:10FE700066EE233AC11973EEA22A60EEA11AD1ED03
:10FE8000003A71EEA21AD9190C3771EEA31A242F79
:10FE900006F10406C1ED001AE2D101350432043046
:10FEA000032D03F10403A3D123AE301D002108ABC1
:10FEB0005A1892ED006A043124EE067A65EE060ABD
:10FEC00023EE066A00ED017AC0ED000A80ED016ABA
:10FED0000C2900F10C00EBD1039A42F610570020D8
:10FEE000C0F6060711AD00BF291891ED003A311890
:10FEF00091ED004A09EB0001043033EE443A242826
:10FF000081ED003AF0D194F83D00B8B1019890ED40
:10FF1000003A84ED0C3A90ED014A84ED0D4A90EDE3
:10FF2000025A84ED0E5A0FE094F83E00002800F0CB
:10FF30009180002084F84000E0878BE094ED0C3A3B
:10FF400094ED0D4A94ED0E5A40F20110A4F83F00D2
:10FF5000029897ED136AD0ED000ADDE91C9770EE68
:10FF6000C33A21EE231A73EE061AD3ED072A31EEB7
:10FF7000041A20EE230ADDE91E6593ED066A93ED6F
:10FF8000087A22EE232A30EE050A84ED011ADDE913
:10FF90001A1ADDE920CEDDF88880C2E9029730EE3A
:10FFA000E11A42F6605732EE032A84ED020A00207D
:10FFB000C2E9046521EE220AC0F606070EAE84ED02
:10FFC000002A84F83C00C2E9001AC2E906CEC2F851
:10FFD000208084F83D0000BF3A1892ED002AD2ED4F
:10FFE000030AD2ED061A22EE032A60EE840A3118C3
:10FFF00030EE822A61EE850A043030EE822A0C2827
:020000040803EF
:1000000081ED002AE8D142F61050C0F6060026EE37
:10001000012A90ED003A93ED066A21EE071A90ED61
:10002000014A93ED077A90ED025AD3ED080A33EEB8
:10003000063A32EE032A34EE073A30EE030A35EE82
:10004000203A31EE031A519F84ED0C2A84ED0D0AFB
:1000500084ED0E1A2068386060687860A068B86027
:100060003EB0BDEC068B01B0BDE8F08FF0B589B0B5
:100070000446083009220D46F1F7F8FE16F078F92B
:1000800088B907F0EAFA40F6F06744F28E5240F67B
:10009000D803C0F60607C0F60602C0F6060305211F
:1000A000009707F0B7FA287AAE88012809D116F030
:1000B00077FB297AEF880129054604D116F070FBF9
:1000C00002E0AF790025002040F20121CDE90010C7
:1000D000F0B2FBB280212A4680250FF0D5FD606189
:1000E00016F05EFBC4F8240216F05AFBC4F828028E
:1000F00080200CF0BEFDE061002000260CF0B9FD70
:100100000021A0610CF0E4FD04F50F7006A9CDE913
:100110000665089602F032FD45F6EB632068C0F6EE
:100120000203217A628944F2BB35049344F2A53379
:1001300008A7C0F60305CDE90206C0F603030120B7
:10014000CDE90056059716F083FC01460120616059
:1001500009B0F0BD646961676E6F73746963000014
:10016000B0B58CB004AD044628462021F1F7A6FFB7
:1001700062682846012104F0C0FC6069B4F83A12B4
:10018000002403220023CDE9004502940FF00CFE69
:1001900007F063FA40F6D80203A1C0F6060207F0A2
:1001A00080FA0CB0B0BD00BF63616C6C6564205F09
:1001B0007461736B5F7374617274757028290000C9
:1001C00010B586B004460021C0690591ADF8121043
:1001D00005A90DF112020CF06CFD0A20C6F6010013
:1001E00003900598BDF812104FF61503CDE90101F3
:1001F00004F50F70C0F6020303A901AA02F0C6FCC1
:10020000012006B010BD10B582B041F62032C0F614
:1002100006020446C169406912680023ADF8063041
:100220000FF0FCFC10B92046FFF7CAFF60690DF122
:1002300006010FF0A7FEBDF8060018B160680121A5
:1002400016F0B2FD02B010BDB0B505461046012152
:10025000144606F044FC012802D12846FFF7D3FFDC
:1002600020460221BDE8B04006F039BC10B544F28A
:100270004C10C1F200000078BFF35F8FC00704D0BC
:1002800044F2A430C1F2000010BD44F24C10C1F29F
:1002900000001FF003FD0028F2D044F2A434C1F2A4
:1002A0000004204600F012F840F2353040F200021F
:1002B000C0F60300C0F602022146F1F787FD44F2C2
:1002C0004C10C1F200001FF0FFFCD9E710B5044646
:1002D00041F61430C0F6060000686421484300214E
:1002E000C4E90001292020724FF40230C4F80A004A
:1002F0000120E0812074A0747F20C4E9891184F872
:100300002C12C4F81310C4F81710C4F81B10E177AE
:10031000C0F200100A2142F6F82204F50C73C6F66A
:100320000101C2F6F82207C304F50F7002F031FC98
:10033000204610BD10B5044600F50F7002F046FCD3
:10034000204610BD10B5044600F5967002F046FE3A
:10035000204610BD026801F00103C1F343004FF0D5
:10036000010C32F813100CFA00F0084347F6FE7146
:100370000140012022F813107047026801F00103C8
:10038000C1F343004FF0010C32F813100CFA00F0E7
:100390008143012022F81310704700002DE9F0413D
:1003A00082B08046007E002800F0FE8002F04BFB09
:1003B00008F12007D8F80420F0CFD8F80C30121933
:1003C00045F100059B1947F100071B1A77EB010364
:1003D0004FF0000C38BF4FF0010C121A75EB010200
:1003E0001DD2B8F83A20B8F8383092B21A4398F8CB
:1003F0004130B2FA82F2012B4FEA5212C8E90801E9
:100400001ED142B30022D8F8003088F8192098F89D
:100410000820C8E90E33012388F841300AE098F833
:100420001930032B00F2C08098F80820DFE803F0B1
:1004300002283A28033AB2FA82F25209002338E03D
:1004400012B3D8F80020032388F81930C8F83C20EC
:100450004FF0010C0CE0D8F83870D8F800200123D8
:100460004FF0000C88F81930C8E90C01C8F83C704E
:10047000C8F8382098F8082088F841C04FF0010CDF
:10048000002A18BF012214E00222D8F83830D8F828
:10049000007088F8192098F80820C8E90E73002326
:1004A00088F8413002F0FE02023AB2FA82F25209B2
:1004B0000223002A00F07880BCF1000F74D0C8E954
:1004C0000A01DFE803F002541B3398F81400B8F86F
:1004D0003C10B8F83E20A8F84E0042EA0140002146
:1004E000C8E9140100203C2114F072F848F8480FC4
:1004F00007F0B3F858F8383C012150E0D8E90C3245
:10050000C01A91414FF47A720023F1F7A4F898F8D9
:100510001410B8F83C20B8F83E30A8F84E1043EA62
:100520000241C8E9141000203E212FE0D8E90C3226
:10053000C01A91414FF47A720023F1F78CF898F8C1
:100540001410B8F83C20B8F83E30A8F84E1043EA32
:100550000241C8E9141000203F2114F039F848F88E
:10056000480F07F07AF858F8383C032117E098F85C
:100570001400B8F83C10B8F83E20A8F84E0042EA43
:1005800001400021C8E9140100203D2114F020F8A9
:1005900048F8480F07F061F858F8383C0421002269
:1005A000CDF8008007F036F8012002B0BDE8F081F8
:1005B000B0B544686CB105460068C5E90E0001207D
:1005C00085F84100288302F03EFAC5E90801C5E933
:1005D0000A01002C18BF01242046B0BD016800228A
:1005E000012081F841200A83C1E90822C1E90A22D9
:1005F0008A63CA63704780B50068FFF7CFFE0120A9
:1006000080BD0068FFF7D4BF0068027E8AB101F0A8
:10061000010230F812C0C1F34301012303FA01F1D2
:1006200011EA0C0F05D000EB4200028F22EA010113
:1006300001870120704710B5026891E809500C69E4
:1006400082E809501461087D0021107582F84D0080
:10065000012082F84110C2E90811C2E90A11C2E979
:100660000E1182F84C101183A2F84E1011655165DD
:1006700010BD000070B5044658201FF0F5FE48215B
:100680000546F1F71BFD48F2A060C0F2010068606A
:1006900049F28060C0F2980009A1C5E90301FE207B
:1006A0002875002605F1200022216E76F1F706FD5F
:1006B0002046C5E91266C5E91466256070BD00BF15
:1006C00064756D6D7900000010B50446006810B1C6
:1006D000582103F081FE204610BD80B5006800F06F
:1006E0003BF8002080BD80B5006800F0C9F800200C
:1006F00080BD80B500680968016000F0E1F8002065
:1007000080BD006800F064B910B544F25010C1F229
:100710000000007844F2E454C007C1F20004BFF3C3
:100720005F8F01D0206810BD44F25010C1F200006C
:100730001FF0B4FA0028F5D004201FF095FE01F058
:10074000BAF8206044F25010C1F200001FF0BCFA69
:10075000E8E7006800F062B92DE9F047804606F04E
:100760007CFF40F6281242A1C0F6060206F099FF6F
:1007700098F8090000286FD098F80B00012802D1E2
:10078000404600F0A1FD4046002100224FF0000944
:1007900000F01EF905F043FBD8F8AC310221062227
:1007A00005F07AF905F03BFBD8F8A81105F026FC16
:1007B00040F6F00140F6012C08F5E67EC0F6060191
:1007C000C0F2001C002300BF5EF80340FCB1D1E979
:1007D0000067D1E90225C4E90267C4E90425D1E92B
:1007E0000427D1E90865C4E90627D1E90A20D1E93F
:1007F00006A7C4E90C20D1E90C20C4E90A65C4E9C4
:1008000008A7C4E90E205EF80300C0F800C04EF847
:1008100003900433102BD7D14FF0FE30C8F8DC0121
:1008200008F11C004FF4B471F1F748FCD8F8A801A6
:10083000FF2188F81C1011F0F9FED8F8AC0111F076
:10084000F5FED8F8B00104F0DBFCD8F8880110F010
:1008500015FF002088F80900012088F814000DF029
:100860004DFF082101220DF039FF0020BDE8F0877F
:100870003A3A4465616374697661746528290000B9
:1008800010B582B0044606F0E8FE94F8A01140F6D8
:10089000281304F5C87CC0F606030022CDF800C07A
:1008A00006F0B8FED4F8900113F07EFE532803D171
:1008B00004F0C3FD04F0FDFE002002B010BD0000F6
:1008C00070B586B004460079002864D133A103A82E
:1008D00003F01FF802F0DEF89DF91700B0F1FF3FBA
:1008E00005DC0599039821F0004103F075FDFF2018
:1008F000207700250420042100220023CDE90055A3
:10090000042611F0D3FEC4F8A8010220042100221D
:1009100000230095019511F0C9FEC4F8AC01042034
:100920000A21002204F022FCC4F8B00104200421B2
:10093000002204F01BFCC4F8C40110F0B7FDC4F899
:1009400088010520542184F8A06184F8955113F0A2
:100950003FFE0126C4F890012681E57226750DF050
:10096000CDFE082101220DF0B9FE4FF0FE30C4F893
:10097000DC0104F5F0700421C4E97355C4E9755530
:1009800003F01AFB10F092FDC4F8F40104F5FC70BA
:10099000C4F818022671002006B070BD656D626F44
:1009A000743A3A6170703A3A6574683A3A746865B4
:1009B0004654736572766963653A3A496D706C3A6C
:1009C0003A696E697469616C697365282900000071
:1009D00070B514460D46064606F03FFE40F6281256
:1009E0000AA1C0F6060206F05CFE707A58B1D6F88D
:1009F000C40140F62B42C0F6030229462346BDE857
:100A000070400DF0EFBD002070BD00BF3A3A536555
:100A100074526567756C6172732829002DE9F04383
:100A200085B00D7A0C46052D80462DD1606801AE4B
:100A30000368827900F10801002506F1080001939E
:100A4000082A28BF08228DF80820CDF80950CDF8D3
:100A50000D500495F1F74FFA304602F030F80328B4
:100A600008D0022810D16068007A1838B0FA80F0F7
:100A7000450909E06068006800F00F000A380528A1
:100A80009ABF39A10D5C0025012D04D140462146B5
:100A900000F022FA63E098F8090000285FD061684E
:100AA000207809781E2200F0010002EAD1010844F2
:100AB00000F1400705F0B3F939460222062305F09C
:100AC000ECF8FF2842D0064608F50C703946FFF7CF
:100AD0009BFD08EB8600D0F8CC91B9F1000F35D022
:100AE000A81E022834D2AB1E18BF0323606899F8F1
:100AF000001009EB830209EB43039FED1D0A183236
:100B00003033002500EB45073F890129A7F5004751
:100B100001EE107AB8EEC11A09D133F8157002EE61
:100B2000107AB8EE422A21EE021A21EE001A01359F
:100B3000A2EC011A032DE5D101F085FFC9E90201FC
:100B400040462146324600F0E5F908E0FF2007E084
:100B5000042D04D16068B0F80900A9F8160000203F
:100B600040B205B0BDE8F0830203000000040000BD
:100B7000000000380B4600EB8101D1F8CC1129B3FD
:100B8000B0B582B009780025002908BF032540F2DE
:100B90000271002A08BF0125A0F8BC110DF1070160
:100BA00000F5DE74C0F8C011022006211A46FF23AA
:100BB0008DF8075016F00CFA054605F056FB214655
:100BC0002A4605F00EFD02B0BDE8B040704770B592
:100BD00082B000F5E676054656F8210018B30C46BB
:100BE0003AB12846214600F06EF856F82400C07845
:100BF00000E000208DF8070043F60220A5F8BC01B4
:100C00000DF10700C5F8C001022006212246FF238E
:100C100005F5DE7616F0DCF9044605F026FB3146D4
:100C2000224605F0DEFC02B070BD0021C0F20621B4
:100C30000840401AB0FA80F040097047B0B582B061
:100C40000B4640F60201A0F8BC110DF107018DF82A
:100C5000072000F5DE74C0F8C011022006211A46F4
:100C6000FF2316F0B5F9054605F0FFFA21462A469E
:100C700005F0B7FC02B0B0BDF0B581B001218DF830
:100C8000031040F2027100F5DE74A0F8BC110DF102
:100C9000030100F5E6760027C0F8C01156F82700DA
:100CA00060B1FAB202200621FF2316F091F9054641
:100CB00005F0DBFA21462A4605F093FC0137042FA4
:100CC000ECD101B0F0BDF0B581B0054600EB81007C
:100CD000D0F8CC01F0B100200DF103060C468DF8E0
:100CE00003003046002105F06FFE43F60210A5F820
:100CF000BC01022006212246FF2305F5DE77C5F858
:100D0000C06116F065F9044605F0AFFA394622468F
:100D100005F067FC01B0F0BDF0B581B043F60221EB
:100D2000002600F5DE74A0F8BC110DF1030100F5FA
:100D3000EE778DF80360C0F8C01100BFB85D0C28D5
:100D40000CD1F2B202200621FF2316F041F905462C
:100D500005F08BFA21462A4605F043FC0136042EA5
:100D6000ECD101B0F0BD10B582B0044606F075FCC0
:100D700094F8A01140F6281304F5C87CC0F60603C9
:100D80000022CDF800C006F045FCD4F8900113F025
:100D90000BFC532803D104F050FB04F08AFC94F8B8
:100DA000A101FF2804D00138010684F8A10101D077
:100DB00002B010BDD4F8880102B0BDE8104010F0B8
:100DC0005DBC00002DE9F04F87B0044601F108003A
:100DD000CDE90032029105F066FF054605F064FF9B
:100DE000D4F8B01103940446084604F009FA11F04F
:100DF000D9FE002844D004A800F106084FF00009ED
:100E00004FF0000B5FFA8BF0ADF81890CDE9049924
:100E100011F0C0FE0746FE208DF81000CDF81690A8
:100E200034B300264FF0000AF1B2284605F039FF2E
:100E30000178B9420FD181888279ADF81410016828
:100E400002F00100049108EB4000C2F3430105F0F9
:100E50005DFE4FF0010A0136F0B2A042E4D3BAF1D0
:100E6000010F05D1039804A9D0F8B00104F0ADF941
:100E70000BF1010B5FFA8BF611F094FE8642C1D3A1
:100E8000039DD5F8B00104F0E5F998B1029805F595
:100E9000DA74C5F8C80141F2AD30C0F60300C5E907
:100EA0006D0504F0CAFAD5F8B011224604F018FC1A
:100EB00000200DE0052028750DF020FC08210522FA
:100EC0000DF00CFC019A12B1009800219047FF2010
:100ED00040B207B0BDE8F08F90F8EE21012A16D19C
:100EE00080B50A7849681E2391F800E002F0010CF1
:100EF00003EADE039C444B894A7A1BBA00F5F07082
:100F00000CF140011B0C01F0E3FCBDE88040002027
:100F1000704700002DE9F04387B0894600EB82005E
:100F2000D0F8CC3144F2486CD9F80400C1F2000C7E
:100F30005CF8221087795B780131072F4CF822107A
:100F400040F08F80807B002800F08B8099F808703B
:100F5000032F0DD0022F40F08480C0F38107012FB2
:100F600011D0022F1AD144F21867C1F200070EE027
:100F7000C0F38107012F3CD0022F45D144F21867FE
:100F8000C1F2000739E044F2E857C1F2000702EB72
:100F9000420637F82650013527F82650C0F30117CE
:100FA00044F2E856012FC1F2000606D0022F0CD100
:100FB00044F21867C1F2000700E0374602EB420531
:100FC00007EB85077D8801357D808009022806D0E2
:100FD000012846D102EB420006EB800007E044F214
:100FE000186702EB4200C1F2000707EB80000430F3
:100FF00034E044F2E857C1F2000702EB420607EB87
:101000008607FE880136FE80C0F3011744F2E856D9
:10101000012FC1F2000606D0022F0CD144F218674E
:10102000C1F2000700E0374602EB420507EB8507F7
:101030003D8901353D818009022806D0012810D163
:1010400002EB420006EB800007E044F2186702EB77
:101050004200C1F2000707EB80000A300788013721
:101060000780002B4ED04FF4FA605843814249D399
:1010700044F2E85102EB4200C1F2000101EB8006AC
:1010800044F21861C1F20001002501EB80070DF167
:10109000080800244CF8225037F81400CDE9045514
:1010A0000395029510B936F8140040B399F8000082
:1010B000D9F8041000284FF0020008BF0120097879
:1010C0008DF80C0008098DF80D000120022113F0A5
:1010D0007FFA029037F8140036F81410ADF80E407D
:1010E000CDE9041006F0B9FA042100220023CDF85E
:1010F000008006F08FFA27F8145026F814500134B7
:10110000062CC9D107B0BDE8F08370B58CB0044699
:10111000D0F8C851032020750DF0F0FA0821032201
:101120000DF0DCFAA07A012803D12046294600F010
:1011300007FB002004ADC4E96500C4F89C01284603
:10114000202104F5C876F0F7B9FF18F04BFC18F031
:1011500052FC40F667510346C0F60301284622467A
:1011600003F0BFFC022084F8A0010520522113F0F7
:101170002FFAC4F8900106F070FA94F8A01140F626
:101180002813C0F606030022009606F043FA94F8EE
:10119000A21191B1D4F88C617EB141F60032C0F653
:1011A0000602D4F88801D2E9002384F8A1110121B4
:1011B000CDE90061029510F0EDF9E26812B1206905
:1011C000012190470CB070BD70B58CB0044605206D
:1011D00020750DF093FA082105220DF07FFA00200A
:1011E00004ADC4E96500C4F89C012846202104F53B
:1011F000C876F0F763FF18F0F5FB18F0FCFB40F63B
:1012000067510346C0F603012846224603F069FCF5
:101210000520572113F0DCF9C4F89001042084F86C
:10122000A00106F01AFA94F8A01140F62813C0F6AF
:1012300006030022009606F0EDF9D4F88C1181B176
:1012400041F60032C0F60602FF26D4F88801D2E942
:10125000002384F8A1610126CDE90016029510F063
:1012600099F9E26812B12069002190470CB070BD75
:10127000F0B581B005464FF0000012B30C46697A14
:10128000F9B105F5E67757F82400C8B11646824251
:101290001CBF31680160727828462146FFF7CEFCFA
:1012A000291991F8DC11307857F824200C2982F89C
:1012B0003C0003D128462146FFF705FD012000E050
:1012C000002001B0F0BD000010B5044606F0C5F9DD
:1012D00040F628120FA1C0F6060206F0E2F9607A85
:1012E000A8B1E07A98B104F50C70FFF777F92046C1
:1012F000FFF7C2FC2046FFF70FFD0020E07204203C
:1013000020750DF0FBF9082104220DF0E7F900200B
:1013100010BD00BF3A3A53746F70282900000000D6
:1013200010B586B0044606F098F940F628121CA1C4
:10133000C0F6060206F0B5F9607A70B3E07A0128CB
:101340002BD00120E072062020750DF0D7F908217E
:1013500006220DF0C3F940F63810C0F60600816889
:10136000D0E904020291CDE904020020009094F833
:1013700020004FF47A7148430190608C94F821204A
:10138000484304F50C740390694620468DF8082004
:10139000FFF751F92046FFF734F9002006B010BDE1
:1013A0003A3A537461727428290000002DE9F04F15
:1013B0008FB0012A814655D1D9E97812D9F8C801F0
:1013C000914209F5F07B06D0002300BF22F8083DCA
:1013D0008A425360FAD14FF0000A0830C9F8E4118C
:1013E000C9F8ECA189F8F0A105F05DFC064605F00E
:1013F0005BFC08B307460DF110080025ECB230463F
:10140000214605F04EFCC179FF2911D080790221D7
:101410008DF81100FE20062223468DF81050CDF8DD
:1014200014A016F057FA05905846414601F0FCF911
:101430000135E8B2B842E1D341F20B10C0F6030027
:10144000CDE9040941F2C910C0F6030048F2A063D7
:10145000CDE90D0904A90DAAC0F20103584601F017
:1014600084FA51E0052089F814000DF047F90821AD
:1014700005220DF033F9002004ADC9E96500C9F873
:101480009C012846202109F5C874F0F717FE18F0D2
:10149000A9FA18F0B0FA40F667510346C0F6030106
:1014A00028464A4603F01DFB0520532113F090F80F
:1014B000C9F89001042089F8A00106F0CEF899F847
:1014C000A01140F62813C0F606030022009406F08F
:1014D000A1F8D9F88C1181B141F60032C0F60602AC
:1014E000FF27D9F88801D2E9002389F8A1710127E3
:1014F000CDE90017029510F04DF8D9F80C201AB17B
:10150000D9F810000021904700200FB0BDE8F08FFF
:101510002DE9F04F85B01F4616468A46834606F0F1
:101520009CF840F628124AA1C0F6060206F0B9F867
:10153000BAF1000F6AD09AF80000102858D19BF831
:1015400009000E9C012802D15846FFF705F9022038
:101550008BF814000DF0D2F8082102220DF0BEF82D
:10156000DBF8880110F08AF80AF10800CBE903677C
:101570008BF80A4005F097FB054605F095FBB8B3DC
:101580000446CDE9027600260DF110084FF001095E
:10159000049600BFF1B2284605F083FB0746807928
:1015A00000F0010148EA41010988C0F3430021FA33
:1015B00000F0C00739D1387811F0DBFAA8B3B87958
:1015C000013600F0010148EA4101C0F343000A88F6
:1015D00009FA00F01043F2B2A2420880DAD3DDE942
:1015E00002320027584651460097FFF7EBFB2BE0ED
:1015F00005208BF814000DF081F8082105220DF06C
:101600006DF806B338460021B0471CE005208BF882
:1016100014000DF073F8082105220DF05FF816B1E3
:1016200038460021B047FE200EE005208BF814005C
:101630000DF064F8082105220DF050F8039A12B15C
:10164000029800219047FF2040B205B0BDE8F08F1E
:101650003A3A56657269667928290000F0B583B078
:101660000446002A4FF0000042D00D46617A00295E
:101670003ED004EB8500D0F8CC01A0B3177804303D
:10168000824218BF0770781EB0FA80F046092046E3
:1016900029463246FFF76EFA601990F8DC010C28F3
:1016A00004D1204629463246FFF791FA002602204F
:1016B00006212A46FF238DF80B6015F089FC0546AC
:1016C00004F0ADFB0DF10B0229460023009604F057
:1016D00045FB60B99DF80B10012F04F50C7004D187
:1016E000FEF738FE03E0002002E0FEF746FE012090
:1016F00003B0F0BDA9B170B5044688680D4690B13D
:10170000686815F060FC69680646084615F05EFCDE
:1017100001280AD070B9AA6820463146FFF7A8FD13
:1017200008E0FE2009E0FE2005E0AA6820463146D8
:10173000FFF794FF0020BDE8704040B27047000002
:101740002DE9F04F83B00C46824605F086FF40F647
:10175000281244A1C0F6060205F0A3FF002C7AD09F
:101760002078102879D19AF80900012802D1504632
:10177000FEF7F2FF0AF11C0021464FF4B472F0F7B5
:10178000FCFB04F1080005F08EFA054605F08CFA22
:10179000002844D006460AF5EE7B4FF002084FF0D1
:1017A000000900BF5FFA89F42846214605F079FA5E
:1017B00088B30746007811F0DCF901282BD100200E
:1017C000B9790290387868F35F118DF80910B988FB
:1017D0008DF80800DAF8A801ADF80A1002A911F096
:1017E00062F8B8790DF1060168F35F108DF8060014
:1017F000DAF8AC018DF8079011F055F8FE200221BF
:101800000622234616F066F83A780BEB890141F878
:10181000100C0BF8092009F101094E45C2D104F062
:10182000FEFADAF8A81104F099FB04F0F8FADAF8F5
:10183000AC310221062204F0A1F801208AF8090047
:1018400004208AF814000CF059FF082104220CF03F
:1018500045FF002002E0FE2000E0FF2040B203B080
:10186000BDE8F08F3A3A416374697661746528295E
:101870000000000080B50068FFF726FD002080BD55
:101880000068417A41B1C17A31B180B500F50C7080
:10189000FEF7B1FEBDE880400020704780B50068CB
:1018A000FFF73EFD002080BD0068DDF800C0CDF8E8
:1018B00000C0FFF72DBE2DE9F04381B04FF00008C6
:1018C0008146C0F800804FF410701EF0CDFD4FF43B
:1018D0001071054600F10806F0F7F0FB40F67811AC
:1018E000C0F6060130464FF4BE72F0F746FB40F6F4
:1018F000D850C0F6060090E8CE00D0E9054CC0698B
:1019000005F5C47E8EE8CE00C5F8A40105F5D470B7
:101910003421C5E9674CF0F7D1FB4FF0FE3105F5F6
:10192000F070C5F8DC11112105F5FA76F0F7C6FB69
:1019300030463821F0F7C2FB48F2A060C0F2010047
:10194000C5F82C0205F50C70FEF794FE48462946B2
:10195000C5E98E88CDF8008001F076FE684600214A
:1019600001F072FE484601B0BDE8F08380B5006822
:1019700000F03CF8002080BD80B5006800F09AF8C7
:10198000002080BD80B500680968016000F0B2F8F1
:10199000002080BD006800F025B910B544F2541055
:1019A000C1F20000007844F25864C007C1F200049C
:1019B000BFF35F8F01D0206810BD44F25410C1F214
:1019C00000001EF06BF90028F5D004201EF04CFD3D
:1019D00000F041FC206044F25410C1F200001EF0FF
:1019E00073F9E8E7006800F023B90000B0B50446D9
:1019F00005F033FE40F650122AA1C0F6060205F0AB
:101A000050FE607A002842D0E07A012802D12046B8
:101A100000F0EAF9204600210022002500F0E2F85B
:101A200004F0FDF9D4F8AC310221072204F034F8B7
:101A300004F0F5F9D4F8A81104F0E0FAD4F8CC01D8
:101A400038B108302021F0F739FBD4F8CC016421FB
:101A50000160FE2084F8D00104F11C004FF4B47141
:101A6000C4F8CC51F0F72AFBD4F8A801FF21217764
:101A700010F0DCFDD4F8AC0110F0D8FDD4F8B001C2
:101A800003F0BEFBD4F888010FF0F8FD6572012069
:101A900020750CF033FE227D09210CF01FFE002082
:101AA000B0BD00BF3A3A446561637469766174659C
:101AB0002829000010B582B0044605F0CEFD94F848
:101AC000A01140F6501304F5C87CC0F606030022AE
:101AD000CDF800C005F09EFDD4F8900112F064FD31
:101AE000592803D103F0A9FC03F0E3FD002002B064
:101AF00010BD0000F0B585B004460079002854D12F
:101B00002BA102A801F005FF00F0C4FF9DF913000E
:101B1000B0F1FF3F05DC0499029821F0004102F08A
:101B20005BFCFF20207700250420012100220023F8
:101B3000CDE900550427012610F0B8FDC4F8A8012E
:101B400002200121002200230095019510F0AEFD36
:101B5000C4F8AC0101200A21002203F007FBC4F8FD
:101B6000B00101200421002203F000FBC4F8C401ED
:101B70000FF09CFCC4F8880105205A2184F8A0715C
:101B800084F8955112F024FDC4F890012681E57285
:101B900026750CF0B3FD227D09210CF09FFDFE207F
:101BA000C4F8CC5184F8D0012671002005B0F0BDF6
:101BB000656D626F743A3A6170703A3A6574683A6A
:101BC0003A746865424154736572766963653A3A5E
:101BD000496D706C3A3A696E697469616C697365D4
:101BE0002829000070B514460D46064605F035FD5F
:101BF00040F650120AA1C0F6060205F052FD707AB6
:101C000058B1D6F8C40141F67952C0F6030229460C
:101C10002346BDE870400CF0E5BC002070BD00BF5D
:101C20003A3A536574526567756C6172732829007E
:101C3000F0B581B00546407A00284BD00C460878B4
:101C400049681E22097800F0010002EAD101084427
:101C500000F1400105F5EA70FEF7D6FCD5F8CC613D
:101C600066B3207A02282ED0012829D0B0BB67683D
:101C7000F88900EB800040003082B88900EE100A3D
:101C8000B8EE400A86ED080AB7F90A002DF021FDEA
:101C90009FED130B54EC105B2A4623462DF044FDB8
:101CA0002DF05CFBF06138892DF02AFD2A46234691
:101CB0002DF03AFD2DF052FBB0610BE0FF200AE061
:101CC0006068007A01E060680089B08200F0BBFEC5
:101CD000C6E90201002040B201B0F0BDF120FAE7F0
:101CE0009A9999999999B93F0B4600EB8101D1F8DE
:101CF000CC11F9B1B0B582B082F001018DF80710B6
:101D000040F20271A0F8BC110DF1070100F5DE747C
:101D1000C0F8C011022007211A46FF2315F058F918
:101D2000054604F0A2FA21462A4604F05AFC02B005
:101D3000BDE8B0407047B0B582B00121D0F8CC21E9
:101D40008DF8071040F20271A0F8BC110DF10701E7
:101D5000C0F8C01172B100F5DE7402200721002224
:101D6000FF2315F035F9054604F07FFA21462A468F
:101D700004F037FC02B0B0BD0021C0F207210840DA
:101D8000401AB0FA80F04009704710B582B004469E
:101D900005F063FC94F8A01140F6501304F5C87CDC
:101DA000C0F606030022CDF800C005F033FCD4F8DD
:101DB000900112F0F9FB592803D103F03EFB03F028
:101DC00078FC94F8A101FF2804D00138010684F8BA
:101DD000A10101D002B010BDD4F8880102B0BDE865
:101DE00010400FF04BBC000010B5044605F035FC68
:101DF00040F650120DA1C0F6060205F052FC607AC2
:101E000090B1E07A80B104F5EA70FEF7E7FB204676
:101E1000FFF791FF0020E072042020750CF06EFCAB
:101E2000227D09210CF05AFC002010BD3A3A53746F
:101E30006F7028290000000010B586B0044605F038
:101E40000CFC40F6501218A1C0F6060205F029FC61
:101E5000607A28B3E07A012822D00120E0720620BF
:101E600020750CF04BFC227D09210CF037FC40F66C
:101E70006010C0F6060000F1040C40699CE80E10EA
:101E80000DF1040E0590002004F5EA748EE80E10A2
:101E9000009069462046FEF7CEFB2046FEF7B1FBD8
:101EA000002006B010BD00BF3A3A53746172742826
:101EB000290000002DE9F0418CB01F4615460E4662
:101EC000044605F0CAFB40F650124CA1C0F60602CB
:101ED00005F0E7FB002E71D0307811287CD1607AB4
:101EE000012802D12046FFF781FD4FF0020884F857
:101EF00014800CF003FC227D09210CF0EFFBD4F8D8
:101F000088010FF0BBFB0320E560A77220750CF081
:101F1000F5FB227D09210CF0E1FBA07A012803D119
:101F20002046314600F0DEF8002004ADC4E965002B
:101F3000C4F89C012846202104F5C876F0F7BEF8C5
:101F400017F050FD17F057FD41F68B510346C0F6D0
:101F500003012846224602F0C4FD0520582184F8DA
:101F6000A08112F035FBC4F8900105F076FB94F8DF
:101F7000A01140F65013C0F606030022009605F0AB
:101F800049FB94F8A21191B1D4F88C717FB141F65C
:101F90000032C0F60602D4F88801D2E9002384F8A2
:101FA000A1110121CDE9007102950FF0F3FAE26869
:101FB00012B100200121904700201AE00520207571
:101FC0000CF09CFB227D09210CF088FB15B1002050
:101FD0000021A847FE200CE0052020750CF08EFBA8
:101FE000227D09210CF07AFB15B100200021A847C1
:101FF000FF2040B20CB0BDE8F08100BF3A3A566510
:102000007269667928290000F0B583B004464FF064
:102010000000B2B30D46617A99B304EB8500D0F8A5
:10202000CC0148B316780430824218BF0670701E87
:10203000B0FA80F0420920462946FFF755FE0027F6
:10204000022007212A46FF238DF80B7014F0C0FFF1
:10205000054603F0E4FE0DF10B022946002300972C
:1020600003F07CFE60B99DF80B10012E04F5EA70B8
:1020700004D1FEF76FF903E0002002E0FEF77DF9DE
:10208000012003B0F0BDF9B170B5044688680D4673
:10209000E0B1686814F097FF69680646084614F0D6
:1020A00095FF012814D0C0B9A9680020B1B1627AA7
:1020B000A2B104EB8600D0F8CC21002072B191428D
:1020C0000CD00868106008E0FE2009E0FE2005E062
:1020D000AA6820463146FFF797FF0020BDE8704010
:1020E00040B270472DE9F04F83B00C46824605F0B0
:1020F000B4FA40F6501245A1C0F6060205F0D1FA36
:10210000002C7BD0207811287AD19AF80900012878
:1021100002D15046FFF76AFC0AF11C0021464FF439
:10212000B472EFF72AFF04F1080004F0BCFD054685
:1021300004F0BAFD002844D006460AF5E87B4FF0CB
:1021400002084FF0000900BF5FFA89F428462146D3
:1021500004F0A7FD88B30746007810F003FD0128BE
:102160002BD10020B9790290387868F35F118DF88F
:102170000910B9888DF80800DAF8A801ADF80A103E
:1021800002A910F090FBB8790DF1060168F35F1019
:102190008DF80600DAF8AC018DF8079010F083FB9B
:1021A000FE2002210722234615F094FB3A780BEB20
:1021B000890141F8040C0BF8092009F101094E4589
:1021C000C2D103F02CFEDAF8A81103F0C7FE03F029
:1021D00026FEDAF8AC310221072203F0CFFB012002
:1021E0008AF8090004208AF814000CF087FA9AF89B
:1021F000142009210CF072FA002002E0FE2000E019
:10220000FF2040B203B0BDE8F08F00BF3A3A41630F
:1022100074697661746528290000000080B5006843
:10222000FFF7E2FD002080BD0068417A41B1C17A2C
:1022300031B180B500F5EA70FEF7DDF9BDE8804008
:102240000020704780B50068FFF7F6FD002080BDD4
:102250000068FFF72FBE2DE9F04381B04FF0000872
:102260008146C0F800804FF4F0701EF0FDF84FF486
:10227000F071054600F10806EFF720FF40F6F42163
:10228000C0F6060130464FF4BE72EFF776FE40F618
:10229000F850C0F6060090E8CE00D0E9054CC069C1
:1022A00005F5C47E8EE8CE00C5F8A40105F5D4700E
:1022B0002821C5E9674CEFF701FFFE2085F8D00122
:1022C00005F5EA70FEF7D6F948462946C5E976884D
:1022D00001F0CEF9484601B0BDE8F08380B5F8F7CB
:1022E00092FDF8F7E7FDB0FA80F0400980BD80B5B7
:1022F000F8F789FDF8F72AFEB0FA80F0400980BDB2
:1023000080B5F8F7F5FD012080BDB0B544F2581056
:10231000C1F20000007844F25C65C007C1F200051C
:10232000BFF35F8F01D02868B0BD44F25810C1F2EE
:1023300000001DF0B3FC0028F5D00C201EF094F82E
:10234000044640F66050C0F6060000F1080148302F
:10235000C4E9001001201EF087F8A06044F2581074
:10236000C1F200002C601DF0AFFCDCE700207047DC
:1023700080B5F8F748FDF8F78FFFB0FA80F0400914
:1023800080BD80B5F8F73FFDFAF7D8F9B0FA80F0D4
:10239000400980BD80B5F8F736FDFAF7B6FC013884
:1023A000B0FA80F0400980BD10B582B0D2E90002D9
:1023B0000C46CDE90002F8F726FD217862786B46DD
:1023C000F6F7F7FDB0FA80F0400902B010BD70B525
:1023D0001C4615460E46F8F716FD31462A4623469A
:1023E000F6F762FBB0FA80F0400970BDFFF7DCBF82
:1023F000B0B514460D46F8F706FD29462246F7F714
:1024000011F8B0FA80F04009B0BD70B582B01C463A
:1024100015460E46F8F7F7FC2268D6E900162B465B
:102420000096F7F713F8B0FA80F0400902B070BDDB
:1024300010B50C46F8F7E7FC21786278BDE810404B
:10244000F8F7C7B910B50C46F8F7DDFCD4E900126F
:10245000F8F7D0FBB0FA80F0400910BD10B5044683
:1024600040F66050C0F6060000F108014830606098
:10247000A06821600021A16010B1012101F0ACFF32
:1024800020460C21BDE8104001F0A6BF10B504465F
:1024900040F66050C0F6060000F108014830606068
:1024A000A06821600021A16010B1012101F094FF1A
:1024B000204610BD2DE9F04399B00446002012AE2D
:1024C00040F20771315004301C28FBD10DF1100887
:1024D00040463821EFF7F2FD94F8211000224FEA30
:1024E000011C4FEA014E00BF04EBC2077B78072BAB
:1024F00014D0BD78681E032810D803F0070040EA06
:102500000C004EEA0321C0B2084346F82300786865
:1025100008EBC30101EB450121F8020C0132042A4A
:10252000E2D143F2B139002504AF40F60178C0F69C
:1025300004096C46002000BF06EB85014978072995
:1025400009D056F82500ADF8048000902046CDE96A
:10255000027900F00AF90135072D07F10807EBD1E0
:1025600000F0010019B0BDE8F08380B584B050F8E8
:10257000041B029043F64150C0F6040000914FF452
:10258000CA4103906846ADF8041000F0EEF804B0BC
:1025900080BD80B584B050F8041B029043F6CB7028
:1025A000C0F6040000914FF4807103906846ADF8C6
:1025B000041000F0DAF804B080BD80B584B050F8A3
:1025C000041B029043F6E140C0F6040000914FF472
:1025D000106103906846ADF8041000F0C6F804B02E
:1025E00080BD80B584B050F8041B029043F697700C
:1025F000C0F6040000914FF4EE4103906846ADF838
:10260000041000F0B2F804B080BD80B584B050F87A
:10261000041B029044F2B910C0F6040000914FF47C
:10262000D24103906846ADF8041000F09EF804B063
:1026300080BD80B584B050F8041B029043F675103D
:10264000C0F6040000914FF4806103906846ADF835
:10265000041000F08AF804B080BD80B584B050F852
:10266000041B029043F60D50C0F6040000914FF495
:10267000904103906846ADF8041000F076F804B07D
:1026800080BD80B584B050F8041B029044F22B103A
:10269000C0F6040000914FF4F24103906846ADF893
:1026A000041000F062F804B080BD70B588B0044634
:1026B0004878D2E9002501280595049205D8897843
:1026C00001F00F0140EA410009E00338C0B20128DF
:1026D00004D888781E2101EA400000E000208DF82F
:1026E00018000026694604A8CDE90266CDE9006617
:1026F00001F10805984700989DF80620206004F134
:1027000008002946082A28BF08222271C4F805605B
:10271000C4F80960E660EFF730FC08B070BDB0B5F2
:1027200084B0034640780C4601280ED8997801F011
:102730000F0140EA410503F098FD21462A4603F0C7
:1027400099FFB0FA80F040090DE00338C0B20128CB
:1027500008D894466846194622466346FFF7A5FF07
:10276000012000E0002004B0B0BD10B582B00446E6
:1027700000F045FC00284FF000000BD0A188ADF818
:102780000200ADF80010D4E902122046019169461A
:10279000FFF7C5FF02B010BD80B584B050F8041B30
:1027A000029044F22F00C0F6040000914FF4FA4169
:1027B00003906846ADF80410FFF7D7FF04B080BD62
:1027C000B0B584B005460020039041F602000290A7
:1027D0000DF107000C468DF80720039003F045FD2E
:1027E000296801EBC4014A7802A903F043FF04B051
:1027F000B0BD000010B5044640690EF03FFFE16B2C
:102800000020A07309B1206C8847D4E900018842F8
:1028100005D0002221F8082D81424A60FAD160607B
:102820000020E060207410BDF0B585B00D46496809
:10283000002946D0044650F8081F50F8042C8A425C
:1028400006D2D5E9000102F10806C2E9000137E02D
:102850002368D71A012202EBE706B6F1005F32D2F5
:10286000C91A4FF6F872B6EBA10FC7F6FF7238BF60
:102870008E10914228BF6FF06046049036B1B6F1D9
:10288000005F23D2F0001DF0EFFD00E0002000EB20
:10289000C603F9100393D5E9003700EBC10200909D
:1028A00040F8313002F108006D460290204629467A
:1028B0000192576001F056FB6668284601F056F811
:1028C000666005B0F0BD204600F0AAFE01F024FDD0
:1028D0002DE9F041877BF7B1052A1CD8D0E900E645
:1028E000764518D0A6EB0E074FEAE70C01F001047D
:1028F000C1F34308002600250EEBC606777807F0E3
:1029000001018C4203D1C7F34301884506D001354C
:10291000EEB2B445F0D80020BDE8F081E9B2FF295D
:10292000F9D0716801EB42010B86017B427B0131DA
:10293000CBB29342017302D1FFF75CFF12E0C17B7F
:102940004A1CD1B20629C27305D1017C0022013193
:10295000C273017400E0017CC9B28C4502D9D2B2C5
:10296000FFF72EFF0120BDE8F08170B586B0D1E9F8
:1029700000160446C0E90F16D2E9000104F1440232
:102980000BC2D4E900010026081A4FEAD00101EB7E
:1029900090004FEA400060734FF001002673A0736F
:1029A0002FD041F6020004900DF10F00A4F80F6043
:1029B00005968DF80F60059003F057FC21684A7862
:1029C00004A903F057FEA56B17F00CF817F013F8E5
:1029D00042F60F210346C0F603012846224602F0C4
:1029E00080F841F60030C0F60600D0E900236069A7
:1029F000A16BE56C0291CDE900560EF0CBFD06B05F
:102A000070BD204606B0BDE87040FFF7F3BE10B5BC
:102A1000044640690021A1730EF030FE616C19B1CB
:102A2000A06CBDE81040084710BD10B582B0044648
:102A3000406908B10EF013FD01A8019401F070FA8D
:102A4000204602B010BD40F6D070C1F20000006810
:102A50000047B0B544F2B825C1F20005297809B1A4
:102A60000120B0BD0446406890B1216811B188478B
:102A7000606820B140F6D071C1F200010860A06822
:102A800044F2B421C1F20001086001202870B0BDF9
:102A90000020B0BD44F2B421C1F20001096801B1C7
:102AA00008470020704744F2606CC1F2000CDCE97A
:102AB0000001431C41F10002CCE90032704700687C
:102AC000C0F30220062808BFFE207047B0B5057B82
:102AD00075B90446D1E900028968C4E900020420FE
:102AE000A1601DF0C1FC00F022F9206101202073DB
:102AF00085F00100B0BD70B582B00646007B0128AC
:102B000024D1106800284FF0000020D00D465168F5
:102B1000E9B1306911461C4600F0FBF8306900F05D
:102B2000FAFC0146306979B100F0ECFC0020ADF808
:102B300006003069B2680DF106032946002C18BF63
:102B4000224600F0EAF802E000F0EAF8002002B0C5
:102B500070BD10B5044621B9207B01281CBF0020A0
:102B600010BD206930B100F0EEF8042101F034FC12
:102B70000020206100202073012010BD0068027B2E
:102B8000002A1CBF00207047FFF7A0BF0068FFF7B6
:102B9000B2BF70B5044648201DF066FC054600260D
:102BA0008020C5E9006005F118002821AE602E7371
:102BB0002E61EFF783FA4FF0FF30E861A862C5E9B4
:102BC0000C002046C5E91066256070BDB0B50568EB
:102BD00004463DB128460121FFF7BBFF28464821A6
:102BE00001F0FAFB2046B0BD2DE9F04700234FF07D
:102BF000FF37C0E90173C0E903370384D1F800C08F
:102C00000370BCF1000FC0E9067780F82230138012
:102C10007CD04E68082E79D39CF8003040F644688A
:102C2000C0F6060808F1020E1C0774469CF80190D5
:102C3000BCF802A058BF4446C3F38003E35C40F6EF
:102C40004C64C0F6060414F809400AF10305002C90
:102C500040F64064C0F60604E35C4FF0080725F038
:102C6000030518BF05F10807FC18B4424FF0000334
:102C70004CD81AF0030549D11480DCF80420BCF8C4
:102C8000023042601A4680F80090C360002B18BFE3
:102C90000CF1080282609CF80020140701D4002384
:102CA00006E00A681A449268042302619CF8002036
:102CB00054070AD50968BCF80220114419448A68EF
:102CC000C968C0E906219CF800201107C2F3800101
:102CD00058BFC6461EF8011040F6486280F8211021
:102CE0009CF80010C0F606028B06C1F3001148BF25
:102CF0000232515C012380F822109CF8001001F090
:102D00000301CA1E18BF0A4680F820201846BDE8F5
:102D1000F0870068002200F01FB8006800F064B877
:102D200080B500682021EFF7C9F9012080BDB0B55A
:102D3000044620201DF098FB20210546EFF7BEF940
:102D400020462560B0BD10B50446006810B12021B2
:102D500001F042FB204610BDB0B50B6804464FF0B1
:102D600000003BB349681C2938BFB0BD184630F895
:102D700004CF03F1180E0CF11C05C4E90031E36027
:102D8000A560C4F810E0B2B145F27861C1F2342117
:102D900019601421EFF792F9D4E903011C2280880D
:102DA000A2600A18C4E9052244F22132C8F2657211
:102DB0000A500120B0BD8D4205D920462021EFF7F1
:102DC0007DF90020B0BD5EF80C1044F22132C8F24B
:102DD00065720EEB0C0091426061A061E9D0204663
:102DE0002021EFF76BF9E4E72DE9F04F8FB00026D3
:102DF0001E80C2B3C7688346AFB3884604A82821A3
:102E00001C461546EFF75AF94FF0FF300590089031
:102E1000CDE90A00F88807968DF8316010B3BF88B5
:102E2000DBF8109004AE4FF0000A00BF0020ADF8B0
:102E30000E00304601A90DF10E02CDE90197FFF712
:102E4000D3FE78B1BDF80E00218881440144218071
:102E500040463146A847DBF80C000AF1010AC08859
:102E60008245E3D3012630460FB0BDE8F08F0068FD
:102E7000AFF300802DE9F041D0F810C04FF000080A
:102E8000BCF1000F34D004460068261D62CE471BFB
:102E900071EB06072CD2171A73EB010702D204F16B
:102EA000280015E0571B73EB06070FD2101A63EBCF
:102EB000010162460023EEF7CEFBA269821A71F18E
:102EC000000115D2A16B01EBC00001E004F130005C
:102ED000D0E900124FF00108013142F10002C0E9CF
:102EE0000012D4E90810013140F10000C4E90810D3
:102EF0004046BDE8F0812DE9F04383B0054691E8F6
:102F0000CD00002F18BF0127C01A72EB06004FF04A
:102F1000000038BF012007EA0004012C4FF0000830
:102F200032D191E88900D1E9036285E88900C04384
:102F3000D943C0197141801841F100010023C5E94E
:102F40000362EEF788FB05F138070146A8613846B1
:102F500005F1200901F0D9F895E84B002A69C04332
:102F6000C943C0187141801841F100010023EEF7F8
:102F700072FB01466A463846CDE9008801F0B3F895
:102F800048461821EFF79AF8204603B0BDE8F083D1
:102F90000068FFF7B0BF10B50468D4E90E01091A44
:102FA0000129A8BFEFF78AF804F120001821EFF7F4
:102FB00085F8012010BDB0B5044648201DF054FA34
:102FC00014210546EFF77AF8002105F12000A961E8
:102FD0002421EFF773F820462560B0BDB0B5056831
:102FE000044655B1A86B20B1296CE863091A01F0B9
:102FF000F3F92846482101F0EFF92046B0BD81B031
:103000004178073918BF01218DF80310D0E902017A
:10301000002818BF01208DF80200002918BF0121E7
:103020008DF801109DF80300012806D19DF80200DB
:10303000012802D19DF8010000E0002000F001000D
:1030400001B07047F0B5B1B012780D46002A0446C1
:1030500000F08981298810AE304601F0F1F80FF2B6
:10306000904230460021002700F0ECFB90E80E0073
:103070000DF14C0C8CE80E00C0E9007787600FF270
:10308000744113A800F096FB90E80E000DF1580C67
:103090008CE80E00C0E900778760A9780DAE304655
:1030A00001F0CEF89DF93F00DDE90D1200285CBF6C
:1030B0003146C2B216A800F08AFB90E80E000DF16E
:1030C000640C8CE80E00C0E9007787600FF228419D
:1030D00019A800F06FFB90E80E000DF1700C8CE861
:1030E0000E00C0E900778760E9780AAE304601F04B
:1030F000A7F89DF93300DDE90A1200285CBF3146CC
:10310000C2B21CA800F063FB90E80E000DF17C0C2D
:103110008CE80E00C0E9007787600FF2E0311FA84D
:1031200000F048FB90E80E000DF1880C8CE80E00D2
:10313000C0E900778760297907AE304601F080F852
:103140009DF92700DDE9071200285CBF3146C2B2B5
:1031500022A800F03CFB90E80E000DF1940C8CE8E6
:103160000E004AF25D01C0E900778760C0F60601F3
:1031700025A800F01FFB90E80E000DF1A00C8CE8D4
:103180000E00C0E900778760E98804AE304601F0A0
:1031900057F89DF91B00DDE9041200285CBF314699
:1031A000C2B228A800F013FB90E80E000DF1AC0CA1
:1031B0008CE80E004AF2B601C0E900778760C0F6DD
:1031C00006012BA800F0F6FA90E80E000DF1B80CFD
:1031D0008CE80E00C0E900778760298901AD284698
:1031E00001F02EF89DF90F00DDE9011200285CBF07
:1031F0002946C2B22EA800F0EAFA90E80E00C0E913
:10320000007787609DF90F002160B0F1FF3F626099
:10321000A36005DC0399019821F0004101F0DCF87E
:103220009DF9C300B0F1FF3F05DC30992E9821F0E5
:10323000004101F0D1F89DF9B700B0F1FF3F05DC86
:103240002D992B9821F0004101F0C6F89DF91B0043
:10325000B0F1FF3F05DC0699049821F0004101F030
:10326000BBF89DF9AB00B0F1FF3F05DC2A99289827
:1032700021F0004101F0B0F89DF99F00B0F1FF3F4F
:1032800005DC2799259821F0004101F0A5F89DF96A
:103290002700B0F1FF3F05DC0999079821F00041B4
:1032A00001F09AF89DF99300B0F1FF3F05DC2499F5
:1032B000229821F0004101F08FF89DF98700B0F1CC
:1032C000FF3F05DC21991F9821F0004101F084F8AF
:1032D0009DF93300B0F1FF3F05DC0C990A9821F00D
:1032E000004101F079F89DF97B00B0F1FF3F05DC6A
:1032F0001E991C9821F0004101F06EF89DF96F00B5
:10330000B0F1FF3F05DC1B99199821F0004101F055
:1033100063F89DF93F00B0F1FF3F05DC0F990D9870
:1033200021F0004101F058F89DF96300B0F1FF3F32
:1033300005DC1899169821F0004101F04DF89DF92F
:103340005700B0F1FF3F05DC1599139821F00041BB
:1033500001F042F89DF94B00B0F1FF3F00F3C68049
:1033600012991098BEE0E9782A79A878C1EB01118A
:1033700002EB81014FF4616210FB0210298840F2D8
:10338000A322514322AE00EBC11230460023002796
:1033900000F08FFF5AA23046002100F053FA90E867
:1033A0000E000DF1940C8CE80E004AF25D01C0E9AC
:1033B00000778760C0F6060125A800F0FBF990E8C9
:1033C0000E000DF1A00C8CE80E00C0E900778760BC
:1033D000E9881FAE304600F033FF9DF98700DDE934
:1033E0001F1200285CBF3146C2B228A800F0EFF9D6
:1033F00090E80E000DF1AC0C8CE80E004AF2B6011C
:10340000C0E900778760C0F606012BA800F0D2F96A
:1034100090E80E000DF1B80C8CE80E00C0E90077C2
:10342000876029891CAD284600F00AFF9DF97B00C2
:10343000DDE91C1200285CBF2946C2B22EA800F0AC
:10344000C6F990E80E00C0E9007787609DF97B001F
:103450002160B0F1FF3F6260A36005DC1E991C98FB
:1034600021F0004100F0B8FF9DF9C300B0F1FF3F2B
:1034700005DC30992E9821F0004100F0ADFF9DF958
:10348000B700B0F1FF3F05DC2D992B9821F00041EA
:1034900000F0A2FF9DF98700B0F1FF3F05DC219904
:1034A0001F9821F0004100F097FF9DF9AB00B0F1AB
:1034B000FF3F05DC2A99289821F0004100F08CFF9D
:1034C0009DF99F00B0F1FF3F05DC2799259821F079
:1034D000004100F081FF9DF99300B0F1FF3F05DC52
:1034E0002499229821F0004100F076FF31B0F0BD20
:1034F000440000003A4800003A4D00003A530000F2
:10350000530000000068C068002812BFD0E9020123
:103510000020002170470068C16891B1806980B1C6
:10352000096845F27862C1F23422914209D10068FB
:103530004BF6DF41C7F69A010844B0FA80F0400923
:1035400070470020704700002DE9F04F81B005461C
:103550000068D0E9083753EA07090F4645D0D0E99B
:103560000E011646081A022101EBE001384600F070
:103570004BFDD5F800A0DAF82800DAF82C20A0FBE3
:103580000601DAE908B502FB06115A462B46EEF7AA
:1035900062F8DAE90E423968A2420097086015D055
:1035A000101BC210012701F10408012A88BFC710AF
:1035B000F4E802012B46A0FB060201FB06215A4655
:1035C000EEF749F848F8040B013FF1D1DAE90C01B4
:1035D0002B46A0FB060201FB06215A46EEF73BF8FC
:1035E0000099496841F8040C01E038687860B9F145
:1035F000000F18BF4FF00109484601B0BDE8F08F39
:103600000068203070474AF20210C0F6060000F051
:10361000C5F94AF20210C0F6060000F0C6F9000033
:1036200001A000F0BBF900BF766563746F72000003
:103630004AF2B900C0F6060000F0B0F94AF2B9004B
:10364000C0F6060000F0AAF910B50468016074B174
:1036500004F50C70FDF738F804F5F070FFF7E5F9A4
:1036600020464FF41071BDE8104000F0B5BE10BD0B
:1036700010B50468016054B104F5EA70FDF724F850
:1036800020464FF4F071BDE8104000F0A5BE10BD1B
:103690002DE9F0410D464FF6F871C7F6FF718B42E8
:1036A00004461DD21F4690460A2B01D8E7720BE054
:1036B00047F00700461C30461CF0D6FE46F000419D
:1036C000C4E90007A1600446B8EB050604D0204613
:1036D00029463246EEF70FFC0020A055BDE8F081E8
:1036E0002046FFF790FF2DE9F04F81B00E464FF6D0
:1036F000F671C7F6FF711F468B1B9A42044656D8D7
:1037000094F90B00DDF8288000284FF6F270D4F809
:103710000090C3F6FF7058BFA14686420DD890199D
:10372000B0EB460F98BF700040F0070101F1010BAC
:103730000B2838BF4FF00B0B01E001F1010B58468D
:103740001CF092FEB8F1000F054604D02846494609
:103750004246EEF7D0FBDDE90BA22AB10D9905EB4D
:103760000800EEF783FB0C9A0AEB08003F1A0AD018
:1037700009EB080000EB0A0105EB080010443A468B
:10378000EEF7B9FB0C9A711C0B2903D0484600F0E8
:1037900023FE0C9A4BF0004002EB08013944A06074
:1037A0000020C4E90051685401B0BDE8F08F204604
:1037B000FFF729FFB0B5054608460C46EEF737FB84
:1037C000024628462146BDE8B040AFF30080F0B580
:1037D00085B01646D0E90152044690F90B0022F05C
:1037E00000420A2300284CBF531E05465A1BB24212
:1037F0008C460DD2A819C21A0020CDE900502046EF
:1038000019462B460296CDF80CC0FFF76CFF16E068
:10381000AEB12768002858BF27467819614632465E
:10382000EEF769FB94F90B00B0F1FF3F05EB0600E2
:10383000C6BF00F07F01E17260600021395420466C
:1038400005B0F0BD70B50646104614460D46EEF7BD
:10385000EEFA0346304629462246BDE87040AFF3F3
:1038600000802DE9F04385B0044690F90B006668AE
:10387000002858BF06468E4248D30F46A16890469E
:1038800021F000420A21002848BF511E8A1B1D4614
:103890009A420CD27019421A0020CDE900702046DD
:1038A00033460295CDF80C80FFF71DFF2AE04DB39B
:1038B000D4F80090002858BFA146BE420ED009EBB4
:1038C00006008045404609EB070138BF2844F21B3B
:1038D000884528BF80464819EEF70DFB09EB070025
:1038E00041462A46EEF707FB94F90B00B0F1FF3F83
:1038F00006EB0500C6BF00F07F01E17260600021A9
:1039000009F80010204605B0BDE8F0832046FFF717
:1039100080FE2DE9F041044608468846EEF787FA16
:1039200005464FF6F870C7F6FF7085421BD20B2D87
:1039300003D22746E57265B910E045F00700461C42
:1039400030461CF091FD074646F00040C4E9007582
:10395000A060384641462A46EEF7CDFA00212046BF
:103960007955BDE8F0812046FFF74DFE10B50446BD
:10397000D0E90101884209D0002200BF01F8082DDA
:10398000A1604A704A60A1688842F7D1206818B1E6
:10399000E168091A00F020FD204610BD014644F6FA
:1039A0000700C0F6060000F007F801464AF2C00022
:1039B000C0F6060000F000F884B0844601A80EC0EE
:1039C00044F2F80001AAC1F2000061460092EEF74D
:1039D00045FDEFF72FF8B0B543F68932C5F2E65250
:1039E000A1FB02234FEA536C4EF20013C0F2F553D1
:1039F0000CFB13114DF68363C4F21B33A1FB03329E
:103A0000920C43F609535343A1EB831541F25971CC
:103A1000CDF2B711A5FB011E40F69841C0F6060194
:103A200001EB4C0411F81C30647800F80A3B00F8F4
:103A3000094C01EB420311F812205B7800F8082CC6
:103A400000F8073C4FEA5E3211F8124001EB4203E6
:103A50005B7800F8064C42F2107402FB145200F836
:103A6000053C93B29B0841F27B456B435B0C11F81C
:103A7000134001EB43056D7800F8044C642403FB0C
:103A8000142200F8035C92B201EB420311F8121009
:103A90005A7800F8021C00F8012CB0BD70B54EF247
:103AA0000016C0F2F5561946154604461046324631
:103AB0000023EDF7D0FD00FB16514DF68362C4F2F2
:103AC0001B32A1FB02239A0C43F609535343A1EB8B
:103AD000831341F25971CDF2B711A3FB011640F6E1
:103AE0009841C0F6060101EB400511F810006D7811
:103AF00004F80A0B04F8095C01EB420011F81220EB
:103B0000407804F8082C04F8070C700B11F81060CA
:103B100001EB4002527804F8066C42F2107600FB8A
:103B2000163004F8052C82B2920841F27B435A43C6
:103B3000520C11F8126001EB42035B7804F8046C3C
:103B4000642602FB160004F8033C80B201EB40023D
:103B500011F81000517804F8020C204604F8011CFA
:103B600070BD10B544F2402CC0F20F0C61450ED26E
:103B700042F20F72914258D8632900F2E18009297C
:103B800000F26F8141F0300100F8011B10BD4EF2D0
:103B90000013C0F2F55399427BD24DF68363C4F211
:103BA0001B33A1FB033249F27F63C0F298039942B1
:103BB0004FEA924300F2E38043F609525A43A1EBE5
:103BC000821C48F6B952C0F20602ACFB022103F196
:103BD000300240F6984E0270C0F6060E1EF8112014
:103BE0000EEB41035B78427042F2107201FB12C18E
:103BF00083708AB2920841F27B435A43520C1EF8FA
:103C000012300EEB420C9CF801C0C370642302FB1F
:103C1000131180F804C089B20EEB41021EF8111096
:103C2000527841718271073010BD41F25972CDF264
:103C3000B712A1FB022348F29F62C0F20102914237
:103C40004FEA533200F2DC8042F03003037042F25C
:103C5000107302FB131141F27B424A4340F6984C29
:103C6000D20CC0F6060C1CF812300CEB420E9EF87B
:103C700001E04370642302FB131180F802E089B273
:103C80000CEB41021CF811105278C1700271053022
:103C900010BD4CF6FF12C3F69A32914200F2DD805D
:103CA00043F68932C5F2E652A1FB0224620E02FB02
:103CB00013114DF68362C4F21B32A1FB02239A0C4E
:103CC00002FB1C1E41F25971CDF2B711AEFB011C73
:103CD000302141EA5461017040F69841C0F6060176
:103CE00001EB420411F812206478427084704FEAAC
:103CF0005C3211F8123001EB42046478C37042F276
:103D0000107302FB13E2047193B29B0841F27B44EF
:103D100063435B0C11F8134001EB430C9CF801C0AA
:103D20004471642403FB142280F806C092B201EBB4
:103D3000420311F812105A78C1710272093010BD95
:103D40008AB2920841F27B435A43CB087C2B4FEA5C
:103D5000524200F29380642302FB131142F03002BE
:103D6000027040F6984289B2C0F6060202EB4103A7
:103D700012F811105A7841708270033010BD03FBA5
:103D80001C1E41F25971CDF2B711AEFB011C40F679
:103D90009841C0F6060101EB430211F81330527846
:103DA000037042704FEA5C3211F8123001EB420CA2
:103DB0009CF801C0837042F2107302FB13E480F898
:103DC00003C0A3B24FEA930C41F27B430CFB03F315
:103DD0005B0C642201EB430C03FB124211F813E06D
:103DE0009CF801C092B280F804E080F805C001EBB5
:103DF000420311F812105A788171C271083010BD57
:103E000040F6984CC0F6060C1CF812300CEB420E33
:103E10009EF801E0037042F2107302FB131141F2AD
:103E20007B438AB292085A4380F801E0520C1CF896
:103E300012300CEB420E9EF801E08370642302FB0B
:103E4000131180F803E089B20CEB41021CF8111049
:103E5000527801714271063010BDBDE81040FFF785
:103E6000BABD40F69842C0F6060202EB410312F8D2
:103E700011105A7801704270023010BD40F6984C13
:103E8000C0F6060C1CF812300CEB420E9EF801E056
:103E90000370642302FB131180F801E089B20CEB7C
:103EA00041021CF8111052788170C270043010BDAC
:103EB0002DE9F047144606462BB930462146BDE8A9
:103EC000F047FFF74EBE4EF2FF3AC5F20B4A4FF0F5
:103ED0000209BAEB04001D4679EB030019D24EF239
:103EE0000042C5F20B42204629460223EDF7B3FB00
:103EF0000746884630463946FFF733FE0AF101018E
:103F0000A7FB012307FB0933064608FB0130A41A6F
:103F10008541304622462B46BDE8F047FFF7BEBD3F
:103F200080B5D0F800E0DEF80030CBB1DEF8042038
:103F30009C469342714609D0002100BF22F8081D1B
:103F40009A425160FAD10168D1F800C0CEF804302D
:103F50008868A0EB0C016046BDE8804000F03CBAE8
:103F600080BD000070B5D0E9003E4A68B3EB0E0496
:103F700002EB040C0FD01A46644600BFF2E802566A
:103F8000E4E802567245F9D1002200BF1A805A6057
:103F900008337345FAD1C1F804C00268C0E900C211
:103FA0004A608A6843684260CA688B60836882603E
:103FB0004868CB60086070BD70B586B0044650F8A4
:103FC000083F22680D46991AB5EBE10F17D9B5F1F4
:103FD000005F16D261680590E8008E1A1CF044FA62
:103FE0000190811900EBC50001ADCDE902110490EB
:103FF00020462946FFF7B6FF2846FFF7B7FC06B074
:1040000070BD2046FFF70CFBD0E900239B1AB1EBF3
:10401000A30F4FEAA30302D9C91A00F006B89942C8
:104020003CBF02EB8101416070472DE9F04F81B048
:104030008346D0E901700D46C11BB5EBA10F20D915
:10404000DBF800A0A7EB0A0805EBA804B4F1804F49
:1040500044D2A0EB0A094FF6FC70B4EB690FC7F627
:10406000FF7038BF4FEA6904814528BF6FF04044B4
:104070008CB1B4F1804F34D2A0001CF0F5F90746A2
:104080000AE02DB1A9003846EEF718F807EB8507CE
:10409000CBF804701FE000274FEAA80007EB80066A
:1040A000A900304607EB8404EEF708F8384651467D
:1040B000424606EB8505EDF760FFBAF1000FCBE94C
:1040C0000075CBF8084006D05046494601B0BDE81F
:1040D000F04F00F081B901B0BDE8F08F5846FFF70E
:1040E000A7FA00F019F9D0E900C3A3EB0C03B1EB78
:1040F000E30F4FEAE30302D9C91A00F035B8994239
:104100003CBF0CEBC101416070472DE9F04705460B
:1041100004688068A0EB0408B1EBE80F98BFBDE825
:10412000F0870F46B1F1005F1AD26868A0EB04096E
:10413000F8001CF099F921464A46064600EB090AA8
:1041400000EBC707EDF719FFC5E9006AAF602CB1B6
:1041500020464146BDE8F04700F03EB9BDE8F08793
:104160002846FFF76BFA00002DE9F04F81B00446B6
:10417000D0E901030F46191AB7EBE10F914620D998
:10418000D4F800B0A0EB0B0807EBE805B5F1005F31
:1041900051D2A3EB0B0A4FF6F870B5EBAA0FC7F696
:1041A000FF7038BF4FEAAA05824528BF6FF060450F
:1041B000ADB1B5F1005F41D2E8001CF055F90646FB
:1041C0000EE057B1D9E9002300EBC701FF0000BFA3
:1041D000E0E80223083FFBD10846606028E00026A3
:1041E0004FEAE80006EBC00101EBC7010091D9E9F5
:1041F0000012C000FB0000BF37183150083B00F12F
:1042000008007A60F8D130465946424606EBC505AB
:10421000EDF7B3FE0098BBF1000F26606060A5606B
:1042200006D05846514601B0BDE8F04F00F0D4B872
:1042300001B0BDE8F08F2046FFF700FA00F06CF8FF
:104240002DE9F04184B00DF105058046B1F1FF3F45
:1042500005F10B0201DD284604E0681C2D234942CC
:104260008DF80530131A092B18DC41F00104B4FA5B
:1042700084F4C4F1200440F2D146664340F670470E
:10428000340BC0F6060757F824704FF0FF3CB942D4
:1042900038BF0CEB1634671C9F4202DCFFF761FC51
:1042A0000246531B40462946FFF7F2F904B0BDE829
:1042B000F081B0B586B00DF1030504462846FFF73E
:1042C000F7FD0246431B20462946FFF7E1F906B0F9
:1042D000B0BD44F26860C1F20000006870470000A1
:1042E00001A0FFF769FB00BF6261645F616C6C6FE6
:1042F0006320776173207468726F776E20696E2017
:104300002D666E6F2D657863657074696F6E7320AE
:104310006D6F64650000000001A0FFF74DFB00BF5A
:104320006261645F61727261795F6E65775F6C650F
:104330006E67746820776173207468726F776E207F
:10434000696E202D666E6F2D657863657074696F78
:104350006E73206D6F64650000207047B0B5144621
:104360000D46F6F750FD29462246F5F75BF8B0FA00
:1043700080F04009B0BD0438FEF770B8014640F641
:104380006050C0F6060000F1080248300860486836
:1043900041F8042C002200284A6014BF0121704714
:1043A00000F01AB880B5FBF761FF44F2A430C1F207
:1043B0000000BDE88040FBF7D3BE10B50C46FBF70C
:1043C00055FF44F2A430C1F200002246BDE810407F
:1043D000FBF73ABFEDF7BAB8FFF7FCBF10B540F6F0
:1043E000D774C1F20004207826F098FB00212170D8
:1043F00010BD26F0D5BB002070474FF0FF3070474E
:1044000000207047012070474FF0FF3070470020B8
:104410007047704744F67070C1F20000016891F86F
:10442000201019B14068022112F0BEBC7047C0B123
:1044300052EA030149F67023C0F20B03C2F30F21C5
:1044400043EA026204BF03F1085222210A23C6F2A2
:1044500001336FF07F4CC0E90021C0E9023C00202D
:1044600000E0FF2040B2704758B180B5383006A157
:10447000EDF74EFE002818BF4FF0FF30BDE880403A
:1044800000E0FF2040B27047455854001BF066B86A
:104490001BF08FB81BF017B91BF041B910B543F6EC
:1044A0004874C0F60604002818BF044620791AF0A4
:1044B0004DFF10B12068B0B380471BF0FAF910B17E
:1044C000206880B380471BF062F910B1206850B3B8
:1044D000804745F2785443F6D860C1F20004C0F634
:1044E0000600214640221AF0D3FF2078042804D188
:1044F000607810B9A078032813D043F6D864C0F6CA
:10450000060443F69861C0F60601204640221AF0E0
:10451000EEFF45F27851C1F20001204640221AF028
:10452000B7FF002000E0FF2040B210BD1AF038BFF6
:104530001AF04DBF1AF065BF1AF088BF002070470F
:104540001BF05DBA1BF07EBA1BF0A2BA1BF035BBA4
:104550001BF058BB1AF0FABFD0B14168C1B180B5A9
:1045600084B0D0E90012806844F26C63C1F20003A9
:1045700098604CF65970C0F60200039001A8C3E998
:104580000012CDE90112FEF764FA04B0BDE88040E4
:10459000704780B584B026F009FF44F25C11C1F287
:1045A000000108600220002127F00AF844F2B0213F
:1045B000C1F20001086029208DF806004FF4023096
:1045C00002900120ADF80C008DF80E00FBF74EFEB6
:1045D0000DF10601FBF74AFD04B080BD2DE9F04F57
:1045E000DBB01C4616468A46804610F0EDFB90F87C
:1045F0004900012840F03A8144F645704FF0000B25
:10460000C0F23F008DF868B0199003F026F84146DB
:1046100003F01BF80DF1640911902EB1706896F843
:1046200000B0002818BF8146FEF70DFA4FF47A72E9
:10463000002307460E464FF47A75EDF70CF800FBA1
:1046400015720023ADF862204FF47A72EDF703F88B
:10465000ADF8602044F24022C0F20F0238463146E5
:104660000023ECF7F8FF3C220023ECF7F4FF8DF871
:104670005E2048F20072C0F2933238463146002381
:10468000ECF7E9FF3C220023ECF7E5FF8DF85D2015
:104690004AF20042CDF29362384631460023ECF7ED
:1046A000DAFF18220023ECF7D6FF8DF85C2046F2E3
:1046B0000002C1F6D752384631461423ECF7CBFF3F
:1046C000B8F1000FADF85A001CD05AEA040035D1F9
:1046D000002013AE8DF84B000DF15A010DF14B0285
:1046E0003046FEF7AFFC9DF95700139F002858BFD6
:1046F0003746119BCDE9009BB7A21AA84FF48071F1
:104700000297A3E00020BAF1000F52D013AE8DF84B
:104710004B000DF15A010DF14B023046FEF792FCB1
:104720009DF95700139F002858BF3746B1A21AA819
:104730004FF480714B46CDE9007A87E0BAF1000F63
:1047400018BF002C4CD1BAF1000F40F00E81002CA4
:1047500000F00B8100208DF84B0013A80DF15A01D9
:104760000DF14B02FEF76EFC9DF9570027680028FB
:10477000E088139D1090D4E902600F9020790E908C
:1047800060790D9013A858BF054638460FF0DFFE3C
:104790000F994AF2100207910E99C0F6060208918D
:1047A0000D990696CDE90910CDE9009BCDE9025798
:1047B00046E013AE8DF84B000DF15A010DF14B029E
:1047C0003046FEF73FFC9DF95700139F002858BF65
:1047D00037468EA21AA84FF480714B46009735E0F9
:1047E00000208DF84B0013A80DF15A010DF14B027A
:1047F000FEF728FC9DF9570027680028E088139EE3
:104800001090D4E902500F9020790E9060790D90AD
:1048100013A858BF064638460FF099FE0F994AF282
:10482000600207910E99069508910D99CDF82CA07C
:10483000CDE90910CDE9009BCDE90267C0F606027B
:10484000DDE910731AA84FF480710497ECF792FF1A
:104850009DF95700B0F1FF3F05DC1599139821F041
:104860000041FFF7B9FD1AA821F0A2F9B8F1000F35
:104870006ED064B120796179382202EAC00001F07B
:104880000F012268D4E90237E688890105E0002299
:10489000002600200021002300271A92ADF86E6048
:1048A0005246A8F10106BAF1000F18BF0122CDE966
:1048B0001C3706F0070343EA8222104340EA010254
:1048C00044F25C164FF62C31C1F20006C0F6050129
:1048D00030680968ADF86C2026F0F4FD04F026FE7F
:1048E0001AA9524604F02EFF0FF039FF10F044F9D8
:1048F000306826F0C5FDB8F1050F29D1002001214F
:1049000000220323002512F063FB0146FE2014F071
:1049100065FF0221817510F0AEFE214610F00CFFFC
:104920000FF01DFF012110F01CF910F0A4FE10F093
:10493000ABFE4FF0804112F037FA8DF868500FF05F
:104940000EFF1AA90FF0FEFE9DF86800022802D1A2
:104950005BB0BDE8F08F44F2B020C1F20000006807
:104960004FF0FF3126F0DCFDFEE7BAF1000F3FF417
:104970007AAF002C7FF477AF002013AE8DF84B0098
:104980000DF15A010DF14B023046FEF75BFB9DF92C
:1049900057001399002858BF3146119B029104A279
:1049A0001AA84FF48071CDE9009BCDF80CA04DE71B
:1049B0005B25735D202825732074736B256420406C
:1049C0002573292D3E207B7D3A202E2E2E20494E08
:1049D000464F203D202573005B25735D20282573FD
:1049E0002074736B256420402573292D3E202E2EC4
:1049F0002E0000005B54524143455D202825732062
:104A0000402573292D3E2025732E00005B54524112
:104A100043455D2028257320402573292D3E202EF7
:104A20002E2E000000281ABF00210170FE2148B27E
:104A300070474FF0FE0238B131B191E80C10C968EF
:104A400080E80C100022C16050B27047D8B10B460C
:104A50000178032910D0022907D0012913D18268D7
:104A60008AB14168104615F055BC82685AB1416858
:104A700010461A4615F03DBC416821B1D0E902202C
:104A800020B115F01FBCFF2040B2704780B5104622
:104A900088470020BDE88040F6E7002814BF007872
:104AA0000020704750B10178032909D0022903D0B2
:104AB000012903D1416809B1082102E000207047B3
:104AC00004214058002818BF0120704780B506F027
:104AD000EDF904211022012306F0F2F90021017002
:104AE00080BD38B14FF0030C80F800C004300EC018
:104AF000002000E0FE2040B2704728B1012303707F
:104B0000C0E90112002000E0FE2040B270470028FA
:104B100014BF406800207047002814BF00680020C0
:104B2000704700002DE9F04782B04FF0FE04F8B165
:104B30008946E9B19846DBB107464046164609F07A
:104B4000C2F9484609F050F90446484609F051F9BF
:104B50000546204609F04AFA48B16DB1786820B19F
:104B600009F14002314602F054F8002400E0FF242D
:104B700060B202B0BDE8F08720460021002209F0B3
:104B8000F5F93868D9F8041009F12006324607F023
:104B9000B1FF10B1304607F04DFDD7F808A04046F0
:104BA00009F091F9D9F8300090B199F80100012885
:104BB00025D1022088F8010099F8001098F800002B
:104BC00089062ED500F0FC00013088F8000028E0AE
:104BD00099F8000000248006CAD598F80000A8F8CB
:104BE000024000F0FC00013088F80000D9F8041001
:104BF00099F80120C8F8041088F8012011E099F80C
:104C00000010890602D44FF0000853E098F8000025
:104C100000F0FC00013088F8000099F8011088F8D5
:104C20000110746996E8AE0008F1200CC8F8344011
:104C30008CE8AE00B16900F0F700C8F8381099F8B8
:104C40000010042211F00801014488F8001099F8BE
:104C5000000001F0FB0102EA9000014488F8001016
:104C6000D9F804204FF00001A8F80210C8F8042079
:104C700014BFD9F80C104FF0FF31C8F80C1020B950
:104C80004FF0FF304FF0FF3103E015F07FF915F0E2
:104C90008BF9C8E9040108F14000414600220023D5
:104CA000002409F087F9D9F8300000283FF460AFFC
:104CB00099F80100052801D0032805D1304607F0F6
:104CC000C6FD00283FF451AF304607F003FDBAF1AE
:104CD000000F05D0012803D1304607F0E1FC68B38E
:104CE00099F80100002101380428ADF806103FF6BC
:104CF0003CAF09F14007DFE800F02D034403270033
:104D0000D9F80810304602223B4607F0A9FD99F871
:104D10000100022803D13046394607F038FDB8F1CA
:104D2000000F1CBF99F8000010F020003FF41DAFE9
:104D300099F8010004287FF418AF3EE05046494638
:104D4000424608F077F910E7304601213A4607F06D
:104D50002DFD25E0D8F808200DF10603304600218E
:104D600007F077FCBDF8060098F80010A8F80200DC
:104D7000A8F84200D8F80800C8F8480021F003005D
:104D800020E0D9F83000B9F80210008881427FF4A1
:104D9000ECAED9F80810304601223B4607F024FD5E
:104DA00000287FF4E2AEB8F1000F3FF4DEAE99F8D0
:104DB000000010F020003FF4D8AE98F80000022167
:104DC00061F3010088F80000CFE60000B0B582B0C2
:104DD00040F610750446C0F6060550B902F03DFCD9
:104DE00043F6E21310A2C0F606030521009502F077
:104DF00011FC02F032FC216843F6E21311A2C0F666
:104E00000603002918BF0121009502F0FCFB06F003
:104E10004DF804210C22012306F052F894E80E000C
:104E200080E80E0002B0B0BD656F5F6167656E74AB
:104E30005F4E657728293A204E554C4C20636667B3
:104E400000000000656F5F6167656E745F4E657797
:104E500028293A204E554C4C206366672D3E6E76CD
:104E60007365740070B584B00E46002A4FF0FE01E1
:104E700065D0002E63D0002861D01C46002B5ED088
:104E80002046154609F01FF82878698800F03C0094
:104E90008DF808006878ADF80A1069688DF8090087
:104EA000039109F0A3F8F0B1D6E900CED6E90223C8
:104EB000D6E90410C4E90A23C4E90C10C4E908CEF9
:104EC000B069DDE90212A06302A8C4E9001209F08A
:104ED0003FF8012809D1A96849B16A88A0686280B1
:104EE000ECF7C4FF0DE0FF2129E0002008E0A268F4
:104EF0000DF106033046002107F0ABFBBDF80600BC
:104F00006080287800074CBFE8684FF0FF30E06011
:104F10002878089D400704D44FF0FF304FF0FF3150
:104F200003E015F033F815F03FF8C4E904012DB1A2
:104F300020786178628808F0E2FF2880002148B27A
:104F400004B070BD41F62071C1F20001086800286C
:104F500018BF084670470000F0B581B041F62076D2
:104F6000C1F200063268002A61D10C46054602F003
:104F700074FB40F6107743F6B1032946C0F60607E6
:104F80002EA2C0F60603002D18BF0121009702F0E3
:104F90003AFB28786F78022803D1FF2F01D0756083
:104FA0000EE002F05AFB40F6F06543F6B103C0F69E
:104FB00006052CA2C0F606030521009502F02AFB87
:104FC000022FB460377507D0012F02D047B90020F7
:104FD00004E04FF4004001E04FF4003030610EE097
:104FE00002F03BFB40F6F06743F6B103C0F606075C
:104FF00026A2C0F606030521009702F00BFB4AF635
:1050000051174AF66D204AF641114AF6ED124AF65A
:105010006113C0F60407C0F60400C0F60401C0F630
:105020000402C0F60403009714F06AFD306041F6F4
:105030002070C1F2000001B0F0BD00BF656F5F617C
:10504000726D656E765F496E697469616C697365CE
:1050500028293A204E554C4C206D6F64696E666F5E
:1050600000000000735F656F5F61726D656E765F53
:105070007072657061726528293A2077726F6E6769
:10508000206D6F64696E666F00000000735F656F6E
:105090005F61726D656E765F7072657061726528B2
:1050A000293A20756E737570706F72746564207024
:1050B000726F6300F0B581B048B114463AB11D4635
:1050C0002BB10278064668180F46904201D901B00C
:1050D000F0BDB178884216D9C3B29A4213D3C3B295
:1050E000994210D08B420A4696F801C0B07038BF82
:1050F0001A46591A1CFB026048BF4942043001FBA2
:105100000CF1ECF7B9FF717811FB0760043001FB7B
:1051100005F2214601B0BDE8F040ECF7A7BE38B17A
:105120008278914204D2427812FB01000430704729
:105130000020704718B101788078081A00E000203C
:10514000C0B27047002814BF00780020704730B10B
:1051500001788078401AB0FA80F040097047012049
:105160007047002814BF4078002070472DE9F041B7
:1051700016460C4605464FF000084FF000075AB996
:1051800005F094FE042114FB05118AB204210123C9
:10519000012705F095FE0646301D04FB05F1F7706A
:1051A0003570747086F80280ECF766FF3046BDE813
:1051B000F08138B1817800290FBFFF20013981705B
:1051C000002000E0FE2040B2704710B504460028E1
:1051D0004FF0FE0018BF002901D140B210BD227867
:1051E000A078904201D1FF20F7E7627812FB0040DF
:1051F0000430ECF73BFEA0780130A0700020ECE713
:1052000010B540B1017842780024847004305143D5
:10521000ECF732FF00E0FE2460B210BD28B18278C6
:10522000914202D00378994200D9704713469142C7
:1052300038BF0B4690F801C081701CFB0300891A2F
:1052400000F1040048BF494280B501FB0CF1ECF7C6
:1052500013FF80BD002814BF80780020704741F202
:10526000DC01C1F200010868002818BF0846704739
:1052700041F2DC01C1F200014968002818BF08466C
:10528000704741F2DC01C1F200010968002818BF33
:10529000084670472DE9F0418EB040F6A07141F20A
:1052A000DC08C0F60601C1F20008D1E9082CD8F8E4
:1052B00000600A92002ED1E9002601F10807B0CF64
:1052C0004B690292D1E90621CDE90364CDE9055786
:1052D000CDE907320991CDF82CC066D140F664665D
:1052E000C0F60606002818BF0646306840F610745F
:1052F000C0F6060450B902F0B0F943F6F5132EA239
:10530000C0F606030521009402F084F9708948B1C3
:10531000B08938B1F08928B1308A18B1708A08B1E3
:10532000B08A50B902F099F943F6F5132FA2C0F6EE
:1053300006030521009402F06DF9D8F804406CB919
:10534000707FB16907F042FC33687F220127C0F209
:10535000001200210446009707F0EAFAD6E900019E
:10536000D6F80E300078D6F80A2088F80800D6F86B
:1053700012000292CDE90330308906F12002ADF827
:10538000180000200591089007CA337F0990B06982
:10539000C8F804400A9002A807948DF82C30CDE993
:1053A0000C120CF0C2F9C8F8000041F2DC00C1F2A6
:1053B00000000EB0BDE8F081656F5F626F617264DE
:1053C0007472616E736365697665725F496E697444
:1053D00069616C69736528293A204E554C4C206EE2
:1053E000767365746272646366670000656F5F62FE
:1053F0006F6172647472616E736365697665725F02
:10540000496E697469616C69736528293A20612065
:105410006366672D3E73697A65732E6669656C6491
:10542000206973203000000041F2E801C1F2000160
:10543000002818BF01F13800704741F2E801C1F2BD
:1054400000010878002818BF08467047B0B541F23F
:10545000E804C1F200042178012932D040F69061BD
:10546000C0F60601002818BF014641F61C30C0F600
:105470000600D1E900120068C4E90112904218BF89
:10548000B2FBF1F020740CF011F8E06003200A2167
:1054900000220025FFF76AFEA062FFF7B1FE04F1CB
:1054A0002C004FF48A71C4E90655C4E90855ECF79D
:1054B00005FEFFF70BFBC4F84001FFF7B3FA01202C
:1054C000207041F2E800C1F20000B0BD2DE9F04FBC
:1054D00085B0804600284FF0FE0000F0DB809A4641
:1054E000002B00F0D78041F2E809C1F2000999F8D9
:1054F0002200002800F0C98001F0010609EB4604F3
:10550000A08DC1F34305294601F0F4FA002800F00C
:10551000BC8004F13C002946049401F0F7FAC6EB84
:10552000061009EBC000BAF8041000EBC507A7F895
:105530005410DAF80000386514F028FD14F034FD3A
:10554000D9E90623D9F82840801A99414FF47A7294
:105550000023ECF780F8A7F856002046FFF77AFE04
:10556000002878D004464FF0000B00BFD9F828007F
:105570005FFA8BF1FFF7D3FD40B1074600EB460021
:10558000C088294601F0B6FA012806D00BF1010BBC
:105590005FFA8BF0A042E9D35DE038789AF800100A
:1055A000DDF810B08842CDE9021004D00BF14400C0
:1055B000294601F0ABFA3C4614F8040F08B9797992
:1055C000A9B1564636F8041F2288914205D00BF146
:1055D0004C00294601F09AFA20783178814204D1B2
:1055E0009AF805007979884201D0012200E0002272
:1055F0003C4614F8016F26B9B87810B9F87800283D
:105600004CD00AF1010B0192584621460322ECF7D7
:10561000E2FB28B104982946483001F077FA267851
:105620009BF80000B04216D19AF80200B97888427F
:1056300011D1DDE902100023401A18BF01209AF8A9
:105640000310FA78C9B2D2B2914238BF012301994E
:105650001843084307D0012089F8390004982946E7
:10566000403001F053FAB9F82C00B9F83C108842E8
:105670000DD1B9F82E00B9F83E10884207D10120AB
:1056800089F83800404600F013F9002002E00020BD
:1056900089F8380040B205B0BDE8F08FDDE90210AE
:1056A000401AB0FA80F0400982F001010842D2D0DD
:1056B000D9E788B180B541F2E800C1F2000090F866
:1056C000391090F83800B1FA81F1490915F050FB12
:1056D0000020BDE8804000E0FE2040B2704700009E
:1056E0002DE9F04F8FB0054600284FF0FE0000F086
:1056F000DB800E46002900F0D78030469146FFF748
:10570000A9FD002800F0CF8041F2E808C1F20008AE
:10571000044698F82200012802D1284600F0C8F873
:10572000D8F828000595FFF76BFD002508F12C003F
:105730004FF48A71C8E90655C8E90855032C28BFFB
:105740000324ECF7BBFC00BFD8F82870E9B2304660
:10575000FFF7E5FC01463846FFF737FD0135E8B2B3
:10576000A042F1D3D9E900014FF0000BC8E90C01C8
:105770004FF4807088F823B0A8F82100A8F838B05A
:1057800014F004FC14F010FCC8E90601D8F8280055
:10579000CDE908BBCDE906BB88F824B0C8F82CB029
:1057A000FFF758FD002855D043F6471A0646C0F6C5
:1057B000060A08F124004FF000090490D8F82800E8
:1057C0005FFA89F42146FFF7AAFC0746052000216D
:1057D0000EF0FEFE06903889ADF81CB0ADF81E0044
:1057E00078887A7840BA39783B797D7940EA024006
:1057F000FA8843EA012140EA056041EA0241CDE925
:10580000080101F02AFF01210022534606AD009550
:1058100001F000FF787858B9B87848B9F87838B905
:10582000387928B9787918B90498214601F0CCF86C
:10583000F888B8F82C1009F101090843A8F82C00E1
:105840003889B8F82E1008435FFA89F1B142A8F8F8
:105850002E00B3D315F0F2F998F8380008BB06AC67
:1058600020462021ECF72AFC14F0BCF814F0C3F811
:105870004AF6F131059A0346C0F604012046FFF7C7
:1058800030F941F60032C0F60602D8F80410D8F814
:105890000C00D2E900230127CDE9001702940BF098
:1058A00079FE002000E0FF2040B20FB0BDE8F08F8D
:1058B00020B370B514F06AFB14F076FB41F2E804F3
:1058C000C1F20004D4E90623801A99414FF47A7298
:1058D0000023EBF7C0FE94F8381094F839600129E2
:1058E000608708BF002E0BD0E068B6FA86F14D093C
:1058F0000BF0C4FE94F83800294606E0FE201DE0B7
:10590000E0680BF0BBFE0120012115F031FA236B9A
:105910000020C4E90600206260626BB1F0B294F826
:105920003810B0FA80F04209002918BF0121606BDD
:105930000A40214698470020BDE8704040B27047B9
:10594000C8B141F2E802C1F2000292F82310002926
:105950004FF0000110D092F822306BB192F8211074
:10596000012908BFFFF7A4BF80B515F067F9002132
:10597000BDE8804000E0FE2148B27047002800F0FA
:1059800083802DE9F04F85B08A4603294FF0FF0050
:105990007DD89346072A7AD81C46002B77D040F64C
:1059A0001861C0F6060101EBCA0111F80B10C9B26B
:1059B0000A2903916BD8204601F07DF9002865D0B3
:1059C000204601F078F901065CD040F6EC71039BAB
:1059D000C0F60601CD5C8AF002018BF0060211438D
:1059E0004FF0010218BF012122EA0A0241F2A80683
:1059F0001140C1F200060091002106EB83025FFA1C
:105A000080F84FF00009029289B2204601F051F966
:105A100007464078A8422FD23878716800F001021A
:105A200051F82210C0F3430051F82000049018B33D
:105A3000007851465A460DF037F9E8B103980A2824
:105A400011D8049803990190043001F05FF8009890
:105A500048B9387802227B78A02838BF42090198DB
:105A6000514615F0A1FB02987978806850F8210022
:105A700004A9FFF7AAFB00BF09F101095FFA89F148
:105A80004145C1D3002002E0FE2003E0FF2005B025
:105A9000BDE8F04F40B2704768B12DE9F04F83B0D8
:105AA000894603294FF0FF0098BF072A06D903B0A3
:105AB000BDE8F04F00E0FE2040B270471C46002BCE
:105AC000F5D040F61861C0F6060101EBC901895C0A
:105AD0005FFA81F8B8F10A0FE9D8204601F0EBF837
:105AE000002852D0204601F0E6F801064BD040F6DF
:105AF000EC7141F2A802C0F60601C1F2000211F8F1
:105B0000085002EB8802002102924FEAC9725FFA44
:105B100080FA4FF0000B019289B2204601F0C9F8DB
:105B200007464078A84228D241F2A8013878C1F24D
:105B30000001496800F0010251F82210C0F343004F
:105B400051F82060CEB1B8F10A0F0FD8301D414690
:105B500000F0D4FF019848B138780222A02838BF5D
:105B60004209304649460F2315F01EFB029978780A
:105B7000896851F82000FFF71CFB0BF1010B5FFA5D
:105B80008BF15145C8D3002091E7FF208FE741F208
:105B9000A800C1F20000406801F0010250F82200A4
:105BA00001F01E0150F81100002814BF0078FF20FA
:105BB00070470000002A68D02DE9F04F83B01046EE
:105BC000984615460C46FFF71BFB204611F0F6F9E8
:105BD0000646204611F0F4F90746204611F0F3F985
:105BE0000446032E4FF0FF0098BF072F50D840F611
:105BF0001860C0F6060000EBC600C05D0A2846D853
:105C000040F6EC71C0F60601095C8C423FD841F2C7
:105C1000A801C1F2000101EB8000806850F824B0B7
:105C2000BBF1000F33D05846FFF714FB78B3824620
:105C30004FF00009CDE900845FFA89F15846FFF77B
:105C40006EFAB8B180460068A0B1047831462046AB
:105C50003A460DF029F801280CD1D8F80000019A35
:105C6000314615F07FFA8DF80B0028460DF10B0137
:105C7000FFF7ABFA09F101095FFA89F05045DBD370
:105C8000009800B10470002002E0FF2003E0FF2034
:105C900003B0BDE8F04F40B27047F0B581B041F2BB
:105CA000A800C1F2000040680C4601F0010150F864
:105CB000210004F01E0150F81170002F47D0164645
:105CC000032A4FF0FF0043D81D46072B40D840F66B
:105CD0001860C0F6060000EBC600415D0A2936D800
:105CE000B88800F007FF90B3032E14D0012E0CD11A
:105CF0003978E2B210294FF0FF0011DD112914D0DC
:105D000015291BD0122919D022E0022E4FF00000D5
:105D100008BF062D1CD1B87900F00F000F2812E043
:105D2000032907D0082909D012E05009032802D11D
:105D3000F87904E0500901280DD040B9F88800F046
:105D40000F00C1B20F2908BF4FF0FF3000E0FF2065
:105D5000C0B201B0F0BDB8790009F2E7002A57D00F
:105D60002DE9F0470846984615460F4611F026F9EA
:105D70000646384611F024F90446384611F023F956
:105D80000746032E4FF0FF0098BF072C43D840F67C
:105D90001860C0F6060000EBC600005D0A2839D87E
:105DA00040F6EC71C0F60601095C8F4232D841F230
:105DB000A801C1F2000101EB8000806850F827A023
:105DC000BAF1000F26D05046FFF744FA10B38146CF
:105DD00050460021FFF7A3F982460068314600785B
:105DE00022460CF061FFA8B1DAF80000089C3146A9
:105DF0003A4615F0B7F928701CB1DAF800000078BF
:105E00002070B8F1000F18BF88F80090002002E061
:105E1000FF2002E0FF20BDE8F04740B2704741F2AA
:105E2000A800C1F20000704770B541F2A804C1F2A9
:105E300000046168002940F08C8040F69861C0F64B
:105E40000601002818BF0146086841F2A001C1F20E
:105E500000010025C4E90001012004210022FFF710
:105E600085F9A16841F8250001350C2DF4D10025F4
:105E7000012004210022FFF779F9E16841F82500AB
:105E800001350C2DF4D10120042100220025FFF75B
:105E90006DF921690022086001200421FFF766F9ED
:105EA00061690022086001200421FFF75FF9A16900
:105EB0000022086001200421FFF758F9E16900225F
:105EC000086003200421FFF751F9216A00220860CD
:105ED00003200421FFF74AF9616A086001200421C8
:105EE0000022FFF743F9A16A41F825000135042D8E
:105EF000F4D101200421002201250026FFF736F904
:105F0000E16A0022086008200421FFF72FF9216BC5
:105F10000022086008200421FFF728F9216B0022E5
:105F2000486044F66000C1F20000FE21CFF6FF7227
:105F3000C6EBC60300EB4313002600BF9C1999551E
:105F40000E36E02E6260F9D10126EB074FF0000516
:105F5000EED141F2A800C1F2000070BD00284AD085
:105F60002DE9F04F81B08B4600293FD0584600F014
:105F7000A2FE01063AD041F2A80A44F6600840F2B7
:105F800000090021C1F2000AC1F20008CFF6FF7932
:105F9000C6B2002789B2584600F08BFE4378DAF883
:105FA000041003F0010251F82250C3F3430355F8E3
:105FB0002350ADB9C2EBC20208EB4212C3EBC303DC
:105FC000056802EB430442F81350C4F8049040788B
:105FD00000F0010251F82210C0F3430041F82040C4
:105FE0000137F9B2B142D5D3002000E0FF2001B063
:105FF000BDE8F04F00E0FE2040B2704700284CD0D2
:106000002DE9F04F81B00C46002941D0204600F028
:1060100052FE01063CD044F6600B41F2A80A00256E
:10602000C1F2000B4FF6FF784FF0FE09C1F2000AF3
:10603000C7B20020002600BF81B2204600F039FE22
:10604000417801F00102C1F34301C2EBC2020BEB44
:106050004212C1EBC10102EB41018A8892B94D6045
:106060000D608D818D60A1F8068081F800904078E8
:10607000DAF8041000F0010251F82210C0F34300D6
:1060800041F820500136F0B2B842D5D3002000E0EC
:10609000FF2001B0BDE8F04F00E0FE2040B27047A5
:1060A000B0B582B0144600200DF107020DF10603D1
:1060B0000D468DF807008DF8060015F093F818B11D
:1060C0004FF0FF3002B0B0BD9DF8070040F6A06170
:1060D000C0F6060151F820009DF8061050F8312056
:1060E000002AEDD02846214602B0BDE8B040104756
:1060F00044F62420C1F20000704740F69C61C0F6CF
:106100000601002818BF0146096844F62420C1F2A0
:106110000000016070472DE9F04186B00C46002177
:1061200000284FF0FE068DF807108DF806107CD081
:10613000002C7AD0207810F0F00F26D044F62220E0
:10614000C1F2000001781546B9B94FF0010880F896
:106150000080022001210022FF23002710F038FFD9
:106160000646FFF75CFE44F62022C1F200023146EB
:1061700000230097FFF7F2FD48B144F62120C1F259
:1061800000000078012808D041E000264DE044F6E8
:106190002120C1F2000080F8008044F62020C1F2E6
:1061A0000000007800F00101A94230D1216811F40B
:1061B000C06F2CD1C1F30311C0F34300814226D13B
:1061C00000202E2100260EF003FA02902068A1790B
:1061D0006FF31F3040EA0130ADF80E00204600F0AA
:1061E000FAFBCDE904010220002D08BF012021782F
:1061F0008DF80C0008098DF80D0001F02EFA02AFA1
:10620000032100220023009701F004FA0DE0A07999
:10621000082809D868B10DF107020DF106032046E0
:10622000002114F0DFFF58B1FF2670B206B0BDE8C0
:10623000F0812046294606B0BDE8F04115F029B8A6
:106240009DF8070040F6A061C0F6060151F8200055
:106250009DF8061000EBC1004268002AE4D02046F9
:10626000294606B0BDE8F041104744F62C20C1F2A3
:1062700000000178012918BF00207047B0B588B030
:1062800044F62C24C1F200042178012900F0B180E9
:1062900040F6BC61C0F60601002818BF0146D1E9EE
:1062A00000CED1E90235D1E90420C4E90335C4E9BF
:1062B0000520C4E901CE88692021E0616846EBF73A
:1062C000FDFE0020A4F801001DF052F801282CD199
:1062D000207B50B3A17B41B38DF805104BF28D317B
:1062E0008DF804000020C0F60401CDE902104BF245
:1062F000AB31C0F60401CDE904104BF28B31012221
:10630000C0F60401C0F60B32CDE9061069460092D2
:106310008DF806001CF03EFF002869D100201CF01B
:1063200007FF002864D10120607001201DF020F8D3
:1063300001282BD1607B48B3E17B39B38DF8040091
:1063400000208DF806004BF28D308DF80510C0F658
:1063500004004BF2AB3102900120C0F60401CDE9FC
:1063600004104BF28B310122C0F60401C0F60B324F
:10637000CDE906106946009203901CF00BFFB8BBF4
:10638000012001251CF0D4FE90BBA57041F6183009
:10639000C0F606000168A06801EB8101B0EB410F77
:1063A00084BF4CF6C070C0F26A0025F075FB207BFC
:1063B00060B1A07B50B1002084F8200084F8210057
:1063C000FF20002125F0FCF8606288B1607B60B19D
:1063D000E07B50B1002084F8280084F82900FF20D9
:1063E000002125F0EDF8E06210B10120207000E0FE
:1063F0000024204608B0B0BD002854D02DE9F04F4D
:106400008BB0084440780E4600284ED098469146FE
:10641000002A4FF000044AD04FF0020A07AF0DF1F6
:10642000080B0025002E08BF4FF0010A3046394600
:106430000022CDE90944CDE907441CF093FEB8BB26
:10644000FFF756FE39463246FFF765FE30B30020AF
:106450001B21CDE90444CDE902440EF0B9F80290C5
:1064600007989DF822106FF31F3040EA0130ADF815
:106470000E00384600F0AFFACDE904019DF81C008B
:106480008DF80CA000098DF80D0001F0E6F803214D
:1064900000220023CDF800B001F0BCF801354D45D5
:1064A000C4D34D4604E0FE200BE0FF2006E00025AB
:1064B0000020B8F1000F18BF88F800500BB0BDE8FD
:1064C000F04F40B27047000028B32DE9F04381B08F
:1064D0000446471C4FF0000801250DF10309002078
:1064E000395C71B1C6B2304649468DF803801CF064
:1064F00029FF9DF8032022B1204631460023FFF7F3
:106500007BFF00210120EA074FF00005E8D101B030
:10651000BDE8F04300E0FE2148B270472DE9F047A6
:106520008CB000284FF0FE0757D00E46002954D0FB
:1065300007AD8146284614219046EBF7BFFD102099
:1065400001212A46FEF712FE8246FFF768FC41460B
:10655000524600230027FFF72DFBA8B100201D2184
:106560000EF036F802900020C0F69910CDE90487AD
:10657000039001F072F802AF04210022002300977B
:1065800001F048F8FF2728E0308871680297ADF8DD
:106590000800504604970391FEF75CFEE8B10646FA
:1065A00009F1010400250DF108080027E9B2504661
:1065B000FEF7B5FD007800F00101615C012908D10A
:1065C0008DF810004846414614F083FE002818BF9D
:1065D00007460135E8B2B042E8D378B20CB0BDE866
:1065E000F0872DE9F0418AB0044600284FF0FE0004
:1065F0003CD00E46D1B34FF0000807A81546CDF8A1
:106600002480CDE9078800F10807FFF708FC294638
:106610003A460023CDF80080FFF7A0FBA8B1002088
:106620001D210DF0D5FF02900020C0F26660CDE97B
:106630000458039001F011F802AF04210022002356
:10664000009700F0E7FFFF2010E09DF8240000F025
:106650000100204440780028F5D030887168ADF8FA
:106660001C00089107A9204614F033FE40B20AB07E
:10667000BDE8F0814FF0FE03C0B1B9B102F00103F3
:1066800003445B788BB180B584B0D1E900134FF03F
:10669000000C8DE80A1069468DF8082014F019FEE8
:1066A000034604B0BDE8804000E0FF2358B27047C5
:1066B00000281ABF01710020FE2040B2704770B35D
:1066C000F0B581B00646084440780D4648B33079AD
:1066D00048B300203F278DF80300002D08BF132783
:1066E000384614461FF002FA0DF1030128461CF04B
:1066F000F7FD9DF8030006EBC50181F8210081F844
:10670000200038461FF0F4F99DF8030010B1284628
:106710001CF036FE54B19DF80300207006E0FE2008
:1067200008E0FF2003E028461CF02AFE002001B00C
:10673000BDE8F04040B2704770B560B114460A46FB
:10674000002105460026FFF7BAFF28460121224610
:10675000FFF7B5FF00E0FE2670B270BD70B560B106
:106760000D4600212A460446002600F009F820467E
:1067700001212A4600F004F800E0FE2670B270BD48
:10678000D0B370B588B00C4601444978C1B30179E3
:10679000A1B300EBC40515F8200F78B36868114663
:1067A00024F0BEFE4FF0000660B30DF11F0120463D
:1067B0008DF81F601CF094FD002019210DF008FFDA
:1067C0009DF81F10029008020130ADF80E00022063
:1067D000CDE90466002C08BF01208DF80C008DF86F
:1067E0000D6000F03AFF02AC042100220023009467
:1067F00000F010FFFF2006E0FE2008E0002003E08C
:10680000FF2001E000202E7008B0BDE8704040B2CB
:10681000704743F63070C0F606007047704710B5F9
:1068200088B00020012100220323002410F0D0FBB7
:106830000146FE2012F0D2FF84756C4620462021CE
:10684000EBF73CFC0EF094FC0EF09BFC024620465D
:106850000121FEF752F90FF002FB2146002200232E
:106860000FF08FFB0FF0FBFA0FF076FB30B10EF05C
:106870007FFC0EF086FC012110F096FA41F2000038
:10688000C1F200000EF0C4F908B010BD10B588B018
:10689000002001210022032310F09AFB0146FE2074
:1068A00012F09CFF02216C46817520462021EBF7F7
:1068B00005FC0EF0E0FE0EF0E7FE02462046012148
:1068C000FEF71BF90FF0CBFA2146002200230FF050
:1068D00058FB0FF0C4FA0FF03FFB30B10EF0CBFEC7
:1068E0000EF0D2FE012110F05FFA41F20000C1F279
:1068F00000000EF0AAF908B010BD10B588B0002055
:10690000012100220323012410F062FB0146FE2036
:1069100012F064FF84756C4620462021EBF7CEFB15
:106920000EF03CFF45F665210246C0F60401204604
:106930000023FEF7D6F80FF092FA0021224600233A
:106940000FF01FFB0EF02AFF0FF00CF941F20000D0
:10695000C1F200000EF0C7F908B010BD41F200000E
:10696000C1F200000EF0E2B941F20000C1F20000F5
:106970000EF0DDB980B50EF011FF0FF027FA41F2ED
:106980000000C1F20000BDE880400EF0D1B97047B0
:10699000704770477047704700EE100A9FED031A6A
:1069A000B8EEC00A20EE010A704700BF0000803830
:1069B000C84000F0010070470122037802FA01F19B
:1069C00023EA0101017070470122037802FA01F104
:1069D000194301707047002812BFD0E9020100205E
:1069E000002170472DE9F0418AB000284FF00005E2
:1069F00043D0884605A906AA09AB04AFCDE9003209
:106A0000029120A108AA07ABCDE90855CDE90655AA
:106A1000CDE904550397EBF7A5F8099EB6F5006F8D
:106A20002BDA42F6B4540127C0F6060408AD00BFC5
:106A300054F827102846EBF76BFB20B101370D2FD8
:106A4000F6D1002519E007980025B0B11F2814DC05
:106A50000699182911DC059A3C2A0EDC92026FF384
:106A60001F3600F01F0061F3491246EA0733104455
:106A70000125A8F80030A8F8020028460AB0BDE8B1
:106A8000F08100BF25732025642025642025643A09
:106A900025643A2564000000C2F12003D04001FAC9
:106AA00003F31843203A58BF21FA02F000F0010026
:106AB00070470123C1F12002B1F1200C23FA02F248
:106AC00058BF03FA0CF203FA01F1D0E900C358BF32
:106AD00000211A4341EA0C01C0E90012704721EA83
:106AE0000000B0FA80F040097047002814BF006829
:106AF00000207047C84000F0010070470122038861
:106B000002FA01F123EA01010180704701220388A2
:106B100002FA01F119430180704743F62D22C1B2F8
:106B2000C0F60602000A515C105C0844C0B270470F
:106B30000122038802FA01F15940018070470000E8
:106B400099B110B584B0C0F3072CC0F3074ECDE95E
:106B500000CE0FF2180CC3B2040E0846114662466E
:106B60000294EAF707FE04B010BD704725642E2595
:106B7000642E25642E25640050F8040C7047C8402C
:106B800000F001007047B0B5054600284FF0FF0047
:106B900010D00C4671B1207880060AD5286940B122
:106BA0000BF07AFD08B1FF2004E0286921460BF0C4
:106BB0007AFE002040B2B0BD40B3F0B581B00446CB
:106BC00000690D460BF09CFED8B120690BF098FED1
:106BD000A0B10646002700BF2069B9B20BF01AFD2C
:106BE00040B101460078800604D5A26812B128465B
:106BF000904700BF0137B8B2B042EDD320690BF027
:106C000015FD002001B0BDE8F04000E0FF2040B2DB
:106C100070474FF0FF0380B17AB113789B0709D01A
:106C2000C3684BB180B50846114698470023BDE8BC
:106C3000804002E0FF2300E0002358B27047B0B567
:106C400082B040F65465C0F60605002818BF054618
:106C5000287810B304F02AF904211822012304F043
:106C60002FF9044695E80F004FF0000C84E80F0060
:106C7000698849B1182000220023CDF800C0CDF862
:106C800004C00BF013FD84466868C4F810C00028E7
:106C90000CBF00208047606100E00024204602B065
:106CA000B0BDFEF73CBA7047002814BF80780020C2
:106CB00070470BF0AFBC0BF023BE44F65C21C1F271
:106CC000000191F86400002818BF084670470000D2
:106CD000B0B500F069FA00F051FB0428014644F613
:106CE0005C2428BF0421C1F20004217480B3002574
:106CF00000F05AFAE9B200F0BCFA44F82500207C12
:106D000001358542F4D3002504F114005021C4F864
:106D10006550EBF7D3F9012084F8640045F2BC50CC
:106D2000C1F200000580FE2001210222002310F0A4
:106D3000D1FD44F2D461C1F20001086050B900F005
:106D40008CFC43F6641206A1C0F6060200F0A9FC12
:106D50000020207444F65C20C1F20000B0BD00BFEA
:106D6000656F5F63757272656E74735F776174636C
:106D700068646F675F496E697469616C69736528DF
:106D8000293A204E554C4C206E765F636F6E7472BC
:106D90006F6C6C65725F707472000000002A00F006
:106DA000C580002800F0C2802DE9F04F81B02DEDA4
:106DB000068BA2B044F65C26C1F20006307C0028A7
:106DC00000F0AE809FED5A8A9FED5A9A40F6F87512
:106DD0009146C1F20005B6EE00AA4FF0000B002765
:106DE000029100BF39F9174038462146EEF76AF99B
:106DF00000EE100A06EB0B00B8EEC00A90ED052A73
:106E000020EE001A90ED153A31EE421A21EE081AE2
:106E100090ED090A33EE011AB5EE401AF1EE10FAC0
:106E2000B8BFB0EE491AB4EE401AF1EE10FA06EB14
:106E3000070A80ED151A03DD01208AF8650009E0D4
:106E40009AF8650048B120EE0A0AB4EE401AF1EE55
:106E500010FA0FDD3846EDF74AFF35F917000BF150
:106E6000040B8442C8BF25F81740307C01378742A5
:106E7000B8D341E00020CDE9200004200021002605
:106E80000DF0A6FB1E902C48ADF87C602AA605905C
:106E9000AC46D6E90550D6E903230490F069D6E95B
:106EA0000181039008A82CC006F12403D6F820E045
:106EB000CDE906810FCBADF87E70CDE90DE00398EA
:106EC00065460C900498CDE90F120B9096F83400AB
:106ED00011938DF8480000F0C0FB1EAE022105AAF8
:106EE0000023009644F65C26C1F2000600F092FBF7
:106EF00000208AF86500B0E745F2BC50C1F20000FE
:106F0000018801318AB2B2F5FA7F029A018007D373
:106F100044F2D461C1F2000109680A8200210180B3
:106F200022B0BDEC068B01B0BDE8F04F704700BF4A
:106F30006F12833A000000004570203C2049325413
:106F40002F323A206E6F7720697420697320706F3A
:106F5000737369626C652070757420696E20696452
:106F60006C6520746865206D6F746F72000000009E
:106F700030B344F65C20C1F20000027C914221D281
:106F800050F8212000EB8100B2F98410B2F986207C
:106F900000EE101A01EE102AB8EEC00AB8EEC11ABF
:106FA00020EE000A21EE011A80ED050A30EE410ABA
:106FB000B8EE081A20EE010A80ED090A002002E06E
:106FC000FE2000E0FF2040B27047002814BF008977
:106FD0000020704738B1018829B1C1684288C08853
:106FE00000FB021070470020704730B10188008913
:106FF000081AB0FA80F0400970470120704700007D
:107000002DE9F04F81B0984615460E46074603F02D
:107010004DFF0421202201234FF0010903F050FF0E
:1070200082460020CAF80000AAF8040000F015FB10
:1070300043F2C67440F6107BC0F606043946C0F62B
:10704000060B2AA22346002F18BF0121CDF800B05D
:1070500000F0D9FA00F001FB31462BA22346002EA6
:1070600018BF0121CDF800B000F0CDFA0A98012F29
:10707000CAF818000B98AAF80670AAF80A70AAF8BD
:107080000860CAE90458CAF81C0012D0022F02D1C5
:107090004FF002090DE0042F04D84FF00409AAF8BC
:1070A0000A9006E0F81D20F007004FF00809AAF842
:1070B0000A0003F0FBFE49463A46334603F000FF60
:1070C000CAF80C0076B1044625B120464146A847CF
:1070D00005E000BFBAF806102046EAF7CDFF013EF2
:1070E0003C44F1D1504601B0BDE8F08F656F5F645C
:1070F000657175655F4E657728293A20302069747F
:10710000656D5F73697A6500656F5F64657175654C
:107110005F4E657728293A2030206361706163698A
:1071200074790000C0B110B50446008890B1E169DF
:1071300031B1E0686288E38803FB02008847208859
:10714000618822890131B1FBF2F3013803FB12118E
:1071500020806180BDE810407047F8B1F1B110B5F2
:10716000044600892288904216D0B4F804C0E28810
:10717000E068A36902FB0C000BB1984701E0EAF755
:1071800075FEA08821890130B0FBF1F202FB1100ED
:107190002188A080481C2080BDE81040704700284E
:1071A00014BF00880020704710B544F6D024C1F207
:1071B00000042078012803D000F004F90120207099
:1071C00044F6D020C1F2000010BD44F6D020C1F238
:1071D000000090F88B2091422EBF002000EB810030
:1071E000806F704744F6D020C1F2000090F88420F0
:1071F00091422EBF002000EB81004068704744F6AA
:10720000D020C1F2000090F8842091422EBF0020CF
:1072100000EB81004068704744F6D020C1F20000C6
:1072200090F8842091423ABF00EB81004068002032
:10723000002818BFF830704744F6D020C1F2000093
:1072400090F8882091422EBF002000EB8100006F53
:10725000704744F6D020C1F2000090F88820914297
:107260003ABF00EB8100006F0020002818BF0830F3
:10727000704744F6D020C1F2000090F8852091427A
:107280002EBF002000EB8100406B704744F6D020F9
:10729000C1F2000090F8852091423ABF00EB8100D6
:1072A000406B0020002818BFC830704744F6D0203B
:1072B000C1F2000090F88D2091422EBF002000EB1B
:1072C0008100D0F88000704744F6D020C1F2000061
:1072D00090F88C2091422EBF002000EB8100C06FFF
:1072E000704744F6D020C1F2000090F88620914209
:1072F0002EBF002000EB8100406E704744F6D02086
:10730000C1F2000090F8872091422EBF002000EBD0
:107310008100C06E704744F6D020C1F2000090F8A2
:10732000892091422EBF002000EB8100406F704702
:1073300010B544F6D024C1F200042078012803D00F
:1073400000F040F80120207044F6D020C1F2000087
:1073500010BD44F6D020C1F2000090F88B007047B9
:1073600044F6D020C1F2000090F88400704744F643
:10737000D020C1F2000090F88800704744F6D02079
:10738000C1F2000090F88500704744F6D020C1F2A9
:10739000000090F88C00704744F6D020C1F2000045
:1073A00090F88600704744F6D020C1F2000090F8B3
:1073B0008700704744F6D020C1F2000090F88900A1
:1073C00070470000F0B581B044F6D025C1F2000549
:1073D000281D7C21EAF772FEFE20012100220026F2
:1073E00010F048FA85F8846080B1044600270C2824
:1073F00028BF0C24FBB2FE200121002210F06AFA03
:1074000005EB87010137BC424860F3D1FE20012122
:10741000012210F02FFA85F8856088B10446002615
:107420000C2828BF0C2400BFF3B2FE20012101224A
:1074300010F050FA05EB86010136B4424863F3D1EF
:10744000FE2003210022002610F014FA85F8866041
:1074500080B104460027022828BF0224FBB2FE2088
:107460000321002210F036FA05EB87010137BC42F8
:107470004866F3D1FE200221002210F0FBF985F8C6
:10748000876030B1FE2002210022002310F022FA92
:10749000E866FE200221012210F0ECF9002485F8B4
:1074A000884030B1FE2002210122002310F012FAA0
:1074B0002867FE200221022210F0DCF985F88940BD
:1074C00030B1FE2002210222002310F003FA686787
:1074D000FE200221032210F0CDF9002485F88B4014
:1074E00030B1FE2002210322002310F0F3F9A86737
:1074F000FE200221042210F0BDF985F88C4030B145
:10750000FE2002210422002310F0E4F9E867FE20A7
:107510000221052210F0AEF9002185F88D1038B156
:10752000FE2002210522002310F0D4F9C5F88000C6
:10753000002001B0F0BD012901D9FF2006E044F68A
:10754000D020C1F2000080F88B10002040B27047BC
:107550000C2901D9FF2006E044F6D020C1F200003A
:1075600080F88410002040B27047012901D9FF2023
:1075700006E044F6D020C1F2000080F88810002018
:1075800040B270470C2901D9FF2006E044F6D02014
:10759000C1F2000080F88510002040B27047012938
:1075A00001D9FF2006E044F6D020C1F2000080F8A7
:1075B0008C10002040B27047022901D9FF2006E05C
:1075C00044F6D020C1F2000080F88610002040B2BE
:1075D0007047012901D9FF2006E044F6D020C1F20E
:1075E000000080F88710002040B27047012901D9BF
:1075F000FF2006E044F6D020C1F2000080F8891098
:10760000002040B2704701B17047009805210090FA
:10761000AFF3008070B582B0069D002014460E4680
:10762000CDE9000312F0B2FC12F0B9FC00280CBF47
:10763000022012F093FD8DF800006A463046214684
:107640002B4613F0CFFE02B070BD41F6C460C1F20C
:10765000000000EBC1000430704741F6C460C1F285
:107660000000704780B582B0184613460A460121D3
:107670000090FFF7CFFF02B080BD40F6D861C0F6A2
:107680000601002818BF0146096841F6C460C1F22E
:1076900000000160704741F6C460C1F20000016063
:1076A0007047B0B582B000200D46CDE9000212F05F
:1076B0006DFC12F074FC00280CBF022012F04EFD8D
:1076C00041F6C461C1F200010C688DF8000024B1DC
:1076D0006A46002029460023A04702B0B0BD0FF043
:1076E00065BB44F66030C1F20000017B012918BF80
:1076F000002070472DE9F04186B044F66034C1F2B5
:107700000004217B012948D040F63075C0F60605FB
:10771000002818BF0546204629460C22EAF75FFCE0
:107720000020002607F04DFB012001214FF0010849
:1077300023F046FF6B68606147F2DF6029786A8852
:10774000C0F603004BF21147CDE902364BF2F54388
:1077500015A5C0F604070490C0F604030520CDE982
:10776000007605950FF074F9206101200121267340
:10777000A67323F025FFC4E9060604F13400302186
:10778000266284F82460EAF799FC00202686C4E982
:107790000A661FF0C7FF84F80C8044F66030C1F21F
:1077A000000006B0BDE8F0816574686D6F6E6974A5
:1077B0006F720000B0B586B038B344F66035C1F2E0
:1077C0000005687B0024012820D04BF22D50C0F624
:1077D00004002C86C5E90A441FF0A4FF0120687349
:1077E000062004210CF0F4FECDE90204CDE90444A6
:1077F000FFF733FF43F6811302ADC0F60603042101
:1078000000220095FFF706FF00E0FE2460B206B0FC
:10781000B0BD00002DE9F04F87B0A0B344F660354D
:10782000C1F20005687B60B3D5E90A0108431DD0A9
:10783000062003210CF0CCFE0290288E0024ADF827
:107840000E00D5E90A01ADF80C40CDE90401FFF7BF
:1078500004FF43F6811302AFC0F6060304210022A1
:107860000097FFF7D7FE2C86C5E90A44A87B40B1F4
:107870004FF62831C0F605016869096823F050FE0B
:1078800030B1002400E0FE2460B207B0BDE8F08F04
:10789000A87B002800F098804FF0000ACDE904AAE8
:1078A000CDE902AA0DF07AFF0EF0D6F843F6811961
:1078B0004FF0805B05F140040DF10808C0F60609A1
:1078C00000260027012808BF4FF0405B14F80C1C6D
:1078D00014F80B0C012923D1A0B9062000210CF0CB
:1078E00077FE0290ADF80CA0ADF80E60CDE904ABC8
:1078F000FFF7B3FE042100224B46CDF80080FFF7CE
:1079000089FE01272078800722D554F8040CF8B1AD
:10791000062002210CF05CFE029054F8040C07E0F3
:10792000012815D1062001210CF052FE0290002002
:10793000ADF80CA0ADF80E60CDE9040BFFF78DFE9D
:10794000042100224B46CDF80080FFF763FE01279B
:107950000136032E04F11004B8D123F0ABFE44F637
:10796000C822C1F20002D2E90036AC68C31A61EB4A
:1079700006061B1B76F1000324D3C2E900010FBBEE
:10798000062005210CF024FE95F8341095F84420CB
:1079900095F8543041EA42010290002041EA830107
:1079A000ADF80C00ADF80E10CDE9040BFFF755FE55
:1079B00043F68113C0F6060301210022CDF80080B2
:1079C000FFF728FE0020A87368690021002423F037
:1079D000D5FD59E72DE9F04792B00446E0B944F6E9
:1079E000C834C1F200042078012815D04EF6145096
:1079F000CEF20000016841F010010160016941F41C
:107A0000E02101614EF20800CEF20000016841F071
:107A1000020101600120207000208DF8070004F1B0
:107A200020000DF107011022FCF784FD002840F032
:107A30007882FCF77DFD9DF807000F2800F2718227
:107A400094F82E00662840F06C8294F82450D4E913
:107A50000867042000214FF000080CF0B9FDA24691
:107A60004AF8300FCAE90186CAF80C70FFF7F5FD35
:107A700043F6D2130FF2B042C0F606030421CDF84C
:107A800000A0FFF7C7FD062D24D102AD28464021F6
:107A9000EAF714FB236A44F21072C0F60602284685
:107AA0004021E9F767FEFFF7D8FD43F6D213C0F691
:107AB000060304212A46CDF800A0FFF7ABFD94F899
:107AC00024000B282BD843F64051C0F6060151F88C
:107AD000203028E002AD28464021EAF7EFFA236A79
:107AE00044F21072C0F6060228464021E9F742FE31
:107AF000FFF7B3FD43F6D213C0F6060304212A466E
:107B0000CDF800A0FFF786FD94F824000B2870D86C
:107B100043F64051C0F6060151F820306DE044F2C2
:107B2000C263C0F6060394F8257044F24A7202ADAF
:107B3000C0F60602284640210097E9F71BFEFFF732
:107B40008CFD43F6D213C0F6060304212A46CDF875
:107B500000A0FFF75FFD94F8240044F23863032887
:107B6000C0F6060310D194F82500A0F1E001052924
:107B70000AD843F67051C0F6060101EB80004FF6BB
:107B80008041CFF6FF71435844F2087202ADC0F64F
:107B9000060228464021E9F7EDFDFFF75EFD43F6BA
:107BA000D213C0F6060304212A46CDF800A0FFF741
:107BB00031FD94F8269094F8275044F6C8320021FD
:107BC000C1F20002002000BF531893F8407010313A
:107BD000AF4208BF03F14100B1F5807FF4D1B9F1A4
:107BE0000F0F5DD843F68851C0F6060151F82930D1
:107BF0005AE044F2C263C0F6060394F8257044F2DA
:107C00004A7202ADC0F60602284640210097E9F705
:107C1000B1FDFFF722FD43F6D213C0F6060304219F
:107C20002A46CDF800A0FFF7F5FC94F8240044F2B2
:107C300038630328C0F6060310D194F82500A0F19C
:107C4000E00105290AD843F67051C0F6060101EBA0
:107C500080004FF68041CFF6FF71435844F208721E
:107C600002ADC0F6060228464021E9F783FDFFF782
:107C7000F4FC43F6D213C0F6060304212A46CDF8DD
:107C800000A0FFF7C7FC94F8265094F827900F2D1A
:107C90004ED843F68850C0F6060050F825304BE029
:107CA00044F60203C0F6060344F2406244F2466121
:107CB000C0F6060244F21D67C0F60601022D08BF99
:107CC0000A46C0F60607012D18BF174644F2F462B3
:107CD00002AE002818BF0746C0F606023046402113
:107CE0000097E9F747FDFFF7B8FC43F6D218C0F656
:107CF0000608042132464346CDF800A0FFF78AFC6F
:107D000044F26062C0F60602304640214B460095C0
:107D1000E9F730FDFFF7A1FC042132464346CDF8D8
:107D200000A0FFF777FCA36A86A23046402125E039
:107D300044F60203C0F6060344F2F46202AE04F114
:107D40002807C0F60602304640210097E9F712FDE9
:107D5000FFF783FC43F6D218C0F60608042132462A
:107D60004346CDF800A0FFF755FC44F26062C0F630
:107D70000602304640212B46CDF80090E9F7FAFC88
:107D8000FFF76BFC042132464346CDF800A0FFF715
:107D900041FCD4E908560420002100270CF018FC0F
:107DA00044F8300FC4E90175E660FFF756FC43F66E
:107DB000D21367A2C0F6060304210094FFF72AFC41
:107DC00002A84021EAF77AF94FF08050017866293D
:107DD00040F091800827C1F200073B6A7E6A44F2B6
:107DE000AD7202ADC0F60602284640210096E9F7C2
:107DF000C1FCFFF732FC43F6D218C0F60608042196
:107E00002A4643460094FFF705FCBB6AFE6A44F22B
:107E1000E672C0F60602284640210096E9F7AAFC61
:107E2000FFF71BFC04212A4643460094FFF7F2FBB0
:107E30003B6B7E6B44F29072C0F6060228464021EE
:107E40000096E9F797FCFFF708FC04212A46434611
:107E50000094FFF7DFFBBB6BFE6B44F2CA72C0F607
:107E60000602284640210096E9F784FCFFF7F5FB5F
:107E700004212A4643460094FFF7CCFB3B687E680A
:107E800044F26072C0F60602284640210096E9F7E7
:107E900071FCFFF7E2FB04212A4643460094FFF7FA
:107EA000B9FBBB68FE6844F27872C0F60602284649
:107EB00040210096E9F75EFCFFF7CFFB04212A463C
:107EC00043460094FFF7A6FB3B697E692BA2284638
:107ED00040210096E9F74EFCFFF7BFFB04212A463C
:107EE00043460094FFF796FBBB69FF692AA2284628
:107EF0004021009703E0037818A202A84021E9F787
:107F000039FCFFF7AAFB43F6D213C0F6060302AA18
:107F100004210094FFF77EFB4FF080504821EAF7E0
:107F2000CDF812B0BDE8F087524553544152544544
:107F30004420616674657220464154414C2065724C
:107F4000726F72004346535220307825780000004B
:107F50004D4F524520494E464F0000006D70752030
:107F6000737461746520696E76616C6964207369ED
:107F7000676E203D2030782530387800723132200D
:107F80003D20307825303878206C72203D203078C4
:107F900025303878000000007063203D20307825BF
:107FA00030387820707372203D2030782530387852
:107FB0000000000044F6C830C1F2000004307047F1
:107FC00044F6C830C1F200000178012918BF002032
:107FD000704744F6C830C1F200000178012908BF9B
:107FE00070474EF61451CEF200010A6842F01002BA
:107FF0000A600A6942F4E0220A614EF20801CEF2F8
:1080000000010A6842F002020A6001210170704713
:1080100070B544F6C835C1F2000568780F2888BFEE
:1080200070BD05F14006144606EB001208461146E5
:1080300023F02BFC687844F2495206EB0010013023
:10804000C0F606020F212346E9F794FB6878013059
:10805000687070BD2DE9F04383B00C4644F6C83615
:10806000C1F20006002908BF341D20784EF60459DD
:108070000628CEF2000933D14FF000080DF10A00B6
:108080008DF80A8016F0ECFC40F22820C1F20000C6
:10809000D0E9005722F0FEFFA5FB002107FB0011ED
:1080A00010464FF47A720023E9F7D5FA3061207850
:1080B00086F8158030751DF0F3FC9DF80A10B07538
:1080C000F175D9F824000190019830760198000AE2
:1080D00070760198000CB0760198000EF0762EE0D4
:1080E00000208DF80B000DF10B0016F0B9FC40F2EA
:1080F0002821C1F20001D1E90075804622F0CAFFB3
:10810000A7FB002105FB001110464FF47A720023F3
:10811000E9F7A1FA306120783075607870751DF04C
:10812000BFFC9DF80B1044F24952B075F17506F191
:108130001800C0F6060206214346E9F71BFB66223B
:10814000B2770120A1684FF08053C1F200001A708D
:10815000002201230270437002238370C0F80320C1
:10816000C1B10A68C0F807204A68C0F80B208A68C5
:10817000C0F80F20CA68C0F813200A69C0F8172099
:108180004A69C0F81B208A69C0F81F20C969C0F875
:1081900023100FE0C0F82320C0F81F20C0F81B20D8
:1081A000C0F81720C0F81320C0F80F20C0F80B202B
:1081B000C0F80720D9F80010C0F82710D9F820100F
:1081C000C0F82B10D9F82410C0F82F10D9F82810B7
:1081D000C0F83310D9F82C10C0F83710D9F8301087
:1081E000C0F83B10D9F83410C0F83F10D9F8381057
:1081F000C0F8431006F110001021FCF79DF903B000
:10820000BDE8F043FCF7A6B950B1B0B505464068EB
:108210000C4638B1114611F014FE40B1FD200FE0BC
:10822000FE200FE02868FEF7D0FE208007E02868D7
:10823000FEF7CBFE69682080084611F0F5FD0020AE
:10824000BDE8B04040B27047B0B50C464FF0FE01FB
:10825000D8B1D4B10546406828B1114611F0F1FDFE
:1082600030B1FD2111E02868FEF7B4FE206007E080
:108270002868FEF7AFFE2060686811F0D5FD206821
:108280000021002808BF6FF0040148B2B0BD000013
:108290002DE9F04F83B0DDF834A0984691460E46A4
:1082A000074602F003FE04210822012302F008FE23
:1082B0000446FFF7D2F943F2CE7540F6107BC0F6C4
:1082C00006053946C0F6060B12A22B46002F18BF32
:1082D0000121CDF800B0FFF796F9FFF7BEF931465E
:1082E00013A22B46002E18BF0121CDF800B0FFF7D6
:1082F0008AF938460C9F31464A464346CDE9007A12
:10830000FEF77EFE0E9A01462046C4E9001203B035
:10831000BDE8F08F656F5F6669666F5F4E657728B1
:10832000293A2030206974656D5F73697A650000B1
:10833000656F5F6669666F5F4E657728293A203002
:10834000206361706163697479000000B0B548B161
:10835000044640680D4638B1114611F072FD48B12F
:10836000FD251BE0FE2519E02068FEF73EFE38B132
:10837000FA2513E02068FEF738FE38B1FA250AE046
:1083800020682946FEF7E9FE002507E02068294617
:10839000FEF7E3FE0025606811F046FD68B2B0BD4F
:1083A00040B110B50446406830B111F04AFD38B113
:1083B000FD200CE0FE200CE02068FEF7B3FE05E097
:1083C0002068FEF7AFFE606811F02EFD0020BDE8CA
:1083D000104040B27047B0B50C4640B10546406809
:1083E00048B1114611F02DFD50B1FD2011E00020E3
:1083F0002080FE200DE02868FEF7D1FE208007E0F7
:108400002868FEF7CCFE69682080084611F00CFD54
:10841000002040B2B0BD44F27860C1F200000178A3
:1084200001291CBF01210170704700284FF0FE0098
:1084300057D02DE9F0470D46002950D01C46002B9F
:108440004DD0DDF82080B8F1000F48D0687816468E
:1084500005F0CCFDB0B1284605F075FD012804D12A
:10846000688805F06BFD074600E00027287800F0DB
:10847000080A00F0040907EB5A0000EB4900083035
:10848000B04201D9FF202AE0D5E9000120604FF079
:1084900008006160A8F8000057B1A96804F108005D
:1084A0003A46E9F7E3FCB8F800003844A8F80000C1
:1084B000BAF1000F05D0E96882B20430A150A8F8E3
:1084C0000000B9F1000F09D0D5E9041283B214FA03
:1084D00080F70830E1507A60A8F800000020BDE87D
:1084E000F04740B270470000002800F072802DE98C
:1084F000F0438BB004464078002800F0B280E0786A
:10850000002800F0AE8094F8BC01002800F0A9809B
:1085100002201F4615460E468DF81C000CF01FF970
:1085200007A90CF00FF99DF81C000021012840F06C
:108530009980D4F8B402D6F800800A91CDE90811E8
:1085400007910AF0A9F801282AD1072000210CF090
:108550003FF802903068B1796FF31F3040EA013084
:10856000ADF80E003046FEF736FA059131780490EA
:1085700008098DF80D000220002D08BF01208DF89C
:108580000C00FFF76AF80DF1080C0321002200230C
:10859000CDF800C0FFF73EF82046012100F09CFB1B
:1085A000B81E0C2863D8DFE800F0161616626207C2
:1085B0000707078807078D00307AF17A96F80AC016
:1085C0008DF81F000A024FF00E0E0F230C200D2114
:1085D0000AE0FE2149E0707A96F808C002024FF0E6
:1085E0000C0E0D230A200B21715C305C42EA0C0258
:1085F000ADF8262040EA0120F15C16F80E20ADF817
:10860000280042EA01200D2FADF82A002FD80120C2
:10861000B84043F69C71084229D05FFA88F04FEACF
:10862000101905F00105C8F3031040EA05168DF88E
:108630001D7011F0ABFC11F0B7FC4FF47A720023FF
:10864000E9F709F80890D4F8B40207A98DF81C607E
:108650000AF029F904EB450000F53B704946FEF7A6
:108660004DFA00210BB0BDE8F04348B27047072037
:1086700001210BF0ADFF02903068B1796FF31F302C
:1086800040EA0130ADF80E003046FEF7A4F905913E
:108690003178049008098DF80D000220002D08BFE4
:1086A00001208DF80C00FEF7D8FF02AF0321002255
:1086B00000230097FEF7AEFFD3E7D6E90201CDE92C
:1086C0000901AAE7307A717AB27AF37A8DF81F003D
:1086D00001F0030062F3830063F305108DF81E00C0
:1086E0009BE700002DE9F04F8FB000284FF0FE0609
:1086F00000F04B810D46002900F0478104462878A0
:10870000082840F0AF806078012802D1204600F0B0
:1087100086F9FEF749FD0121FEF70DFFFEF744FD46
:10872000FEF717FE002800F09B80FEF73DFD0021BC
:108730000026FEF74AFDC4F8B80204F114002946E9
:108740004FF4B472E9F719FCD5E901C1D5E9032367
:10875000D5E90507C4E9B223C4E9B407C4E9B0C147
:10876000D5E90702696AC4E9B602D4F8E402C4F89C
:10877000E01205F128018422E9F778FB94F8F7026A
:10878000002800F0F1800DF1380808F10200019096
:1087900004F53070039094F8F502C4F8E8620028FC
:1087A000C4F8EC62C4F8F0625ED004F53A750026B5
:1087B000D4F8E402F1B2FCF7B2FC60B1417801F008
:1087C0000300012807D1C1F3800005EB4000C1F38D
:1087D000C301FEF79BF9013694F8F502F1B281422C
:1087E000E6D300210E9140F6B851C0F6060191E89B
:1087F0008C00D1E90365D1E905CEC9690DF11809ED
:10880000002889E88C00CDE90965CDE90BCE0D91F2
:108810003ED0002506AF00BFD4F8E402E9B2FCF771
:108820007EFCB0B14178064601F00300012810D16A
:10883000C1F3800048EA4000C1F3C301FEF766F9C6
:1088400070783178C0F38002C0F3C30007EB0212E6
:108850001154013594F8F502E9B28142DCD317E0F6
:1088600000206070FF2690E000200E9040F6B85087
:10887000C0F6060090E88E00D0E90465D0E906C095
:108880000DF1180E8EE88E00CDE90A65CDE90CC019
:1088900044F2FE0005904020ADF8120000250DF1D5
:1088A0003809012005AE0DF112074FF0000800BF96
:1088B000029006A800EB081B4FF0010AB9F800006F
:1088C0005FFA8AF1FEF716F9012830D11BF80A1079
:1088D00003988DF814100AF083F910B101794079EA
:1088E00001E0002100208DF816109DF815108DF87C
:1088F000170001F0E00040EA080040EA4A01D4F81D
:10890000A0018DF81510314609F0CDFF9DF8120039
:10891000394600F0E00040EA080040EA4A008DF8DD
:108920001200D4F8A4018DF8135009F0BCFF0AF12D
:10893000010ABAF10F0FC1D10298DDF80490C00707
:108940004FF001084FF00000B2D1FDF768FAD4F8FB
:10895000A011FDF703FBFDF762FAD4F8A431022160
:108960000322FDF70BF8002620464FF0FF3112F0EE
:1089700003FE01206070042084F8BC61207305F0C0
:10898000BDFE227B042105F0A9FE70B20FB0BDE848
:10899000F08F10B586B0044600284FF0FE0018BFD7
:1089A000002939D06078B0B308784968052884F880
:1089B000C001C4F8C41101D2052102E0C92824D3A2
:1089C000C82184F8C01141EA00200021CDE902113C
:1089D000ADF80E00CDE90411052028210BF0F8FDBB
:1089E0000290032084F89801FEF737FE94F898115E
:1089F00043F6A7130DF1080CC0F606030022CDF8CC
:108A000000C0FEF707FED4F8C411204612F0B4FDF2
:108A1000012084F8BC01002040B206B010BD00283F
:108A200061D0B0B504464078002850D0E0780128E5
:108A300004D1204600F031F9607848B1D4F8BC0286
:108A40004BF2D172C0F604020021002305F0CAFDEA
:108A5000FDF7E5F9D4F8A43102210322FDF71CF853
:108A6000FDF7DDF9D4F8A011FDF7C8FAFEF79CFB7D
:108A700000210025FEF75FFDD4F8E402C4F8B852E7
:108A8000FCF7BEFBD4F8B40209F0D0FD04F11400E9
:108A90004FF4B471E9F712FBD4F8A001FF2121755E
:108AA00009F0C4FDD4F8A40109F0C0FDD4F8A80170
:108AB000FCF7A6FBD4F8800108F0E0FDC4F8C4512F
:108AC00084F8F752A4F8F5526570C4F8BC5101203F
:108AD000207305F013FE227B042105F0FFFD00202A
:108AE000BDE8B04000E0FE2040B2704741F23020C7
:108AF000C1F200000178012918BF00207047F0B5CD
:108B000083B041F23024C1F200042078012871D0F2
:108B1000FF202075002504200F2100220023CDE92D
:108B20000055042609F0C2FDC4F8A00102200F215F
:108B3000002200230095019509F0B8FDC4F8A401B6
:108B400006200A210022FCF711FBC4F8A8014FF00F
:108B5000FF30C4F89E024FF6FF70A4F8A202012075
:108B600004210022C4F8D851C4F8C85184F8DC515B
:108B7000C4F8BC51C4E9BA55C4F8F052C4F8B852AC
:108B80000127FCF7F3FAC4F8BC0204F53070242185
:108B9000E9F794FA202004210022FCF7E7FAC4F850
:108BA000E4023220C4E970051020202100220023B5
:108BB0000095019509F07AFDC4F8B402002002F096
:108BC000DFFB08F073FCC4F880010520202184F845
:108BD0009861A4F88C510BF0FBFCC4F88801278045
:108BE000E570C4F8F452277305F088FD227B042158
:108BF00005F074FD41F23020C1F2000003B0F0BD79
:108C0000B0B582B0D8B10446FEF727FD94F89811AC
:108C100004F5C47243F6A7130092C0F606030022BF
:108C20000025FEF7F7FCD4F888010BF0BDFC2B28DB
:108C300006D1FCF702FCFCF73CFD002500E0FE2518
:108C400068B202B0B0BD50B1134642784AB1D0F814
:108C5000BC024BF2D172C0F6040205F0C3BCFE2088
:108C600000E0002040B27047A0B110B50446407843
:108C700060B1E078012809D00120E070062020735F
:108C800005F03CFD227B042105F028FD0020BDE815
:108C9000104000E0FE2040B27047B0B5B0B10446CD
:108CA0004078A8B1E078002598B1204612F03FFC4A
:108CB0000420E570207305F021FD227B042105F0DE
:108CC0000DFDD4F8B40209F0B1FC02E0FE2500E08D
:108CD000002568B2B0BD0000F0B58BB0002800F0F0
:108CE0008F8004464078002800F0B680E0780028A5
:108CF00000F0B28094F8BC01002800F0AD8094F838
:108D0000F4020D46012835D1D4F8F002411CB0F52B
:108D10007A7FC4F8F0122DD9B4F8EC02B4F8EE1250
:108D200040EA0102120420D089B24FF4802241EAC5
:108D3000004140F3C03007920022CDE90810002026
:108D4000392106920BF044FC0690032084F8980128
:108D5000FEF783FC94F8981143F6A71306AFC0F60C
:108D6000060300220097FEF755FCD4F8E802002124
:108D7000C4E9BB01002D4FF000066ED0D4F8B80254
:108D800000F108052846FCF73BFA0896CDE906668F
:108D90008DF81760CDE90366CDE9016602F0E7FAC8
:108DA00041F62031C0F606010A6801A90DF117034A
:108DB000009602F0A5FA28B3D4F8B40209F05DFCDD
:108DC000002849D1D4F8B40209F09AFD0746284694
:108DD000FCF7B8F90646F8B2B04238BF0646DEB333
:108DE000D4F8B40209F051FC38B101462846FCF72A
:108DF000ECF9D4F8B40209F02DFD013EF0D12BE0DE
:108E0000FE262AE0029944F6D3529DF81700C1F2DB
:108E10006202A1FB02120146002818BF012104EBE7
:108E2000410191F89E1200288DF818104FF00501AD
:108E30004FF0000008BF06218DF81A0004988DF845
:108E400019109109BDF80E200791099006A928462E
:108E5000ADF82220FCF7B9F9002670B20BB0F0BDD6
:108E6000002800F0D4802DE9F04F87B00446407808
:108E7000002800F0D180E078002800F0CD8094F840
:108E8000BC01002800F0C880012940F0C280B4F87D
:108E9000D80138B9B4F8DA0120B994F8DC01002817
:108EA00000F0BA80D4F8C401002800F0B58094F82E
:108EB000DC010021FDF77CFD012809D102F057FA01
:108EC00004F5297102F00AFA02F051FA02F0B9FA37
:108ED00094F8F70200284FF0000000F09E80059003
:108EE0004FF48030049004F5DA70019043F20240B0
:108EF000A4F8B40104F5EA7004F5EC710DF1100961
:108F000002904FF0400B01204FF0000A0391C4F88B
:108F1000B89100BF00900BF0FE005FFA8AF140EAC2
:108F2000010B4FF0010800BF03985FFA88F530F895
:108F30001A002946FDF7DEFD0299064631F81A109F
:108F400008462946FDF7D6FD012E08BF01283BD172
:108F50000020ADF8100048460F21FDF7D7FD94F82A
:108F6000F50218B3002500BFD4F8E402E9B2FCF71B
:108F7000D6F8A8B14178C1F3C302424510D101F03F
:108F80000302012A0CD1C1F380018A4508D18078FF
:108F900009F01AFE102803D001464846FDF7B6FD39
:108FA000013594F8F502E9B28142DDD30BF0E1001E
:108FB00000EB480BFDF759F927F0FF0141EA0B07D9
:108FC00001993A46FDF756FBB8F10E0F08F101087A
:108FD000AAD300984FF0010AC0074FF000054FF0E8
:108FE000000097D194F8C0212046012112F09EFB89
:108FF00094F8C0212046012112F0F4FBD4F8D801E6
:1090000084F8F4A2C4E9BA00C4F8F05204E0FE20E7
:1090100006E0204612F08BFA002007B0BDE8F04FC2
:1090200040B270472DE9F04F93B0904604460028B7
:1090300000F075800F46002971D0387808285DD17E
:1090400060781D46012802D12046FFF7E8FC022087
:10905000207305F053FB227B042105F03FFBD4F87D
:10906000800108F00BFBC4E90184A5703E1DBD69B9
:109070004FCE04F5307CC4F8D4528CE84F00D7E9C9
:109080000702796AC4E9B602D4F8E402C4F8E0122F
:1090900007F128018422E8F7E9FED4F8E402002170
:1090A00084F8F712A4F8F512FCF7D4F884F8F50266
:1090B00020B304F530790025D4F8E402E9B2FCF7D6
:1090C0002EF888B1407800F00300DFE800F00D02D0
:1090D000080294F8F702013084F8F70204E094F8EB
:1090E000F602013084F8F602013594F8F502E9B28F
:1090F0008142E1D32138C0B2DF2825D80520207372
:1091000005F0FCFA227B042105F0E8FAB8F1000F23
:1091100002D020460021C0474FF0FF0A0FE0052093
:10912000207305F0EBFA227B042105F0D7FAB8F1A1
:10913000000F02D020460021C0474FF0FE0A4FFA30
:109140008AF013B0BDE8F08F94F8F602CDE9067905
:10915000002847D046464FF0000A4FF0010B0DF1B2
:1091600040084FF000090025CDE910AAD4F8E40228
:10917000EFB23946FBF7D3FF88B1417801F0030124
:1091800002290CD18178062910D1007820280DD130
:1091900002F0EDF8002102F04DF9012806D1013569
:1091A00094F8F502E9B28142E0D310E04046394636
:1091B000FDF77FFC013594F8F512E8B209F10109D9
:1091C0004FF0FF0A88424FF0000BCFD32CE05FEA4C
:1091D000CB7029D094F8F702DDE906790028B04673
:1091E00000F03F81D4F8A801FCF70AF894F8F502E2
:1091F000002100281091CDF814806AD000250026A7
:10920000D4F8E402F1B2FBF78AFF18B10078202805
:1092100008BF0125013694F8F502F1B28142EFD37F
:10922000B5FA85F0400955E000205FFA89F108AEF3
:10923000A4F88C01A4F88E11C4E964003046202102
:1092400004F5C475E8F73AFF10F0CCFB10F0D3FB3F
:109250004BF6E1210346C0F6040130462246FBF7F7
:1092600040FC0520272105270BF0B2F9C4F888013E
:10927000042084F89801FEF7F0F994F8981143F669
:10928000A713C0F6060300220095FEF7C3F9D4F831
:10929000841179B141F60032C0F60602D4F880019B
:1092A000D2E90023FF2584F8995101258DE8620059
:1092B00008F070F9277305F021FA227B042105F0EC
:1092C0000DFA6268002A3FF43AAF20460021904729
:1092D00035E70120049009F0B3FC002860D008A80D
:1092E00000F1060B4FF000084FF0000A5FFA8AF019
:1092F000ADF82880CDE9088809F098FC0746484673
:10930000394609F06DFC002842D081880068ADF82C
:10931000241094F8F5120890CDF82680C1B34FF0D0
:1093200000090026D4F8E4025FFA89F1FBF7F7FEA2
:10933000E0B14178054601F00300012816D12878F4
:10934000874213D1C1F380000BEB4000C1F3C3018E
:10935000FDF7DCFB697810AAC1F3800042EA400007
:10936000C1F3C301FDF7D2FB012600BF09F10109DA
:1093700094F8F5025FFA89F18142D3D3DDF81C90AD
:10938000012E05D1D4F8A80108A9FBF71EFF00BFE4
:109390000AF1010A5FFA8AF509F052FC8542A5D369
:1093A000049828B1D4F8A801FBF754FF002867D02F
:1093B000BDF84000FDF7B1FBBDF842100546084678
:1093C000FDF7ABFB2844C1B2059F102938D300211B
:1093D000A4F88C11000210990F30A4F88E01C81760
:1093E00008AEC4E964103046202104F5C475E8F7DE
:1093F00065FE10F0F7FA10F0FEFA4BF6E121034695
:10940000C0F6040130462246FBF76BFB05202A21FB
:109410004FF005080BF0DCF8C4F88801042084F84C
:109420009801FEF71AF994F8981143F6A713C0F6BD
:10943000060300220095FEF7EDF8D4F8841155E0FC
:109440004BF62D100699C0F6040004F5D675C4E954
:109450006B01FBF7F2FFD4F8A8112A46FCF740F99C
:109460000BE0A078012803D120463946FFF73AF9EE
:10947000626812B12046012190474FF0000A5EE673
:109480004FF4803094F8F51204F5C67308AE00224C
:1094900007C33046202104F5C475E8F70FFE10F02D
:1094A000A1FA10F0A8FA4BF6E1210346C0F6040138
:1094B00030462246FBF715FB05202C214FF005080E
:1094C0000BF086F8C4F88801042084F89801FEF7B0
:1094D000C4F894F8981143F6A713C0F606030022C7
:1094E0000095FEF797F8D4F88411059F79B141F6FD
:1094F0000032C0F60602D4F88001D2E90023FF252D
:1095000084F8995101258DE8620008F043F884F849
:109510000C8005F0F3F8227B042105F0DFF8002F22
:109520003FF4FAAD20460021B847F5E544F6505126
:10953000C1F200010868002818BF08467047000003
:10954000F0B583B044F65055C1F2000529680029F2
:1095500040F0BD8040F63C74C0F60604002818BFF9
:109560000446208870B9FEF778F840F6107743F685
:109570001923C0F6060759A2C0F606030521009775
:10958000FEF748F8606870B9FEF767F840F61077A4
:1095900043F61923C0F606075CA2C0F606030521B0
:1095A0000097FEF737F82188002648200022002384
:1095B0000096019609F07AF8286001F077FC002106
:1095C0004822012301F07CFC686001F06FFC00215F
:1095D0004822012301F074FC6168C5E902010846D4
:1095E00008F006FA044603F07AF828610020022108
:1095F000002203230DF0ECFC2A690146204603F00B
:1096000079FA03F06CF8686100200221002204233B
:1096100004270DF0DDFC6A690146204603F06AFA72
:1096200068684821E8F74AFD002013210AF0D0FFBE
:10963000696841F6243288608889C0F60602147889
:1096400040F00300CE810E614E61888120460421E6
:109650001822182604F053FCE884204604214822EE
:1096600004F04DFCA88401F021FCAA8C0021012308
:1096700001F026FC00F10801C5E906002962017825
:10968000002201F0FC010170E8690423017801F077
:10969000FB010170E869017801F0F7010170E869E8
:1096A000017801F0EF010170E869017801F0DF0154
:1096B0000170E869017801F03F010170E869022159
:1096C000477000200DF084FCE96948604E8044F644
:1096D0005050C1F2000003B0F0BD00BF656F5F697C
:1096E0006E666F646973706174636865725F496EFA
:1096F000697469616C69736528293A203020636652
:10970000672D3E636170616369747900656F5F699D
:109710006E666F646973706174636865725F496EC9
:10972000697469616C69736528293A204E554C4CFF
:10973000206366672D3E7472616E736D6974746523
:109740007200000000284FF0FE0039D070B50D46C1
:10975000A1B344F65056C1F200063068144608F032
:109760009BFF012810D17268D2E90001084306D19D
:1097700010F00CFC10F018FC7268C2E90001D089EE
:109780000130D081FF2019E010F000FC10F00CFC3B
:10979000B268C2E90001EB6823CD536102F108020F
:1097A00023C2B5682CB105F1180021463022E8F734
:1097B0005DFB3068294609F076F80020BDE870406E
:1097C00040B270472DE9F04F81B0914690B144F618
:1097D000505BC1F2000B0F46DBF804100646D1E9DE
:1097E0000002984610430ED0304612F0A7F960B13F
:1097F000002535E0B9F1000F4FF0FE0036D000250E
:10980000A9F8005032E0002507E07068002101252A
:10981000C0E90011C181C0E90411C7B105EB070A15
:10982000002400BFDBF8000008F02FFF78B10146EC
:10983000304612F083F950B9DBF8000009F00AF85D
:109840000134A0B2B84205F10105EBD35546DBF86F
:10985000000009F055F8B8F1000F18BFA8F8000093
:109860000020B9F1000F18BFA9F8005040B201B0B4
:10987000BDE8F08F41F68C70C1F2000090F85A10EC
:10988000012918BF002070472DE9F04141F68C7482
:10989000C1F2000494F85A1000294BD140F64476E6
:1098A000C0F60606002818BF06463088002840D0BB
:1098B000706800283DD0B068D8B3F068C8B330698C
:1098C0004FF00008A8B396E88F00C4E90E8884E83A
:1098D0008F000027308804EB8705F840C0070BD0C5
:1098E00007F0E4FD6268A861FDB2284600219047B8
:1098F000E1682846884701E0C5F818800137082F3D
:10990000E8D10020A4F85800FBF7E0F805466061B4
:1099100010F068F810F06FF84BF6AB310346C0F664
:10992000040128460022FBF7DCF8012084F85A00E5
:1099300000E000242046BDE8F08148B1FF2907D0AF
:1099400041F68C70C1F20000B0F85800FDF7D2B8B3
:109950000020704770B5E8B10C46FF291AD041F6D7
:109960008C75C1F2000505EB8406B06990B107F073
:1099700090FD012802D1B06907F080FE0020E9685F
:10998000B0632046884705F158002146BDE8704085
:10999000FDF7B4B870BD70B5E8B10C46FF291AD018
:1099A00041F68C75C1F2000505EB8406B06990B1F3
:1099B00007F06FFD012802D1B06907F05FFE0020BB
:1099C000A968B0632046884705F158002146BDE8E4
:1099D0007040FDF79BB870BD2DE9F04184B00028C0
:1099E00041D00D46FF293ED041F68C78C1F20008E7
:1099F00008EB8507B869B0B31E46144607F049FD69
:109A0000012802D1B86907F039FE7000002E08BFA6
:109A10004FF0FF30D8F80810B8632846884708F19F
:109A200058002946FDF772F8D8F814600FF0DAFFF5
:109A30000FF0E1FF4BF6AB310346C0F604013046B0
:109A40002A46FBF74EF841F60031C0F60601B86928
:109A5000D1E90023D8F8141067080126CDE9007673
:109A6000029107F097FD04B0BDE8F081024600289E
:109A70004FF0000018BF002900D1704790890528D9
:109A800001F1080028BF00687047002814BF006873
:109A900000207047002814BF408900207047000054
:109AA00050B110B5044600BF206818B1204600F040
:109AB00060F9F9E7BDE81040704700280FBF0120AA
:109AC0000089B0FA80F040097047000068B361B3C4
:109AD00010B50446006830B3024600BF914203D07F
:109AE0005268002AFAD11EE0814207D060688142A4
:109AF0000AD0D1E90002426010600AE0406808B173
:109B000000220260206004E0006808B10022426088
:109B10006060204612F0CAF82089013801042081D3
:109B200004BF00206060BDE810407047B0B1F0B5E0
:109B300081B00E4679B10768054667B1144600BF8B
:109B4000A8892146052807F1080028BF0068B0470A
:109B50007F68002FF4D101B0BDE8F04070470000ED
:109B6000B1B1F0B581B0074678B11C466BB115466E
:109B70000E4600BFB8892946052804F1080028BF11
:109B80000068B0476468002CF4D101B0BDE8F04033
:109B900070470000F0B581B04FF00004E0B1154609
:109BA000D2B104680746B4B10E4600BFBA8904F1C9
:109BB0000800052A28BF006829460EB1B04705E015
:109BC000E8F709F9002818BF4FF0FF30000603D06E
:109BD0006468002CEAD10024204601B0F0BD0000EA
:109BE00070B54FF0000498B10D4689B1046874B1A6
:109BF000868900BF04F1080029463246052E28BF99
:109C00000068E8F7E8F818B16468002CF2D1002485
:109C1000204670BD48B1016839B18089052801F13D
:109C2000080024BF0068704770470020704730B1BB
:109C300041890089081AB0FA80F040097047012074
:109C4000704700002DE9F04F81B0DDF828B098464C
:109C500091460D46064601F029F9042124220123EC
:109C600001F02EF904460020C4E900002081FDF730
:109C7000F4FC43F2D57740F6107AC0F60607314679
:109C8000C0F6060A28A23B46002E18BF0121CDF8D7
:109C900000A0FDF7B8FCFDF7E0FC294629A23B46F1
:109CA000002D18BF0121CDF800A0FDF7ACFC0B98EA
:109CB0006581A681C4E90498C4F818B0E0617DB359
:109CC0004FF6FF7085421CD1FDF7C7FC054601F039
:109CD000EDF801F0FBFAB0FA80F040F6207743F699
:109CE000847243F2D5734109C0F60607C0F6060236
:109CF000C0F6060328460097FDF785FC0020206289
:109D00000EE00026002700BF204611F07FFF216AE9
:109D1000C0E9006101B108600137AF422062F3D3AE
:109D2000204601B0BDE8F08F656F5F6C6973745FAA
:109D30004E657728293A2030206974656D5F736914
:109D40007A650000656F5F6C6973745F4E65772894
:109D5000293A2030206361706163697479000000E2
:109D600000284FF0000018BF002900D17047486854
:109D70007047A0B110B50168044671B1486808B1D8
:109D8000002202602060204611F090FF20890138F7
:109D90000104208104BF00206060BDE810407047CE
:109DA00030B370B50E4609B3044640892189884214
:109DB0001CD0204611F067FFC0B1A28905460830CB
:109DC000052A28BF0068A36931460BB1984701E016
:109DD000E8F74CF8208900B9256061680022C5E9E0
:109DE000001201B14D60013065602081BDE8704016
:109DF000704730B370B50E4609B3044640892189D7
:109E000088421CD0204611F03EFFC0B1A289054611
:109E10000830052A28BF0068A36931460BB198476E
:109E200001E0E8F723F8208900B965602168002285
:109E3000C5E9002101B10D60013025602081BDE838
:109E400070407047002814BF008900207047002828
:109E50004FF0FE0018BF002920D010B541F2285461
:109E6000C1F20004D4F8C001A8B1083001F1080221
:109E7000002B19BF0721082300210723FBF71AF93C
:109E8000207801284FF0000006D1617821B1D4F884
:109E9000CC0108F01FFE0020BDE8104040B2704722
:109EA0002DE9F04182B000284FF0FE0600F09980C5
:109EB0000D46002900F0958004462878052840F0DA
:109EC0008F806078012836D1687A627F2B7A504083
:109ED00000F01E02E979B2FA82F25709DAB251EAC9
:109EE000020327EA000007D0E37E277FDBB2594058
:109EF0007A40114318BF00206A792979D2B251EA19
:109F0000020302D1AA7982B10022237E677EDBB2EE
:109F10005940FBB25A40A67EAB7911434FF0000185
:109F200018BF0846B34218BF08460026002808BFDD
:109F30004FF0FF3655E0FDF737F901214FF00108EA
:109F4000FDF713FBFDF730F9FDF711FA002845D0B6
:109F5000FDF72AF900210026FDF76EF9C4F8C001CB
:109F600004F1140029464FF4B472E8F706F807200C
:109F70000190687A022767F35F10B5F807108DF833
:109F80000500D4F8A001ADF8061001A908F08BFC7B
:109F9000FBF745FFD4F8A011FBF7E0FF687A0DF15D
:109FA000020167F35F108DF80200D4F8A4018DF868
:109FB000036008F078FCFBF732FFD4F8A4310221EB
:109FC0000122FBF7DBFC042084F80180207304F0FD
:109FD00095FB227B022104F081FB02E000206070EF
:109FE000FF2670B202B0BDE8F081002855D0B0B5B0
:109FF00004464078002844D0E078012802D1204669
:10A0000000F0C1F994F8C801002842D1607848B145
:10A01000D4F8C4014BF6EB42C0F604020021002341
:10A0200004F0E0FAFBF7FBFED4F8A4310221012290
:10A03000FBF732FDFBF7F3FED4F8A011FBF7DEFFD0
:10A04000FDF7B2F800210025FDF78FFA04F11400A6
:10A050004FF4B471C4F8C051E8F730F8D4F8A00157
:10A06000FF21217508F0E2FAD4F8A40108F0DEFA25
:10A07000D4F8A801FBF7C4F8D4F8800107F0FEFA81
:10A0800065700120207304F039FB227B022104F06B
:10A0900025FB0020BDE8B04000E0FE2040B2704744
:10A0A00041F22850C1F200000178012918BF0020B8
:10A0B0007047F0B585B041F22854C1F20004207811
:10A0C00001285DD0022001210022FF230125002666
:10A0D000FF270CF07DFFC4F8BC0104200121002201
:10A0E00000232775CDE90066042708F0DFFAC4F8DD
:10A0F000A00102200121002200230096019608F011
:10A10000D5FAC4F8A40101200A210022FBF72EF899
:10A11000C4F8A801022004210022C4F8C061FBF7A2
:10A1200025F8C4F8C40149F640400396ADF80C0088
:10A130004BF64960C0F60400049048F2A060C0F2FB
:10A140000100029002A884F8C86108F09DFCC4F8E0
:10A15000CC0107F0ABF9C4F8800105201E2184F87A
:10A160009871A4F88C610AF033FAC4F8880125804C
:10A17000E670257304F0C2FA227B022104F0AEFAE5
:10A1800041F22850C1F2000005B0F0BDB0B582B078
:10A19000D8B10446FDF761FA94F8981104F5C47239
:10A1A00043F65A130092C0F6060300220025FDF77D
:10A1B00031FAD4F888010AF0F7F90B2806D1FBF739
:10A1C0003CF9FBF776FA002500E0FE2568B202B004
:10A1D000B0BDB0B5044600284FF0FE0014D00D46C7
:10A1E00091B1607878B16978204600F00FF858B9DD
:10A1F000A978204600F06CF830B929782046BDE8EF
:10A20000B04000F02BB8002040B2B0BDB0B582B075
:10A210008DF80710F0B104464078C8B140F602004E
:10A22000A4F8B4010DF1070004F5DA75C4F8B8011B
:10A23000FCF71BF8D4F8BC212946FCF7D2F99DF8AD
:10A240000710D4F8CC0142F21072514308F071FCAF
:10A25000002000E0FE2040B202B0B0BDB0B582B038
:10A260008DF80710D8B104464078E0B140F2027092
:10A27000A4F8B4010DF1070004F5DA75C4F8B801CB
:10A28000FBF7F3FFD4F8BC212946FCF7AAF99DF8A7
:10A290000710D4F8CC0121B108F042FC03E0FE2005
:10A2A00002E008F02BFC002040B202B0B0BD50B17B
:10A2B000134642784AB1D0F8C4014BF6EB42C0F6DF
:10A2C000040204F08FB9FE2000E0002040B2704785
:10A2D000B0B582B08DF8071010B30446407868B36B
:10A2E00041F20200A4F8B4010DF1070004F5DA759B
:10A2F000C4F8B801FBF7B9FFD4F8BC212946FCF734
:10A3000070F9FCF751FF0021FCF7A3FF50B10246A2
:10A310009DF8070040B1012808D10F24022107E071
:10A32000FE200CE0FF200AE00F2400E000240121C1
:10A330002046FAF71BFF2146FAF770FF002040B2D3
:10A3400002B0B0BD60B110B504464078B0B1E0785D
:10A35000012807D194F8C801013084F8C8010DE044
:10A36000FE200EE0012084F8C801E0700620207372
:10A3700004F0C4F9227B022104F0B0F90020BDE80A
:10A38000104040B27047B0B5D0B104464078A8B193
:10A39000E07898B194F8C80180B1013884F8C80118
:10A3A00000064FF000050CD10420E570207304F086
:10A3B000A5F9227B022104F091F902E0002500E0DA
:10A3C000FE2568B2B0BD0021002808BF6FF0010172
:10A3D0000846704710B582B090B1427892B1012919
:10A3E0004FF000040FD1C17869B1D0F8C011B1F8B5
:10A3F00001100194ADF8051001A9FFF7EAFE02E093
:10A40000FE2400E0002460B202B010BDF0B585B0BB
:10A4100015460446D0B30E46C1B33078052847D15F
:10A420006078012852D1707A627F337A504000F010
:10A430001E02F179B2FA82F25709DAB251EA020346
:10A4400027EA000007D0E37E277FDBB259407A403D
:10A45000114318BF002072793179D2B251EA020358
:10A4600002D1B2796AB10022237E677EDBB2594005
:10A470007A40114394F81AC018BF0020B1796145A1
:10A4800064D1002862D0012600277EE041F22856E0
:10A49000C1F200060520307304F030F9327B02214E
:10A4A00004F01CF915B120460021A847FE2771E0F1
:10A4B0000520207304F022F9227B022104F00EF91A
:10A4C00015B120460021A847FF2763E002201F4660
:10A4D000207304F013F9227B022104F0FFF8D4F872
:10A4E000800107F0CBF8C4E90154A7703279072046
:10A4F0008DF80A008DF80B20D6F80500727A0390CB
:10A50000C2F3430001230DF10A058340D4F8A801EA
:10A51000A91D002702F00102049721F81230FAF772
:10A520006FFED4F8A8012946FAF74FFE4BF6FD401E
:10A53000C0F6040004F5D675C4E96B06FAF77DFF92
:10A54000D4F8A8112A46FBF7CBF823E0042084F8BE
:10A550009801002605200C2104F5C477A4F88E612B
:10A56000C4E964660AF034F8C4F88801A4F88C6180
:10A57000FDF773F894F8981143F65A13C0F60603E2
:10A5800000220097FDF746F8012715B12046314615
:10A59000A8477F4278B205B0F0BD18B1D0F8CC0121
:10A5A00008F03FBA002070472DE9F04160B344F64F
:10A5B0007858C1F2000898F8010018B34FF492409F
:10A5C000A8F8040098F8020008F5B671C8F8081059
:10A5D000C0B1002608F10404002700BFF2B2012038
:10A5E000002100230CF0F4FC0546FBF73EFE21465B
:10A5F0002A46FBF7F6FF013698F80200F1B28142D5
:10A60000ECD302E0002700E0FE2778B2BDE8F0813D
:10A6100058B3F0B581B044F67856C1F200067078B0
:10A6200000284FF000001CD000904FF49240B08002
:10A63000B0786946B16098B10027341DFAB20120A4
:10A64000002100230CF0C4FC0546FBF70EFE21465A
:10A650002A46FBF7C6FF0137B078F9B28142EDD345
:10A66000002001B0BDE8F04000E0FE2040B270479D
:10A67000002844D02DE9F04F81B044F67856C1F25D
:10A680000006707800284FF0000034D0F1780129DE
:10A6900031D0B0780021317150B300274FF04A0813
:10A6A00006F5B279341D4FF00E0A06F5B37B00BFF4
:10A6B000FAB20120002100230CF08AFC054686F83E
:10A6C0000580C6F80890FBF7D0FD21462A46FBF727
:10A6D00088FF86F805A0C6F808B0FBF7C6FD21463E
:10A6E0002A46FBF77EFF0137B078F9B28142DFD30B
:10A6F0000120F070002001B0BDE8F04F00E0FE2026
:10A7000040B2704710B544F67850C1F2000083782B
:10A710000024994236D200EE102A90F8662190F873
:10A7200067319FED191A1A440123B8EEC00A03FAE3
:10A7300002F220EE010A01EE102AB8EEC11A80EEF4
:10A74000010A01EB410100EBC10090ED031A80EE1C
:10A75000010A10EE100A25F099F9D0F100424FF0ED
:10A76000FF3272EB0103B8BF0124002C04BF4FF08D
:10A770000040114625F004F900EE100ABDEEC00AB3
:10A7800010EE104A204610BD0024744944F678505B
:10A79000C1F200008378994224BF0020704701EB8A
:10A7A000410100EBC10100EE102A91ED031AB8EE51
:10A7B000C00A9FED142A21EE000A80EE020AB0F8CA
:10A7C0006401012101FA00F001EE100AB8EEC11A8D
:10A7D0009FED0D2A20EE010A9FED0C1AB4EE420AFD
:10A7E000F1EE10FAB8BFB0EE420AB4EE410AF1EE53
:10A7F00010FAB8BFB0EE401ABDEEC10A10EE100A52
:10A80000704700BF0024744900FEFFC600FEFF46EB
:10A8100010B544F67850C1F20000837800249942C4
:10A8200028D201EB410100EBC10000EE102A90EDAF
:10A83000031AB8EEC00A80EE010A90ED041A30EE59
:10A84000410A10EE100A25F021F9D0F100424FF034
:10A85000FF3272EB0103B8BF0124002C04BF4FF09C
:10A860000040114625F08CF800EE100ABDEEC00A3B
:10A8700010EE104A204610BD10B544F67850C1F2D3
:10A88000000083780024994228D201EB410100EBBB
:10A89000C10000EE102A90ED041AB8EEC00A90ED47
:10A8A000032A31EE000A20EE020A10EE100A25F00B
:10A8B000EDF8D0F100424FF0FF3272EB0103B8BF68
:10A8C0000124002C04BF4FF00040114625F058F839
:10A8D00000EE100ABDEEC00A10EE104A204610BD70
:10A8E00010B544F67850C1F20000837800249942F4
:10A8F00033D200EE102A90F866219FED191A012339
:10A90000B8EEC00A03FA02F220EE010A01EE102AA4
:10A91000B8EEC11A80EE010A01EB410100EBC10063
:10A9200090ED031A80EE010A10EE100A25F0AEF841
:10A93000D0F100424FF0FF3272EB0103B8BF0124A7
:10A94000002C04BF4FF00040114625F019F800EE2E
:10A95000100ABDEEC00A10EE104A204610BD00BF1E
:10A9600000007A4444F6785CC1F2000C9CF80200C6
:10A97000814224BF00207047032B38D801EB4100EF
:10A980000CEBC00000EE102A90ED031AB8EEC00ADE
:10A9900021EE000ADFE803F02D0212249FED201AB9
:10A9A000BCF8640180EE010A012101FA00F001EE19
:10A9B000100AB8EEC11A20EE010A1AE09FED181A2B
:10A9C000BCF8640180EE010A012101FA00F001EEF9
:10A9D000100AB8EEC11A20EE010AB0EEC00A08E073
:10A9E000B0EEC00AB2EE041A80EE010A01E09FED5B
:10A9F0000D0A9FED0D1A9FED0D2AB4EE410AF1EEFE
:10AA000010FAB8BFB0EE410AB4EE420AF1EE10FA05
:10AA1000B8BFB0EE402ABDEEC20A10EE100A704771
:10AA200000007A440000000000FEFFC600FEFF4662
:10AA300098B144F67852C1F20002507800284FF0E5
:10AA4000FF000BD09378994208D201EB410002EB52
:10AA5000C00080ED030A002000E0FE2040B27047F5
:10AA600098B144F67852C1F20002507800284FF0B5
:10AA7000FF000BD09378994208D201EB410002EB22
:10AA8000C00080ED040A002000E0FE2040B27047C4
:10AA900044F67850C1F200008278914222D201EB54
:10AAA000410200EBC20200EB810090ED4B1A92EDE7
:10AAB000032A20EE010A80EE020A9FED0C1A20EE16
:10AAC000012ABDEEC23A20EE410A13EE100ABDEE95
:10AAD000C00AB5EE402A10EE101AF1EE10FAD8BFF7
:10AAE000484200E0002000B2704700BF00007A44F6
:10AAF00044F67850C1F200008378994224BF9FED5C
:10AB00000E0A704701EB410300EBC30393ED030A08
:10AB100000EB810002EE102A90ED4B1AB8EEC22A2B
:10AB200020EE020A80EE010A9FED041A80EE010A6F
:10AB3000B0EEC00A704700BF0000000000007A4479
:10AB400044F67850C1F20000827891421ED201EBA7
:10AB5000410200EBC20200EB810090ED4B1A92ED36
:10AB6000032A20EE010A80EE020ABDEEC01A11EEA1
:10AB7000100AB1EE401ABDEEC11AB5EE400A11EE50
:10AB8000101AF1EE10FAD8BF484200E0002000B2DF
:10AB90007047000044F67850C1F200008378994273
:10ABA00024BF9FED0C0A704701EB410300EBC30388
:10ABB00093ED030A00EB810002EE102A90ED4B1A90
:10ABC000B8EEC22A20EE020A80EE010AB0EEC00AF8
:10ABD000704700BF0000000001EB410100EBC10025
:10ABE0004069704701EB410100EBC10042617047D1
:10ABF00001EB410100EBC100C069704701EB41016D
:10AC000000EBC100C261704701EB410100EBC100E4
:10AC10008069704701EB410100EBC1008261704720
:10AC200001EB410100EBC100006A704701EB4101FB
:10AC300000EBC1000262704744F67850C1F2000098
:10AC400000EB810090ED4B1A9FED0C2A20EE010ADB
:10AC50009FED0B1AB4EE420AF1EE10FAB8BFB0EE57
:10AC6000420AB4EE410AF1EE10FAB8BFB0EE401A53
:10AC7000BDEEC10A10EE100A704700BF00FEFFC60D
:10AC800000FEFF4644F67850C1F2000000EB810060
:10AC900090ED4B0A01EE102AB8EEC11A81EE000ABF
:10ACA000704780B5002000F005F844F67850C1F2F6
:10ACB000000080BDF0B583B044F67854C1F20004C2
:10ACC0002178012967D00546FCF76EFAFCF748FBAE
:10ACD00000285CD0012000210022002300270CF076
:10ACE00077F90646FF208DF80B708DF80A00FBF708
:10ACF00096F80DF10A070DF10B023146002300977B
:10AD0000FBF72CF8002842D19DF80A0003283ED119
:10AD100043F2C0760120C0F606066070002D18BF11
:10AD20002E463068C4F85C01B088A4F86001B078A1
:10AD3000318841EA0041204600F044F8607828B1AB
:10AD4000B088A4F860014008C4F86C01FE2001211D
:10AD5000002200250CF08EFDA070E570C8B104F152
:10AD600010014FF07E52034641E90125013B01F1FC
:10AD70001801F9D168B143F2BD7204F59671C3F6BA
:10AD8000864200BF013841F8042BFBD101E00020CE
:10AD900060700120207044F67850C1F2000003B0CA
:10ADA000F0BD60B144F67850C1F20000427822B1A3
:10ADB000A0F860114908C0F86C11002000E0FE20E6
:10ADC00040B2704748B344F67850C1F20000427870
:10ADD0002AB380B50A0A0B0C5FFA82FE80F85C1178
:10ADE000C9B2A0F864114FEA1E115FFA83FC80F823
:10ADF000671102F00F0180F866114FEA1C1180F80C
:10AE0000691103F00F0180F85D2180F85E3180F850
:10AE100068110020BDE8804002E0FE2000E0002034
:10AE200040B27047B0B582B0A1B141F63875C1F2F9
:10AE30000005287980B1FCF710FC40F6207543F23C
:10AE4000E173C0F606050BA2C0F6060303210095C8
:10AE5000FCF7E0FB02B0B0BD08460C46FBF78CFEE9
:10AE6000E96C6A69091A2046E96402B0BDE8B0409D
:10AE7000104700BF656F5F6D656D706F6F6C5F44ED
:10AE8000656C65746528293A206F6E6C7920772F80
:10AE900020656F5F6D656D706F6F6C5F616C6C6F5F
:10AEA000635F64796E616D696300000041F638701C
:10AEB000C1F200000178012918BF0020704700008E
:10AEC0002DE9F04188B00026079682B11C4673B187
:10AED00041F638781546C1F20008D0B198F8042040
:10AEE000022A32D0012A34D02AB300273AE00220C5
:10AEF000CDE90466CDE90206FCF7AFFB43F2E1734E
:10AF000002AF40A2C0F6060303210097FCF782FBC4
:10AF100046E000200321CDE90400CDE90210FCF752
:10AF20009CFB43F2E17302AF1FA2C0F606030121AE
:10AF30000097FCF76FFBD8F80C1004FB05F088476E
:10AF40000646FBF719FE07460BE090F8380008426A
:10AF5000F1D007AB08462946224610F0C5FF064649
:10AF60000027B6B904200026029004FB05F0CDE9C5
:10AF70000466ADF80E00ADF80C60FCF76EFB43F212
:10AF8000E17302AD15A2C0F6060305210095FCF79A
:10AF900041FB0798D8E9131210443944C8E913104B
:10AFA000304608B0BDE8F081656F5F6D656D706F0C
:10AFB0006F6C5F4765744D656D6F72792829206EDF
:10AFC0006F7420696E69747465642075736573208D
:10AFD00064796E20616C6C6F63000000656F5F6D5B
:10AFE000656D706F6F6C5F4765744D656D6F7279DD
:10AFF0002829206E6F206D6F7265206D656D6F72F0
:10B0000079000000656F5F6D656D706F6F6C5F47F5
:10B0100065744D656D6F727928292069732061739D
:10B020006B6564203020627974657300B0B582B0BE
:10B0300041F63874C1F20004217801297ED0012143
:10B0400021700021C4E9131141F62041C0F6060128
:10B05000002818BF0146D1E90002C4E901020878BE
:10B06000421E022A3CD24868002843D0D0E900CED4
:10B07000D0E90231D0E90452C4E906CEC4E90A524B
:10B08000C4E90831A269D0E90610606321633AB1CE
:10B0900094F8380040F0010084F838000020608700
:10B0A000206A38B194F8380040F0020084F8380083
:10B0B0000020A087A06A38B194F8380040F004005E
:10B0C00084F838000020E087206B10B394F8380033
:10B0D00040F0080084F838000020A4F8400018E090
:10B0E000B8B94868A8B1D0E90812806AC4E9031267
:10B0F00060610EE0FCF7B1FA40F6107543F2E173BF
:10B10000C0F6060510A2C0F6060305210095FCF75F
:10B1100081FAE06820B94EF63930C0F60400E060EC
:10B12000206920B94EF64330C0F604002061606902
:10B1300020B94EF63F30C0F60400606141F6387029
:10B14000C1F2000002B0B0BD656F5F6D656D706FDC
:10B150006F6C5F496E697469616C69736528293A1F
:10B1600020706F6F6C73206E65656465640000000D
:10B1700070B586B041F63876C1F20006F26808462E
:10B180000D4690470446A0B900200421CDE90400F3
:10B190000291ADF80E50ADF80C00FCF75EFA43F2E8
:10B1A000E17302AD07A2C0F6060305210095FCF786
:10B1B00031FA2046FBF7E0FCF16C01442046F164D3
:10B1C00006B070BD656F5F6D656D706F6F6C5F4EC3
:10B1D00065772829206E6F206D6F7265206D656D13
:10B1E0006F72790070B586B00C46C2B141F6387600
:10B1F000C1F200063079B8B100240720CDE904443B
:10B20000CDE90204FCF729FA43F2E17302AE1CA275
:10B21000C0F6060305210096FCF7FCF92DE0214657
:10B22000FFF700FE002428E015462CB12046FBF76E
:10B23000A3FCF16C081AF064326920462946904755
:10B240000446A0B900200421CDE904000291ADF824
:10B250000E50ADF80C00FCF700FA43F2E17302ADBA
:10B2600011A2C0F6060305210095FCF7D3F920468C
:10B27000FBF782FCF16C0844F064204606B070BD18
:10B28000656F5F6D656D706F6F6C5F5265616C6C43
:10B290006F6328292075736564207768656E206E5A
:10B2A0006F6E2064796E0000656F5F6D656D706F05
:10B2B0006F6C5F5265616C6C6F632829206E6F2024
:10B2C0006D6F7265206D656D6F72790041F6387033
:10B2D000C1F20000007970470BF068BD10B54FF067
:10B2E000FE0458B151B1D1E900120024C0E90512A1
:10B2F000C1680477084601210BF056FD60B210BD0D
:10B30000F0B581B04FF0FE0770B30E4661B304464E
:10B31000407AFF2740B3606811461D46377020F021
:10B32000FFF808BB206807F0A8F9012817D02068AB
:10B3300007F0ABF998B190E80E00C06886E80E00FF
:10B34000F0602068069F07F085FA0DB10020287094
:10B350001FB1206807F0D4FA3880002700E0FF27EB
:10B360006068032120F00AF978B201B0F0BD41F223
:10B37000F860C1F20000017A012918BF002070476F
:10B380002DE9F04186B041F2F864C1F20004217A5F
:10B39000012943D040F65877C0F60607002818BFA9
:10B3A00007460020002503F00CFD012001214FF08D
:10B3B000010820F005F948F2A06360604BF2D92043
:10B3C000C0F2010339787A88C0F603004CF27D069A
:10B3D000CDE902354CF2ED1314A7C0F60406049033
:10B3E000C0F604030120CDE9006505970BF030FBA2
:10B3F000E06006F05BF82061012001212572A57252
:10B4000020F0DEF860601020082100220023009563
:10B41000019507F04BF9206084F8088041F2F8604C
:10B42000C1F2000006B0BDE8F08100BF6D656D732C
:10B430000000000018B111B9002018F022BC002053
:10B44000704738B370B58CB00446407A01281CD0E0
:10B45000E0680126012166720BF0A6FC04AD2846C7
:10B460002021E6F72BFEE26828460221F9F745FB8A
:10B4700041F60030C0F60600D0E900232069A1693A
:10B480000295CDE9001606F085F800200CB0BDE865
:10B49000704000E0FE2040B2704770B110B5044625
:10B4A000407A30B1206906F0E9F8E06804210BF039
:10B4B0007BFC0020BDE8104000E0FE2040B2704759
:10B4C0002DE9F04784B089460446FCF7C6F840F2FF
:10B4D00016620FF2E441C0F60602FCF7E2F8002C17
:10B4E0004FF0FE0600F06382B9F1000F00F05F82BA
:10B4F00099F80000FF260E2800F25982012101FA76
:10B5000000F044F61E01084200F0518260780128E4
:10B5100002D1204600F0D2FA04F114084046494610
:10B520004FF4B472E6F75BFD207D002601380D284C
:10B5300000F23D821821DFE810F00E00D5004A012C
:10B5400049013A023A023A023A023A023A029301B5
:10B550003A023A028B0004F12000FBF7A4FBC4F886
:10B560000806FBF7A1FB0746FBF71EFE3946FBF773
:10B57000EFFFFBF719FE3946FCF704F8FBF714FE62
:10B58000FBF7EEFE002800F0D281002F84F8BC719A
:10B5900000F0D3814FF0000A02AE0025D4F808066F
:10B5A000E9B2FBF77EFB617FCDF808A08DF80810AB
:10B5B000017801F001018DF80910027802F01E02F5
:10B5C00011448DF80910007800F0E0000844B4F848
:10B5D0001B108DF80900D4F8A001ADF80A1031460F
:10B5E00007F061F90135E8B2B842D7D3FAF717FC92
:10B5F000D4F8A011FAF7B2FC002F00F0A4814FF0AC
:10B60000000A02AE002500BFD4F80806E9B2FBF735
:10B6100048FBADF808A0017801F001018DF8081091
:10B62000027802F01E0211448DF8081000788DF89F
:10B63000095000F0E00008448DF80800D4F8A40197
:10B64000314607F030F90135E8B2B842DCD37AE18F
:10B6500004F13000FBF727FBC4F80806FBF724FBD6
:10B660000746FBF7A1FD3946FBF772FFFBF79CFD90
:10B670003946FBF787FFFBF797FDFBF771FE0028C4
:10B6800000F05581404684F8BC71E8F783FC002047
:10B690004FF0FF31002FC4F81006C4F81406C4F8A8
:10B6A0001806C4F81C16A4F82016C4F82206C4F81C
:10B6B0002606C4F82A06A4F82E0600F0188104F223
:10B6C0001C650026D4F80806F1B2FBF7EAFA007808
:10B6D00000F01F001F2808BFFF20A8550136B74201
:10B6E000F0D104E10025C4F80856FBF75DFD0C21FC
:10B6F0000C26FBF72DFFFBF757FD0C21FBF742FF54
:10B70000FBF752FDFBF72CFE002800F0148184F8B3
:10B71000BC612026032702ADA05DB4F81B108DF894
:10B720000900D4F8A001ADF80A1029468DF8087078
:10B7300007F0B9F801362C2EEED1FAF770FBD4F8E9
:10B74000A011FAF70BFC00260DF10605A01990F8E0
:10B75000200029468DF80600D4F8A4018DF8076072
:10B7600007F0A1F801360C2EF0D1FAF758FBD4F807
:10B77000A4310121002201250026FAF7FFF8FAF78B
:10B780004EFBD4F8A43101210122FAF7F7F800208A
:10B79000FFF790FAC4F8C001FFF783FAE17FB4F82D
:10B7A0001D2042EA0141FFF70DFBFFF77AFA618E97
:10B7B000FFF7F7FAFFF775FAFEF75AFF07F0BDF843
:10B7C00020460121F2F705FC6570E8E020216018B1
:10B7D000FBF769FAC4F80806FBF766FA0746FBF7B9
:10B7E000E3FC3946FBF7B4FEFBF7DEFC3946FBF71A
:10B7F000C9FEFBF7D9FCFBF7B3FD002800F09780EA
:10B80000404684F8BC71E8F7C5FB00204FF0FF31DB
:10B81000002FC4F81006C4F81406C4F81806C4F8BB
:10B820001C16A4F82016C4F82206C4F82606C4F88C
:10B830002A06A4F82E065AD004F21C65002600BF82
:10B84000D4F80806F1B2FBF72CFA007800F01F00DC
:10B850001F2808BFFF20A8550136B742F0D146E0A7
:10B8600004F12000FBF71FFAC4F80806FBF71CFAE6
:10B870000746FBF799FC3946FBF76AFEFBF794FC99
:10B880003946FBF77FFEFBF78FFCFBF769FD0028CD
:10B890004DD0404684F8BC71E8F77CFB00204FF0A7
:10B8A000FF31C4F81006C4F81406C4F81806C4F82A
:10B8B0001C16A4F82016C4F82206C4F82606C4F8FC
:10B8C0002A06A4F82E0697B104F21C65002600BFD4
:10B8D000D4F80806F1B2FBF7E4F9007800F01F0095
:10B8E0001F2808BFFF20A8550136B742F0D1F3F753
:10B8F0007BFF99F80150B9F80260F6F706FD45EABA
:10B9000006420368D4F8081603925A68029102A905
:10B91000904719F071FAFBF7DBF901206070042001
:10B92000207302F0EBFE227B002100263DE0002088
:10B930006070FF263BE06570FBE7FAF770FAD4F819
:10B94000A011FAF70BFBFAF76AFAD4F8A431012137
:10B9500000224FF0010A0026FAF710F8FAF75FFA12
:10B96000D4F8A43101210122FAF708F899F801501E
:10B97000B9F80270F6F7C9FC45EA07420368D4F843
:10B98000081603925A68029102A990474046E8F7C8
:10B9900001FB20460121F2F71CFB84F801A00420E2
:10B9A000207302F0ABFE227B002102F097FE70B202
:10B9B00004B0BDE8F08700BF63616C6C65643A2039
:10B9C000656F5F6D6F74696F6E636F6E74726F6CAD
:10B9D0005F416374697661746528290050B113462C
:10B9E00042784AB1D0F830064EF21D42C0F602024B
:10B9F00002F0A0BDFE2000E0002040B27047C8B1B8
:10BA0000F0B58DB00C46417889B1017D0E290ED874
:10BA100001238B4044F6180633420DD020461146D0
:10BA2000E8F7ADFFFBF749F92146FBF7A1FA0DB0A6
:10BA3000BDE8F040002070470129F8D1417D04297C
:10BA400037D1C18AA9B3032CF1D8002AEFD041F62F
:10BA50001433C0F606031B6803FB01F604EB440134
:10BA600000EB810787F83C4604AC2046202107F212
:10BA70003465C7F83826E6F721FB0DF0B3FF0DF06B
:10BA8000BAFF4DF2B7110346C0F6020120462A461E
:10BA9000F9F727F841F60031C0F60601D7F8340669
:10BAA000D1E900230021CDE90061029405F072FD87
:10BAB000BDE720461146E8F762FFB8E72DE9F041FF
:10BAC0000446FBF7CAFD40F2166277A1C0F60602F3
:10BAD000FBF7E7FD002C4DD06078002800F0D78000
:10BAE000E078012804D1204600F084FA607848B15B
:10BAF000D4F830064EF21D42C0F6020200210023A7
:10BB000002F070FDA04618F8140F01380D2800F25D
:10BB10008580DFE800F007387E6983838383838331
:10BB200074838331FAF77BF9D4F8A4310121002220
:10BB3000F9F7B2FFFAF773F9D4F8A4310121012221
:10BB4000F9F7AAFFFAF76BF9D4F8A011FAF756FA49
:10BB5000F6F7DBFB016889688847D4F8A40106F092
:10BB600065FDD4F8A00106F061FDD4F8A801F9F74D
:10BB700047FB34E0FE2493E001F0A6F901F0A1F9BF
:10BB800004F29C4036E0FAF74AF9D4F8A4310121D6
:10BB90000022F9F781FFFAF742F9D4F8A431012124
:10BBA0000122F9F779FFFAF73AF9D4F8A011FAF778
:10BBB00025FAD4F8A40106F039FDD4F8A00106F066
:10BBC00035FDD4F8A801F9F71BFBFEF769FAFEF77B
:10BBD0000CFA04F5E2704FF4B471E6F76FFA204600
:10BBE0000021F2F7F6F919E0FEF75AFAFEF7FDF92F
:10BBF00004F5E2704FF4B471E6F760FA09E001F081
:10BC00003DFD01F0CBFC04F54C704FF4B471E6F748
:10BC100055FAF6F77AFB016889688847FBF7C4FA9A
:10BC2000FBF7ACFB88B1064641F27000C0F6060097
:10BC300007680025FBF7B8FAE9B2FBF727FB00B16C
:10BC400047610135E8B2B042F4D3002684F8BC6104
:10BC5000FBF7AAFA0021FBF77BFCFBF7A5FA002112
:10BC6000FBF790FC40464FF4B471C4F80866E6F761
:10BC700025FAFF202075D4F88001C4E90166A6707A
:10BC8000C4F8AC61C4F8B06105F0F8FC667001203E
:10BC9000207302F033FD227B0021002402F01EFD00
:10BCA00060B2BDE8F08100BF63616C6C65643A20EE
:10BCB000656F5F6D6F74696F6E636F6E74726F6CBA
:10BCC0005F446561637469766174652829000000CA
:10BCD00040F20850C1F200000178012918BF00208D
:10BCE000704718B1417809B1007D7047FF20704757
:10BCF000F0B583B040F20854C1F200042078012866
:10BD000065D0FF200025207504200C21002200238F
:10BD100084F8BC512561CDE90055042606F0C6FC27
:10BD2000C4F8A00102200C210022002300950195F7
:10BD300006F0BCFCC4F8A40101200A21002201275E
:10BD4000F9F714FAC4F8A801202004210022F9F719
:10BD50000DFAC4F8300604200621E8F7D5FFC4F830
:10BD60000C06F6F7D2FAF6F7CBFAFEF7A2F9C4F80A
:10BD70002C0301F08CFCC4F8980401F0A7F8C4F877
:10BD8000040605F093FBC4F8800105201C2184F80B
:10BD9000986184F88D5108F01BFCC4F88801278055
:10BDA000E570277302F0AAFC227B002102F096FCCA
:10BDB000002600BFA719D7F8340618B905F076FB9E
:10BDC000C7F834060C36302EC7F83856F2D140F298
:10BDD0000850C1F2000003B0F0BDB0B582B078B336
:10BDE0000446FBF73AFC94F8981104F5C47240F24B
:10BDF00016630092C0F6060300220025FBF70AFC3A
:10BE0000D4F8880108F0D0FB3A281BDC1A2838D86F
:10BE1000012148F200028140C0F21022114225D1D6
:10BE200011F4103F28D1012101FA00F00021C0F2E5
:10BE30000441084225D0FEF733F9FEF7A7F91FE0C9
:10BE4000FE251EE04C2808DC3B280FD03C2818D1EA
:10BE500001F014FC01F081FC12E04D2806D04E28C0
:10BE60000FD101F031F801F033F809E0F6F74DFA9F
:10BE70000168C968884703E0F9F7DFFAF9F719FCA8
:10BE8000002568B202B0B0BD50B1134642784AB145
:10BE9000D0F830064EF21D42C0F6020202F0A2BBFC
:10BEA000FE2000E0002040B270470000B0B504461C
:10BEB000FBF7D3FB40F2166234A1C0F60602FBF793
:10BEC000F0FB002C2BD0607800285CD0E0780128B3
:10BED00059D00120E0700620207302F00FFC227B75
:10BEE0000021002502F0FAFB207D01380D284BD8F7
:10BEF000DFE800F0440744314A4A4A4A4A4A3B4A8A
:10BF00004A17FEF7CDF8FEF71DFAFEF7C9F8012132
:10BF1000FEF760FAFEF7C5FEFEF746FB33E0FE25AE
:10BF200032E0FBF79AFB40F21664C0F6060420A14B
:10BF30002246FBF7B6FBFBF790FB25A12246FBF759
:10BF4000B0FB00F0C1FF00F0E8FF00F0BDFF0121F1
:10BF500000F0ECFF12E0FEF7A3F8FEF7F3F9FEF7AE
:10BF60009FF80121FEF736FA08E001F087FB01F0A7
:10BF700029FC01F083FB012101F0E8FCF6F7C5F98B
:10BF8000016809698847002568B2B0BD63616C6CBF
:10BF900065643A20656F5F6D6F74696F6E636F6E75
:10BFA00074726F6C5F537461727428290000000012
:10BFB00063616C6C696E6720656F5F706F735F5350
:10BFC00074617274282920696E206D63000000007E
:10BFD00063616C6C696E6720656F5F706F735F542F
:10BFE00072616E736D697373696F6E282920696E53
:10BFF000206D6300B0B50446FBF72FFB40F21662DC
:10C000001FA1C0F60602FBF74CFB8CB1607868B14B
:10C01000E07858B1207D02280CD1FEF742FEFEF7F1
:10C02000F7FAFEF73DF8FEF7AEF91CE0002524E034
:10C03000FE2522E0E8F75AFDFBF70FFB40F21662FF
:10C0400017A1C0F60602FBF72CFBE8F713FD50B969
:10C05000FBF703FB40F2166219A1C0F60602FBF7DC
:10C0600020FBE8F7D9FC00250420E570207302F0DE
:10C0700045FB227B002102F031FB68B2B0BD00BF5E
:10C0800063616C6C65643A20656F5F6D6F74696F96
:10C090006E636F6E74726F6C5F53746F70282900DB
:10C0A00043414C4C45443A204D436F6E74726F6C63
:10C0B0006C65725F676F5F69646C652829000000BA
:10C0C00043414C4C45443A204D436F6E74726F6C43
:10C0D0006C65725F6465696E6974282900000000F0
:10C0E00098B12DE9F04792B004464078002800F05E
:10C0F000F480E078002800F0F080207D022806D14E
:10C1000006F003FC06F048FCE7E0FE20E9E0617D74
:10C11000042920D194F86416E9B104F2646804F5A6
:10C12000C767002598F80000EEB23146FAF740FCE8
:10C1300001280AD1396821B13879032898BFE8F776
:10C140001EFC40463146FAF737FC0135042D07F155
:10C150000C07E7D1207D0E2826D8012101FA00F036
:10C1600044F6180108421FD094F8BC5185B104F27E
:10C1700022660027062D28BF062500BFF01910F8FB
:10C18000060C16F01FFE26F817000137BD42F5D148
:10C1900016F0C6FEA4F82E06FAF78FFDB4F92E1697
:10C1A00004F22262FAF7FAFD002500BFF6F7ADF8B7
:10C1B00001684969884730B9052019F06FFC1D2DC9
:10C1C00005F10105F2D3F6F7A0F80168496988473F
:10C1D00094F8BC11002842D0D9B300250DF13409E0
:10C1E0000DF1200A0DF1040848461321E5F766FF1A
:10C1F00050461321E5F762FFF6F787F80168EFB2C2
:10C200008E6939464A465346B04738464946F2F7A2
:10C21000B2FF38465146F2F7AEFF40461B21E5F724
:10C220004DFFF6F772F8016842460B6B39469847A6
:10C23000FAF7BAFF3946FAF7EFFF20B101AB0ECBA0
:10C240000265C0E91213013594F8BC01E9B28142DC
:10C25000CAD3F6F75AF80168C96988470BE051B1AB
:10C26000002500BFE8B2E8F7C9FE013594F8BC012B
:10C27000E9B28142F6D3F6F748F8016809698847C0
:10C28000E8F7CCFB94F8BC0138B30025FAF78CFF33
:10C29000E9B2FAF7C1FF50B1064628463146E8F741
:10C2A000D9FB06F1100128460022E8F7F7FB94F8C5
:10C2B000BC0101358542E9D378B10025FAF774FF56
:10C2C000E9B2FAF7E3FF18B101462846E8F7DAFBCE
:10C2D00094F8BC0101358542F0D3002012B0BDE8CE
:10C2E000F04740B2704700002DE9F04387B099460F
:10C2F00015460E460446FBF7B0F940F21662C4A19B
:10C30000C0F60602FBF7CDF9002C00F09380002E5A
:10C3100000F0908030780E2800F29E80012101FA12
:10C3200000F044F61E01084200F096806078012873
:10C3300002D12046FFF7C2FB0220207302F0DEF993
:10C34000227B0021002702F0C9F9D4F8800105F012
:10C3500095F904F11408404631464FF4B472E5F7FC
:10C360003EFE207D01380D2800F24D81DFE810F0FF
:10C370000E00C70082000D014B014B014B014B0128
:10C380004B014B012D014B014B01A30004F1200097
:10C39000FAF789FC627F0021CDF816108DF8102085
:10C3A000217ED4F81920C4F80806C4E9015484F8A1
:10C3B00002908DF81110CDF81220FAF775FCA8B193
:10C3C000054604A8861D0027D4F80806F9B2FAF736
:10C3D00068FC017801F0010006EB4000C1F3430165
:10C3E000FAF794FB0137F8B2A842EDD3D4F8A801CC
:10C3F000F8F706FFD4F8A80104A9F8F7E6FE4EF610
:10C40000BB40C0F60200C4E96B084FF2A100657D95
:10C41000E68AC0F60200CDE90204F5F776FFD4F80B
:10C4200008160268009145EA0641019117686946BD
:10C4300002AB3DE040F20856C1F200060520307321
:10C4400002F05CF9327B002102F048F915B1204678
:10C450000021A847FE27D6E00520207302F04EF900
:10C46000227B002102F03AF915B120460021A847AD
:10C47000FF27C8E004F11800FAF715FCC4F8080615
:10C480004FF20130C4E90154657DE68AC0F602002E
:10C4900084F80290CDE90404F5F737FFD4F80816C4
:10C4A0000268029145EA06410391176802A904ABAC
:10C4B0000122B847A6E004F13000FAF7F4FBC4F813
:10C4C00008060D2004F1180784F89C048FCFE66A53
:10C4D00004F5946CC4E9015484F8029004F29C457C
:10C4E0008CE88F00C4F8B46400F0EEFC4EF6C50290
:10C4F000C0F602022946012300F01BFD82E0052060
:10C5000084F8C401E06A218EC4F8C801A4F8CC11F3
:10C5100004A803218DF81010217E871DD4F819007E
:10C520000026C4E9015484F8029004F5E27904F18C
:10C530002005C4F808668DF81110CDF81660CDF806
:10C54000120000BFA95D01F0010007EB4000C1F33C
:10C550004301FAF7DBFA01360C2EF3D1D4F8A80127
:10C56000F8F74EFED4F8A80104A9F8F72EFE4EF60F
:10C57000D950C0F60200C4E96B08FDF791FD4EF6F4
:10C58000AF32C0F6020249461BE004F12000FAF780
:10C590008AFBC4F80806052084F8C401A069A18BB1
:10C5A000C4E9015484F8029004F5E275C4F8C801A6
:10C5B000A4F8CC11FDF774FD4EF6AF32C0F60202BE
:10C5C00029460123FDF722FF1CE004F12000FAF7C1
:10C5D0006AFBC4F808060C2084F83003D4E906018D
:10C5E000C4E9015484F8029004F54C75C4E9CD0106
:10C5F00001F044F84EF6BB12C0F6020229460123B0
:10C6000001F016FA002778B207B0BDE8F08300BF4A
:10C6100063616C6C65643A20656F5F6D6F74696F00
:10C620006E636F6E74726F6C5F566572696679289F
:10C630002900000050B1FF22002182804FF0FF321C
:10C6400001608260C0E90411816100E0FE2148B20E
:10C6500070474FF0FE0CD0B1CAB1C3B1012903D06D
:10C6600099B90169143001E00169081D80B5B1F87C
:10C6700000C0016810466246A3F800C0E5F7F6FB6B
:10C680004FF0000CBDE8804001E04FF0FF0C4FFA86
:10C690008CF07047002814BF80684FF0FF3070475F
:10C6A00041F60831C0F6060109680068081A18BF8B
:10C6B0000120704748B1016939B1896841B180B53D
:10C6C00088470020BDE8804000E0FE2040B270476F
:10C6D000FF20FBE7002814BF40790020704780B599
:10C6E000FEF7E4FB04211C220123FEF7E9FB48B11D
:10C6F000FF22002182804FF0FF3201608260C0E99A
:10C700000411816180BD002814BF4069002070477A
:10C71000B0B5A0B11C4603690546012A04D098783B
:10C7200000F0FE0002280CD168691A88E5F79EFB2C
:10C7300028462146002200240FF074FD02E0FE246A
:10C7400000E0FF2460B2B0BD00280EBF00200069E9
:10C7500000887047D0E90423084612881946E5F797
:10C7600085BB70B58446DDE90640DDF820E0DDE9F3
:10C770000465CCE904400020CCF800108CF80420BB
:10C780008CF80530CCE90265CCF818E070BD4FF0AC
:10C79000FE0248B141B1C2682AB180B5904700227B
:10C7A000BDE8804000E0002250B27047A8B170B5EB
:10C7B000144602690546907800F0FE0002280ED16A
:10C7C0000E46516868691288E5F750FB28463146E5
:10C7D00022460FF027FD002002E0FE2002E0FF20AD
:10C7E000BDE8704040B27047A0B170B5154602690F
:10C7F0000646907800F0FE0002280DD1706912887C
:10C800001C46E5F733FB3046294622460FF00AFD69
:10C81000002002E0FE2002E0FF20BDE8704040B2B0
:10C82000704730B180B50FF0FDFC0020BDE88040BE
:10C8300000E0FE2040B2704741F60831C0F6060124
:10C8400009680068081AB0FA80F04009704700696A
:10C85000807800F0FE000238B0FA80F0400970479E
:10C8600070B5064600284FF0FE0018BF00290CD016
:10C870001546D6E904201C461288E5F7F7FA30463B
:10C88000294622460FF0CEFC002040B270BD18B100
:10C8900002680AB1407910B1FF2040B2704780B5FC
:10C8A00008460AF0A2FB0020BDE88040F5E780B111
:10C8B000F0B583B0174604464FF0FF0092B30E4622
:10C8C000216879BB1D4618462EB10AF096FB30B997
:10C8D00003E0FF2029E00AF088FBA06808B1FF20F0
:10C8E00020E02760002E08BF6FF0010525710025AC
:10C8F00004204FF6FF710022002366710095019518
:10C9000005F0D4FE94F82010A060022902D1606ADC
:10C91000804705464FF0FF30E56020616061A0610F
:10C92000E061002003B0BDE8F04040B27047000075
:10C930002DE9F04381B0814600284FF0FE0024D05D
:10C940001C4613B323784846FFF7B1FF08B1FF2018
:10C950001BE06068FAF7AFF9B0B1DDF82080064659
:10C96000002500BF6068A9B2FAF7A3F907460AF0EC
:10C9700003FB012804D148463946424600F00AF834
:10C980000135A8B2B042EDD3002040B201B0BDE8FD
:10C99000F08300002DE9F04F93B0834600284FF05C
:10C9A000FE0000F094800F46002900F090809BF874
:10C9B00004909046FEF77AFA1C21FEF7D9FB39461F
:10C9C000092204461290E5F751FA2178621C484684
:10C9D0000AF046FB217848460AF0C2FC39788246C4
:10C9E00048460AF031FC00284FD0002706466081F7
:10C9F0002773FEF75BFA002152460123FEF760FA27
:10CA0000206102469BF82000032804D1DBF82400B3
:10CA100080472269074621784846534667610AF0F5
:10CA200047FB9BF82000042817D10025042031463D
:10CA3000002200230095019505F038FE02AFA061A9
:10CA4000DBF824008047A16902900846394605F0CA
:10CA50002AFF0135A8B2B042F2D3DBF8080005F096
:10CA60004FFF2178DBF808200BEB4101088212A967
:10CA7000104605F018FFB8F1010F04D1129958467D
:10CA80000A780FF0E7FB002021E002AD28464021A4
:10CA9000E5F714FB3B7810A228464021E4F76AFE34
:10CAA000FAF7DBFD40F6F067C0F6060704212A46D8
:10CAB00000230097FAF7AEFD2178484600220AF0DD
:10CAC000CFFAFEF7F3F92146FEF7ACF9FF2040B2AA
:10CAD00013B0BDE8F08F00BF454F6E765365743AD2
:10CAE000206570202564206861732030206E767385
:10CAF000000000002DE9F04F87B00646084690463A
:10CB00000D460AF05BFA0446002E4FF0FE0059D0A5
:10CB1000B8F1000F56D03779294638460CF0E0FDC1
:10CB2000E8B1384629460CF02EFE069020460CF05F
:10CB30001CFE8146384629460CF0AFFE8246384638
:10CB400029460CF04BFE96F820108346042912D09B
:10CB5000032906D0022922D106F10C001DE0FF2096
:10CB600030E028460AF02AFA014630460FF0E8FB8A
:10CB7000A8B1143011E028460AF020FA01463046E8
:10CB80000FF0DEFB58B10446307929460AF008FB65
:10CB9000A26981B2104605F03DFD046800E0002462
:10CBA000BAF1000F4FF0FF0018BFBBF1000F09D022
:10CBB0003168069B40463A468DE8200E0494FFF704
:10CBC000D0FD002040B207B0BDE8F08F70B50C4634
:10CBD0000546FEF76BF90021282201230026FEF707
:10CBE0006FF906604462002C08BF254680F820508B
:10CBF00070BD4FF0FE0330B129B122B103688088C7
:10CC00000B600023108058B2704700280FBFFE2031
:10CC100001608280002040B270474FF0FE0218B1E0
:10CC200011B140890022088050B270474FF0FE0CCD
:10CC3000E0B180B5DDF808E0BEF1000F14D090F847
:10CC400007C0BCF1010F0DD14FF0000C01608280D4
:10CC500080F806C0038143818381A0F80EC0C0F82C
:10CC600010E001E04FF0FF0CBDE880404FFA8CF07F
:10CC70007047B0B50446FEF719F9042114220123C8
:10CC8000FEF71EF9054600202860A880A8712881BB
:10CC90006C81E86034B1FEF709F9012122460123D5
:10CCA000FEF70EF9B4FA84F1490928612846E971C2
:10CCB000B0BD4FF0FE0348B141B13AB10389D0F89D
:10CCC00010C0C38113800023C1F800C058B2704760
:10CCD00048B14289914208D9028182810021012212
:10CCE000C181827105E0FE2103E001818181002183
:10CCF000C18148B270470022014602608280827181
:10CD000002810020CA607047B0B50C46096805462C
:10CD10000160A08869892289A8800020914298BF7B
:10CD20000120A871208998BF08462881A881286918
:10CD30000022EA81E5F7A0F9286921692A89E5F747
:10CD400095F80020B0BDB0B50D4604460020206027
:10CD5000A080A0712081E060618131B1FEF7A6F86A
:10CD6000ABB201210122FEF7ABF8B5FA85F1490912
:10CD700020610020E171B0BD44F27960C1F2000091
:10CD8000017801291CBF0121017070472DE9F04F86
:10CD900081B00B9FC0B10E46B1B11C46A3B1DDF806
:10CDA0002890B9F1000F0FD077B12046154601F059
:10CDB0008AF80020072DA9F80000387009D8FF2054
:10CDC0003870A9F8005037E00FB1FC203870FE2011
:10CDD00032E0B2461AF8080B402828D2707801F0E9
:10CDE00005F920B3304601F0B3F8804601280FD191
:10CDF000304601F0A8F8012819D1708801F09EF89A
:10CE000002460830A84212D8514606EB000A01E05B
:10CE100000210022307800F0080C00F0040B02EB37
:10CE20005C0000EB4B00083083B2AB4208D9FD2018
:10CE30003870A9F80050FF2040B201B0BDE8F08F73
:10CE4000258BAB4204D9FE213970A9F80000F2E726
:10CE500000233B70A9F80000D6E90003B8F1010FE8
:10CE6000C4E9000306D17388A06863806546E4F7CF
:10CE7000FDFFAC46BCF1000F1CBFDAF80000E0601B
:10CE8000BBF1000F08D04FEA5C000AEB00014968D3
:10CE90005AF80000C4E904016288A36804F1400064
:10CEA000214601F087F80020C6E74FF0FF307047B9
:10CEB0004FF0FF30704780B500F00AF84FF0FF30B8
:10CEC00080BD4FF0FF307047002070470020704752
:10CED00080B586B005204B2107F07AFB0290002038
:10CEE000CDE903000590FAF7B8FB40F65C730DF14D
:10CEF000080CC0F6060304210022CDF800C0FAF7A2
:10CF000089FB002006B080BD21B180B5FFF7E0FFAE
:10CF1000BDE880404FF0FF30704780B5FFF7D8FF85
:10CF20004FF0FF3080BD4FF0FF3070474FF0FF30C3
:10CF30007047B0B51446054601F0E0FB0721052215
:10CF400001F0CCFB14B128460021A047FFF7C0FF39
:10CF50004FF0FF30B0BD00207047B0B582B040F652
:10CF60006875C0F60605002818BF0546287810B376
:10CF7000FDF79CFF04211C220123FDF7A1FF0446BD
:10CF800095E80F004FF0000C84E80F006988E8680E
:10CF9000206149B1402000220023CDF800C0CDF827
:10CFA00004C0FCF74FFE8446A868C4F814C018B14A
:10CFB0008047A06100E00024204602B0B0BD70B5FB
:10CFC00088B00C460646002500202C21CDE90255EC
:10CFD00007F0FEFA02904FF0FF300694079036B348
:10CFE00070694EF61331C0F6040106AAFCF7D2FDB3
:10CFF0000146706921B1FCF739FD00F1340516E0F6
:10D00000FCF748FD716905460846FCF71BFF40EA3E
:10D0100005200025ADF80E00CDE90445FAF71DFB0B
:10D0200002AE0421002200230096FAF7F3FA284604
:10D0300008B070BD2DE9F04796B00C4605460027B4
:10D04000002028211646CDE9027707F0C1FA0290A8
:10D05000ADF80E700597049705B3FCB104F12007F5
:10D060003846FFF737FB20B394F84100052843D03A
:10D07000032839D001280FD10CF088FF0CF094FF61
:10D08000804668698946FCF7D2FD8246304600F04A
:10D090001AFFBAF1010F62D1FF2735E0FAF7DDFA86
:10D0A00002AF0421002200230097FAF7B3FAFE270B
:10D0B00043E06869FCF7EEFC696905460846FCF741
:10D0C000C1FE40EA0520ADF80E00E06C616CCDE9D0
:10D0D0000410FAF7C2FA02AF0421002200230097DD
:10D0E000FAF798FAFF2728E0A16C04F140033846CC
:10D0F0000122FFF779FB05E004F1400238460121E7
:10D10000FFF754FBE8B107466869FCF7C3FC69699F
:10D1100005460846FCF796FE40EA0520ADF80E00ED
:10D12000E06C616CCDE90410FAF797FA02AE0421C5
:10D13000002200230096FAF76DFA78B216B0BDE827
:10D14000F087002E4FF00007F7D0207810F0200075
:10D15000F3D0307800F0FC0002303070EDE7264666
:10D1600016F8400F042101EA900100F0C8000844BD
:10D170008DF8180002208DF819007068F2684FF0E1
:10D18000000CCDE9070C099241F61C306A68C0F624
:10D190000600006818EB020349F10001ADF81AC05F
:10D1A000904204BF4FF0FF314FF0FF33CDE90A3119
:10D1B00097E80F40D7E905890DF1300A8AE80F405A
:10D1C00011A880E80013686906A9CDF850C0FCF7E3
:10D1D000E7FD384602213246FFF723FB002892D1B3
:10D1E0000027AAE72DE9F04188B00D460446002645
:10D1F00000202B219046CDE9026607F0E9F9029064
:10D200004FF0FF30ADF80E60CDE90466069507904B
:10D21000B4B360694EF61331C0F6040106AAFCF7F8
:10D22000B9FC06466069B6B33146FCF71FFCB8F19D
:10D23000000F074606D007F11800414601220023DF
:10D24000FFF766FAE0684FF000083946C7F810802B
:10D25000C7F8148004F0A0FB074660B1ADF80E805B
:10D26000CDE90458FAF7F9F902AD042100220023B0
:10D270000095FAF7CFF960693146FCF727FC22E008
:10D28000FAF7EBF902AF0421002200230097FAF726
:10D29000C1F9FE2717E0FCF7FDFB6169044608466B
:10D2A000FCF7D0FD40EA0420ADF80E000020CDE9E7
:10D2B0000450FAF7D2F902AF0421002200230097AC
:10D2C000FAF7A8F9FF2778B208B0BDE8F0810000AE
:10D2D000D0B170B504460CF059FE0CF065FE054661
:10D2E00060690E46FCF796FC50B1D0E90401401B82
:10D2F00071EB060004D26069FCF73BFD6069F1E761
:10D300000020BDE8704000E0FE2040B27047000001
:10D3100000283DD02DE9F04F81B00546407890B30C
:10D32000E87880B395F8BC0168B3087A91460E4658
:10D33000F8B9707A10F00F0B1BD0D5F8C811070997
:10D3400001F1040A00240DF10208BBF1020F28BF0D
:10D350004FF0020B06EB440040894246ADF8020054
:10D360003819C1B250460123F7F7A4FE0134A34592
:10D37000F0D13078010909F0010005EB400000F51B
:10D38000EB70F9F7BBFB002001B0BDE8F04F00E007
:10D39000FE2040B2704700002DE9F04F83B08B466D
:10D3A0000446FAF75AF943F6C91253A1C0F6060229
:10D3B000FAF777F9002C4FF0FE0000F09980BBF1EE
:10D3C000000F00F095809BF800000C2840F08F8043
:10D3D0006078012807D120465946002203B0BDE8F5
:10D3E000F04F0EF0C1BFF9F7DFFE01214FF0010849
:10D3F000FAF7D5F8F9F7D8FEF9F7C7FF002874D087
:10D40000F9F7D2FE00210027F9F75EFFC4F8C80142
:10D4100004F1140059464FF4B472E4F7AEFD04F57C
:10D42000E97604F11D05C4F8D271C4F8D671C4F8C8
:10D43000DC7184F8E58100BFE95D01F0010006EBD5
:10D440004000C1F34301F9F761FB0137032FF3D12A
:10D450000BF1090700264FF00F094FF0020A0DF1FA
:10D46000080800BFB85DBBF807106AF35F10CDF87D
:10D4700008908DF80900D4F8A001ADF80A104146D3
:10D4800005F011FA0136032EECD14FF000084FF0F1
:10D4900002090DF106050026B85D294669F35F1003
:10D4A0008DF80600D4F8A4018DF8078005F0FBF98B
:10D4B0000136032EF0D1F8F7B2FCD4F8A011F8F73A
:10D4C0004DFDF8F7ACFCD4F8A43102210422042568
:10D4D000F8F754FA01206070257301F00FF9227BF0
:10D4E000062101F0FBF8002002E000206070FF2020
:10D4F00040B203B0BDE8F08F63616C6C65643A20A4
:10D50000656F5F7073635F416374697661746528EA
:10D510002900000010B586B0044600284FF0FE0038
:10D5200018BF002936D0607898B3087805280146DE
:10D5300098BF0521C82928BFC821884284F8BD1199
:10D5400021D041EA00200021CDE90211ADF80E0002
:10D55000CDE904110520392107F03AF802900320A3
:10D5600084F89801FAF779F894F8981143F6C913FA
:10D570000DF1080CC0F606030022CDF800C0FAF742
:10D5800049F894F8BD014000C4F8E001012084F896
:10D59000BC01002040B206B010BD0000B0B504468A
:10D5A000FAF75BF843F6C9122DA1C0F60602FAF7A6
:10D5B00078F8002C51D06078002844D0E078012819
:10D5C00002D1204600F032F994F8D001002842D16F
:10D5D000607848B1D4F8CC014CF28142C0F6040224
:10D5E0000021002300F0FEFFF8F719FCD4F8A43165
:10D5F00002210422F8F750FAF8F711FCD4F8A01130
:10D60000F8F7FCFCF9F7D0FD00210025F9F7C7FF7A
:10D6100004F114004FF4B471C4F8C851E4F74EFD9E
:10D62000D4F8A001FF21217505F000F8D4F8A40179
:10D6300004F0FCFFD4F8A801F7F7E2FDD4F880016C
:10D6400004F01CF865700120207301F057F8227B6C
:10D65000062101F043F8002000E0FE2040B2B0BDFA
:10D6600063616C6C65643A20656F5F7073635F44DF
:10D6700065616374697661746528290041F21870E8
:10D68000C1F200000178012918BF00207047F0B5F1
:10D6900083B041F21874C1F200042078012856D0FA
:10D6A000FF20207500250420032100220023CDE95E
:10D6B0000055042604F0FAFFC4F8A001022003215B
:10D6C000002200230095019504F0F0FFC4F8A401A6
:10D6D00001200A2100220127F7F748FDC4F8A8011C
:10D6E000022004210022FF2384F8BC5109F070FCC1
:10D6F000C4E97105012004210022C4F8D251C4F804
:10D70000D651C4F8DC5184F8E571F7F72FFDC4F861
:10D71000CC01322084F8D051C4F8BD0103F0C6FE1C
:10D72000C4F880010520372184F89861A4F88C5151
:10D7300006F04EFFC4F888012780E57084F8E451B4
:10D74000277300F0DBFF227B062100F0C7FF41F2C8
:10D750001870C1F2000003B0F0BDB0B582B0D8B10E
:10D760000446F9F77AFF94F8981104F5C47243F669
:10D77000C9130092C0F6060300220025F9F74AFFFC
:10D78000D4F8880106F010FF352806D1F7F755FECA
:10D79000F7F78FFF002500E0FE2568B202B0B0BDAC
:10D7A00050B1134642784AB1D0F8CC014CF28142D4
:10D7B000C0F6040200F016BFFE2000E0002040B2D8
:10D7C0007047000010B50446F9F747FF43F6C91249
:10D7D00010A1C0F60602F9F764FF54B16078B0B149
:10D7E000E078012807D194F8D001013084F8D00105
:10D7F0000DE0FE200CE0012084F8D001E07006204E
:10D80000207300F07BFF227B062100F067FF0020E1
:10D8100040B210BD63616C6C65643A20656F5F70E7
:10D8200073635F537461727428290000B0B50446B5
:10D83000F9F713FF43F6C91212A1C0F60602F9F771
:10D8400030FFE4B16078C0B1E078B0B194F8D001B5
:10D8500098B1013884F8D00100064FF000050FD1CF
:10D8600020460EF0E7FD0420E570207300F046FF2F
:10D87000227B062100F032FF02E0002500E0FE25B9
:10D8800068B2B0BD63616C6C65643A20656F5F70AF
:10D8900073635F53746F70282900000028B310B5BC
:10D8A00086B004464078D8B1E078C8B194F8BC019D
:10D8B000B0B194F8E401012812D1D4E97701421CF7
:10D8C0008842C4F8DC210BD9B4F8D601B4F8D811D9
:10D8D00040EA010212040BD1012084F8E5012CE09A
:10D8E000002006B0BDE8104000E0FE2040B27047C6
:10D8F00089B241EA004140F3C03000224FF4C02316
:10D90000CDE904100020392184F8E521CDE9022376
:10D9100006F05EFE0290032084F89801F9F79DFE60
:10D9200094F8981143F6C9130DF1080CC0F60603DC
:10D930000022CDF800C0F9F76DFED4F8D201C4F88A
:10D94000D6010020C4F8DC01CBE70000002864D039
:10D950002DE9F04383B081464078002862D099F8E1
:10D96000030000285ED099F8BC0100285AD0012994
:10D9700055D145F20220A9F8B4016846002709F5FF
:10D98000DA78C9F8B801012009F11D05CDF8067053
:10D99000CDF80270ADF800708DF806008DF8020029
:10D9A0009DF802009DF8061000F00F0040EA4710B5
:10D9B0008DF8020001F00F0040EA47101030EC5DD6
:10D9C0008DF80600F8F751FC26F0FF010E194146CC
:10D9D0003246F8F74FFE0137032FE1D199F8BD0128
:10D9E0008DF80B0045F20230A9F8B4010DF10B00DF
:10D9F000C9F8B801F8F739FCD9F8C4214146F8F75D
:10DA00008DFD40F20110D9F8D211A9F8E4010020EF
:10DA1000C9F8D611C9F8DC0105E0FE2006E0484649
:10DA20000EF008FD002003B0BDE8F04340B270479F
:10DA3000F0B583B01F4616460D460446F9F70DFEB5
:10DA400043F6C9123FA1C0F60602F9F72AFE74B1E7
:10DA50006DB128780C281CD16078012827D1204688
:10DA60002946324603B0BDE8F0400EF07DBC41F2DD
:10DA70001875C1F200050520287300F03FFE2A7BCF
:10DA8000062100F02BFE16B120460021B047FE20F3
:10DA900055E00520207300F031FE227B062100F0C6
:10DAA0001DFE16B120460021B047FF2047E00220AE
:10DAB000207300F023FE227B062100F00FFED4F835
:10DAC000800103F0DBFD0021C4E90164A77002912D
:10DAD0000F218DF802102979D5F805200DF10200EB
:10DAE00006308DF803100192092101226B5C01318F
:10DAF000C3F3430703F0010330F8136002FA07F79A
:10DB000037430C2920F81370F0D1D4F8A801F7F7A7
:10DB100077FBD4F8A8010DF10201F7F756FB4CF2A0
:10DB20009140C0F6040004F5D676C4E96B05F7F71A
:10DB300084FCD4F8A8113246F7F7D2FD002040B299
:10DB400003B0F0BD63616C6C65643A20656F5F7013
:10DB500073635F566572696679282900B0B50C4613
:10DB60004FF0FE0160B15CB10546406800F09CFBDF
:10DB70006968002821604FF0000108BF4FF0FF31B5
:10DB800048B2B0BD002818BF30307047F0B581B042
:10DB900040F67876C0F60606002818BF0646FDF760
:10DBA00085F9042178220123FDF78AF9044600F063
:10DBB000D0FA206000F0CDFA71886060084600F06D
:10DBC00055F9B188A060084600F050F9B168002707
:10DBD000C4E9030130886761278340B1FDF766F926
:10DBE000328804210123FDF76BF9054600E000258A
:10DBF00041F64030C0F60600D0E90001C4E9075004
:10DC0000C4E90910E16204F130003021E4F756FA6A
:10DC1000D6E90301C4E91A7727672066606833886C
:10DC2000616629461C2200F07BFA606800F038FA31
:10DC3000204601B0F0BD00002DE9F04F87B0054649
:10DC40000020ADF81A00ADF81800002D4FF0FE00CE
:10DC500000F0C2800C46002900F0BE80686899463A
:10DC6000904600F01DFA03A90DF10A022046FEF7C6
:10DC7000C0FF05A90DF112022046FFF71AF804A90A
:10DC80002046FEF7CAFF28680599BDF81220BDF8A6
:10DC9000103000F045FA286800F02AFA00286FD00A
:10DCA000286800F032FC834628680F4600F00DFC1F
:10DCB00041F64034C0F60604D5E90832D4E90046FE
:10DCC000824682EA060083EA040630430C461DD0F1
:10DCD000581C42F100018BEA000287EA01031A4353
:10DCE00014D0EA6ED5E90A3C0132EA662A6E039E38
:10DCF00005F1400E2E63C5E90EB78EE80304C5E9B1
:10DD00001343C5F854C00AB1284690472868C5E9AE
:10DD100008B7C5F828A0EC6200F0DDFA002842D070
:10DD2000074600240DF11A0B0DF1180A002600BF5A
:10DD30002868A9685A4600F0D1FA38B1BDF81A002F
:10DD400090B30136BE42F3D32EE000BFD5E90213F3
:10DD50002869039A0134F6F7E5FEE86800F044F814
:10DD60000028EBD06868E96800220023CDF800A005
:10DD700000F0FCF90028E1D0286F01302867DDE7CA
:10DD8000D5E919102A680130A8660398C5E916027A
:10DD900009B128468847B9F1000F1CBF002089F857
:10DDA0000000FF2018E00024B8F1000F18BFA8F809
:10DDB0000040109CB9F1000F07D0686800F074FAB9
:10DDC000002818BF012089F8000024B1286800F05D
:10DDD0007CFBC4E90001002040B207B0BDE8F08F31
:10DDE000002818BF20307047002814BF407800205A
:10DDF000704700280EBF0020007800F00300704735
:10DE0000E8B14278911F11F1050F18D301784088CD
:10DE10008B0712D1053A12F1030F0ED378B10330FC
:10DE20000A0720F003004FF00C0258BF08221044EC
:10DE300001F0040100EB410002E00028EFD00020D7
:10DE400080B2704741788A1F12F1050F0CD3027817
:10DE50004088920706D1053911F1030F02D318B19A
:10DE6000012070470028FBD000207047B0B5054660
:10DE7000FDF71CF8042158220123FDF721F8044680
:10DE800005834DB1FDF712F8012101222B46FDF764
:10DE900017F8218BA06001E0A06800210022C4E9EE
:10DEA0000022E4F7E9F84FF0FF30C4E903006061B5
:10DEB00004F12000FEF7BEFB04F140001821E4F756
:10DEC000FDF82046B0BDB0B5B0B1044600250560F0
:10DED0008068218B6560E4F7CFF84FF0FF30C4E92C
:10DEE0000300606104F12000FEF7A4FB04F1400090
:10DEF0001821E4F7E3F800E0FE2568B2B0BD4FF06A
:10DF0000000CC1B110F0C00315D1033222F003029E
:10DF100005390832830718BF082211F1030F4FF0AB
:10DF2000040101EA500100F0040041EA400038BF5A
:10DF3000082202EB000C1FFA8CF0704703304FF6FA
:10DF4000FC71084070474088002818BF01207047C6
:10DF50000146007880074FF0000018BF70474978ED
:10DF60000239032938BF012070470000431E5FFAC1
:10DF700083FCBCF1040F9ABF0CA313F80CC04FF044
:10DF8000010C00F0FD030538013BB0FA80F0B3FA54
:10DF900083F34009012A4FEA531308BF40EA030CF8
:10DFA000002918BF01218CEA01007047000100011F
:10DFB0000000000080B591F800C0428080F800C0E9
:10DFC000CA6891F801C0D1F804E0C0E90232D1E991
:10DFD000041280F801C0C0F804E0C0E9041280BD5A
:10DFE000811E0020032938BF01207047411E0020F8
:10DFF000052938BF01207047A0B32DE9F04381B057
:10E000000546806848B30E46016845F27863C1F260
:10E010003423994221D14FF0FF01FEB1144682888A
:10E0200044F22139104450F8187FC8F265794F4501
:10E0300014D1B16889B10F689F420ED1B1F8048044
:10E04000183151F808304B4507D1B8F1000F25D0F1
:10E050002B8842441C329A4207D9FF2101B0BDE807
:10E06000F04300E0FF2148B270474246E3F7FEFE6E
:10E070006888A96840446880B0688A88C38802EBD1
:10E080000800CA8888801A44CA8011FA80F1C1F851
:10E0900018901CB12988081A1C3820800021DDE75F
:10E0A000B0B10188002918BF1C218268418000217D
:10E0B000818072B145F27860C1F23420C2E900017A
:10E0C00044F22130C8F26570C2E90211906100E0AB
:10E0D000FE2148B270474FF0FE0238B131B1B0F9BD
:10E0E00000001C22D0FA52F00022088050B2704783
:10E0F000A0B1806890B1016845F27862C1F2342223
:10E1000091420BD18188084480694BF6DF41C7F604
:10E110009A010844B0FA80F0400970470020704727
:10E120004FF0FE0C90B189B11C2B02D24FF0FF0CC6
:10E130000CE01C2A4FF0FF0C08D39A4206D84FF08F
:10E14000000C03804280A0F804C081604FFA8CF07C
:10E15000704780B5FCF7AAFE04210C220123FCF7CE
:10E16000AFFE002101608180816080BD00283ED02B
:10E170002DE9F04F97B004460F4600294FF0FE00FE
:10E1800049D0A168002946D0384699469346FFF702
:10E1900059FE00283ED03846FFF732FED4F808A0DA
:10E1A000B4F80080BAF804100546A8EB0100A0F10D
:10E1B0001C06AE42ADF85A501BDA06AF3846402175
:10E1C000E3F77CFF6088BAF8061028A2CDE90001C9
:10E1D000CDE902163846402143460495E3F7CAFAD2
:10E1E000F9F73BFA39460022F9F75BFA12E0FE2014
:10E1F00014E00AEB010000F118058846FAF70BF964
:10E200000DF15A0CB2B239462B46CDF800C0FAF7E0
:10E210000CF928B1FF2017B0BDE8F04F40B27047AD
:10E22000A068BDF85A10628883880A4462805A1830
:10E23000C38882800133C38044F2213310FA82F212
:10E24000C8F26573BBF1000F9361209A18BFABF859
:10E250000080B9F1000F18BFA9F8001022B1218881
:10E260008088081A1C3810800020D4E74E6F742074
:10E27000656E6F75676820737061636520696E20D5
:10E28000726F706672616D65207265706C793A208C
:10E290002025642C2025642C2025642C2025642C2A
:10E2A0002025642C2025640098B1806888B101681D
:10E2B00045F27862C1F2342291420AD1818844F257
:10E2C000213201448969C8F26572914204BFC08855
:10E2D0007047002070478068C08870472DE9F04182
:10E2E00088B005460020002D4FF0FE06ADF81E0058
:10E2F0008DF81D005DD00F4600295AD0A8689046C1
:10E300008188AA88914209D13846FFF7DCFDB8F12F
:10E31000000F4FF0FF064CD0002048E010448C1A4C
:10E3200000F11806FEF728FD0DF11D0C0DF11E0E73
:10E33000A2B231463B46CDE900ECFEF727FD06468A
:10E3400050B300243846CDE90444FFF7BCFD0F204C
:10E350009DF91D100290B01CADF80E10ADF80C40E8
:10E360000ED1F9F77AF944F6FF0243F6EA1302AF49
:10E37000C0F60602C0F6060305210097F9F74AF930
:10E38000F9F76BF943F6EA1302AF0CA2C0F60603E5
:10E3900004210097F9F73EF9BDF81E00A988B8F1ED
:10E3A000000F0844A88004D0A9688988081AA8F832
:10E3B000000070B208B0BDE8F08100BF656F5F7209
:10E3C0006F706672616D655F524F505F506172731E
:10E3D0006528293A20656F5F7061727365725F47C7
:10E3E0006574524F502829206861642070726F62F2
:10E3F0006C656D730000000038B3B0B505468068E9
:10E40000144683880A449A1A12B2012A06DB084489
:10E4100018300119E3F76FFDA86883886988C288FE
:10E42000091B6980191B013A8180C28010FA81F0B2
:10E4300044F22131C8F2657181611C302146E3F755
:10E440001BFE0020BDE8B04000E0FE2040B2704757
:10E4500070B5054600284FF0FE0018BF002901D115
:10E4600040B270BD1646002AFAD0A8681C462B8818
:10E4700082889B1A1C3BB34201DAFF20F0E710446C
:10E4800018303246E3F7F2FCA96868888A8830447D
:10E4900068809019CA8888800132CA8044F221328B
:10E4A00011FA80F1C8F265728A611CB12988081AD4
:10E4B0001C3820800020D3E74FF0FE0218B111B1C4
:10E4C00040880022088050B2704710B18068083040
:10E4D00003E041F60030C0F60600D0E900017047C5
:10E4E00000280FBFFE208068C0E90223002040B250
:10E4F00070471C21D0FA51F080B2704700280FBF3E
:10E500000020806808441830704710B180681030CF
:10E5100003E041F64030C0F60600D0E90001704744
:10E5200000280FBFFE208068C0E90423002040B20D
:10E53000704700002DE9F04F89B01C4616460F4683
:10E540008146F6F78CFEF6F79CFE002F41D08346FD
:10E550003846F6F77FFEE0B338460194F6F77AFEC8
:10E5600041F62431C0F606010978054601F0F300B2
:10E570008DF8080004208DF809004FF0FF30059059
:10E5800035B34FF000080DF1080A00BF5FFA88F1BB
:10E590003846F6F7C4FDA8B104461EB12068B0475E
:10E5A00001280FD1206851460390584603F0D1F955
:10E5B00040B948462146F6F708FE4846F6F7C7FD3B
:10E5C000012805D008F101085FFA88F0A842DDD3E0
:10E5D000019C1CB14846F6F73DFE2070002009B0B2
:10E5E000BDE8F08F2DE9F04F8FB0019391468B4637
:10E5F0000546F6F734FEF6F744FE41F62431C0F640
:10E6000006010978824604208DF821004FF0FF3082
:10E6100021F00C0809900B9028468DF82080F6F721
:10E6200019FE90B10646002408AF00BFE1B22846AB
:10E63000F6F775FD28B1006839460990504603F099
:10E640009CF90134E0B2B042F0D32846F6F7D8FD89
:10E65000BBF1000F38D05846F6F7FCFDA0B3584682
:10E66000F6F7F8FD064604208DF809004FF0FF305C
:10E670008DF8088005903EB34FF0000802AC00BF53
:10E680005FFA88F15846F6F74AFDB8B10746B9F186
:10E69000000F03D03868C84701280FD138682146D9
:10E6A0000390504603F055F940B928463946F6F72D
:10E6B0008CFD2846F6F74BFD012805D008F101082E
:10E6C0005FFA88F0B042DBD3019C1CB12846F6F714
:10E6D000C1FD207000200FB0BDE8F08F58B1A1F14E
:10E6E000FE03022B4FF0FF0306D3802904D00069FC
:10E6F0000023425400E0FE2358B2704740F67030C9
:10E70000C1F200000178012918BF00207047000005
:10E710002DE9F0438DB040F67039C1F2000999F847
:10E720000010012900F0DD800446F8F796FF40F262
:10E730000865C0F606056EA12A46F8F7B2FF00206C
:10E740003B214FF0000805F043FFCDE90208CDE979
:10E750000488F8F782FF02A90091012100222B46CC
:10E760000125F8F757FF89F8005007F0D7FC07F0AC
:10E77000DEFCC9F8040002F099FEC9F808004FF465
:10E780007F40A9F82400FE2000210322002309F085
:10E79000A1F8C9F810004FF0FF3000EB1461C9F880
:10E7A0002040B4F1807F38BF0021D9F8040089F8F7
:10E7B0000C10C9B2FEF76BF840F6AC00C0F60600CC
:10E7C000F8F779FAC8B140F6AC0504460020C0F667
:10E7D0000605002781B22846F8F76BFA064608F0CE
:10E7E000CBFB012805D1D9F8040031460122FEF700
:10E7F000D1F80137F8B28442ECD8F9F7EAFBF9F71F
:10E80000DFFBF9F7E7F8F8F793FD0020F7F70CFBCB
:10E810000020F7F772FC01F018FEF1F775FF06A96A
:10E82000CDF81880F1F765FFF3F7B7F806A9CDF832
:10E830001880F3F7A7F8FBF73CFCFDF759FA00F056
:10E84000AFFCFAF75CF902F088FAFEF720FFFEF75A
:10E850003DFB41F61830C0F6060000684DF2250475
:10E86000C0EBC00007904FF04030C0F602048DF8B6
:10E8700018800890099406F07BFC06F082FCCDE934
:10E880000A4006F075FC06F07CFC06AC0C902046B5
:10E89000F7F7F4FC0020F6F7D9FD002000F091FA1C
:10E8A0000020F8F727FFF8F71CFFF8F783FF002098
:10E8B000092105F08DFECDE90608CDE90888F8F7B5
:10E8C000CCFE40F20865C0F60605012100222B4669
:10E8D0000094F8F79FFEF8F7C0FE0DA12A46F8F75E
:10E8E000E0FE40F67030C1F200000DB0BDE8F083EC
:10E8F000656F5F73657276696365735F496E69748E
:10E9000069616C697365282920737461727473007E
:10E91000656F5F73657276696365735F496E69746D
:10E9200069616C6973652829206973206F76657247
:10E930000000000070B586B000284FF0FE0500F022
:10E940000F82002900F00C82064608784C780728D0
:10E950004DD80D1DDFE800F0044B4B09550464440D
:10E9600030462146EEF75CFCF9E128780021092CBD
:10E970000591CDE90311029100F27481DFE814F0F2
:10E980000A001501AF00CE00710034015301ED0003
:10E990007A01900040F67031421EC1F20001FE2A59
:10E9A00081F8260011D30520222105F011FE0290E6
:10E9B000F8F753FE02A940F208630091C0F606037F
:10E9C000012100220025F8F725FEFDF781F94FF21D
:10E9D000A522C0F6020229460123FDF785FCBEE10F
:10E9E0003046214600220025EFF7AEF8B8E1316944
:10E9F00000254874FF200D748C74C874EEF7BCFBBE
:10EA0000AEE1A4F1FE00022801D3802C0ED13069C2
:10EA10004FF480610182FF218474C17400219BE165
:10EA2000304621462A46EFF78FF898E13069015DBC
:10EA300041F00201062940F03E81092C00F2778165
:10EA4000DFE814F00A00600148014D013E01650154
:10EA50006A0152016F014301FDF73AF9FDF726FA09
:10EA600063E1FF2811D10520252105F0B1FD0290B9
:10EA7000F8F7F3FD02A940F208630091C0F606031F
:10EA8000012100220025F8F7C5FDFAF72FF84EF610
:10EA9000B772C0F6020229460123FAF7C3FA5EE113
:10EAA000FF2811D105205B2105F092FD0290F8F7B7
:10EAB000D4FD02A940F208630091C0F606030121CB
:10EAC00000220025F8F7A6FDF2F767FF4EF2C372A9
:10EAD000C0F6020229460123F3F7BAFB3FE1FF2803
:10EAE00011D10520242105F073FD0290F8F7B5FD42
:10EAF00002A940F208630091C0F60603012100223A
:10EB00000025F8F787FDFBF7CBFA4EF6AB22C0F6EF
:10EB1000020229460123FBF779FC20E1FF2811D1ED
:10EB20000520262105F054FD0290F8F796FD02A974
:10EB300040F208630091C0F606030121002200257F
:10EB4000F8F768FD00F022FB4EF60132C0F6020233
:10EB50002946012300F0AEFD01E1FF2811D1052077
:10EB6000492105F035FD0290F8F777FD02A940F242
:10EB700008630091C0F60603012100220025F8F782
:10EB800049FDF8F76AFD40F2086280A1C0F606026E
:10EB9000F8F787FDFEF798F94EF61902C0F6020263
:10EBA00029460123FEF7C5F9D9E0FF2811D1052038
:10EBB000232105F00DFD0290F8F74FFD02A940F268
:10EBC00008630091C0F60603012100220025F8F732
:10EBD00021FD01F031FC4EF6F762C0F60202294633
:10EBE000012301F099FDBAE0FF2811D1052033215E
:10EBF00005F0EEFC0290F8F730FD02A940F2086340
:10EC00000091C0F60603012100220025F8F702FD5D
:10EC100002F09AF84FF29D12C0F602022946012333
:10EC200002F0B0FA9BE0FF2811D10520382105F051
:10EC3000CFFC0290F8F711FD02A940F208630091A1
:10EC4000C0F60603012100220025F8F7E3FCFEF7D9
:10EC500015FD4EF66F02C0F6020229460123FEF7AB
:10EC6000E7FE7CE032694FF4407313829474D074F1
:10EC7000117572E0FF2811D10520552105F0A8FC7F
:10EC80000290F8F7EAFC02A940F208630091C0F68E
:10EC90000603012100220025F8F7BCFCF1F734FD42
:10ECA0004EF26D720126C0F602022946002300963C
:10ECB000F2F7FAFD53E04FF480610182847448E07A
:10ECC000F9F714FFF9F7D0FF2FE0F2F766FEF3F73C
:10ECD000B9FA2AE0FBF7E4F9FBF734FB25E000F092
:10ECE00055FA00F044FC20E0F8F7B7FC40F2086267
:10ECF0001DA1C0F60602F8F7D4FCFEF7E5F8FEF712
:10ED00000CF912E001F098FB01F0AFFC0DE002F00D
:10ED10001BF802F0CFF808E0FEF7B0FCFEF752FD5A
:10ED200003E0F1F7F1FCF2F7B9FD10B13069002111
:10ED30000BE030190121017505F011FD012105F0ED
:10ED4000E1FEB0FA80F1306949090174042184744C
:10ED50004174FF21C174015D0175EEF70DFA0025C4
:10ED600068B206B070BD00BF63616C6C696E6720ED
:10ED7000656F5F706F735F537461727428292069C7
:10ED80006E207365727669636500000063616C6C68
:10ED9000696E6720656F5F706F735F566572696635
:10EDA00079282920696E2073657276696365000091
:10EDB00044F6E860C1F200000179012918BF002083
:10EDC0007047B0B544F6E864C1F200042079012828
:10EDD00006D00120012101251CF0F2FB20602571E5
:10EDE00044F6E860C1F20000B0BD20B119B9006876
:10EDF00011461CF095BB4FF0FF30704720B119B998
:10EE0000006803211CF0BABB4FF0FF3070472DE9BA
:10EE1000F04389B0074600284FF0FE0000F08480E0
:10EE20000D46002900F08080787800287BD0F878A3
:10EE3000002878D0022014468DF8080005F08FFCD9
:10EE40000DF10808414605F07DFC9DF808000128F9
:10EE500069D129781E2204F0010002EAD101084498
:10EE600000F14006F6F7DBFF3146032200234FF0A6
:10EE70000009F6F712FF0646FF281CBF07EB8600C5
:10EE8000D0F8D49197F8C00186423ED22868A9797B
:10EE90006FF31F3040EA0130D5E9021209F1080989
:10EEA000ADF81A00484608920791F6F750F970B38A
:10EEB00007F5E27757F8260003F0EEFB68B303206E
:10EEC000012105F085FB02902868A9796FF31F30B6
:10EED00040EA0130ADF80E002846F7F77CFD0591B9
:10EEE0002978049008098DF80D000220002C08BF35
:10EEF00001208DF80C00F8F7B0FB0321002200235D
:10EF0000CDF80080F8F786FB0DE0FF200CE00DF156
:10EF10001A014846F6F759F905E057F826000DF1B1
:10EF20001A0103F0C0FC002040B209B0BDE8F08334
:10EF30002DE9F04F85B000284FF0FE0600F0B980B3
:10EF40000D46002900F0B5800446287807282FD107
:10EF50006078012802D1204600F0B0F8F8F724F9D3
:10EF6000A97AF8F729FBF8F71FF9F8F715FAE8B1CD
:10EF700004F1140029464FF4B472E2F7FEFFA87AB8
:10EF800084F8C001B0B104F5EA760027F8F70CF96F
:10EF9000F9B2F8F7A6F946F8270094F8C00101374E
:10EFA0008742F3D3B0FA80F0400904E0002060709B
:10EFB000FF267EE001204FF48041049129792A89BF
:10EFC0008DF8101000210028ADF81220ADF80E10B9
:10EFD00084F8C11154D105F10C0000250DF1100980
:10EFE0000DF10E06019000BF019900204FF0010ABB
:10EFF00001EB8501029100BF02995FFA80F831F8B8
:10F0000010704FF0010B00BF5FFA8BF13846F7F735
:10F0100071FD012824D19DF8110000F0E00040EAC4
:10F02000080040EA4B01D4F8A0018DF811104946C0
:10F0300003F039FC9DF80E00314600F0E00040EA94
:10F04000080040EA4B008DF80E00D4F8A4018DF8BA
:10F050000F5003F028FC94F8C101013084F8C1017D
:10F06000BBF10E0F0BF1010BCED301205FEACA7189
:10F070004FF0000AC0D194F8C00101358542B3D3E6
:10F08000F6F7CDFED4F8A011F6F768FFF6F7C7FE45
:10F09000D4F8A431032100220026F6F76FFC0120EA
:10F0A000607004202073FFF729FB227B0321FFF708
:10F0B00015FB70B205B0BDE8F08F0000002862D0EB
:10F0C000F0B581B00446407800284FD0E0780128A0
:10F0D00004D1204600F064FA607848B1D4F8E40125
:10F0E0004CF27F72C0F6040200210023FFF77AFA87
:10F0F000F6F795FED4F8A431032100220025F6F797
:10F10000CBFCF6F78CFED4F8A011F6F777FFF8F7F2
:10F110004BF80021F8F750FA04F5DE76002784F862
:10F12000C15100BF06EB87008561F555806803F08B
:10F130007DFA0137042FF5D104F114004FF4B471B6
:10F14000E2F7BCFFD4F8A001FF21217503F06EFAAD
:10F15000D4F8A40103F06AFAD4F8A801F6F750F83D
:10F16000D4F8800102F08AFA002060700120207338
:10F17000FFF7C4FA227B0321FFF7B0FA002001B0A9
:10F18000BDE8F04000E0FE2040B2704741F60010BC
:10F19000C1F200000178012918BF0020704700006B
:10F1A0002DE9F04182B041F60018C1F2000898F84C
:10F1B0000000012859D0FF20002588F81400042001
:10F1C0000F2100220023A8F8C0510095019503F0FB
:10F1D0006DFAC8F8A00102200F210022002300953B
:10F1E000019503F063FAC8F8A40101200A21002266
:10F1F000F5F7BCFF08F5DE760027C8F8A80100BFC8
:10F2000006EB87040A20402100220023A561F55562
:10F210000095019503F04AFA0137042FA060EFD161
:10F2200004200421002204240025F5F79FFFC8F8DC
:10F23000E40102F03BF9C8F8800105201F2188F89D
:10F24000984188F88D5105F0C3F9C8F8880101206C
:10F25000A8F8000088F8035088F80C00FFF74EFA71
:10F2600098F80C200321FFF739FA41F60010C1F29B
:10F27000000002B0BDE8F081B0B582B0D8B104465C
:10F28000F8F7EBF994F8981104F5C47243F6771384
:10F290000092C0F6060300220025F8F7BBF9D4F867
:10F2A000880105F081F9072806D1F6F7C6F8F6F7C8
:10F2B00000FA002500E0FE2568B202B0B0BD0000F3
:10F2C000A8B32DE9F04F81B00646407800285CD005
:10F2D00096F8C00192460A4681422AD203200021B4
:10F2E000FF234FF6FF7407F073FE07469AF80400F9
:10F2F000BAF805108DF8010044F60250A6F8B401E2
:10F30000BAF8000006F5DA78A0420DF10100ADF878
:10F310000210C6F8B8010ED1BAF80200A0420AD114
:10F32000F6F7A3FF41463A46F7F7F8F82DE0FE203E
:10F330002FE0FF202AE0402700254FF0010900BF01
:10F340005FFA85FB012400BF3AF81500E1B2F7F738
:10F35000D1FB01280FD107F0E00000EB440040EAA8
:10F360000B07F6F782FF26F0FF0141EA0706414648
:10F370003246F7F77FF90E2C04F10104E4D301259E
:10F380005FEAC9704FF00009DAD1002001B0BDE892
:10F39000F04F40B270472DE9F04387B070B3044698
:10F3A000407868B394F8C0010D4681422AD240F2F9
:10F3B00002701646A4F8B4010027032000212A4653
:10F3C000FF2304F5DA78C4F8B87107F001FE022EC5
:10F3D000814642D0012E1AD0AEB901208DF8080026
:10F3E00002A8C4F8B801F6F740FF41464A46F7F7CD
:10F3F00095F86019002780F8BC7104E0FE2702E050
:10F40000002700E0FF2778B207B0BDE8F08344F69C
:10F4100002400027A4F8B401C4F8B871F6F725FF3C
:10F4200041464A46F7F77AF86019012180F8BC1185
:10F430000320042105F0CCF8CDE90207CDE90477DB
:10F44000F8F70BF943F6771302AEC0F60603032173
:10F4500000220096F8F7DEF8D5E702A88DF80870CC
:10F46000C4F8B801F6F701FF41464A46F7F756F8E7
:10F470006019012180F8BC11C5E750B113464278EC
:10F480004AB1D0F8E4014CF27F72C0F60402FFF7F3
:10F49000A9B8FE2000E0002040B27047A0B32DE9DB
:10F4A000F04F83B00646407800285AD096F8C00145
:10F4B00092460A46814229D203200021FF234FF6BB
:10F4C000FF7407F085FD0746BAF80400DAF80C105F
:10F4D000ADF8060045F20200A6F8B401BAF8000043
:10F4E00006F5DA78A0420DF106000291C6F8B801DF
:10F4F0000ED1BAF80200A0420AD1F6F7B6FE414694
:10F500003A46F7F70BF82CE0FE202EE0FF2029E02A
:10F51000402700254FF001095FFA85FB012400BF59
:10F520003AF81500E1B2F7F7E5FA01280FD107F034
:10F53000E00000EB440040EA0B07F6F796FE26F0E9
:10F54000FF0141EA070641463246F7F793F80E2CD1
:10F5500004F10104E4D301255FEAC9704FF000090A
:10F56000DAD1002003B0BDE8F04F40B27047A0B13F
:10F5700010B50446407860B1E078012809D0012038
:10F58000E07006202073FFF7B9F8227B0321FFF714
:10F59000A5F80020BDE8104000E0FE2040B2704712
:10F5A00070B548B30446407820B3E078002520B316
:10F5B00020460DF0A7F80420E5702073FFF79EF8B1
:10F5C000227B0321FFF78AF894F8C001A8B1002636
:10F5D00004EB8600D0F8D411D0F8C45101F1080032
:10F5E000F5F70EFE284603F021F894F8C001013625
:10F5F0008642EDD3002500E0FE2568B270BD000014
:10F60000002853D02DE9F04F81B0054640780028FE
:10F6100047D0E878002844D095F8C001002840D0B1
:10F620008B4605F5EA7A05F5E2780024009500BFDF
:10F630005AF8240058F82460BBF1010F00F10807C4
:10F6400002D13846F5F7DCFD3846F5F780FD012894
:10F6500022D0304603F011F801281DD03846F5F7C6
:10F6600069FD0546304603F04BF95FFA80F94D45D8
:10F6700038BFA946009DB9F1000F0DD0304603F008
:10F6800004F801463846F5F7A0FD304603F0E2F8ED
:10F69000B9F10109F2D100BF95F8C00101348442EB
:10F6A000C6D3002001B0BDE8F04F00E0FE2040B21C
:10F6B000704700002DE9F04F8FB09046814600283A
:10F6C0005BD08B46002958D09BF80000072868D1F2
:10F6D00099F801001F46012802D14846FFF7EEFCC9
:10F6E000022089F80C00FFF709F899F80C20032193
:10F6F000FEF7F4FFD9F8800101F0C0FFC9E90189E4
:10F7000089F80270BBF80400DBF80610ADF832008F
:10F710009BF80A004FF0000A00284FF000060D91F8
:10F72000ADF830A041D00DF1300A0024002500BF13
:10F730000BEB8607B889F98904430D43F7F7EDF918
:10F74000F98907460846F7F7E8F938440AF8060049
:10F750009BF80A0001368642EAD39DF830009DF8F6
:10F7600031104FF0000A08284FF0000688BF01262C
:10F77000082988BF4FF0010A19E041F60014C1F2D0
:10F78000000405202073FEF7B9FF227B0321FEF75A
:10F79000A5FFB8F1000F02D048460021C047FE2067
:10F7A0008CE0052089F80C007AE000250024A0B246
:10F7B000ADF83840ADF83A50F7F7AFF90746A8B2C0
:10F7C000F7F7ABF93844C1B20F291ED8EEB9BAF138
:10F7D000000F1AD1D9F8A801F5F712FDD9F8A80140
:10F7E0000DF13201F5F7F1FC4CF28F70C0F6040018
:10F7F00009F5D675C9E96B0BF5F71FFED9F8A81105
:10F800002A46F5F76DFF002058E00021A9F88C1179
:10F8100000020E990F30A9F88E01C81704AEC9E98D
:10F8200064103046202109F5C474E2F747FC0AF061
:10F83000D9F80AF0E0F84CF61F110346C0F60401AF
:10F8400030464A46F5F74DF905200621052504F016
:10F85000BFFEC9F88801042089F89801F7F7FDFE7A
:10F8600099F8981143F67713C0F606030022009426
:10F87000F7F7D0FED9F8841181B141F60032C0F615
:10F880000602FF27D9F88001D2E9002389F899718F
:10F890000127CDE90017029601F07CFE89F80C5093
:10F8A000FEF72CFF99F80C200321FEF717FFB8F1A3
:10F8B000000F02D048460021C047FF2040B20FB0E1
:10F8C000BDE8F08F002814BF4079FF20704700008A
:10F8D0002DE9F04F81B00546F7F7BFFE40F61077EF
:10F8E00043F2DC732946C0F606074FA2C0F60603B2
:10F8F000002D18BF01210097F7F785FEFBF7D6FA18
:10F90000042110220123FBF7DBFA81460560E87829
:10F91000002689F80500FF2089F8046089F80600B0
:10F92000FBF7C4FA2B7804210822FBF7C9FA2A78DE
:10F93000C9F80800A2B10146002700BF41F83760AE
:10F94000FBF7B4FAAB7801210122FBF7B9FAD9F839
:10F9500008102B7801EBC70201379F425060EDD3AE
:10F96000687800283DD043F2DC7A0026C0F6060A0B
:10F970004FF0010BEF68F7F770FE17F83620297883
:10F9800007EBC6088A420DD298F801208A4209D2B4
:10F9900098F80210AA7891424FF0000138BF012177
:10F9A00001E000BF002140F6107425A25346C0F6C6
:10F9B00006040094F7F727FED9F8080017F8361068
:10F9C00098F8023000EBC10250F831700BFA03F4E2
:10F9D0005268274340F83170D65468780136864221
:10F9E000C8D3287938B1FBF761FA2A7904210123B9
:10F9F000FBF766FA00E00020D9F80010C9F80C0007
:10FA00000A691AB148469047D9F80010C878496980
:10FA100089F80500002089F8040009B148468847A4
:10FA2000484601B0BDE8F08F656F5F736D5F4E654E
:10FA30007728293A204E554C4C2063666700000019
:10FA4000735F656F5F736D5F5370656369616C6948
:10FA5000736528293A2077726F6E672063666700A6
:10FA600000283FD02DE9F041044600680D4681781A
:10FA70008D4239D2217959B98268C078012102EBCF
:10FA8000001021718168FF20A07109B120468847CC
:10FA9000A068667950F83610E940C90726D000EB17
:10FAA000C60021684068A571D1E90281405D01EB83
:10FAB000C0077D78AE4205D008EB0610C16809B1D9
:10FAC00020468847796809B1204688477878AE4251
:10FAD000607105D008EB0510816809B120468847A0
:10FAE000002004E0FE2004E0FF2000E0FB20BDE851
:10FAF000F04140B2704718B1017919B1002012E00D
:10FB0000FE2010E0016801228B68C978027103EBC6
:10FB100001118968FF2200298271EFD080B58847E2
:10FB20000020BDE8804040B2704710B5FBF7BEF939
:10FB3000042118220123FBF7C3F90446F4F7C6FF9A
:10FB4000A060F4F7C3FFA168E0600846F4F76AFF1D
:10FB5000E068F4F767FFFF2020704FF44070002149
:10FB60002082204661806160A174616110BD80B512
:10FB7000F6F7BBFF002814BF4068002080BD80B5A9
:10FB8000F6F7B3FF002814BF0078FF2080BD2DE9F1
:10FB9000F0411E4617460C46F6F7A7FF80B1054612
:10FBA000DDE9068008996874A86800222C706F80CF
:10FBB0006A602A74A9742EB13146F4F73AFF03E063
:10FBC000FE200CE0F4F72EFFE868B8F1000F03D038
:10FBD0004146F4F72EFF01E0F4F724FF002040B285
:10FBE000BDE8F08170B514460E46F6F77EFF30B1E1
:10FBF000054680682EB13146F4F71BFF03E0FE2076
:10FC00000AE0F4F70FFFE8681CB12146F4F711FF92
:10FC100001E0F4F707FF002040B270BD70B582B07C
:10FC200004460020019054B1204616460D46FFF7C9
:10FC30009EFF2068417C012903D1FF2020E0FE20A7
:10FC40001EE0807C012808D10AF031F821463246B6
:10FC50000AF036F808B1FD2012E06068E26801A9F8
:10FC6000F8F7F2FA60B901992846FDF74DF841F628
:10FC70001C31C0F6060160680968F8F791FB0020A6
:10FC800040B202B070BD00002DE9F04F83B01D46B8
:10FC9000914688460746FBF709F9042130220123E3
:10FCA000FBF70EF90446F7F7D8FC43F6940355EA40
:10FCB00007014FF0000630A2C0F6060318BF01216D
:10FCC0000096F7F7A0FCFFF730FF4CF6F74A4CF62A
:10FCD000095BC0F6030AC0F6030B20607FB14CF647
:10FCE0004752C0F60302142039464346CDF800B00F
:10FCF000CDF80890CDF804A0F8F7CAFA0646666079
:10FD00006DB1DDE90C374CF64752C0F60302142002
:10FD10002946CDE900BA0297F8F7BAFA00E00020C8
:10FD200041F61C31C0F606010968C4E9020101F080
:10FD3000BDFB206140F69070C0F6060090E80E0012
:10FD4000C06804F1180C8CE80E006062F4F7BEFE87
:10FD50000546A06209F046FE09F04DFE4CF67B1107
:10FD60000346C0F6040128462246F4F7BAFE2046B0
:10FD700003B0BDE8F08F00BF656F5F736F636B65A5
:10FD8000746474675F4E65772829206E65656473B7
:10FD9000206174206C65617374206F6E6520706BD8
:10FDA0007420717565756500002846D02DE9F04115
:10FDB00084B0044602F0FD001D461746884601281F
:10FDC0000DD1A06858B9F7F748FC43F69403002614
:10FDD00034A2C0F6060305210096F7F71BFC07F0D6
:10FDE000FE0002280DD1606858B9F7F736FC43F6DB
:10FDF0009403002636A2C0F6060305210096F7F705
:10FE000009FC0A9E012D12D1606880B9F7F725FC24
:10FE100044F2563243F694034FF0000CC0F606024B
:10FE2000C0F606030521CDF800C0F7F7F3FB04F197
:10FE3000180026B14ECE4EC00BE0FE2030E040F65A
:10FE40009071C0F6060191E84C00C96880E84C004A
:10FE5000C1602068007C08B1FF201EE0DDE90B30A6
:10FE60000021CDE90007204642460295FFF78FFEAC
:10FE700009F01DFF214609F00BFF70B994F824002A
:10FE8000012809D12069D4E90623216AA76A01263D
:10FE90008DE8C20001F07EFB002004B0BDE8F04117
:10FEA00040B27047656F5F736F636B6574647467AE
:10FEB0005F4F70656E2829206E6565647320616EE2
:10FEC000206F75747075742071756575650000001C
:10FED000656F5F736F636B65746474675F4F7065A4
:10FEE0006E2829206E6565647320616E20696E70CE
:10FEF000757420717565756500000000B0B584B03B
:10FF000050B104460D46FFF732FE18B12068407C20
:10FF1000022803D1FF2019E0FE2017E0D4E90202F5
:10FF20002946F8F713FA88B941F60030C0F6060002
:10FF3000D0E90001D4E9062359405040084301D1DB
:10FF4000206AB0B194F8240018B1002040B204B087
:10FF5000B0BD206901F09DFA0128DBD02069D4E909
:10FF60000623216AA56A00248DE8320001F012FB05
:10FF7000EDE709F09CFE2146102204B0BDE8B04038
:10FF800009F07DBE4FF0FE0238B131B10268527CFB
:10FF9000012A04D10020FF22088050B27047436834
:10FFA000C2681846F8F717BAA8B170B505460068D8
:10FFB000007C90B114460E4609F079FE09F06FFE00
:10FFC000284631462246FFF70DFE09F070FE09F083
:10FFD00043FE002002E0FE2002E0FF20BDE870406A
:10FFE00040B270472DE9F04786B000284FF0FE047C
:10FFF00000F027818846002900F023811E46012B4E
:020000040804EE
:100000002FD841F6E827C1F20007D7F8C40100282D
:1000100000F0168115460278182122B1042A02D078
:10002000032A13D12821084408F10802314603238A
:10003000002E18BF0321F5F73DF8387801282DD19F
:10004000787898B3D7F8CC0102F044FD44F60C71EF
:10005000C1F2000108683A780130012A08602CD00A
:1000600030E006F0FE0102290FD1D0F8C4010028CB
:1000700000F0E680283008F10802B11E4FF00303BB
:1000800018BF0321F5F716F8DAE0042E40F0D88007
:100090004046002100240CF029FDD2E044F60C710A
:1000A000C1F200010868013008600BE044F60C71F1
:1000B000C1F20001086801300860D7F8C41109B125
:1000C000497800E0002198F80620072A67D198F8BF
:1000D0000E20002A63D0C2F381076EB144F610737C
:1000E000012FC1F2000314D0022F16D144F61C7761
:1000F000C1F2000706370DE044F61076012FC1F279
:10010000000629D0022F2BD144F61C73C1F2000344
:1001100023E09F1D3E8801363E80C2F30117012F68
:1001200007D0022F0AD144F61C77C1F20007083726
:1001300001E003F108073E8801363E809209012A5A
:1001400007D0022A2BD144F61C72C1F200020A32F7
:1001500022E003F10A021FE033461F8801371F80A7
:10016000C2F30113012B07D0022B09D144F61C73F3
:10017000C1F200039F1C00E0B71C3B8801333B80A9
:100180009209012A07D0022A09D144F61C72C1F251
:100190000002043200E0321D13880133138000296D
:1001A0004FF000044DD04FF4FA625143884248D3D7
:1001B00044F60C70002D44F61C7544F61074C1F220
:1001C00000004FF000064FF0020AC1F20005C1F234
:1001D00000040DF108094FF00007066008BF4FF05A
:1001E000010A00BF35F81700CDE9046603960296B0
:1001F00010B934F8170000B398F800000221000984
:100200008DF80D0001208DF80CA004F0E1F90290AA
:1002100035F8170034F81710ADF80E70CDE904105A
:10022000F7F71BFA042100220023CDF80090F7F71E
:10023000F1F925F8176024F817600137062FD1D19E
:10024000002460B206B0BDE8F0872DE9F04182B02D
:1002500000284FF0FE0662D00D4600295FD004460C
:10026000287806285AD16078012802D1204600F06B
:100270005AF8F6F799FF01214FF00108F7F7A9F9AD
:10028000F6F792FFF7F78FF8002845D0F6F78CFFC6
:1002900000210026F7F732F8C4F8C40104F1140075
:1002A00029464FF4B472E1F768FEA97A022728794B
:1002B00067F35F118DF8051029898DF80400D4F8D3
:1002C000A001ADF8061001A902F0EDFAF5F7A7FDBF
:1002D000D4F8A011F5F742FEA87A0DF1020167F3F8
:1002E0005F108DF80200D4F8A4018DF8036002F0CD
:1002F000DAFAF5F794FDD4F8A43102210022F5F7DB
:100300003DFB042084F801802073FEF7F7F9227B7F
:100310000121FEF7E3F902E000206070FF2670B2D1
:1003200002B0BDE8F081002851D0B0B50446407855
:10033000002840D0E078012804D1204600F0BFF921
:10034000607848B1D4F8C8014CF68F12C0F60402A8
:1003500000210023FEF746F9F5F761FDD4F8A4313A
:10036000022100220025F5F797FBF5F758FDD4F898
:10037000A011F5F743FEF6F717FF0021F7F729F96B
:1003800004F114004FF4B471C4F8C451E1F796FEBF
:10039000D4F8A001FF21217502F048F9D4F8A40196
:1003A00002F044F9D4F8A801F4F72AFFD4F8800148
:1003B00001F064F9657001202073FEF79FF9227B3C
:1003C0000121FEF78BF90020BDE8B04000E0FE20DF
:1003D00040B2704770B582B050B3427832B341F644
:1003E000E826C1F200063278C0F8C011012A1DD1FA
:1003F000D6F8C4010025E0B100F108020620022170
:10040000F4F7B4FE41F60200A6F8B4010DF10700BE
:100410008DF8075006F5DA74C6F8B801F5F725FF30
:10042000D6F8BC212146F6F7DCF802E0002500E012
:10043000FE2568B202B070BD41F6E820C1F20000AE
:100440000178012918BF00207047F0B585B041F64A
:10045000E824C1F20004207801285DD002200021A8
:100460000022FF230025FF2606F0B2FDC4F8BC01E0
:1004700004200121002200232675CDE90055042720
:10048000012602F013F9C4F8A00102200121002284
:1004900000230095019502F009F9C4F8A401012098
:1004A0000A210022F4F762FEC4F8A8010220042108
:1004B0000022C4F8C451F4F759FEC4F8C80148F248
:1004C000A060C0F2010002904FF47A700395ADF87D
:1004D0000C004CF6DD30C0F60400049002A8C4F80D
:1004E000C05102F0D1FAC4F8CC0100F0DFFFC4F82B
:1004F000800105201D2184F8987184F88D5104F045
:1005000067F8C4F888012680E5702673FEF7F6F8D0
:10051000227B0121FEF7E2F841F6E820C1F200005B
:1005200005B0F0BDB0B582B0D8B10446F7F795F884
:1005300094F8981104F5C47243F691130092C0F632
:10054000060300220025F7F765F8D4F8880104F0C7
:100550002BF8092806D1F4F770FFF5F7AAF8002563
:1005600000E0FE2568B202B0B0BD70B54FF0FE06E7
:10057000B0B10D46A1B10446407880B1297820463B
:1005800000F038F86978204600F00CF8A8780128C7
:1005900005D1204600210026FFF71CFF00E00026C1
:1005A00070B270BDB0B582B08DF80710F0B10446DE
:1005B0004078C8B140F60200A4F8B4010DF107007C
:1005C00004F5DA75C4F8B801F5F74FFED4F8BC218C
:1005D0002946F6F706F89DF80710D4F8CC0142F248
:1005E0001072514302F0A5FA002000E0FE2040B254
:1005F00002B0B0BDB0B582B08DF80710E0B10446CE
:100600004078E8B140F20270A4F8B4010DF107009F
:1006100004F5DA75C4F8B801F5F727FED4F8BC2163
:100620002946F5F7DEFF9DF80710D4F8CC01012923
:1006300004D102F075FA03E0FE2002E002F05EFA57
:10064000002040B202B0B0BD50B1134642784AB16A
:10065000D0F8C8014CF68F12C0F60402FDF7C2BFF5
:10066000FE2000E0002040B2704728B3B0B5044639
:100670004078E8B1E07801281AD00120E070062027
:100680002073FEF73BF8227B0121FEF727F8D4F810
:10069000C40140F2027104F5DA75A4F8B411C4F88B
:1006A000B801F5F7E2FDD4F8BC212946F5F799FF2A
:1006B0000020BDE8B04000E0FE2040B2704770B5B9
:1006C00082B018B30446407810B3E078002600B337
:1006D00001208DF8070040F20270A4F8B4010DF17A
:1006E000070004F5DA75C4F8B801F5F7BEFDD4F8D3
:1006F000BC212946F5F775FF0420E6702073FDF74D
:10070000FDFF227B0121FDF7E9FF02E0FE2600E06C
:10071000002670B202B070BD2DE9F04184B01546DC
:10072000044600284AD00E46002947D030780628D3
:1007300056D160781F46012802D12046FFF7F3FD0D
:1007400002202073FDF7DAFF227B01214FF0010820
:10075000FDF7C4FFD4F8800100F090FFC4E9015414
:10076000A770B088B27AADF80600D6F806000DF191
:1007700006050290C2F3430008FA00F3D4F8A8017A
:10078000A91D002702F00102039721F81230F4F7A7
:1007900037FDD4F8A8012946F4F717FD4CF695105B
:1007A000C0F6040004F5D675C4E96B06F4F745FEFF
:1007B000D4F8A8112A46F4F793FF1EE041F6E82684
:1007C000C1F2000605203073FDF798FF327B01214E
:1007D000FDF784FF15B120460021A847FE270CE055
:1007E00005202073FDF78AFF227B0121FDF776FFAC
:1007F00015B120460021A847FF2778B204B0BDE814
:10080000F081002800F082802DE9F04389B0044691
:100810004078002800F0A180E078002800F09D805A
:1008200094F8BC01002800F0988002201D4616466E
:100830000F468DF8080003F092FF0DF108084146BD
:1008400003F080FF9DF8080001284FF0000040F001
:1008500085800790D4F8C8014FF47061D6F80090F5
:10086000069101F019FF012828D10820002103F08A
:10087000AFFE02903068B1796FF31F3040EA01306B
:10088000ADF80E003046F6F7A6F8059131780490E1
:1008900008098DF80D000220002D08BF01208DF8F9
:1008A0000C00F6F7DAFE032100220023CDF80080C9
:1008B000F6F7B0FE2046012100F034FB0F2F27D1C0
:1008C0005FFA89F0B6F80910070905F00105C9F3C8
:1008D000031040EA0516ADF81A1009F057FB09F0AD
:1008E00063FB4FF47A720023E0F7B5FE0790D4F86B
:1008F000C80106A98DF8186001F0D5FF04EB45008A
:1009000000F5FA703946F6F7F9F826E0FE2028E0FF
:100910000720012103F05CFE02903068B1796FF38B
:100920001F3040EA0130ADF80E003046F6F753F8BC
:1009300005913178049008098DF80D000220002DF2
:1009400008BF01208DF80C00F6F787FE0321002276
:100950000023CDF80080F6F75DFE002009B0BDE869
:10096000F04340B2704700002DE9F04F8DB00028F1
:100970004FF0FE0A00F029810D46002900F0258184
:1009800004462878092840F01E816078012802D1A9
:10099000204600F074F9F6F707FC0121F6F726FE71
:1009A000F6F702FCF6F706FD002800F00A810DF1CB
:1009B0003009F6F7F9FB00214FF0000AF6F7ABFC1F
:1009C000C4F8CC0104F1140029464FF4B472E1F7E5
:1009D000D4FA2F1D8FCF04F5EA7CAE698CE88F0026
:1009E000D4F8EC0105F11C012022C4F8E861E1F71C
:1009F0003DFAD4F8EC014FF47A71C4E97CAAC4F84A
:100A0000F8A1C4F8FC11F4F725FCC4F8F0A1D0B1AA
:100A1000054604F5F8760027D4F8EC01F9B2F4F7AE
:100A20007EFB60B1417801F00300012807D1C1F3DA
:100A3000800006EB4000C1F3C301F6F767F8013709
:100A4000F8B2A842E8D309F102000090D4F8EC0112
:100A500004F5EA75F4F7FEFB80465E480DF1140ECE
:100A600004905CA0071D8ECFD0E9056CC069B8F179
:100A7000000FCDF830A08EE88E00CDE9096C0B9008
:100A800023D000260DF1100AD4F8EC01F1B2F4F7EE
:100A900046FBB0B14178074601F00300012810D1B0
:100AA000C1F3800049EA4000C1F3C301F6F72EF814
:100AB00078783978C0F38002C0F3C3000AEB0212E1
:100AC00011540136F0B24045DED344F2FE000390EB
:100AD0004020ADF80A000DF1300801200DF10C099D
:100AE0000DF10A07002600BF019004A800EB061BC9
:100AF0004FF0010AB8F800005FFA8AF1F5F7FAFF43
:100B000001282FD11BF80A1028468DF80C1002F08E
:100B100099F810B10179407901E0002100208DF8A9
:100B20000E109DF80D108DF80F0001F0E00030431D
:100B300040EA4A01D4F8A0018DF80D10494601F0B1
:100B4000B2FE9DF80A00002100F0E000304340EAC8
:100B50004A008DF80A00D4F8A4018DF80B1039462C
:100B600001F0A1FE0AF1010ABAF10F0FC2D10198FA
:100B7000DDF80080C0074FF001064FF0000A4FF08B
:100B80000000B1D1F5F74BF9D4F8A011F5F7E6F96B
:100B9000F5F745F9D4F8A43102210222F4F7EEFE6C
:100BA00020464FF0FF310CF07FF8042084F8BCA100
:100BB00066702073FDF7A2FD227B0521FDF78EFDF7
:100BC00003E0002060704FF0FF0A4FFA8AF00DB08A
:100BD000BDE8F08FFE0000000000000000000000F3
:100BE0000000000000000000000000000000000005
:100BF0000000000010B586B0044600284FF0FE004B
:100C000018BF002938D06078A8B308884988024600
:100C1000A4F8C001A4F8C21110B90122A4F8C0219F
:100C2000C3B2934221D042EA00200021CDE9021153
:100C3000ADF80E00CDE904110520322103F0C8FC07
:100C40000290032084F89801F6F707FD94F89811B4
:100C500043F6B7130DF1080CC0F606030022CDF8D9
:100C600000C0F6F7D7FCB4F8C21120460CF01CF80F
:100C7000012084F8BC01002040B206B010BD00285D
:100C80005FD0B0B50446407800284ED0E078012807
:100C900004D1204600F027F9607848B1D4F8D0019B
:100CA0004CF69D52C0F6040200210023FDF79AFC89
:100CB000F5F7B5F8D4F8A43102210222F4F7ECFEDE
:100CC000F5F7ADF8D4F8A011F5F798F9F6F76CFA46
:100CD00000210025F6F78AFCD4F8EC01C4F8CC51C9
:100CE000F4F78EFAD4F8C80101F0A0FC04F1140066
:100CF0004FF4B471E1F7E2F9D4F8A001FF212175B6
:100D000001F094FCD4F8A40101F090FCD4F8A801FF
:100D1000F4F776FAD4F8800100F0B0FCA4F8C251E0
:100D200084F8BC51A4F8BD51657001202073FDF713
:100D3000E5FC227B0521FDF7D1FC0020BDE8B04099
:100D400000E0FE2040B2704741F6B840C1F200001A
:100D50000178012918BF002070472DE9F04182B0C9
:100D600041F6B844C1F200042078012867D0FF2082
:100D70002075002504200F2100220023CDE9005515
:100D80004FF0040801F092FCC4F8A00102200F21EA
:100D900000220023CDE90055022601F087FCC4F8AB
:100DA000A40104200A210022F4F7E0F9C4F8A80104
:100DB0004FF47A70C4E97E50012004210022C4F867
:100DC000C45184F8BC51A4F8BD51C4E97C55C4F8A1
:100DD000CC510127F4F7CAF9C4F8D00104F5EA7040
:100DE0001821E1F76BF9072004210022F4F7BEF97E
:100DF000C4F8EC010820102100220023C4F8C061CF
:100E00000095019501F052FCC4F8C80100F04EFBBA
:100E1000C4F8800105202D2184F8988184F88D5133
:100E200003F0D6FBC4F888012780E57084F80052EF
:100E30002773FDF763FC227B0521FDF74FFC41F68C
:100E4000B840C1F2000002B0BDE8F081B0B582B098
:100E5000D8B10446F6F701FC94F8981104F5C47271
:100E600043F6B7130092C0F6060300220025F6F7FA
:100E7000D1FBD4F8880103F097FB302806D1F4F7B2
:100E8000DCFAF4F716FC002500E0FE2568B202B09B
:100E9000B0BD50B1134642784AB1D0F8D0014CF6FB
:100EA0009D52C0F60402FDF79DBBFE2000E000202D
:100EB00040B27047A0B110B50446407860B1E07808
:100EC000012809D00120E07006202073FDF716FCF0
:100ED000227B0521FDF702FC0020BDE8104000E068
:100EE000FE2040B27047B0B5B0B104464078A8B11A
:100EF000E078002598B120460BF0C0FE0420E57094
:100F00002073FDF7FBFB227B0521FDF7E7FBD4F8FF
:100F1000C80101F08BFB02E0FE2500E0002568B26D
:100F2000B0BD0000002857D0F0B587B00446407827
:100F300000284CD0E078002849D094F8BC01002863
:100F400045D094F800020D46012834D1D4E97E0141
:100F5000421C8842C4F8F8212DD9B4F8F401B4F841
:100F6000F61140EA0102120420D089B24FF4A02207
:100F700041EA004140F3C03003920022CDE9041061
:100F800000203921029203F023FB0290032084F811
:100F90009801F6F762FB94F8981143F6B71302AF85
:100FA000C0F6060300220097F6F734FBD4F8F001F0
:100FB0000021C4E97D0155B1D4F8CC01051D2846B6
:100FC000F4F71EF9D4F8C80101F057FB38B100203E
:100FD00007B0BDE8F04000E0FE2040B27047D4F812
:100FE000C80101F08DFC07462846F4F7ABF8064629
:100FF000F8B2B04238BF0646002EE8D0D4F8C80197
:1010000001F043FB38B101462846F4F7DEF8D4F886
:10101000C80101F01FFC013E4FF00000EED1D7E700
:101020002DE9F04F85B0002800F09E8004464078FE
:10103000002800F09F80E078002800F09B8094F862
:10104000BC01002800F09680012940F09080B4F89F
:10105000C40120B9B4F8C601002800F08B80B4F8B0
:10106000C2014FF0000A002800F0868004F5E2700B
:1010700003900120019004F5DA70029043F602100B
:10108000A4F8B401D4F8EC0101210DF113068DF898
:101090001310C4F8B861F4F7DDF807464FF04009C3
:1010A0004FF0000B09F0FE005FFA8BF140EA0109F6
:1010B0004FF0010803985FFA88F130F81B00F5F74C
:1010C00019FD012832D18DF813A0FFB14FF0000AAD
:1010D000D4F8EC015FFA8AF1F4F721F880B1407896
:1010E000C0F3C30141450BD100F00301012907D131
:1010F000C0F38000834503D130460021F5F764FC3E
:101100000AF1010A5FFA8AF0B842E1D309F0E1007E
:1011100000EB4809F5F7A9F825F0FF0141EA0905B8
:1011200002992A46F5F7A6FA4FF0000AB8F10E0F19
:1011300008F10108BED301984FF0010BC0074FF032
:1011400000084FF000000190ACD194F8C021204677
:1011500001210BF0D9FDD4F8C40184F800B2C4E930
:101160007C00C4F8F88105E04FF0FE0A04E0204658
:101170000BF084FD4FF0000A4FFA8AF005B0BDE88D
:10118000F08F00002DE9F04F91B016468046002800
:1011900000F0DB800F46002900F0D780387809285E
:1011A00040F0E38098F801001C46012802D1404637
:1011B000FFF765FD022088F80C00FDF79FFA98F80C
:1011C0000C200521FDF78AFAD8F8800100F056FAC4
:1011D0000596C8E9016888F802403E1D5FCE08F513
:1011E000EA7C8CE85F00D8F8EC0107F11C012022B2
:1011F0000497E0F73BFED8F8A801F4F701F8D8F817
:10120000EC01F4F727F800250746109501F03EFDA4
:10121000002863D008A808F5EA7906304FF0000AE4
:101220000690CDF81C9000BF5FFA8AF0ADF8285008
:10123000CDE9085501F022FD06464846314601F049
:1012400001FD002842D081880068ADF82410089084
:10125000CDF82650D7B3069D4FF000094FF0000B94
:10126000D8F8EC015FFA8BF1F3F759FFE0B1417860
:10127000044601F00300012816D12078864213D1DC
:10128000C1F3800005EB4000C1F3C301F5F73EFC5C
:10129000617810AAC1F3800042EA4000C1F3C301A3
:1012A000F5F734FC4FF001090BF1010B5FFA8BF0FD
:1012B000B842D5D3B9F1010FDDF81C904FF000050D
:1012C00004D1D8F8A80108A9F3F77FFF0AF1010AB1
:1012D0005FFA8AF401F0DAFC8442A5D3D8F8A801B9
:1012E000F3F7B8FF002850D0BDF84000F5F715FC23
:1012F000BDF8421004460846F5F70FFC2044C1B281
:101300001029C0F09A800021A8F88C1100021099D1
:101310000F30A8F88E01C81708ACC8E96410204641
:10132000202108F5C476E0F7C9FE08F05BFB08F061
:1013300062FB4CF665710346C0F604012046424646
:10134000F3F7CFFB05202F213CE0052088F80C00A7
:10135000FDF7D4F998F80C200521FDF7BFF916B177
:1013600040460021B047FE2063E0052088F80C00CD
:10137000FDF7C4F998F80C200521FDF7AFF9002E10
:1013800056D040460021B04752E04FF48030002153
:1013900008ACC8E96307C8F894112046202108F575
:1013A000C476E0F78BFE08F01DFB08F024FB4CF63A
:1013B00065710346C0F6040120464246F3F791FBEF
:1013C00005203121052703F003F9C8F8880104201E
:1013D00088F89801F6F741F998F8981143F6B71391
:1013E000C0F6060300220096F6F714F9D8F8841127
:1013F00081B141F60032C0F60602FF26D8F880011E
:10140000D2E9002388F899610126CDE900160294FB
:1014100000F0C0F888F80C70FDF770F998F80C200F
:101420000521FDF75BF9059A12B14046002190476E
:10143000FF2040B211B0BDE8F08F4CF6B1500499D6
:10144000C0F6040008F5D674C8E96B01F3F7F5FFA0
:10145000D8F8A8112246F4F743F90020E9E710B5BF
:1014600018B10446007E000700D410BD204600F0ED
:1014700005F908F065FF214608F06BFF2046302192
:10148000E0F71CFEF9F712FD2146BDE81040F9F720
:10149000C9BC48B1007E00F003010129084618BF0D
:1014A0000220002918BF70470020704770B582B035
:1014B000F9F7FCFC042130220123F9F701FD044671
:1014C00088B141F60030C0F60600D0E900010022E4
:1014D0000823237684E80700C4E903226261C4E993
:1014E0000722C4E9092208F02BFF40F6F066054602
:1014F000C0F6060650B9F6F7B0F843F2F1730DA244
:10150000C0F6060304210096F6F784F82846214623
:1015100008F026FF50B1F6F7A0F843F2F17311A2DC
:10152000C0F6060304210096F6F774F8204602B0D0
:1015300070BD00BF656F5F74696D65725F4E6577E2
:1015400028293A20656F765F74696D65726D616EEA
:101550005F47657448616E646C652829206661691F
:101560006C730000656F5F74696D65725F4E6577BF
:1015700028293A20656F765F74696D65726D616EBA
:101580005F4F6E4E657754696D65722829206661DC
:10159000696C73002DE9F04F81B0DDF83080994619
:1015A0001646054608F0CCFEB8F1000F4FF0FE07D6
:1015B00014D0044690B14046F3F774FA68B141F68E
:1015C00000300A99C0F60600D0E900A751B98AEAAE
:1015D000060087EA0901084304D0FF2778B201B06A
:1015E000BDE8F08F41F61C30C0F6060001682046C9
:1015F00008F0CBFE033001D1FA27EFE7DDF82CB07D
:10160000BBF1000F11D18AEA060087EA09010843FD
:101610000BD00A98371849F1000A08F0B7FC08F017
:10162000C3FCC01B71EB0A0023D235B1287E00F049
:101630000301012903D1FA271CE01820007800F0EB
:10164000F800BBF1000F18BF4FF0010B40EA8B0010
:1016500028760A98C5E90069A86098E80F0005F1A6
:101660001C0C8CE80F002046294608F062FE074655
:1016700000E0FF27204608F07AFEAFE770B5054688
:1016800008F05EFE4FF0FE065DB3044648B341F637
:101690001C30C0F606000168204608F076FE0330D4
:1016A00001D1FA261DE0287E00F00300012805D1B3
:1016B0002046294608F062FE06460FE008202876FC
:1016C00041F60030C0F60600D0E90001002685E8AA
:1016D0004300EE60C5E90766C5E90966204608F0E3
:1016E00046FE70B270BDA8B10A22012908BF0922C6
:1016F000002941F6003108BF0822C0F60601027633
:10170000D1E90012002380E80E00C360C0E907336E
:10171000C0E909337047002814BF406B00207047B0
:10172000002814BF006C00207047B0B592B040F69E
:10173000A075C0F60605002818BF0546F9F7B6FBE8
:10174000042154220123F9F7BBFB696905F1080C58
:101750000446D5E9002E9CE80910616104F10801F6
:1017600081E80910C4E9002ED5E906CED5E90823A1
:10177000D5E90A01C4E90823C4E90A01C4E906CE8F
:10178000A869A0B1017891B1D0E90012D0E90203B3
:101790000592CDE9060395F82400049101280CBFB9
:1017A000286A0020059004A8F5F749FA00E0002017
:1017B0002063E96999B10A788AB1D1E9000195F805
:1017C000242005910490012A0CBF286A0020CDE94D
:1017D000060404A8FBF7C1FB0146206B00E00021D2
:1017E00061636A690391CDE9012001A8F3F7EEFA7C
:1017F00040F67871C0F60601D1E90012A063CDE988
:101800000C1229896A880EABADF83010ADF8322081
:10181000ADF83420D5E90A1207C30CA8FCF7B6F9D5
:1018200040F6D071C0F606010969E063089195E8B9
:101830000F000DF1100C8CE80F00288AA16BADF899
:101840002000286A0A9195F82410099004A800291C
:1018500018BF01218DF8221000F0D0F801460020B9
:10186000C4E91100C4E913002046216412B0B0BDE0
:1018700010B1006C00F03CBA6FF00100704710B579
:10188000044600284FF0FE0018BF002901D140B2E5
:1018900010BD206C00F0B6FA18B1E16C0131E164C2
:1018A000F5E70020F3E7F0B585B0044600208DF899
:1018B00013004FF0FE006CB30F4659B3606B1D462A
:1018C0001646FBF705FD03A90DF10A023846FBF7A2
:1018D00090F9206C0399BDF80A2000F08DFBE06BB5
:1018E0000DF11303394632460095FCF7A5F988B986
:1018F0009DF8131001290DD10021E06B019101A980
:10190000FCF72CF9206C019900F063FE10B1616CBA
:101910000131616440B205B0F0BD18B112B1006C84
:1019200000F09ABD6FF00100704718B113B1006C60
:1019300000F0EABD6FF00100704710B1006C00F0DC
:10194000C2BC0020704710B1006C00F0D5BC002074
:10195000704710B5044600284FF0FE0018BF00295C
:1019600001D140B210BD206C00F09CFB18B1A16CFD
:101970000131A164F5E70020F3E718B111B1006C63
:1019800000F007BD6FF00100704710B1006C00F06F
:1019900059BB6FF00100704710B5044600284FF0A6
:1019A000FE0018BF002901D140B210BD206C00F02C
:1019B0002DFE18B1216D01312165F5E70020F3E717
:1019C00010B1006C00F026BA6FF00100704760B1F2
:1019D00059B110B50446006C00F05EFA616B044624
:1019E0000846FBF775FC204610BD6FF001007047FC
:1019F000002814BF806A0020704700002DE9F041E4
:101A000084B040F6D077C0F60607002818BF074616
:101A1000F5F723FE43F60B24B96940F61078C0F6BB
:101A20000604C0F606089BA22346002918BF012120
:101A3000CDF80080F5F7E7FDF5F70FFE39889EA297
:101A40001C294FF0000123464FF0000688BF0121FA
:101A5000CDF80080F5F7D7FDF9F728FA0421B02278
:101A60000123F9F72DFA398804460846FBF701F9F6
:101A70002060FCF76EFB6060FCF76BFBA060FCF77E
:101A800068FBE060FCF765FB2061FCF762FB6061CE
:101A9000FCF75FFBA061FCF75CFB7988E06108461E
:101AA000FCF7E4F9B969C4E908010846F3F734F82A
:101AB000B969A0620846F3F72AF8F968BD88C4E955
:101AC0000B01388AA08605B3F9F7F0F904212A46FC
:101AD0000123F9F7F5F9A063F9F7E8F904212A469B
:101AE0000123F9F7EDF9E063F9F7E0F904212A465B
:101AF0000123F9F7E5F92064F9F7D8F904212A461A
:101B00000123F9F7DDF9064602E0C4E90E66266412
:101B1000F888666438B1F9F7C9F9FA880421012315
:101B2000F9F7CEF900E000203989A06439B1F9F75E
:101B3000BDF93A8904210123F9F7C2F900E0002038
:101B400079890026E06439B128200022002300961C
:101B50000196F8F777F800E000202065A068A16BF7
:101B60001C222B46C4E9166626676667FCF7D8FA7E
:101B7000A068FCF795FAE068E16B1C222B46FCF7A5
:101B8000CFFAE068FCF78CFA2069216C1C222B4606
:101B9000FCF7C6FA2069FCF783FA6069616C1C22C5
:101BA0002B46FCF7BDFA6069FCF77AFAA069A16CD4
:101BB000FB881C22FCF7B4FAA069FCF771FAE06913
:101BC000E16C3B891C22FCF7ABFAE069FCF768FA90
:101BD000206803A90DF10A02FBF76BF8206802A93F
:101BE000FBF71BF860680399BDF808301C22FCF76E
:101BF00097FA6068FCF754FA6068FCF779FA0128F4
:101C00000ED0F5F72AFD44F69B1243F60B23C0F6DF
:101C10000602C0F606030521CDF80080F5F7FAFCB0
:101C20002068216BA28EFAF7F0FF786968B1B97C61
:101C300001290AD1804779692066884779696066F9
:101C400088477969A066884703E00020C4E9180046
:101C5000A066E06604F1780000251421C4E924554B
:101C6000E0F72CFA40F20110A4F89800C4E92755D7
:101C7000A4F8A450B888012184F89A10FCF739FC24
:101C8000A4F8A600C4F8A8502046C4F8AC5004B08C
:101C9000BDE8F081656F5F7472616E736D69747415
:101CA00065725F4E657728293A204E554C4C20616D
:101CB00067656E7400000000656F5F7472616E731B
:101CC0006D69747465725F4E657728293A20636187
:101CD0007061636974796F6674787061636B657441
:101CE00020697320746F6F20736D616C6C0000004D
:101CF0002DE9F04182B098B11C46164605460F46C4
:101D000001B3D5E9240195F8982000234FF000088D
:101D1000DFF7A1FC52EA030004D0A7F8008011E02D
:101D2000FE2656E041F61C31C0F60601286E096811
:101D300008F087F8E869FCF7B7FA296E388008469A
:101D400008F072F8E6B1D5E9240195F89A2000234D
:101D50000027DFF780FC52EA030001D037800FE054
:101D600041F61C31C0F60601A86E096808F069F852
:101D7000A869FCF799FAA96E3080084608F054F873
:101D800064B1D5E9240195F8992000230026DFF7F6
:101D900062FC52EA030003D026801AE0002618E015
:101DA00041F61C31C0F60601686E0968ADF80660A0
:101DB00008F047F80DF1060128460BF001F9A86874
:101DC000FCF772FABDF806100144686E218008F035
:101DD0002BF870B202B0BDE8F08180B101294FF05C
:101DE000010C98BF6146012A98BF6246012B88BF4B
:101DF0009C4680F8981080F8992080F89AC06FF07F
:101E0000010070478269836E0BF0BAB980690023C4
:101E1000FCF71EBB70B582B0044600284FF0FE00F0
:101E200037D00D46A9B3666808F0B0F808F0BCF8E2
:101E3000024630460B46FCF753FBD4E91C1360689E
:101E40004A1C43F10003C4E91C23FCF769FB6068EA
:101E50000DF10601FCF730FB2068BDF80610FAF71B
:101E600037FF00212068ADF8041001A9FAF7D5FE6C
:101E7000BDF80600BDF80410884202D9A06F0130F9
:101E8000A06720682860E06A10B1216BF4F794FE27
:101E9000002040B202B070BD002800F0AA802DE9F9
:101EA000F04381B016460446884612B100203080C7
:101EB000B0706068FCF7F4F8D4E9245794F89920DE
:101EC0002846394600234FF00009DFF7C4FB52EAE9
:101ED000030032D12046ADF8009000F0C9F941F678
:101EE0001C31C0F60601606E096807F0AAFFD4E94C
:101EF00001010DF10202FCF77FF8A068FCF7D4F9AC
:101F00000546694620460BF05BF840B10146606823
:101F10000DF10202FCF770F8BDF800000544606E98
:101F200007F082FF06B17570D4E92A01D4E924577D
:101F3000013041F10001C4E92A0194F89A202846B1
:101F400039460023DFF787FB52EA03001AD141F636
:101F50001C31C0F60601A06E096807F072FF1EB1C1
:101F6000A069FCF7A1F930706068A1690DF1020267
:101F7000FCF742F8A069FCF793F8A06E07F054FF55
:101F8000D4E9245794F89820284639460023DFF7EF
:101F900062FB52EA030018D141F61C31C0F606017B
:101FA000206E096807F04DFF1EB1E069FCF77CF96F
:101FB000B0706068E1690DF10202FCF71DF8E0699C
:101FC000FCF76EF8206E07F02FFFB8F1000F04D079
:101FD0006068FCF769F9A8F80000D4E92401013031
:101FE00041F10001C4E92401002001B0BDE8F04343
:101FF00000E0FE2040B2704708B370B582B00646DC
:102000000D460021006814460191ADF8021001A9A7
:102010000DF10202FAF7EDFD0198A84203D1BDF8D7
:102020000200A04206D03068294622463563B486B5
:10203000FAF7EBFD002002B0BDE8704000E0FF20A1
:1020400040B2704758B310B50446006D18B341F65E
:102050001C31C0F60601606E096807F0F2FE206DC3
:10206000F7F72BFD012813D0206DF7F719FDA068B5
:10207000FCF716F8E068FCF713F82069FCF710F895
:102080006069FCF70DF80020C4E92700A4F8A4005B
:10209000606E07F0C9FE0020BDE8104000E0FE20A1
:1020A00040B270472DE9F0419CB0044600204FF04B
:1020B000FE078DF80B0044B30E4631B3206D80B19E
:1020C00041F61C31C0F606010D68606E294607F026
:1020D000B8FE206DF7F7ABFD012804D1606E07F064
:1020E000A3FEFF2711E0707871688DF83100206D34
:1020F0000D914DF27311C0F604010CAAF7F74AFDD9
:1021000038B1606E07F090FE002778B21CB0BDE8D1
:10211000F08196E88F000DF1300C76698CE88F0025
:1021200000F01C02A06A8DF8302003AA1196FAF77D
:10213000E1FC0028D2D103A8FAF706FB9DF8311084
:10214000ADF832000846FBF74BFF012819D19DF886
:10215000310000210122FBF709FF90B1F5F77DFA6C
:1021600040F6F06744F6411243F60B23C0F606072B
:10217000C0F60602C0F6060304210097F5F74AFAF6
:10218000ACE70021E06E0E91294607F05AFED4E933
:1021900008300DF12E0703A90CAA0097F2F762FE92
:1021A00038B10746E06E07F03FFE606E07F03CFE78
:1021B000ABE7206AFBF714FE0D9906460DF10B0202
:1021C00020460AF02DFF9DF80B80BDF82E20054615
:1021D000204641460AF074FF002845D0216A0BAF23
:1021E0000DF12A020AAB28460097FBF7BFFF002833
:1021F000D7D19DF83110206A8DF84810FBF7A3FE67
:1022000000F0010040EA48008DF84900BDF82A00BE
:10221000216AADF84A00BDF828001B95ADF84C00C6
:1022200009780838490758BF4FF0FF30ADF84E0025
:10223000706996E88C00D6E903510DF1500C8CE8DA
:102240008C00CDE917511990B169206D1A9112A92E
:10225000F7F7A6FDBDF94C20204641460AF05AFF8B
:10226000E06E07F0E1FD4CE7E06E07F0DDFD35E7DD
:1022700030B310B50446006DF0B141F61C31C0F624
:102280000601606E096807F0DCFD206DF7F715FCAC
:1022900001280ED007F07AFE07F086FE226DC4E911
:1022A00016014DF28301C0F6040110462246F7F7ED
:1022B0003DFC606E07F0B8FD0020BDE8104000E076
:1022C000FE2040B2704710B5A0B10446006D88B141
:1022D00041F61C31C0F60601606E096807F0B1FDD9
:1022E000206DF7F7AFFD616E0446084607F09CFDD0
:1022F000204610BD002010BD2DE9F04381B070B123
:102300008146006D58B18846FE2905D1484601B086
:10231000BDE8F043FFF7D7BFB8F1030F04D900249D
:10232000A0B201B0BDE8F08341F61C31C0F6060151
:10233000D9F86400096807F084FDD9F85000F7F770
:1023400081FDD9F8501006460846F7F79EFBD6B136
:1023500007460024D9F850003946F7F787FBD9F82B
:102360005010054608463946F7F7FAFC074605F1CE
:102370000800FAF78FF904F021FE804508BF013408
:10238000013EE7D100E00024D9F8640007F04CFDDD
:10239000C6E7002854D0F0B591B00446006D00287F
:1023A00053D00D4641F61C31C0F60601606E096837
:1023B00007F047FD206DF7F780FB012842D06878D1
:1023C00069688DF80100206D01914DF27311C0F61E
:1023D00004016A46F7F7DEFBA0B30546206D2946E7
:1023E000F7F744FB07AE014630462822DFF73EFDF3
:1023F000276D29463846F7F7B3FC4DF26F010346C7
:10240000C0F6040138463246F7F7AAFB206D29468C
:10241000F7F75CFB1098BDF81E10BDF82020FBF705
:10242000EBFF9DF81D00BDF820204108504202B28C
:1024300020460AF06FFE606E07F0F6FC002005E013
:10244000FE2006E0606E07F0EFFCFF2011B0BDE853
:10245000F04040B27047000000284BD02DE9F04F0B
:1024600081B00446006D002846D0104690468B4649
:10247000F2F777FE042841D141F61C31C0F606017F
:10248000606E096807F0DDFC206DF7F7DBFC824623
:102490004046F2F757FE4046F2F7B2FED34524D845
:1024A000206D00210091F7F7F0FABAF1000F1CD06F
:1024B00005460026E94600BF206D2946F7F7D6FA03
:1024C000216D074608462946F7F74AFC054607F1FD
:1024D0000800FAF7DFF85E45009003D3404649460E
:1024E000F2F773FE0136B245E6D1606E07F09CFC50
:1024F000002004E0FE2005E0FE2000E0FF2001B007
:10250000BDE8F04F40B270472DE9F04F81B0A8B15F
:102510000646006D90B11846994690468B46F2F7F4
:1025200020FE04280FD1BBF1FE0F09D130464146F1
:102530004A4601B0BDE8F04FFFF78EBFFE2003E032
:10254000BBF1030F04D9FF2040B201B0BDE8F08F0A
:1025500041F61C31C0F60601706E096807F071FC87
:10256000306DF7F76FFC05464846F2F7EBFD48463D
:10257000F2F746FEA84527D8306D00210091F7F705
:1025800084FA0DB304464FF0000A00BF306D2146B7
:10259000F7F76CFA316D074608462146F7F7E0FB7E
:1025A000044607F10800FAF775F8009004F006FDFC
:1025B000834507D10AF1010AC24503D94846694655
:1025C000F2F703FE013DE1D1706E07F02DFC002013
:1025D000BAE7B0B582B0A8B10D4641F61C31C0F6DD
:1025E00006010446006E096807F02BFCE0690DF156
:1025F00006022946FBF700FD216E0446084607F057
:1026000013FC00E0FE2460B202B0B0BDC269036EEC
:102610000AF0B6BD38B14288914204D282688088FF
:1026200000FB0120704700207047000020B370B508
:1026300004464088F0B1A568002600BFE16831B1CA
:10264000C96821B1A08806FB005088476088013620
:102650008642F3D321884FF6FF72002091426080BA
:1026600008D1F8F723FC6288A388A1685A43F8F7D9
:10267000B9FDA060BDE87040704700280FBF012081
:102680004088B0FA80F04009704718B1418809B11C
:10269000806870470020704730B141880088081A70
:1026A000B0FA80F040097047012070472DE9F04FE3
:1026B00081B0984616460F460546F8F7F7FB042109
:1026C00010220123F8F7FCFB4FF0000B8146A0F825
:1026D00002B0F4F7C2FF43F2F97440F6107AC0F684
:1026E00006042946C0F6060A3DA22346002D18BF5F
:1026F0000121CDF800A0F4F786FFF4F7AEFF3946CC
:102700003FA22346002F18BF0121CDF800A0F4F707
:102710007AFF0A9CA9F80450A9F806B0A9F800703D
:10272000C9F80CB01EB914B90B98394678B1F8F74E
:10273000BDFB042110220123F8F7C2FBB9F80010F9
:102740000B9AC9F80C00C0E900688460C2604FF6BB
:10275000FF70814205D0012D1ED0022D1ED1022412
:1027600020E0F4F77AFF0446F8F7A0FBF8F7AEFD97
:10277000B0FA80F043F2F97340F61077410927A2CE
:10278000C0F606032046C0F606070097F4F73BFFA5
:102790000020C9F808001FE0012403E00824052DEB
:1027A00038BF0424F8F782FB21462A463B46F8F757
:1027B00087FBC9F808007FB1044600BF26B1204658
:1027C0004146B04705E000BFB9F804102046DFF7E6
:1027D00053FC013F2C44F1D1484601B0BDE8F08FD5
:1027E000656F5F766563746F725F4E657728293A0F
:1027F0002030206974656D5F73697A6500000000A0
:10280000656F5F766563746F725F4E657728293AEE
:10281000203020636170616369747900656F5F7651
:102820006563746F725F4E657728293A2063616E25
:102830006E6F742075736520656F5F766563746F66
:102840007263617061636974795F64796E616D69E7
:102850006300000030B3B0B54188044601B3D4E949
:102860000203A28800EB02052BB1DB681BB198477D
:102870006188A068A2880139618089B24A432946EB
:10288000DFF739FB20884FF6FF71884208D1F8F74F
:102890000DFB6288A388A1685A43F8F7A3FCA060E7
:1028A000BDE8B040704750B3B0B50D4629B30446FB
:1028B00000886188884220D04FF6FF7290420BD189
:1028C000F8F7F4FA6288A388A16801325A43F8F74E
:1028D00089FC6188A06000E0A068A288E36802FB30
:1028E000010023B19B6813B12946984702E02946AD
:1028F000DFF7BCFA608801306080BDE8B040704707
:10290000002814BF40880020704744F6F060C1F2F0
:1029100000000178012908BF70470021C0F80210AB
:10292000C0F80610C0F80A10C0F80D10032281612B
:1029300045F6010182820180704744F6F060C1F2E1
:1029400000000178012908BF70470021C0F802107B
:10295000C0F80610C0F80A10C0F80D1003228161FB
:1029600045F60101828201807047000070B10229A2
:102970000AD808A0405C44F6F061C1F2000101EB06
:102980004000428001208873002000E0FE2040B219
:10299000704700BF0400010058B1B0B544F6F065BF
:1029A000C1F20005A87B012805D100202874E88128
:1029B0001BE0FE2033E0E87B297C013001316FF021
:1029C0000903C2B253FA81F3C92A4FF00002B3FAE5
:1029D00083F3E87338BF01225B091A404FF000000F
:1029E00018BF0021012A297417D10A206875A81C74
:1029F000A861F3F73AFC6A7805F114042146F3F76D
:102A000039FE0B20687505F10800A861F3F72DFC6D
:102A10006A782146F3F72EFE0020BDE8B04040B2B0
:102A2000704770B530B30446007B002548B307F00B
:102A3000ADFA07F0B9FAD4E904232668801A99415F
:102A4000301A75EB010017D2A07E98B1264636F8F1
:102A5000181F481C308019B1A18882B28A4203D95C
:102A6000A0688047208BA18880B288424FF0000583
:102A700005D806E0002504E004F118060125002031
:102A80003080284670BD000010B50446F8F70EFAF5
:102A9000042120220123F8F713FA0BA1002C18BF00
:102AA0002146D1E90023896881604FF00001C0E927
:102AB00000230173C0E90411018381761CB1A16870
:102AC00009B10121817610BD40420F0000000000D5
:102AD0000000000058B110B50446007B48B107F073
:102AE00055FA07F061FAC4E90401002002E0FE2073
:102AF00002E0FF20BDE8104040B2704768B110B559
:102B000004460120207307F041FA07F04DFAC4E9AA
:102B100004010020BDE8104000E0FE2040B27047F4
:102B200000280FBFFE2100210173C0E9041148B243
:102B30007047A0B110B5027B044600202073C4E9A1
:102B40000400216042B10120207307F01FFA07F052
:102B50002BFAC4E904010020BDE8104000E0FF208A
:102B600040B27047133800F0FB00B0FA80F0400923
:102B7000704716280BD80146012041F2400200FAA6
:102B800001F1C0F24002114208BF0020704700204E
:102B90007047000002288EBFFE2001A1085C70472C
:102BA000060C160003207047072805D36FF00101BB
:102BB0000F2808BF0E2101E001A1095CC8B27047CF
:102BC0000708090A0B0C0D00C11F1023CAB20E28FA
:102BD00008BF0F23072A38BF0B46D8B27047000042
:102BE00078B1A1F10B030B2B4FF0000C0CD8DFE8F0
:102BF00003F00612101A1A1A1A1A1A141A0E0630AC
:102C00000CE04FF0000C0EE0052907D00BE01E3061
:102C100004E0123002E00C3000E0183002788A4202
:102C200018BF0020844660467047000005288EBF0C
:102C3000FE2001A1085C7047050B0C0D1416000066
:102C40000620704748B113294FF0000207DC0B291A
:102C50000CD00C290FD1063008E000220BE014291B
:102C600003D0162907D1123000E00C3002788A42D6
:102C700018BF0020024610467047000003288EBF90
:102C8000FE2001A1085C70470B0C1416042070474D
:102C900070473F2884BF0020704702466FF07C4099
:102CA0000021F3F7F9BE0000B0B5032998BF072A49
:102CB00001D90020B0BD044640F61860C0F60600F9
:102CC00000EBC100855C0A2DF3D82046FFF7E0FF3A
:102CD000FFF7DFFF0028ECD003A050F825002146C5
:102CE000BDE8B040F3F74BBF0801260008012600FD
:102CF00040104000800000000018500020385000B4
:102D00000080000000881200401040000000880091
:102D100020881000027A40F20A3343EAC20240F2ED
:102D2000FA331A400A6000228A80062240688A71BB
:102D300002688A60828800208A817047027A40F2A5
:102D40000B3343EAC20240F2FB331A400A6000220E
:102D50008A80062240688A7102688A608288002020
:102D60008A817047B0B584B00C460546FDF764FB18
:102D7000294622460023FDF735F902208DF804404C
:102D800002958DF80C00EDF7BFFC01A9EDF7E1FC11
:102D9000002004B0B0BDB0B50C460546F7F780F989
:102DA000294622460023F7F752F80020B0BDB0B5FF
:102DB0000C460546F7F774F9294622460123F7F732
:102DC00046F80020B0BDB0B50C460546FAF756FCF3
:102DD00029462246FAF79CFAFAF776F8294622465F
:102DE000FAF763F80020B0BDB0B584B00546029094
:102DF00004200C468DF804108DF80C00EDF784FCCF
:102E000001A9EDF7A6FC2846214600F05AF8012852
:102E100006D0FDF799FF0F212A462346FDF7F1FC66
:102E2000002004B0B0BDB0B584B00C460546FDF737
:102E300003FB294622460123FDF7D4F803208DF831
:102E4000044002958DF80C00EDF75EFC01A9EDF74A
:102E500080FC002004B0B0BDB0B584B00C4605467F
:102E6000FDF7EAFA294622460223FDF7BBF80020C7
:102E70008DF8044002958DF80C00EDF745FC01A992
:102E8000EDF767FC002004B0B0BDB0B584B00C46CF
:102E90000546FDF7D1FA294622460323FDF7A2F89D
:102EA00000208DF8044002958DF80C00EDF72CFC05
:102EB00001A9EDF74EFC002004B0B0BD4FF0FF308B
:102EC000704700284FF0010018D041F6B841C1F218
:102ED0000001C97891B180B582B000208DF807005B
:102EE00001F03DFC0DF1070101F02CFC9DF80700FD
:102EF000013818BF012002B0BDE880407047027A57
:102F00002023520863F31F1240680A6000221C232A
:102F10008A800B72037803224B728A7142780020F8
:102F20008A727047027A2023520863F31F120A60E4
:102F3000002218238A800B72022240688A7102786C
:102F400000204A727047002070470023027A8B806D
:102F500034230B7240685208202363F31F12037856
:102F60000A604B72427808238A7282788B71CA7227
:102F7000C2780A7302794A7342798A73827900208F
:102F8000CA737047027A2023520863F31F120A6043
:102F9000002235238A800B72406802228A710278EF
:102FA00000204A72704700207047027A4FF0000CF0
:102FB0005308202262F31F135222A1F804C00A72A0
:102FC00040680B60437808220E2B8A7126D06BBBB9
:102FD000027812014A72827802F0030393FAA3FC8A
:102FE00002F00C039B0043EA121242EA1C628A724E
:102FF0000279CA7242790A73827902F0030393FA62
:10300000A3FC02F00C039B0043EA121242EA1C628A
:103010004A73027A407A8A73C87307E00078C1F86D
:103020000AC000010E304872A1F80EC0002070479F
:10303000027A2023520863F31F120A6000225323EE
:103040008A800B72406802228A71027800204A72DC
:103050007047027A2023520863F31F120A6000228D
:1030600008238A800B72022240688A71027800204D
:103070004A727047027A2023520863F31F1200231A
:103080008B8010230B7240680A60007802220228AD
:103090008A7109D8C0000222C0B2C0F2010222FA2D
:1030A00000F04872002000E0FF2040B27047027A32
:1030B0002023520863F31F120A60002207238A802C
:1030C0000B72022240688A71027800204A727047AF
:1030D000027A2023520863F31F120A600022392368
:1030E0008A800B72406802228A71027800204A723C
:1030F0007047027A2023520863F31F120A600022ED
:103100003A238A800B72406802228A71027800207A
:103110004A727047027A2023520863F31F120A6032
:1031200000228A804F220A724068032203788A7143
:103130004B72427800208A727047027A202352082C
:1031400063F31F1200238B804D230B7240680A60CB
:10315000027804234A7242788B718A728278002046
:10316000CA7270470023027A8B8050230B7240682A
:10317000520803784FF0200C4B7243786CF31F1207
:103180008B720A60C2780723CA7282788B710A73C5
:1031900082880020A1F80D207047007A2022400884
:1031A00062F31F1008600020888040F24C1042F249
:1031B0000002C0F20130C3F20052C1E9020208224B
:1031C00000208A717047007A2022400862F31F10A5
:1031D000086000208880072088714E20CFF22200EE
:1031E00088604FF47F408881FF2200208A737047F7
:1031F000B0B582B002781E2401F00101037A04EA1E
:10320000D202C57B1144202202EA93028C18691E67
:10321000B1FA81F14D09B0F80910D0F80B00ADF802
:1032200002100190F2F709F90DF1020321462A4636
:10323000F2F74CF9002002B0B0BDB0B584B00C4636
:103240000546FDF7F9F8294622460423FCF7CAFE95
:1032500001208DF8044002958DF80C00EDF754FA2A
:1032600001A9EDF776FA002004B0B0BD0020704748
:10327000002070470020704780B584B00290002085
:103280008DF804108DF80C00EEF787FB01A9EEF71E
:10329000A9FB002004B080BD80B584B0029002205C
:1032A0008DF804108DF80C00EEF777FB01A9EEF70E
:1032B00099FB002004B080BD80B584B0029001204D
:1032C0008DF804108DF80C00EEF767FB01A9EEF7FE
:1032D00089FB002004B080BDB0B50C460546F5F76B
:1032E00005FC294622460223F5F7FEF80020B0BD72
:1032F000B0B50C460546F5F7F9FB294622460423EE
:10330000F5F7F2F80020B0BDB0B50C46054600F068
:1033100031F8012806D0F5F7E9FB294622460B23B0
:10332000F5F7E2F80020B0BDB0B50C46054600F058
:1033300021F8012806D0F5F7D9FB294622460E23AD
:10334000F5F7D2F80020B0BD70B50C46054600F088
:1033500011F801280CD0687AFFF726FCFE2807D068
:103360000646F5F7C3FB294622463346F5F7BCF877
:10337000002070BD00284FF0010018D041F230212C
:10338000C1F20001C97891B180B582B000208DF8FA
:10339000070001F0E4F90DF1070101F0D3F99DF800
:1033A0000700013818BF012002B0BDE88040704717
:1033B000027A40F20F1343EAC20200238B80406876
:1033C0006FF35F2203880A600B81428808234A81D9
:1033D00082888B718A81C2880020CA81704710B5AB
:1033E00082B00446FF200A468DF807000DF1070C55
:1033F000012021460023CDF800C009F078FF88B1F4
:1034000034F8081FA0F8D410B4F90210C0F8CC109A
:1034100062689DF80710C0F8C82008462146E1F709
:103420005DFE01E003F0DBFD002002B010BD0000F6
:103430002DE9F04782B004460D4601F001002178E5
:103440001E2202EAD101084400F14006F2F7E7FC2F
:103450003146F2F79CFB082816D1FF208DF80700B3
:103460000DF10707012021462A460023009709F0A5
:103470003EFFA0B3B4F90A109DF80720A0F8D610BB
:103480001046E1F74FFE2AE0217A40F2D45800209E
:1034900001F00F0209090DF105070126C0F6060823
:1034A0000DF1060A0DF104098DF806008DF80520CE
:1034B0008DF8041018F80030002021462A46CDF877
:1034C00000A009F014FF50B13978012907D880F81D
:1034D0001D110120F1074FF000064F46EAD10020F0
:1034E00002B0BDE8F08700002DE9F04F83B040F254
:1034F000D45940F2D65B88460546002700F10806FD
:103500000124C0F606090DF10B0AC0F6060B8DF872
:103510000B7000BF19F80730012029464246CDF84C
:1035200000A009F0E4FE48B11BF807100127715A0A
:10353000A0F8D410E0074FF00004EBD1002003B056
:10354000BDE8F08F70B586B004460D4601F001006D
:1035500021781E2202EAD101084400F14006F2F768
:103560005EFC3146F2F713FB082824D10420022127
:10357000022601F02DF802902068A1796FF31F3028
:1035800040EA0130ADF80E002046F3F724FACDE909
:103590000401002D08BF012620788DF80C60000979
:1035A0008DF80D00F4F759F802AE02210022002335
:1035B0000096F4F72FF8002006B070BD2DE9F04F0B
:1035C00083B040F2D45940F2D85B884605460027C4
:1035D00000F108060124C0F606090DF10B0AC0F639
:1035E000060B8DF80B7000BF19F807300120294633
:1035F0004246CDF800A009F07AFE48B11BF807104A
:1036000001277158C0F8C810E0074FF00004EBD153
:10361000002003B0BDE8F08F2DE9F04F83B040F2F9
:10362000D65988460546002700F1080601240DF109
:103630000B0A0FF24C0BC0F606098DF80B7000BF99
:1036400040F2D450C0F60600C35D00202946424631
:10365000CDF800A009F04BFE70B190F81C110329C1
:10366000494608BF5946C95D0127715AC0F8101173
:10367000E0074FF00004E3D1002003B0BDE8F08F75
:10368000040600002DE9F04F83B040F2D45940F217
:10369000D65B88460546002700F108060124C0F6DF
:1036A00006090DF10B0AC0F6060B8DF80B7000BF72
:1036B00019F80730002029464246CDF800A009F04D
:1036C00016FE48B11BF807100127715AC0F81411F3
:1036D000E0074FF00004EBD1002003B0BDE8F08F0D
:1036E0002DE9F04F83B040F2D45A884605460027B2
:1036F00000F108090124C0F6060A0DF10B0B8DF844
:103700000B7000BF1AF80730002029464246CDF85A
:1037100000B009F0ECFDA8B1064640F2D850C0F662
:103720000600C05D59F80070F7F7BBFA9DF80B1062
:103730003A46F7F76DF8C6F8F8000127E0074FF0B2
:103740000004DFD1002003B0BDE8F08FB0B586B033
:103750000C46054600202D2100F03AFFA979029081
:103760002846ADF80E10F3F736F9CDE90401022032
:10377000002C08BF012029788DF80C0008098DF86D
:103780000D00F3F76AFF02AD01210022002300952E
:10379000F3F740FF002006B0B0BD00002DE9F04F68
:1037A00087B0044600200D468DF81B00CDE90400CB
:1037B000CDE9020001F0010021781E2202EAD101C8
:1037C000084400F14006F2F72AFB3146F2F7DFF930
:1037D000122818BF082812D10DF11B07002021461E
:1037E0002A460023009709F082FD002800F0768029
:1037F0009DF81B0004F10801E1F788FC70E0032844
:1038000040F06E8040F2D45904F1080B0127C0F655
:1038100006090DF11B0A34A64FF0000819F808300C
:10382000002021462A46CDF800A009F060FD0028BE
:1038300056D016F808101BF801104F290CDC0B2984
:103840004ED8DFE801F041414141414141383A4D14
:1038500006060E2138E000BFAF2925DC502933D001
:1038600060292CD0A0293BD10A2180F81C1104200A
:10387000092100F0ADFE617A029008020A309DF83D
:103880001B10ADF80E0000208DF80D108DF80C0007
:10389000F3F7E3FE022100220023B44602AE0096B5
:1038A0006646F3F7B7FE11E0B0290CD0B12908D075
:1038B000FF2909D014E0082106E0092104E0FE21D7
:1038C00002E00C2100E00B2180F81C114FF00108F0
:1038D000F8074FF000077FF4A1AF01E003F07FFB92
:1038E000002007B0BDE8F08F010300002DE9F04F84
:1038F00083B088468146002400F1080A01250DF1B5
:103900000B0B8DF80B4000BF40F2D450C0F6060000
:10391000035D002049464246CDF800B009F0E7FCBF
:1039200010B3064640F2D850C0F6060010A1005D64
:10393000095D3AF900703AF90140F7F7B2F99DF8DC
:103940000B103A46F6F7CCFFC6F8FC00F7F7A9F9DA
:103950009DF80B102246F6F7D5FEC6F800010124AB
:10396000E8074FF00005CFD1002003B0BDE8F08F8D
:1039700002060000037A4268C3F343030B6000238E
:103980008B8008238B71007A042300F0E00020284C
:1039900008BF6FF07B030B7210780728487211D8AC
:1039A000DFE800F00404040A0A1004049088488147
:1039B000D0888881002004E090884881D088888160
:1039C0001089C88100207047027AC2F343020A605E
:1039D00000228A8001228A71007A072200F0E0002A
:1039E00020284FF0000008BF6FF078020A7270477D
:1039F000027AC2F343020A6000228A8001228A719D
:103A0000007A2D2200F0E00020284FF0000008BFCF
:103A10006FF052020A727047027A4368C2F343029F
:103A20000A6000228A8003228A71007A5B2200F0F9
:103A3000E000202808BF6FF024020A72187848724C
:103A40005A7800208A727047027AC2F343020A60F1
:103A500000228A8001228A71007A5A2200F0E00056
:103A600020284FF0000008BF6FF025020A7270474F
:103A7000027AC2F343020A6000228A8001228A711C
:103A8000007A582200F0E00020284FF0000008BF24
:103A90006FF027020A727047027AC2F343020A608B
:103AA00000228A8001228A71007A432200F0E0001D
:103AB00020284FF0000008BF6FF03C020A727047E8
:103AC000027AC2F343020A6000228A8001228A71CC
:103AD000007A412200F0E00020284FF0000008BFEB
:103AE0006FF03E020A727047027AC2F343020A6024
:103AF00000228A8001228A71007A732200F0E0009D
:103B000020284FF0000008BF6FF00C020A727047C7
:103B1000027AC2F343020A6000228A8001228A717B
:103B2000007A532200F0E00020284FF0000008BF88
:103B30006FF02C020A727047027AC2F343020A60E5
:103B400000228A8001228A71007A552200F0E0006A
:103B500020284FF0000008BF6FF02A020A72704759
:103B6000027AC2F343020A6000228A8001228A712B
:103B7000007A5E2200F0E00020284FF0000008BF2D
:103B80006FF021020A727047027AC2F343020A60A0
:103B900000228A8001228A71007A302200F0E0003F
:103BA00020284FF0000008BF6FF04F020A727047E4
:103BB000027AC2F343020A6000228A8001228A71DB
:103BC000007A4F2200F0E00020284FF0000008BFEC
:103BD0006FF030020A727047027AC2F343020A6041
:103BE00000228A8001228A71007A512200F0E000CE
:103BF00020284FF0000008BF6FF02E020A727047B5
:103C0000027AC2F343020A6000228A8001228A718A
:103C1000007A602200F0E00020284FF0000008BF8A
:103C20006FF01F020A727047027AC2F343020A6001
:103C300000228A8001228A71007A082200F0E000C6
:103C400020284FF0000008BF6FF077020A7270471B
:103C5000027A4368C2F343020A6000228A80072284
:103C60008A71007A1B2200F0E000202808BF6FF064
:103C700064020A7218689A88C1F809000020A1F845
:103C80000D207047027A4923C2F343020A600022E2
:103C90008A8005228A71027A02F0E002202A08BF97
:103CA0006FF036030B72406802680020C1F80920EB
:103CB0007047027A3E23C2F343020A6000228A80E0
:103CC00005228A71027A02F0E002202A08BF6FF012
:103CD00041030B72406802680020C1F80920704758
:103CE000027A4368C2F343020A6000228A800222F9
:103CF0008A71007A092200F0E000202808BF6FF0E6
:103D000076020A721A7800204A727047027A436873
:103D1000C2F343020A6000228A8008228A71007A74
:103D2000482200F0E000202808BF6FF037020A7236
:103D300018884881588888819A880020CA817047ED
:103D4000027A6523C2F343020A6000228A800822B5
:103D50008A71027A02F0E002202A08BF6FF01A038B
:103D60000B724068D0F8032003680020CA60C1F8D5
:103D70000930704780B567220AF040FE002080BD00
:103D8000027A4FF0000CC2F343020A600522436836
:103D9000A1F804C08A71007A6D2200F0E0002028AA
:103DA00008BF6FF012020A721888A1F80BC0A1F8C0
:103DB000090000207047027A4368C2F343020A6098
:103DC00000228A8005228A71007A2C2200F0E0000D
:103DD000202808BF6FF053020A721878487293F9CE
:103DE00001008872C2110020CA720A737047027AF9
:103DF0004368C2F343020A6000228A8005228A7166
:103E0000007A702200F0E000202808BF6FF00F0257
:103E10000A725888A1F809001A880020A1F80B201E
:103E20007047027A4368C2F343020A6000228A8024
:103E300003228A71007A592200F0E000202808BF8E
:103E40006FF026020A721A880020A1F80920704734
:103E5000027A4368C2F343020A6000228A80082281
:103E60008A71007A572200F0E000202808BF6FF026
:103E700028020A721888A1F809005A880020A1F8BF
:103E80000B207047027A4368C2F343020A600022A3
:103E90008A8005228A71007A742200F0E0002028CE
:103EA00008BF6FF00B020A721A7800204A7270473E
:103EB000027A0F23C2F343020A6000228A8005229D
:103EC0008A71027A02F0E002202A08BF6FF07003C4
:103ED0000B72406802680020C1F809207047027A1E
:103EE0004223C2F343020A6000228A8005228A71BB
:103EF000027A02F0E002202A08BF6FF03D030B7245
:103F0000406802680020C1F809207047027A442303
:103F1000C2F343020A6000228A8003228A71027A75
:103F200002F0E002202A08BF6FF03B030B724068EA
:103F300002880020A1F809207047027A1023C2F3FA
:103F400043020A6000228A8005228A71027A02F006
:103F5000E002202A08BF6FF06F030B72406802680E
:103F60000020C1F809207047027A4023C2F34302BF
:103F70000A6000228A8005228A71027A02F0E00239
:103F8000202A08BF6FF03F030B72406802680020D0
:103F9000C1F809207047027A7723C2F343020A600E
:103FA00000228A8008228A71027A02F0E002202A26
:103FB00008BF6FF008030B724068D0F80320036855
:103FC0000020CA60C1F80930704780B5027A012329
:103FD000C2F343020A6000228A8008228A71027AB0
:103FE00002F0E002202A08BF6FF07E030B724268E5
:103FF00001F1090011460722DDF77DFF002080BD99
:10400000027A4368C2F343020A6000228A800322D4
:104010008A71007A722200F0E000202808BF6FF059
:104020000D020A721A880020A1F80920704780B595
:10403000027A7D23C2F343020A6000228A800822AA
:104040008A71027A02F0E002202A08BF6FF00203B0
:104050000B72426801F1090011460722DDF74BFFA0
:10406000002080BD80B552220AF063FC002080BD94
:1040700080B554220AF091FC002080BD027A43688A
:10408000C2F343020A6000228A8005228A71007A04
:104090005D2200F0E000202808BF6FF022020A72C3
:1040A00093ED070A93ED081ABDEEC00A10EE100A50
:1040B000BDEEC10AA1F8090010EE102A0020A1F8F7
:1040C0000B207047027A2F23C2F343020A600022BA
:1040D0008A8003228A71027A02F0E002202A08BF55
:1040E0006FF050030B72406802880020A1F809208D
:1040F0007047027A4368C2F343020A6000228A8052
:1041000005228A71007A0E2200F0E000202808BF04
:104110006FF071020A72187848725878887298782D
:10412000C872DA7800200A737047027A7923C2F3E2
:1041300043020A6000228A8003228A71027A02F016
:10414000E002202A08BF6FF006030B724068028865
:104150000020A1F80920704780B54E220AF0E9FB43
:10416000002080BD80B550220AF017FC002080BDE1
:10417000027A4368C2F343020A6000228A80052261
:104180008A71007A5F2200F0E000202808BF6FF0FB
:1041900020020A7293ED070A93ED081ABDEEC00AD9
:1041A00010EE100ABDEEC10AA1F8090010EE102AA7
:1041B0000020A1F80B207047027A6923C2F3430262
:1041C0000A6000228A8008228A71027A02F0E002E4
:1041D000202A08BF6FF016030B724068D0F8032046
:1041E00003680020CA60C1F809307047037A42684A
:1041F000C3F343030B60002312888B8003238B716E
:10420000007A4A2300F0E00020284FF0000008BFA9
:104210006FF035030B72A1F809207047027A56231C
:10422000C2F343020A6000228A8003228A71027A62
:1042300002F0E002202A08BF6FF029030B724068E9
:1042400002880020A1F809207047027AC2F34302D5
:104250000A6000228A8001228A71007A2E2200F0F0
:10426000E00020284FF0000008BF6FF051020A72F2
:104270007047027A4368C2F343020A6000228A80D0
:1042800005228A71007A1C2200F0E000202808BF75
:104290006FF063020A721888A1F809005A8800209A
:1042A000A1F80B2070474FF0FF307047B0B582B0D7
:1042B00002781E2401F00101037A04EAD202C57BD0
:1042C0001144202202EA93028C18691EB1FA81F18E
:1042D0004D09B0F80910D0F80B00ADF802100190AC
:1042E000F1F7ABF80DF1020321462A46F1F7EEF89B
:1042F000002002B0B0BD5A220AF0BDBC58220AF01C
:10430000BABC43220AF03CBE41220AF039BE10B5C5
:104310000022044609F00EF818B1B4F90910C0F8EB
:104320003811002010BD53220AF056BD55220AF064
:1043300053BD5E220AF050BD2DE9F04186B004461F
:10434000884601F0010021781E23227A03EAD10178
:104350000844202101EA92014518F1F760FD294641
:1043600001220123F1F799FCFF2864D002460120C5
:104370000121052302F02CFE0646F0F770FFF0F74E
:1043800080FFFDF7C8F931460746F8F718FEC0B1BF
:104390000546FE20314605F021FAB4F809100180E7
:1043A000687829780130C2B29142687043D13846AA
:1043B00031460022F8F716FF00F0D1F900F0DCFBDF
:1043C00039E0002500202C21ADF80C5000F000F958
:1043D0000290ADF80E50CDE90465F3F73EF902AD59
:1043E0000421002200230095F3F714F900201B217B
:1043F00000F0EEF802902068A1796FF31F3040EAD8
:104400000130ADF80E002046F2F7E5FA059121786B
:10441000049008098DF80D000220B8F1000F08BFC4
:1044200001208DF80C00F3F718F902210022002377
:104430000095F3F7EFF8002006B0BDE8F0814F22B9
:104440000AF0CABC51220AF0C7BC60220AF0C4BC00
:104450002DE9F04188B00546FF208DF81F000DF1D1
:104460001F0228460C4608F065FF002860D0697AD4
:104470009DF81F2080F81E11012000210E234FF00F
:10448000000802F0A5FD0646F0F7E9FEF0F7F9FE98
:10449000FDF741F931460746F8F791FD80B14178C3
:1044A00002780131CBB29A42417041D1384631464F
:1044B0000022F8F797FE00F052F900F05DFB37E0BC
:1044C00000202C21ADF80C8000F082F80290ADF8AD
:1044D0000E80CDE90468F3F7C0F802AE0421002293
:1044E00000230096F3F796F800201B2100F070F8E7
:1044F00002902868A9796FF31F3040EA0130ADF8C7
:104500000E002846F2F767FA059129780490080909
:104510008DF80D000220002C08BF01208DF80C0042
:10452000F3F79BF80221002200230096F3F772F8BC
:10453000002008B0BDE8F081B0B50C460546FAF79A
:1045400025FE29462246FAF762FC0020B0BD410E46
:1045500004290AD843F63031020EC0F6060151F89C
:10456000223020F07F41994204D940F6F770C0F61E
:104570000600704741F27400C0F6060050F82200B1
:1045800001EB410200EB8200426842B1036841F254
:104590001F00C0F60600994208BF1046704741F25E
:1045A0004900C0F606007047410E042984BF4FF051
:1045B000FF30704743F63032010EC0F6060252F863
:1045C000211020F07F40884288BF4FF0FF307047B5
:1045D00009280CD843F63032C0F6060252F82020E3
:1045E00091429EBF21F07F4141EA006070474FF049
:1045F000FF307047F0B587B044F62875C1F200056A
:104600006968002954D141F64836C0F606060028EC
:1046100018BF0646F3F721F843F65204317940F605
:104620001077C0F60604C0F6060724A22346002928
:1046300018BF01210097F2F7E6FFF3F70EF8718833
:1046400029A22346002918BF01210097F2F7DBFFBA
:10465000F3F703F831782FA22346002918BF012170
:104660000097F2F7D0FF41F61C333079C0F606030D
:104670004DF293371B68C0F60407728831784FF605
:104680007D46CDE9007002A80FF2B00CC0F604061A
:10469000002458C004200023CDF814C002F0D8F93B
:1046A000014668604DF27D30C0F6040005F0A8F9BF
:1046B00044F62870C1F2000007B0F0BD656F6D5F71
:1046C00063616C6C6261636B6D616E5F496E69748E
:1046D00069616C69736528293A20302071756575A8
:1046E0006573697A65000000656F6D5F63616C6C6E
:1046F0006261636B6D616E5F496E697469616C695B
:10470000736528293A203020737461636B73697A6A
:1047100065000000656F6D5F63616C6C6261636B67
:104720006D616E5F496E697469616C697365282992
:104730002030207072696F726974790063626B6DEA
:10474000616E000010B50C464FF0FE0128B124B197
:104750000068FBF7B7F80021207048B210BD41F2A5
:104760000001C1F20001087B002818BF084670470D
:104770002DE9F047C0B041F20009C1F20009D9F8B3
:104780000010002940F08B810546C8480DF10C0C43
:104790000290C6A0071D8ECF007D8CE80E00069704
:1047A0008DF81C00F2F759FF43F6D702C0F6060257
:1047B00002A9F2F776FF012089F80C0041F650308B
:1047C000C0F60600002D18BF2846D0E90001C9E94F
:1047D0000101F2F71EF8FBF77BF8C9F80000012091
:1047E000002100260EF0D2FED9F804000021F0F7D7
:1047F000B3FBF0F7A7FB05F076F900F0E5FA054604
:1048000090F848001A96012808D1F0F79BFB1AA9E6
:1048100005F05AF91A99002808BF0E46E96B05F110
:10482000300005F14403324601F0B4FDE86A1BAEE6
:1048300031461422F2F784F920AFA2A23846802133
:104840003346DCF797FFF2F708FF43F6D702C0F6CE
:1048500006023946F2F725FF01F08AFDE96A44F6BF
:104860004032C0F24C0201F07FFF0546F5F702F836
:10487000002135B1F5F76EF844F2DB47C0F60607C4
:1048800005E0F5F788F844F2DF47C0F6060744F282
:10489000E24220AEC0F606021BAB304680210097F4
:1048A000DCF768FFF2F7D9FE43F6D705C0F6060538
:1048B00031462A46F2F7F5FE00F086FA643000F041
:1048C000DDFA00F081FA06467C3001F0D1FAF06A98
:1048D0001BAE31461422F2F733F944F24C5220AFAA
:1048E000C0F60602384680213346DCF743FFF2F774
:1048F000B4FE39462A46F2F7D4FE01F0B0FAD9F8F0
:1049000008104AF22012C0F2070201F08BFA0546A5
:10491000F4F7B0FF002135B1F5F71CF844F2DB479E
:10492000C0F6060705E0F5F736F844F2DF47C0F6B3
:10493000060744F2175220AEC0F606021BAB304603
:1049400080210097DCF716FFF2F787FE43F6D708C1
:10495000C0F6060831464246F2F7A3FE00F034FAEC
:10496000883001F0F7FB00F02FFA4C3000F0A4FC87
:1049700000F02AFAB03000F091FE00F025FAB430D1
:1049800000F024FC00F020FAB83000F02FFF43F6CE
:104990005430C0F60600EFF7DFFDEFF7FAFDF2F74F
:1049A0005CFE44F2DD51C0F60301F2F774FE20AE66
:1049B00030462021DDF782FB00F0DAFB00F0E1FB5E
:1049C000024630460121F0F798F801F048FA3146E6
:1049D0000022002301F0D5FA4AF26020C0F606005A
:1049E00090E88E00D0E904650DF1080E8EE88E0087
:1049F00000F12007D0E906C4CDE906658ECFD0E9E5
:104A00000C6590F838000DF1280E8EE88E00CDE987
:104A100008C40E960F958DF84000F2F71EFE0DF1BA
:104A2000080A51464246F2F73CFE484600F0DAF8E2
:104A30004AF22020C0F6060090E88E00D0E9045427
:104A400002AE8EC600F12007D0E906CECDE90654AD
:104A50008ECFD0E90C54D0E90E600D970C930B92D9
:104A60000A91CDE908CECDE90E54CDE91060F2F7F8
:104A7000F4FD51464246F2F714FED9F80000FBF768
:104A80003AF84AF29C21C0F6060150465222DDF760
:104A900074FAF2F7E2FD51464246F2F702FE41F2A5
:104AA0000000C1F2000040B0BDE8F087696E736994
:104AB0006465205F496E697469616C697365282952
:104AC0000000000061626F757420746F2063616C78
:104AD0006C20656F6D5F69706E65745F5265736F92
:104AE0006C76654950282920746F20686F73742094
:104AF000257320772F2074696D656F757420357369
:104B000065630000B0B538B100680C46FAF7DAFE0C
:104B1000A04203D1002022E0FE2020E0022801D1A3
:104B2000F1201CE002224FF0FF35032C4FEAC401B4
:104B3000C0F2010238BF22FA01F5012807D068B996
:104B400000F016FBE9B2BDE8B04000F023BB00F076
:104B500025FEE9B2BDE8B04000F035BEFF2040B20E
:104B6000B0BD30B141F20000C1F200000068FAF7B8
:104B700077BF6FF00100704780B568B10068FAF741
:104B8000A1FE02280CD0012808D098B900F0F0FA54
:104B900000F0F7FA022109E0FE200CE000200AE014
:104BA00000F069FD00F070FD4FF00051BDE880405D
:104BB00002F0FAB8FF2040B280BDB0B578B10D4622
:104BC00069B1044601F0AAFA01F0BBFA2946FCF7E4
:104BD00056FE05462046FFF7CFFF2846B0BD6FF0D2
:104BE0000100B0BD80B5F4F745FE03214CF2503210
:104BF0000023F4F7F1FE00200DF058FE0DF07EFECC
:104C000001F0B6FB01F0BDFBBDE88040F9F780BDC7
:104C100080B5F4F72FFE48F28042C0F21E02032155
:104C20000023F4F7D9FEF1F720FB0021F1F740FD56
:104C3000F1F71BFBF1F748FC00F09AFA00F0A1FA3B
:104C40000221BDE8804002F0AFB880B5F4F712FE53
:104C50004DF29002C0F2030203210023F4F7BCFEE0
:104C6000F1F703FB0021F1F723FDF1F7FEFAF1F76D
:104C70002BFCF7F72DF8F7F7BDF9F7F729F8F6F75A
:104C80001DFFEBF741FDECF7F5FDEBF73DFDEBF715
:104C900024FDFAF77BFAFAF783FCFAF777FAFAF7CA
:104CA0000DFAF5F7FDF9F5F76EFBF5F7F9F9F5F7FC
:104CB0009CF9F3F71BFFF3F7F0FFF3F717FFF3F798
:104CC000AEFEFCF741F8FCF70EF9FCF73DF8FBF7F8
:104CD000D6FFF8F7D3FCF8F7A9FDF8F7CFFCBDE84D
:104CE0008040F8F75BBC80B5F4F7C4FD44F2402285
:104CF000C0F20F0203210023F4F76EFEF1F7B5FABC
:104D00000121F1F7D5FCF1F7B0FA00210022F1F70B
:104D100013FDF1F7AAFA41F61431C0F6060109684D
:104D200001EB8101BDE88040F1F718BD7047704785
:104D300080B5F1F79AFA0021F1F7BAFCF1F795FA8C
:104D4000F1F7C2FBF6F7C4FFF7F754F9F6F7C0FF27
:104D5000F6F7B4FEEBF7D8FCECF78CFDEBF7D4FCE0
:104D6000EBF7BBFCECF719FEEDF758FAECF715FE84
:104D7000ECF7FCFDFAF70AFAFAF712FCFAF706FA72
:104D8000FAF79CF9F5F78CF9F5F7FDFAF5F788F9DC
:104D9000F5F72BF9F3F7AAFEF3F77FFFF3F7A6FE7B
:104DA000F3F73DFEFBF7D0FFFCF79DF8FBF7CCFFD8
:104DB000FBF765FFF8F762FCF8F738FDF8F75EFCE3
:104DC000BDE88040F8F7EABB44F2D960C1F20000C8
:104DD000017809B90121017042F62860C0F6060089
:104DE000704744F2D960C1F20000017809B901218D
:104DF000017042F62860C0F60600704770B594B0A6
:104E0000044644F64570C0F23F0016460D46139026
:104E1000F2F723FC2146F2F718FC44F2D961C1F203
:104E200000010A7803460AB90120087016B17168BA
:104E3000307801E0002013A903AECDE9001009A2EB
:104E4000304640210295DCF795FC304610F0B0FE6C
:104E5000042C9CBF14B070BD05F098F805F0B8F8AC
:104E6000FEE700BF5B25735D20257320696E20740B
:104E7000736B2025643A2025730000002DE9F04F64
:104E800089B041F21804C1F200042168002940F001
:104E90009F8041F65837C0F60607002818BF07461E
:104EA00097E84F007D6904F1180C8CE84F00E5622B
:104EB000387830B301F05CFA40F6F065C0F60605CC
:104EC00050B9F2F7CAFB43F6351343A2C0F6060306
:104ED00005210095F2F79EFB387DB7F804A0B7F8DE
:104EE000088001280FD101F05BFC397DB7F80690EE
:104EF000B7F80AB0012906460AD101F051FC05466F
:104F000007E0002464E097F80690B7F80AB000269E
:104F100000255FFA8AF05FFA89F341463246CDE90F
:104F200000B5FAF7B1FE398960600846F7F7A1FECF
:104F30007989A0600846F7F79CFEE0600220012115
:104F400016F03EFB2063F2F788FB216B43F6351326
:104F500040F6F0662FA2C0F60603C0F6060600294A
:104F600018BF01210096F2F74EFBF8897989ADF858
:104F70001E0000250DF11E00ADF820108DF8225006
:104F800000F083F841F61C30C0F606004FF68D4362
:104F90000068C0F6040379787A884DF27946049364
:104FA0004DF20D530FF2A80CC0F60406CDE9020530
:104FB000C0F604030120CDE90065CDF814C001F06E
:104FC00047FD3969206020462161257508F018FAEF
:104FD000204609B0BDE8F08F656F6D5F656D736247
:104FE00061636B646F6F725F496E697469616C694C
:104FF000736528293A20454F4D74686549506E65A0
:1050000074206E6F742073746172746564207965A6
:1050100074000000656F6D5F656D736261636B6442
:105020006F6F725F496E697469616C697365282975
:105030003A206F73616C206769766573204E554C1A
:105040004C20747873656D6170686F726500000044
:1050500062636B646F6F720044F2DC61C1F2000145
:105060000868002818BF084670474FF0FE0250B18C
:1050700049B1026803790A605A1E4FF0000118BF57
:105080004FF0FF32017150B2704770B544F2DC64EA
:10509000C1F200042168E1B941F67031C0F60601A1
:1050A000002818BF0146888860810868C4F8060097
:1050B00005F076FB4FF0000650B105462089F7F762
:1050C000D8FD20602846267105F0E0FAE06000E097
:1050D0000024204670BD2DE9F04186B00446002032
:1050E0000390ADF80A004FF0FE00ECB30D46D9B3C3
:1050F00003A90DF10A022846F7F7DBFD01A90DF11E
:1051000002022846F7F775FD44F2DC67C1F200079A
:105110003868039EDDF80480002505A90DF1120210
:10512000ADF81250F7F7C5FDB87AD8B9F86831462E
:1051300005F09FFA4FF00005A0B9F868059A04AB96
:105140003146ADF8105005F0B7FA01280AD1386899
:10515000BDF81010F7F7BCFD3868FA884146F7F73C
:1051600054FD01250020257140B206B0BDE8F08154
:1051700044F2EC61C1F200010868002818BF08463B
:10518000704744F2EC61C1F200010968002818BFC1
:105190000846704738B189B1012907D002290CBFF0
:1051A0000020FF2000E0FE2040B2704744F2EC6097
:1051B000C1F200000068042101F0F6BD44F2EC6089
:1051C000C1F200000068082101F0EEBDB0B586B064
:1051D00044F2EC64C1F20004216839BB41F6763236
:1051E000C0F60602002818BF024641F61030C0F68D
:1051F00006004DF2715500680023C0F604051178D1
:1052000052884FF6914ECDE9005302ADC0F6040E20
:1052100085E809404DF221730FF21C0CC0F604031F
:105220000120CDF814C001F013FC206044F2EC60C2
:10523000C1F2000006B0B0BD6366675354000000C1
:1052400070477047704780B5F1F70FF8BDE88040B0
:10525000F1F73AB980B5F0F7F0F8BDE88040F0F723
:105260006FBB80B5F2F73DFABDE88040F2F7D2BAE5
:105270007047000010B586B0002014210024FFF70D
:10528000A7F9CDE90204CDE90444F2F7E6F902AC4E
:1052900003A3032100220094F2F7BCF906B010BD6D
:1052A000454F4D746865454D53636F6E666967750C
:1052B0007261746F720000002DE9F04F8BB041F203
:1052C0004C07C1F20007396800297CD141F67C36D1
:1052D000C0F60606002818BF064696E82F00746937
:1052E00007F1180C8CE82F00FC6201F041F888B936
:1052F000F2F7B3F940F6F06544F28E5243F6FB0341
:10530000C0F60605C0F60602C0F6060305210095A4
:10531000F2F780F9307DB6F80490B6F808800128DD
:105320000DD101F03DFA317DB6F806B0B6F80AA00D
:105330000129054608D101F033FA044605E096F844
:1053400006B0B6F80AA0002500245FFA89F05FFADB
:105350008BF341462A46CDE900A4FAF795FC318942
:1053600078600846F7F785FCB8603069F1890790E6
:105370007089ADF82010717DADF82200002407A8D7
:105380008DF824100A9400F044F841F61C30C0F661
:1053900006004FF699430068C0F60403317872881E
:1053A0004DF2517504934DF601030AA6C0F60405AB
:1053B000CDE90204C0F604030120CDE900540596AE
:1053C00001F046FB386041F24C00C1F200000BB026
:1053D000BDE8F08F6C697374656E65720000000043
:1053E00044F2F461C1F200010868002818BF0846C1
:1053F00070474FF0FE0250B149B1026803790A606C
:105400005A1E4FF0000118BF4FF0FF32017150B229
:10541000704770B58CB044F2F465C1F2000529689C
:10542000C1BB41F69431C0F60601002818BF014601
:10543000D1E90020D1E902312A61C5E90503E9611A
:10544000E88AF7F716FC002628602E71FCF72EF884
:10545000E969C5E90206E9B1FCF728F804ACE8609F
:1054600020462021DCF72AFE4AF2B771C0F604017B
:10547000204600220023EFF734FB41F60030C0F64F
:105480000600D0E90023E868E9690294CDE9001636
:10549000FCF780F844F2F460C1F200000CB070BD7B
:1054A0002DE9F04F93B0044600200790ADF81A00A4
:1054B000002C4FF0FE0000F0DA800D46002900F0CD
:1054C000D68007A90DF11A022846F7F7F2FB05A9C5
:1054D0000DF112022846F7F78CFBBDF81200059D6E
:1054E000A08241F60830C0F6060006682069002751
:1054F000864218BFA84229D1DDF81CA09DF81AB039
:105500000AA82021DCF7DAFD44F2F468C1F20008B1
:10551000D8F8000009A90DF12202ADF82270F7F7C2
:10552000C8FB45F2E909C1F2000989F800709AF850
:105530000010DDF824C0B8F816002E2908DD7E29F9
:1055400019DC2F290AD0792927D03CE0FF208DE0F3
:1055500006292FD0092920D0202934D12F214FF21C
:105560005B1740F60652BBF1010F08BF2021C0F6C1
:10557000040703922FE0FF2901D07F2923D17F2147
:10558000BBF1010F08BF4FF0FF31B8F814204FF204
:1055900087170392C0F604071DE07921BBF1010FC4
:1055A00008BF0921B8F814204FF249270392C0F62A
:1055B000040710E0B8F814104FF2D7270391062122
:1055C000C0F6040707E0B8F814104FF2CD27039196
:1055D0000021C0F6040701900DF122000290C8B22C
:1055E00051465A462B46CDF800C0B84701283BD15A
:1055F00099F80000BDF822A001281FD14AF2B77126
:105600000DF1280BC0F604015846002200234FF08C
:105610000009EFF766FA41F60031C0F60601D1E95C
:10562000002341F61431C0F606010968D8F80800D5
:10563000322779438DE8020AFBF7ACFFBAF1000F7D
:1056400012D0D8F81020D8F80000BDF822109642E9
:1056500018BF1546F7F73CFBD8F80000039A294617
:10566000F7F7D3FA012700E000270020277140B2A6
:1056700013B0BDE8F08F44F21871C1F20001086860
:10568000002818BF0846704744F21871C1F20001A3
:105690000968002818BF084670470000B0B586B0FA
:1056A00044F21874C1F200042168D1BB41F6A4325F
:1056B000C0F60602002818BF024641F61030C0F6B8
:1056C00006004DF6650500680023C0F60405117854
:1056D00052884FF6954ECDE9005302ADC0F6040E48
:1056E00085E809404DF601230FF2440CC0F604038F
:1056F0000120CDF814C001F0ABF92060FBF7D6FE15
:10570000606040F6E060C0F6060090E80E00C068F9
:1057100004F1100C8CE80E0004F11C0C8CE80F0056
:10572000E06244F21870C1F2000006B0B0BD00BFE4
:105730006572726F7200000000284FF0FE0018BF03
:1057400000291ED080B544F21872C1F200021089FF
:1057500001301081D1E900CED1E90213C2F820C096
:10576000C2E909E140F60071C0F60601D362D1E951
:105770000013C2E90413D0820020C2E90600BDE88C
:10578000804040B270477047704728B190F856008B
:10579000002818BF012070470020704744F26011B4
:1057A000C1F20001486B002818BF08467047002866
:1057B00012BFD0E91A01002000217047002814BF51
:1057C00000690120704768B169B1FF290BD044F22C
:1057D0006010C1F20000002280F84010002180F823
:1057E000602000E0FE2148B2704700002DE9F0473C
:1057F00086B044F26015C1F20005696B002940F0E3
:10580000E18041F6A836C0F60606002818BF064615
:10581000F1F723FFD6E90521F3690A449A420ED233
:10582000D6E908723B44934209D2B36A3BB137B11F
:1058300029B131691A448A4201D2012100E00021D4
:1058400040F2F85844F2D152C0F606084FF0000A70
:10585000C0F606024346CDF800A0F1F7D4FEF1F7FA
:10586000FCFEF18D5BA202294FF00001434638BFD8
:105870000121CDF800A0F1F7C6FE746996E88F000B
:105880006C6185E88F0006F118079FCF05F1180CB1
:105890008CE89F00306B002128637089A5F84100D7
:1058A000307B85F860A085F8430096F8300085F8D5
:1058B0004DA085F84C00FF2085F8400015F080FED3
:1058C0002865F1F7CAFE296D50A24346002918BF8A
:1058D0000121CDF800A0F1F796FE4FF6FF70A5F874
:1058E00061002869D5F848216B6AE969821AC01AF3
:1058F000C5E9340A96F83100C5E91C1A591AC5E9F8
:10590000402AC5E91AAAC5E9281A4FF0010801285A
:1059100098BF404685F8540041F61C30C0F606009A
:105920004DF2096304684CF6A1504FF00309C0F62C
:1059300002033178B288C0F60200CDE900394DF695
:105940002D733FA70490C0F602030220CDE9024A5E
:10595000059701F07DF84DF29D5368634CF69D501C
:10596000C0F602037178F288C0F60200CDE9003972
:105970004DF6F96334A70490C0F602030220CDE986
:10598000024A059701F064F84DF2F163A8634CF602
:10599000A550C0F60203B1783289C0F60200CDE905
:1059A00000394DF661732AA70490C0F60203022065
:1059B000CDE9024A059701F04BF8E86385F830A17C
:1059C000A5F8328144F26010C1F2000006B0BDE8D3
:1059D000F08700BF656F6D5F656D7372756E6E6584
:1059E000725F496E697469616C69736528293A2030
:1059F0006D61786E756D6F6654587061636B657418
:105A000073206973203E203100000000656F6D5FD8
:105A1000656D7372756E6E65725F496E69746961EA
:105A20006C69736528293A207761697475647074AC
:105A3000786973646F6E65206973204E554C4C0015
:105A400072756E525800000072756E444F0000006F
:105A500072756E5458000000002814BF90F8300191
:105A60000020704744F26010C1F20000006D002178
:105A700015F084BD60B144F26010C1F2000090F8EE
:105A80006020012A1ABF80F84C100020FF2000E09F
:105A9000FE2040B2704700284FF0FE0018BF0029DA
:105AA00007D0086844F26011C1F20001C1F8320168
:105AB000002040B270474FF0FE03E0B3D9B370B599
:105AC00044F26016C1F2000696F86030012B01D155
:105AD000FF232EE091E80850D1E9034500F59C72C0
:105AE00082E80850C0E95145D1E900C5D1E9024337
:105AF0000969C0F810C06A18A21AC0E906240A1978
:105B00009A1A1944C0E90823691A3269D6F848314B
:105B1000614445618162D01A0023C6E94003F069FF
:105B2000716AC6E91C03081AC6E92803501AC6E9B7
:105B30003403BDE8704058B2704700280FBFFE2004
:105B400080F8581080F85920002040B2704730B1DA
:105B5000012998BF012180F85410002000E0FE20A8
:105B600040B27047002800F0A9802DE9F04186B0CE
:105B7000002544F2601680F84D50C1F2000604463C
:105B8000306D002115F078FD00F0C8FA00F0D9FA68
:105B9000FBF7C6FD96F8542001210123FCF71DF9FF
:105BA00094F84C00002800F08B80012840F0F2802F
:105BB00004F580702821DCF781FA002784F82A7127
:105BC00094F82A0104F5967584F8290194F82901BE
:105BD00084F828012846EDF7DEF940F6C001C0F64A
:105BE00006012846EDF7D4F92846EDF7D4F972A15D
:105BF0007148D1E9021284F8997084F8C97084F868
:105C0000F97086F89A7086F8CA7086F8FA70019072
:105C10000391D4E9040104920844029094F84100ED
:105C20000DF104084146002205970FF06FFF20692F
:105C3000E169002208440290012194F84200059194
:105C400041460FF063FF254615F8430F216955F8CB
:105C50001F2C1144029102210591414600220FF0B0
:105C600055FF55F80F0C012101F09EF84FF6017019
:105C7000A5F81D00FF20E87706F178008821C5F817
:105C80002570C5F82970DCF719FA3069F169D6F882
:105C90004821736A821AC6E91C17591AC01AC6E944
:105CA0004027C6E92817C6E9340794F841000FF0E9
:105CB0006BFF94F842000FF067FF67E0FE206FE093
:105CC00096F84C00002864D104F580702821DCF798
:105CD000F5F9002784F82A7194F82A0104F59675DD
:105CE00084F8290194F8290184F828012846EDF761
:105CF00052F940F6C001C0F606012846EDF748F912
:105D00002846EDF748F927A0D0E9020184F89970F8
:105D100084F8C97084F8F97086F89A7086F8CA70A9
:105D200086F8FA7025461F4A039015F8410F019234
:105D300055F8312C0292CDE9041701A900220FF089
:105D4000E5FE55F80D0C012101F02EF84FF601701B
:105D5000A5F81F00FF2085F8210006F178008821B2
:105D6000C5F82770C5F82B70DCF7A8F93069F16920
:105D7000D6F84821736A821AC6E91C17591AC01A44
:105D8000C6E94027C6E92817C6E9340728780FF086
:105D9000FBFE0125002084F8305106B0BDE8F0413B
:105DA00040B27047FF000000000000000201000048
:105DB000A1E2020800000000FF0000000000000057
:105DC0000200000091F7020800000000C0B1B0B569
:105DD000044600F0A3F900F0B4F9FBF7A1FC01219F
:105DE00001220123FBF7F9FF94F84C0058B1012878
:105DF000E8F701F9002084F83001BDE8B04000E088
:105E0000FE2040B2704744F26015C1F2000595F8DB
:105E100041000FF0C0FE0228ECD195F841000FF0D0
:105E2000C0FEE7E7C0B170B50446007F15460E46D8
:105E300010B1A06986420BD000202077A66100F047
:105E400097FA31462A4600F08FFC10B901202077DE
:105E50000020BDE8704000E0FE2040B2704741F2F3
:105E60007C01C1F200010868002818BF084670478D
:105E70002DE9F04F83B041F27C07C1F20007396889
:105E800000294FD141F6DC34C0F60604002818BFC3
:105E90000446381D21460C22DBF7E8FF00F068FAC3
:105EA00070B9F1F7DAFB40F6F06643F62513C0F659
:105EB000060620A2C0F6060305210096F1F7AAFB0C
:105EC000A07AB4F80090B4F8048001280DD100F055
:105ED00067FCA17AB4F802B0B4F806A0012906461E
:105EE00008D100F05DFC054605E094F802B0B4F876
:105EF00006A0002600255FFA89F05FFA8BF3414681
:105F00003246CDE900A5F9F7BFFEA1883860084602
:105F1000F6F7AFFE386100207877EEF7D7FD3862EC
:105F2000EEF780FD41F27C00C1F2000003B0BDE855
:105F3000F08F00BF74686520454F4D746865495007
:105F40006E657420686173206E6F74207374617263
:105F5000746564207965740080B582B001460020C4
:105F6000ADF8060059B1487F012807D108680DF146
:105F70000601FAF707F8BDF8060000E0002002B0BD
:105F800080BD70B584B058B11646427F05460068A2
:105F90001C46012A06D13246FAF706F806460FE0FB
:105FA000FE2615E0AA890023CDE90031114603221F
:105FB0000296F9F7F9FE064610B901200026687727
:105FC000286A1CB12146EEF734FD01E0EEF72AFD08
:105FD00070B204B070BDF0B581B015460C460646EF
:105FE0000AB1002028804FF0FE07CEB1C4B1707F07
:105FF000A8B141F62032C0F6060230683169126855
:10600000F9F70CFE074618B130690021F6F760FE7B
:1060100030682946F9F7B6FF3069206000E0FF27B5
:1060200078B201B0F0BD70B582B0054600284FF0DF
:10603000FE001BD00C46C9B1687FB0B1164601A95D
:106040000DF102022046F6F7D4FD287F019910B128
:10605000A869814204D028463246FFF7E3FE28B9FA
:1060600028682146F9F74AFF00E0FF2040B202B05D
:1060700070BD2DE9F04182B00C46002100284FF0A0
:10608000FE05ADF80610ADF8041043D0002C41D049
:106090001F461646F3F74AFA01AB4FF6FF7100228E
:1060A000F3F790FB44F24878C1F20008D8F80000FA
:1060B0000DF106013A46FBF78AFC054650BBBDF8D8
:1060C000060006B1308030B1D8F800002146FBF759
:1060D00077FC054600E00025BDF8040018B1FEF786
:1060E0003EFBFEF749FDD8F8000044F6347100F19C
:1060F0003C078CCFD0E9126CD2E91A40C1F2000102
:10610000126F9B6FC1E9004001F11000C1E9022745
:1061100080E8481068B202B0BDE8F08144F24871EE
:10612000C1F200010868002818BF0846704730B166
:1061300080B5EFF794F8BDE88040EFF799B80020FC
:10614000704744F24871C1F200010968002818BF85
:106150000846704770B58EB044F24875C1F200052C
:106160002968002952D141F6E836C0F60606002813
:1061700018BF0646D6E9000103AC039030890491AC
:10618000ADF8140004F10A0006F10A010C22DBF755
:106190006DFE46F2A170C0F60400099006F11800E9
:1061A0000B9046F27520C0F604000C9046F24F307A
:1061B000F18AC0F604000D902046ADF82810EFF7E4
:1061C00069F8EFF74CF8EFF75CF800F13C0E9EE849
:1061D0004C40286044F63471D0F84CC0D2E91A45DE
:1061E000126F9B6FC1F20001C1E90045C1E90226AF
:1061F000C1E9043EC1F818C00021019118210091A5
:10620000FBF78EFA01906846F3F79AF944F248706A
:10621000C1F200000EB070BD30B144F24870C1F25E
:1062200000000068FBF724BB6FF001007047F0B17D
:10623000E9B170B544F24874C1F200042068FBF77C
:1062400032FB216844F6347201F13C0E9EE818508E
:10625000C96CD3E91A561B6FA46FC1F20002C2E9E0
:106260000056C2E9023CC2E9044E916170BD6FF074
:1062700001007047B0B582B0F7F784FCE0B1D0E917
:10628000022182F001030B432FD140F6D874D0E9EC
:106290000402C1F200043421C4E902020120216099
:1062A000E080F1F7DAF90121002200230094F1F7F0
:1062B000B1F93020206048E040F6D874C1F2000403
:1062C0000820206042F246304CF22221C0F2010048
:1062D000C7F6AB71C4E902100120E080F1F7BDF907
:1062E00003210022002300942DE0D0E904CE48F2DF
:1062F0000004B2EB0C02CFF6FF7461EB0E01A01AA2
:106300004FF0FF3070EB01034FF00003B8BF0123E3
:10631000002B1CBF0846144647F6FF71621A70F145
:10632000000040F6D875C1F200054FF03000A8BF5C
:106330000C462860EC80C5E902CEF1F78EF9042105
:10634000002200230095F1F765F902B0B0BD80B5D9
:1063500082B0F1F782F940F6E87CC1F2000C04212A
:1063600000220023CDF800C0F1F754F902B080BD3F
:1063700044F67071C1F200010868002818BF084691
:10638000704744F67071C1F20001896E002818BF91
:10639000084670472DE9F04FADB044F6707AC1F26F
:1063A000000A9146DAF80020002A40F08F8107AFFA
:1063B00088460546384614211E46DBF77FFED9F88D
:1063C000080039461422F0F7BBFB44F27E220CACE5
:1063D000C0F60602204680213B46DBF7CBF9F1F7F9
:1063E0003CF943F68807C0F6060721463A46F1F71E
:1063F00058F941F61044C0F60604002D18BF2C468B
:10640000F1F72BF940F6107B44F2BA124146C0F680
:10641000060BC0F606023B46B8F1000F18BF01217B
:10642000CDF800B0F1F7EFF8F1F717F96168ABA21A
:106430003B46002918BF0121CDF800B0F1F7E3F881
:10644000F1F70BF96188B0A23B46002918BF012182
:10645000CDF800B0F1F7D7F8F1F7FFF82178B4A242
:106460003B46002918BF0121CDF800B0F1F7CBF869
:1064700041F61C45C0F60605002E18BF3546F1F75B
:10648000ECF8697809B1012103E02978B1FA81F1CA
:10649000490943F6880644F2DE22C0F60606C0F635
:1064A00006023346CDF800B0F1F7ADF84DF64722BD
:1064B0004DF6C1234DF65D61C0F60402C0F604033B
:1064C0002878C0F60401CDE900324DF675324DF65C
:1064D000A5430291C0F60402C0F6040300214FF068
:1064E000000B03F0F7FBCAF800000220002115F0B2
:1064F00067F8CAF83400F1F7B0F8DAF8341040F66B
:10650000F06744F28112C0F60607C0F60602334671
:10651000002918BF01210097F1F775F814F046FF24
:10652000CAF81000F1F799F8DAF8101044F22622B0
:10653000C0F606023346002918BF01210097F1F783
:1065400062F8FAF7B3FFCAF83800EEF7BFFA6978D5
:10655000CAF83C00B9B1084614F034FECAF8480045
:10656000F1F77BF8DAF8481044F2A12243F68803E9
:10657000C0F60602C0F60603002918BF01210097E5
:10658000F1F741F801E0CAF848B00AF15006304688
:106590004146D822DBF76AFCD9E9000150EA010242
:1065A00018BFCAE91801D9F8080008B1CAF868008C
:1065B000D9F80C0008B1CAF86C0000200025F6F7E5
:1065C00058FB41F61C31C0F606010968CAE9100102
:1065D000217ADAF800008AF84C1003F03DFB4FF600
:1065E00085436068C0F60403217862884DF695778C
:1065F00004934EF291230FF2601CC0F60407CDE91C
:106600000205C0F604030120CDE90075CDF814C0E1
:1066100000F01EFADAF85430CAF804004FF6894048
:10662000617A6289C0F604004EF29324CDE9023506
:106630004EF297234AA7C0F604040490C0F6040360
:106640000520CDE90045059700F002FACAF80800D8
:106650002CA93046DAF7E9F82C9848B1F4F726FC73
:10666000BDF8B02004210123F4F72AFC014600E024
:1066700000219AF84C0044F2154201283046C0F639
:10668000030208BF1546CAF8EC50DAF73CF9DAF70E
:1066900019FBF0F7E2FF43F6880444F26411C0F6F8
:1066A0000604C0F606012246F0F7FBFF44F257222B
:1066B0000CADC0F6060207AB28468021DBF75AF87E
:1066C000F0F7CBFF29462246F0F7EBFF44F6707057
:1066D000C1F200002DB0BDE8F08F00BF656F6D5FA7
:1066E00069706E65745F496E697469616C69736520
:1066F00028293A20302070726F636D617869646C6C
:106700006574696D65000000656F6D5F69706E6529
:10671000745F496E697469616C69736528293A20F0
:10672000302070726F63737461636B73697A650094
:10673000656F6D5F69706E65745F496E69746961DC
:106740006C69736528293A2070726F637072696F83
:1067500072697479000000006970505243000000B3
:10676000697054434B00000010B1006807F06BB92A
:106770006FF00100704710B588B10446406870B1F1
:1067800014F0DAFD206803F06BFB0020C4E9000080
:10679000F4F78CFB2146BDE81040F4F743BB10BD75
:1067A00010B582B0F4F782FB042108220123F4F72C
:1067B00087FB044603F063FB4EF2A9214EF2A322AD
:1067C0004EF29923C0F60401C0F60402C0F6040399
:1067D000206003F061FB14F0E9FD6060F0F73DFF1D
:1067E000616840F6F06C43F64103C0F6060C06A261
:1067F000C0F60603002918BF0121CDF800C0F0F74C
:1068000002FF204602B010BD656F6D5F6D75746547
:10681000785F4E657728293A206F73616C5F6D75DC
:106820007465785F6E657728292072657475726E5D
:1068300073204E554C4C000010B1406814F020BE3F
:106840006FF00100704710B1406814F03BBE6FF06C
:106850000100704744F65471C1F200010868002835
:1068600018BF0846704700002DE9F04F85B044F688
:106870005475C1F200050F462968044600294FF0FF
:106880000000049071D1DDF838A099461646F0F763
:10689000E4FE43F6680840F6107BC0F60608214681
:1068A000C0F6060B34A24346002C18BF0121CDF8D8
:1068B00000B0F0F7A8FEF0F7D0FE616837A24346BB
:1068C000002918BF0121CDF800B0F0F79CFEF0F7C9
:1068D000C4FEA1683AA24346002918BF0121CDF8A1
:1068E00000B0F0F790FE4BF2F9714BF2B5624BF24B
:1068F000B960C0F60501C0F6050245F6D52CC0F614
:106900000500CDE900214EF2AF224DF63123C0F64D
:10691000050C0290C0F60402C0F604033846314666
:10692000CDF80CC003F060FBD4E9011285E807063E
:1069300008460CF0A5FD0CF0F5FD206808B10FF03D
:10694000DDF8A86804A914F0EFFA049848B1F4F748
:10695000ADFABDF8102008210123F4F7B1FA014681
:1069600000E00021A86814F049F944F65470C1F21F
:10697000000005B0BDE8F08F656F6D5F7379735FE0
:10698000496E697469616C69736528293A204E55AE
:106990004C4C20737973636667000000656F6D5F10
:1069A0007379735F496E697469616C6973652829CD
:1069B0003A204E554C4C2068616C636667000000BD
:1069C000656F6D5F7379735F496E697469616C6936
:1069D000736528293A204E554C4C206F73616C63C7
:1069E00066670000B0B582B00C460546F0F735FE8C
:1069F00040F6107C43F66803002D18BF0125C0F651
:106A0000060C0BA2C0F606032946CDF800C0F0F72D
:106A1000FAFD44F65471C1F200014EF2B140C0F6E5
:106A200004004C6102B0BDE8B04014F055BE00BF98
:106A3000656F6D5F7379735F537461727428293A5F
:106A4000204E554C4C2068616E646C65000000005F
:106A50002DE9F04F87B0109CDDF854A0139F0693EA
:106A600091460E460546F0F7F8FD002C214643F608
:106A70004A0440F61078C0F60604C0F60608BCA228
:106A8000234618BF0121CDF80080F0F7BCFDF0F7D8
:106A9000E4FD4946BDA22346B9F1000F18BF01210C
:106AA000CDF80080F0F7AFFDF4F700FA3421F4F7E9
:106AB0005FFB044603F05EFB04F1240B44F2820307
:106AC00044F249522060C0F60603C0F6060258465A
:106AD00010212762BAF1000F18BF5346DAF74AFEB9
:106AE00040F6F06A052DC0F6060A00F23081DDE9B5
:106AF0001110DFE805F003AF5B770DD14EF28B404C
:106B00000021C0F60400A174C4E90501E16157E069
:106B10000422A2744EF22D32C0F604024FF0000897
:106B2000C4E90520C4F81C80012998BF0121C8B21E
:106B3000217414F047FB217CA060084614F042FB4E
:106B4000E060F0F78AFD43F64A05A16844F2AB0223
:106B5000C0F60605C0F606022B46002918BF012123
:106B6000CDF800A0F0F74FFDF0F777FDE16844F2B3
:106B70000A12C0F606022B46002918BF0121CDF8E3
:106B800000A0F0F740FD4EF229414EF2813220681C
:106B90004EF26537C0F60401C0F60402C0F60407E1
:106BA000CDE90088CDE9028204918CE00222A27432
:106BB0004EF2CD22C0F60402C4E90520E1610021B5
:106BC00020684EF265374EF27F42C0F60407C0F6E9
:106BD00004022174A160E160CDE90021CDE9021138
:106BE000049152E00322A2744EF2DD32C0F6040298
:106BF0000025C4E90520E561012998BF0121C8B23B
:106C0000217414F0DFFAC4E90205F0F726FDA1684B
:106C100044F2DB0243F64A03C0F60602C0F606035E
:106C2000002918BF0121CDF800A0F0F7ECFC4EF2CE
:106C30006F414EF2BF3220684EF26537C0F6040154
:106C4000C0F60402C0F60407CDE90052CDE90215F2
:106C5000049538E00121A1744EF20931C0F6040117
:106C6000C4E905104EF27F41002220684EF26537DC
:106C7000C0F60401E2612274A260E260C0F604077B
:106C8000CDE90012CDE9022204924EF2D1330699E9
:106C9000109AC0F6040319E00521A1744EF20541D3
:106CA000C0F60401C4E9051020684EF265370022E1
:106CB000C0F60407E2612274A260E260CDE900221E
:106CC000CDE9022204920699109A0023059703F059
:106CD00082FAF11E1498CAB26FF00401022E38BF76
:106CE0000221F82A09F1070238BF314622F00703D2
:106CF000617400B96069CAB29BB2214614F0DCFD30
:106D00002146606014F098FDF0F7A7FC616844F23A
:106D10003B1243F64A03C0F60602C0F606030029FA
:106D200018BF0121CDF800A0F0F76DFCF1F748F98C
:106D300061685A46F1F76CF944F66C71C1F20001D2
:106D40000878421C20460A7007B0BDE8F08FF0F7C3
:106D500084FC44F28A0243F64A03C0F60602C0F6F7
:106D600006030521CDF80080F0F754FCB1E700BF21
:106D7000656F6D5F7461736B5F4E657728293A208C
:106D80004E554C4C2072756E5F666E00656F6D5F80
:106D90007461736B5F4E657728293A2030207374D5
:106DA00061636B73697A650003F0B4BA08B1416935
:106DB0000847704703F068BA03F075BAF0B587B0BA
:106DC00045F29805C1F200052968002965D141F610
:106DD0005446C0F60606002818BF0646F0F73DFCEC
:106DE00043F67504317940F61077C0F60604C0F614
:106DF00006072DA22346002918BF01210097F0F7AE
:106E000002FCF0F72AFC718833A22346002918BF40
:106E100001210097F0F7F7FBF0F71FFC317838A25B
:106E20002346002918BF01210097F0F7ECFBFFF77C
:106E3000B7FC04464EF267704EF203714EF2856263
:106E40004EF29773C0F60400C0F60401C0F60402C7
:106E5000C0F60403009403F09FFA41F61C377288D1
:106E600031783379C0F6060728604FF681404EF23C
:106E7000D7763F68C0F60400C0F604060FF2A80CEF
:106E80000024CDE90063049003200023CDE90274BF
:106E9000CDF814C0FFF7DCFD686045F29800C1F240
:106EA000000007B0F0BD00BF656F6D5F74696D6570
:106EB000726D616E5F496E697469616C6973652892
:106EC000293A2030206D657373616765717565754A
:106ED0006573697A65000000656F6D5F74696D6543
:106EE000726D616E5F496E697469616C6973652862
:106EF000293A203020737461636B73697A650000EE
:106F0000656F6D5F74696D65726D616E5F496E6905
:106F10007469616C69736528293A20302070726940
:106F20006F72697479000000746D726D616E00009B
:106F30000138C0B20D288EBF002001A1085C704747
:106F4000010101010101020301040101010100002D
:106F500043F660320021C0F6060200BF52F831301D
:106F6000834205D00131062904BF0F207047F5E7A1
:106F700002EBC1000079704790B110B5044600786B
:106F800003280BD800F0DDFC42F2E801C0F6060150
:106F9000085CA0F1090111F1080F03D2002010BD17
:106FA00000207047621C002112F8013B013819448F
:106FB000FAD188B2002818BF012010BD000E70471A
:106FC000C0F307407047C0F307207047C0B2704756
:106FD00043EA022242EA014141EA0060704741F679
:106FE000C060C1F200000078704741F6C0620146FF
:106FF000C1F20002002011707047FE2801D100206C
:107000002AE041B2002926D4F0B581B044F2D0651F
:10701000C1F200052C78A04218D344F2CC67C1F22B
:1070200000073A68461C06EB460001011046DAF7F5
:107030009FFA98B104EB4401386000EB0110311B5A
:1070400001EB410109012E70DBF738F8002001B097
:10705000BDE8F04000E0FF2040B27047FF20F6E7B7
:10706000B0B51446FE2804D144F29C65C1F2000577
:107070000FE044F2D062C1F200021278904214D2C2
:1070800044F2CC62C1F20002126800EB400002EB55
:10709000001503294FF0FF0008D83DB1084600F065
:1070A00050FC45F82040002000E0FF2040B2B0BD79
:1070B000B0B51446FE2804D144F29C65C1F2000527
:1070C0000FE044F2D062C1F200021278904215D271
:1070D00044F2CC62C1F20002126800EB400002EB05
:1070E000001503294FF0FF0009D845B1084600F00C
:1070F00028FC05EB80000461002000E0FF2040B286
:10710000B0BDFE284FF0FF0010D103290ED810B5F6
:107110000846144600F015FC44F29C61C1F20001DF
:1071200001EB800004620020BDE8104040B27047CF
:1071300010B5FE2804D144F29C64C1F2000411E0B1
:1071400044F2D062C1F200021278904224BF0020C3
:1071500010BD44F2CC62C1F20002126800EB4000A4
:1071600002EB001403294FF0000008D83CB1084698
:1071700000F0E7FB54F82000002818BF012010BDE4
:1071800003288EBF002002A151F82000704700BFE5
:107190004979040847790408457904084B790408BB
:1071A000F0B581B0FE280C4604D144F29C65C1F2D2
:1071B000000510E044F2D061C1F200010978884274
:1071C0003DD244F2CC61C1F200010968B9B300EBD1
:1071D000400001EB00150020B0EB946F2FD1200E82
:1071E00000F0AFFB55F8201049B342F2E802C0F6B8
:1071F0000602135CC4F30742934220D942F2FC0515
:10720000C0F60605230C55F820E04FEA142C002A9E
:10721000D8B24FF0000209D00346754615F8016B4D
:1072200011F8017B013B17FB0622F7D11EF8000085
:107230005FFA8CF152FA84F211FB002001E04FF06A
:10724000FF3001B0F0BD000010B5FE2804D144F2BB
:107250009C64C1F200040FE044F2D062C1F200026B
:107260001278904229D244F2CC62C1F20002126834
:1072700000EB400002EB001403294FF000001DD882
:10728000E4B1084600F05DFB54F82010A9B142F2C9
:10729000E802C0F60602125C7AB142F2FC03C0F6C4
:1072A000060353F82030002013F801CB11F8014BEE
:1072B000013A14FB0C00F7D100E0002080B210BDB1
:1072C000F0B581B01446FE280F4604D144F29C6606
:1072D000C1F200060FE044F2D061C1F2000109786A
:1072E00088422CD244F2CC61C1F20001096800EB63
:1072F000400001EB0016032F4FF0FF3021D806B3FA
:10730000384600F01EFB56F82010C1B142F2E802E8
:10731000C0F60602125C92B142F2FC03C0F606030C
:1073200053F82030002000BF1D5C0E5C6E430EB190
:10733000B44208D301309042A4EB0604F4D34FF0DA
:10734000FF3001B0F0BDA1B2EAB2B1FBF2F101FB36
:10735000124242EA0121C1EA004040EA0760F0E738
:1073600010B5FE2804D144F29C64C1F200040FE081
:1073700044F2D062C1F200021278904229D244F263
:10738000CC62C1F20002126800EB400002EB001474
:1073900003294FF000001DD8E4B1084600F0D1FAEF
:1073A00054F82010A9B142F2E802C0F60602125CBD
:1073B0007AB142F2EC03C0F6060353F82030002005
:1073C00033F802CB11F8014B013A0CFB0400F7D162
:1073D00000E0002080B210BD2DE9F04182B01446DB
:1073E000FE280D4604D144F29C67C1F200070FE06D
:1073F00044F2D061C1F200010978884233D244F2EC
:10740000CC61C1F20001096800EB400001EB0017FC
:107410004FF0FF0045B33FB32846EDF7A2FE012829
:1074200021D12846EDF7ECFE00260DF107080020DB
:107430008DF80760C0B200F084FA57F8200040B120
:107440000136F0B2A04204D928464146EDF7BDFE10
:1074500038B99DF807000130C1B204298DF8070042
:10746000E8D3002000E0FF2040B202B0BDE8F08188
:107470002DE9F04F81B01446FE280D4604D144F2A8
:107480009C67C1F200070FE044F2D061C1F2000135
:107490000978884251D244F2CC61C1F200010968F6
:1074A00000EB400001EB0017002D4FF0FF0045D02E
:1074B000002F43D02846EDF754FE04283DD128463E
:1074C000EDF79EFE42F2B80A42F2E80B0026C0F643
:1074D000060AC0F6060BE8464FF000095FFA89F08D
:1074E00000F02FFA57F8201001B30136F2B2A24291
:1074F0001CD94FF47F4200925AF820208DF800905A
:107500001BF800001288ADF802204FF0000230B1E5
:1075100011F8013B002B18BF01320138F8D1284681
:1075200041468DF80120EDF750FE20B9B9F1030F67
:1075300009F10109D2D3002000E0FF2040B201B0E0
:10754000BDE8F08F70B5FE2804D144F29C64C1F20E
:10755000000410E044F2D061C1F2000109788842D1
:1075600019D244F2CC61C1F20001096899B100EB73
:10757000400001EB00140026002500BFF0B200F02F
:10758000E0F954F82000002818BF0135032E06F159
:107590000106F3D300E00025E8B270BD2DE9F04FFD
:1075A00081B01446FE280D4604D144F29C66C1F217
:1075B00000060FE044F2D061C1F200010978884270
:1075C0005DD244F2CC61C1F20001096800EB4000D9
:1075D00001EB0016002D4FF0FF0051D0002E4FD0D0
:1075E0002846EDF7BEFD042849D12846EDF708FEF0
:1075F0004FF0000A4FF000095FFA8AF000F0A1F99D
:10760000074656F8200098B342F2E800C0F606009C
:1076100010F807B0BBF1000F2AD04FF0000800BFF0
:1076200056F8270010F80810F1B109F101091FFA06
:1076300089F1A14218D9002100918DF800A08DF8A0
:10764000018042F2FC0110F80800C0F6060151F872
:1076500027108DF8020011F8080069468DF8030024
:107660002846EDF7B2FD18B908F10108C345D7D196
:10767000BAF1030F0AF1010ABED3002000E0FF2097
:1076800040B201B0BDE8F08F2DE9F04F83B09946CC
:1076900015460746FE280C4604D144F29C6BC1F205
:1076A000000B0FE044F2D060C1F200000078874286
:1076B0001FD244F2CC60C1F20000006807EB470122
:1076C00000EB011B4FF0FF06A5B1BBF1000F11D07D
:1076D0002846EDF746FD04280BD1FE2C07D138468D
:1076E00029464A4603B0BDE8F04FFFF757BF032CC9
:1076F00004D9FF2670B203B0BDE8F08F2846EDF73D
:107700007FFD204600F01DF903465BF82000E0B342
:1077100042F2E800C0F60600C75CB7B34FF00008BD
:107720004FF0000A019400BF5BF8230010F8081026
:1077300021B30AF1010A1FFA8AF149451ED9002630
:1077400002968DF808408DF8098042F2FC0110F88D
:107750000800C0F6060151F823108DF80A0011F850
:10776000080002A98DF80B0028464C469946EDF713
:107770002CFD4B46A146019C0028BBD108F1010815
:1077800047454FF00006CFD1B4E70026B2E700002E
:1077900010B5FE2804D144F29C64C1F2000410E04C
:1077A00044F2D062C1F200021278904226D244F232
:1077B000CC62C1F20002126802B300EB400302EB9C
:1077C0000314FE2903D1BDE8104000F01BB80329C3
:1077D00014D8084600F0B5F854F8201071B142F200
:1077E000E802C0F60602125C42B1002011F8013B2B
:1077F000002B18BF0130013AF8D100E0002080B220
:1078000010BD0000F0B581B0FE2804D144F29C64A4
:10781000C1F2000410E044F2D061C1F20001097825
:10782000884223D244F2CC61C1F200010968E9B177
:1078300000EB400001EB001442F2E8070026C0F61E
:1078400006070025F0B200F07CF854F8201041B192
:10785000385C30B111F8012B002A18BF013501380E
:10786000F8D1032E06F10106ECD300E00025A8B202
:1078700001B0F0BD70B51446FE280D4604D144F2A7
:107880009C66C1F2000610E044F2D061C1F2000132
:10789000097888421CD244F2CC61C1F20001096827
:1078A000B1B100EB400001EB0016032D10D82846C3
:1078B00000F047F856F8201051B142F2E801C0F646
:1078C0000601085C844203D256F82500005D70BDB5
:1078D000002070BDF0B581B01C4615460646FE2856
:1078E00004D144F29C67C1F200070FE044F2D0607B
:1078F000C1F200000078864220D244F2CC60C1F28E
:107900000000006806EB460200EB021703294FF067
:10791000000014D89FB1084600F013F8014607EBA9
:107920008000076957B130462A46234606F07CFF9F
:107930004FF6FF71884201D0384400E0002001B0CA
:10794000F0BD70477047704770477047704780B50B
:10795000F4F7D9FE6421016080BD80B5F4F7D3FE51
:107960002021DAF7ABFB80BD7047704780B5F4F794
:10797000CAFE40F60121C0F20011016080BDB0B521
:10798000F4F7C1FE40F6F001C0F6060191E80C5094
:10799000CC6A80E80C50D1E9042301F12005C0E94C
:1079A00004232CCDC46200F12004D1E906CE2CC4FE
:1079B000D1E90C12C0E906CEC0E90C12B0BD704787
:1079C0007047704780B5F4F79EFE32210180002198
:1079D000416080BD80B5F4F796FE02460420102178
:1079E000EDF7C4FB0021BDE88040EDF717BC704700
:1079F00080B5F4F788FE4FF420610180002181708A
:107A000080BD70477047704780B5F4F77CFE024632
:107A10000F200121EDF7AAFB0F21BDE88040EDF713
:107A2000FDBB70477047704770477047704770479D
:107A300080B5F4F768FE0A21017080BD80B5F4F7C7
:107A400062FE024606200221EDF790FB0621BDE80A
:107A50008040EDF7E3BB704780B5F4F754FE40F685
:107A6000012101800021817080BD10B5F4F74BFE2B
:107A70000446062002212246EDF778FB0021EDF7AF
:107A8000CDFB04F1100206200221EDF76FFB062169
:107A9000EDF7C4FB04F1200206200221EDF766FB9E
:107AA0000621BDE81040EDF7B9BB7047704770473D
:107AB0007047704780B5F4F726FE0221016080BD53
:107AC00080B5F4F720FE024602200821EDF74EFBB8
:107AD0000021BDE88040EDF7A1BB704780B5F4F709
:107AE00012FE0021C0E9001180BD70477047704749
:107AF000704770477047704780B5F4F704FEF8216F
:107B0000DAF7DCFA80BD70477047704770477047FE
:107B1000704770477047704710B5F4F7F4FD04469E
:107B200040F24060C0F6060000F1F80120466422F1
:107B3000DAF723FA0B20A08410BD70477047704716
:107B40007047704770477047704780B5F4F7DBFDAA
:107B5000C821DAF7B3FA80BD7047704770477047A5
:107B6000704770477047704780B5F4F7CCFD40F21E
:107B7000CC71C0F6060101F1C80E9EE80C50D1F898
:107B8000D81080E80C5041F27002C0F6060212686C
:107B9000C0E9041280BD704770477047704710B548
:107BA00084B004460020ADF80E00CDF80A00CDF8F0
:107BB0000600CDF80200FDF707F9D0F8C81090F8DC
:107BC000E900ADF800108DF80A0069462046012250
:107BD0000023F4F79DFD04B010BD7047F0B589B0E7
:107BE000002704460697FDF7EFF8816AD0F8C82011
:107BF0004B68D0F8D45001934B88D0F8DC6090F8F3
:107C0000E900ADF80830ADF81C50731B921B01ADB4
:107C1000ADF820208DF82200A81D21310F22ADF8EB
:107C20001E30DAF723F922208DF82300204629465A
:107C3000012200238DF81A70F4F76AFD09B0F0BD37
:107C400070477047704770477047704710B5446978
:107C500041F602102080FDF7B7F8B0F88410B0F8B4
:107C6000902021816281D0F88010E160B0F89610F8
:107C7000B0F898202182B0F89A10A2826182B0F800
:107C80009410B0F89C00E18220830020E083C4F8C7
:107C90001A0010BD704770477047704770477047B3
:107CA00070477047704780B5F4F72DFD0021C0E99B
:107CB00000110181FF21417480BD7047704780B57C
:107CC000F4F721FD0021017080BD10B50446F4F7E2
:107CD0001AFD2046F4F717FD024618200A21BDE8D8
:107CE0001040EDF743BA704710B50C46E9F755FE62
:107CF00000682146BDE81040EAF7C5B910B50C464A
:107D0000E9F74BFE00682146BDE81040EAF7BBB931
:107D10007047704710B50C46E8F7F6FC006821463E
:107D2000BDE81040E9F7E6BC10B50C46E8F7ECFCFE
:107D300000682146BDE81040E9F7DCBC7047704799
:107D4000704710B588680478F0F7D0FE44B1F0F7BA
:107D50008BFFF0F7CBFE0121BDE81040F1F780B8B2
:107D6000BDE81040F0F799BF10B58C68F0F7BEFE83
:107D70002146BDE81040F0F70CBE7047704710B5C3
:107D80008C68F2F78DF92146BDE81040F2F721BA70
:107D900010B58C68F2F784F92178BDE81040F2F74D
:107DA00035BA10B58C68F2F77BF92178BDE8104040
:107DB000F2F754BA10B58C68F2F772F92178BDE881
:107DC0001040F2F785BA70477047704710B5886861
:107DD0000478F5F779F844B1F5F79FF8F5F774F8FA
:107DE0000121BDE81040F5F7A1B8BDE81040F5F756
:107DF0009AB810B58C68F5F767F82146BDE81040D1
:107E0000F5F759B87047704710B588680478F5F7EA
:107E100035FC44B1F5F7D6FCF5F730FC0121BDE89F
:107E20001040F5F793BDBDE81040F5F7FFBC10B565
:107E30008C68F5F723FC2146BDE81040F5F76ABBD6
:107E40007047704710B58C68F8F7F6FA2146BDE820
:107E50001040F8F78ABB704770477047704770470B
:107E600010B588680478F8F76FFF44B1F9F722F885
:107E7000F8F76AFF0121BDE81040F9F7D1B8BDE875
:107E80001040F9F730B810B58C68F8F75DFF21465F
:107E9000BDE81040F8F7AEBE7047704710B5D1E9A5
:107EA0000104FFF790F82079BDE81040DDF791B8A4
:107EB000704770472DE9F0472DED028B98B0486868
:107EC0000C46FFF780F8A7680546F3F701FFF3F7C4
:107ED00008FF0E2800F2DF800121814044F61A02DB
:107EE000114208D02846394618B0BDEC028BBDE8D7
:107EF000F047DCF72BB8022840F0CD80F2F7D1FE36
:107F000000211791CDE91511397806464FF48060AC
:107F1000129015A807298DF85410139000F2BB8019
:107F2000DFE801F00473040606B91229B8886DE091
:107F30007868B968FA6897ED040AADF85800ADF8AA
:107F40005A10ADF85C2068E030462946F2F75CFE36
:107F5000804630462946F2F73FFEB7F918204FF623
:107F6000FF7391B29942814600F09A80012940F056
:107F700099803869A1E0D7E90101ADF858000020E7
:107F8000ADF85A10ADF85C0030462946F2F73CFED9
:107F9000814630462946F2F71FFE80463046294684
:107FA000F2F73EFE30462946F2F722FED7E90310EB
:107FB00097ED052A401A00EE100AA8EB090001EE21
:107FC000100AB8EEC00AB8EEC11A80EE018A00EEBF
:107FD000101AB8EEC00A01EE109AB8EEC11A304677
:107FE000294680EE080A30EE410AB8EEC21A30EE99
:107FF000010AF2F735FD30462946B0EE480AF2F79D
:1080000017FD304629464A461AE07868ADF8580010
:10801000B86897ED030AADF85A00B8EEC00A3046CA
:108020002946F2F71DFD30462946F2F7EDFD0746D9
:1080300030462946F2F7D0FD8046304629463A467A
:10804000F2F71AFC07460090304629464246F2F7FE
:1080500013FCB8421190BCBF009011974FF48040C0
:10806000049068460590EEF700F9626804AD294671
:10807000EEF7B7FA42208DF8110011A80590EEF73F
:10808000F4F862682946EEF7ACFAEEF7EEF86268AB
:1080900012A9EEF7A6FA18B0BDEC028BBDE8F08786
:1080A000F8680AE00DF1100A2DA15046D9F74CFBF3
:1080B0002846514607F01EF90020D7E90312ADF813
:1080C0005800521A00EE102AA9EB080201EE102AFD
:1080D000B8EEC00AB8EEC11A80EE018A00EE101A9E
:1080E000B8EEC00A01EE108AB8EEC11AB868294687
:1080F000ADF85A00304680EE080A30EE410A97ED9E
:10810000051AB8EEC11A30EE010AF2F7A9FC3046A2
:108110002946B0EE480AF2F78BFC30462946424623
:10812000F2F7AAFB07461190304629464A46F2F775
:10813000A3FBB8420390BCBF119003974FF480405B
:10814000009011A80190EEF790F862686D462946FC
:10815000EEF747FA42208DF8010003A801908EE760
:108160006572726F722074797065362E63757272E3
:10817000656E743D2564000070B584B0D1E90106D8
:108180000C46FEF720FF0546F3F7A2FDF3F7A9FD25
:108190000E2834D80121814044F61A02114207D03A
:1081A00096F90010284604B0BDE87040DCF7A3BE85
:1081B000022824D130780E280DD8DFE800F0121202
:1081C00008121212120A0A112020200F08000220A1
:1081D00007E0072005E0502803D010E0092000E068
:1081E00008208DF80F004FF4106000900DF10F0083
:1081F0000190EEF73AF862686946EEF7F2F904B0DA
:1082000070BD70B584B0D1E901060C46FEF7DBFE07
:108210000546F3F75DFDF3F764FD0E281FD8012135
:10822000814044F61A02114206D03178284604B043
:10823000BDE87040DCF76CBE022810D13078012810
:108240000DD88DF80F004FF4E84000900DF10F00AD
:108250000190EEF70AF862686946EEF7C2F904B0D9
:1082600070BD00002DE9F04389B0D1E901070C464B
:10827000FEF7A9FE0546EEF797FF2946EEF7B2FF97
:108280000646F3F725FDF3F72CFD002E00F0EB80FA
:1082900000210E2886F81E1100F2E58001218140A0
:1082A00044F61A02114215D03878062800F2788078
:1082B000DFE800F00459494F41656F0097ED010A6E
:1082C00097ED021AB8EEC00AF8EEC10A2846DCF7AC
:1082D00044FE65E0022840F0C680F2F7E2FC00228E
:1082E0000792CDE90522CDE90322ADF80A20ADF8C9
:1082F000082039780192052900F2B5808046DFE830
:1083000001F0036755B284937A6840462946F2F734
:10831000B3FABA680490404629460323F2F722FBD9
:10832000ADF8140004A8079079681B208DF8190097
:10833000C6F8201183E097ED010A2846B8EEC00A7E
:10834000DCF7FFFD2CE097ED010A2846DCF71DFE67
:1083500026E0B7F9040000EE100AB8EEC00A28467D
:10836000DCF7E3FD1CE097ED010A97ED021AB8EE89
:10837000C00AF8EEC10A2846DCF71FFE10E0B7F984
:10838000040000EE100AB8EEC00A2846DCF7F1FD42
:1083900006E097ED010A2846B8EEC00ADCF701FEB8
:1083A000284609B0BDE8F043DCF774BE97ED010A3A
:1083B00040462946F2F740FCADF80A000DF10A00EC
:1083C000079079682C208DF81900C6F8341136E032
:1083D0007A684046294601234FF00109F2F7C2FAB4
:1083E000BA68ADF80C0040462946F2F7CFF903A968
:1083F0000128C8BF8146079179681C20ADF80E900E
:108400008DF81900C6F8281119E07A684046294607
:10841000F2F732FA019001A8079079683E208DF8B2
:108420001900C6F824110AE0B7F9040072218DF88A
:10843000191002A9ADF808000791C6F83801EDF748
:1084400014FF626806A9EEF7CCF8387805280AD13F
:1084500073208DF8190000200790EDF706FF626881
:1084600006A9EEF7BEF809B0BDE8F08310B582B0FA
:108470000C46F3F72DFCF3F734FC0E281AD8012133
:10848000814044F61A02114207D06068FEF79BFD56
:1084900002B0BDE81040DCF7A4BD02280AD14FF4B9
:1084A0003850009000200190EDF7DFFE62686946C9
:1084B000EEF797F802B010BD2DE9F04385B0D1E991
:1084C00001050C46FEF77FFD0646EEF76DFE3146D0
:1084D000EEF7A2FEF3F7FCFBF3F703FC0E2800F225
:1084E000C1800121814044F61A02114206D0304673
:1084F000294605B0BDE8F043DCF7A0B9022840F0FA
:10850000B180F2F7CEFB95ED260A9FED581AB8EE32
:10851000C00A80EE010A31468146F2F789FA9FEDE2
:10852000540A48463146F2F79BFA4FF4A440CDE98D
:108530000205EDF79AFE62680DF108084146EEF774
:1085400050F854208DF809000395EDF78EFE62680F
:108550004146EEF746F85D208DF809000395EDF7EA
:1085600084FE62684146EEF73CF84E2005F1500764
:108570008DF809000397EDF778FE62684146EEF743
:1085800030F850208DF809000397EDF76EFE626811
:108590004146EEF726F85F208DF809000395EDF7C8
:1085A00064FE62684146EEF71CF8AA6F4846314601
:1085B000F2F730FBEA6F48463146F2F713FB5620DC
:1085C0008DF8090005F1BC000390EDF74EFE6268DE
:1085D0004146EEF706F8F2F764FB95ED220A3146C4
:1085E000F2F7AEFAADF80200F2F75BFB95ED230A65
:1085F0003146F2F74DFAADF80400F2F752FB95ED73
:10860000240A3146F2F718FB0DF10201ADF806001D
:1086100057200F1D8DF809000391EDF726FE6268C3
:108620004146EDF7DEFF59208DF809000397EDF77D
:108630001CFE62684146EDF7D4FFF2F732FBD5F835
:10864000942031460223F2F78DF9ADF80000442062
:108650008DF8090068460390EDF707FE6268414611
:10866000EDF7BFFF05B0BDE8F08300BF00FF7F4717
:1086700000000000F0B589B0D1E901050C46FEF715
:10868000A2FC0646F3F724FBF3F72BFB0E2861D878
:108690000121814044F61A02114206D03046294693
:1086A00009B0BDE8F040DCF73DB9022852D160784E
:1086B00000210128079106912AD003284AD1F2F718
:1086C000F0FA95ED000A31460746F2F739FA95EDD2
:1086D000010AADF8080038463146F2F7D9F995EDB0
:1086E000020AADF80A0038463146F2F7A5FA02A9A7
:1086F000ADF80C0057200E1D8DF819000791EDF70D
:10870000B4FD626806AD2946EDF76BFF592018E00D
:10871000ECF7A5FDECF7B5FDF8F7FDFF6168F4F7A0
:108720004EFCC8B102210180582000268DF81900A6
:108730000796EDF79AFD626806AD2946EDF751FF01
:108740005A208DF819000796EDF78FFD62682946CB
:10875000EDF747FF09B0F0BD002500202921ADF855
:108760000C50FBF735FF0290E0686168ADF80E50E1
:10877000CDE90410EEF771FF02AF042100220023BF
:108780000097EEF747FFE5E7B0B5D1E90104FEF742
:108790001AFC0546F3F79CFAF3F7A3FA0E2888BFF4
:1087A000B0BD012101FA00F044F61A01084205D0DB
:1087B00028462146BDE8B040DCF7FCB8B0BD70B536
:1087C00048680C46FEF7FFFBA5680646F3F780FAFB
:1087D000F3F787FA0E2888BF70BD0121814044F667
:1087E0001A02114205D030462946BDE87040DCF738
:1087F000BAB8022805D120460021BDE8704006F035
:10880000A5B970BD70B548680C46FEF7DCFBA568DD
:108810000646F3F75DFAF3F764FA0E2888BF70BDD9
:108820000121814044F61A02114205D03046294602
:10883000BDE87040DCF74FBA022805D1204601217F
:10884000BDE8704006F082B970BD80B54868FEF79B
:10885000BAFBF3F73DFABDE88040F3F742BA704740
:10886000F0B58BB0D1E901070C46FEF7ACFB05462D
:10887000F3F72EFAF3F735FA0E285ED8012181407E
:1088800044F61A02114207D0D7E9001228460BB06D
:10889000BDE8F040DCF752B802284ED160780021E4
:1088A00001280991089126D0032846D1F2F7F9F959
:1088B0003A682946F1F7E0FF06460290F2F7F1F92F
:1088C0007A682946F1F7D8FFB0420790BCBF029002
:1088D000079640208DF8210002A80990EDF7C5FC0D
:1088E000626808AD2946EDF77CFE42208DF8210034
:1088F00007A809901BE0ECF7B2FCECF7C2FCF8F714
:108900000AFF6168F4F75BFBC8B1022101804120D6
:1089100000268DF821000996EDF7A7FC626808ADE6
:108920002946EDF75EFE43208DF821000996EDF70C
:108930009CFC62682946EDF754FE0BB0F0BD0025A3
:1089400000202921ADF80C50FBF742FE0290E068B0
:108950006168ADF80E50CDE90410EEF77EFE02AF6F
:108960000421002200230097EEF754FEE5E770474C
:1089700070B5D1E90105FEF726FB0446F3F7A8F927
:10898000F3F7AFF90E2833D80121814044F61A02DB
:10899000114206D095ED000A2046BDE87040DCF794
:1089A00085BB022824D1F2F77CF995ED000A214617
:1089B000F2F742F9054648F20000CFF6FF7085EA6B
:1089C0000006F9F7A2FF21463246F9F7CFFFEEF78E
:1089D000EBFB2146EEF720FC002808BF70BD0646E1
:1089E000F2F75FF921462A46F2F74CF986ED030AC1
:1089F00070BD70477047704770477047B0B588B01A
:108A000048680C46FEF7DFFAF3F762F9F3F769F905
:108A1000022830D1607801282DD14FF40060002564
:108A200006900795ECF71BFCECF72BFCF8F773FEB0
:108A30006168F4F7C4FA40B101210180EDF715FC3B
:108A4000626806A9EDF7CDFD15E000202921ADF8FB
:108A50000C50FBF7BDFD0290E0686168ADF80E5068
:108A6000CDE90410EEF7F9FD02AD04210022002348
:108A70000095EEF7CFFD08B0B0BD70477047704766
:108A80002DE9F04184B0D1E901040D46FEF79BFACF
:108A90000646F3F71DF9F3F724F9002103914FF48B
:108AA00090410E28029150D80121814044F61802CD
:108AB000114208D0F3F70CF93146224604B0BDE864
:108AC000F041F2F79CBF0128F4D002283DD1F2F723
:108AD000E8F8A04658F89C2F31460746F2F7A6F86A
:108AE00054F8A02F38463146F2F788F8A4F1180060
:108AF0000390EDF7BAFB6A6802AE3146EDF771FDFF
:108B00000F208DF809000394EDF7AFFB6A6831463A
:108B1000EDF767FD10208DF80900CDF80C80EDF71A
:108B2000A4FB6A683146EDF75CFD34F8080CADF83B
:108B300006002F208DF809000DF106000390EDF7D7
:108B400094FB6A683146EDF74CFD04B0BDE8F08156
:108B500070B584B048680C46FEF735FAA56806463D
:108B6000F3F7B6F8F3F7BDF80E2820D801218140BD
:108B700044F61802114207D0EEF79FF8314604B0D0
:108B8000BDE87040EEF7F4B9012812D002280ED1EA
:108B9000A888ADF80E004FF4904000900DF10E0043
:108BA0000190EDF762FB62686946EDF71AFD04B0CB
:108BB00070BD3046294604B0BDE87040DCF767B8A8
:108BC000B0B548680C46FEF7FEF9A5680446F3F711
:108BD0007FF8F3F786F80E2888BFB0BD012101FAAF
:108BE00000F044F61A01084206D095ED000A20462E
:108BF000BDE8B040DBF7F8BEB0BD70B582B00C4642
:108C0000F3F766F8F3F76DF802280BD001281FD1AF
:108C1000D4E90104FEF7D7F9214602B0BDE870405F
:108C2000DCF729B8A6684FF4CA40CDE90006EDF795
:108C30001CFB62686D462946EDF7D3FC67208DF872
:108C400001000196EDF711FB62682946EDF7C9FCBA
:108C500002B070BD10B50C46F3F73AF8F3F741F8DF
:108C6000012818BF10BDD4E90104FEF7ACF9214674
:108C7000BDE81040DCF723B8FFF7ECBFFFF7EABF11
:108C800070B588B048680C46FEF79DF9A6680546A1
:108C9000F3F71EF8F3F725F80E280BD801218140D1
:108CA00044F61A02114207D0B6F900102846DBF745
:108CB000A7FE308008B070BD0228FBD16078012883
:108CC0000ED00328F6D13088ADF808004FF43C50A0
:108CD000049002A80590EDF7C8FA626804A915E0AF
:108CE000ECF7BDFAECF7CDFAF8F715FD6168F4F78B
:108CF00066F900254FF440510395029148B10121D6
:108D000001800395EDF7B1FA626802A9EDF769FCFD
:108D1000D0E700202921ADF81450FBF759FC04904E
:108D2000E0686168ADF81650CDE90610EEF795FCE5
:108D300004AE0421002200230096EEF76BFCB9E795
:108D4000B0B548680C46FEF73EF9A5680446F2F750
:108D5000BFFFF2F7C6FF0E2888BFB0BD012101FAA0
:108D600000F044F61A01084205D029682046BDE803
:108D7000B040DBF713BEB0BDB0B548680C46FEF797
:108D800022F9A4680546F2F7A3FFF2F7AAFF01282B
:108D900018BFB0BD28462146BDE8B040DBF783BF11
:108DA000704770477047000010B5446900200121EA
:108DB00000220323FEF70CF90146FE2000F00EFD11
:108DC0002078042888BF10BDDFE800F003170D11DC
:108DD0000700FBF7C4FC002112E012F06FFC022038
:108DE000EBF7A4FB05E0FBF7BAFC022108E012F068
:108DF00065FCBDE81040EBF7ADBBFBF7B0FC012113
:108E0000BDE81040FBF77EBE2DE9F04FC1B0D0F8B1
:108E1000149001F0BBF801F0C7F8D9E90062804670
:108E2000301A44F24027039062EB0100C0F20F07B2
:108E30008A460290304611463A460023D8F70BFC8A
:108E4000034600FB176044F6D351C1F26201A0FB58
:108E500001124AF27B41C4F21841A3FB01179409A5
:108E60004FF47A7104FB110519AE40A2304640213F
:108E70004FEAD75BCDE90045D8F77CFC29AF3EA28D
:108E8000384660213346CDF800B0D8F773FCEEF7D2
:108E9000E4FB44A23946EEF704FC04AD2846402129
:108EA000D9F70CF9002604200021CDE9168A159681
:108EB000FBF78EFBD9E9003714903FA228464021EA
:108EC000CDE90037D8F756FCEEF7C7FB14AF012108
:108ED0002A4600230097EEF79DFBDDE90221481E9C
:108EE00072F100000ADB41F61430C0F6060000689B
:108EF000081A72F100000DD2002612E0484241F635
:108F00001431C0F60601096866EB0202401A72F1DC
:108F1000000006D301F03AF8D9E9002301F04AF83D
:108F2000012601F033F801F03FF80446CDE91601BF
:108F300000200D46ADF8540004200121ADF8566024
:108F4000FBF746FB04AE149020A230464021CDE949
:108F50000045D8F70FFCEEF780FB012132460023D5
:108F60000097EEF757FB41B0BDE8F08F7325642002
:108F70006D2564207525640052515354206F66207E
:108F800074696D65206368616E676520746F202564
:108F900073205B6F72207965617273203D202564B8
:108FA0000000000074696D657365742063616C6C0A
:108FB0006261636B0000000073796E6368207271F8
:108FC0007374203D20256C6C6400000074696D652D
:108FD000203D20256C6C640088680188B1F57A7F9B
:108FE0001CBF4FF47A7101802DE9F04F85B04588A0
:108FF000B0F804A0B0F806900AEB05014944B1F5B9
:109000007A7F0DD940F24D11C0F24D114FF4A7797E
:1090100040F24D1A40F24D15C0F80210A0F806902B
:10902000847A0CB901248472078900F10C08B7F521
:10903000FA7F84BF64270781C67A0121022E24BFEC
:109040000026C6720020002203234FF0000BFDF71C
:10905000BFFF0146FE2000F0C1FB0583A0F81AA067
:10906000A0F81C9084774FF47A70CDE9000B0AEBDE
:109070000500049702950390FCF790FB3146FCF73E
:10908000F9FCFCF78BFB6946FCF715FDFCF786FB4A
:109090002146FCF75CFDFCF781FB4146FCF7FBFC3D
:1090A00005B0BDE8F08F10B5886804780CB90124CC
:1090B00004700020012100220323FDF789FF0146EF
:1090C000FE2000F08BFB8477FCF768FB2146BDE8AF
:1090D0001040FCF73CBD7047704700002DE9F04F91
:1090E0008DB044692578F3F7A7FB012840F036815D
:1090F000A5F10F00052800F23181264616F8087BFD
:10910000ECF7ADF8ECF7BDF8002800F02781054634
:10911000A7F10F00052800F22181DFE810F006001A
:10912000AF000E006B000A000D012846F8F72DFC79
:1091300014E13078FDF759FF10E13046ECF711F8F3
:10914000042840F00B813046EBF7FCFF102840F07C
:1091500005813046ECF77EF881460138C0B20F2811
:1091600000F2FC8041F62430C0F6060000784FF093
:10917000000B20F00C0A4FF000085FFA88F130462F
:10918000EBF7CDFF07466078A1780138B0FA80F0A0
:1091900001394009B1FA81F14AEA8000490940EAFF
:1091A000C1008DF8180004208DF81900386806A950
:1091B0000790606809902846F8F7CBFB98B1CDE995
:1091C00004BBCDE902BB3868172104900520FBF7EA
:1091D000FFF90290EEF741FA04210022002302AFCA
:1091E0000097EEF717FA08F101085FFA88F0484592
:1091F000C3D3B3E03046EBF7B4FF042840F0AE80B1
:109200003046EBF79FFF102840F0A8803046ECF77F
:1092100021F881460138C0B20F2800F29F8041F644
:109220002430C0F606000078002720F00C0A4FF02A
:10923000040B0DF11808F9B23046EBF770FF6178B6
:10924000A2780139B1FA81F1013A4909B2FA82F200
:109250004AEA8101520941EAC2018DF818108DF8DD
:1092600019B0006841460790606809902846F8F7F1
:1092700084FB0137F8B24845DDD36FE03046EBF7A9
:1092800070FF04286AD13046EBF75CFF102865D1E7
:109290003046EBF7DFFF102860D881462846F8F704
:1092A00074FBB9F1000F59D041F62430C0F6060026
:1092B00000784FF0000B20F00C0A4FF000085FFA26
:1092C00088F13046EBF72BFF07466078A17801382C
:1092D000B0FA80F001394009B1FA81F14AEA800020
:1092E000490940EAC1008DF8180004208DF81900E2
:1092F000386806A90790606809902846F8F729FBA6
:1093000098B1CDE904BBCDE902BB386817210490C0
:109310000520FBF75DF90290EEF79FF9042100228A
:10932000002302AF0097EEF775F908F101085FFA24
:1093300088F04845C3D311E03046FDF71DFE0128F3
:109340000CD13178FE20FDF7F3FE38B9FCF7E6FECC
:10935000FCF7EDFE31460122F3F71CFB0DB0BDE832
:10936000F08F00002DE9F04F87B044692578F3F7BE
:1093700063FA012840F00C81E81E4FEA70000528CE
:1093800000F20681012101FA00F010F02B0F00F02D
:10939000FF802678EBF763FFEBF773FF002800F000
:1093A000F780074694F801A094F80290E5782046EB
:1093B0005021D8F783FEF01E4FEA7000052800F216
:1093C000E780DFE800F0036AE535E59D002D08BF82
:1093D0004025221D28460121EBF7C8FE804641F6B4
:1093E0002830C0F6060090E88E00D0E904608DE8D1
:1093F0008E00CDE9046004208DF8010000200021DA
:10940000002206230026FDF7E3FDCDE901064046D4
:10941000EBF7F6FE4FF60460208005FB09F0C2B2C0
:10942000FE20414684F80290E570FDF7D5FFAAE0E2
:10943000002D08BF1025221D284604214FF00408E6
:10944000EBF794FE834641F62830C0F6060090E81C
:10945000CE0040698DE8CE0005900020002100225A
:1094600006238DF801800026FDF7B2FDCDE9010647
:109470005846EBF7C5FE0A202070BAF1FE0F05FB37
:1094800009F084F801A084F80290E57070D1C2B2AE
:10949000FE205946FEF782F875E0002D08BF102522
:1094A000221D284604214FF00408EBF75FFE824698
:1094B00041F62830C0F6060090E88E00D0E904603E
:1094C0008DE88E00CDE904600020002100220623F3
:1094D0008DF801800026FDF77BFDCDE901065046A1
:1094E000EBF78EFE4FF60660208005FB09F0C2B256
:1094F000FE20514684F80290E570FDF7B9FF42E086
:10950000002D08BF1025221D284604214FF0040B12
:10951000EBF72CFE80463846F8F70FFA41F6283074
:10952000C0F6060090E84E1040698DE84E10059098
:1095300000200021002206238DF801B00026FDF74F
:1095400047FDCDE901064046EBF75AFE0E2020709C
:10955000BAF1FE0F05FB09F2384684F801A084F841
:109560000290E5700BD111464246F8F7D6F90AE0B1
:10957000C3B2FE2051465A46FEF786F803E0514634
:109580004346F8F7D2F9FBF7EAF86946FBF715FB13
:1095900007B0BDE8F08FF0B587B044692578F3F7E0
:1095A0004BF9012859D10B2D57D80120A84040F67E
:1095B0008201084251D02778EBF751FEEBF761FEAC
:1095C00000284AD00646657820465021D8F776FD17
:1095D0000B2F14D0072F08D0012F3ED14FF6026079
:1095E0002080FE20FDF7AEFF19E008202070FE2D40
:1095F0004FF0FE0065700BD1FEF704F90FE00C2070
:109600002070FE2D3046657006D1F8F796F906E019
:109610002946FEF7BDF802E02946F8F794F9608084
:1096200041F62830C0F6060090E88E00D0E90460CC
:109630008DE88E00CDE9046004208DF80100002043
:109640000021002205230024FDF7C2FCCDE901041E
:10965000FBF785F86946FBF7B0FA07B0F0BD704735
:109660007047704770477047704770477047704742
:10967000704710B54469F5F741F82146BDE8104040
:10968000F5F758B970477047B0B5D1E90104FDF757
:109690009AFC0546F5F77AFD29462246BDE8B0401A
:1096A000F5F70EBEB0B5D1E90104FDF78CFC054617
:1096B000F5F76CFD29462246BDE8B040F5F7EEBE51
:1096C000B0B5D1E90105FDF77EFC0446F5F75EFD76
:1096D0002A782146BDE8B040F5F75DBE7047704777
:1096E000B0B5FE280C4604D144F29C65C1F20005D9
:1096F0000FE044F2D061C1F200010978884232D211
:1097000044F2CC61C1F20001096800EB400001EBBA
:109710000015601C4FF0000018BF002D00D1B0BD37
:10972000200EFEF70EF9014642F2E800C0F60600F0
:10973000405CC4F30742904215D955F8210090B11E
:10974000230A805CDBB298424FF00000E7D942F276
:10975000FC03C0F6060353F82110895CE2B2914283
:1097600088BF0120B0BD0020B0BD032884BF002009
:10977000704780B5FEF7E5F844F28C61C1F2000154
:1097800051F8200080BDB0B5FE280C4604D144F24B
:109790009C65C1F200050FE044F2D061C1F2000106
:1097A0000978884218D244F2CC61C1F200010968FC
:1097B00000EB400001EB00150020B0EB946F0BD1E3
:1097C00055B1200EFEF7BDF805EB8000016A19B116
:1097D0002046BDE8B04008470020B0BD2DE9F0416B
:1097E0000546FE280C4604D144F29C67C1F20007EE
:1097F0000FE044F2D060C1F200000078854249D207
:1098000044F2CC60C1F20000006805EB450100EBBA
:1098100001170020B0EB946F3AD1CFB3200EFEF7C2
:1098200090F8064607EB800007699FB3C4F3074230
:10983000C4F30723284631464FF6FF7804F0F4FFBF
:10984000404527D042F2E802C0F60602210C925DA4
:10985000C9B28A424FF6FF7214D942F2C803C0F669
:10986000060353F8263042F2D802C0F6060253F837
:10987000213052F82620E6B253F8263052F8211053
:109880005A68521A104481B2414503D017FA80F049
:10989000BDE8F0810020BDE8F081084605F009B878
:1098A00005284FF0000C98BF022909D801EB810C64
:1098B00042F6DC31C0F6060101EB8C0151F820C004
:1098C0002E2A4FF000001BDC511E1F2900F272806F
:1098D000DFE801F010107010454E53583F704B3CBC
:1098E00070707070425037707070707070707070FF
:1098F00070707048AA2B43D05A2B46D1082059E0EB
:109900006E2A0ADD782A13DC6F2A1CD0722A18D03E
:10991000772A08BF4FF480204CE0A2F12F010429E0
:1099200048D8DFE801F003453F423C00202041E0F9
:10993000792A31D07F2A06D0FF2A08BF4FF40030A1
:1099400038E0802036E04FF0005033E04FF4806084
:1099500030E04FF480102DE04FF400402AE04FF447
:10996000007027E04FF4803024E04FF4001021E035
:1099700010201FE04FF400201CE04FF4802019E07D
:10998000042017E04FF4804014E0A3F15500B0FA32
:1099900080F0400940000DE04FF080400AE04FF4B5
:1099A000800007E04FF4805004E04FF4006001E0D5
:1099B0004FF4005020EA0C00B0FA80F040097047E4
:1099C00005284FF0000298BF022909D842F6DC3280
:1099D00001EB8101C0F6060202EB810151F8202063
:1099E0001046704745F2A001C1F200010868002846
:1099F00018BF08467047002814BF40680020704711
:109A00002DE9F04182B045F2A007C1F200073A68A3
:109A10001ABB0C460546EDF720FE43F60B0640F652
:109A20001078C0F606062946C0F606080EA2334690
:109A3000002D18BF0121CDF80080EDF7E4FDEDF712
:109A40000CFE214615A23346002C18BF0121CDF88B
:109A50000080EDF7D8FDC7E9005445F2A000C1F23F
:109A6000000002B0BDE8F081656F765F63616C6CE9
:109A70006261636B6D616E5F6869645F496E697492
:109A800069616C69736528293A204E554C4C2065F4
:109A90007865637574655F666E000000656F765F5C
:109AA00063616C6C6261636B6D616E5F6869645F5A
:109AB000496E697469616C69736528293A204E554D
:109AC0004C4C207461736B00B0B50C460546EDF745
:109AD0000CF828B1826828462146BDE8B0401047FE
:109AE0006FF00100B0BD10B50446ECF7FEFF20B1E9
:109AF00001682046BDE8104008476FF0010010BD26
:109B00002DE9F04F81B045F2A809C1F200091546D0
:109B1000D9F80020002A55D1DDF828A01C460E46B1
:109B20000746EDF79AFD43F6C50840F6107B44F270
:109B30007D42C0F606083946C0F6060BC0F606029E
:109B40004346002F18BF0121CDF800B0EDF75BFDB3
:109B5000EDF783FD44F2AC423146C0F606024346BF
:109B6000002E18BF0121CDF800B0EDF74CFDEDF748
:109B700074FD294617A24346002D18BF0121CDF8D8
:109B800000B0EDF740FDEDF768FD21461CA243460D
:109B9000002C18BF0121CDF800B0EDF734FDEDF732
:109BA0005CFD514621A24346BAF1000F18BF0121C6
:109BB000CDF800B0EDF727FDC9E90076C9E90254F8
:109BC000C9F810A045F2A800C1F2000001B0BDE83C
:109BD000F08F00BF656F765F656E765F6869645F62
:109BE000496E697469616C69736528293A204E551C
:109BF0004C4C2069706E65745F67657400000000EE
:109C0000656F765F656E765F6869645F496E6974DB
:109C100069616C69736528293A204E554C4C206364
:109C2000616E6E65745F676574000000656F765FD6
:109C3000656E765F6869645F496E697469616C69B5
:109C4000736528293A204E554C4C206570726F631D
:109C50005F6765740000000060B18368012180F8CF
:109C600020104BB180B50146012298470020BDE885
:109C7000804002E0FE2000E0002040B2704710B1BA
:109C8000836813B11847FE2000E0FF2040B2704700
:109C900010B109B1026810476FF001007047002849
:109CA0001ABF002180F82010FE2148B2704741F60B
:109CB000FC61C1F200010868002818BF084670471F
:109CC00010B1036913B11847FE2000E0FF2040B235
:109CD000704700002DE9F04F83B041F6FC66C1F2F9
:109CE000000614463268002A56D19A468846054630
:109CF00060B9EDF7B2FC43F6A50240F610732AA155
:109D0000C0F60602C0F60603EDF7ACFCEDF7A5FCC5
:109D100043F6A509274640F6107B44F29832C0F678
:109D20000609002C18BF0127C0F6060BC0F6060274
:109D300039464B46CDF800B0EDF765FCEDF78DFCEC
:109D400024A239464B46CDF800B0EDF75CFCEDF7A8
:109D500084FC0D9F2AA239464B46002F18BF0121D3
:109D6000CDF800B0EDF74FFC0C98C6E902070E984D
:109D70004FF00007C6E9004A306145B1042029468A
:109D80000022002300970197EFF75CFF07460120B0
:109D9000C6E9067886F8200041F6FC60C1F20000B2
:109DA00003B0BDE8F08F00BF656F765F69706E65C8
:109DB000745F6869645F496E697469616C69736531
:109DC00028293A2030206D6178646772616D736F65
:109DD000636B7300656F765F69706E65745F686949
:109DE000645F496E697469616C69736528293A20FA
:109DF0004E554C4C206465746163685F666E00006C
:109E0000656F765F69706E65745F6869645F496EDF
:109E1000697469616C69736528293A204E554C4C08
:109E2000206172705F666E0010B50446ECF75DFE4F
:109E300020B141682046BDE8104008476FF001009E
:109E400010BDB0B50C460546ECF74FFE28B10268D0
:109E500028462146BDE8B04010476FF00100B0BD74
:109E600060B110B504460020C4E90000A060F1F71D
:109E70001DF82146BDE81040F0F7D4BF704780B50B
:109E8000F1F714F804210C220123F1F719F800214D
:109E9000C0E90011816080BD2DE9F04381B01C460E
:109EA00016460F460546EDF7D8FB43F6020840F686
:109EB0001079C0F606083946C0F6060913A24346D3
:109EC000002F18BF0121CDF80090EDF79CFBEDF7B6
:109ED000C4FB314617A24346002E18BF0121CDF81E
:109EE0000090EDF790FBEDF7B8FB21461CA243462E
:109EF000002C18BF0121CDF80090EDF784FBC5E9D7
:109F000000760020AC6001B0BDE8F083656F765F3D
:109F10006D757465785F6869645F53657456544104
:109F2000424C4528293A204E554C4C20765F7461AE
:109F30006B650000656F765F6D757465785F686945
:109F4000645F536574565441424C4528293A204E6B
:109F5000554C4C20765F72656C656173650000003E
:109F6000656F765F6D757465785F6869645F53656A
:109F700074565441424C4528293A204E554C4C20A9
:109F8000765F64656C6574650000000045F2BC0195
:109F9000C1F200010868002818BF0846704708B1E0
:109FA000406800470020704708B1806800470020E3
:109FB0000021704748B180B5D0F80CC01046194652
:109FC000E0470020BDE8804000E0FE2040B270473E
:109FD00030B180B5406980470020BDE8804000E096
:109FE000FE2040B2704700002DE9F04F81B045F2ED
:109FF000BC05C1F2000517462A68002A69D1DDF8C0
:10A0000028A01E4689468046EDF727FB43F621042B
:10A0100040F6107B43F6F972C0F606043946C0F6E6
:10A02000060BC0F606022346002F18BF0121CDF80B
:10A0300000B0EDF7E8FAEDF710FB43F6CE723146CB
:10A04000C0F606022346002E18BF0121CDF800B04D
:10A05000EDF7D9FAEDF701FBBAF1000F18BF4FF099
:10A06000010A1FA251462346CDF800B0EDF7CBFA06
:10A07000EDF7F3FA0B9924A22346002918BF01211A
:10A08000CDF800B0EDF7BFFAEDF7E7FADDF830A054
:10A0900027A251462346BAF1000F18BF0121CDF87F
:10A0A00000B0EDF7B0FA4EF607100D99C0F60400B7
:10A0B000002918BF08460A996861A9600B994846AB
:10A0C000C5E90076C5E9031AEDF7D7FA4046F0F77F
:10A0D000ADFF45F2BC00C1F2000001B0BDE8F08F59
:10A0E000656F765F7379735F6869645F496E6974E1
:10A0F00069616C69736528293A204E554C4C20746F
:10A10000696D656765740000656F765F7379735F6D
:10A110006869645F496E697469616C69736528294F
:10A120003A204E554C4C2074696D6573657400007F
:10A13000656F765F7379735F6869645F496E697490
:10A1400069616C69736528293A204E554C4C206E24
:10A15000616E6F74696D65676574000010B50446C3
:10A16000ECF7C3FC20B1016A2046BDE81040084767
:10A17000002010BDB0B5F0F799FE2421F0F7F8FFEC
:10A1800040B34EF60911C0F604014EF61B12C0F69C
:10A1900004024EF62D134EF6151C4EF6271EC0E98E
:10A1A000001100F10801C0F60403C0F6040CC0F66B
:10A1B000040E4EF60F144EF6211581E80C504EF6A3
:10A1C0000B11C0F60404C0F60405C0F60401C0E992
:10A1D00006450162B0BD002853D02DE9F0434EF68C
:10A1E000091400294EF61B19C0F6040408BF2146C5
:10A1F000002AC0F60409DDE9077608BF2246002BD5
:10A2000018BF99464EF62D13C0F60403002F18BF51
:10A210003B464EF615170DF1240EC0F604079EE8D6
:10A220002041002E18BF37464EF62716C0F604060A
:10A23000002D18BF2E464EF60F154EF62114C0F60F
:10A240000405B8F1000FC0F60404DDF830C018BFF3
:10A250004546BEF1000F18BF744680E806024EF670
:10A260000B11C0F60401C0E90337C0E90565C461FC
:10A27000BCF1000F18BF614601620020BDE8F04349
:10A2800000E0FE2040B27047B0B50C460546ECF742
:10A290002CFC28B1026928462146BDE8B040104791
:10A2A0006FF00100B0BDB0B50C460546ECF71DFCE3
:10A2B00028B1826828462146BDE8B04010476FF0BB
:10A2C0000100B0BDF0B581B01C4615460E460746EC
:10A2D000ECF70BFC48B1D0F81CC0384631462A4692
:10A2E000234601B0BDE8F04060476FF0010001B0C7
:10A2F000F0BD70B514460D460646ECF7F6FB30B1DE
:10A300004369304629462246BDE8704018476FF041
:10A31000010070BDB0B50C460546ECF7E6FB28B170
:10A32000C26828462146BDE8B04010476FF00100E2
:10A33000B0BD10B109B1426810476FF0010070471D
:10A3400045F2D401C1F200010868002818BF084690
:10A35000704710B109B1C26810476FF00100704733
:10A3600010B109B1026810476FF00100704745F263
:10A37000D400C1F200000069FFF756BD10B109B169
:10A38000826810476FF00100704745F2D400C1F2B7
:10A3900000000069FFF755BD2DE9F04F81B045F28F
:10A3A000D409C1F200091546D9F80020002A48D185
:10A3B000DDF828A01C460E460746EDF74EF943F699
:10A3C0002E0840F6107B44F25002C0F606083946CB
:10A3D000C0F6060BC0F606024346002F18BF012147
:10A3E000CDF800B0EDF70FF9EDF737F944F21E02A2
:10A3F0003146C0F606024346002E18BF0121CDF8B3
:10A4000000B0EDF700F9EDF728F9294610A2434610
:10A41000002D18BF0121CDF800B0EDF7F4F8EDF7ED
:10A420001CF9214616A24346002C18BF0121CDF885
:10A4300000B0EDF7E8F809F10800C9E9007580E817
:10A44000500445F2D400C1F2000001B0BDE8F08F25
:10A45000656F765F74696D65726D616E5F68696462
:10A460005F496E697469616C69736528293A204E89
:10A47000554C4C2061646474696D65725F666E0052
:10A48000656F765F74696D65726D616E5F68696432
:10A490005F496E697469616C69736528293A204E59
:10A4A000554C4C2072656D74696D65725F666E0007
:10A4B0007047000045F2E801C1F20001087808B1D8
:10A4C000002013E04EF6FC50CEF200000068C00100
:10A4D0000BD540F60060CEF20000D0F88020D20705
:10A4E00003D00068B0F1FF3F02DDFF2040B27047AB
:10A4F0007C20CEF2000001220A7000BF0168002912
:10A50000FCD04AF2B141C0F60401016001680029A3
:10A51000FCD040F20111018001680029FCD001212A
:10A52000017041F6F860C1F200000170C8E7000058
:10A53000B0B545F2E802C1F2000212780D460446B9
:10A540000AB9FFF7B7FF7C20CEF2000001680029AE
:10A55000FCD0056001680029FCD004F58071018001
:10A56000B0BD000045F2E80141F6F862C1F2000119
:10A57000C1F200020B781178012B107006D17C22F9
:10A58000CEF200021368002BFCD010700846704712
:10A59000B0B545F2E802C1F2000212780D46044659
:10A5A0000AB9FFF787FF7C20CEF20000016800297E
:10A5B000FCD0056001680029FCD00480B0BDB0B5B6
:10A5C0000446EDF7FDFCEDF7F5FC0546047041F29D
:10A5D0006420A5F801002320E8700020C5E90100EF
:10A5E000EDF7EEFC2946BDE8B040EDF733BD70B5A0
:10A5F0000C460546EDF7E4FCEDF7DCFC064605707D
:10A6000041F26420A6F801002320F0700020C6E982
:10A610000104EDF7D5FC3146BDE87040EDF71ABDF9
:10A6200080B582B0FAF7DDFB00F1100100F11802ED
:10A6300000F11C0300F1220CCDF800C0FCF714F966
:10A64000FCF708F94DF29531C0F60401FCF7CAF9A0
:10A65000002002B080BD10F065BC10F0BFBC44F219
:10A66000D860C1F2000001780131017001780170F9
:10A67000704700284FF0FF0018BF002904D0087869
:10A68000DE3818BF4FF0FF3040B2704770B578B178
:10A69000054604200121D6F713FF4FF0000440B116
:10A6A0000646056000F07EF8002808BF344600E04A
:10A6B0000024204670BD000070B51E464FF0FF0319
:10A6C000C8B1C1B1BEB10B78DE2B11D105684B8882
:10A6D000288898420ED1688860B18B896D6800BF68
:10A6E0002C88A34209D0013805F10C05F8D101E00E
:10A6F00000203080FF2358B270BD48780023032823
:10A70000338044D8DFE800F002341C28D5F804C0B8
:10A71000BCF1000FEED04FF4EF70108048886B88CA
:10A72000508028889081D381B3B302F11000614634
:10A730001A46D7F79BFB6888133020F003002CE003
:10A7400047F6DE7000231060D360AC68002CD2D0D6
:10A7500001F11002022016E047F6DE7000231060BF
:10A76000D360AC68002CC6D001F1100203200AE0CF
:10A7700047F6DE7000231060D360AC68002CBAD0BE
:10A7800001F1100201202946A0470023B3E747F654
:10A79000DE701060D360ADE7102030800123AAE79F
:10A7A000002070474FF0FF307047D6F789BED6F7CC
:10A7B000CDBED6F7DDBE80B510F080FF0120E9F7F1
:10A7C000B5FEBDE88040E9F7C5BE00002DE9F04FB9
:10A7D00085B0044601704FF40070A4F80100101F0A
:10A7E000E070002504A900200495E9F755FE03A8B0
:10A7F0000395E9F74BFE03984578112D11D100F12F
:10A8000021054BA12846D7F783FC48B14AA1284629
:10A81000D7F77EFC4FF0FF35002808BF212500E068
:10A820002025FF208DF80B008DF80A000DF10B009C
:10A83000E9F78CFE0DF10A00E9F784FE00208DF89F
:10A840000900019001A80DF10901E9F779FE2571D0
:10A85000FAF7A4FFFBF700F90138B0FA80F04009DD
:10A860006071022002210225FFF7AAF80499E06036
:10A87000487949F2CF7BA0710879EA46E071C8783F
:10A88000C2F2295B207288784FF000086072487825
:10A89000A07208789DF80910E07221749DF80B00F1
:10A8A0009DF80A10E57400256074A17401980021D8
:10A8B000009110F808005146E9F746FE0198661924
:10A8C00010F80800FF213075009871754188B14675
:10A8D000F182416849F81CBF49F8041C806800F502
:10A8E00000773846E9F7C0FD20B907F14000494636
:10A8F000ECF778F800981035D0E90201302D4FEAD6
:10A90000902030844FEA912008F101087084CDD165
:10A910000020009069460420E9F7BEFD009904F18B
:10A9200044002022D7F7A2FA05B0BDE8F08F00BF9F
:10A93000656D7334726400006D6334706C75730000
:10A9400041F62070C1F20000026900200A607047E1
:10A9500041F62070C1F20000027D00200A707047AD
:10A9600070B582B041F62076C1F2000606F10C0007
:10A9700014460D46E9F78EFD80B1ECF76EFE40F609
:10A98000F06643F6B103C0F6060609A2C0F6060358
:10A9900005210096ECF73EFEFF2005E0F068103040
:10A9A000286002202070002040B202B070BD00BFBD
:10A9B000735F656F5F61726D656E765F73686172FC
:10A9C0006564646174615F63616E6E6574735F6713
:10A9D000657428293A2063616E6E6F742072656118
:10A9E0006420646576696E666F000000B0B582B061
:10A9F00041F62075C1F2000505F10C000C46E9F79F
:10AA000049FD80B1ECF729FE40F6F06543F6B1034D
:10AA1000C0F6060507A2C0F6060305210095ECF76F
:10AA2000F9FDFF2002E0E8682060002040B202B09B
:10AA3000B0BD00BF735F656F5F61726D656E765FFD
:10AA4000736861726564646174615F69706E657476
:10AA50005F67657428293A2063616E6E6F74207297
:10AA600065616420646576696E666F002DE9F0416A
:10AA700092B0E9F763FD40F6F068C0F6060818B139
:10AA8000ECF7EBFD3DA20BE00020029001208DF8D9
:10AA90000C0002A8E9F702FD58B1ECF7DEFD46A272
:10AAA00043F6B103C0F606030521CDF80080ECF7AC
:10AAB000B1FD41F62075C1F2000569684878E9F7F3
:10AAC00047FD70B1ECF7C9FD44F2C33243F6B10360
:10AAD000C0F60602C0F606030521CDF80080ECF7AB
:10AAE00099FDA86888B3466990E89E000DF1080CAE
:10AAF00007968CE89E0000F118078ECFD0E90A4631
:10AB00000DF1200CCDE90C468CE88E00D0E90C123A
:10AB1000D0E90E03CDE90E12CDE910030BF052F887
:10AB2000CDE90E0102A8E9F7B3FC70B1ECF795FD91
:10AB300044F2014243F6B103C0F60602C0F6060332
:10AB40000521CDF80080ECF765FD05F10C00E9F773
:10AB5000A1FC70B1ECF781FD44F23F4243F6B10332
:10AB6000C0F60602C0F606030521CDF80080ECF71A
:10AB700051FD002012B0BDE8F08100BF735F656F2A
:10AB80005F61726D656E765F73686172656473652F
:10AB90007276696365735F696E697428293A2073F8
:10ABA00068617273657276206973206E6F742076A7
:10ABB000616C696400000000735F656F5F61726DB6
:10ABC000656E765F736861726564736572766963DA
:10ABD00065735F696E697428293A2063616E6E6FD0
:10ABE0007420696E6974207368617273657276008F
:10ABF00090F82020037C01324FF0010CD1B280F894
:10AC000023C0994280F8202028BF80F821C080B559
:10AC100082B002208DF80700F9F7A1FD0DF10701C0
:10AC2000F9F790FD9DF8070030B9FAF7A1FAFAF7A5
:10AC3000A8FA4021FCF7B8F802B080BD2DE9F04F2A
:10AC400087B041F2E805C1F20005A86AEAF702FB05
:10AC5000002801906CD04FF00109002695F82400DF
:10AC6000F4B22146EBF7A4FE0028029654D1A86A5C
:10AC70002146EAF754FA00284ED0064600F10608AD
:10AC80004FF0000A012000BF0AF142074FF0010B0C
:10AC9000039000BF38F81A005FFA8BF42146EBF7F7
:10ACA00029FF01282AD105EB4A00808F2146EBF7C6
:10ACB00021FF18BBB0883178ADF81A00002004904D
:10ACC000C81EC0B213280DF11A01059114D84DF613
:10ACD0003D71C0F20E01C140C9070DD01AA11FA2DB
:10ACE000095C105C8DF810108DF81100EBF7BDFABF
:10ACF00004A93A46EBF7BEFC4FF000090BF1010B3B
:10AD0000BBF10F0F07F10207C4D103984FF0010AFE
:10AD1000C0074FF00000B7D1029E01990136F0B292
:10AD200088429BD3B9F1010F85F8389003D008E031
:10AD3000012085F8380041F2E800C1F20000EAF78E
:10AD4000B7FD07B0BDE8F08F00000202020000006E
:10AD50000202020202000200000200025B5B1C1CF5
:10AD60001C5B5B5B1C1C1C1C1C5B1C5B5B1C5B1C6A
:10AD70002DE9F04F8DB041F2E805CDE90510002036
:10AD80000121C1F20005CDE90A00CDE9080000BFAC
:10AD900005EB400ABAF84420BAF84870BAF84C609B
:10ADA000BAF82C303A4332431A40C0EB0010C907BE
:10ADB0004FF0020B05EBC0094FF0000897B2079166
:10ADC00018BF4FF0010B00BF5FFA88F438462146E8
:10ADD000EBF790FE012801D1032407E0BAF83C000C
:10ADE0002146EBF787FE012831D1012405200221FD
:10ADF000F9F7EEFB089000208DF8250009EBC8005C
:10AE0000B0F8521090F8502090F8513090F854500B
:10AE100049BA90F85560B0F8560041EA034145EA56
:10AE2000022241EA066142EA00408DF824B0ADF802
:10AE30002680CDE90A10ECF710FC43F647132146B3
:10AE40000022C0F6060308AE0096ECF7E3FB08F11B
:10AE50000108B8F10F0FB7D1079941F2E8050120B9
:10AE600000294FF00001C1F2000591D10699012996
:10AE70005BD10598012858D1A86AEAF7EBF90028B8
:10AE800000F06D8143F6471882464FF00009C0F686
:10AE900006080024A86AE7B23946EAF740F9002814
:10AEA0003ED00646C088EBF738FE31898346084617
:10AEB000EBF733FE00EB0B01080631D095F82400C8
:10AEC0005FFA81FB3946EBF773FD07460520012148
:10AED000F9F77EFB08904BEA0730ADF82490ADF807
:10AEE00026007088727840BA31783379767940EAF2
:10AEF00002406A8F43EA012140EA066041EA0241CA
:10AF0000CDE90A01ECF7A9FB012F4FF001014FF049
:10AF10000002434608AF08BF03210097ECF77AFB15
:10AF20000134E0B25045B5D319E1002959D1A86ADE
:10AF3000EAF790F90028069053D041F2E8084FF65E
:10AF4000FF760022C1F20008A86AD1B20792EAF7A0
:10AF5000E6F8E0B3074600F1060900204FF0010BC8
:10AF60004FF0010A08EB4001898F39F81000714059
:10AF700010EA010423D02046EBF7CFFD054605205B
:10AF80000321F9F725FB0890387800218DF825106A
:10AF9000B8F83A1045EA0020ADF8260008048DF80C
:10AFA00024B0CDE90A40ECF758FB43F647130421DF
:10AFB0000022C0F6060308AD0095ECF72BFB01203C
:10AFC0004FF0020B5FEACA714FF0000ACAD1079A2C
:10AFD00006990132D0B241F2E8058842C1F200057B
:10AFE000B2D30598002840F0BA80A86AEAF732F98F
:10AFF0000028029000F0B380002200BFA86AD1B2FE
:10B000000392EAF78CF8002800F0A280064606308A
:10B010000027012301220490049905EB4700B0F8B2
:10B02000400031F817100840010400F08A8084B213
:10B030002046CDE90632EBF770FD0590C7EB07100F
:10B0400005EBC0074FF0000B4FF000084FF0000A6F
:10B050004FF000095FFA88F12046EBF74BFD01281D
:10B0600044D107EB4B0191F8500033787278181AED
:10B0700018BF012022B9B37813B9F3789BB100BF90
:10B0800091F8513093420DD191F85220B3789A4201
:10B0900008D191F85320F378D2B2DBB29A4238BF8C
:10B0A000023000E0023032790AB973796BB191F85D
:10B0B0005430934208D191F855107279C9B2D2B286
:10B0C000914218BF043000E00430CBF1200220FA96
:10B0D00002F2BBF1200158BF00FA01F200FA0BF0B6
:10B0E00058BF002049EA02094AEA000A0BF1040BA2
:10B0F000BBF13C0F08F10108ACD105200421F9F7A0
:10B1000067FA0890069800218DF8240030788DF8B1
:10B1100025100599CDE90AA941EA0020ADF82600DD
:10B12000ECF79BFA43F6471304210022C0F606030E
:10B1300008AF0097ECF76EFA41F2E805079AC1F202
:10B14000000501270223D0074FF000027FF464AF0F
:10B15000039A02990132D0B28842FFF44FAF0DB08A
:10B16000BDE8F08F4378012906D1C18801F00F00B6
:10B17000904206D1002000E0402003F01F01084368
:10B180007047C1F30310904201D12020F5E7C1F3CD
:10B190000320904201D16020EFE74020B2EB113F45
:10B1A00008BF6FF07F00E8E701290ED1017811296F
:10B1B00001D0032909D1012A0CD0032A05D1C18865
:10B1C0006FF31F3141EA033102E0C18863F30301E9
:10B1D000C1807047C18803F00F0221F0F00141EAFD
:10B1E0000211F5E720B1D0F800C0CCF3022C02E048
:10B1F00021B191F800C0BCF1060F01D9FF203CE05D
:10B2000080B54FF0000E83F800E0DFE80CF0041E7C
:10B21000121B0D2124004FF0000C82F800C098B3DF
:10B22000007A00F07F0130E00420107000201870D8
:10B2300021E04FF0020C82F800C000B3007A00F069
:10B240007F011DE04FF0030C07E04FF0010C04E01C
:10B250004FF0050C01E04FF0060C82F800C018B169
:10B26000006800F00F0100E04978002019700F29F4
:10B2700088BF4FF0FF30BDE8804040B2704749784A
:10B28000002019705429F3E74978002019707E29AD
:10B29000EEE7006840F20F720240B2F5007F15D170
:10B2A00010B501F00101C0B241EAD004EAF7B7FDE0
:10B2B0002146EAF76CFC811F02294FF00001BDE82E
:10B2C000104004D3FF2818BFFF2100E0FF2148B23F
:10B2D000704770B58AB000260C460546CDE9046675
:10B2E000CDE90266EAF704FF02AA2146EAF7D8FE92
:10B2F000A0B100201A21F9F76BF92188069008BA4D
:10B30000000CADF81E00207A099600F00101013111
:10B3100008968DF81C10C0F3430025E0207A2979A7
:10B3200000F00104481EB0FA80F0420902A920464C
:10B3300007F0ECFF38B300201821F9F749F906901F
:10B3400002989DF80E106FF31F3040EA0130ADF8FF
:10B350001E0002A8EBF73FFBCDE908019DF808109D
:10B36000601C8DF81C0008098DF81D00ECF775F9BC
:10B3700006AE0421002200230096ECF74BF9FF20D3
:10B3800040B20AB070BD0020FAE7704744F62C21A5
:10B39000C1F200010A7902B17047C0B201EB80002E
:10B3A00001690029F8D08069084744F62C21C1F2D0
:10B3B00000010A79012A0DD1C0B201EBC00090F85A
:10B3C0002110002908BF70472030417801394170B1
:10B3D000417801B170474068012110F0CFB8704743
:10B3E0007047000041F6C46CC1F2000CDCF800C0EC
:10B3F000BCF1000F00D06047052838BF704780B50A
:10B40000FEF7C4FDFEF7E4FDBDE88040FEE7000066
:10B410002DE9F04184B044F66034C1F20004607B51
:10B42000002864D04FF62C31C0F60501D1F8008019
:10B430006069414610F074F8002858D1F3F7B8FC61
:10B44000002142460027F3F7D0FCD8BB0DF10F00D6
:10B450008DF80F700297CDE90077A77308F0A2FA74
:10B46000264616F8340F6D467070307C96F8201022
:10B4700070749DF80F0086F8211000F00101C0F3F0
:10B48000400030740120317086F8200028460321E6
:10B4900008F0A4FA3078012808D155F8270006F101
:10B4A00008027060F8B2072108F05EFA0137032F36
:10B4B00006F11006EED10120A073F3F779FC00210C
:10B4C000F3F79CFC6069002110F058F8A07B01287C
:10B4D0000DD1A069414610F023F8E06918B1216A46
:10B4E00009B1FBF761FCA069002110F047F804B036
:10B4F000BDE8F08180B5ECF7B0F843F6811203A106
:10B50000C0F60602BDE88040ECF7CBB863616C6C16
:10B510006564205F7461736B776F726B65725F73C4
:10B520007461727475702829000000007047B0B50E
:10B53000044690F8BC01F0B194F8F70290B194F889
:10B54000C02120460021002500F0F0F894F8C02129
:10B550002046002100F046F984F8F452C4E9BA55B7
:10B56000C4F8F05294F8F60228B1EFF700FFBDE8F6
:10B57000B040EFF792BFB0BD2DE9F04F85B04FF06E
:10B58000000A00F5EF790C460546C0F8D8A14846F8
:10B59000C621FF22D6F760FD95F8F50285F8DCA1FB
:10B5A0000028C5E972AAC5F8D0A1C5F8D4A100F059
:10B5B000BA8005F5EE70049005F5E470039005F58A
:10B5C000E670029005F5E87005F5EC7B019005F555
:10B5D000EA704FF000080090D5F8E4025FFA88F6B0
:10B5E0003146E9F79CFD002800F09480074620468C
:10B5F0003146EBF7C4FA002800F08C80797801F02E
:10B600000300022823D0012840F08480C1F3800089
:10B610000BEB4000C1F3C301EBF778FAB878FD28D3
:10B6200038DC02284ED003285BD0042836D1787845
:10B63000019AC0F38001C0F3C30041EA410109EB64
:10B64000411100EB400001EB4000868058E0B878E3
:10B6500006285FD104980021EBF7B6F90120A5F880
:10B660009E6285F8A20279780A1FD2B20B2A9EBF89
:10B670004FF0FF3000EB910085F8A20295F8C01161
:10B680004FF47A725143C5F8A81285F8A4A285F840
:10B69000A5023FE0A0F1FE0102293BD37978C1F376
:10B6A0008002C1F3C30142EA420209EB421201EBFC
:10B6B000410102EB410101EB400020F8046C797874
:10B6C000009A1EE07878039AC0F38001C0F3C300AB
:10B6D00041EA410109EB411100EB400021F8106003
:10B6E0000EE07878029AC0F38001C0F3C30041EA0B
:10B6F000410109EB411100EB400001EB40004680A5
:10B700007978C1F3800002EB4000C1F3C301EBF78D
:10B71000FDF900BF08F1010895F8F5025FFA88F11C
:10B720008142FFF459AF05B0BDE8F08F2DE9F04F2D
:10B7300083B0012900F5DA714FF0000418BF2246EA
:10B74000019143F20251A0F8B4110DF10B01C0F8C0
:10B75000B81100F5EC7900F5EA7A4FF0400B0120C2
:10B760008DF80B2000900BF0FE00E1B240EA010BD7
:10B770004FF0010839F814005FFA88F63146EBF70C
:10B78000B9F93AF81410074608463146EBF7B2F912
:10B79000012F08BF01280DD10BF0E10000EB480B91
:10B7A000EAF763FD25F0FF0141EA0B0501992A46FE
:10B7B000EAF760FFB8F10E0F08F10108DAD300983C
:10B7C0000124C0074FF00000CCD103B0BDE8F08FDA
:10B7D0000021C0F203210840401AB0FA80F040096D
:10B7E000704700002DE9F04F89B0B0F8D8310791CB
:10B7F00023B9B0F8DA11002900F0948000218DF807
:10B80000221000F5DA71069144F60271A0F8B41125
:10B810000DF12201C0F8B81100F5E471059100F5B1
:10B82000E67100F5EC7600F5EA780491019000F5F8
:10B83000E8704FF0400B01214FF000098DF82320F4
:10B84000039000BF02910BF0FE005FFA89F140EA1D
:10B85000010B4FF0010A00BF36F819005FFA8AF4B5
:10B860002146EBF747F938F81910054608462146F6
:10B87000EBF740F9012D08BF00283ED107980128B9
:10B880004FF000008DF8220029D10598214630F8AC
:10B890001900EBF72FF9012805D19DF8220040F09F
:10B8A00002008DF822000498214630F81900EBF7C9
:10B8B00021F9012805D19DF8220040F008008DF8FB
:10B8C00022000398214630F81900EBF713F90128FC
:10B8D00005D19DF8220040F004008DF822000BF005
:10B8E000E10000EB4A0BEAF7C0FC27F0FF0141EA58
:10B8F0000B0706993A46EAF7BDFEBAF10E0F0AF1B8
:10B90000010AA9D302994FF00109C9074FF00000BD
:10B910004FF0000196D1019AD2F8D811C2F8F00286
:10B92000C2E9BA1109B0BDE8F08F00002DE9F04777
:10B930008CB041F2302A9146012AC1F2000A16D198
:10B94000064603208AF80C00F2F7D8FE9AF80C207D
:10B950000421F2F7C3FE9AF80200012811D141F246
:10B960003020C1F200003146ECF7BCFE09E00520B2
:10B970008AF80C00F2F7C2FE9AF80C200421F2F7C4
:10B98000ADFE00200DF11008CAE96300CAF8940169
:10B9900040462021D6F792FBFEF724F8FEF72BF85D
:10B9A0004BF6E1210346C0F6040140465246E9F752
:10B9B00098F8B9F1010F1FD102208AF898010520EB
:10B9C0002921F8F705FECAF888010AF5C474EBF7D7
:10B9D00044FE9AF8981143F6A713C0F60603002216
:10B9E0000094EBF717FE9AF89A71002F6AD0DAF8F4
:10B9F0008411002957D165E0B9F1000F62D1DAF85E
:10BA0000A8010021E9F78BFBD8B1DAF8A801E9F722
:10BA100021FCC0B100260027002400BFDAF8A801ED
:10BA2000E1B2E9F77CFB18B1C18800890E430743F6
:10BA3000DAF8A8010134E5B2E9F70CFC8542EDD350
:10BA400003E0FF2048E000270026E9F7F6FCE9F7CD
:10BA5000EBFC81884FF6FF725140C2880389408910
:10BA6000314027EA020241EA02411843CAE9641060
:10BA700005202B21F8F7ACFDCAF8880104200AF54F
:10BA8000C4748AF89801EBF7E8FD9AF8981143F628
:10BA9000A713C0F6060300220094EBF7BBFDDAF80B
:10BAA000841179B1FF2741F60032C0F60602DAF8B8
:10BAB0008001D2E900238AF8997101278DE882017B
:10BAC000F5F768FDDAF804202AB141F23020C1F21E
:10BAD000000049469047002040B20CB0BDE8F08716
:10BAE00010B582B00446EBF7B8FD94F8981143F610
:10BAF000A71304F5C47CC0F606030022CDF800C0ED
:10BB0000EBF788FDD4F88801F8F74EFD2B2803D118
:10BB1000E9F793FCE9F7CDFD94F89901FF2804D0EB
:10BB20000138010684F8990101D002B010BDD4F8A3
:10BB3000800102B0BDE81040F5F7A0BD70B544F635
:10BB40005056C1F200060D463169044608462946A2
:10BB500001220023F0F7DCFDA889F16910F4406FA1
:10BB60000ED0306948224A80F0F794FDD6E90721CB
:10BB70005060084629464822D6F778F924200DE07F
:10BB8000706918224A80F0F785FDD6E907215060D8
:10BB9000084629461822D6F769F92620225AE06875
:10BBA000A169BDE87040F6F731B970B541F68C7502
:10BBB000C4B2C1F2000505EB8406B06B411C02D093
:10BBC0000138B06309D029692046884705F158003B
:10BBD0002146BDE87040EAF7ABBFE96820468847D8
:10BBE00005F158002146EAF789FFB069BDE87040C9
:10BBF000F5F744BD4FF0FF3070474FF0FF3070470E
:10BC00004FF0FF3070474FF0FF30704770B505467A
:10BC1000EFF74CF904210C220123EFF751F9A98920
:10BC20000446052900F108060BD3EFF73FF9AA896E
:10BC300004210123EFF744F92A6930603AB16969B8
:10BC400003E02A692AB169693046904704E0A9896E
:10BC500000E03046D6F710FA204670BD10B5808956
:10BC60000C46052804D3EFF721F9A168EFF7DAF8BD
:10BC70000020C4E90000A060EFF718F92146BDE8F4
:10BC80001040EFF7CFB8014640894FF6FF7290425F
:10BC900009D0086A20B1426800230AB1136000E0AD
:10BCA00000220A6270470846FFF7B0BFB0B50446ED
:10BCB00080890D46052801F1080028BF0068E16968
:10BCC00001B1884760894FF6FF71884207D0206A2A
:10BCD0000021C5E9001000B105602562B0BD204615
:10BCE0002946BDE8B040FFF7B9BF0021C0F20121ED
:10BCF0000840401AB0FA80F040097047F0B58DB0A6
:10BD000041F2285514460646012AC1F2000512D117
:10BD100003202873F2F7F2FC2A7B0221F2F7DEFC03
:10BD2000A87801280FD141F22850C1F20000314615
:10BD3000EEF7B6F807E005202873F2F7DFFC2A7B60
:10BD40000221F2F7CBFC0020A5F88C01707A04AF39
:10BD5000C0F3430100F0010041EA0020A5F88E0184
:10BD6000B088317A40BAF27940EA014040EA026094
:10BD700042F3C011C5E9640138462021D6F79EF987
:10BD8000FDF730FEFDF737FE4BF68D610346C0F63A
:10BD9000040138462A46E8F7A4FE012C1DD10220F2
:10BDA00085F8980105200A21F8F712FCC5F88801EA
:10BDB00005F5C476EBF751FC95F8981143F65A1344
:10BDC000C0F6060300220096EBF724FC95F89A6172
:10BDD00076B3D5F88411E1B92AE04CBB05200B21DC
:10BDE000F8F7F6FBC5F88801042005F5C47685F858
:10BDF0009801EBF732FC95F8981143F65A13C0F608
:10BE0000060300220096EBF705FCD5F8841179B102
:10BE1000FF2641F60032C0F60602D5F88001D2E9CD
:10BE2000002385F8996101268DE8C200F5F7B2FB81
:10BE30006A682AB141F22850C1F2000021469047B9
:10BE400000200DB0F0BD000080B586B00020CDE927
:10BE50000400CDE9020004200221F8F7B9FB0290AA
:10BE6000EBF7FBFB0DF1080C04A204210023CDF835
:10BE700000C0EBF7CFFB06B080BD00BF6D616973FA
:10BE80002074696D656F75740000000010B582B094
:10BE90000446EBF7E2FB94F8981143F65A1304F5C5
:10BEA000C47CC0F606030022CDF800C0EBF7B2FB5D
:10BEB000D4F88801F8F778FB0B2803D1E9F7BDFA2D
:10BEC000E9F7F7FB94F89901FF2804D0013801063F
:10BED00084F8990101D002B010BDD4F8800102B0FD
:10BEE000BDE81040F5F7CABB2DE9F04387B041F635
:10BEF0003876C1F2000614468946D6E91121074674
:10BF000010469846FDF79DFF03301CD1B06C44F6F7
:10BF1000D351C1F26201A0FB010100200522890971
:10BF2000CDE904000292ADF80E10ADF80C00EBF76D
:10BF300094FB43F2E17302AD3AA2C0F60603052179
:10BF40000095EBF767FB082F40D8DFE807F00518EE
:10BF5000243F353F3F3F050009F10700B6F8401088
:10BF6000C20802FB0410336BB0EBD30F2ED8736BF7
:10BF7000624303EBC107A6F84000D00030E0728FA7
:10BF8000B06904FB0921814220D8F36904FB09F060
:10BF90009F18718724E009F10100B18F420802FB6C
:10BFA0000410336AB0EB530F10D8736A624303EB8B
:10BFB0004107B087500013E009F10300F18F8208B8
:10BFC00002FB0410B36AB0EB930F03D9706CFDF75A
:10BFD0002BFF0BE0F36A624303EB8107F0879000CD
:10BFE000C8F80000706CFDF71FFFB7B904200027E8
:10BFF000029004FB09F0CDE90477ADF80E00ADF82E
:10C000000C70EBF72AFB43F2E17302AE11A2C0F60B
:10C01000060305210096EBF7FDFA384607B0BDE8A8
:10C02000F08300BF735F656F5F6D656D706F6F6CE0
:10C030005F6765745F73746174696328293A206D62
:10C04000757465785F74616B65282920746F7574E9
:10C0500000000000735F656F5F6D656D706F6F6CE2
:10C060005F6765745F73746174696328293A206E31
:10C070006F206D6F7265206D656D0000002900F006
:10C08000AC802DE9F04186B041F2F866C1F20006BD
:10C09000707A002800F09E800C4608460121EAF7DD
:10C0A0001EFD4FF62C380128C0F6050814D1D8F82B
:10C0B0000050F2F77DFE00212A46F2F796FE58B9AD
:10C0C000707D69468DF80000002007F0D4FDF2F77E
:10C0D0006FFE0021F2F792FE20460221EAF7FFFCF4
:10C0E00001285ED1D8F8005000270297CDE90077EB
:10C0F000F2F75EFE00212A46F2F777FE48B1EBF731
:10C10000ACFA43F69D1235A1C0F60602EBF7C9FA68
:10C1100047E00DF1160105AA0DF112030020B772D8
:10C12000ADF81670ADF81470ADF8127007F0A6FDFA
:10C1300038B10020B072F2F73BFE0021F2F75EFE4C
:10C140002FE0FDF723FFFDF72FFF01900020BDF842
:10C1500016108DF80000BDF81400ADF80A10BDF8F7
:10C160001210ADF80C000120ADF80E10B072F2F70D
:10C170001FFE0021F2F742FE706829460FF0D0F949
:10C1800078B93068F6F788FA012802D13068F6F7F6
:10C1900061FB30686946F6F786FB706803210FF093
:10C1A000EDF920460421EAF79AFC012812D1D8F8CB
:10C1B0000040F2F7FDFD002122460024F2F715FEB3
:10C1C00040B9002007F054FD7472F2F7F1FD002130
:10C1D000F2F714FE06B0BDE8F041704769326333F0
:10C1E00020697320627573790000000080B5EBF759
:10C1F00034FA43F69D1203A1C0F60602BDE8804062
:10C20000EBF74FBA63616C6C6564205F7461736BAC
:10C21000776F726B65725F737461727475702829C1
:10C2200000000000A1B102290DD041F60831C0F68E
:10C23000060109680368994205D10169897801F00E
:10C24000FE01022904D10169CB680BB111461847E0
:10C25000704700002DE9F04F91B093460D4604461B
:10C2600031B92046594600F06BF80546002864D0E5
:10C27000287B012861D05846FAF782FF18B10246A0
:10C28000206829699047012028730AA81C21D5F746
:10C2900015FF688994F80480089020680595079038
:10C2A00094F82000032804D0022806D104F10C00E1
:10C2B00001E005F11400006800E0002009900898F2
:10C2C000D8B30026069400BF94F82000042806D1B5
:10C2D0000598B1B28069F6F79DF90068099040466B
:10C2E00059463246FAF7ECFF0546013021D0404668
:10C2F0002946FDF748FA04465846FDF736FA8146C6
:10C3000040462946FDF7C9FA824640462946FDF7D0
:10C3100065FA8DE820060AAF0799099D0390384613
:10C3200042462346069C0495F0F71BFA3846F0F780
:10C33000C1F908980136B042C6D111B0BDE8F08FFE
:10C3400007290FD800EB4101098A4FF6FF7291428D
:10C3500008D080B58068F6F75DF9002814BF006842
:10C36000002080BD002070472DE9F04182B090464A
:10C37000054601F10902012000230027EC19D65DD2
:10C38000647F01376640F60618BF1846032FF5D1C3
:10C390000B7ACA79DBB252EA030707D0EF7E2E7F11
:10C3A000FFB27A4073401A4318BF00204B790A79D4
:10C3B000DBB252EA030702D18B7963B100232F7EEF
:10C3C0006E7EFFB27A407340AC7E1A4318BF0020E5
:10C3D0008979A14205D1C0B2012802D101260027E6
:10C3E0001EE0042085F8980100260520362105F579
:10C3F000C477A5F88E61C5E96466F8F7E9F8C5F871
:10C400008801A5F88C61EBF728F995F8981143F6A7
:10C41000C913C0F6060300220097EBF7FBF80127CB
:10C42000B8F1000F02D028463146C047784202B02A
:10C43000BDE8F08170B582B0044690F8BC01E8B167
:10C4400045F202300026A4F8B4010DF107008DF882
:10C45000076004F5DA75C4F8B801E9F706FFD4F807
:10C46000C4212946EAF75AF84FF48070A4F8E40191
:10C47000C4F8D261C4F8D661C4F8DC6102B070BD02
:10C4800000F00170A0F10170B0FA80F0400970472F
:10C490002DE9F0478CB091460646EBF7DEF843F6FF
:10C4A000C91276A1C0F60602EBF7FBF841F2187A42
:10C4B000B9F1010FC1F2000A15D103208AF80C006E
:10C4C000F2F71CF99AF80C200621F2F707F99AF80E
:10C4D0000200012811D141F21870C1F2000031466A
:10C4E000F0F75AFF09E005208AF80C00F2F706F988
:10C4F0009AF80C200621F2F7F1F80020AAF88C0136
:10C50000707A0DF11008C0F3430100F0010041EA18
:10C510000020AAF88E01B088317A40BAF27940EA58
:10C52000014040EA026042F3C011CAE9640140469A
:10C530002021D5F7C3FDFDF755FAFDF75CFA4CF263
:10C54000A9610346C0F6040140465246E8F7C9FA1D
:10C55000B9F1010F1FD102208AF89801052034217A
:10C56000F8F736F8CAF888010AF5C474EBF775F8DD
:10C570009AF8981143F6C913C0F6060300220094F6
:10C58000EBF748F89AF89A71002F69D0DAF884111D
:10C59000002956D164E0B9F1000F61D1DAF8A801A1
:10C5A0000021E8F7BCFDD0B1DAF8A801E8F752FEA7
:10C5B000B8B1002600270024DAF8A801E1B2E8F7B4
:10C5C000AEFD18B1C18800890E430743DAF8A8010F
:10C5D0000134E5B2E8F73EFE8542EDD303E0FF20EB
:10C5E00048E000270026E8F728FFE8F71DFF8188CC
:10C5F0004FF6FF725140C28803894089314027EAD3
:10C60000020241EA02411843CAE9641005203521BB
:10C61000F7F7DEFFCAF8880104200AF5C4748AF827
:10C620009801EBF71AF89AF8981143F6C913C0F677
:10C63000060300220094EAF7EDFFDAF8841179B1DD
:10C64000FF2741F60032C0F60602DAF88001D2E98F
:10C6500000238AF8997101278DE88201F4F79AFF87
:10C66000DAF804202AB141F21870C1F200004946FC
:10C670009047002040B20CB0BDE8F08763616C6C5D
:10C6800065643A20735F656F5F7073635F6F6E738D
:10C69000746F705F7365617263683463616E626F3B
:10C6A000617264732829000010B582B00446EAF76D
:10C6B000D4FF94F8981143F6C91304F5C47CC0F66E
:10C6C00006030022CDF800C0EAF7A4FFD4F88801E1
:10C6D000F7F76AFF352803D1E8F7AFFEE8F7E9FF7F
:10C6E00094F89901FF2804D00138010684F89901D3
:10C6F00001D002B010BDD4F8800102B0BDE81040F6
:10C70000F4F7BCBF2DE9F04381B00446407898B3FC
:10C7100001208DF8030040F20270A4F8B40194F8EF
:10C72000C0010DF10301C4F8B81128B304F5DA799A
:10C7300004F5DE774FF00008002500BF07EB850108
:10C740008969B1B17A5DA2B10A7892B181F80080AD
:10C75000EAB2032000210023FAF73AFC0646E9F783
:10C7600084FD49463246E9F7D9FE07F8058094F87A
:10C77000C00101358542E1D301B0BDE8F08300F08E
:10C78000407000F17D40B0FA80F040097047F0B58C
:10C790008DB041F60015C1F20005D5F8A811064686
:10C7A000084600211446E8F7BAFCA8B10746012C58
:10C7B00014D103202873F1F7A1FF2A7B0321F1F79D
:10C7C0008DFFA878012811D141F60010C1F20000B8
:10C7D0003146F2F7ADFB09E0FF209DE0052028730C
:10C7E000F1F78CFF2A7B0321F1F778FF0020A5F8F1
:10C7F0008C01B07AA5F88E01B6F80500717A40BABE
:10C80000327A40EA0140110640EA0260FA883B8928
:10C8100042EAE17141EA034104AEC5E964013046F0
:10C820002021D5F74BFCFDF7DDF8FDF7E4F84CF6D9
:10C830001F110346C0F6040130462A46E8F751F9B5
:10C84000012C1ED1022085F8980105200521F7F75B
:10C85000BFFEC5F8880105F5C477EAF7FEFE95F836
:10C86000981143F67713C0F6060300220097EAF703
:10C87000D1FE95F89A71002F45D0D5F8841191BB5F
:10C8800041E0002C3FD1E8F7D8FDE8F7CDFD8288E4
:10C890004FF6FF73F9885A403B89C788114023EA55
:10C8A00007020389408941EA02411843C5E964103F
:10C8B00005200721F7F78CFEC5F88801042005F54F
:10C8C000C47785F89801EAF7C8FE95F8981143F601
:10C8D0007713C0F6060300220097EAF79BFED5F80F
:10C8E000841181B1FF2741F60032C0F60602D5F867
:10C8F0008001D2E9002385F899710127CDE900175D
:10C900000296F4F747FE6A682AB141F60010C1F2B8
:10C91000000021469047002040B20DB0F0BD10B598
:10C9200082B00446EAF799FE94F8981143F677131B
:10C9300004F5C47CC0F606030022CDF800C0EAF777
:10C9400069FED4F88801F7F72FFE072803D1E8F72E
:10C9500074FDE8F7AEFE94F89901FF2804D0013881
:10C96000010684F8990101D002B010BDD4F880010D
:10C9700002B0BDE81040F4F781BE10B50446FDF7E3
:10C9800096F921461022BDE81040FDF778B9C0F3B2
:10C9900040607047F0B58DB041F6E8251446064674
:10C9A000012AC1F2000512D103202873F1F7A6FE77
:10C9B0002A7B0121F1F792FEA87801280FD141F6D8
:10C9C000E820C1F200003146F3F73FFC07E0052004
:10C9D0002873F1F793FE2A7B0121F1F77FFE0020F7
:10C9E000A5F88C01B07A0122C0F3430100F00100E8
:10C9F00041EA0020A5F88E013079317A0C2808BF71
:10CA00000222080642EAE070B6F80520737A52BAAC
:10CA100042EA034242EA016104AFC5E964103846C4
:10CA20002021D5F74BFBFCF7DDFFFCF7E4FF4CF6CC
:10CA300021410346C0F6040138462A46E8F751F87A
:10CA4000012C1DD1022085F8980105200821F7F757
:10CA5000BFFDC5F8880105F5C476EAF7FEFD95F837
:10CA6000981143F69113C0F6060300220096EAF7E8
:10CA7000D1FD95F89A6176B3D5F88411E1B92AE031
:10CA80004CBB05200921F7F7A3FDC5F88801042058
:10CA900005F5C47685F89801EAF7DFFD95F8981159
:10CAA00043F69113C0F6060300220096EAF7B2FDA2
:10CAB000D5F8841179B1FF2641F60032C0F606029E
:10CAC000D5F88001D2E9002385F8996101268DE827
:10CAD000C200F4F75FFD6A682AB141F6E820C1F2AE
:10CAE00000002146904700200DB0F0BDB0B588B0E1
:10CAF00041F6E825C1F20005D5F8C41100295AD045
:10CB0000447A00F10A0201F1080021460123E8F706
:10CB1000D1FA287801284ED1042C13D8601C8DF846
:10CB2000080041F60200A5F8B40102A805F5DA7480
:10CB3000C5F8B801E9F799FBD5F8BC212146E9F71A
:10CB400050FD38E0D5F8C02132B141F6E820C1F2FD
:10CB50000000012190472EE041F62830C0F6060083
:10CB600090E82E00D0E904400DF1080CCDE9064014
:10CB700004208CE82E008DF809001020ADF80A0082
:10CB800002200021002203230024FAF721FACDE934
:10CB90000304F7F7E4FD02A9F8F70FF858B1EAF734
:10CBA0005CFD40F6F065C0F6060504A204210023F2
:10CBB0000095EAF72FFD08B0B0BD00BF63616E6E4F
:10CBC0006F74207369673C73747261696E2E667549
:10CBD0006C6C7363616C653E0000000080B586B0CC
:10CBE0000020CDE90400CDE9020004200321F7F77D
:10CBF000EFFC0290EAF731FD0DF1080C04A20421CC
:10CC00000023CDF800C0EAF705FD06B080BD00BFE7
:10CC100073747261696E2074696D656F757400005C
:10CC200010B582B00446EAF718FD94F8981143F65F
:10CC3000911304F5C47CC0F606030022CDF800C0B1
:10CC4000EAF7E8FCD4F88801F7F7AEFC092803D12D
:10CC5000E8F7F3FBE8F72DFD94F89901FF2804D0DD
:10CC60000138010684F8990101D002B010BDD4F852
:10CC7000800102B0BDE81040F4F700BDB0B5044635
:10CC800090F8BC0170B194F8C02120460021002525
:10CC900000F03AF84FF47A7084F80052C4E97C55F9
:10CCA000C4E97E50B0BD00002DE9F0478246D0F8BF
:10CCB000EC018846E8F7CEFA06460020CAF8C4011F
:10CCC00006B30AF5E2790024DAF8EC01E5B2294668
:10CCD000E8F725FA90B1074640462946E9F74FFFA5
:10CCE00060B1797801F00300012807D1C1F3800019
:10CCF00009EB4000C1F3C301E9F708FF0134E0B2DA
:10CD0000B042E1D3BDE8F0872DE9F04782B00129B8
:10CD10004FF0000108BF11468DF8071041F288312D
:10CD20004FF47A7312FB0311C0F8FC1143F6022191
:10CD3000002600F5DA78A0F8B4110DF1070100F52E
:10CD4000E27A40244FF00109C0F8B81104F0FE0067
:10CD5000F1B240EA010401273AF81600F9B2E9F706
:10CD6000C9FE01280DD104F0E10000EB4704E9F70A
:10CD70007CFA25F0FF0141EA040541462A46E9F71D
:10CD800079FC0E2F07F10107E6D301265FEAC9708F
:10CD90004FF00009DAD102B0BDE8F0870021C0F2FF
:10CDA00002210840401AB0FA80F0400970470000A4
:10CDB0002DE9F0478CB041F6B84A9146012AC1F2FC
:10CDC000000A16D1064603208AF80C00F1F796FCFB
:10CDD0009AF80C200521F1F781FC9AF8020001284D
:10CDE00011D141F6B840C1F200003146F3F7BCFD65
:10CDF00009E005208AF80C00F1F780FC9AF80C2075
:10CE00000521F1F76BFC00200DF11008CAE9630061
:10CE1000CAF8940140462021D5F750F9FCF7E2FD0D
:10CE2000FCF7E9FD4CF665710346C0F60401404687
:10CE30005246E7F756FEB9F1010F1FD102208AF8DA
:10CE4000980105202E21F7F7C3FBCAF888010AF5DF
:10CE5000C474EAF702FC9AF8981143F6B713C0F6C7
:10CE6000060300220094EAF7D5FB9AF89A71002F86
:10CE70006AD0DAF88411002957D165E0B9F1000FC2
:10CE800062D1DAF8A8010021E8F749F9D8B1DAF857
:10CE9000A801E8F7DFF9C0B100260027002400BF91
:10CEA000DAF8A801E1B2E8F73AF918B1C1880089C7
:10CEB0000E430743DAF8A8010134E5B2E8F7CAF9EE
:10CEC0008542EDD303E0FF2048E000270026E8F785
:10CED000B4FAE8F7A9FA81884FF6FF725140C28888
:10CEE00003894089314027EA020241EA024118439E
:10CEF000CAE9641005203021F7F76AFBCAF88801F7
:10CF000004200AF5C4748AF89801EAF7A6FB9AF897
:10CF1000981143F6B713C0F6060300220094EAF70F
:10CF200079FBDAF8841179B1FF2741F60032C0F6B7
:10CF30000602DAF88001D2E900238AF89971012704
:10CF40008DE88201F4F726FBDAF804202AB141F6D5
:10CF5000B840C1F2000049469047002040B20CB0F2
:10CF6000BDE8F08710B582B00446EAF776FB94F886
:10CF7000981143F6B71304F5C47CC0F606030022EB
:10CF8000CDF800C0EAF746FBD4F88801F7F70CFBB0
:10CF9000302803D1E8F751FAE8F78BFB94F89901B0
:10CFA000FF2804D00138010684F8990101D002B0AD
:10CFB00010BDD4F8800102B0BDE81040F4F75EBBAC
:10CFC0002DE9F0410646C0688846F1F76DF93169F0
:10CFD00004460846F1F768F9716907460846F1F713
:10CFE00063F90546381928430FD055EA07000FD0DA
:10CFF000D6E92A0103220023D4F72DFB012A09D008
:10D00000022A05D170692C4606E00024002003E0C6
:10D01000F06801E030693C46A8F80040BDE8F081C6
:10D0200070B50546084614460E46F9F7C7FF0128B5
:10D0300004D13046F9F7C4FF022804D108200021AA
:10D040002170285870BD3046F9F7BDFF042802D280
:10D050000C200121F4E73046F9F7B5FF0321082839
:10D060004FF0140038BF022138BF1020E8E7426AB1
:10D070004B6A9A4218BF704789884288511A41808A
:10D08000704770B505466A88406A0C461146F1F74C
:10D0900035FA69780646C90705D006F1080105F199
:10D0A0000800EFF757FBE8884FF6FF71884208BF8A
:10D0B00070BDD4E91612331831505A6070BD0000AB
:10D0C000B0B5B0F89CC0B0F89E30B0F8A040B0F851
:10D0D000A2E003290AD8DFE801F00208040694441C
:10D0E00004E0144402E0964400E0134499B2A2B272
:10D0F000914288BF0A461FFA8EF18A4298BF0A46BB
:10D1000012FA8CF1B0F8A6200020914298BF0120BD
:10D11000B0BD000003291AD8DFE801F00214080EA0
:10D12000B0F89C101144A0F89C1010E0B0F8A010CA
:10D130001144A0F8A0100AE0B0F8A2101144A0F821
:10D14000A21004E0B0F89E101144A0F89E10B0F8B0
:10D150009E10B0F8A020B0F8A230914288BF0A46D5
:10D16000B0F89C109A4298BF1A461144A0F8A41037
:10D17000704700694968401A18BF4FF0FF30704788
:10D180002DE9F0438BB00446E8B10E46D9B141F623
:10D190001C30C0F60600D0F80090184649461F46DD
:10D1A0009046FCF74EFE4046F0F7A2FF0546384693
:10D1B000FCF73AFE65B1A06A716802AAEFF79AFC23
:10D1C00068B1032005E00CB10120E067FE2502E014
:10D1D0000220E067FF2568B20BB0BDE8F08302A82B
:10D1E000EFF7B2FA717870800846F0F7F9FE01287F
:10D1F0001BD17078002101220025F0F7B7FEC0B1E5
:10D20000B068B8B9EAF729FA40F6F06744F6CF12E9
:10D2100043F60B23C0F60607C0F60602C0F6060367
:10D2200004210097EAF7F6F9D4E70020B060708097
:10D2300000E0B560E06E4946FCF703FED4E9083033
:10D240000DF12A0502A932460095E7F70BFE30B131
:10D250000546E06E0421E167FCF7E6FDBBE73846D2
:10D260004946FCF7EEFD216A0DF1260000900AAB5D
:10D27000404600224FF00009F0F778FF0546384697
:10D28000FCF7D2FDE06EFCF7CFFD9DB1BDF82800A4
:10D29000BDF82610ADF80690C4E920010DF1060195
:10D2A0004046F0F718FFBDF80600C4F888000520D6
:10D2B000E06790E73078800617D5E06AA8B131467C
:10D2C000E9F761FC88B1EAF7C8F940F6F06744F67F
:10D2D0001C2243F60B23C0F60607C0F60602C0F672
:10D2E000060304210097EAF795F9002573E770B566
:10D2F0000978044602F001001E2202EAD101084426
:10D3000040EA4315E8F78BFDE9B201222346E8F72E
:10D31000C4FCFF280CD00546049EFE2001212246B5
:10D320002B46FAF7D7FA002E08BF70BD357070BDD6
:10D33000002070BD70B5144602781E2301F0010173
:10D34000007A03EAD2021144202202EA90000D186A
:10D35000E8F765FD2946012200230026E8F79DFC39
:10D36000FF2809D00546FE20012100222B46FAF7AE
:10D37000B1FA064604B12570304670BD30B144F6AE
:10D380002870C1F200004068FCF79CBF6FF00100FC
:10D390007047704710B586B014480DF1080C019025
:10D3A00012A0031D00690ECB059001A88CE80E00A9
:10D3B000ECF76AFAF7F708FD04462830F7F7D8F9D2
:10D3C000F8F7D6FFE16A4AF22012C0F20702F9F735
:10D3D000CBF90446ECF74EFA002114B1ECF7BAFA97
:10D3E00001E0ECF7D8FA06B010BD00BF3F00000026
:10D3F000B53D05087D3E0508353E0508C53E0508D6
:10D40000B0B50446007D0D4610B1206985420FD0AD
:10D41000002020752561F8F7ABFF44F64032C0F2DA
:10D420004C022946F9F7A0F900B1B0BD01202075E2
:10D430000020B0BDF8B1B0B582B001A90DF1020273
:10D440000446EFF7D6FB41F21805C1F20005287D2E
:10D45000019910B12869814206D041F21800C1F249
:10D460000000FFF7CDFF18B968682146F2F746FDC6
:10D4700002B0BDE8B04070472DE9F04182B041F202
:10D4800018048046C1F2000400200E46D4E9025779
:10D490000190ADF8020008460221E9F720FB0128BF
:10D4A00006D13846FFF7C6FF206B00210EF066F864
:10D4B00030460121E9F713FB012824D141F6203140
:10D4C000C0F6060160680A682946F2F7A7FB70B942
:10D4D000F7F7C2FD2946F7F7FEFD40B9F7F7BCFDA7
:10D4E00001A9F7F7C2FD10B90198FFF7A3FF606823
:10D4F0000DF10201F2F746FDBDF8020018B14046F9
:10D500000121F9F751FC02B0BDE8F081B0B58CB053
:10D5100004AD044628462021D4F7D0FD2846012139
:10D520002246E7F7EAFA41F21801C1F20001486821
:10D53000898C002403220023CDE900450294F2F7F0
:10D5400033FCEAF78AF843F6351203A1C0F6060267
:10D55000EAF7A7F80CB0B0BD63616C6C6564205F3E
:10D560007461736B5F737461727475702829000045
:10D5700070B588B00C4605460020CDE90600ADF830
:10D580001600ADF81400ADF812000390029029B90E
:10D5900044F2EC60C1F20000F7F754FE204610217F
:10D5A000E9F79DFA012805D144F2EC60C1F20000D0
:10D5B000F7F747FE20460421E9F791FA012807D141
:10D5C000F7F7CDF8012108B0BDE87040F7F7C9BA08
:10D5D00020460221E9F783FA012819D1F8F79EFDC8
:10D5E00006A90DF112020023F8F743FD20B1F8F768
:10D5F00095FDF7F73FFE0BE0BDF8120040B1F8F7DC
:10D600002EFC069944F64032C0F24C02F8F70BFDAE
:10D6100020460121E9F763FA012843D144F2EC6680
:10D62000C1F200060020ADF80600ADF80400ADF828
:10D630000200B080F8F713FC07A90DF11602F8F705
:10D64000CAFC78B9F8F76AFD079905AA02ABF8F7A2
:10D65000EEFD20B1F8F762FDF7F70CFE02E0BDF831
:10D660001400B08044F2EC60C1F20000F7F7E8FD6E
:10D67000F8F754FD0DF1060101AA0DF10203F8F7C8
:10D68000CBFDBDF80600BDF80410084303D02846C2
:10D690000221F9F789FBBDF8160018B128460121CF
:10D6A000F9F782FB20462021E9F719FA012805D174
:10D6B00044F2EC60C1F20000F7F7C5FD20464021BE
:10D6C000E9F70DFA012805D144F2EC60C1F200003F
:10D6D000F7F7C0FD20468021E9F701FA012805D1BE
:10D6E00044F2EC60C1F20000F7F7BBFD20464FF4B6
:10D6F0008071E9F7F4F9012805D144F2EC60C1F238
:10D700000000F7F7B5FD20460821E9F7E8F9012800
:10D7100004D1F7F724F80021F7F723FA08B070BD19
:10D7200080B5E9F79AFF43F6E50203A1C0F60602C9
:10D73000BDE88040E9F7B5BF63616C6C6564205F4C
:10D740007461736B5F737461727475702829000063
:10D75000F0B585B041F24C070446C1F20007002045
:10D76000BD680290ADF8060008460121E9F7B7F957
:10D77000012842D141F62031C0F6060178680A68D6
:10D780002946F2F74BFA60BBF7F72AFE2946F7F76E
:10D7900087FE30BBF7F724FE02A9F7F72AFE00BB8D
:10D7A000029DF5B104A90DF10E022846EFF721FA0A
:10D7B000387D049E10B1386986420ED0002038753D
:10D7C0003E61F8F7D5FD44F64032C0F24C023146D6
:10D7D000F8F7CAFF28B90120387578682946F2F7AA
:10D7E0008DFB78680DF10601F2F7CCFBBDF8060061
:10D7F00018B120460121F9F7D7FA05B0F0BD0000B5
:10D80000B0B58CB004AD044628462021D4F756FCB0
:10D81000284601212246E7F770F941F24C01C1F296
:10D8200000014868898C002403220023CDE90045CB
:10D830000294F2F7B9FAE9F710FF43F6FB0203A1ED
:10D84000C0F60602E9F72DFF0CB0B0BD63616C6C49
:10D850006564205F7461736B5F737461727475705B
:10D86000282900002DE9F04194B0054600200C461F
:10D87000CDE91200ADF84600ADF84400ADF8420025
:10D88000CDE90E0008464FF08071E9F728F944F21F
:10D8900018780128C1F2000817D144F63070C1F29F
:10D8A000000001684746013157F8106F0160E9F741
:10D8B000D4FE43F616130421C0F606030022092EF7
:10D8C00008BF01210097E9F7A5FE20464FF000515F
:10D8D000E9F705F9012814D1F8F720FC12A90DF198
:10D8E00042020023F8F7C5FB58B9BDF8420040B129
:10D8F000F8F7B5FA129944F64032C0F24C02F8F744
:10D9000092FB20460121E9F7EAF8012836D10020F0
:10D91000ADF81000ADF83600ADF83400F8F79FFA16
:10D9200013A90DF14602F8F756FB68B9F8F7F6FBB4
:10D93000139911AA0EABF8F77AFC139944F21870F8
:10D94000C1F20000F7F71FFFF8F7E8FB04A90DF19B
:10D9500036020DABF8F760FCBDF81000BDF83610CC
:10D96000084304D028464FF00051F9F71DFABDF8DE
:10D97000460018B128460121F9F716FA20464FF063
:10D980008041E9F7ACF8012824D1D8F80400F3F776
:10D9900080FD01281ED004AD28462021D4F78EFB3F
:10D9A000D8F8002028464FF08071E7F7A6F841F636
:10D9B0000031C0F60601D1E9002341F61831C0F666
:10D9C0000601D8F8040009680127CDE9001702957F
:10D9D000F3F7E0FD20460221E9F781F8012802D1A2
:10D9E0000220F7F7D1FE20460421E9F778F8012854
:10D9F00002D10420F7F7C8FE14B0BDE8F0810000A2
:10DA000080B5E9F72AFE43F6161203A1C0F6060216
:10DA1000BDE88040E9F745BE63616C6C6564205FDA
:10DA20007461736B5F737461727475702829000080
:10DA300080B500200DF022FF18B1BDE880400DF048
:10DA4000EFBE002080BDF0B581B090B30E4691B31B
:10DA50004FF62C3144F67077C0F60501C1F200078D
:10DA60000C683869214615460DF02CFD4FF6E8503C
:10DA7000388348F2A060C0F20100C7E907600020C7
:10DA8000B875C7E90A00386801213D63397518B1D6
:10DA900078680421F9F788F9786B21460DF040FD8C
:10DAA000B87D441E386918BF6FF002040DF0E8FC21
:10DAB00002E0FE2400E0FF2460B201B0F0BD0000EF
:10DAC00070B110B582B0102A0CD044F67070C1F25B
:10DAD0000000022A2BD140680221F9F76DF92DE0F0
:10DAE000FE202FE044F670744FF62C32C1F2000491
:10DAF000C0F60502A06C126800230DF0D9FBC8B176
:10DB000044F27C60C1F20000416801314160E9F7F4
:10DB1000A4FD40F6F06443F68803C0F606040AA2AA
:10DB2000C0F6060303210094E9F774FD06E040689F
:10DB3000114601E060681021F9F736F9002002B0C3
:10DB4000BDE8104040B27047735F656F6D5F6970EC
:10DB50006E65745F416C65727428293A2063616E4A
:10DB6000742070757420696E207478206669666F01
:10DB7000000000002DE9F04182B000284FF0FE05C2
:10DB800071D00C4600296ED006462046F1F7F7FF0B
:10DB90000546E9F762FDB5FA85F140F6F06843F60F
:10DBA00088034909C0F6060831A2C0F60603CDF87D
:10DBB0000080E9F728FD4FF62C3144F67077C0F667
:10DBC0000501C1F200070D68386929460DF07AFC9D
:10DBD000B06918B1ECF72BF8012801D1FF253FE01F
:10DBE0002068416941BB807C012825D141F61C3168
:10DBF000C0F6060160680A680DF10601EAF704FB49
:10DC00009DF8060000210130C0B20DF0D9FC21685A
:10DC10004861E9F722FD216844F2DD12496943F6C3
:10DC20008803C0F60602C0F60603002918BF0121CA
:10DC3000CDF80080E9F7E7FC00203863386802215E
:10DC4000FC61397518B178680421F9F7ADF8786B83
:10DC500029460DF065FCB87D451E18BF6FF0020522
:10DC600038690DF00DFC68B202B0BDE8F08100BF6C
:10DC7000735F656F6D5F69706E65745F4174746129
:10DC80006368536F636B657428293A206F6E6C79F3
:10DC900020646174616772616D20736F636B65747A
:10DCA00000000000F0B583B000284FF0FE0447D01C
:10DCB0000D46002944D006462846F1F760FF044689
:10DCC000E9F7CBFCB4FA84F140F6F06743F6880339
:10DCD0004909C0F606071CA2C0F606030097E9F73B
:10DCE00092FC4FF62C3144F67077C0F60501C1F274
:10DCF00000070C68386921460DF0E4FBB069029515
:10DD0000D0B102A9EBF76CFFB0B102983968F861A5
:10DD1000002038634FF00300387519B1786804218A
:10DD2000F9F742F8786B21460DF0FAFBB87D441EF6
:10DD300018BF6FF0020400E0FF2438690DF0A0FB6B
:10DD400060B203B0F0BD00BF735F656F6D5F697057
:10DD50006E65745F446574616368536F636B65746B
:10DD600028293A206F6E6C79206461746167726152
:10DD70006D20736F636B65740000000070B582B036
:10DD80000446FD20DDF818C08DF807002068407CAF
:10DD9000012801D102B070BD44F67075C1F20005D2
:10DDA000B2F800E0286C5668194662467346009641
:10DDB000EEF73CFF6068D5E91012EAF7C7FA8DF874
:10DDC00007009DF80700C0B144F27C60C1F200007A
:10DDD000016801310160E9F740FC40F6F066C0F6E9
:10DDE000060643F688030FA2C0F606030321069633
:10DDF00002B0BDE87040E9F70DBC206841F6203163
:10DE0000C0F6060180680968E6F720FE2068817C7C
:10DE10000129BFD14069002102B0BDE870400DF07A
:10DE2000ADBB00BF735F656F6D5F69706E65745FDA
:10DE30004F6E526563657074696F6E44617461679B
:10DE400072616D28293A2063616E742070757420A8
:10DE5000696E207278206669666F0000F0B581B047
:10DE60000746084614460E46E8F73FFE05464FF0C3
:10DE7000FE0007B3FEB13046F1F781FE0646E9F732
:10DE8000ECFBB6FA86F140F6F06743F688034909E1
:10DE9000C0F6060709A2C0F606030097E9F7B3FB30
:10DEA000686938B121460DF03BFB002818BF6FF0C0
:10DEB000020000E0FF2040B201B0F0BD735F656F6B
:10DEC0006D5F69706E65745F576169745061636BF3
:10DED000657428293A206F6E6C79206461746167DB
:10DEE00072616D20736F636B65740000B0B544F6AA
:10DEF0007074C1F20004207D012834D1208BA8B3B6
:10DF0000216B09B901382083E06901216175D2F7DD
:10DF1000E3FBD8B10DF0CEFB226AD4E90A35D21862
:10DF200045F100030A3A63F10003801A71EB030024
:10DF30001BD30DF0BFFBE269C4E90A0110460021C2
:10DF40000122D2F745FB002818BFB0BD4FF4807006
:10DF50000022A4F81500606B22832262A262E262B2
:10DF60000021226312E000206075B0BD206B002507
:10DF70002575C4E90755A562E562A4F8155018B1E6
:10DF8000A06BF3F77BFB2563606B0021BDE8B0401D
:10DF90000DF0F4BA2DE9F04188B044F67077C1F283
:10DFA00000073868CD0690F82000002847D00C46BE
:10DFB000D2F7A4FE44F65070002DC1F2000002D446
:10DFC000017800297AD04FF62C310022C0F60501E5
:10DFD0000270B86C096807920DF0C6F800286DD081
:10DFE00005460068007C032868D141F61C32C0F663
:10DFF000060216680021A868ADF812100DF1120192
:10E000003246EAF7E8F9BDF8120000284DD0A868BA
:10E0100007A93246EAF718F9D8B144F27C60C1F298
:10E020000000816801318160E9F717FB40F6F06676
:10E0300044F21032C0F60606C0F606022DE0002DAE
:10E0400040F1E58044F65070C1F2000001210170FA
:10E05000DDE0079908690B890A680690ADF814306D
:10E0600028688B88406805A9D2F7BFFFAA68796C39
:10E0700006461046EAF794F9002E00F0CB8044F2F1
:10E080007C60C1F20000C1680131C160E9F7E5FAC6
:10E0900040F6F066C0F606066DA243F68803C0F6A9
:10E0A000060303210096E9F7B5FAB86C00210DF0DC
:10E0B0002BF918B178681021F8F776FE600740F167
:10E0C0009B80387D00210328ADF81C105ED002280B
:10E0D00034D0012840F09080388B002800F08C80EC
:10E0E00001383883012078750DF0E4FAFA69C7E940
:10E0F0000A011046002101220025D2F769FA002802
:10E1000070D0386B002877D0F869D2F7E5FA00288C
:10E1100000F094807A68F86B0821E6F7EEFC41F68F
:10E120000030C0F60600D0E90023396BD7E90E06AF
:10E1300000258DE86200F3F72DFA5DE0FE693046B8
:10E140000596E8F7D2FC05460020B8753875F861E9
:10E150003920D2F755FE6860B0B16A880021D2F745
:10E16000B3FE88B968684DF67D51C0F604013246A9
:10E17000D2F7C6FF40B9032039682874886905A919
:10E18000EBF737FE0120B875786B32E0FD697A6CE9
:10E19000A86807A9EAF71FF938B9BDF81C0020B133
:10E1A00078681421F8F700FE26E038680595D0F865
:10E1B00018802846E8F799FC0026BE753E75FE617A
:10E1C00005464068D2F755FE05A940466E602E749C
:10E1D000EBF706FD01464046EBF778FC786B012132
:10E1E000B97506E04FF48070A7F81500786B3D8391
:10E1F0003D6300210DF0C2F9200703D500203883CC
:10E20000FFF774FE787D012808BFFFF76FFE08B0A6
:10E21000BDE8F0812868C06800283FF446AFE6F703
:10E220003CFC00283FF441AF286841F62031C0F69D
:10E230000601C0680968E6F709FC36E74FF480700C
:10E240000021A7F81500786B39833963D2E700BF46
:10E25000735F656F6D5F69706E65745F70726F6319
:10E260006573735F7472616E736D697373696F6EDA
:10E270005F646174616772616D28293A2069706119
:10E280006C206661696C7320696E207478000000F0
:10E290007047D2F73CBD704780B5F8F76CFA0020A4
:10E2A00080BD40680DF0ECB840680DF00BB980B54A
:10E2B00044F65471C1F2000148614EF2B140C0F61B
:10E2C00004000DF009FA002080BD000082B0044671
:10E2D0000068D4E90665D0E90027002101910AB160
:10E2E000204690470DF104086FF0020928460021EE
:10E2F000424633460CF076FEB0EB09012046019A07
:10E3000018BF1146B847F1E704460068A569D0E98F
:10E3100000261AB120460021904700BF28460CF085
:10E3200091FE01462046B047F8E700000446006829
:10E33000A569D0E900271AB120460021904700BF07
:10E34000A068294600220CF00FFFE1680646084647
:10E35000294600220CF008FF06B1B047204631469E
:10E36000B847EDE780B582B0002140688DF807100E
:10E370000DF107010DF089FA9DF8070002B080BD8C
:10E3800070B504468068A8B1E06898B10D460121D7
:10E3900016460CF0D1FE80B1E06831460022012320
:10E3A0000CF086FFA068294600220123BDE87040DA
:10E3B0000CF07EBFFE2040B270BDFF20FBE78068FE
:10E3C00018B1002201230CF073BF6FF001007047F9
:10E3D0000A464168104601220CF050BE044600680F
:10E3E000A569D0E900261AB120460021904700BF58
:10E3F000A068294600220CF0B7FE01462046B0472F
:10E40000F6E7000004460068A569D0E9002612B1CD
:10E4100020460021904728460DF024FB0DF036FBE6
:10E4200020462946B047F9E7F0B581B00546806837
:10E43000B8B1E868A8B10E4601211C4617460CF099
:10E440007BFE90B1E8683946224600230CF030FF8D
:10E45000A86831462246002301B0BDE8F0400CF028
:10E4600027BFFE2040B201B0F0BDFF20FAE7806870
:10E4700010B100230CF01CBF6FF0010070470A467A
:10E480004168104600220CF0F9BDB0B504460068A2
:10E49000D0E9002322B1204600211D4690472B469B
:10E4A00023B120460021BDE8B0401847B0BD0000B0
:10E4B0002DE9F04798B051480DF1040C00904FA0A1
:10E4C000061D4ECED0E905508CE84E00CDE9055032
:10E4D000E9F7C3F843F66808C0F60608E946494676
:10E4E0004246E9F7DEF84AF2D811C0F6060148467E
:10E4F0004822D3F742FDE9F7B0F849464246E9F72A
:10E50000D0F844F6547AC1F2000ADAF80C00F8F7B1
:10E5100055FCDAF81000F6F76DF83F480DF1040EDF
:10E5200000903DA000F1040C9CE89E10D0E9076526
:10E530008EE81E00D0E9091290F82C000597CDE96D
:10E540000912CDE90765CDF818C08DF82C00E9F760
:10E5500084F849464246E9F7A4F8DAF8140000B115
:10E5600080474AF2A410C0F6060090E88E00D0E979
:10E5700004658DE88E0000F12007D0E906C4C36A67
:10E5800086CF008ECDE904650B93CDE90927CDE94F
:10E590000741CDF818C0ADF83000E9F75EF843F652
:10E5A0006808C0F60608E94649464246E9F779F8A0
:10E5B00025480DF1040E009023A0071D8ECFD0E951
:10E5C000056C8EE88E0000F12407D0E907548ECF49
:10E5D0000596466B90F83800CDE908410AA9CDE9C7
:10E5E00006C58CC10D968DF83800E9F736F8494616
:10E5F0004246E9F756F818B0BDE8F0874F53414C52
:10E600003A3A74736B696E69743A206A7573742050
:10E6100073746172746564004F53414C3A3A747379
:10E620006B696E69743A2063616C6C696E67207502
:10E630007365722D646566696E65642066756E63C8
:10E6400074696F6E000000004F53414C3A3A747386
:10E650006B696E69743A2061626F757420746F2003
:10E6600073746F7020697473656C6620616E6420CA
:10E670007374617274207363686564756C696E6726
:10E680000000000070B586B04FF0FE0698B10D4650
:10E6900089B10446287E00F0030001280AD02869C9
:10E6A00040B141F61C31C0F6060120690968F8F74F
:10E6B000CAF818B1FF2670B206B070BD95E80E001A
:10E6C0002869CDE90212297E0493C1F380018DF8F7
:10E6D00014104EF22771C0F60401CDE9001502A90D
:10E6E0006A4600230DF072FA297E0646B0FA80F0E1
:10E6F000400901F0FC01084428762069F8F79CF8ED
:10E70000D9E7B0B54FF0FE0558B10C4649B12069C4
:10E71000002530B10DF0D0F9207E256100F0FC001D
:10E72000207668B2B0BD10B5087F0C46012810D124
:10E73000616A21B1206A496801220CF09FFC207EA9
:10E74000400748BF10BD20460221BDE81040F2F747
:10E75000CABF45F29800C1F2000040682146BDE8FA
:10E760001040F8F727BB10B50C464FF0FE0180B102
:10E770007CB1206908B1FF210BE00DF0D7F9217EB3
:10E78000206101F0FC0121760021002808BF4FF034
:10E79000FF3148B210BD70B54FF0FE06C8B10D464E
:10E7A000B9B141F61C31C0F606010446006909689A
:10E7B000F8F749F808B1FF260BE028690021002688
:10E7C0000DF050FA28460021F2F78DFF2069F8F786
:10E7D00033F870B270BDB0B571B145F29805C1F2B1
:10E7E00000050C46286841F61C31C0F60601006998
:10E7F0000968F8F728F800B1B0BD41F62030C0F63E
:10E800000600016804F11C00E6F720F9207E4007AD
:10E8100003D420460221F2F766FF28680069BDE8AC
:10E82000B040F8F709B8000070B5FE284FF6FF7C3D
:10E8300004D144F29C60C1F2000010E044F2D064C4
:10E84000C1F200042478A04230D244F2CC64C1F278
:10E850000004246854B300EB400004EB001042F2C3
:10E86000E804C0F60604645CA2421FD250F821E01E
:10E87000BEF1000F1AD01EF80200834216D242F2F7
:10E88000EC00C0F6060050F821C0002152B110463D
:10E89000644600BF1EF8015B34F8026B013806FBCA
:10E8A0000511F7D13CF8120000FB031C1FFA8CF095
:10E8B00070BD10B504460020B0EB946F18BF10BDBA
:10E8C000200EF9F73EF842F2E801C0F606010A5CB4
:10E8D000C4F307418A4214D942F2FC02C0F6060290
:10E8E00052F82020535CE2B293420AD942F2C803A4
:10E8F000C0F6060353F8200050F8210050F822001B
:10E9000010BD002010BD70477047002070474FF0C9
:10E91000FF3070474FF0FF3070474FF0FF307047C7
:10E920004FF0FF3070474FF0FF3070474FF0FF302F
:10E93000704780B590F808C0D0F804E0CCF34303EA
:10E940000B6000238B8008238B71007A02F07F021A
:10E9500000F0E0002038B0FA80F0400942EAC01030
:10E9600008729EED000A9EED011A9EED022ABDEE90
:10E97000C00A10EE100ABDEEC10AA1F8090010EE9F
:10E98000100ABDEEC20A9EF82420A1F80B0010EE7A
:10E99000100AA1F80D00CA7380BD80B590F808C0B8
:10E9A000D0F804E0CCF343030B6000238B800823F2
:10E9B0008B71007A02F07F0200F0E0002038B0FA9C
:10E9C00080F0400942EAC01008729EED061A9EEDE2
:10E9D000052A9EED040ABDEEC11A11EE100ABDEE25
:10E9E000C21AA1F8090011EE100ABDEEC00AA1F882
:10E9F0000B0010EE100AA1F80D0080BD80B590F854
:10EA000008C0D0F804E0CCF343030B6000238B80F4
:10EA100007238B71007A02F07F0200F0E0002038BB
:10EA2000B0FA80F0400942EAC01008729EED061A62
:10EA30009EED052A9EED040ABDEEC11A11EE100AE4
:10EA4000BDEEC21AA1F8090011EE100ABDEEC00A0F
:10EA5000A1F80B0010EE100AA1F80D0080BD000017
:10EA600010B504460CF006F80BF0C2FF44F6C83CA3
:10EA70000021C1F2000C0022207000BF0CEB010449
:10EA800094F840301031834208BF04F14102B1F5DF
:10EA9000807FF3D144F2466144F24063C0F6060140
:10EAA000C0F60603022808BF0B4644F21D61C0F6FB
:10EAB0000601012818BF1946002A18BF114608464A
:10EAC00010BDB0B50446E9F77BFAE9F773FA0546DD
:10EAD0000220287000206C70C5E90100E9F770FA87
:10EAE0002946BDE8B040E9F7B5BAB0B50446E9F744
:10EAF00067FAE9F75FFA05460420287000206C7079
:10EB0000C5E90100E9F75CFA2946BDE8B040E9F73C
:10EB1000A1BA4A68531C08D0436809688B4208D1DF
:10EB2000C068904205D1002004E04068096888422E
:10EB3000F9D0FF2040B270470121D2F7C1BCD2F713
:10EB400005BDD2F715BD0000FEE70000F0B589B0A5
:10EB50000446D0E901070D46F8F735FA6078002140
:10EB60000128079106911AD0032847D133A0405DB0
:10EB700007978DF81900E7F778FB626806AE314613
:10EB8000E7F72FFD2EA0405D07978DF81900E7F7F6
:10EB90006CFB62683146E7F724FD2AA024E0E6F723
:10EBA0005EFBE6F76EFBF2F7B6FD6168EEF707FA7B
:10EBB00030B3032101801EA0405D00278DF81900AD
:10EBC0000797E7F752FB626806AE3146E7F709FDA3
:10EBD00018A0405D07978DF81900E7F746FB6268BB
:10EBE0003146E7F7FEFC14A0405D07978DF8190049
:10EBF000E7F73BFB62683146E7F7F3FC09B0F0BD8D
:10EC0000002500202921ADF80C50F5F7E1FC029019
:10EC1000E0686168ADF80E50CDE90410E8F71DFD1D
:10EC200002AF0421002200230097E8F7F3FCE5E798
:10EC3000534F0000555100005E600000524E00002E
:10EC4000545000005D5F000070B50C460546E9F7C2
:10EC5000B7F9E9F7AFF90646032030700020747069
:10EC6000C6E90150E9F7ACF93146BDE87040E9F773
:10EC7000F1B90000FEE72DE9F04F87B004468A465F
:10EC800001F0010021781E239346227A03EAD10184
:10EC90000844202101EA92014518E7F7C0F8294607
:10ECA000012200230026E6F7F8FFFF2800F08F80FE
:10ECB0000746012000213A4606230026F8F788F986
:10ECC0008146E6F7CCFAE6F7DCFAF2F724FD49468E
:10ECD0008046EEF774F9F8B10546FE204946FAF78A
:10ECE0007DFDBBF15A0F824650D0BBF1580F6DD15C
:10ECF000B4F90960B4F90B40EBF7D3FF394632465B
:10ED0000EBF748FF8AED000AEBF7CBFF39462246C6
:10ED1000EBF7EEFE042042E000202C21ADF80C6061
:10ED2000F5F756FC0290ADF80E60CDE90496E8F7D1
:10ED300094FC02AD0421002200230095E8F76AFC50
:10ED400000201B21F5F744FC02902068A1796FF3A5
:10ED50001F3040EA0130ADF80E002046E7F73BFED9
:10ED600005912178049008098DF80D000220BAF170
:10ED7000000F08BF01208DF80C00E8F76EFC02219F
:10ED8000002200230095E8F745FC20E0B4F9094093
:10ED9000EBF787FF39462246EBF774FF0820504413
:10EDA00080ED000A687829780130C2B2914268701B
:10EDB0000AD14046494600220026EEF713FAF5F73D
:10EDC000CEFCF5F7D9FE02E0002600E0FF2670B287
:10EDD00007B0BDE8F08F00002DE9F04786B004468B
:10EDE0000D4601F0010021781E231746227A03EA1E
:10EDF000D1010844202101EA92014618E7F70FF8F3
:10EE00003146012200230026E6F747FFFF2800F0E5
:10EE100095800246A7F14F00042306284FF0FF0615
:10EE200005D8DFE800F00A8B0A8B098B0900602FF8
:10EE300003D05E2F40F082800223012000214FF09A
:10EE4000000AF8F7C5F88146E6F709FAE6F719FA75
:10EE5000F2F761FC49468046EEF7B1F8A8B30646E2
:10EE6000FE204946FAF7BAFC532F01D04F2F69D143
:10EE7000B4F90910B4F90B2000EE101A01EE102AB3
:10EE8000B8EEC00AB8EEC11A80ED000A80ED011A92
:10EE900004F10D010822B1F90010104400EE101A1F
:10EEA000B8EEC00A80ED000A707831780130C2B245
:10EEB0009142707041D1404649460022EEF792F9E6
:10EEC000F5F74DFCF5F758FE37E000202C21ADF8A2
:10EED0000CA0F5F77DFB0290ADF80EA0CDE9049AE9
:10EEE000E8F7BBFB02AE0421002200230096E8F7FE
:10EEF00091FB00201B21F5F76BFB02902068A179A4
:10EF00006FF31F3040EA0130ADF80E002046E7F7FE
:10EF100062FD05912178049008098DF80D0002200A
:10EF2000002D08BF01208DF80C00E8F796FB0221A8
:10EF3000002200230096E8F76DFB002670B206B0B1
:10EF4000BDE8F087B4F9091007F0FB0200EE101AD3
:10EF5000512AB8EEC00A0DD1B4F90B1080ED060AA3
:10EF600000EE101AB8EEC00A80ED050A04F10D019A
:10EF7000102290E704F10B01202280ED070A8AE7B6
:10EF80002DE9F04F87B004468A4601F00100217850
:10EF90001E239046227A03EAD1010844202101EA87
:10EFA00092014518E6F73BFF29460122002300267F
:10EFB000E6F773FEFF2800F081800746012000215C
:10EFC0003A4605230026F8F703F88346E6F747F9A3
:10EFD000E6F757F9F2F79FFB59468146EDF7EFFF49
:10EFE00078B30546FE205946FAF7F8FBD4F80940F5
:10EFF0008246EBF756FE39462246EBF709FCB8F19C
:10F00000410F514604D0B8F1430F56D10AF1040123
:10F010000860687829780130C2B2914268704AD19C
:10F02000DAE9001000228842B8BFCAE90001484668
:10F0300059460026EEF7D6F8F5F791FBF5F79CFD5B
:10F040003CE000202C21ADF80C60F5F7C1FA0290ED
:10F05000ADF80E60CDE904B6E8F7FFFA02AD042181
:10F06000002200230095E8F7D5FA00201B21F5F7D0
:10F07000AFFA02902068A1796FF31F3040EA0130A7
:10F08000ADF80E002046E7F7A6FC05912178049024
:10F0900008098DF80D000220BAF1000F08BF012009
:10F0A0008DF80C00E8F7D9FA022100220023009520
:10F0B000E8F7B0FA02E0002600E0FF2670B207B0E1
:10F0C000BDE8F08FB0B545F2F005C1F20005297832
:10F0D000044651B943F6486045F2F001C0F6060017
:10F0E000C1F20001502200F0D3F901202870D5E9C7
:10F0F00010232046BDE8B040E5F799B9B0B545F218
:10F100005024C1F200044FF481604FF6FF7144F6C1
:10F11000403304F1100C4FF0FF32C0F24C038CE886
:10F120000B0004F128004FF44071C4E90722626229
:10F13000D2F7C4FF43F65865C0F6060520462946B7
:10F1400000F0FCF8002305F1180021464FF44A7244
:10F150002370BDE8B04000F0CAB9B0B5069C0246C5
:10F160000220022100230025FAF79AFB40B10498FF
:10F1700040F22F71C0F2020101600120042500E07D
:10F1800000202580B0BD2DE9F04182B006460F4633
:10F19000DDF8288002200221324600230025FAF7FC
:10F1A0007FFBC0B1089C7F2E18D1B878099901382F
:10F1B000B0FA80F045F2E9024009C1F20002652987
:10F1C000107013D320467F2164226424FBF7FEFADB
:10F1D000A8F8004033E0A8F8005031E045F2E9001B
:10F1E000C1F200000125FF2E057029D10E20A8F8DC
:10F1F0000000FF20207040F20220C0F602000178DB
:10F200006170407801A9A0700A20E0700020E5F745
:10F2100043F90198C17B2171C1896171C168090AF3
:10F22000A171C168E1714179217201796172C1787E
:10F23000A1728178E17241782173007860730125B1
:10F24000284602B0BDE8F081F0B581B00C46089EBA
:10F2500002460220022100230025FAF721FB20B3F9
:10F26000079F45F2E900C1F20000692F05701CD329
:10F27000069D792128466822FBF7A8FAA178642028
:10F280000129308085F8641013D1A7F1680105F1D8
:10F29000650089B208A209A3D2F76CFAE97832882E
:10F2A0000144E9701518012000E00020358001B00C
:10F2B000F0BD0120FBE700BF257300004D4F524514
:10F2C000494E464F2D4150500D0A00000299002230
:10F2D00000200A807047B0B5069C02460220022139
:10F2E00000230025FAF7DCFA08B1E5F733F900202E
:10F2F0002580B0BDB0B586B00C460546042001217E
:10F30000F5F766F9029000208DF80C008DF80D508D
:10F31000ADF80E00CDE90400E8F79FF902AD022137
:10F32000224600230095E8F775F906B0B0BD0988BC
:10F330000089401AB0FA80F0400970470022C0E905
:10F340000022D1E90012C0E902127047B0B582B0C4
:10F350004FF6C074C2F20104218941F20402891AF5
:10F3600018BF012118B911B9A07A032815D0FF20C0
:10F370008DF8070001200021002504F007F98DF821
:10F3800007004BF2DD7041F20401C0F21620C0F21A
:10F390000301C4E90055C4E90210002002B0B0BD69
:10F3A0004FF6C0720146C2F2010200204BF2DD7C32
:10F3B00041F20403C0F2162CC0F20303C2E90000BC
:10F3C0000120C2E9023C10740020517470474FF6CE
:10F3D000C0714BF2DD7041F20403C2F20101C0F2D0
:10F3E0001620C0F203030022C1E902300020C1E967
:10F3F00000228A74CA74C1E90522CA61C1F81F20BB
:10F40000704780B54FF6C07CC2F2010CBCF808E032
:10F4100041F204039E454FF0FF0E14D19CF80A30D0
:10F42000032B10D19CF81230012B0CD19CF8133017
:10F430009A4288BF9CF813200A700CF11401D2F78D
:10F4400015FD4FF0000E4FFA8EF080BD80B54FF6DF
:10F45000C073C2F2010300224BF2DD7CC3E900223B
:10F4600041F20402C0F2162CC0F20302C3E9022CDE
:10F4700001229A740F2928BF0F21D974DA7C014622
:10F4800003F11400D2F7F2FC002080BD0020704789
:10F4900080B582B04FF6C07EC2F2010E8C46BEF837
:10F4A000081041F20403CB1A18BF01234FF0FF01EB
:10F4B000D0B1CBB99EF80A30032B15D10168B2EB5D
:10F4C000910F03D801F00301022901D2FF210BE0C3
:10F4D00009D0FF218DF8071041680120634604F030
:10F4E00091F88DF80700002148B202B080BD80B5C8
:10F4F00082B04FF6C07EC2F2010E8C46BEF80810F4
:10F5000041F20403CB1A18BF01234FF0FF01D0B121
:10F51000CBB99EF80A30032B15D10168B2EB910FDD
:10F5200003D801F00301022901D2FF210BE009D029
:10F53000FF218DF8071041680120634604F0A2F80E
:10F540008DF80700002148B202B080BD80B506F0FA
:10F55000C1FA06F0D1FA4FF0FF3080BDB0B545F2E8
:10F56000F004C1F200042178054651B943F6486021
:10F5700045F2F001C0F60600C1F200015022FFF78B
:10F5800087FF0120207004F1100043F60861286015
:10F59000C0F606012046FFF7CAFEA17A80F00100FE
:10F5A00081F003010843C0B2002818BF4FF0FF30BC
:10F5B000B0BDB0B545F2F004C1F2000421780546B3
:10F5C00051B943F6486045F2F001C0F60600C1F2B9
:10F5D00000015022FFF75CFF0121204600F8101BBC
:10F5E00029464022D2F7F7FB98B3D5E900CED5E9FA
:10F5F0000223D5E90410C4E90623C4E90810C4E9CC
:10F6000004CED5E906CED5E90823D5E90A10C4E928
:10F610000C23C4E90E10C4E90ACEEA6B05F13003ED
:10F620000BCBE26404F140020BC243F60861C0F662
:10F6300006012046FFF782FE0020207043F6486056
:10F64000C0F6060021465022FFF751FF012000F0CE
:10F6500002F80020B0BD70B545F24014C1F20004BC
:10F660002178054659B943F6506045F24011C0F67D
:10F670000600C1F200014FF48872FFF709FF012074
:10F68000207004F11000FFF71DFD0026012D2662F9
:10F69000666205D004F12800E821FF22D2F7E4FCDD
:10F6A00043F60861C0F606012046FFF747FE43F621
:10F6B0005060C0F6060021464FF488722670FFF7AE
:10F6C00016FF002070BDB0B545F24014C1F2000431
:10F6D0002178054659B943F6506045F24011C0F60D
:10F6E0000600C1F200014FF48872FFF7D1FE01203D
:10F6F000207004F1100043F608612860C0F606018E
:10F700002046FFF714FEA17A80F0010081F003018A
:10F710000843C0B2002818BF4FF0FF30B0BD70B52D
:10F7200045F24014C1F2000422780D4606465AB94B
:10F7300043F6506045F24011C0F60600C1F20001E8
:10F740004FF48872FFF7A4FE0120072E207019D213
:10F7500040F2DC50C0F6060050F8260043F608617F
:10F760002860C0F606012046FFF7E1FDA17A80F08F
:10F77000010081F003010843C0B2002818BF4FF018
:10F78000FF3002E000202860FF2040B270BDB0B51D
:10F79000FFF77CFE013000F0898000200025FFF794
:10F7A000D5FD45F2F004C1F2000420465021D2F705
:10F7B00085FC2570207850B943F6486045F2F00189
:10F7C000C0F60600C1F200015022FFF761FE0120E1
:10F7D00043F608612070C0F606012046FFF7A7FD3A
:10F7E000012802D1A07A032834D043F6C850C0F6CD
:10F7F0000600D0E90012216181686261C268A161DE
:10F800000169E2614269216281696262C269A16241
:10F81000016AE262426A2163816A6263C26AA16329
:10F82000016BE263426BC4E91012D0E90E10C4E927
:10F83000121043F60861C0F606012046FFF77EFD70
:10F840000020207043F64860C0F606002146502292
:10F85000FFF74DFE45F24014C1F2000420464FF47C
:10F860008871D2F72BFC00202070207858B943F61D
:10F87000506045F24011C0F60600C1F200014FF49D
:10F880008872FFF705FE012043F608612070C0F67C
:10F8900006012046FFF74BFD012802D1A07A03287C
:10F8A00002D00120FFF7D7FE002000E0FF2040B289
:10F8B000B0BDB0B5FFF7EAFD01302ED00020002525
:10F8C000FFF744FD45F25024C1F2000420464FF4F6
:10F8D0004A71D2F7F3FB2570207860B943F658607F
:10F8E000C0F6060045F250211830C1F200014FF475
:10F8F0004A72FFF7CDFD012043F658612070C0F633
:10F9000006012046FFF713FD012802D1A07A032843
:10F9100001D0FFF7F3FB002000E0FF2040B2B0BDB4
:10F9200070B582B045F25026C1F2000632780C461E
:10F93000054662B943F65860C0F6060045F250210C
:10F940001830C1F200014FF44A72FFF7A1FD012007
:10F9500030700196072D4FF0FF064DD8002C4BD08C
:10F9600094F90100854247D12078022844D10198BA
:10F97000D4E900C200EB8510D4E90236D4E90415BD
:10F98000C0E90C36C0E90E15C0E90AC2D4E906C2C6
:10F99000D4E90836D4E90A15C0E91236C0E91415CD
:10F9A000C0E910C2E36B04F1300646CE436658301E
:10F9B00046C001984FF0FF330246002142F81C3F39
:10F9C000036200F128030026817400BF13F8405B36
:10F9D0001DB1CDB20131565581740136082EF5D1D5
:10F9E00043F658600199C0F60600002618304FF41F
:10F9F0004A720E70FFF77BFD70B202B070BD70B539
:10FA000082B045F25026C1F2000632780C46054617
:10FA100062B943F65860C0F6060045F2502118302E
:10FA2000C1F200014FF44A72FFF732FD012030703D
:10FA3000019601981C3028600198817C002021707B
:10FA400002B070BDB0B582B045F25025C1F20005DC
:10FA50002978044661B943F65860C0F6060045F2BD
:10FA600050211830C1F200014FF44A72FFF710FD27
:10FA70000120287001950198007D20700198017D7A
:10FA80000020FF2908BF4FF0FF3002B0B0BD0000DA
:10FA900070B582B045F25026C1F2000632780C46AD
:10FAA000054662B943F65860C0F6060045F250219B
:10FAB0001830C1F200014FF44A72FFF7E9FC01204F
:10FAC000307001960199072D08D8887C30B11C311F
:10FAD00011F8012BAA4205D00138F9D1FF2040B21C
:10FAE00002B070BD019800EB851028302060002026
:10FAF000F5E7000070B582B045F25026C1F200066D
:10FB000032780C46054662B943F65860C0F60600E6
:10FB100045F250211830C1F200014FF44A72FFF74C
:10FB2000B7FC0120307001960199072D41D8887CDF
:10FB300000283ED01C3100BF11F8012BAA4202D090
:10FB40000138F9D135E0A4B36078854231D120780D
:10FB500002282ED10198D4E900C200EB8510D4E927
:10FB60000236D4E90415C0E90C36C0E90E15C0E927
:10FB70000AC2D4E906C2D4E90836D4E90A15C0E9B4
:10FB80001236C0E91415C0E910C2E36B04F1300667
:10FB900046CE4366583046C043F658600199C0F6D9
:10FBA0000600002418304FF44A720C70FFF79FFCD7
:10FBB00000E0FF2460B202B070BDB0B582B045F283
:10FBC0005025C1F200052978044661B943F6586012
:10FBD000C0F6060045F250211830C1F200014FF482
:10FBE0004A72FFF755FC0120287001950198407D6D
:10FBF00020700198417D0020FF2908BF4FF0FF30A1
:10FC000002B0B0BD70B582B045F25026C1F2000618
:10FC100032780C46054662B943F65860C0F60600D5
:10FC200045F250211830C1F200014FF44A72FFF73B
:10FC30002FFC0120307001960199072D08D8887C8F
:10FC400030B11C3111F8012BAA4208D00138F9D18A
:10FC500028462146FFF764FE002002B070BD0198DF
:10FC6000214600EB851028304022D2F7B4F8002856
:10FC7000F2D028462146FFF73DFFEDE7F7F796B8AB
:10FC8000F7F794B8F7F792B8F7F790B8F7F78EB898
:10FC9000F7F78CB8F7F78AB8F7F788B8017809B1A1
:10FCA000002070474178012903D08A0705D4022239
:10FCB0004270481E18BF0120704780B54AF20F10ED
:10FCC000C0F6060000F004F8012101704170704791
:10FCD000D2F7B0FE5FEA400C08BF91F0000F4FEA88
:10FCE0008C234FEAC12243EA51514FEA1C5018BFFE
:10FCF00000F5F0404FEA300018BF41F000415FEAE4
:10FD00006C5C00F02980BCF1FF3F08BF40F08040F0
:10FD10007047130C06BF12044FF0100C4FF0000C8C
:10FD2000130E04BF12020CF1080C130F04BF1201D2
:10FD30000CF1040C930F04BF92000CF1020CD30FD2
:10FD400004BF52000CF1010C11464FF00002A0F16B
:10FD50001F00A0EB0C00704711F0004F08BF704768
:10FD600031F000413FF4D5AF0B0C06BF09044FF052
:10FD7000100C4FF0000C0B0E04BF09020CF1080C24
:10FD80000B0F04BF09010CF1040C8B0F04BF890099
:10FD90000CF1020CCB0F04BF49000CF1010CCCF1AB
:10FDA000200322FA03F341EA030102FA0CF2A0EB6A
:10FDB0000C0000F10100704723F07F4720F07F4CDA
:10FDC00080EA030000F00040ACEB070303F57C532E
:10FDD00003F1FF032DE9804909B44FEA144324EAF3
:10FDE00003484FEA154B25EA0B4E0FF2042606EBAB
:10FDF00013273E7803FB0667C7F5000707FB06F6E7
:10FE00004FEAD64606F102064FEA543707FB066C66
:10FE1000CCF1005C4FEA1C472CEA074C0CFB06F5C2
:10FE200007FB06F404EB15464FEA961649085FEA0D
:10FE3000320234BF00204FF000404FEAD13706FBBA
:10FE400007FC4FEA1C4C0CFB0BF7D21B03FB0CF717
:10FE500061EB07010CFB0EF7B0EB074072EB1742AA
:10FE60000CFB08F734BFA2EB0742B2EB074261EB91
:10FE700017414FEA0C444FEA910706FB07FC4FEA93
:10FE80001C4C0CFB0BF7B0EBC74072EB573203FB7B
:10FE90000CF734BFA2EBC742B2EBC74261EB57315C
:10FEA0000CFB0EF7B0EBC70072EB57720CFB08F7B8
:10FEB00034BFA2EBC702B2EBC70261EB57714FEA46
:10FEC000816141EA92114FEA826242EA90124FEA5E
:10FED000806004EBCC04039F4FEAD13706FB07FC9C
:10FEE0004FEA1C4C0CFB0BF7D21B03FB0CF761EB2E
:10FEF00007010CFB0EF7B0EB074072EB17420CFB4F
:10FF000008F734BFA2EB0742B2EB074261EB17419F
:10FF10004FEA8C5504EB9C244FEA910706FB07FC43
:10FF20004FEA1C4C0CFB0BF7B0EBC74072EB57329F
:10FF300003FB0CF734BFA2EBC742B2EBC74261EB45
:10FF400057310CFB0EF7B0EBC70072EB57720CFB8E
:10FF500008F734BFA2EBC702B2EBC70261EB5771DF
:10FF60004FEA816141EA92114FEA826242EA9012BD
:10FF70004FEA806015EB4C2544F100044FEAD1377D
:10FF800006FB07FC4FEA1C4C0CFB0BF7D21B03FBD8
:10FF90000CF761EB07010CFB0EF7B0EB074072EBBF
:10FFA00017420CFB08F734BFA2EB0742B2EB074243
:10FFB00061EB17414FEA813141EA92414FEA8232C7
:10FFC00042EA90424FEA80304FEA0C7615EB1C155E
:10FFD00044F1000448EA03434EEA0B484FF0000E98
:10FFE000B2EB080C71EB030724BF624639464EEBB7
:10FFF0000E0E4FF0000B0018524149414BEB0B0B1A
:020000040805ED
:10000000B2EB080C71EB03077BF1000B24BF6246D7
:1000100039464EEB0E0E4FF0000B0018524149418D
:100020004BEB0B0BB2EB080C71EB03077BF1000BF6
:1000300024BF624639464EEB0E0E51EA020718BF46
:1000400046F0010616EB0E7655F1000254F1000160
:1000500003D5BDE88901BDE80088BDE88901BDE898
:100060000048B619524141EB0101A3F10103704769
:1000700080807F7E7D7C7B7A7978777676757473E5
:10008000727171706F6E6E6D6C6C6B6A6A696868A4
:10009000676666656464636362616160605F5F5E3A
:1000A0005E5D5D5C5C5B5B5A5A59595858575756B0
:1000B0005655555554545353525252515150505015
:1000C0004F4F4F4E4E4D4D4D4C4C4C4B4B4B4A4A67
:1000D0004A494949484848474747474646464545AB
:1000E00045444444444343434342424242414141E4
:1000F0009C46002B30D477002BD04FEA37071CB535
:1001000003B44FF010004FF01001BAF1000F06D009
:10011000BCF1000FDCBF40F0080040F008014FF0D8
:1001200000000FBCBDE810400BF1010BBBF1010F4B
:1001300008BF5FEA170722BF12F1010211F10101A6
:100140004FF0004143F1000300F0004043EA00009B
:100150007047F9D35708D0E746EA06464FEA1646F5
:1001600013F1400F1FDD13F1200FDFBF16430A46C6
:10017000002120335B42BED0C3F1200746EA064689
:100180004FEA164602FA07F746EA070622FA03F292
:10019000C3F1200701FA07F742EA070221FA03F147
:1001A0004FF00003A7E746EA020646EA06464FEA92
:1001B000164646EA0106BCBF46EA0646360C4FF034
:1001C00000034FF000024FF0000194E72DE9804C4E
:1001D00070B49A46934691E8380007C831EA400C5B
:1001E00048BF34EA430C03D5FFF7E6FDFFF780FF75
:1001F000F0BCBDE8008C2DE9804C70B49A46934663
:1002000091E8380007C810F0804F08BF13F0804F06
:1002100003D100F005F8FFF76BFFF0BCBDE8008CE0
:1002200020F07F4723F07F4C80EA030000F000407D
:1002300007EB0C03A3F57C53A3F1FE0392F0000F30
:1002400000F0B38095F0000F00F077802DE90149B0
:100250004FEA114021EA00484FEA144624EA0647D3
:1002600000FB06FC08FB06F607FB08F818EB06483F
:100270004CEB164C00FB07F718EB07484CEB17400C
:100280004FEA124B22EA0B4E4FEA154625EA064783
:100290000BFB06FC0EFB06F607FB0EFE1EEB064EE6
:1002A0004CEB164C0BFB07F71EEB074E4CEB174BBA
:1002B00018EB0B0840F1000018EB0E0B58EB000890
:1002C00040F100008F1A4FF000014FF000063CBFD4
:1002D000C943661B14BFB5EB040C00213CBFC943E6
:1002E000F61B4FEA174427EA04454FEA1C472CEA5D
:1002F000074C04FB076205FB07F70CFB05F616EB42
:10030000074642EB174204FB0CFC16EB0C4642EB93
:100310001C421BEB060658EB020241414EEA8E0ED0
:1003200046EA9E0601D5BDE80189B619524141EB66
:100330000101A3F10103BDE801894FEA144524EA54
:1003400005464FEA114721EA074C05FB07F406FB77
:1003500007F70CFB06F111EB074144EB174405FBD3
:100360000CFC11EB0C4144EB1C444FEA124722EA0F
:10037000074C05FB07F206FB07F70CFB06F616EB2E
:10038000074642EB174205FB0CFC16EB0C4642EB12
:100390001C456A1854F1000148BF7047B619524114
:1003A00041EB0101A3F10103704795F0000F37D035
:1003B0004FEA114221EA02464FEA144724EA074C69
:1003C00002FB07F106FB07F70CFB06F414EB0744EE
:1003D00041EB174102FB0CFC14EB0C4441EB1C41BC
:1003E0004FEA154725EA074C02FB07F506FB07F71E
:1003F0000CFB06F616EB074645EB174502FB0CFC1B
:1004000016EB0C4645EB1C42121951F1000148BF96
:100410007047B619524141EB0101A3F10103704746
:100420004FEA144524EA05464FEA114721EA074CF2
:1004300005FB07F106FB07F70CFB06F212EB074280
:1004400041EB174105FB0CFC12EB0C4251EB1C413C
:100450004FF0000648BF7047921841EB0101A3F12D
:10046000010370470000000080B5DCF701FE00B119
:1004700080BDE3F735FFFFF7F7BF80B5DCF7AAFED5
:1004800000B180BDE3F72CFFFFF7F7BFC943016060
:1004900070470029816814BF41F0010121F001017A
:1004A000816070470849D1F80423084B1A40D0E90D
:1004B000003C43EA0C03D0E902C04CEA00001843B8
:1004C0001043C1F80403704700200140E030FCFFF6
:1004D0000029816814BF41F4807121F4807181602A
:1004E00070470029816814BF41F4007121F4007144
:1004F000816070470029816814BF41F4806121F454
:100500008061816070470246002012680A4218BF6D
:100510000120704781B0084428300090006801B085
:1005200080B270472DE9F047454D4FF00008444632
:100530006A684746002A08BFBDE8F087414E306828
:100540006FF0040A10F0040F34D0C6F800A03E4843
:10055000416B002908BF816BD0F83C90B9F1000FC6
:1005600008BFD0F840900029D8BFA2F810800EDD57
:100570001C213046FFF7CEFF01466868B0F918200D
:10058000891A491001EB670161F30F070182B9F184
:10059000000FDCBF6868A0F812800BDD1821304620
:1005A000FFF7B8FF6968B1F91A20801A401000EB14
:1005B00067404882D6F8000110F0040F18BFC6F853
:1005C00000A1D6F8000210F0040F08BFBDE8F087C4
:1005D000C6F800A21D480168002904BF1C48016834
:1005E0001C480668002E04BF1B4806681B4F0029E4
:1005F000DCBF6868A0F814800DDD1C213846FFF7C9
:1006000089FF6968B1F91C20801A401000EB640270
:1006100062F30F048A82002EDEBF6868A0F816809D
:10062000BDE8F08718213846FFF774FF6968B1F913
:100630001E20801A401000EB6440C882BDE8F0879D
:100640000403001000200140000001403404014078
:10065000380401403C0401404004014000220140B4
:1006600010B4426891F804C022F4807222F0407203
:100670000B6842EA0C221A43426082680C4B4C79A8
:100680001A40D1E903C343EA0C03D1F808C04CEA8D
:10069000440C43EA0C031A438260C26A097D22F4C7
:1006A0007002491EC9B242EA0151C16210BC7047D2
:1006B000FDF7FFC030B4072409290DD9C568A1F1A1
:1006C0000A0C0CEB4C0C04FA0CF425EA040403FAB3
:1006D0000CF32343C3600AE0056901EB410C04FA03
:1006E0000CF425EA040403FA0CF3234303611F23EB
:1006F000072A0CD2D0F834C0521E02EB820293407B
:100700002CEA030391401943416330BC70470D2A22
:100710000CD2D0F830C0D21F02EB820293402CEAF8
:10072000030391401943016330BC7047D0F82CC0DB
:100730000D3A02EB820293402CEA030391401943E5
:10074000C16230BC7047816841F080418160704770
:1007500005490028D1F8040314BF40F4000020F438
:100760000000C1F80403704700200140F0B589B0D3
:10077000002600960196029603961A481A4D446880
:10078000E868A76A10F0100F1CBF30460DF04AFC55
:10079000384607F033F9012808D1384607F07BFACC
:1007A000012084F82E0030460DF03CFC284604AAB7
:1007B000002100F0CDF9049800909DF81A008DF802
:1007C0000600DDF81B000290DDF81F00039069466B
:1007D000384607F097FA616800291CBFA06888476F
:1007E00009B0F0BDA43E00100064004000200DF0F0
:1007F00019BC00200DF052BC70B58AB00120002158
:10080000009101910291039119491A4D8C68E96890
:10081000A66A11F0100F18BF0DF004FC304607F067
:10082000EDF8012807D1304607F035FA012084F8A9
:100830002E000DF0F7FB284604AA002100F088F9ED
:10084000049800909DF81A008DF80600DDF81B0052
:100850000290DDF81F0003906946304607F052FA17
:10086000616800291CBFA06888470AB070BD0000FD
:10087000A43E00100068004001200DF0D3BB012011
:100880000DF00CBC10B4082304224FF0100CB1F58D
:10089000007F40D021DC202902BF036110BC7047DB
:1008A00010DC012901BF1D49816010BC704704297B
:1008B00002BFC36010BC7047082908BFC0F80CC055
:1008C00010BC7047402902BFC0F810C010BC704770
:1008D000B1F5807F1FD010BC70470024B1F5004FE8
:1008E00008D00BDCB1F5806F15D0B1F5006F1CBFDF
:1008F00010BC70478461426010BC7047B1F5803F06
:1009000002BF436010BC7047B1F5003F08BFC0F89C
:1009100004C010BC7047426010BC70470101010068
:10092000A0F1804110B5B1F5C8414FF0010109D0E7
:10093000880600F019FEBDE8104000214FF08060ED
:1009400000F012BE4FF0007000F00EFEBDE8104047
:1009500000214FF0007000F007BE000030B4817A33
:10096000354B012202FA01F11A6842F001021A60C5
:10097000DFF8C8C0DCF800208A43CCF80020047BF4
:100980002F4AD4B914688C4314604488C58844EA5B
:100990000544857AED0005F1804505F5C045C5F8AB
:1009A00040460488858844EA0544857AED0005F1CF
:1009B000804505F5C045C5F84446047B012C18D197
:1009C00014680C431460847A0268E40004F18044E3
:1009D00004F5C0444FEA3242C4F84026847A4268A3
:1009E000E40004F1804404F5C0444FEA3242C4F804
:1009F0004426C47A134A002C14680CBF8C430C4361
:100A000014600489104A14B914688C431460048972
:100A1000012C02D114680C431460407B012804D1DE
:100A2000DCF800000843CCF80000186820F0010052
:100A3000186030BC70470000006600401C66004033
:100A40000C6600400466004014660040002A4269BB
:100A500014BF114322EA010141617047026800237B
:100A600022F002020260026842F0010202604FF6C8
:100A7000FF7200BFD0F804C01CF0010F03D19342F5
:100A800018BF5B1CF6D1436813F0010F5DD08B7962
:100A9000012B03680CBF43F0800323F08003036045
:100AA000CB79012B03680CBF43F0400323F04003D4
:100AB00003600B7A012B03680CBF43F0200323F083
:100AC000200303604B7A012B03680CBF43F0100333
:100AD00023F0100303608B7A012B03680CBF43F0F3
:100AE000080323F008030360CB7A012B03680CBFD3
:100AF00043F0040323F0040303608B7891F803C0F0
:100B00004FEA837343EA0C6391F804C043EA0C4351
:100B100091F805C0098843EA0C53A1F1010143EAA9
:100B20000101C161016821F0010101604FF0000184
:100B3000436813F0010F1CBF9142491CF8D1406873
:100B400010F0010F04BF012070474FF00000704704
:100B500000EB0113D3F8B0C11CF0040C82F808C0FC
:100B6000D3F8B0C107BF4FEA5C5CC2F800C04FEADF
:100B7000DC0CC2F804C0D3F8B0C10CF0020C82F84F
:100B800009C0D3F8B4C10CF00F0C82F80AC0D3F836
:100B9000B4C14FEA1C2C82F813C0D3F8B8C182F854
:100BA0000BC0D3F8B8C14FEA1C2C82F80CC0D3F8A4
:100BB000B8C14FEA1C4C82F80DC0D3F8B8C14FEA57
:100BC0001C6C82F80EC0D3F8BCC182F80FC0D3F8F9
:100BD000BCC14FEA1C2C82F810C0D3F8BCC14FEA4C
:100BE0001C4C82F811C0D3F8BC311B0E937421B198
:100BF000016941F0200101617047C16841F02001A5
:100C0000C160704709490A6842F001020A600A6837
:100C100022F4877222F478520A600A6842EA0020BD
:100C20000860086820F00100086070470066004016
:100C300000218171C171017241728172C172817032
:100C4000C1700321017102214171012101807047AE
:100C500010B402460020936813F0806F51D000BF9B
:100C600002EB0012D2F8803103F00103C2F88031A8
:100C70000B7A002B54D0D2F880C14C684CEA0303A5
:100C800091F809C04CEAC40C43EA0C03C2F8803165
:100C90008B7A03F00F038B72D2F8843123F00F03A9
:100CA000C2F88431D2F8843191F80AC043EA0C03C7
:100CB000C2F88431CB7A91F80EC00C7B43EA0C6306
:100CC00091F80DC04FEA0C4C4CEA042C43EA0C039B
:100CD000C2F88831CB7B91F812C043EA0C6391F8DB
:100CE00011C0097C4FEA0C4C4CEA01211943C2F8AF
:100CF0008C11D2F8801141F00101C2F8801110BCB2
:100D00007047906810F0006F18BF0120A8D190685C
:100D100010F0805F14BF02200420A1D110BC7047E6
:100D2000D2F8803191F809C043EA0C03B1F800C051
:100D300043EA4C53AAE700B5002200F007F8C0438D
:100D400080B2010241EA102080B200BD05E000BF80
:100D500030F8023B891E5BBA1A440129F8DC11B154
:100D6000007802EB002290B200EB124000EB104042
:100D700080B27047084400EB104080B270470029F1
:100D8000016814BF41F0010121F0010101607047C9
:100D90002DE9F003016821F00101016000210160EB
:100DA00041608160C160016121214161434A3D246C
:100DB0004349904202BF8C60BDE8F0037047414A4E
:100DC0004FF47465904202BF8D60BDE8F003704738
:100DD0003D4A4FF47418904202BFC1F80880BDE844
:100DE000F0037047394A4FF07466904202BF8E603C
:100DF000BDE8F0037047364B364A984202BFCA60DE
:100E0000BDE8F0037047DFF8D0C0344B604502BF47
:100E1000CB60BDE8F0037047314FDFF8C8C0B8427F
:100E200002BFC1F80CC0BDE8F0037047DFF8B8900E
:100E30004FF03D57484502BFCF60BDE8F003704713
:100E4000DFF8A8902A49484502BF0C60BDE8F003CE
:100E50007047284CA04202BF0D60BDE8F003704708
:100E6000254CA04202BFC1F80080BDE8F0037047E6
:100E7000224CA04202BF0E60BDE8F0037047204C38
:100E80002049A04202BF0A60BDE8F00370471E4A35
:100E9000904202BF0B60BDE8F00370471B4A9042CE
:100EA00002BFC1F800C0BDE8F0037047184A904285
:100EB00008BF0F60BDE8F0037047000010600240FB
:100EC00000600240286002404060024058600240DA
:100ED000706002403D00002088600240400F00200A
:100EE000A060024000003D20B86002401064024053
:100EF0000864024028640240406402405864024092
:100F0000706402400C64024088640240A0640240A5
:100F1000B864024010B402681B4BD1F80CC01A40F0
:100F20000B6843EA0C03D1E905C44CEA040C43EA1C
:100F30000C03D1F81CC043EA0C03D1F820C043EAEB
:100F40000C03D1F824C043EA0C03D1F828C043EACB
:100F50000C03D1F834C043EA0C03D1F838C043EA9B
:100F60000C031A4302604269D1E90B3C22F00702EC
:100F700043EA0C031A4342610A6942604A6882608C
:100F80008968C16010BC70473F801CF02DE9F04FAC
:100F900043484FF0000B93B046685F4649F21A0889
:100FA000357C4FF4407A4FF00049706900EB051032
:100FB0000168C1F30D410C1F016811EA080F18BF49
:100FC000012734D100683AEA000018BF02272ED169
:100FD00040F2EA50844288BF032728D844F00040FA
:100FE00006F0B6F844F000410090002808BF04273E
:100FF0001DD00820726900EB0510E31C105820F08A
:1010000003020098001D9C0806D000BF52F8043B64
:1010100040F8043B641EF9D12248026812B10098DE
:10102000001D9047009806F01DFB4FF0010B706902
:1010300000EB0510C0F8009077B1022F08BF4FF009
:10104000FF343B4618A2402102A80094D0F792FB3F
:1010500002A9F02007F0BEFDF07A6D1C854208BFA2
:1010600000253574706900EB0510006810F0004F22
:101070009BD0184C35746069174D10F0800F06D066
:1010800065610020A06015A1F02007F0A3FD656157
:10109000BBF1000F18BF06F02BF813B0BDE8F08FBE
:1010A00020030010180300104554485F495251486E
:1010B000616E646C657228293A206572726F7220C5
:1010C000256420666F72206672616D655B25645DC4
:1010D0000000000000900240C08001004554485FBD
:1010E00049525148616E646C657228293A206572D4
:1010F000726F72203500000010B54FF4005000F000
:1011000033F8012420B1600300F028F8124804717C
:101110004FF4805000F028F828B14FF4805000F0D0
:101120001DF80D4844714FF4804000F01DF828B1BF
:101130004FF4804000F012F8074884714FF40040EB
:1011400000F012F8002808BF10BD4FF4004000F076
:1011500005F80148C47110BD100300100149086072
:1011600070470000143C0140034A01460020126809
:101170000A4218BF01207047143C0140837921497D
:101180000268002B34D00B6823EA02020A60091DB2
:101190000A6803689A430A60017901F1804101F508
:1011A0009E310A6803681A430A60174B196802687F
:1011B000914319601A1D1168D0F800C021EA0C0192
:1011C00011604179102908D001F1804101F59E316B
:1011D0000A6800681043086070471968D0F800C0BA
:1011E00041EA0C01196011680068084310607047FB
:1011F000007900F1804000F59E3001689143016064
:1012000070470000003C0140083C01402DE9F0011E
:10121000002201255FF00306D1F800C005FA02F3B1
:101220000CEA030C9C4537D107684FEA420C06FADA
:101230000CF4A74307600F79D0F8008007FA0CF789
:1012400047EA080707600F79012F18BF022F17D14F
:10125000876827EA040787604F79D0F8088007FA83
:101260000CF747EA08078760476827EA03034360EB
:1012700043688F7907FA02F7BFB243EA0703436076
:10128000C36823EA0403C360CB7903FA0CF3D0F8F4
:101290000CC043EA0C03C36002F10102102ABBD365
:1012A000BDE8F00170474B07DB0E9A40C90800EB20
:1012B0008100016A4FF00F0C0CFA03F399430162AD
:1012C000016A1143016270470246002012690A4216
:1012D00018BF012070470246002052690A4218BF19
:1012E0000120704741837047018370474FF6FF71BB
:1012F00001600021017141718171C17170474269C2
:10130000514041617047002A14BF018341837047F7
:101310000029018814BF41F4806121F480610180BB
:101320007047838A0022008B43EA004020F07F4010
:1013300031EA000008BF012210467047C94381828C
:1013400070470029018814BF41F0010121F001011B
:10135000018070470029018814BF41F4807121F495
:101360008071018070470029018814BF41F4007129
:1013700021F400710180704782B002460020009283
:101380000A0F21F07F41019208BF090C009A14BF97
:1013900014321832009212680A4218BF012002B0BB
:1013A0007047818A008B41EA004020F07F407047FF
:1013B00070B50446808884B00D4620F03F0668462C
:1013C00000F0F6F829490298B0FBF1F189B246EA3B
:1013D0000102A280228822F001022280244B2A6886
:1013E0009A421DD85200B0FBF2F080B2042838BFF8
:1013F0000420491C2184A083208840F00100208023
:101400002088A9886A8920F00A0020F480601143AE
:1014100008432080A88929890843208104B070BD31
:10142000EB88A3F53F4CBCF1FF0C19D002EBC203D3
:1014300003EB0212B0FBF2F080B240F480400205F0
:10144000120D08BF40F0010040F400404FF49672C6
:1014500051434FF47A72B1FBF2F1491C2184CAE77F
:1014600002EB4202B0FBF2F080B2E8E740420F002C
:10147000A0860100002A14BF41F0010101F0FE0125
:10148000018270470182704710B4C27801780F243E
:101490004FF0010C0AB3174A126801F1E02102F47F
:1014A000E062C2F5E062C2F30722C2F10403D44055
:1014B00042789A40837823401A43120181F800242D
:1014C000007800F01F010CFA01F14009800000F1E2
:1014D000E020C0F8001110BC704701F01F000CFAAA
:1014E00000F04909890001F1E021C1F8800110BC38
:1014F000704700000CED00E0034940F0FD7040F043
:1015000080600860704700000CED00E021F07F0172
:1015100021F06041084301490860704708ED00E090
:10152000044A0029116814BF084321EA0000106032
:101530007047000030380240044A0029116814BF87
:10154000084321EA00001060704700001038024094
:10155000044A0029116814BF084321EA0000106002
:101560007047000040380240044A0029116814BF47
:10157000084321EA00001060704700002038024054
:10158000044A0029116814BF084321EA00001060D2
:101590007047000044380240044A0029116814BF13
:1015A000084321EA00001060704700002438024020
:1015B000254A30B41168254B11F00C0106D0244C9B
:1015C000042908BF046002D008291ED003601168F6
:1015D0000F2303EA11111F4B595CD0F800C02CFAFD
:1015E00001F14160D2F800C0072404EA9C2C13F8F2
:1015F0000CC021FA0CFCC0F808C0126804EA523290
:101600009A5CD140C16030BC70471349D1F800C02A
:10161000CCF38055D1F800C0002D0CF03F0C14BF66
:10162000B4FBFCF3B3FBFCF3D1F800C00968CCF3C6
:10163000881C03FB0CF3C1F30141491C4900B3FBB7
:10164000F1F10160C3E70000083802400024F40013
:1016500080F0FA02040400100438024000200CF06C
:1016600027BB01200CF024BB02200CF021BB002979
:10167000018814BF41F0400121F040010180704712
:1016800010B5A0F18041B1F5983124D0A0F180418E
:10169000B1F560512AD0A0F18041B1F5705130D040
:1016A000A0F18041B1F59A3136D0A0F18041B1F579
:1016B000A8313CD0A0F18041B1F5AA3118BF10BDCE
:1016C00001214805FFF768FFBDE8104000214FF4F5
:1016D0000010FFF761BF01210803FFF75DFFBDE8C0
:1016E000104000214FF48050FFF756BF01218803BE
:1016F000FFF73AFFBDE8104000214FF48040FFF7AC
:1017000033BF0121C803FFF72FFFBDE810400021C0
:101710004FF40040FFF728BF01214803FFF73CFFCB
:10172000BDE8104000214FF40050FFF735BF012104
:101730000805FFF731FFBDE8104000214FF480108D
:10174000FFF72ABF0246002012890A4218BF012073
:1017500070470909012303FA01F1002A828889B23E
:1017600014BF114322EA01018180704780897047CC
:101770008181704710B402880B88B1F802C0CC8810
:1017800043EA0C03B1F804C002F441524CEA040CE1
:1017900043EA0C03B1F808C043EA0C03B1F80AC0ED
:1017A00043EA0C03B1F80CC043EA0C03B1F80EC0D5
:1017B00043EA0C031A430280828B22F40062828384
:1017C000098A018210BC70470149C1F8DC007047EA
:1017D000000027428A0721F0030101F1804101F551
:1017E0009831120F0F23D1F808C893402CEA030355
:1017F000C1F80838D1F8083890401843C1F80808F3
:101800007047000082B000222949019200920868C6
:1018100040F480200860086840F480300860086860
:1018200000F4003000900198401C0190009818B915
:101830000198B0F5A04FF2D1086810F4003F02BF44
:10184000009202B07047012000901A48026842F0EE
:10185000805202601848026842F440420260174811
:1018600002680260026842F400420260026842F4C8
:10187000A0520260031F124A1A600A6842F0807286
:101880000A600A6812F0007FFBD00E4A40F2057130
:101890001160016821F003010160016841F002015B
:1018A0000160016801F00C010829FAD102B070470B
:1018B00000380240403802400070004008380240C2
:1018C00032544007003C0240010241EA102080B23D
:1018D00070470000DFF86CC030B4DCF800001A4B31
:1018E00010F00C01194806D0194C042908BF0460F7
:1018F00002D008290CD00360DCF80010154AC1F3AF
:101900000311515C026822FA01F1016030BC70479A
:1019100011490A68C2F380550A68002D02F03F029F
:1019200014BFB4FBF2F2B3FBF2F20B680968C3F325
:1019300088135A43C1F30141491C4900B2FBF1F13C
:101940000160D9E7083802400024F400B00200101A
:1019500080F0FA0230FB050804380240134810B545
:10196000016841F4700101601148016841F0010112
:101970000160104A00211160026822F4102222F056
:1019800080720260031D0C4A1A60026822F48022F1
:1019900002600A48016007F073F9FFF733FF084956
:1019A0004FF000600860FFF795FF10BD88ED00E084
:1019B0000038024008380240103000240C38024041
:1019C00008ED00E010B5104C8021204600F098F999
:1019D000012818BF10BD00228021204600F032FAF5
:1019E000002002F091FA012002F08EFA022002F0AB
:1019F0008BFA032002F088FA8021204600F06DF86F
:101A000002490120487110BD00000140E8020010A9
:101A100010B5084C0121204600F072F9012818BFCA
:101A200010BD0121204600F058F8BDE810400A2002
:101A30000CF038BD0048014010B5084C012120468B
:101A400000F05EF9012818BF10BD0121204600F00A
:101A500044F8BDE8104005200CF024BD0010004003
:101A600010B5084C0121204600F04AF9012818BFA2
:101A700010BD0121204600F030F8BDE810400620DE
:101A80000CF010BD0014004010B5084C0121204698
:101A900000F036F9012818BF10BD0121204600F0E2
:101AA0001CF8BDE810400D200CF0FCBC00200040EC
:101AB0000A884B88B1F806C01A438B8843EA0C03A6
:101AC0001A430B891A434B8989891A431143A0F899
:101AD00044107047C94301827047C943018270476F
:101AE0000029018814BF41F0010121F001010180AA
:101AF00070470029B0F8441014BF41F40041C1F30D
:101B00000E01A0F84410704710B5A0F18041B1F566
:101B100080314AD0B0F1804F5BD0A0F18041B1F567
:101B200080614CD0A0F18041B1F500615BD0A0F1A3
:101B30008041B1F5406160D0A0F18041B1F58051A4
:101B400065D0A0F18041B1F5A0516AD0A0F18041EB
:101B5000B1F582316FD0A0F18041B1F5A03174D0E0
:101B6000A0F18041B1F5A2317AD0A0F18041B1F568
:101B7000A4317DD0A0F18041B1F5C05179D0A0F160
:101B80008041B1F5E05175D0A0F18041B1F500512F
:101B900018BF10BD01210802FFF7E6FCBDE81040A8
:101BA00000214FF48070FFF7DFBC01210846FFF7EA
:101BB000F3FC0021BDE810400120FFF7EDBC01213E
:101BC0000220FFF7D1FC0021BDE810400220FFF702
:101BD000CBBC01210846FFF7C7FC0021BDE810403F
:101BE0000120FFF7C1BC01210420FFF7BDFC00214B
:101BF000BDE810400420FFF7B7BC01210820FFF723
:101C0000B3FC0021BDE810400820FFF7ADBC012166
:101C10001020FFF7A9FC0021BDE810401020FFF7BD
:101C2000A3BC01212020FFF79FFC0021BDE810404C
:101C30002020FFF799BC01210220FFF7ADFC002115
:101C4000BDE810400220FFF7A7BC01210804FFF700
:101C5000A3FCBDE8104000214FF48030FFF79CBC8E
:101C600001214804FFF798FC00214FF4003002E006
:101C700005E00FE018E0BDE81040FFF78DBC012142
:101C80008804FFF789FCBDE8104000214FF4802054
:101C9000FFF782BC01214020FFF766FC0021BDE870
:101CA00010404020FFF760BC01218020FFF75CFC62
:101CB0000021BDE810408020FFF756BC30B40589F4
:101CC000B0F818C0048C25F0070529432CF0030C4C
:101CD0002CF4407C40F201154CEA050C4FF6FF75E0
:101CE00005EA031324F022041A4322430181A0F8D9
:101CF00018C0028430BC704781827047406A7047C8
:101D000002460020128A0A4218BF0120704770B4B0
:101D10000D884C88B1F804C00B894FF6FF7255B39B
:101D2000042D44D0082D058C67D025F480550584FA
:101D3000868B058C26F4734602EA0C2C4CEA060CC2
:101D400002EA033343EA0C0302EA043425F4204C8C
:101D50004CEA040C4CF4805C8383A0F820C08979A1
:101D6000838B23F440638383838B02EA012119432D
:101D7000818370BC7047058C25F001050584068BB6
:101D8000058C02EA031226F0F30642EA0C02324303
:101D900025F00A03234343F0010302830384C98827
:101DA000028B22F00C020283028B114322E0058C8D
:101DB00025F010050584068B058C26F4734602EA8F
:101DC0000333334302EA0C2C4CEA030302EA041403
:101DD00025F0A00C4CEA040C4CF0100C0383A0F886
:101DE00020C08979038B23F440630383038B02EAC9
:101DF00001211943018370BC704725F48075058467
:101E0000868B058C02EA042402EA031226F0F3060C
:101E100042EA0C02324325F42063234343F48073E7
:101E200082830384C988828B22F00C028283828B96
:101E300011439DE700210180418001228280C18001
:101E400001817047002A828914BF114322EA0101EF
:101E50008181704710B4028C22F001020284038C4D
:101E60008288B0F818C00C882CF0730C44EA0C0C73
:101E70008C8923F0020323434C882343A0F1804440
:101E8000B4F580341CBFA0F18044B4F582340DD188
:101E9000CC8923F0080323438C8823F004032343D5
:101EA0000C8A22F4407222434C8A22438280A0F89A
:101EB00018C089684163038410BC704730B4028C39
:101EC00022F010020284038CB0F804C0028B0D884B
:101ED00022F4E6444FF6FF7202EA05252C438D8971
:101EE00023F0200302EA05152B434D8802EA05156D
:101EF0002B43A0F18045B5F580351CBFA0F180458E
:101F0000B5F5823517D1CD8923F0800302EA051596
:101F10002B438D8823F0400302EA05152B430D8ADD
:101F20002CF4406C02EA850545EA0C0C4D8A02EA65
:101F3000850242EA0C0CA0F804C00483896881631E
:101F4000038430BC704730B4028C22F48072028467
:101F5000028C8388B0F81CC00C882CF0730C44EA07
:101F60000C0422F4007C8D894FF6FF7202EA0525ED
:101F700045EA0C0C4D8802EA052545EA0C0CA0F157
:101F80008045B5F580351CBFA0F18045B5F582359B
:101F900017D1CD892CF4006C02EA052545EA0C0C1A
:101FA0008D882CF4806C02EA052545EA0C0C0D8A1C
:101FB00023F4405302EA05152B434D8A02EA051229
:101FC0001343838084838968C163A0F820C030BC38
:101FD000704730B4028C22F480520284048C8288D0
:101FE000838B0D8823F4E64C4FF6FF7303EA052537
:101FF00045EA0C0C8D8924F4005403EA05352C4382
:102000004D8803EA05352C43A0F18045B5F58035B0
:102010001CBFA0F18045B5F5823505D10D8A22F4AB
:10202000804203EA85131A438280A0F81CC08968A5
:102030000164048430BC70470185828270478288C5
:1020400022F0700282808288114381807047416350
:10205000704781637047C163704701647047000037
:1020600010B402881C4BDFF874C0984218BF60455A
:1020700011D0B0F1804F1CBFA0F18044B4F5806452
:1020800009D0A0F18044B4F500641CBFA0F18044E5
:10209000B4F5406403D14C8822F070022243A0F1D1
:1020A0008044B4F580541CBFA0F18044B4F5A05422
:1020B00003D00C8922F44072224302804A68C26233
:1020C0000A880285984212BF6045897A01864FF0DE
:1020D0000101818210BC70470000014000040140F2
:1020E0004FF0FF3141600021018001814180817208
:1020F000704700210160818070470021016081806C
:10210000817170470021016041607047C9B241EAA6
:10211000012141EA014101608180704703B40198C7
:102120004100009850EAC12018BF04204A0D18BF92
:1021300040F0010040F2FF72B2EB515F08BF40F087
:102140000200012808BF052002B0704712F0004FBE
:102150001FBF22F00042D21D22F00703102202BF4F
:10216000D21C22F003030C221BB103EB020C8C45A2
:1021700001D901207047024401448360C0E9002175
:10218000C91AD01888429CBF10600246F9D90020B5
:102190001060704730380A2801D2012070470020B3
:1021A000704700002DE9F0470027DFF890900028E5
:1021B0000CDA2349D9F8002020F0004009680244D5
:1021C00001EB4101B2EB910F18D8012705460F3002
:1021D00020F003060FB9CFF76DF81A4CD4E90002CE
:1021E000011B891AB1420CD2044600680028F5D1BF
:1021F00027B9CFF752F80020CFF79BF80020BDE8B1
:10220000F08772B1101921680160206000F10808A0
:10221000C0F80460D9F800103144C9F8001027B1A3
:1022200005E004F108086660F4E7CFF736F8A8F88F
:1022300000500020A8F802004046E0E7B404001077
:1022400048030010702500102DE9F0470746894625
:1022500090460026284C294D0BE0207838B1042206
:10226000394604F10A0007F07DFC012835D00E3410
:10227000761C28888642F0DB2149384607F0ACFB03
:10228000D0B91F4804220021001D07F091FC10B1B5
:102290000020BDE8F0870026174C0AE0207830B116
:1022A00006224946201D07F05DFC01281AD00E3495
:1022B000761C28888642F1DB404600F027F800288B
:1022C000E7D00D49C0EBC00001EB40040E3C0422F6
:1022D000394604F10A0007F055FC06224946201D44
:1022E00007F050FC07480088E07007480078A070AD
:1022F000032020700120CCE7502300103E03001083
:10230000142300104003001038030010F0B50546F8
:10231000012116480E46164A03E0037853B10E30E9
:10232000491C13889942F8DD1248104B048800209C
:1023300001210DE0067045700846F0BD5F78012F61
:1023400004D1DF78A74201D83C4608460E33491C29
:102350001788B942F2DD0028EFD0044AC0EBC00173
:1023600002EB410101F80E6D4D70F0BD50230010DD
:102370003E030010400300102DE9F04781460F4650
:1023800000253D4C3D4E0BE0207838B104224946F3
:1023900004F10A0007F0E6FB012815D00E346D1C8D
:1023A00030888542F0DB3649484607F015FBDFF8F8
:1023B000C880334D01284FF0040209D00021281DA8
:1023C00007F0F6FBE8BB1DE0207803284ED350E071
:1023D0004946281D07F0C6FB012806D1042200212A
:1023E000281D07F0E5FB00B900273846FFF78EFFF0
:1023F00006003CD0C6EBC60108EB41040E3C0422AB
:1024000049461DE000271C4C0BE0207838B104221F
:10241000291D04F10A0007F0A5FB0128D4D00E34D1
:102420007F1C30888742F0DB0020FFF76FFF06003B
:102430001DD0C6EBC60108EB41040E3C0422291D49
:1024400000E013E004F10A0007F09CFB06220D49AE
:10245000201D07F097FB0C480078A0700B4800780F
:10246000E070304600F036F9022020700020BDE810
:10247000F0872046FBE70000502300103E030010C9
:1024800014230010B40206083803001039030010AA
:1024900070B50D46064604220E4907F063FB01287D
:1024A00014D0304607F0AAFA01280FD0294630464A
:1024B000FFF762FF040008D00422314604F10A004D
:1024C00007F050FB012802D002E0002070BD6570CB
:1024D000012070BDB00206082DE9F0470026DFF8A4
:1024E000D480DFF8D490B246344F5DE0B9F80050A4
:1024F000691C89B2A9F800103A88914201D3A9F861
:1025000000A02F49C5EBC50001EB40042078C8B3FB
:10251000E07820B1401E10F0FF00E07043D16078F9
:1025200001280AD10422274904F10A0007F01AFB06
:10253000012806D06078012818D010F0FF0F02D0D3
:1025400031E084F801A004221F4904F10A0007F0D9
:1025500009FB012817D02078032818D0A07800B3F1
:10256000401E10F0FF00A0701BD012E0207803285E
:1025700017D0A078A8B1401E10F0FF00A07010D0B6
:10258000022005E00FE011480088E0700BE0042015
:10259000207098F80000E070681CBDE8F04700F07B
:1025A00099B884F800A0761C388886429EDBBDE886
:1025B000F087000039030010280300103E030010CC
:1025C0005023001018230010B0020608400300102A
:1025D0002DE9F04106460025134C00F10E08134F7B
:1025E0000DE0207848B1012807D0042204F10A0147
:1025F000404607F0B7FA012806D00E346D1C388823
:102600008542EEDBBDE8F081062206F10801201DBF
:1026100007F0B8FA06480088E07006480078A07015
:1026200003202070EEE70000502300103E0300104E
:1026300040030010380300102DE9F04105460E4616
:102640002A20FFF7AFFD044605F1080106220F46D8
:10265000001D07F097FA06221C4904F10A0007F052
:1026600091FA4FF4C16020824FF48070608208209C
:10267000A0820620A0750420E075268304F12400C2
:1026800006223946064607F07DFA05F10E0104F1EF
:102690002A000422054607F075FA06220B4904F1C8
:1026A0001A0007F06FFA0422094904F1200007F02C
:1026B00069FA012231462846FFF7C6FD2046CEF7CB
:1026C000E8FD2046BDE8F04100F0BCB84C03001026
:1026D0001423001070B505462A20FFF763FD044659
:1026E00006222349001D07F04DFA0622214904F174
:1026F0000A0007F047FA4FF4C16020824FF480715E
:1027000061820820A0820620A0750420E075218344
:102710000622184904F11A0007F034FA0422164977
:1027200004F1200007F02EFA4FF0060265B10021F7
:1027300004F1240007F034FA1049C5EBC50001EBA1
:1027400040010422091F06E0094904F1240007F0B2
:1027500019FA0949042204F12A0007F013FA204665
:10276000CEF797FD2046BDE8704000F06BB8000042
:10277000B40206084C03001014230010502300106C
:1027800006220249001D07F0EDB900004C030010BD
:1027900070B5044600F12205204E04222049284647
:1027A00007F0E0F938BB0422002104F11E0007F015
:1027B000FFF908B1002070BD28780E21B1EB101F81
:1027C0000ED101202071002060715E20A071687818
:1027D00000F07F00E071A8782072E87860720FE066
:1027E000284607F00BF930B901212846FFF7C4FD50
:1027F0000028E0D0061D06223146201D07F0C2F950
:102800000622084904F10A0007F0BCF908202082DA
:102810002046CEF73EFD012070BD0000B402060840
:10282000B00206084C0300108A68002A02DC00226D
:10283000D1F70AB9521E8A604A68C0B2531C4B6075
:102840001070704770B500282AD0A0F10806154C0A
:102850000025CEF72FFD09E0254624682068800773
:1028600003D0CEF71AFD022010E064B1B442F3D1D8
:102870000D4861680B4B0268511A01609C4209D1F6
:102880000020606008E0CEF708FD0120BDE8704040
:10289000CEF74FBD20682860BDE87040CEF7FDBC84
:1028A00070BD000070250010B4040010114A10B56E
:1028B0000F491378CBB1002808BF0F480C4C237A7E
:1028C000012B0CD0D0E90030C1E9003002F10C013D
:1028D000506801F023F901202072002010BD082269
:1028E000CFF779FA002808BF10BD4FF0FF3010BDB8
:1028F000082300105CFE050810FD05080A48007A50
:10290000002804BF4FF0FF30704710B5074C6068D7
:1029100001F0D6F8012804BF002010BD0121606835
:1029200001F076F9002010BD082300105CFE0508B8
:102930000F480068002804BF4FF0FF30704730B5E3
:102940000C4D85B00024686818B9262001F0A6F95E
:1029500068604FF480400094CDE901404FF470600E
:1029600003906846FDF79EFD05B0002030BD0000D5
:1029700070FE0508040300102DE9F04FB54801264C
:1029800099B00068002802BF4FF0FF3019B0BDE8D1
:10299000F08F0024DFF8C082D8F8040020B9262088
:1029A00001F07CF9C8F8040001218805FEF7B8FDA4
:1029B00001210802FEF7E4FD01218802FEF7E0FD97
:1029C00001210846FEF7ACFD01210220FEF7A8FD1B
:1029D00001212020FEF7A4FDA04D2846FEF7D8F9DE
:1029E0009F480427CDE90040D8F80400CDE902044F
:1029F00004972815CDE90540400007908000089015
:102A0000401109904002CDE90A07CDE90C646946FE
:102A10000E942846FEF77EFA01212846FEF7AFF90C
:102A2000904D2846FEF7B4F9380600908E48019084
:102A3000D8F804006946083002902846FEF76AFA82
:102A400001212846FEF79BF910A8FEF74FFC03254D
:102A50008DF8445010958DF8474010A98348FEF733
:102A6000D5FB182010908DF844508DF8474010A9E0
:102A70007F48FEF7CBFB4FF44C7010908DF844501C
:102A80008DF8474010A97B48FEF7C0FBDFF8E891BE
:102A900012948DF84C608DF84D6014941594169432
:102AA0008DF85C7012A94846FDF7DAFDDFF8CCB16D
:102AB00012A95846FDF7D4FD01231A4608214846BD
:102AC000FDF7F8FD0123022203214846FDF7F2FD40
:102AD0000123032209214846FDF7ECFD04220123CE
:102AE00011464846FDF7E6FD01231A460E215846D9
:102AF000FDF7E0FD0123022206215846FDF7DAFD2D
:102B0000012303220F215846FDF7D4FD012304229F
:102B100007215846FDF7CEFD01214846FDF7E1FCAF
:102B200001215846FDF7DDFC01214846FDF7D0FCA8
:102B300001215846FDF7CCFC01214846FDF7A9FCD0
:102B400001215846FDF7A5FC4846FDF7FCFD584617
:102B5000FDF7F9FDD8F80400002876D0002148469A
:102B6000FDF7C8FC00215846FDF7C4FC25462E465B
:102B700037464FF0000AB946DFF8FCB0022158464C
:102B8000FDF7C1FC70B900BF98F80000401CC0B24E
:102B900088F80000642805D202215846FDF7B3FCEE
:102BA0000028F1D088F80090D8F804004188C08847
:102BB0000C44054402215846FDF768FCDFF8BCB020
:102BC00002215846FDF79FFC70B900BF98F800003D
:102BD000401CC0B288F80000642805D20221584683
:102BE000FDF791FC0028F1D088F80090D8F8040097
:102BF0004189C0890E44074402215846FDF746FC2E
:102C00000AF1010000F0FF0ABAF1200FB4D304F179
:102C10001000C11700EBD1604111D8F80400018306
:102C200005F11001CA1701EBD2614911418306F188
:102C30001001CA1701EBD2614911818307F110011C
:102C4000CA1701EBD2614911C18319B00020BDE858
:102C5000F08F000070FE05080403001010640240AD
:102C60004C200140286402404C22014000040240F4
:102C700000000240001402400020014000220140F8
:102C8000F0B54948012599B00068002802BF4FF00F
:102C9000FF3019B0F0BD0024444E706818B92620EA
:102CA00000F0FCFF706001218805FEF739FC01216E
:102CB0004802FEF765FC01210846FEF731FC0121C0
:102CC0000420FEF72DFC3A4F3846FEF761F84FF02E
:102CD0000070009037480190706803262030CDE9DD
:102CE000020404963815CDE90540400007908000A5
:102CF00008904011099040020A900420CDE90C543C
:102D00000B90694638460E94FEF704F901213846C7
:102D1000FEF735F8202016908DF85C608DF85F4046
:102D200016A92548FEF772FA8DF85C6016958DF8A5
:102D30005F4016A92148FEF769FA10941294139483
:102D400014941F4C8DF844508DF845508DF8546004
:102D500010A92046FDF784FC072301220521204607
:102D6000FDF7A8FC072302220A212046FDF7A2FC5A
:102D70000120FDF7EDFC0723032210212046FDF77B
:102D800099FC01212046FDF7ACFB01212046FDF70F
:102D90009FFB01212046FDF77CFB2046FDF7D3FC7D
:102DA00019B00020F0BD000070FE050804030010FB
:102DB000406402404C2101400000024000080240F3
:102DC0000021014010B5044601F0A4FC10B33748BF
:102DD0004168F9B19FED360A002C08BF012405D0E7
:102DE000012C08BF002401D0042C16D201EB840072
:102DF00001EB44014088B1F91810A0EB010000EE8E
:102E0000900AF8EEE00A20EE800ABDEEC00A10EE4D
:102E1000100A48E04FF0FF3010BD22D1C888B1F948
:102E20001A20A0EB020000EE900A4A88B1F91810AF
:102E3000F8EEE00AA2EB010160EE800AFDEEE00A86
:102E400010EE900A00EE901A00B2F8EEE00A20EEC2
:102E5000800ABDEEC00A10EE101A00FA81F000B22E
:102E600010BD052C18BF10BD4889B1F91C20801A6F
:102E700000EE900ACA89B1F91E10F8EEE00A511A64
:102E800060EE800AFDEEE00A10EE900A00EE901A65
:102E900000B2F8EEE00A20EE800ABDEEC00A10EEA5
:102EA000101A00FA81F000B210BD000004030010F7
:102EB000002474400000000010B5044601F02AFC14
:102EC000E8B111484068D0B1002C08BF012402D0FD
:102ED000012C08BF002430F824000CF011FC9FEDF9
:102EE0000C1B53EC112B0CF01FFC9FED0B1B53EC38
:102EF000112B0CF019FCBDE810400CF0BDBB4FF0DD
:102F0000FF3010BD000000000403001000000000AE
:102F10000D0078ECFF7BB540000000000000303F62
:102F20000D484068002808BF704710B5408C0CF071
:102F3000E7FB9FED0B1B53EC112B0CF0F5FB9FED0A
:102F40000A1B53EC112B0CF0EFFBBDE810400CF00A
:102F500093BB00000000000004030010000000000C
:102F6000037C9CF63FEBF040000000000000303F87
:102F70000249896A002908BF704708472C3E0010A3
:102F8000044902460020496A002908BF70471046DC
:102F9000084700002C3E001070B51F4CD8B12178B6
:102FA000012928D0016821624168A1618168E1613D
:102FB000C168002908BF194961620169002908BF79
:102FC0001749A16290E80F10251D85E80F10012018
:102FD0002070002070BDE12612A502F07DFD0128C1
:102FE0001EBFA06900288047226A1AB129463046D0
:102FF0009047FEE7FEE7E02611A502F06DFD0128EF
:103000001EBFA06900288047226A1AB129463046AF
:103010009047FEE7FEE700002C3E001093DC050819
:103020008FDC050868616C5F626173655F696E695A
:10303000742829206E65656473206366670000004C
:1030400068616C5F626173655F696E6974282920CD
:10305000616C72656164792063616C6C6564000009
:1030600070B50E46054602F037FD114C01281EBF13
:10307000A06900288047226A7AB1314628469047E5
:10308000F02D00D0FEE702F027FD01281ABFE0690D
:10309000002870BDBDE870400047F02D00D0FEE76D
:1030A00002F01AFD01281CBFE0690028F2D170BDB2
:1030B0002C3E001070B5054602F00EFD0A4C0128AA
:1030C0001EBFA269002A9047226A12B12946F02049
:1030D000904702F001FD01281ABFE069002870BD89
:1030E000BDE87040004700002C3E001010B502F013
:1030F000F3FC012808BF10BD0348C069002808BFC1
:1031000010BDBDE8104000472C3E001010B502F085
:10311000E3FC012808BF10BD03488069002808BFF0
:1031200010BDBDE8104000472C3E00100020704745
:1031300010B5044601460A48006802F060FD002808
:1031400004BF4FF0FF3010BDFFF7E0FF204602F054
:103150003BFF204602F06AFDFFF7C8FF002010BDCC
:10316000CC22001070B50D460446014608481646AC
:10317000006802F044FD002812BF002D4FF0FF3020
:1031800070BD324629462046BDE8704002F0B0BD11
:10319000CC2200102DE9F0473F4F0546DFF8FC80B8
:1031A0000C4607EB850901468CB0D9F80460D8F8C5
:1031B000000002F024FD002861D0002C08BF384C2C
:1031C0002946386802F01BFD012801D056B11AE0EB
:1031D000202231462046CEF7FEFD00284FD10CB00C
:1031E000BDE8F08720796179002818BF002904D153
:1031F0002CA14FF0E300FFF733FF202000F04EFD3D
:103200000646C9F8040094E88F1686E88F16324EF9
:103210000021705D00F0E0F8705D00F0C5F86078A6
:10322000002818BF01208DF8280000200B902B48A3
:103230000AA9C0F80080284602F0BEFFF8B920793C
:103240008DF80000A0788DF80100A0680190E0687A
:10325000029060798DF80C00E0788DF80D002069FF
:1032600004906069059001208DF81800A06907900E
:10327000E06908906946284602F066FD20B10CB06E
:103280004FF0FF30BDE8F0872946034802F0C6FC46
:103290000CB00020BDE8F087CC22001084FE0508A9
:1032A000C8FC050868616C5F63616E5F696E697474
:1032B00028293A206E656564206E6F6E2D7A6572DE
:1032C0006F20747820616E64207278206669666F62
:1032D0002073697A65730000C4FC0508F0020010D1
:1032E00070B50D46044601460748006802F087FCA9
:1032F000002812BF002D4FF0FF3070BD2946204638
:1033000002F0BCFD002070BDCC22001070B50E464E
:10331000044601460A481546006802F070FC002881
:1033200012BF002E4FF0FF3070BD012D0CBF0122E7
:10333000002231462046BDE8704002F0CFBD0000BB
:10334000CC22001070B50D460446014607480068BF
:1033500002F055FC002812BF002D4FF0FF3070BD69
:1033600029462046BDE8704002F0F4BDCC22001092
:1033700001460248006802F042BC000084FE0508D5
:1033800010B5044601460748006802F038FC0028E2
:1033900004BF4FF0FF3010BD2046BDE8104002F0E2
:1033A000FFBD0000CC22001010B5044601460848BD
:1033B000006802F024FC002804BF4FF0FF3010BD6D
:1033C000044800EB0410C16820468847002010BD67
:1033D000583E001098FF05082DE9F047DFF894905B
:1033E0000446DFF894800F4609EB840A01464FF04B
:1033F000FF36DAF80450D8F8000002F000FC01288B
:103400001CBF6FF00E00BDE8F087002F08BF1B4FF8
:103410002146D9F8000002F0F2FB012801D05DB18D
:1034200010E0012229463846CEF7D5FC002818BF07
:103430004FF0FF30BDE8F087012000F02FFC05467B
:10344000CAF804003878287008EB04108268002A53
:103450001FBFC16800290169002908D041682046C2
:103460009047060003D12146024802F0D7FB3046C0
:10347000BDE8F087583E001098FF050828010608AF
:103480002DE9F04104000AD0164D287878B116A134
:10349000E020FFF7E5FD4FF0FF30BDE8F0811AA115
:1034A000E120FFF7DDFD4FF0FF30BDE8F08194E84B
:1034B000CF1105F1040E8EE8CF112046FFF76CFD09
:1034C00004F1140001F032F904F1150000F0ECFAF7
:1034D00004F1180002F0E8FA012028700020BDE88D
:1034E000F08100007022001068616C5F636F72658C
:1034F0005F696E6974282920616C72656164792046
:1035000063616C6C6564000068616C5F636F726519
:103510005F696E69742829206E656564732063662F
:1035200067000000084810B50178012906D0074956
:10353000E020FFF795FD4FF0FF3010BD0221017034
:10354000FFF7F4FD002010BD7022001044050608AE
:103550000D4BC0EBC00203EB8202121D012818BF05
:1035600002280ED1D2E90002B0F1FF3F18BFB2F13C
:10357000FF3F06D0814224BF1044884284BF01200F
:103580007047002070470000C4FF050870B504466E
:10359000010005D0194D286802F031FB012802D046
:1035A0006FF00E0070BD16482146006802F027FB40
:1035B000012820D0C4EBC40005EB8000051D012CC0
:1035C00018BF022C17D1287A4FF0000100F082FBBF
:1035D000002818BF70BD2A69002A1FBF686900282B
:1035E000A869002807D02046E968904718B9214605
:1035F000034802F013FB002070BD0000C4FF050863
:10360000A42200102DE9F8438846044601461B48D1
:103610001F4615464FF0FF36006802F0F0FA012809
:103620001AD1002F18BF002D16D041462046FFF7B3
:103630008FFF88B108EB0500411E2046FFF788FF89
:1036400050B10F49C4EBC40001EB8000001D012CF8
:1036500018BF022C04D00EE04FF0FF30BDE8F88315
:103660004FF000010091D0F814C03B462A46414675
:103670002046E04706463046BDE8F883A422001005
:10368000C4FF05082DE9F8438846044601461B4857
:103690001F4615464FF0FF36006802F0B0FA0128C9
:1036A0001AD1002F18BF002D16D041462046FFF733
:1036B0004FFF88B108EB0500411E2046FFF748FF89
:1036C00050B10F49C4EBC40001EB8000001D012C78
:1036D00018BF022C04D00EE04FF0FF30BDE8F88395
:1036E0004FF000010091D0F818C03B462A464146F1
:1036F0002046E04706463046BDE8F883A422001085
:10370000C4FF050803F0FEBC03F00ABD2DE9F0413B
:103710003C4F3B4D064638786C6801281CBF6FF063
:103720000E00BDE8F081002E04BF6FF00100BDE87F
:10373000F0810021286802F062FA012801D04CB122
:103740000DE0102221463046CEF745FB002846D139
:10375000BDE8F081302000F0A1FA04466860BD7831
:1037600097F80180FF2D08BF7578B8F1FF0F08BFEB
:1037700096F802801DB924A0FFF79CFC0225B8F141
:10378000000F04D12EA0FFF795FC4FF0020896E839
:103790000F0084E80F007268D2E900019268A2610C
:1037A000C4E90401002000F07DF818B132A1E02046
:1037B000FFF756FCD4E90201C4E90801002084F8AF
:1037C0002800207884F82900344884F82A5084F8A6
:1037D0002B80076004F1200003F0C0FC18B14FF00B
:1037E000FF30BDE8F081002000F014F9002104480A
:1037F00002F014FA03F09CFF0020BDE8F081000005
:10380000F8020010A8FE050868616C5F6574685FC7
:10381000696E6974282920666F756E6420747864F7
:103820006D61636170616369747920617420302E09
:103830002073657420697420746F203200000000CA
:1038400068616C5F6574685F696E697428292066B9
:103850006F756E64207278646D6163617061636915
:10386000747920617420302E20736574206974206F
:10387000746F20320000000068616C5F65746874CA
:1038800072616E736365697665725F696E697428CB
:1038900029206661696C656400000000F402001074
:1038A00003F0E6BE2DE9F041DFF8AC802B4C074673
:1038B0004FF0FF360021D8F80450206802F09FF93D
:1038C00001281CBF6FF00E00BDE8F081002F08BF7B
:1038D000234F002198F8000002F076F9012801D06A
:1038E0005DB110E0012229463846CEF774FA00286F
:1038F00018BF4FF0FF30BDE8F081012000F0CEF995
:103900000546C8F8040038782870E06800281CBF15
:10391000206900281DD0606900281CBFA06900280C
:1039200017D0E06900281CBF206A002811D04FF092
:103930000001206802F063F90A49087008464160F6
:10394000002003F0CFFF060003D10021024802F05F
:1039500042F93046BDE8F081CC020010480006086C
:10396000ACFC0508C402001070B506460B480D46B5
:1039700014460021407802F027F9002812BF002CDD
:103980004FF0FF3070BD064823462A46D0F820C0CD
:103990003146BDE870404FF000006047CC02001097
:1039A0004800060810B504460A480021407802F095
:1039B0000BF9002804BF4FF0FF3010BD002C04BFEE
:1039C0006FF0010010BD044821468269BDE8104037
:1039D00000201047CC0200104800060870B50446CD
:1039E0000A480D460021407802F0EEF8002812BF88
:1039F000002C4FF0FF3070BD05482A462146C369B0
:103A0000BDE870404FF0000018470000CC020010E5
:103A10004800060830B5224D044683B000212878BE
:103A200002F0D2F8002802BF4FF0FF3003B030BDE3
:103A30000021687802F0C8F8012812D0684603F027
:103A40006FFF00281CBF03B030BD002C1CBF9DF8C9
:103A5000000020700021681C02F0BDF803B00020B7
:103A600030BD10484169002908BF4FF0FF300AD02F
:103A7000FF218DF80410426901A9002090479DF8AC
:103A800004108DF80010002C04BF03B030BD684650
:103A900003F008FF9DF80010217003B030BD000056
:103AA000CC02001048000608044801210278002AD0
:103AB00012BF4FF0FF300170002070471404001057
:103AC0002DE9F0411349C4B2FF2C4E6818BF5FEADC
:103AD000104507D0104F294637F8140002F082F83D
:103AE000012802D00320BDE8F08107EB440064F315
:103AF000070665F31F462946008B02F073F801287C
:103B0000304603D0BDE8F04104F090B9BDE8F04183
:103B100004F0CAB9E8FC0508D82200102DE9F047E6
:103B200084B08146002908BF34490D78022D02BFB8
:103B30004FF0FF3004B0BDE8F08709F0FF0691F8C0
:103B400001804FEA19444FF0FF3AFF2E18BF002CB6
:103B500022D0FF2D18BFB8F1FF0F1DD028482146F5
:103B600030F8160002F03EF801281EBF6FF00E007C
:103B700004B0BDE8F0872349234A0027C869496A91
:103B80008DF8006009F0FF0302EB4306012D07D01A
:103B9000C5B1032D1ED029E004B05046BDE8F08722
:103BA000CDE90140194810F808008DF80900684671
:103BB00004F01CF90028EFD1214606F1180002F0AC
:103BC0001AF813E0CDE90147684604F00FF9002820
:103BD000E2D106E0CDE90141684604F007F900288A
:103BE000DAD1214606F1180002F000F821463046ED
:103BF00002F001F804B03846BDE8F087F8FC05088B
:103C0000F8FE0508E8FC0508D8220010F0FC0508BD
:103C10002DE9F0410F461449C4B2FF2C0E681CBFB9
:103C20005FEA1045032F10D0DFF84080294638F8AE
:103C3000140001F0D7FF012807D108EB4400294602
:103C4000008B01F0CFFF012803D04FF0FF30BDE81B
:103C5000F08164F30706304665F31F40394604F0EF
:103C600043F90020BDE8F081E8FC0508D8220010E7
:103C70004FF0FF3070474FF0FF3070474FF0FF308C
:103C800070470020704710B504460068002808BF40
:103C900010BDFFF76DF90020206010BD10B5FFF7D3
:103CA0006FF9040003D103A1E220FFF7D9F9204600
:103CB00010BD000068616C5F686561705F6E65775C
:103CC00028293A206E6F206865617020616E796DD9
:103CD0006F7265002DE9F047DFF8C880044608EBF5
:103CE000840682B077680D0008BF2F4D28786FF0EA
:103CF0000E0A012808D0DFF8B490214699F8000098
:103D000001F07DFF012803D002B05046BDE8F087E6
:103D10002146D8F8000001F072FF4FF0FF3A4FF053
:103D20000008012801D067B114E00322B91C28461D
:103D3000CEF751F8002808BF4046E5D102B0BDE8F3
:103D4000F0870520FFF7AAFF002270600746027087
:103D50007068427028887880A8783871144869465D
:103D6000C0F8009028788DF800008DF80180687800
:103D70008DF802008DF803802046CDF8048004F011
:103D8000CDF80028C0D12146064801F047FF7268EF
:103D90000021084611707168487002B04046BDE8C5
:103DA000F0870000783E00103C01060810FF05086F
:103DB000180400102DE9F0411A4D04460146286808
:103DC00001F01DFF002804BF4FF0FF30BDE8F08177
:103DD0002146154F386801F012FF01281ED005EB6F
:103DE000C4061249B068FFF799FE002818BFBDE865
:103DF000F08121460C4801F011FF0D48214644682E
:103E0000386801F0FCFE48B1307A718960F307042C
:103E1000204661F31F40697904F066F80020BDE890
:103E2000F08100006C000608D8020010BCFC0508F8
:103E3000B0FC050870B504460D48214645680D489C
:103E4000006801F0DCFE002804BF4FF0FF3070BDB9
:103E5000094A02EBC401087A498960F3070528463C
:103E600061F31F405179BDE8704004F03DB8000097
:103E7000B0FC0508D80200106C00060870B50446B6
:103E80000D48214605680D48006801F0B8FE00287D
:103E900004BF4FF0FF3070BD094A02EBC401087A3D
:103EA000498960F30705284661F31F401179BDE891
:103EB000704004F019B80000B0FC0508D8020010EA
:103EC0006C00060870B504460C48214685680C480D
:103ED000006801F094FE002804BF4FF0FF3070BD71
:103EE000084800EBC401087A498960F307052846B1
:103EF000BDE8704061F31F4003F0E4BFB0FC05086B
:103F0000D80200106C0006082DE9F047002506468F
:103F10000146062811D24348006801F070FE60B1E6
:103F2000DFF80481DFF80491414C424F062E58D24D
:103F3000DFE806F00714212E3D4A4FF0FF30BDE8C0
:103F4000F087607818B900214046FDF7D2FD4FF4A4
:103F500000513846FDF7C6F9257025E0207818B9DC
:103F600000214046FDF7C5FD4FF480513846FDF76E
:103F7000B9F9657018E0E07818B900214846FDF7F6
:103F8000B8FD4FF480413846FDF7ACF9A5700BE061
:103F9000A07818B900214846FDF7ABFD4FF4004169
:103FA0003846FDF79FF9E5700020BDE8F08760789E
:103FB00018B900214046FDF79CFD4FF400513846EA
:103FC000FDF790F92570CBE7E07818B90021484655
:103FD000FDF78FFD4FF480413846FDF783F9A5705A
:103FE000D8E700214046FDF784FD00214846FDF753
:103FF00080FD4FF480513846FDF774F94FF40051BD
:104000003846FDF76FF94FF480413846FDF76AF9FD
:104010004FF400413846FDF765F925706570A570CD
:10402000C1E70000E8020010000001400004014068
:10403000E0020010001002402DE9F0410646014662
:10404000062811D24148006801F0D9FD60B1012471
:104050003F48404F404DDFF80481062E57D2DFE83D
:1040600006F007121D2935454FF0FF30BDE8F081FD
:104070000121FDF73EFD4FF400513846FDF734F9BC
:104080002C70BDE8F0810121FDF733FD4FF4805124
:104090003846FDF729F96C70BDE8F08101214046F2
:1040A000FDF727FD4FF480413846FDF71DF9AC7050
:1040B000BDE8F08101214046FDF71BFD4FF40041B2
:1040C0003846FDF711F9EC70BDE8F0810121FDF7EC
:1040D00010FD4FF400513846FDF706F94FF48051BA
:1040E0003846FDF701F92C71BDE8F0810121404609
:1040F000FDF7FFFC4FF480413846FDF7F5F84FF42B
:1041000000413846FDF7F0F86C71BDE8F0810121FF
:10411000FDF7EFFC01214046FDF7EBFC4FF4805129
:104120003846FDF7E1F84FF400513846FDF7DCF86A
:104130004FF480413846FDF7D7F84FF40041384638
:10414000FDF7D2F82C706C70AC70BCE7E802001080
:104150000000014000100240E00200100004014095
:104160000148407970470000E80200102DE9F04F47
:10417000F04F01269BB03868002802BF4FF0FF3097
:104180001BB0BDE8F08F002401211020FDF7C8F915
:104190006846FDF7ABF88DF804604FF470408DF879
:1041A000054000908DF806408DF807406946E248CA
:1041B000FDF72CF84FF48051DF48FDF795F84FF4E8
:1041C0000051DD48FDF790F84FF48041DA48FDF7E3
:1041D0008BF84FF40041D848FDF786F801210820FC
:1041E000FDF79EF96846FDF781F80F2000908DF8E5
:1041F00004408DF8054001208DF806008DF8074039
:104200006946CE48FDF702F801210846FDF788F916
:104210006846FDF76BF84FF002084FF474608DF8B4
:10422000048000908DF805808DF806400120C44D73
:104230008DF8070069462846FCF7E8FF01220621B1
:104240002846FDF730F8012208212846FDF72BF813
:10425000012209212846FDF726F801220A212846D5
:10426000FDF721F801220B212846FDF71CF8B5487F
:10427000FDF74AFC15A8FDF733FF01210846FDF7BD
:104280007FF9ADF85C400120ADF854404FF0600973
:104290004FF4526A8DF85E00ADF85690CDF858A0F4
:1042A00015A9A848FDF7DCFEADF808900120ADF88F
:1042B0000A00ADF814404FF0080BADF81840ADF807
:1042C0000C400494ADF816B0ADF81A4002A99D4810
:1042D000FDF7C0FD4FF4D25502A99A480495FDF7A9
:1042E000B9FD02A997480495FDF7E8FD02A9954894
:1042F0000495FDF728FE02A992480495FDF769FE92
:104300004FF40060ADF834004010ADF83600801076
:10431000ADF838005420ADF83A004FF48050ADF8B5
:104320003C004000ADF83E00ADF840400DA9854886
:10433000FDF7BEFB80218348FDF7CFFB01228021E2
:104340008048FDF77FFD01210802FDF7E9F8684686
:10435000FCF7CCFF8DF80480F4208DF805800090E8
:104360008DF806400120DFF8E0818DF807006946EE
:104370004046FCF74BFF032204214046FCF793FF25
:10438000032205214046FCF78EFF0322062140460A
:10439000FCF789FF032207214046FCF784FF032234
:1043A00002214046FCF77FFFDFF8A0814046FDF781
:1043B000ABFB18A8FDF794FE01210220FDF7E0F801
:1043C000ADF868400120ADF860408DF86A00ADF8A6
:1043D0006290CDF864A018A94046FDF741FEADF803
:1043E0001C900120ADF81E00ADF82840ADF82C401F
:1043F000ADF820400994ADF82AB0ADF82E4007A9D9
:104400004046FDF727FD07A940460995FDF722FD27
:1044100007A940460995FDF751FD07A940460995B2
:10442000FDF791FD07A940460995FDF7D2FD4FF430
:104430000060ADF84400C010ADF848005420ADF85D
:104440004A00ADF84C404FF40050ADF84E00ADF8C6
:104450004640ADF8504011A94046FDF729FB8021A8
:104460004046FDF73AFB012280214046FDF7EAFC79
:1044700020213448FDF7E3FD01213248FDF73CFCE3
:1044800001213048FDF726FB002201212D48FDF7D0
:10449000D9FC01212B48FDF723FB00212948FDF71A
:1044A00028FB002201214046FDF7CCFC01214046BB
:1044B000FDF716FB00214046FDF71BFB19208DF888
:1044C000300004208DF831008DF8324001208DF845
:1044D00033000CA8FCF7D8FFDFF87480182088F8A8
:1044E00005408DF8300003208DF831008DF8324002
:1044F00001208DF833000CA8FCF7C6FFA8F10C00D2
:104500000025446004812146386801F078FB0128C9
:1045100005D188F8046029460D4801F07FFB681C2E
:10452000C5B2062D38BF2946EED31BB04FF00000B0
:10453000BDE8F08FB400060800100240000C0240F5
:104540000000024000000140002002400004014041
:10455000E80200102DE9F0410C4607460146062806
:1045600018D25B48006801F04AFB98B1002C15DBBB
:10457000B4F5526FC8BF4FF4526402DC142CB8BFBC
:104580001424544D544E062F44D2DFE807F012286D
:10459000394F60854FF0FF30BDE8F0816042B0F5E3
:1045A000526FC8BF4D4C60421428B8BF6FF013045F
:1045B000E7E7002C08DD21462846FDF74CFD0021E9
:1045C0002846FDF74AFD64E0604204B20021284617
:1045D000FDF741FD21462846FDF73FFD59E0002C3F
:1045E00005DD21462846FDF732FD002106E0604248
:1045F00004B200212846FDF72AFD2146284607E09F
:10460000002C08DD21463046FDF721FD00215DE04C
:10461000FDF71FFD3DE0604204B200213046FDF78A
:1046200016FD21463046FDF714FD32E0002C05DD75
:1046300021463046FDF70FFD002106E0604204B23E
:1046400000213046FDF707FD214630461FE0002CD3
:104650000DDD21462846FDF7FAFC00212846FDF72E
:10466000F8FC21462846FDF7F6FC00210EE06042EA
:1046700004B200212846FDF7EAFC21462846FDF752
:10468000E8FC00212846FDF7E6FC21462846FDF718
:10469000E4FC0020BDE8F081002C08DD2146304616
:1046A000FDF7D9FC00213046FDF7D7FCAAE76042B0
:1046B00004B200213046FDF7CEFC21463046FDF71E
:1046C000CCFC00213046FDF7C2FC214630469FE776
:1046D000E80200100000014000040140E0F2FFFF8A
:1046E0000A480179002904BF4FF0FF30704710B528
:1046F00000214171064C80212046FDF7EEF9012290
:1047000080212046FDF79EFB002010BDE80200102E
:10471000000001400146062824BF002070470248DF
:10472000006801F06CBA0000B400060800B597B04C
:1047300012A8FCF73DFF0E48129B8168994207D1F1
:10474000C168159A914203D10069149988420CD02E
:10475000DDE91410CDE9000106A2402102A8CDF741
:1047600009F802A9E020FEF77BFC17B0002000BD8D
:1047700048FE050868616C5F6D70752077726F6E1A
:1047800067207370656564733A20637075203D20FF
:10479000256420687A2C2066627573203D2025648C
:1047A00020687A2C2073627573203D202564206870
:1047B0007A00000070B50B4D04460146286801F0F0
:1047C0001EFA002804BF4FF0FF3070BD2146054897
:1047D00001F01CFA05EB8400001DFFF754FA0020DD
:1047E00070BD0000643E0010144A10B502EB800159
:1047F0004C680146106801F002FA002804BF4FF02F
:10480000FF3010BDD4F802000121FFF701FAA079B2
:10481000FF2819BFA07AFF28002010BD4FF001002B
:1048200001F03CF9D4F806000121FFF7F1F9D4F8C2
:104830000A000121FFF7ECF9002010BD643E0010D2
:104840002DE9F0412E4E04460F4606EB8408014642
:10485000D8F80450306801F0D2F900284CD0FF2F6E
:104860001ED0D5F802000121FFF7D2F9012001F096
:1048700015F92448C15DD5F80600FFF7C9F92248AB
:10488000C15DD5F80A00FFF7C3F9012001F006F970
:10489000D5F802000021FFF7BBF90020BDE8F08148
:1048A000A879FF2804BFA87AFF28F1D02146D8F8BC
:1048B0000450306801F0A3F9F0B1D5F802000121ED
:1048C000FFF7A6F9A8790024FF2819BFA87AFF28C6
:1048D0002046BDE8F0814FF0010001F0DFF8D5F887
:1048E00006000121FFF794F9D5F80A000121FFF72E
:1048F0008FF92046BDE8F0814FF0FF30BDE8F08130
:10490000643E00102D0106083001060870B5094A02
:104910000D4602EB80014C680146106801F06FF90A
:10492000002804BF4FF0FF3070BDD4F802002860AB
:10493000002070BD643E00102DE9F047314F054660
:10494000DFF8C4800E4607EB85090146D9F804401C
:10495000D8F8000001F053F9002804BF4FF0FF30F1
:10496000BDE8F0872946386801F049F9012804BFFD
:104970000020BDE8F087002E08BF244E2CB90E2081
:10498000FFF78CF90446C9F804003078207005EB75
:10499000450008EBC0004269C4F802204168C4F831
:1049A0000610C068C4F80A0019491046FFF7B6F8A7
:1049B000D4F802000121FFF72BF9A079FF281CBFD2
:1049C000A07AFF2817D04FF0010001F067F8D4F863
:1049D00006000F49FFF7A2F8D4F806000121FFF7FF
:1049E00017F9D4F80A000A49FFF798F8D4F80A0032
:1049F0000121FFF70DF92946024801F00FF90020C7
:104A0000BDE8F087643E0010B80006082C010608D7
:104A10003401060810B504460146042813D2134891
:104A2000006801F0ECF870B14FF0FF3074B1012C68
:104A300011D0022C15D0032C18BF10BD0C48BDE8B6
:104A40001040FDF75BB94FF0FF3010BDBDE81040DE
:104A50000848FDF753B9BDE810404FF08040FDF71E
:104A60004DB9BDE810400448FDF748B910030010E7
:104A7000000C004000040040000800402DE9F04F09
:104A8000002489B005460146042821D2CB4800689D
:104A900001F0B5F8E0B1CA482946006801F0AFF866
:104AA000012802BF002009B0BDE8F08F02274FF0B7
:104AB00003084FF004094FF47A3A08264FF4FA4BF2
:104AC0005DB1012D5BD0022D7ED0032D00F016814B
:104AD00009B04FF0FF30BDE8F08F01210220FCF754
:104AE00037FD01210420FCF71BFD6846FCF7FEFBA7
:104AF0008DF80470C0208DF80580B24F00908DF8BD
:104B000006408DF8074069463846FCF77FFB0222D5
:104B100006213846FCF7C7FB022207213846FCF77E
:104B2000C2FBA94F3846FCF7EFFF02A8FDF7D8FA01
:104B3000ADF80840CDF80CA0ADF81040ADF80A4033
:104B400002A93846FDF78CFA00231A46032138469D
:104B5000FDF7B4F805A8FDF76DF9ADF81C6005A9DF
:104B60003846FDF7D4F8ADF8149005A93846FDF79E
:104B7000CEF89648C0F800B00121384666E0012121
:104B80000846FCF7E5FC01210846FCF7C9FC0121B9
:104B90000220FCF7C5FC6846FCF7A8FB8DF8047002
:104BA00001208DF80580DFF828B200908DF80640CE
:104BB0008DF8074069465846FCF728FB8DF80470CD
:104BC00000968DF8058000E043E0824F8DF80640A6
:104BD0008DF8074069463846FCF718FB0122002192
:104BE0005846FCF760FB012203213846FCF75BFBCB
:104BF0003805FCF789FF02A8FDF772FAADF8084006
:104C0000CDF80CA0ADF81040ADF80A4002A9380567
:104C1000FDF726FA00231A4603213805FDF74EF862
:104C200005A8FDF707F9ADF81C6005A93805FDF7E3
:104C30006EF8ADF8149005A93805FDF768F84FF443
:104C40008021080341626449C1620121FCF748FFE9
:104C5000ABE001210420FCF77BFC01210820FCF7DC
:104C60005FFC6846FCF742FB8DF804704FF440503F
:104C70008DF80580594F00908DF806408DF807405B
:104C800069463846FCF7C2FA02220C213846FCF786
:104C90000AFB02220D213846FCF705FB504F38462F
:104CA000FCF732FF02A8FDF71BFAADF80840CDF87B
:104CB0000CA0ADF81040ADF80A4002A93846FDF747
:104CC000CFF900231A4603213846FCF7F7FF05A861
:104CD000FDF7B0F8ADF81C6005A93846FDF717F8E8
:104CE000ADF8149005A93846FDF711F83D48C0F815
:104CF00000B001213846FCF7F3FE56E00121082000
:104D0000FCF726FC01218020FCF70AFC6846FCF732
:104D1000EDFA8DF804704FF440608DF80580324F45
:104D200000908DF806408DF8074069463846FCF73C
:104D30006DFA02220A213846FCF7B5FA02220B214D
:104D40003846FCF7B0FA294F3846FCF7DDFE02A8DA
:104D5000FDF7C6F9ADF80840CDF80CA0ADF810404D
:104D6000ADF80A4002A93846FDF77AF900231A4641
:104D700003213846FCF7A2FF05A8FDF75BF8ADF864
:104D80001C6005A93846FCF7C2FFADF8149005A9D0
:104D90003846FCF7BCFF16493813086015490E4821
:104DA000086001213846FCF79BFE2946044800F0C4
:104DB00035FF09B00020BDE8F08F00001C01060897
:104DC00010030010000802400004004024040040CA
:104DD0000000024000040240C0C62D00000C02404A
:104DE0000008004024080040001C0240000C004065
:104DF000240C00402C0C0040F0B52848012585B05B
:104E00000068002804BF05B0F0BD0024244E3078AF
:104E1000012804BF05B0F0BD01214020FCF780FB54
:104E200001218803FCF7ACFB6846FCF75FFA4FF4FE
:104E300070478DF8044000978DF80740694619487F
:104E4000FCF7E4F90C210620FCF7C4FC0D21062038
:104E5000FCF7C0FC0E210620FCF7BCFC0F2106204D
:104E6000FCF7B8FC8DF80C4008208DF80D00029777
:104E70008DF80E5002A8FCF781F928208DF810005B
:104E80000D208DF811008DF812408DF8135004A8F4
:104E9000FCF7FAFA357005B0F0BD00001C010608F9
:104EA0000C030010001802402DE9F041214C064689
:104EB0000146206800F0A3FE002836D0304603F0FB
:104EC000D5FBB0F1FF3F30D004EB860700257C68AE
:104ED000E06A10B102F058FDE562206B10B102F0FB
:104EE00053FD2563606A10B102F04EFD6562606B90
:104EF00020B104F13400FEF7C6FE656325606560ED
:104F0000A560E56025616561A561E5612562656271
:104F1000A562E562381D2563FEF7B5FE31460548FA
:104F200000F074FE0020BDE8F0814FF0FF30BDE8D6
:104F3000F0810000883E00102DE9F0410E4F0D4633
:104F4000044601461646386800F059FE002804BFA2
:104F50004FF0FF30BDE8F081002D04BF6FF001007D
:104F6000BDE8F081294607EB840032464068406A7C
:104F7000BDE8F04102F04BBD883E00102DE9F0473E
:104F80000D00A249A24F064688B09F4A07EB86094A
:104F90000A60D9F8044008BF9E4D0146106800F031
:104FA0002EFE01281EBF6FF00E0008B0BDE8F0878E
:104FB0003146386800F023FE4FF0FF374FF000080D
:104FC000012806D02878002804BFA878012810D02E
:104FD0000BE04FF0200221462846CCF7FCFE0028CB
:104FE00002BF404608B0BDE8F087384608B0BDE8CB
:104FF000F087687A0028F8D068780228F5D1E87A36
:105000000028F2D00020FDF751FCFDF777FC824824
:1050100000F1340191E88E108DE88E10297F00296F
:1050200018BF0221ADF80610697F002918BF0121C1
:10503000ADF80810297A01290CBF4FF40061002156
:10504000ADF80410002E04BF3021ADF80C1000683C
:105050000690CDF81CD02878002818BF01208DF8C4
:105060001800E97806273046002918BF0F4639D1C5
:10507000696819B303F0BAFC6A68B0FBF2F1B0FBDF
:10508000F2F302FB1300022901D303D130B94FF030
:10509000010727E0042901D303D130B94FF00207FB
:1050A00020E0082901D303D130B94FF0030719E0FC
:1050B000102901D303D130B94FF0040712E02029A1
:1050C00001D303D170B94FF005070BE0402909D394
:1050D00002D1002872D105E080296FD30CBF0028CF
:1050E00008276BD08DF81970EA8B06A9304603F0BB
:1050F00017FB00281CBF08B0BDE8F0870027ECB301
:10510000607A94F8231010FB01F700BF95E82F1682
:1051100084E82F16617A84F82210207A01280CBFC7
:105120000222012284F8232011FB02F50023E06A09
:1051300002F060FDE06284F8288094F82320617A10
:105140000023206B02F056FD2063606B28B1BD4246
:1051500007D004F13400FEF796FD2846FEF79EFDC9
:105160006063617A94F8230011FB00F0C2B2E17A27
:105170000023606A02F03EFD606200E020E084F8F7
:10518000206084F8298084F821802324022136B10C
:10519000012E08BF242402D0022E08BF332420464B
:1051A00000F0A8FC204600F0A3FC3146184800F0AF
:1051B00035FD08B04046BDE8F087FFE7072791E7D7
:1051C0003820FEF76BFDC9F80400C0F80080C0F875
:1051D0000480C0F80880C0F80C80C0F81080C0F8C7
:1051E0001480C0F81880C0F81C80C0F82080C0F877
:1051F0002480C0F82880C0F82C80C0F83080044695
:10520000C0F8348082E7000044FF05081C04001049
:10521000883E0010480106084001060870B5154692
:10522000084A0E4602EB80014C680146106800F007
:10523000E6FC00280EBF4FF0FF30C4E905650020F2
:1052400070BD0000883E001010B5044601460C48B1
:10525000006800F0D4FC00280DBF4FF0FF30094873
:1052600050F8244010BD80212046FCF76BFA01283D
:10527000F9D000212046FCF7FAF9002010BD00000B
:10528000883E00106801060810B50446014609482A
:10529000006800F0B4FC002804BF4FF0FF3010BDE0
:1052A00005480022602150F82400FCF752FA002043
:1052B00010BD0000883E00106801060870B5134A52
:1052C0000D4602EB80014C680146106800F097FC27
:1052D000002804BF4FF0FF3070BD607A94F82310AF
:1052E0005DB110FB01F22946606BCCF7BFFD29468A
:1052F000206B02F04DFC002070BD10FB01F1606BD3
:10530000CCF7BAFE206B02F02FFBF4E7883E0010CA
:1053100070B50A4A0D4602EB80014C6801461068E0
:1053200000F06DFC30B1607AA84222BF84F82250B0
:10533000002070BD4FF0FF3070BD0000883E0010AF
:105340002DE9F04104462B48884600EB84012A4EA3
:105350004D6882B056F824702146006800F04FFC7A
:10536000002811BFB8F1000F4FF0FF3002B0BDE8C8
:10537000F08156F824004FF000024FF06001FCF776
:10538000E8F985F82980E86A02F0EEFA002085F84D
:105390002800ADF8000095F8231001291ED0002246
:1053A0006946286B02F033FB56F824000122602185
:1053B000FCF7CFF956F824000121FCF758F9022137
:1053C0003846FCF7BFF90028F9D0BDF80010384680
:1053D000FCF7CEF902B00020BDE8F0818DF80400A2
:1053E000002201A9286B02F012FB9DF80400ADF821
:1053F0000000D9E7883E0010680106082DE9F04159
:10540000204F064607EB86080146D8F80440386866
:1054100000F0F5FB002818BF00252FD007EB850012
:1054200042682AB1507C617C884201D1A2421AD1E3
:10543000052D14D1E07DFFF727FFE07DFFF704FF86
:10544000E07DFFF731FDB0F1FF3F17D0607CFFF743
:10545000CBF9607CFFF7AEF9B0F1FF3F0ED0681CCE
:10546000C5B2062DDAD33146064800F0CFFB08F16D
:105470000400FEF708FC0020BDE8F0814FF0FF308B
:10548000BDE8F081B02200102DE9F8431546A14A8D
:105490000E4602EB80014C680146106800F0AFFB3D
:1054A000002800F0DF80002E12BF002D6FF00100F9
:1054B000BDE8F8834FF0000129706960207B4FF050
:1054C000010278B1042830D0042205283FD00128F9
:1054D00000F0CC80022800F0FA80032800F006815A
:1054E00000F015B9297094F8230000F00701042991
:1054F0007DD094F82210FF2902BFFF2894F82410D1
:10550000FF291BD010F0030F04D02A70287940F037
:105510000200287194F8230010F0040F67D12A705C
:10552000287940F00400287195E0297094F8220051
:10553000FF2804BF94F82300FF2858D12A70287947
:1055400040F0010028714FF0FF30BDE8F88329706A
:10555000297194F83A00002818BF012803D14FF0B0
:10556000050028702A7194F83A00022807D1062015
:105570002870287900F0070040F00200287194F8A4
:10558000230094F82230020A000611EB000C94F874
:1055900024005341020C00041CEB000C534194F80E
:1055A0002520100E12021CEB0202434194F8260043
:1055B000121843EB0100584B070EC0F3074CDF5D98
:1055C0004FEA126887EA0C0CC0F3072713F80CC0E7
:1055D0008CEA070CC7B213F80CC08CEA070C48EA37
:1055E000002713F80CC0FFB28CEA070C00E032E091
:1055F0004FEA124848EA004713F80CC0FFB28CEAA1
:10560000070C170A47EA006013F80CC0C0B28CEA16
:105610000000D2B2185C504094F83B20185CC043A4
:10562000C0B2824207D007202870287900F0070016
:1056300040F001002871208FA0F57F42FF3A0AD187
:10564000364AA069904201BF94F83A00032894F8C2
:105650003B00FF2802D0A069306058E04FF00800FE
:10566000287069604FF0FF30BDE8F8832970207F13
:10567000F52804BF94F82200A62810D094F8220040
:10568000FF2804BF94F82300FF2808D194F82400D1
:10569000FF2802BF94F82500FF282A70E2D094F872
:1056A0003500762804D094F83500772807D00CE030
:1056B00094F82A0048B102212970686005E094F846
:1056C0002A0010B1032129706860A0690BE00091E5
:1056D00004F1300394F834009A1E022100F0A0FE79
:1056E000D4F82E00A061306011E000BF04F1320058
:1056F000009004F1300394F834009A1E022100F067
:105700008FFEE08D3060208E7060608EB060002073
:10571000BDE8F883B02200108CFB0508FFFF0700EE
:105720002DE9F047DFF8D4810646754F0D4608EBAA
:10573000860901468CB0D9F80440386800F05FFA59
:10574000A8B1002D08BF6F4D3146D8F8000000F019
:1057500056FA012801D07CB114E0102221462846D7
:10576000CCF739FB002804BF0CB0BDE8F0874FF040
:10577000FF300CB0BDE8F0873C20FEF78FFA0446FE
:10578000C9F8040095E80F0084E80F00002584F8AC
:10579000365006EB4600C1192674087AE075487A3F
:1057A0006074897AA175A561217B022918BF03293C
:1057B0002AD04FF00001FFF7BFF800281CBF0CB043
:1057C000BDE8F087607C04F11201FFF79FF8DFF875
:1057D000388108F12C01D8F8240091E80E160090C9
:1057E00002A880E80E1678680190217B012914D068
:1057F00019B301200222042915D005291ED002293F
:1058000036D003293FD024E0404900EB400001EBB3
:10581000C0004069C4F81200D9E704208DF80900DF
:105820008DF81C5015E08DF81C508DF81D00ADF85A
:105830001E008DF809208DF808000AE08DF81C5034
:105840008DF81D00ADF81E0006208DF809008DF8BA
:105850000850E07D6946FFF791FB00281CBF0CB0A3
:10586000BDE8F087207B022819D003283AD031E028
:105870008DF80B008DF809208DF808008DF81C506C
:105880008DF81D00EEE78DF80B0003218DF809104F
:105890008DF808008DF81C508DF81D00E2E708F522
:1058A000A27808AD98E80F0085E80F00E07D012898
:1058B00001D1012500E000258DF82000A07C8DF8A5
:1058C0002400A08AADF8260008A9284600F002FDB1
:1058D00084F834503146094800F0A0F90CB000209B
:1058E000BDE8F08708F5AA7808AD98E80F0085E8CC
:1058F0000F00E07D0128DED1DBE70000B0220010C0
:105900001C0006085CFB050848FB0508B8000608F3
:10591000F8B505465648294600EB850600687468C8
:1059200000F06DF9002804BF4FF0FF30F8BD207B78
:1059300058B104281FD0052833D0012847D00021B2
:1059400002287CD0032879D090E0A17D607CFEF70E
:1059500077FFE07D2A464749FFF760FCE07D0321A1
:10596000FFF7D6FCE07D4449FFF7A8FCE07D01216C
:10597000FFF7E6FC7AE0A17D607CFEF761FFE07D49
:105980002A463C49FFF74AFCE07D0121FFF7C0FCB5
:10599000E07D3A49FFF792FCE07D0121FFF7D0FC62
:1059A00064E0A17D607CFEF74BFFE07D2A46314933
:1059B000FFF734FCE07D0621FFF7AAFCE07D3049CB
:1059C000FFF77CFCE07D0121FFF7BAFC4EE0A17DF2
:1059D000607CFEF735FF607B01281BD0F520207727
:1059E000FF20607774680021D4F81200FEF710F9E8
:1059F000E07D2A462349FFF711FCE07D0421FFF7F3
:105A000087FCE07D2049FFF759FCE07D0121FFF78D
:105A100097FC2BE074682A461C49E07DFFF7FEFBEB
:105A2000E07D0221FFF774FCE07D1949FFF746FC99
:105A3000E07D0121FFF784FC18E000E00AE000911E
:105A4000002394F834001A46012100F0E9FC616853
:105A500051B90BE00091002394F834001A4601215B
:105A600000F0DEFC616809B1A06888470020F8BD3D
:105A7000B0220010D9DD05084CFB050848FB0508DD
:105A800056FB050879DF050852FB050819DF0508F4
:105A90004AFB0508004870473600060802F0E2BFDE
:105AA000EFF305807047000010B5002808BF0748D5
:105AB0000749D0E900200A60486000200872C860E9
:105AC0004FF44070FBF718FD002010BD40FB0508A7
:105AD0009422001003F016B803480068C005C00DFA
:105AE00018BF01207047000004ED00E003F00CB87F
:105AF00003F017B803F022B803F09CB810B50146C4
:105B00004FF00060FBF702FD002010BDFF2804BF2E
:105B10004FF0FF307047F0B5194E0C460546014670
:105B200085B01746306800F06AF828B3002C02BF31
:105B30006FF0010005B0F0BD124806600020009033
:105B4000019002900390049060680090607A0028B1
:105B500018BF01208DF80400207A8DF80500E06858
:105B60000290206903903A466946284603F0AAF855
:105B7000002804BF05B0F0BD4FF0FF3005B0F0BD08
:105B800090FF050800030010FF2804BF4FF0FF300E
:105B9000704703F0B7B9FF2804BF0020704703F037
:105BA0004FBAFF2804BF4FF0FF30704703F060BAD0
:105BB0000349097801291CBF0020704702F0D2BFB9
:105BC00094FF050803F046B8012202FA01F10840EB
:105BD00018BF012070470278012303FA01F1114335
:105BE00001707047084018BF01207047028822EA00
:105BF0000101018070470288114301807047012232
:105C000002FA01F1084018BF012070470123026821
:105C100003FA01F122EA01010160704701230268E1
:105C200003FA01F111430160704700002DE9F041D2
:105C300004462C4800EB840100684E682146FFF7BB
:105C4000DEFF002812BF002E4FF0FF30BDE8F081CC
:105C50004FF00100244D254F86F82C00002C0CBF7E
:105C60002846384601220321FAF7F0FE002C0CBF2B
:105C70002846384601220221FAF7E8FE002C0CBF24
:105C80002846384601221146FAF7E0FE002C0CBFE8
:105C900028463846012248F20871FAF7D7FE002C50
:105CA0000CBF1420402002F03CFF002C0CBF13203E
:105CB0003F2002F029FF002086F82F006CB142201F
:105CC00002F02FFF3D46286820F001002860686838
:105CD00010F00100FBD1BDE8F081162002F021FF99
:105CE000F1E70000A43E001000640040006800409E
:105CF0002DE9F041044613480E4600EB8401174697
:105D00004D6821460068FFF77AFF002812BF002E79
:105D10004FF0FF30BDE8F081002C0CBF1420402074
:105D200002F0F2FE3A463146A86A01F0A1FE0546AD
:105D3000002C0CBF1420402002F0F3FE2846BDE8E2
:105D4000F0810000A43E00102DE9F047DFF8F0805C
:105D5000054608EB85070E467C6800F0B3FA50B1A3
:105D60002946D8F80000FFF74AFF012818BF002E87
:105D700001D024B123E04FF0FF30BDE8F08796F862
:105D8000009096F80C80B9F1000F18BFB8F1000F21
:105D900004D12CA14FF0E30002F01CFF302002F0F0
:105DA000A3FE04467860344A1021404601F004FF07
:105DB0006062314A1021484601F0FEFEA06296E87A
:105DC0000F1784E80F17306A2062606A01F0BDFF88
:105DD000A06A01F0BAFF002084F82C0084F82D009E
:105DE00084F82E0084F82F007C68002D03BF142651
:105DF00013274FF0160840261CBF3F274FF04208DC
:105E00006178FF2905D0304602F098FE304602F056
:105E10007BFE617BFF2905D0384602F08FFE3846B5
:105E200002F072FE217EFF291CBF404602F086FE72
:105E300029460348FFF7F2FE0020BDE8F087000086
:105E4000A43E0010686C5F63616E5F696E697428C0
:105E5000293A206E656564206E6F6E2D7A65726FCB
:105E600020747820616E64207278206669666F20E5
:105E700073697A6573000000C00106082DE9F041DE
:105E8000044615480E4600EB840100254F68214664
:105E90000068FFF7B4FE002812BF002E4FF0FF305D
:105EA000BDE8F08197F82F00012806D1002C14BF1F
:105EB0003F20132002F028FE0125786A01F04CFFF4
:105EC00030702DB1002C0CBF13203F2002F029FEB2
:105ED0000020BDE8F0810000A43E00102DE9F04153
:105EE0001B4F0E460446014615463868FFF787FEED
:105EF000002812BF002E4FF0FF30BDE8F08107EB05
:105F00008400002C47680CBF13203F2002F0FCFDEA
:105F1000002087F82F003146786A01F0F3FE060072
:105F20000ED0012087F82D00204608F07BF8002DC8
:105F300004BF204608F0B2F86FF00500BDE8F0811C
:105F4000002D04BF204608F0A9F83046BDE8F081D6
:105F5000A43E001070B5044610480D4600EB8401C5
:105F600000684E682146FFF74AFE002812BF002D48
:105F70004FF0FF3070BD002C0CBF1420402002F009
:105F8000C3FDB06A01F0E8FE2870002C0CBF14209D
:105F9000402002F0C6FD002070BD0000A43E0010AD
:105FA00010B50446014607480068FFF728FE0028A0
:105FB00004BF4FF0FF3010BD204608F06FF80020FE
:105FC00010BD0000A43E00102DE9F041614D0446D3
:105FD00001468CB02868FFF712FE002878D005EB48
:105FE0008400002C47680CBFDFF86C81DFF86C81FF
:105FF0007D6835B34046FAF793FC29464046FAF7E8
:106000002DFD002864D01C20FAF7FCFD00208DF83F
:106010000B000121ADF80000ADF80400ADF8080058
:106020008DF80C10ADF80200ADF806008DF80A00EE
:106030008DF80D106846FAF791FC0CB00020BDE811
:10604000F08104AD2846FAF7F3FD08A8FBF7B0FA93
:1060500043490A9E0024701A8E424CD023DC4148EA
:10606000A6EB0001864248D00DDC3F48301844D0F2
:1060700000F57750B0F578203DD000F57750B0F5B9
:10608000782F36D03BE0A1F5F410B0F5906032D017
:1060900000F5F740B0F5F8102BD000F56550B0F5DD
:1060A000381F2AD02BE03149421A884225D010DC13
:1060B00000F56550B0F538101BD000F57750B0F5FD
:1060C00078201AD000F57740B0F5781F13D016E08D
:1060D0003AE0A2F57420B0F510700AD000F57740D0
:1060E000B0F5781007D000F5F740B0F5F81F04D0F0
:1060F00005E01F4C02E01F4C00E01F4C1CB91FA123
:10610000E42002F067FD207861783A780844C01CEA
:10611000C1B2002A14BF26482648154AB6FBF1F141
:10612000D2E9053CB1FBF0F0D2690493CDE905C298
:10613000ADF81000A0788DF8130020788DF81400C9
:1061400060788DF8150055E70CB04FF0FF30BDE8D2
:10615000F0810000983E001000640040006800409C
:1061600000366E01809FD500403095FFC0D8A70053
:10617000880106088B0106088E01060863616E3AE5
:10618000206269742073616D706C696E67206E6F38
:106190007420737570706F7274656420666F7220FE
:1061A000746869732063616E636C6F636B000000D9
:1061B00020A1070040420F002DE9F043DFF8F480F2
:1061C00004463D4D0F4608EB84090146D9F80460AA
:1061D00028688BB078B10068FFF711FD58B12146EF
:1061E000D8F80000FFF70BFD012804D0002F08BFEE
:1061F000324F5EB904E00BB04FF0FF30BDE8F083E2
:10620000082002F071FC0646C9F80400D7E9000135
:10621000C6E900012A4968460DF11808D1E90823AA
:10622000D1F828C0CDF808C0CDE90023D1E90B236F
:10623000496B0392CDE90431296803AF08AED9B1A7
:1062400001EB0411091D01F0C4FD296801EB0410E4
:1062500000F10C01384601F0BCFD296801EB041087
:10626000011D404601F0A6FD296801EB041000F174
:106270000C01304601F09EFD684601F0B7FD06A80E
:1062800001F06EFD03A801F0B1FD08A801F068FD62
:10629000002C0CBF4FF000704FF080600121FBF725
:1062A00057F921460348FFF7B9FC0BB00020BDE8C1
:1062B000F0830000983E0010F002001094010608E0
:1062C00088010608014602480068FFF798BC0000F4
:1062D000983E0010022800D211B94FF0FF307047ED
:1062E0002DE9F0430546487887B00C4600287DD05C
:1062F00003287BD8464E29463068FFF780FC0128EA
:1063000002BF002007B0BDE8F08306EB85004768B8
:106310002FB9404A05EB450102EBC107476094F8ED
:106320000080E068002698B13B49006800220860C0
:10633000009601968DF80060E068694600798DF856
:10634000010036480190207802F0EAF9002859D17E
:10635000404602F015FB4FF0FF38002852D0A078DD
:10636000012833D1DFF8B490D9E90501D9F81C2010
:10637000CDE90001029220798DF81000E088ADF897
:10638000120004A96846CDF8148001F022FD684689
:1063900001F02CFD207AFF281CBF6089002815D051
:1063A000D9E90801D9F82820CDE900010292207A24
:1063B0008DF810006089ADF8120004A96846CDF888
:1063C000148001F006FD684601F010FD94E80F000E
:1063D00087E80F003E61BE824FF4FA7002F042FB84
:1063E00029460B48FFF71AFC012100E00AE0284685
:1063F00000F094F80221284600F090F807B0002041
:10640000BDE8F08307B04FF0FF30BDE8F083000037
:10641000F43E0010780400101C04001084020608EA
:106420002DE9F05F3C4D0E460446014698469146E4
:10643000DDF828A02868FFF7E2FB002804BF4FF032
:10644000FF30BDE8F09F05EB84000025446894F818
:1064500000B06778584602F04BF9002E18BF012EA5
:1064600018D14FF00001606801F03EFD002F09D9FE
:1064700000224FF6FF71584602F08AFA681CC5B236
:10648000AF42F5D8584602F0D1FA0121606801F018
:106490002BFD16B1022E04D01FE04FF4FA7002F06B
:1064A000E1FA0021606801F01FFD0025002F0DD9E1
:1064B000C5F1020004EB400000F110020021584633
:1064C00002F066FA681CC5B2AF42F1D8584602F035
:1064D000ADFA0121606801F007FD584602F0E8F8C6
:1064E000002E18BF022E03D04FF00000BDE8F09F31
:1064F000B9F1000F1CBFA08AA9F80000B8F1000F85
:106500001CBF608AA8F80000BAF1000F1CBF208AE7
:10651000AAF80000E8E70000F43E00102DE9F0477B
:106520000C46054601466A4884B00068FFF767FBE1
:1065300000284FF0FF3004BF04B0BDE8F087002210
:106540006349571E01EB8501002C55D0012C7CD0EE
:10655000022C1CBF04B0BDE8F087009201924C6889
:10656000002694F800806578404602F0C1F80021CA
:10657000606801F0B9FC002D88BFE9460DD900BF65
:10658000C6F1020009EB40024FF46741404602F0B9
:10659000FFF9701CC6B2B542F2D8404602F046FA86
:1065A0000121606801F0A0FC4FF4FA7002F05AFA81
:1065B0000021606801F098FC0026002D0ED900BF74
:1065C000C6F1020004EB400000F110020021404639
:1065D00002F0DEF9701CC6B2B542F1D8404602F0B6
:1065E00025FA0121606801F07FFC404602F060F866
:1065F00004B03846BDE8F087009201924D6800244F
:1066000095F800806E78404602F072F800216868C4
:1066100001F06AFC002E88BFE9460CD9C4F10201E2
:1066200009EB410246F24A71404602F0B1F9601CA2
:10663000C4B2A642F2D8404602F0F8F901216868D7
:1066400001F052FC4FF4FA7000E008E002F00AFAA0
:10665000404602F02DF804B03846BDE8F0870092BD
:10666000019202924D68002495F800906E78484699
:1066700002F03EF80021686801F036FC002E88BF69
:10668000EA4613D960420AEB800808F10A024FF487
:10669000F041484602F07CF908F10802062148461C
:1066A00002F076F9601CC4B2A642EBD8484602F06C
:1066B000BDF90121686801F017FC4FF4FA7002F08F
:1066C000D1F9484601F0F4FF04B03846BDE8F08740
:1066D000F43E00102DE9F047434E84B00400756885
:1066E00015D03078012802BF002004B0BDE8F08743
:1066F000002D04BF3D4D756094F800A0A068DFF840
:10670000F0900027002833D0804748B130E039A10D
:10671000E12002F05FFA04B04FF0FF30BDE8F087EF
:10672000D4F8020001F090FB94F80680D4F802003F
:10673000414601F0D9FB3A4802F094F9B8F1000F54
:1067400014BF00210121D4F8020001F0CDFB4FF469
:106750007A7002F087F90021504601F0DFFB5046C5
:1067600001F076FC20B1BE21504601F037FD20B18A
:1067700004B04FF0FF30BDE8F08794E80F0085E8E3
:106780000F00207B07F034FD607B07F093FD94F849
:106790000080D9E90E49012503A8CDE9000565F37C
:1067A00017448DF808708DF80C504B462246BE21D8
:1067B000404601F0D1FD02A8CDE90005224665F36F
:1067C00017424B46BE21404601F08AFD9DF8080065
:1067D00010F0010F03D113A1E52002F0FBF9357091
:1067E00004B00020BDE8F087CC040010D4040010F1
:1067F00064030608636667206973204E554C4C207D
:10680000696E20686C5F636869705F6D696372654B
:106810006C5F6B73383839335F696E6974000000E0
:10682000A0860100735F686C5F636869705F6D6963
:106830006372656C5F6B73383839335F7374617280
:106840007428293A20535749544348206E6F7420C6
:10685000636F6E6669677572656400001449097834
:10686000002904BF4FF0FF30704770B504004FF0AF
:106870000100064604BF6FF0010070BD00252570C1
:10688000314600F0A7FF10F0040F03D0207840F04D
:10689000010020700220314600F09CFF10F0040F30
:1068A00003D0207840F002002070284670BD000020
:1068B000CC04001005490978002904BF4FF0FF30CF
:1068C000704710B507F052FC002010BDCC0400103A
:1068D000594B93F800C0BCF1000F04BF4FF0FF30DC
:1068E00070472DE9F04F14465A6885B04FF0000804
:1068F00092F800A0514AD2E90C5B1C228DF80C20C2
:10690000CDF80880022882BF6FF0040005B0BDE812
:10691000F08F002C02BF6FF0010005B0BDE8F08FD2
:106920000E4650B1012808BF01F120007ED0022898
:1069300014BF002601F140007CD0792001270DF121
:106940000C0960F31745CDE900978DF80C205B46E4
:106950002A46BE21504601F0FFFC7A2060F317451D
:10696000CDE900978DF80C605B462A46BE21504663
:1069700001F0F2FC802060F317450DF10B00CDE92A
:1069800000075B462A46BE21504601F0A9FC812043
:1069900060F317450DF10A00CDE900075B462A4672
:1069A000BE21504601F09CFC822060F317450DF19A
:1069B0000900CDE900075B462A46BE21504601F09A
:1069C0008FFC83202A4660F3174202A8CDE9000716
:1069D0005B46BE21504601F083FC9DF80B109DF8EC
:1069E000080001F03F0140EA01609DF80A109DF89F
:1069F0000920090441EA0221084320609DF80B00A8
:106A000010F0800F606814BF40F0010020F001001A
:106A100060609DF80B0010F0400F606814BF40F0FC
:106A2000020020F002006060404600E002E005B095
:106A3000BDE8F08FC6B280E7CC04001064030608FE
:106A4000814A1378002B04BF4FF0FF30704708B124
:106A5000032902D96FF0010070472DE9F04F83B090
:106A60000F0081464FF0000600F0EA80764809EBFF
:106A70008604406890F800A0FF208DF80800734855
:106A8000D0E90A5B66B1012E04BF2E204FF02F081B
:106A90000CD0022E04BF00204FF03F0806D0CAE001
:106AA0001E2000214FF01F08216003E0002121601B
:106AB000022E67D2012161F3070560F3174502A892
:106AC000CDE900015B462A46BE21504601F008FC94
:106AD0009DF8080010F0400F03D0206840F002003D
:106AE00020609DF8080010F0200F03D0206840F0CF
:106AF0000400206007219DF80800FFF765F8216871
:106B000060F34511216006219DF80800FFF75CF84D
:106B1000216860F38611216005219DF80800FFF7C8
:106B200053F8216860F3C711216004219DF8080023
:106B3000FFF74AF8216860F30821216003219DF8DE
:106B40000800FFF741F8216860F349212160022124
:106B50009DF80800FFF738F8216860F38A2121606A
:106B600001219DF80800FFF72FF8216860F3CB2181
:106B7000216000219DF80800FFF726F8216860F3E6
:106B80000C31216000208DF80800012002A9CDE918
:106B900000102A4660F3070268F317425B46BE21E5
:106BA000504601F09DFB9DF8080010F0040F03D043
:106BB000206840F0080020609DF8080010F0020FE7
:106BC00003D0206840F01000206007219DF80800E5
:106BD000FEF7FAFF216860F34D31216005219DF831
:106BE0000800FEF7F1FF216860F38E312160042177
:106BF0009DF80800FEF7E8FF216860F3CF312160BF
:106C000003219DF80800FEF7DFFF216860F31041C3
:106C1000216002219DF80800FEF7D6FF216860F38D
:106C20005141216001219DF80800FEF7CDFF216848
:106C300060F392412160701CC6B2BE42FFF416AFF1
:106C400003B00020BDE8F08FCC04001064030608F8
:106C50002DE9F0470646354886B04FF0FF094468F5
:106C600001258DF81090DFF8C88000950078D8E9EC
:106C70000023002802BF4FF0FF3006B0BDE8F087C8
:106C8000277B94F80DA0207804A9CDE9001565F3C1
:106C90001742BE2101F024FB9DF8100010F0010FF7
:106CA00005D0002E1CBF304607F060FA2FE0FF2F02
:106CB00029D0384607F09CFA504607F0FBFA2778AF
:106CC000D8E90E4800208DF8080003A8CDE900059A
:106CD00065F317448DF80C5043462246BE213846D2
:106CE00001F03AFB02A8CDE90005224665F3174200
:106CF0004346BE21384601F0F3FA9DF8080010F033
:106D0000010F08D00BE0002E18BF86F8009000207D
:106D100006B0BDE8F0870749E52001F05BFF30468B
:106D200007F024FA06B00020BDE8F087CC0400107C
:106D300064030608246805082DE9F0412C4E05007F
:106D4000746808BF2B4D3078012804BF0020BDE8CF
:106D5000F0812878FF2819D0687801F079F9A8B176
:106D6000002C04BF244C746029686868A160E0604E
:106D70000423277ADA02A021D5004FF0800C052FDA
:106D80001CD2DFE807F0070A0F0F14004FF0FF30A6
:106D9000BDE8F0812170638002E0217020216180D4
:106DA00062600EE02170A4F802C0656009E0217005
:106DB0004FF4807161804902616002E0217063805C
:106DC0006260A27A217802F0070241EA4201217052
:106DD000E17A032918BF01F037F8E17A03291CBFD3
:106DE000E06801F081F8012030700020BDE8F081FA
:106DF000E4040010A2030608D83F0010F0B51E4EB0
:106E00000C4683B0716836781D469446002E2ED00D
:106E10000F7AFF2F18BFBCF1000F28D0002C1CBF29
:106E20004E68864223D92718B74284BFBE1BA41BD5
:106E3000B0F5803F9CBF2618B6F5803F17D80226D4
:106E400066F3070260F31F42A0B2CDE900C091F8DB
:106E500000C0487A614601F043FA002D04BF03B038
:106E6000F0BD002818BF00242C6003B0F0BD03B0B3
:106E70004FF0FF30F0BD0000E40400102DE9FF4F9B
:106E80009A4F044683B03878D7F80480154689466F
:106E900000287DD098F808104046FF2918BF002D23
:106EA00076D0B9F1000F1CBF4068A04270D909EB41
:106EB0000401814284BF081AA9EB0009B4F5803FA0
:106EC0009CBF09EB0400B0F5803F61D898F80B0037
:106ED000032806D0411E18BF0121D8F80C0001F08C
:106EE00003F88248A6B21FFA89FB44686088B6FBA3
:106EF000F0F100FB1162811ABBFBF0F38FB2BBFB18
:106F0000F0F100FB13BA002A73D0002970D0ABEB6C
:106F1000070189B2B1FBF0FAB1FBF0F200FB1210ED
:106F200002909FB12782022161F30702B9B2CDE935
:106F3000005166F31F422178607A01F00DFA0020BB
:106F4000208207F029FAF01986B23D44BAF1010017
:106F500087B224BFDFF894A14FF0020B1BD36088E7
:106F60002082218ADAF80400CDE900516BF3070290
:106F7000017866F31F42407A01F0EEF9002020828A
:106F800007F00AFA608881198EB20544791E00E084
:106F900028E08FB2E3D2029890B1208202215348B8
:106FA00061F30702218A4068CDE90051017866F358
:106FB0001F42407A01F0D0F90020208207F0ECF95E
:106FC00098F80B10002403291CBFD8F80C0000F01F
:106FD0008BFF0698002818BFC0F80090204607B025
:106FE000BDE8F08F07B04FF0FF30BDE8F08F00E054
:106FF00039E0002965D0481EDFF8F0B087B260881C
:107000002082022161F30702218ADBF80400CDE926
:107010000051017866F31F42407A01F09DF900208B
:10702000208207F0B9F9608881198EB2791E054473
:107030008FB2E4D2BAF1000FC2D0A4F810A002219E
:1070400061F307021FFA8AF1DBF80400CDE9005171
:10705000017866F31F42407A01F07EF90020208219
:1070600007F09AF9ACE7BB452BD92782022161F3DF
:107070000702B9B2CDE9005166F31F422178607A68
:1070800001F06AF94FF0000AA4F810A007F084F9A3
:10709000ABEB0700208205EB070C0225F019134922
:1070A00065F3070260F31F42208A4968CDE900C0FA
:1070B00091F800C0487A614601F04EF9A4F810A09A
:1070C0007CE7A4F810A0022161F307021FFA8AF1FD
:1070D000CDE9005166F31F422178607A01F03CF956
:1070E0000020208207F058F96AE70000E40400104D
:1070F000034840688069002808BF704700470000C7
:10710000F802001005494FF00050C1F88001BFF3AC
:107110004F8FBFF36F8F00207047000004E000E046
:1071200009494FF00050C1F88002C1F80001BFF3D7
:107130004F8FBFF36F8F054A526912F0400F18BF8F
:10714000C1F800020020704704E000E00090024017
:107150000149496809690847F80200102DE9F04F14
:1071600097B00546FF20FF4FFF4C8DF810007E685A
:10717000206810B10078012804D017B06FF00E001D
:10718000BDE8F08F3878012802BF4FF0FF3017B00C
:10719000BDE8F08F95F80A9095F80B80002D1FBF81
:1071A000687AFF28D5E9001051EA000006D0B9F14D
:1071B000000F18BFB8F1000F06D009E0EBA14FF0A7
:1071C000E30001F007FD03E0EDA1E32001F002FD83
:1071D00056B9282001F088FC06467860300003D1BB
:1071E000F2A1E02001F0F6FC95E80F0086E80F0020
:1071F00086F80A9008EB480086F80B80400201F000
:1072000073FCF06109EB4900400201F06DFC306253
:107210004FEA081001F068FC70614FEA091001F0B4
:1072200063FCB061F16900291CBF316A002904D0F8
:107230007169002918BF002804D1DCA14FF0E000DB
:1072400001F0C8FC002000F04DFB18B1E0A1E020E7
:1072500001F0C0FC01218803FAF792F901214806E8
:10726000FAF76AF90120FAF7AFFA00214FF000703F
:10727000FAF762F901214FF06060FAF751F9E24E36
:1072800010A90891D6E90012B3680393CDE9011261
:10729000D6E90012B368CDE90A120C93D6E90012C0
:1072A000B3680F93CDE90D12216801A80DF1280AEA
:1072B0000DF1480B0DF134090DF15008283100F0A3
:1072C00088FD206800F13001504600F082FD206802
:1072D00000F13801484600F07CFD206800F12801EB
:1072E000089800F067FD206800F13001584600F072
:1072F00061FD206800F13801404600F05BFD01A807
:1073000000F074FD10A800F02BFD0AA800F06EFD3F
:1073100012A800F025FD0DA800F068FD14A800F0EB
:107320001FFD10A90091D6E903127369CDE9061279
:107330000893D6E903127369CDE90A120C93D6E9D2
:10734000031273690F93CDE90D12216806A810315D
:1073500000F03FFD206800F11801504600F039FDB3
:10736000206800F12001484600F033FD206800F15C
:107370001001009800F01EFD206800F11801584629
:1073800000F018FD206800F12001404600F012FDD9
:1073900006A800F02BFD10A800F0E2FC0AA800F0FF
:1073A00025FD12A800F0DCFC0DA800F01FFD14A8BC
:1073B00000F0D6FCB878012818D0D6E90612336A56
:1073C000CDE900120293216868460DF118080831D2
:1073D00000F0FFFC206800F10801404600F0EAFCE4
:1073E000684600F003FD06A800F0BAFC04A800F00F
:1073F00097FA9DF81000FF2803D18449E02001F09E
:10740000E9FB834E9DF81000316841F001013160C5
:10741000316811F0010FFBD1DFF8F8E14FF40041C2
:10742000CEF80010022818BF042805D1DEF800109D
:1074300041F48041CEF80010032818BF042805D17C
:10744000DEF8000040F40060CEF800004FF48260E7
:10745000CEF804004FF08000CEF81800A888CEF8CF
:1074600040002978E87841EA0061A8784FEA0042B4
:10747000687842EA002041EA0000CEF8440039482A
:107480004FF00C0741684FF000000246087491F875
:107490000BC003464FF00800BCF1000F31D94FF08C
:1074A00004084FF000494FF48C4400BF91F80BC022
:1074B0005B1C634508BF0023D1F814C00CEB021C11
:1074C000CCF80090D1F814C008EB021A00EB021BB4
:1074D0004CF80A40D1F81CC002EB420A0CEB4A2CD3
:1074E000D1F814A04AF80BC0D1F814C007EB021B66
:1074F0000CEB031A4CF80BA091F80BC0521C9445EE
:10750000D4D84A69F26000224A7491F80AC0154C36
:107510001346BCF1000F88BFDFF8FC8021D900BF03
:107520000CF0FF0C5B1C634508BF0023D1F818C0AA
:107530000CEB021CCCF80080D1F8209002EB420C3E
:1075400009EB4C2CD1F8189000EB021A49F80AC04C
:10755000D1F818C007EB021A0CEB03194CF80A908B
:107560005CE061E020030010F4020010686C5F65CD
:1075700074685F696E69742829202E2E2E20000001
:10758000686C5F6574685F696E697428292068613A
:1075900073207A65726F20747820616E642F6F7229
:1075A000207278207175657565000000686C5F65F4
:1075B00074685F696E69742829206469642067654E
:1075C0007420656E6F7567682068656170000000E3
:1075D000686C5F6574685F696E69742829206361EF
:1075E0006C6C656420686C5F6574687472616E733E
:1075F0005F696E697428292077686963682066610D
:10760000696C65640000000018FD0508880506081F
:1076100000900240008002400000103091F80AC043
:10762000521C94453FF67CAF886930610B48B061CD
:10763000DEF8000040F00C00CEF800004FF0FF3004
:1076400070610748F061697A3D2001F077FA012006
:10765000207017B00020BDE8F08F0000022010005D
:10766000C08001000149496849690847F8020010D3
:1076700070B5054628484468007801281CBF4FF0C3
:10768000FF3070BD2548416800291CBF2846884747
:1076900094F811C0A26902EB0C10016811F0004FC0
:1076A000FBD1082000EB0C102B1D105820F003011B
:1076B0002888C01C820814D01A1F091F10F0040F5C
:1076C00003D052F8040F41F8040F2888C01CC308E7
:1076D00007D05068486052F8080F41F8080F5B1E49
:1076E000F7D10422A16902EB0C1228888850A06906
:1076F00000EB0C10016841F000410160A17A0CF12F
:107700000100884208BF00206074054802214161E1
:1077100000214160084670BD2003001018030010CE
:107720000090024001494860002070471803001093
:107730002DE9F041234D8AB06878012804BF0AB0D2
:10774000BDE8F08168462049204C0DF11808D1E9C8
:107750000923D1F82CC0CDF808C0CDE90023D1E928
:107760000923C96A0392CDE90431216803AF08AE49
:10777000403100F02EFB206800F14801384600F04F
:1077800028FB206800F14001404600F013FB206810
:1077900000F14801304600F00DFB684600F026FB82
:1077A00006A800F0DDFA03A800F020FB08A800F00E
:1077B000D7FA074904200861012068700AB0BDE8C3
:1077C000F08100002003001018FD0508F4020010ED
:1077D00000800240114A5278002A04BF00207047FE
:1077E0004FEAC0604FEA104001F01F0140EA8110EB
:1077F00040F001010A4801614FF00001026912F0F6
:10780000010F1CBF026912F0010F04D001F1020147
:10781000B1F5A02FF2D3406980B270472003001069
:1078200000800240002804BF4FF0FF30704738B599
:10783000044609484169002904BF4FF0FF3038BDB4
:10784000FF218DF8001042696946002090479DF89D
:107850000010217038BD0000480006080548C168C6
:10786000002904BF4FF0FF307047D0E9021200201A
:10787000104700004800060838B50446084801696A
:10788000002904BF4FF0FF3038BDFF218DF80010F4
:1078900002696946002090479DF80010217038BDAC
:1078A00048000608002804BF6FF0010070470B492C
:1078B000096811B10978012902D06FF00E007047F4
:1078C00007490A78002A19BF497800294FF0FF308C
:1078D000704710B5FFF7A6FF10BD0000C8020010EA
:1078E000200400100B4810B5006810B10078012882
:1078F00002D06FF00E0010BD074C2078012804BFA5
:10790000002010BD05480068FFF7A8FF0121217085
:1079100010BD0000C802001020040010D4020010A6
:107920000F49096811B10978012902D06FF00E00E2
:10793000704710B50B4C2178002904BF4FF0FF3081
:1079400010BD6178012906D0FFF796FF002804BF1B
:107950000121617010BD002818BFFFF763FF10BD43
:10796000C802001020040010002808BF704710B59E
:1079700004460078E17810FB01F16068CAF77CFBEF
:1079800000206070A07010BD002808BF704710B5BF
:1079900004464068002818BF01F0A0F82046BDE862
:1079A000104001F09BB8002808BF704741780029BB
:1079B00004BF00207047027883781344591A8A4222
:1079C00098BF891A82680AB1406810474268C07837
:1079D00011FB00207047002808BF7047417800293C
:1079E00004BF00207047027883781344591A8A42F2
:1079F00098BF891A406800EB0110704728B14178A0
:107A0000007881421CBF0020704701207047002889
:107A100012BF00294FF0FF30704770B58C46417897
:107A20001546044669B12078A2780244531A984258
:107A300098BF1B1AE6685EB1002160466268B047D5
:107A40000DE0002D1CBF002010706FF0040070BD11
:107A5000E278606813FB02016046CAF707FA6078B3
:107A6000401EC0B26070002D18BF2870002070BD8D
:107A7000002812BF00294FF0FF3070474378002BD9
:107A800004BF6FF00400704710B490F800C0847811
:107A90006444E31A9C4598BFA3EB0C03D0F804C0E0
:107AA0000CEB0313D3E9004CC1E9004CD3E902C34A
:107AB000C1E902C34178491EC9B24170002A18BF0A
:107AC0001170002010BC7047002818BF002B03D095
:107AD000002918BF002A02D14FF0FF3070472DE96E
:107AE000F0410026069F0170C27004464360042ADC
:107AF0002BD004DC012A31D0022A2AD003E0082A44
:107B00001FD0102A19D0A660E660002F1CBF0025E8
:107B100000290BD9E2786068394605FB0200CAF7F4
:107B2000A5F9681CC5B22078A842F3D8002C1CBF68
:107B30006670A6700020BDE8F0810B48A0600B487D
:107B40000AE00B48A0600B4806E00B48A0600B4819
:107B500002E00B48A0600B48E060D6E70A48A0604E
:107B60000A48E060D1E7000085E405088BE40508D9
:107B70006DE4050873E405085BE4050861E40508A5
:107B800049E405084FE405083DE4050841E405081B
:107B9000002812BF00294FF0FF30704710B504468F
:107BA000C078227810FB02F26068CAF75FF920788B
:107BB00060700020A07010BD002812BF00290020B6
:107BC0007047F8B5054617460C46102000F08CFFAC
:107BD00006000DD014FB05F000F086FF030007D06F
:107BE0002246294630460097FFF76EFF3046F8BD23
:107BF0000020F8BD2DE9F8431E46884617460500CB
:107C00004FF0000912FB08F413D0B8F1000F14BFB5
:107C1000002FBDE8F883E878297810FB01F0A04236
:107C200023D16B68A3B3414628460096FFF74CFF6B
:107C30002EE0B8F1000F18BF002F13D04FF0100046
:107C400000F052FF05000DD0204600F04DFF03006C
:107C500008D03A46414628460096FFF735FF2846A9
:107C6000BDE8F8834846BDE8F883686880B100F055
:107C700035FF2046C5F8049000F036FF204600F09E
:107C800033FF03463A46414628460096FFF71CFF5D
:107C90002846BDE8F88300281FBF41780029491E07
:107CA00041707047002804BF4FF0FF30704770B537
:107CB000044640782278904204BF4FF0FF3070BDF8
:107CC00091B1D4F80CC0BCF1000F06D0A5780A46DB
:107CD000002329466068E04706E0A378E278606800
:107CE00013FB0200CAF7C2F86078401C6070A078ED
:107CF000401CC0B2A0702178884204BF0020A07050
:107D0000002070BD18B1427803789A4202D14FF03A
:107D1000FF30704759B18278436803EB0212D1E912
:107D2000003CC2E9003CD1E90231C2E902314178AC
:107D3000491C41708178491CC9B281700278914216
:107D400004BF0021817000207047002808BF7047E1
:107D50000021417081707047002818BF407870473B
:107D600000281CBF4288002A16D0A2F57F41FF39A7
:107D70001CBF00214FF0010C0ED000BF0CFA01F324
:107D8000934304D0491CC9B21029F7D304E0FF295A
:107D900002D00378092B02D94FF0FF30704710B59D
:107DA0000279034850F82300F9F77DFA002010BD4E
:107DB000D0010608002912BF00284FF0FF3070479D
:107DC0000A7802704A884280097901714FF00000F8
:107DD0007047002912BF00284FF0FF3070470A7823
:107DE0000270498841604FF000007047002804BFCE
:107DF0004FF0FF30704770B510F8044B0546092C62
:107E000084BF4FF0FF3070BD0648012150F82400B8
:107E1000F9F786FB0448294650F82400F9F7F6F9EB
:107E2000002070BD00020608D0010608C2B2FF2A79
:107E300012BF5FEA104103207047024850F8220049
:107E4000F9F742BAD001060830B5C4B283B0FF2CAE
:107E500011BF5FEA10414FF0FF3003B030BD104B4F
:107E600001AD092CD3E918029B6ECDE90002029303
:107E70004FF0FF308DF80040019184BF03B030BD5A
:107E80000848012150F82400F9F74AFB0448294624
:107E900050F82400F9F7BAF903B0002030BD000013
:107EA000D001060800020608C2B2FF2A12BF5FEA2C
:107EB000104103207047024850F82200F9F70BBA2E
:107EC000D0010608C2B2FF2A12BF5FEA10414FF08C
:107ED000FF30704710B5034850F82200F9F70FFA49
:107EE000002010BDD001060800F0FF0CBCF1FF0F10
:107EF00019BF5FEA104303294FF0FF3070470A1C97
:107F000018BF012210B50448194650F82C00F9F7A3
:107F1000FAF9002010BD0000D00106082DE9F04F4D
:107F20008BB00D00044608BF454D287801280CD0C1
:107F3000687850B9434E21464FF00008306820B1B0
:107F40000068FDF75CFE012804D00BB06FF00E0056
:107F5000BDE8F08F3C4821460068FDF750FE01283F
:107F600002BF00200BB0BDE8F08F6846344F0DF122
:107F7000180A0DF10C09D7E90C12BB6BCDE9001200
:107F80000293D7E90C12BB6B0593CDE9031231685C
:107F90000DF1200B01EB0411091DFFF71AFF3068EA
:107FA00000EB041000F10C014846FFF712FF3068A7
:107FB00000EB0410011D5046FFF7FCFE306800EB9B
:107FC000041000F10C015846FFF7F4FE6846FFF775
:107FD0000DFF06A8FFF7C4FE03A8FFF707FF08A8D8
:107FE000FFF7BEFE07F12400012150F8246030465F
:107FF000F9F7AEFA01213046F9F7B6FA002130461A
:10800000F9F7B2FA07F11800696850F8240061B96D
:108010000837694697E84C108DE84C10AA780B4B4E
:108020005A430092EA78ADF80820F9F7C1F92146E1
:108030000548FDF7F3FD0BB04046BDE8F08F0000AA
:10804000BC02060818040010C8040010A086010035
:10805000014602480068FDF7D2BD0000C8040010C8
:108060002DE9F0430C4605460146454891B00068AD
:10807000FDF7C5FD002811BF002C4FF0FF3011B0F7
:10808000BDE8F08324F001083E4850F825404FF049
:108090000005294620460095F9F753F901212046AD
:1080A000F9F74FF901212046F9F754F9DFF8D89094
:1080B0004FF48037494620460097F9F732F96E1E93
:1080C000A8B90098411E00910BD230A3374A402135
:1080D0006846C9F74FFB6946E52000F07BFD354651
:1080E00049E049462046F9F71CF90028E9D000226A
:1080F00041462046F9F7BEF90097A08A10F0020F1A
:1081000003D10098411E0091F7D20098002808BFC3
:10811000354630D026492046F9F710F9012120468E
:10812000F9F721F90097208B10F0020F13D0009877
:10813000411E00910BD21FA31C4A40216846C9F77B
:1081400019FB6946E52000F045FD354613E0208B1C
:1081500010F0020FEBD12046F9F723F9009000212F
:108160002046F9F7EEF801212046F9F7EAF8012157
:108170002046F9F7CDF811B02846BDE8F08300009D
:10818000C8040010D402060801000300735F686C85
:108190005F6932635F69736465766963657265619F
:1081A00064793228293A657635000000E8850508AB
:1081B00000040010735F686C5F6932635F69736409
:1081C000657669636572656164793228293A493256
:1081D000435F464C41475F42555359002DE9F047F4
:1081E0000D46044601463A4882B00068FDF707FD97
:1081F000002811BF002D4FF0FF3002B0BDE8F0871E
:1082000025F0010633484FF4003150F824404FF078
:10821000807000902046F9F7AFF84FF0FF3550B16D
:1082200000994A1E00924FD34FF400312046F9F7CF
:10823000A3F80028F4D14FF00008C14601212046E0
:10824000CDF80480F9F786F8DFF88CA04FF480377A
:10825000514620460097F9F764F848B90098411E46
:1082600000911CD351462046F9F75BF80028F5D061
:108270004A4631462046F9F7FDF818492046CDE92F
:108280000071F9F74EF848B90098411E009106D3E5
:1082900020460199F9F745F80028F5D04546012117
:1082A0002046F9F760F80097208810F4007F07D087
:1082B0000098411E009103D3208810F4007FF7D16D
:1082C0002046F9F76EF8009002B02846BDE8F08726
:1082D000C8040010D4020608010003008200070051
:1082E0002DE9F0430D4683B0044601461948DDE907
:1082F0000A76904699460068FDF781FC002811BF78
:10830000002D4FF0FF3003B0BDE8F08318F0FF0000
:1083100001D0032804D903B06FF00E00BDE8F0834C
:10832000002F02BF6FF0010003B0BDE8F083002E04
:1083300002BF002003B0BDE8F08325F00101CDE9C4
:1083400000764B464246204606F0DEF803B0BDE814
:10835000F0830000C80400102DE9F04F0C4691B0E6
:10836000054601469848DDE91A7690460068FDF713
:1083700046FC002811BF002C4FF0FF3011B0BDE8C3
:10838000F08F18F0FF0001D0032804D911B06FF06E
:108390000E00BDE8F08F002F02BF6FF0010011B09A
:1083A000BDE8F08F002E02BF002011B0BDE8F08FB5
:1083B00024F00104854850F825504FF08070C11119
:1083C00002902846F8F7D8FFD0B10298411E0291DA
:1083D0000FD24FF0FF347EA383A240216846C9F735
:1083E000C9F96946E52000F0F5FB11B02046BDE86B
:1083F000F08F4FF400312846F8F7BEFF0028E4D193
:108400004FF00009CDF8049001212846CDF80C90DA
:10841000F8F7A0FFDFF8ECB14FF4803A5946284650
:10842000CDF814A0F8F77DFF48B90598411E0591D5
:1084300017D359462846F8F774FF0028F5D021468F
:108440002846019AF9F716F84FF480306E490590E6
:1084500003912846F8F765FFC8B90598411E0591B4
:108460000FD24FF0FF3469A35FA240216846C9F7DD
:1084700081F96946E52000F0ADFB11B02046BDE86A
:10848000F08F28460399F8F74CFF0028E5D000202C
:10849000814604460990059008F0FF00012802D0AB
:1084A000022807D00FE04FEA18404FF001098DF87D
:1084B000140008E04FEA1840010A8DF814104FF03C
:1084C00002098DF81500002F08BF002606EB0900F1
:1084D0001FFA80F8B8F1000F0DF1140A18BFDFF889
:1084E0004CB140D0B9F1000F0BD0A9F1010000F060
:1084F000FF095446A8F101000AF1010A1FFA80F8A9
:1085000008E03EB13C467F1C701E86B2A8F1010017
:108510001FFA80F821782846F8F7B4FF4FF480302E
:10852000099059462846F8F7FCFEC8B90998411E3B
:1085300009910FD24FF0FF343DA32BA24021684692
:10854000C9F718F96946E52000F044FB11B0204650
:10855000BDE8F08F59462846F8F7E3FE0028E5D03D
:10856000B8F1000FBED10026344601212846F8F7A5
:10857000FAFE4FF480300190288810F4007F0AD072
:108580000198411E019102D24FF0FF3403E0288888
:1085900010F4007FF4D12846F8F703FF0190002C77
:1085A00002BF304611B0BDE8F08F29A30EA24021D2
:1085B0006846C9F7DFF86946E52000F00BFB11B00B
:1085C0002046BDE8F08F0000C8040010D402060861
:1085D000735F686C5F6932635F776169745F696656
:1085E0005F627573792829006932632074696D654B
:1085F0006F757420696E2066756E6374696F6E2086
:10860000257300000100030082000700735F686C9F
:108610005F6932635F7472616E73616374696F6EF8
:108620005F626567696E282900000000840007000A
:10863000735F686C5F6932635F77726974655F64EA
:108640006174615F706F6C6C696E6728290000004F
:10865000735F686C5F6932635F7472616E736163CC
:1086600074696F6E5F656E642829000070B50E4DE9
:10867000044601462868FDF7C2FA002804BF4FF0FF
:10868000FF3070BD094850F82400F8F7F9FF214683
:108690000548FDF7BBFA05EB8404606800F01EFA9C
:1086A0000020606070BD0000C83F00101403060881
:1086B00010B5044601460C480068FDF7A0FA0028F2
:1086C0000DBF4FF0FF30094850F8244010BD802105
:1086D0002046F9F737F80128F9D000212046F8F7AD
:1086E000C6FF002010BD0000C83F0010140306089C
:1086F00010B50446014608480068FDF780FA0028D6
:1087000004BF4FF0FF3010BD0448012150F8240091
:10871000F8F7ADFF002010BDC83F00101403060895
:108720002DE9F04FDFF824B20446894D0E460BEBDD
:1087300084080146D8F804A0286893B017464FF083
:10874000000988B10068FDF75AFA68B12146DBF8E4
:108750000000FDF754FA012806D0002E08BF7D4E18
:108760003078012809D104E013B04FF0FF30BDE8A4
:10877000F08F79A1E42000F02DFABAF1000F09D1B1
:10878000082000F0B1F9C8F80400C0F80090824653
:10879000C0F80490D6E90001CAE90001DFF8D8A1C9
:1087A0005AF824B054B1012C04BF012188030AD027
:1087B000022C04BF0121C80305D006E001210803F3
:1087C000F8F7DEFE01E0F8F7C3FE5846F8F758FF69
:1087D00031780DAA0C920FAA0B9206AA0A9211AA3E
:1087E0005C4E68460DF10C0B099200296ED0D6E95B
:1087F0001212336DCDE900120293D6E91812B36E4E
:108800000593CDE90312D6E91212336DCDE90612B4
:108810000893296869B304EB440701EBC701091DFC
:10882000FFF7D7FA286800EBC70000F10C015846A3
:10883000FFF7CFFA286800EBC70000F114010A988F
:10884000FFF7C7FA286800EBC700011D0C98FFF777
:10885000B1FA286800EBC70000F10C010B98FFF794
:10886000A9FA286800EBC70000F114010998FFF786
:10887000A1FA6846FFF7BAFA0DA8FFF771FA03A844
:10888000FFF7B4FA0FA8FFF76BFA06A8FFF7AEFAE6
:1088900011A8FFF765FA5AF82450D8F80400CDF86B
:1088A0000090CDF80490CDF80890CDF80C90CDF85C
:1088B000109042686F460AB31168009151680191A7
:1088C00091680291D1680391118A20E0D6E90F12D4
:1088D000736CCDE900120293D6E91512F36D05937E
:1088E000CDE90312D6E90F12736CCDE90612089395
:1088F000012F04BF02218DF80B108AE7B1680091A7
:10890000F16801913169029171690391318BADF880
:108910001010017800290CBF4FF482710021ADF8CE
:1089200002104078154931F81000ADF80C002846C7
:10893000F8F7A6FE39462846F8F71CFF21460348FB
:10894000FDF76CF913B00020BDE8F08FC83F0010B0
:108950001C040010F8020608737069206D617374BE
:108960006572206D6F646520697320756E73757014
:10897000706F727465640000140306082003060813
:10898000014602480068FDF73AB90000C83F0010F0
:1089900070B50E4604460146124815460068FDF7BC
:1089A0002EF900280DBF4FF0FF300F4850F824403B
:1089B00070BD02212046F8F7C5FE0028F9D03146E7
:1089C0002046F8F7D5FE01212046F8F7BBFE002827
:1089D000F9D02046F8F7CAFE002D18BF28800020E5
:1089E00070BD0000C83F00101403060830B50546EE
:1089F00001460D4885B00024006888B10068FDF785
:108A0000FEF868B16846F8F7D3FD002D08BF039C57
:108A100003D0012D14BF022D029C204605B030BDAD
:108A200005B04FF0000030BD1C04001010B5044626
:108A300001460A480068FDF7E2F800280DBF4FF034
:108A4000FF30074850F8244010BD80212046F8F739
:108A500079FE0128F9D0002010BD0000C83F0010A9
:108A60001403060870B50446194D1A4800262968F3
:108A7000006882B081420FD000230322194628608B
:108A8000C8F7E9FD090541EA10310005124A002343
:108A9000C8F7E1FDC5E90201D5E90201A0FB042305
:108AA00001FB043100FB0610CDE900201146090D41
:108AB00041EA0031000DCDE90010084304BF02B0C7
:108AC00070BD0846C7F760FD02B0002070BD000011
:108AD00028040010B002001040420F00002808BF18
:108AE0007047FAF745BA000010B5FAF749FA0400E2
:108AF00003D10349E220FAF7B3FA204610BD000083
:108B0000B43C050872B6704740B200F01F01012264
:108B100002FA01F14009800000F1E020C0F8801164
:108B2000704740B200F01F01012202FA01F1400932
:108B3000800000F1E020C0F800117047FF2908BF55
:108B4000704740B20907090E0028A2BF00F1E020DB
:108B500080F80014704700F00F0000F1E02080F86A
:108B6000141D7047002808BF704730B490F800C04B
:108B7000174D0023154C2905BCF1000F13D02268B6
:108B800012F0010F1CBF2A6812F0010F04D00A680E
:108B9000002AFCD081F800C010F801CF03F10103D6
:108BA000BCF1000FEBD120684FF00A0210F0010F6A
:108BB0001CBF286810F0010F03D008680028FCD003
:108BC0000A7030BC03F1010070470000800E00E025
:108BD000000E00E030B421B3154D0C78DFF84CC026
:108BE0002A0584B1DCF8003013F0010F1CBF2B689C
:108BF00013F0010F03D01368002BFCD0147011F890
:108C0000014F002CEED1DCF800100A2311F0010F07
:108C10001CBF296811F0010F03D011680029FCD096
:108C20001370F02804BF30BC7047FEE7800E00E0F0
:108C3000000E00E0BFF34F8F04480168044A01F4BE
:108C4000E06111430160BFF34F8FFEE70CED00E0E0
:108C50000400FA050849094AD1E900011268101810
:108C60006FF0010241F1000142400A4304BF4FF09E
:108C7000FF30014670470000107AFF1F187AFF1F6F
:108C800070B5F8F727FE0D4C20680546FFF7DCF8B5
:108C900064682046FFF7D8F8094E01212846FFF7FF
:108CA00023F900212046FFF71FF93046FFF7DAFECF
:108CB0002046BDE870400121FFF716B920010608E3
:108CC000B0AD0100FF2804BF4FF0FF3070472DE921
:108CD000F04F824E0F460446DFF804B206EB8405DF
:108CE0000146D5F804805BF8210087B091464FF02B
:108CF000000AC8B17B480068B0B10068FCF77FFF8C
:108D000090B1002F02BF6FF0010007B0BDE8F08FF7
:108D1000386848B13879002804BF7879FF2803D033
:108D2000B8F1000F05D00BE007B04FF0FF30BDE801
:108D3000F08F2020FFF7D8FE6860804680F814A0EE
:108D400021463068FCF75BFF00281CBF68680028DC
:108D500028D0007D022825D121463068FCF74FFF3E
:108D600000B36E6816B1307D01281BD05BF824007B
:108D70004168009190F9020001900846F8F7C4FE9E
:108D800000210098F8F7ACFE7079FF2807D0002288
:108D900001210098F9F756F80198FFF7B5FE6968C8
:108DA0000120087597E80F1088E80F105BF8247011
:108DB0006E68002F4FD0306900284CD102A8CDF842
:108DC00000A0F8F7F5FB3878002808BF02980BD010
:108DD000012808BF059807D0022812BFCDF800A0CF
:108DE0000498009001D036E00090A0B330684FF4B2
:108DF0007A71B0FBF1F201FB1207DFF8ECC03B4BDC
:108E000042F21072E7B3ACFB007C4FEA5C1C6FF0DF
:108E100018070CFB07FC10EB8C07DFF8D4C03FD021
:108E2000ACFB0032D208524202EB820210EB42024B
:108E300045D0B0F5FA5F88BF4FF4FA5030602D4A44
:108E40000099B1FBF2F131834FF6FF7101EAC000E6
:108E5000F0827D20F0616868B9F1000F08D00069E8
:108E600000280EBFC9F800A04FF0FF30C9F800007D
:108E700021461A48FCF7D2FE07B00020BDE8F08F6B
:108E8000FFE71D49884288BF084630600099B1FB62
:108E9000F2F13183ACFB00104009F082F361DAE7B4
:108EA0001649884288BF084630600099B1FBF3F14B
:108EB0003183ACFB0010C008F082F261CBE7B0F563
:108EC0007A4F88BF4FF47A4030600D4B009AB2FB66
:108ED000F3F23283F082F161BDE70000B03E001092
:108EE00038040010000300101F85EB51A08601001C
:108EF000CDCCCCCC00127A0000A8610000C40900DF
:108F000040420F00FF2804BF4FF0FF3070472DE9AB
:108F1000F047494D0446014684B02868FCF76FFECF
:108F2000002802BF4FF0FF3004B0BDE8F08705EB2A
:108F30008406DFF808817068002738B3007D0228B6
:108F400024D121462868FCF75AFEF8B1756815B19E
:108F5000287D01281AD058F82400D0F804A090F9F0
:108F600002905046F8F7D0FD00215046F8F7B8FDC2
:108F70006879FF2807D0002201215046F8F762FFE8
:108F80004846FFF7C1FD716801200875716802202D
:108F9000087558F824107568D1E9016091F902400C
:108FA0004978012905D0022904BF0121F8F7E8FA20
:108FB00002E00121F8F7CCFA286950B30168426851
:108FC00080680091CDE9012069463046F9F748F8FC
:108FD00001213046F8F784FDBDF80010012230462B
:108FE000F9F72AF801213046F8F774FD6879FF286F
:108FF0000BD0012211463046F8F724FF697920464C
:10900000FFF79CFD2046FFF78CFD04B00020BDE873
:10901000F0876846F9F764F8E88A401E0190288BCB
:10902000ADF80870401EADF800001020ADF8020049
:109030008DF80A70C8E70000B03E00103804001038
:10904000FF2804BF0020704770B5084D0446014654
:109050002868FCF7D4FD002808BF70BD05EB84002C
:109060004068002818BF007D70BD0000B03E0010B1
:10907000FF2804BF4FF0FF3070472DE9F0411A4D33
:10908000044601462868FCF7BAFD002804BF4FF0EB
:10909000FF30BDE8F08105EB840675682DB1287DB1
:1090A000012804BF0020BDE8F081104850F82410CA
:1090B0004C6891F902702046F8F726FD0021204601
:1090C000F8F70EFD6879FF2807D00022012120461D
:1090D000F8F7B8FE3846FFF717FD716801200875EC
:1090E0000020BDE8F0810000B03E00103804001000
:1090F00010B5044600220221F7F728FE024604219B
:10910000201DF7F723FEC043BDE8104080B2F8F7FA
:10911000DBBB000010B504460422064900F022FD26
:10912000012805D0204600F039F8002800D00120A1
:1091300010BD000048FD050870B5054600F02EF88A
:1091400008B1012070BD00220D4C0E4803E02178CB
:1091500031B1A41D521C01888A42F8DB002070BD89
:1091600004222946A01C00F00DFD002CF6D0A01C06
:1091700000F032F801202070204605F006FDE0E7FF
:10918000102500104203001010B500F007F8002869
:1091900003D0002101704170012010BD2DE9F04184
:1091A000074600250A4C0B4E0AE0207830B1042215
:1091B000A11C384600F0D6FC012807D0A41D6D1C68
:1091C00030888542F1DB0020BDE8F0812046FBE7D6
:1091D0001025001042030010F8B506462A20F8F7C3
:1091E000E1FF054600F12604122020700020607087
:1091F00004223146201D00F0C5FC2046FFF778FF11
:1092000060802A2028800123009300230222314617
:10921000284600F099FB2846BDE8F840F9F712BB54
:1092200010B50246080008BF10BD114604F0FEFA52
:10923000BDE8104004F0EABA002808BF70472DE9E5
:10924000F047284E0F46B0F1FF3F32D0264C0021A8
:109250003568E2680B46002A08BF4FF0000C38D092
:10926000214AD2F814C01A46BCEB000871EB03087F
:1092700010D204E0D4F80C80B8F1000F29D0E468D3
:10928000D4F8148018EB0C0C4A41BCEB000872EBCC
:109290000308EFD3E168E960E5602C61E968002923
:1092A00018BF0D61BCEB000068616169A1EB0000B3
:1092B00060610E480078012804BF112001F0A4F974
:1092C000306847700A4802F009FFBDE8F04704F033
:1092D000A7BBE960E5602C61B0EB0C0060616961DF
:1092E000E7E700006C030010983F001054030010E3
:1092F000803F00102DE9F0411D4DE868002808BFAF
:10930000BDE8F08168690026401EDFF8688001270B
:1093100068616869002818BFBDE8F081EC68002C1E
:1093200008BFBDE8F081A06838B16168416060683D
:1093300010B1A16881606660A66021460E4804F005
:10934000A9FA606968616078042806D1A069D8F834
:109350000010D8F80420401860616770E068E86089
:10936000E06800281CBF0561E6602661D1E70000C7
:10937000983F001028020010803F00100321FFF7E3
:109380005BBF000001480068006A70476C03001072
:1093900010B50C0008BF10BDE1690143E1616278BE
:1093A000206A062A19D0052A18BF10BD014208BF3D
:1093B00010BD01402162E16921EA0000E061204620
:1093C00004F0E5FA012060700221204604F0D6FA8C
:1093D0002046BDE8104002F0F1BD30EA0101EAD0BC
:1093E00010BD00008C460F4910B50B68D9696AB1F1
:1093F00030EA010206BF21EA0000D86106210ED042
:1094000018626046FFF718FF012010BD11EA000244
:109410001ABF21EA0000C3E907020521F0D00220AB
:1094200010BD00006C0300100449054B09688861F9
:109430001A685B6880184861704700006C03001070
:10944000280200100848094B0268186851695B68D7
:10945000081A936910F0004F1944516118BF704702
:109460000421FFF7E9BE00006C0300102802001081
:109470006122027000224270827042600281428149
:109480008281C1817047000070B5164642680D4662
:1094900012B1417801290FD08189C3894FF0000CA6
:1094A000994229D1002E04BF012070BD1F4C2168B4
:1094B00092B104F0EFF917E002F010FE0446406AA2
:1094C00004210560204604F059FA204604F05FFAB2
:1094D000204602F073FD26E041602168C1F804C017
:1094E0002168886002214170206808214562304669
:1094F000FFF7A2FE012070BD018900EB81010D6123
:1095000000F10C01D1E85F2F521C93B2C1E8523F29
:10951000002AF7D10189491C89B20181C28991428F
:1095200008BFA0F808C0002070BD00006C03001048
:109530002DE9F04104468089002790460D46002819
:109540003AD0608904EB8000006908606089401CA3
:1095500080B26081E189884208BF6781606810B18C
:10956000607802280DD004F10C0000BFD0E85F1F26
:10957000491E8AB2C0E8512F0029F7D10020BDE86A
:10958000F081204602F0AAFD0546002104F0F6F91C
:109590002189686A04EB810108612089401C80B23E
:1095A0002081E189884208BF2781284604F0EFF92D
:1095B000284602F003FDE1E7B8F1000F04BF0120E7
:1095C000BDE8F0810B4E6068316818B1204604F0A8
:1095D00061F906E0616030684760306884600120AE
:1095E000607008214046FFF727FE30684562012081
:1095F000BDE8F0816C03001070B5194D0E460446AD
:109600004188286839B1A168814209D16088401C2D
:109610006080002070BDA060816AE1608462F5E72F
:10962000002E04BF012070BD8A788078824203D268
:109630008870A06804F05AF9606820B12046296853
:1096400004F028F906E02868606029680020486076
:109650002868846009213046FFF7EEFD012070BDC7
:109660006C0300108A4288BF0A46622303700023FD
:1096700043608270C170704710B5416869B102F0F3
:109680002DFD0446032104F079F9204604F07FF90A
:10969000204602F093FC002010BD8178C2789142F0
:1096A0001ABF491C8170FF20F5D110BD10B50C46C2
:1096B000817819B1491E8170002010BD002C04BFB3
:1096C000012010BD094A4368116813B104F0E2F8A3
:1096D00005E0416013680021596011688860072126
:1096E0002046FFF7A9FD012010BD00006C0300100B
:1096F00010B5C7F7DFFD00F053F8074800213C2202
:10970000818006490988C1800549064800F03AFA77
:10971000BDE81040C7F71ABE2E0300104403001026
:10972000342500101423001030B5002106480B46E4
:109730000124064A03E0037044700E30491C15886A
:10974000A942F8DB30BD0000502300103E0300109A
:1097500010B5C7F7AFFDC7F76CFDFFF7E5FF04488D
:10976000002101604160BDE81040C7F796BD0000D0
:10977000AC04001010B5002006490346064A02E07A
:1097800001F8063B401C1488A042F9DB0349012084
:10979000087010BD10250010420300102A030010AD
:1097A0000649054809684218121F0021026011602D
:1097B00041600348016070477025001048030010A5
:1097C000B40400100448007800EB4000820000213F
:1097D000024800F0E5B900003C030010803D001095
:1097E000F8B504460F46808AF8F76EF805462188DA
:1097F0000E30814245D3A07C0421B1EB101F40D133
:10980000264907EB870001EB800104F122000422C6
:10981000064600F0A7F958BB04222149304600F063
:10982000A1F928BB6FBB31780E223046B2EB111F75
:1098300004D1FFF76FFC012815D00EE00422314659
:10984000684600F09FF915480099026880684A4010
:10985000024202D10843401C05D02046F8F790FF91
:1098600078B1E07E02E0E07E022801D0112808D124
:1098700004F1120000F016F818B9208B30F0C00087
:1098800001D00020F8BDA07C0007800E00F10E0181
:109890006180281A20800120F8BD000014230010E8
:1098A000B002060801780907890EF7F744BA0000EC
:1098B0002DE9F041214C8046214F2078C0070AD085
:1098C0002049404600F088F840BB0422FF21404672
:1098D00000F06EF910BB1B4D20781435800704D5BD
:1098E0002946404600F078F800BB164E207828360E
:1098F000400704D53146404600F06EF8D0B92078D4
:10990000800702D52078000710D42078400702D5C0
:109910002078C0060ED42078C00704D0002038700C
:109920000848BDE8F0812078800703D50120387011
:109930002846F6E7022038703046F2E73B03001075
:10994000A8040010142300102DE9F0410446DDF8AE
:1099500018800F461646012A08D0022E06D0062E81
:1099600004D0112E02D00020BDE8F081194D452110
:109970006888401C68802088A174143080B2E37429
:10998000F7F7A2FFA0826888F7F79EFFE082002029
:10999000208384F81A80E676A0833846FFF788FF94
:1099A0000146042204F11E0000F0ECF804223946BE
:1099B00004F1220000F0E6F804F11200FFF772FF54
:1099C000A08320882230208029782046BDE8F041FD
:1099D000C7F729BCA804001018B50C46014604229C
:1099E000684600F0CFF8206800994840A168084216
:1099F00001D0002018BD012018BD000038B5044674
:109A000001460422684600F0BDF8064882680098C6
:109A10000243521C01D0002038BD02492046FFF706
:109A2000DBFF38BD14230010002819BF417801293D
:109A3000FF20704710B501214170032103F0F6FEAD
:109A400003F0E4FE002010BD002819BF4378012B6D
:109A5000FF20704710B501234370D1E9003CC0E9F5
:109A6000063C8B688360CB68C360D1E90031C0E9F4
:109A700004311168016251684162022103F0D6FE8F
:109A800003F0C4FE002010BD38B18178002904BF66
:109A9000002070474178012901D1FF20704710B59F
:109AA00001214170002103F0C1FE03F0AFFEFF2051
:109AB00010BD10B504468089002808BF10BD60891C
:109AC00004EB800000690860606840B1607802289B
:109AD00005D10021204603F0A9FE03F097FE04F112
:109AE0000C00D0E85F1F491E8AB2C0E8512F002940
:109AF000F7D16089401C80B26081E189884204BF4F
:109B000000206081042010BD10B503F08FFEBDE879
:109B1000104003F07BBE10B5002103F087FEBDE8C6
:109B2000104003F073BE00000C4800218278012A27
:109B300004D0017080F80110C7F722BC81708188C1
:109B40000122491C8BB28380C1888B4204D1044B13
:109B50001B881944C18042700270EDE72E0300108B
:109B60004403001010B508E003780C78A34201D03C
:109B7000002010BD401C491C521E002AF4D10120B7
:109B800010BD000030B5134606E000BF054611F8D1
:109B9000014B401C2C705B1E002BF7D1104630BDD2
:109BA00003E000BF00F8011B521E002AFAD17047E3
:109BB0003AB103788B4201D000207047401C521EFE
:109BC000F6E701207047000010B510B10178652953
:109BD00004D00F2000F018FDFF2010BD0021EFF38E
:109BE000058119B1FFF720FFC0B210BD08490978FF
:109BF000012909D0044602F095FC204602F096FAAD
:109C000002F091FC002010BDDFF808C000DF10BD9D
:109C100010020010ABEB0508EFF3058000281CBF15
:109C20000020704708480078012803D1DFF81CC0E5
:109C300000DF704710B502F075FC02F0A9FA044687
:109C400002F071FC204610BD10020010C1EB0508A7
:109C500010B510B10378652B03D00F2000F0D4FCB1
:109C60000FE0002918BF002A0BD000BFEFF30583D7
:109C70001BB1FFF7E9FEC0B210BD054B1B78012BED
:109C800001D0FF2010BDDFF80CC000DF10BD0000C8
:109C900010020010D5EB050810B510B10178652948
:109CA00004D00F2000F0B0FCFF2010BD0021EFF326
:109CB000058119B1FFF7E8FEC0B210BD044909786B
:109CC00001290ABFDFF80CC0FF2000DF10BD000033
:109CD00010020010F5EB0508EFF30581002918BF0D
:109CE000704704490978012904BFDFF80CC000DF80
:109CF00070470000100200100DEC0508EFF305801E
:109D000018B905480078012801D000207047DFF815
:109D10000CC000DF704700001002001023EC0508A3
:109D200010B511B10A78602A04D00E2000F06CFC46
:109D3000FF2010BD0022EFF305821AB1FFF770FA81
:109D4000002010BD044A1278012A0ABFDFF80CC0B7
:109D5000FF2000DF10BD00001002001037EC0508E6
:109D6000EFF305831BB9054B1B78012B01D0FF20B6
:109D70007047DFF80CC000DF7047000010020010D1
:109D800051EC0508F0F711BDF0F711BDF0F711BD6A
:109D9000002808BF7047427C131C1FBF134602EB0C
:109DA00083035B00DB1C10B45B1C1A440A80837CB9
:109DB0009B004B801A44C37C5B008B801A4493B297
:109DC00090F814C0C28A0CFB02F4002C14BF02EB02
:109DD0008C020022CA801A44837C90F813C08469E4
:109DE000634490F814C092B2A44413EB0C0318BF60
:109DF00004230B811A44037C4FF0150C03EBC303BF
:109E00000CEB43034B811A44037A4FF0010C0CEB2B
:109E100043038B81007C1A44801CC88110440022BB
:109E20000A8210BC80B27047002808BF7047806962
:109E3000C01DC0F3CF00088000224A807047002870
:109E400008BF7047007C00EB4000C00008807047EE
:109E5000EFF30581002918BF7047044909780129EB
:109E600004BFDFF80CC000DF7047000010020010D4
:109E700077EC0508EFF30580002818BF7047044809
:109E80000078012804BFDFF80CC000DF7047000035
:109E9000100200108DEC050810B510B10178612991
:109EA00004D00F2000F0B0FB002010BD0021EFF324
:109EB000058119B103F048FB80B210BD044909784F
:109EC00001290ABFDFF80CC0002000DF10BD000030
:109ED000100200109FEC050870B5002808BF70BD87
:109EE000EFF3058100291CBF002070BD0B490978E4
:109EF00001290ED0054602F015FB284602F00EFCA3
:109F000004001CBF2946FFF7B3FA02F00CFB204601
:109F100070BDDFF80CC000DF70BD00001002001043
:109F2000B7EC050810B510B10378612B03D00F20F2
:109F300000F06AFB10E000290ED000BFEFF30583AC
:109F400033B1FFF7B6FD00280CBF0120002010BD83
:109F5000044B1B78012B01D0FF2010BDDFF808C097
:109F600000DF10BD10020010D7EC050810B510B1CD
:109F70000378612B04D00F2000F046FBFF2010BDBA
:109F80000023EFF305831BB1FFF7BEFD002010BDDA
:109F9000044B1B78012B0ABFDFF80CC0FF2000DF49
:109FA00010BD000010020010F7EC050810B510B14C
:109FB0000178612904D00F2000F026FB002010BD9D
:109FC0000021EFF3058119B102F0A4FB80B210BDAE
:109FD0000449097801290ABFDFF80CC0002000DF1E
:109FE00010BD00001002001017ED050810B5002884
:109FF00004BFFF2010BD00BFEFF3058119B906496A
:10A000000978012903D002F087FB002010BDDFF89A
:10A010000CC000DF10BD0000100200102FED05087D
:10A020002DE9F0010023002856D000BFEFF3058C86
:10A03000BCF1000F1EBFFF20BDE8F001704790F893
:10A040000AC0BCF1010F04BF13800B8040D090F810
:10A0500010C000230CEB4C0403EBC404437C1C44F1
:10A060001BB103EB83035B00DB1C5B1C2344847C80
:10A07000C57C03EB840303EB45039FB2037DC68AD3
:10A0800003FB06F8B8F1000F14BF06EB83060026A9
:10A090003E4425448469B6B22344EB1818BF042318
:10A0A00033440CEBCC0403EB4403047A153303EB89
:10A0B0004403DB1C63444FF6FF7C0CEA83030B80F4
:10A0C000008B0021C01D01EBD0000CEAC000108005
:10A0D000BDE8F0010020704713800B80BDE8F0015F
:10A0E000FF207047EFF3058100291CBF0020704757
:10A0F00004490978012901D002F078BBDFF808C0D3
:10A1000000DF70471002001039ED0508002804BF79
:10A11000FF2070472DE9F0470446807A17460D4628
:10A12000002803D0EFF30580F0B904E0002D18BF3C
:10A13000002FF7D118E0184E3078012814D094E899
:10A140000E17164880E80E17154970600120087038
:10A15000C6F74CF9A07A50B1012815D0102000F0B4
:10A1600053FA0020BDE8F087FF20BDE8F087356195
:10A17000207C00EB400005EB4010C6E9020702F02E
:10A18000BBFB02F05BFBECE700203061B060F060ED
:10A19000204602F0E1F9E4E710020010D821001097
:10A1A000F803001010B5002808BF10BDEFF30581BB
:10A1B00019B102F085FB044606E009490978012936
:10A1C00009D002F07DFB0446002C04BF0C2000F0F7
:10A1D0001BFA204610BDDFF80CC000DFF3E70000DB
:10A1E0001002001051ED050810B5002904BF002031
:10A1F00010BD00BFEFF305821AB102F064FB044604
:10A2000006E0094A1278012A09D002F05CFB0446F4
:10A21000002C04BF0C2000F0F7F9204610BDDFF839
:10A220000CC000DFF3E700001002001057ED050836
:10A2300070B588B0344D4FF000040294EFF3058000
:10A240000394002851D00020CDE90400EFF31080E2
:10A2500000F0010072B60690A869E969CDE9040131
:10A260004FF0E02081690091284909680191C1F30C
:10A27000806159B1806900990190884206D2DDE978
:10A280000410491C40F10000CDE90410069800B903
:10A2900062B60020CDE90600CDE9060068690099A4
:10A2A0002646401AD5E90812A0FB013C04FB01C177
:10A2B00000FB0210CDE90630DDE90601144A002357
:10A2C000C7F7C9F9CDE906016868DDE904314068DE
:10A2D000A0FB032C06FB03C300FB0133DDE90601F1
:10A2E00010185941CDE9020107E02878012804D16E
:10A2F00003A902A8DFF81CC000DFDDE90201201875
:10A3000008B0614170BD00001002001004ED00E0D3
:10A3100040420F005DED0508EFF3058000281CBFEB
:10A32000002070470A480078012803D1DFF824C0D4
:10A3300000DF704710B502F0F5F802F017FA0400DC
:10A3400018BF03F0D3F902F0EEF8204610BD00006C
:10A350001002001025EE050870B510B101786329D0
:10A3600004D00F2000F050F9FF2070BD0021EFF362
:10A37000058100291CBFFF2070BD0B490978012908
:10A380000DD0044602F0CEF8204603F053F90546FE
:10A39000204602F09BFA02F0C6F8E8B270BDDFF882
:10A3A0000CC000DF70BD0000100200103FEE050879
:10A3B00010B510B10178632904D00F2000F024F902
:10A3C000FF2010BD0021EFF3058119B90449097878
:10A3D000012901D0FF2010BDDFF808C000DF10BD4B
:10A3E000100200105DEE050810B510B10278632A66
:10A3F00004D00F2000F008F9FF2010BD0022EFF379
:10A4000005821AB9044A1278012A01D0FF2010BD32
:10A41000DFF808C000DF10BD1002001075EE05085F
:10A42000F0B589B0364D4FF000040294EFF305808B
:10A430000394002855D00020CDE90400EFF31080EC
:10A4400000F0010072B60690A869E969CDE904013F
:10A450004FF0E021886900902A4800680190C0F31D
:10A46000806058B1886900990190884206D2DDE980
:10A470000410491C40F10000CDE90410069800B911
:10A4800062B60020CDE90600CDE9060068690099B2
:10A49000D5E90823411AA1FB020C04FB02C201FB0F
:10A4A000032126464FF47A720023C7F7D4F86A686E
:10A4B000DDE9045C5268A2FB053706FB057502FB6B
:10A4C0000C554FF47A76A3FB062705FB06754FF073
:10A4D000000C03FB0C53121843EB0100CDE90220E2
:10A4E00007E02878012804D103A902A8DFF818C0E2
:10A4F00000DFDDE90201201809B06141F0BD000074
:10A500001002001004ED00E091EE050870B500287F
:10A5100008BF70BDEFF30582002A1CBF002070BD8C
:10A520000B4A1278012A0FD005460E4601F0FAFFB9
:10A5300002F03CF9040003D032462946FFF792F8B6
:10A5400001F0F1FF204670BDDFF808C000DF70BDEC
:10A550001002001061EF050810B510B101786229F2
:10A5600004D00F2000F050F8FF2010BD0021EFF3C1
:10A57000058119B1FFF7CFFA002010BD0449097811
:10A5800001290ABFDFF80CC0FF2000DF10BD00006A
:10A590001002001083EF050810B510B10278622A8E
:10A5A00004D00F2000F030F8FF2010BD0022EFF3A0
:10A5B00005821AB9044A1278012A01D0FF2010BD81
:10A5C000DFF808C000DF10BD100200109BEF050887
:10A5D00010B510B10278622A04D00F2000F014F8F0
:10A5E000FF2010BD0022EFF305821AB9044A127849
:10A5F000012A01D0FF2010BDDFF808C000DF10BD28
:10A6000010020010B7EF05089AB0122880F03780CA
:10A61000DFE800F0090D1115353535353535191DD3
:10A62000212125292D311BA1D02004F087F91DA15E
:10A63000E52004F083F921A1F02004F07FF92BA19B
:10A64000F12004F07BF934A1F22004F077F93DA168
:10A65000F32004F073F945A1E22004F06FF949A159
:10A66000F42004F06BF955A1F52004F067F961A11D
:10A67000F62004F063F96CA1F72004F05FF90346BB
:10A6800076A264216846C7F775F86946E02004F0B1
:10A6900055F900006F73616C3A20756E6B6E6F77C1
:10A6A0006E0000006F73616C3A20737461636B20FD
:10A6B0006F766572666C6F77000000006F73616C77
:10A6C0003A206B6E6F776E206572726F72206672C1
:10A6D0006F6D2072746F7320286973726669666F7C
:10A6E0006F766572666C6F77290000006F73616C1E
:10A6F0003A206B6E6F776E206572726F7220667291
:10A700006F6D2072746F7320286D62786F7665723A
:10A71000666C6F77290000006F73616C3A206B6E76
:10A720006F776E206572726F722066726F6D207225
:10A73000746F7320287374646C69627370616365ED
:10A74000290000006F73616C3A206B6E6F776E208A
:10A750006572726F722066726F6D2072746F7320F3
:10A76000287379736D757465782900006F73616C57
:10A770003A206D656D6F7279206973206D6973730E
:10A78000696E67006F73616C3A206B6E6F776E2035
:10A790006572726F722066726F6D2072746F7320B3
:10A7A000287573656420616E20696E76616C6964DA
:10A7B0002074736B70747229000000006F73616CF9
:10A7C0003A206B6E6F776E206572726F72206672C0
:10A7D0006F6D2072746F7320287573656420616ECD
:10A7E00020696E76616C6964206F626A7074722988
:10A7F000000000006F73616C3A206B6E6F776E2003
:10A800006572726F722066726F6D2072746F732042
:10A81000287573656420616E20696E76616C696469
:10A8200020706172616D29006F73616C3A206B6EEC
:10A830006F776E206572726F722066726F6D207214
:10A84000746F7320287573656420616E20696E765D
:10A85000616C69642063616C6C2900006F73616CCA
:10A860003A206572726F7220307825782066726F98
:10A870006D2072746F73000070B5174E05460C465C
:10A880003078012826D000BFEFF3058010BB002DE3
:10A8900018BF002C1ED0286800281CBF688900281B
:10A8A00018D0E86800281CBF2068002812D06089F2
:10A8B00000281CBFE06800280CD0C5F797FD0120D8
:10A8C000307001F023FE21462846DFF810C000DF7B
:10A8D000002070BDFF2070BD10020010D3EF0508EE
:10A8E000EFF3058119B905490978012901D0FF2045
:10A8F0007047DFF80CC000DF002070471002001026
:10A90000EDEF0508EFF305821AB9054A1278012A1E
:10A9100001D0FF207047DFF80CC000DF7047000057
:10A920001002001009F0050882B0EFF3058171B93B
:10A9300000281CBF0168002909D0C16800291CBF7C
:10A940004189002903D00C4A1278012A02D0002044
:10A9500002B07047ADF80210017A8DF8001001695D
:10A960000191D0E900C1C26860466B46DFF80CC0B7
:10A9700000DF02B0704700001002001023F005084D
:10A9800010B510B10178602904D00E20FFF73CFE0D
:10A99000FF2010BD0021EFF3058119B904490978A2
:10A9A000012901D0FF2010BDDFF808C000DF10BD75
:10A9B000100200104BF0050810B510B101786029A5
:10A9C00004D00E20FFF720FE002010BD0021EFF381
:10A9D000058119B904490978012901D0406B10BDDE
:10A9E000DFF808C000DF10BD1002001063F005089A
:10A9F00010B510B10178602904D00E20FFF704FED5
:10AA0000002010BDC078FF281ABF401CC0B2012032
:10AA100010BD000010B510B10178602904D00E20DF
:10AA2000FFF7F2FD002010BD0021EFF3058119B9F9
:10AA300005490978012903D0BDE8104002F094BC13
:10AA4000DFF808C000DF10BD1002001075F0050827
:10AA5000EFF3058018B905480078012801D0FF20E0
:10AA60007047DFF80CC000DF7047000010020010D4
:10AA700079F00508EFF3058008B102F0C3BC044883
:10AA8000007801280ABFDFF80CC0002000DF704703
:10AA9000100200108BF0050810B510B10278602A82
:10AAA00004D00E20FFF7B0FDFF2010BD0022EFF311
:10AAB00005821AB9044A1278012A01D0FF2010BD7C
:10AAC000DFF808C000DF10BD100200109FF005087D
:10AAD00001281CBF0228032804D0042805D0002028
:10AAE000FFF792BDC0B2FFF78FBD1120FFF78CBDFD
:10AAF000074801684FF0E020416100218161072192
:10AB000001610448016841F07F41016040177047CE
:10AB1000F403001020ED00E07047000070B51B4CFE
:10AB2000012804D0A07802282AD2194870BD002537
:10AB3000A562E56225636563A563E56325646564D5
:10AB4000A564E56425656565A565E56525666566B5
:10AB5000A566E56625676567A560A570E560A580C3
:10AB600065612570657025620A486562F7F7C5FA68
:10AB70000948F7F7C2FAE5700848F7F7C3FAD4E7CF
:10AB8000FFF778FFBDE87040FFF744BF38020010C0
:10AB9000F03F0010F4210010022200106C0300109E
:10ABA00070B50B490546C878082803D309A1F320DE
:10ABB00003F0C4FE00EB40020F4B401C03EB820489
:10ABC000C870204602F092FD01202C6070BD00008C
:10ABD0003802001061726D6339397374646C696294
:10ABE0003A206E6F7420656E6F7567682073797395
:10ABF000206D757465780000102200102DE9F04773
:10AC000082B04FF0000688460400ADF80060ADF851
:10AC100004600AD0607850EA08000AD02078012841
:10AC20000BD07CA1E42003F089FE80A1E12003F099
:10AC300085FE87A1E32003F081FEE078012803D0A0
:10AC400093A1E42003F07AFE9A4DA878022818BF59
:10AC5000032809D0A06A00281CBFA0780F2807D9B4
:10AC600095A1E02003F06AFE9FA1E02003F066FEBC
:10AC7000B4E88F164435A5E88F16B4E80F1085E8C0
:10AC80000F10A64854F8301C0127016054F82C1C02
:10AC9000416080210172477214F8331C343C643DDA
:10ACA000002918BF01218172217CC1726169C160D4
:10ACB000217E0174217F4174617F6A46491C817441
:10ACC000A17FC174E17F0175218CC182618B81619B
:10ACD00001A99248FFF7A4F9BDF80400BDF80010DF
:10ACE000014304BF00210A4605D0C01D20F0070023
:10ACF000414600EB08028948FFF708FA607800280F
:10AD00003ED0A089FFF74EFAE860A189A980EE2223
:10AD1000C7F7A2F9607800283FD0E089FFF742FA30
:10AD20002861E189E980EE22C7F796F9BDF80400B1
:10AD3000BDF80010C01D20F00700C91D404421F0DF
:10AD400007010844A189DFF8D881C91D21F0070156
:10AD50000844E189C91D21F00701084498F8011051
:10AD600000291CBF6E612E7029D06E704FF000005C
:10AD70002CD12878002892BF304668696F702AE08D
:10AD8000BDF80400BDF80010C01D20F00700C91D6B
:10AD9000404421F007010844B6E7BDF80400BDF8BF
:10ADA0000010C01D20F00700C91D404421F007011C
:10ADB0000844A189C91D21F007010844B0E7686172
:10ADC00098F8180000F102002870CEE7012904BFAE
:10ADD0001020FFF7E7F9E86198F80110002029B189
:10ADE000012904BF1020FFF7DDF90AE0697828780F
:10ADF000814228BF304604D2686900EB0110491C2B
:10AE00006970A861A0682862AF7002B00020BDE838
:10AE1000F08700006F73616C3A20756E7375707007
:10AE20006F727465642072746F7300006F73616C6D
:10AE30003A204E554C4C2063666720696E206F7334
:10AE4000616C5F696E697469616C6973652829005A
:10AE50006F73616C3A204E554C4C206D656D6F726E
:10AE60007920696E206F73616C5F696E69746961C6
:10AE70006C697365282920666F7220737461746928
:10AE800063206D656D6F7279206D6F64656C000075
:10AE90006F73616C3A20636667206861732061207C
:10AEA00077726F6E67206370752066616D696C796B
:10AEB00000000000380200106F73616C3A20696670
:10AEC00020757365642C207072696F206D757374C2
:10AED000206265206265747765656E203020616E42
:10AEE00064203135000000006F73616C3A206361AB
:10AEF0006C6C6564206F73616C5F696E6974696105
:10AF00006C6973652829206166746572206F7361AE
:10AF10006C5F737461727428290000006002001075
:10AF20007C020010FFF762B830B583B004004FF028
:10AF300000000D46ADF80000ADF8040031D0264801
:10AF400061680160A1684160802101720121417244
:10AF50006178002918BF01218172217CC172616969
:10AF6000C160217E0174217F4174617F6A46491C62
:10AF70008174A17FC174E17F0175218CC182618BD5
:10AF8000816101A91448FFF74BF8BDF80400BDF832
:10AF90000010C01DC008C91D00EBD1006178A9B91F
:10AFA00005E0002D18BF0860002003B030BDA18966
:10AFB000E289C91DC908D21D01EBD201227E2723D7
:10AFC00003EB021201EBD2010844C000002D18BFB0
:10AFD000286003B030BD000060020010FFF7E2B847
:10AFE000FFF702B92DE9F04114000D4607466FF056
:10AFF000020604BF6FF00100BDE8F0810020206070
:10B00000B3F1FF3F08BF4FF0FF3107D0002B08BF5F
:10B01000002103D00A48006AB3FBF0F1002D0CBFF9
:10B02000012200223846FEF79BFE022805D10026A9
:10B0300015B1FEF763FE074627603046BDE8F08194
:10B040003802001010B5B0F1FF3F08BF4FF0FF31DC
:10B0500006D000280FBF00210749096AB0FBF1F1B3
:10B060000022501EFEF77CFE02281CBF002010BDEF
:10B07000BDE81040FEF742BE38020010002904BFB0
:10B080006FF00100704710B50968FEF749FE002017
:10B0900010BD00000148006A70470000380200102F
:10B0A00070B5FFF739F9002829D01E4D04461C4E13
:10B0B0006878012818BF204625D01B4C0646A0689A
:10B0C00050B14FF0FF3100F0FDF91848C188491C1C
:10B0D000C180A06800F0D4F9A660FFF7CBFCA1699D
:10B0E0000860AA6A1AB1A9786FF004009047606AF4
:10B0F0008047FFF7BFFCBDE87040FFF741BC0C493B
:10B10000E22003F01BFC0820FFF74CF8002818BFD2
:10B11000C0E90046D1D10749E22003F00FFC00004E
:10B12000664523017C020010380200100222001044
:10B1300018B405084CB40508002808BF7047084A31
:10B1400008494978012901D0FEF7A6BE016821B15E
:10B150004068904208BF0846F6D0002070470000C3
:10B16000554523017C02001008B5002200920028FA
:10B1700008BF08BD104B114A5278012A12D000BFF7
:10B18000B1F1FF3F08BF4FF0FF3206D000290FBFDB
:10B1900000220B4A126AB1FBF2F26946FEF7C2FEC8
:10B1A000009808BD026822B14068984208BF104666
:10B1B000E6D0002008BD0000554523017C020010A8
:10B1C0003802001070B505001ED0FEF785FE00287D
:10B1D0001ED004461748164E4078012818BF204656
:10B1E0001AD0154E04464FF0FF31B06800F06AF9EE
:10B1F00012484189491C4181818929448181B06873
:10B2000000F03EF9204670BD0DA1E32003F096FB4F
:10B2100017A1E22003F092FB0820FEF7C3FF0028ED
:10B2200018BFC0E90046DCD12049E22003F086FBCC
:10B23000554523017C020010380200100222001044
:10B240006F73616C3A20696E636F72722070617205
:10B25000616D20696E206F73616C5F6D65737361E2
:10B26000676571756575655F6E65772829000000F3
:10B270006F73616C3A206D697373696E67206D65D9
:10B280006D20666F722072746F73206F626A20691E
:10B290006E206F73616C5F6D657373616765717547
:10B2A0006575655F6E657728290000004CB4050858
:10B2B000002804BF6FF00100704710B5104BDFF895
:10B2C0003CC05B78012B0FD0B2F1FF3F18BF002AC2
:10B2D00003D00C4B1B6AB2FBF3F2FEF747FE0028CB
:10B2E00018BF6FF0020010BD036823B140686045CD
:10B2F00008BF1846E8D04FF0FF3010BD5545230178
:10B300007C02001038020010002808BF7047084A6D
:10B3100008494978012901D0FEF748BE016821B1EA
:10B320004068904208BF0846F6D0002070470000F1
:10B33000554523017C020010002804BF6FF0010076
:10B34000704770B5164E154A0025717804460129DC
:10B3500007D000BFFFF700F87178204601290ED111
:10B3600009E0016821B16068904208BF0846F1D049
:10B370004FF0FF3070BD05604560FEF737FE094CA9
:10B380004FF0FF31A06800F09DF80748C188491EC2
:10B39000C180A06800F074F8002070BD66452301EC
:10B3A0007C020010380200100222001070B5FEF777
:10B3B000B3FFC0B104461548134D4078012818BFAB
:10B3C000204614D0124D0446A86850B14FF0FF310A
:10B3D00000F078F80F48C188491CC180A86800F0C7
:10B3E0004FF8204670BD0CA1E22003F0A7FA082018
:10B3F000FEF7D8FE002818BFC0E90045E2D113A12E
:10B40000E22003F09BFA0000664523017C02001055
:10B4100038020010022200106F73616C3A206D69CF
:10B420007373696E67206D656D20666F722072742C
:10B430006F73206F626A20696E206F73616C5F6D3D
:10B44000757465785F6E6577282900006F73616C8D
:10B450003A206D697373696E67206D656D20666F44
:10B4600072206F73616C206F626A65637420696E0D
:10B47000206F73616C5F7878785F6E65772829003C
:10B4800010B5002804BF6FF0010010BD0B4A0C4935
:10B490004978012909D000BFFEF78AFFFF281CBFA9
:10B4A000002010BD4FF0FF3010BD01680029F9D019
:10B4B0004068904208BF0846EED0F3E76645230196
:10B4C0007C02001010B5002804BF6FF0010010BD11
:10B4D000104B114A5278012A12D000BFB1F1FF3F40
:10B4E00018BF002903D00D4A126AB1FBF2F1FEF732
:10B4F0007BFF002816BF052800206FF0020010BD5A
:10B50000026822B14068984208BF1046E6D04FF06A
:10B51000FF3010BD664523017C0200103802001088
:10B5200010B5002804BF6FF0010010BD104B114A88
:10B530005278012A12D000BFB1F1FF3F18BF002995
:10B5400003D00D4A126AB1FBF2F1FFF741F800286F
:10B5500016BF032800206FF0020010BD026822B160
:10B560004068984208BF1046E6D04FF0FF3010BD4B
:10B57000774523017C02001038020010002804BF28
:10B580006FF00100704710B50C490B4A497801294A
:10B5900009D000BFFEF7E0FF002808BF10BD00BFC4
:10B5A0004FF0FF3010BD01680029F9D0406890428B
:10B5B00008BF0846EED0F3E7774523017C02001070
:10B5C00070B508B1814203D91749E32003F0B6F9F9
:10B5D000FEF79CFFB8B104461548144D4078012889
:10B5E00018BF204613D0134D04464FF0FF31A86812
:10B5F000FFF768FF10480189491C0181A868FFF71F
:10B600003FFF204670BD0DA1E22003F097F908200E
:10B61000FEF7C8FD002818BFC0E90045E3D1154971
:10B62000E22003F08BF90000F804060877452301B7
:10B630007C02001038020010022200106F73616C4F
:10B640003A206D697373696E67206D656D20666F52
:10B65000722072746F73206F626A20696E206F733C
:10B66000616C5F73656D6170686F72655F6E657741
:10B67000282900004CB4050810B5002804BF6FF05D
:10B68000010010BD094B0A4A5278012A04D000BFBC
:10B69000FEF782FF002010BD026822B14068984288
:10B6A00008BF1046F4D04FF0FF3010BD774523019E
:10B6B0007C020010FEF7BCBDFEF7B2BE10B5054C13
:10B6C000A078022818BF10BD0020FFF709F9032059
:10B6D000A07010BD3802001030B524498BB08A78B4
:10B6E000012A08D01AB122A1E02003F027F928A1ED
:10B6F000E02003F023F902228A70486280B3CA690D
:10B7000000203323106013715071B1F806C0A2F805
:10B7100006C00C69C2E902402B4DCDE90550CDE9C8
:10B7200008428DF81C00ADF81EC08A69274C1060D5
:10B730001371FE235371B1F804C0A2F806C0C968A2
:10B74000C2E90210CDE900408DF80830ADF80AC01A
:10B75000CDE9031205A96846FFF78EF80BB030BD9E
:10B76000FFE71BA1E32003F0E9F800003802001016
:10B770006F73616C3A2063616C6C6564206F7361F8
:10B780006C5F7374617274282920616761696E004F
:10B790006F73616C3A2063616C6C6564206F7361D8
:10B7A0006C5F7374617274282920772F6F75742011
:10B7B0007072696F72206F73616C5F696E69746912
:10B7C000616C6973652829009DE90508A1B0050829
:10B7D0006F73616C3A20696E636F72726563742077
:10B7E000706172616D20696E206F73616C5F73743C
:10B7F000617274282900000010B5C24372EA010288
:10B8000004BF4FF0FF30014604D0044A0023126AFF
:10B81000C5F721FFBDE81040FFF774B838020010EB
:10B82000002808BF7047016821B10179332904BF9E
:10B83000C068704700207047002804BF6FF0010007
:10B84000704770B50C4D0E4604464FF0FF31A868A6
:10B85000FFF738FE206810B12079332805D0A8689A
:10B86000FFF70EFE4FF0FF3070BDE660A868FFF7EF
:10B8700007FE002070BD00003802001010B5FFF771
:10B88000F9F8BDE81040FFF797B8002812BF00296B
:10B890006FF00100704710B50C46016811B10079D6
:10B8A000332802D04FF0FF3010BD0846FFF7A0F854
:10B8B0002070002010BD00002DE9FF4F85B01E0054
:10B8C0009046814617D0B8F1020F14D3B8F1FB0FA0
:10B8D00011D8B9F1000F0ED02F4D4FF0FF31A868ED
:10B8E000FFF7F0FD05F144004FF0000A407830B159
:10B8F00001280ED044E029A1E32003F01FF8697865
:10B90000287881423CD2686900EB0110491C6970BB
:10B9100002E01020FEF746FC040031D03046FEF76E
:10B92000E1FB5FEA000B2FD0264F38883044388087
:10B930000698019001208DF80800CDF80090ADF830
:10B940000A60CDE903B46846FEF7EEFF5FEA00093E
:10B950001ED07888401C78803320C4F80090207175
:10B9600084F80580E680C4E902BAA868FFF788FD7C
:10B9700041464846FFF790F809B02046BDE8F08FF1
:10B9800011A1E22002F0DAFF1DA1E22002F0D6FFB1
:10B9900027A1E22002F0D2FF380200106F73616C21
:10B9A0003A20696E636F727220706172616D2069F6
:10B9B0006E206F73616C5F7461736B5F6E65772867
:10B9C00029000000022200106F73616C3A206D693B
:10B9D0007373696E67206D656D20666F72206F737B
:10B9E000616C5F7461736B5F7420696E206F73614B
:10B9F0006C5F7461736B5F6E6577282900000000CF
:10BA00006F73616C3A206D697373696E67206D6541
:10BA10006D20666F7220737461636B20696E206F96
:10BA200073616C5F7461736B5F6E657728290000CA
:10BA30006F73616C3A206D697373696E67206D6511
:10BA40006D20666F722072746F73207461736B2047
:10BA5000696E206F73616C5F7461736B5F6E657785
:10BA600028290000084910B5096AB0FBF1F0002848
:10BA700008BF012004D0B0F1004F28BF6FF0004094
:10BA8000FEF7E6F9002010BD3802001010B5FEF7F1
:10BA9000F1F9002010BD000010B538B10549096A60
:10BAA000B0FBF1F0FEF718F9002010BDFEF7D0FF53
:10BAB000FAE7000038020010002804BF6FF0010010
:10BAC000704770B5164E154A002571780446012955
:10BAD00007D000BFFEF778F87178204601290ED113
:10BAE00009E0016821B16068904208BF0846F1D0C2
:10BAF0004FF0FF3070BD05604560FEF777FA094CE6
:10BB00004FF0FF31A068FFF7DDFC07488188491E30
:10BB10008180A068FFF7B4FC002070BD444523017C
:10BB20007C020010380200100222001070B5FEF7EF
:10BB300073F8B8B104461448124D4078012818BF74
:10BB4000204613D0114D04464FF0FF31A868FFF78F
:10BB5000B9FC0F488188491C8180A868FFF790FCD8
:10BB6000204670BD0BA1E22002F0E8FE0820FEF79F
:10BB700019FB002818BFC0E90045E3D11249E220B3
:10BB800002F0DCFE444523017C0200103802001064
:10BB9000022200106F73616C3A206D697373696ED5
:10BBA00067206D656D20666F722072746F73206FF1
:10BBB000626A20696E206F73616C5F74696D657273
:10BBC0005F6E6577282900004CB40508002819BF6E
:10BBD0000029002A6FF001007047F0B516461F4A91
:10BBE0000D461D49527887B0012A18BF044629D056
:10BBF0001B4AD5E90001176AC24372EA010204BF79
:10BC00004FF0FF30014603D03A460023C5F723FD2D
:10BC1000CDE90001A868B0FBF7F00290287B00286E
:10BC200018BF02980390306804907068059004AAC9
:10BC300069462046FEF70CF8FF281EBF002007B01B
:10BC4000F0BD04E0046814B140688842D0D007B069
:10BC50004FF0FF30F0BD0000444523017C0200108E
:10BC600038020010002804BF6FF00100704710B5C3
:10BC70000C490B4A4978012909D000BFFEF70CF89E
:10BC8000FF281CBF002010BD4FF0FF3010BD016821
:10BC90000029F9D04068904208BF0846EED0F3E78B
:10BCA000444523017C0200107047000070B50188F4
:10BCB0002A2941D3418A4FF4807399423CD1818A29
:10BCC000082939D1817D062936D1C17D042933D196
:10BCD000028B00F11204B2F5806F2DD00ADC4FF414
:10BCE000007500F12A009A4217D0AA4224D10422FA
:10BCF000124909E024304FF41065B2F5006F0FD0FF
:10BD0000AA4219D106220E49FDF72CFF002813D0B4
:10BD10002046BDE87040F6F75BBC0422074901E00D
:10BD200006220749FDF71EFF002805D029462046B8
:10BD3000BDE87040F6F780BC70BD00001423001011
:10BD40004C03001070472DE9F84304464188001D5C
:10BD50000E18258830462946F4F7EDFF28B93078CB
:10BD600048B3082801D1707810B10020BDE8F883ED
:10BD700005F12200F6F716FA00F1260700213970C6
:10BD80007970018580462A1F311D381DFDF7FAFEA6
:10BD900029463846F4F7CFFF7880A8F80050802372
:10BDA000009340460023012204F11E01FDF7CCFD63
:10BDB0004046F6F747FD0120D8E700002DE9F041A5
:10BDC000044600882A2816D304F12600FDF790F9CE
:10BDD000218D81420FD194F8260011280DD0122810
:10BDE00009D104F12A00FDF7D9F9002803D0022176
:10BDF000017000214170BDE8F08104220C4904F17A
:10BE00002200FDF7AFFE0028F5D00025094C0127E0
:10BE1000094E08E02078022803D12770204602F05E
:10BE2000B4FEA41D6D1C30888542F3DBE3E70000FF
:10BE300048FD050810250010420300102DE9F843C5
:10BE400005464188001D0C18A088F5F73DFD08281F
:10BE500048D30127284EDFF8A48047E03078022835
:10BE600042D16088F5F730FD718888423CD117F0E7
:10BE7000FF0737D0717905F11E09890724D5E088BD
:10BE800010B30022042105F12200F4F75FFF0246FF
:10BE900004214846F4F75AFF0146E87EF4F76AFFAA
:10BEA0008046A088F5F710FD4146F4F763FF804611
:10BEB000A088F5F709FD014642462046F4F746FF03
:10BEC000C0430004000C0DD12088F5F7FDFC0246AC
:10BED00028884946083883B20093B56804F10803FE
:10BEE0003846A847BDE8F8830C367F1C98F8000058
:10BEF0008742B3DDF6E70000803D00103C030010F0
:10BF0000084A30B4D2E90034591C01F01F01A142A3
:10BF100005D0054C44F82300116030BC704730BC9C
:10BF2000F6F790BCAC040010003F001010B50022E2
:10BF3000427091B1022914D0032918BF10BD0446E4
:10BF40008178012908BF02F0D9FD12480068E0B1EC
:10BF50002146BDE8104000F05FB8BDE8104002F097
:10BF6000CDBD0D498369C2690B604A6082688A60F1
:10BF7000C268CA600949026A0A60426A4A600A469F
:10BF8000BDE81040044902F019BD2046BDE810404C
:10BF900000F0C2BB8C030010C83D00105C03001011
:10BFA00050E8001F31B10B6840E80032002AF7D199
:10BFB00008467047BFF32F8FFAE700002DE9F041E4
:10BFC000134D04004FF0020610D02868A178012715
:10BFD0008278914214D901F07FFC286847706C6028
:10BFE0006670E078BDE8F04100F09EBA094800F0C4
:10BFF00075F868604670C078BDE8F04100F094BA0A
:10C0000067702146BDE8F041024801F043BC0000E2
:10C010006C030010803F0010814224BF42688A42B6
:10C020009CBF0120704702680A60BFF35F8F50E831
:10C03000003F0A689A4204BF40E80012002AF2D189
:10C040004FF0000070470000214810B4214A0168F9
:10C05000A9B321485278008802F1010C431C6345C2
:10C060002AD9801A4FF0010C401E2CEA000C501CFB
:10C070000CEB0204621C82420CD900BF01EB800C65
:10C080005CF804CCBCF1000F04BF10BC7047401C2E
:10C090008242F3D8104683420ED900BF01EB8002E2
:10C0A00052F8042C002A04BF10BC704751F820201D
:10C0B0005AB1801C9842F1D310BC00207047FFE7B2
:10C0C0005068411C516010BC704710BC401C704748
:10C0D000C003001064030010E00300100146406834
:10C0E00042684A600B780022622B18BF612B03D094
:10C0F000632B1CBF426070474368002B1CBF9960D4
:10C1000042608260704700000649074B48681B6820
:10C1100082789B789A421CBF0020704742684A6030
:10C1200070470000803F00106C03001010B581784C
:10C130000446012908BF02F0E1FC0648006818B176
:10C140002146FFF769FF02E0204600F0E5FA0020F3
:10C1500010BD00008C030010094900204860886071
:10C1600008490968002918BF887007480068002836
:10C1700008BF7047282205490988F5F7E7BF000086
:10C18000D83D0010880300108C03001090030010AD
:10C190000D4810B5006810B1FFF702FF02E028203B
:10C1A00000F08EFB002808BF10BD65210170002142
:10C1B0004170817041608160C160C0E9041181619A
:10C1C000C0E90711416210BD8C03001003484168AB
:10C1D00000290CBF4FF0FF3080687047D83D001039
:10C1E00002F0ECBB02F08ABC2DE9F0437E4F7F4D9C
:10C1F00000243868652687B0002874D010F8041B26
:10C200008900C5F75BFF3A68794894704168C9B105
:10C21000D1E906C36FEA0C0C7CEA030308BF0846A9
:10C220000DD04B6843608368D1F808C063448360D5
:10C23000937802EB830C5B1C9370CCF8041041687C
:10C240000029E5D190784FF0000800289CBF07B086
:10C25000BDE8F083386800EB88004068016A04910B
:10C26000416A0591C16859B1D0E90423511A63EBC1
:10C270000402CDE90012C1680291C168039115E082
:10C28000D0E906122B68D5F804C05B1A7CEB0203D8
:10C290003CBF0091CDE9012407D32A686968521C8C
:10C2A00041F100010092CDE901140394067044703D
:10C2B0008470446084600022C460C0E9042282610A
:10C2C000C0E9072404AA6946446202F077FB08F13A
:10C2D000010000F0FF08386880784045BAD807B000
:10C2E000BDE8F083FFE742484FF000084746416849
:10C2F000C14689B1D1E90623D24372EA03020EBFD7
:10C300000846791C8FB241680029F3D127B139461C
:10C310000420FDF737FD804635484168B9B100BFBC
:10C32000D1E90623D24372EA030208BF08460BD0C4
:10C330004A68426082688B681A44826048F8291013
:10C3400009F101011FFA81F941680029E8D14FF094
:10C350000009002F41D900BF58F82900016A049153
:10C36000416A0591C16859B1D0E90432591A62EBAA
:10C370000402CDE90012C1680291C168039115E081
:10C38000D0E906122B68D5F804C05B1A7CEB0203D7
:10C390003CBF0091CDE9012407D32A686968521C8B
:10C3A00041F100010092CDE901140394067044703C
:10C3B0008470446084600021C460C0E9041181611C
:10C3C000C0E9071404AA6946446202F0F7FA09F1C9
:10C3D00001001FFA80F9B945BED34046FDF7D4FCF1
:10C3E00007B0BDE8F08300008803001028020010A9
:10C3F000D83D00102DE9F047424E7068002808BF74
:10C40000BDE8F087B0680024401EDFF8FC80652797
:10C41000B0606DE0A868B0606868706068780028F7
:10C4200066D12A6A12B12846696A9047EA68002AEA
:10C4300052D0D5E90603C14371EA03012DD021464C
:10C44000801843EB0102C5E90602D8F80030D8F89D
:10C450000490B0EB030C2B4862EB09092346826879
:10C4600005E05046DAF808A01AEB02025941B2EB97
:10C470000C0A71EB090A04D2D0F804A0BAF1000F3B
:10C48000EFD141686960B2EB0C01A9604560816839
:10C49000AA68A1EB020181602AE01A4B2146986844
:10C4A00005E04B46D9F8089019EB00006141B0EB6C
:10C4B000020971EB040C04D2D3F80490B9F1000F17
:10C4C000EFD15968801AC5E901105D609868A968C4
:10C4D000A0EB010098600BE02F706C70AC706C608A
:10C4E0000020AC60C5E90400A861C5E907046C62DE
:10C4F000B068002818BFBDE8F0877568002D89D1A5
:10C50000BDE8F087D83D00102802001010B5EDF707
:10C51000D1FF034900280CBF01200020887010BD06
:10C520006403001070477047FF280CBF0120401CB7
:10C53000C0B206498978002908BF704704494A6893
:10C5400009688A4208BF7047EEF70CB86403001010
:10C550006C030010000000002DE9F04100282DEDD3
:10C56000048B04BF0020FEF74FF8002442484449E2
:10C57000048042480568687A00060860E87A002866
:10C5800018BF01203F4908703F49E86808606868A3
:10C5900003F0B6F80F46064647EC180B286803F080
:10C5A000AFF853EC182B03F0BFF89FED399B53EC19
:10C5B000192B02F005FF03F05FF83749421E0A60AD
:10C5C0003649086003F09CF847EC106B41EC180BFF
:10C5D00053EC192B51EC100B03F0A6F853EC182B6D
:10C5E00002F0EEFE03F048F82D49C1E900042D49A0
:10C5F000012008702C49686808602C48384904609C
:10C600002B4804602B4804802B4804602B4804808E
:10C610002B4804602B4804802B4804602B4804807E
:10C620002B4804602B4804602B4804802B4804608E
:10C63000287A0870042101EBC0000121FDF7A2FB5C
:10C640002849086028480460284804802848046075
:10C65000284804802848046028480460284804606A
:10C66000284804602848047028480470284804704A
:10C67000BDEC048BBDE8F081E00300101402001053
:10C68000E4030010F0030010EC03001000000000B1
:10C690000000000080842E41F403001024020010EA
:10C6A00030020010F8030010FC030010000400101A
:10C6B00088030010900300108C03001098030010F2
:10C6C00094030010A00300109C030010A8030010A6
:10C6D000A4030010AC030010B4030010B00300105A
:10C6E000BC030010B8030010C0030010C803001002
:10C6F000C4030010D0030010CC030010D8030010B6
:10C70000D4030010DC030010540300105503001084
:10C710005603001080897047FDF736BB104910B5ED
:10C720000B6883B1DFF83CC0DCF8081001EB800235
:10C73000D01A0D4B10301B8898420BD90D20FDF7F5
:10C7400063FF002010BD1021BDE8104001EB800008
:10C7500000F0B6B8084602F11001CCF8081010BD80
:10C76000A403001074030010A80300100C4810B5B7
:10C77000016881B10B4A0C4B10681B88411A1031BB
:10C7800099429EBF00F11001116010BD0D20FDF710
:10C790003BFF002010BDBDE81040102000F090B815
:10C7A0009403001074030010980300100C4810B597
:10C7B000016881B10B4A0C4B50681B88411A083143
:10C7C00099429EBF00F10801516010BD0D20FDF798
:10C7D0001BFF002010BDBDE81040082000F070B81D
:10C7E0009C03001074030010A003001070B51049E2
:10C7F000C01DC008096879B10E4A0F4BD4681B8868
:10C8000004EBC000411A994298BFD0600DD90D20A9
:10C81000FDF7FAFE002070BDC500284600F050F874
:10C82000044611222946C5F717FC204670BD0000BA
:10C83000CC03001074030010D003001010B516488C
:10C84000164C006820B1164920600988C5F736FCEF
:10C850001448006820B1144960600988C5F72EFCAF
:10C860001248006820B11249A0600988C5F726FC6B
:10C870001048006828B11049E06011220988C5F706
:10C88000EBFB0E480068002808BF10BD2061BDE822
:10C89000104000F02BBF0000940300107403001040
:10C8A000980300109C030010A0030010A4030010C4
:10C8B000A8030010CC030010D0030010AC0300103C
:10C8C0000121FDF75FBAFDF761BA0000034909686D
:10C8D000002918BF7047FFF71FBF00009403001026
:10C8E00003490968002918BF7047FFF715BF00000A
:10C8F000CC030010000000002DE9F04FB84F0024D9
:10C900002DED048B8BB0A1463868002804BF0020B1
:10C91000FDF77AFEB34EDFF8D0A2DFF8D0B2306870
:10C9200000281FBFDAF800000028DBF8000000280C
:10C9300003D14FF00000FDF767FE04A93868FDF74A
:10C9400027FA09A93868FDF76FFAD7F80080A849D7
:10C9500098F81000801C088098F80910090641EA30
:10C960000040A449086098F80B00002818BF012077
:10C97000A1490870A149D8F80C000860D8F8040053
:10C9800002F0BEFE054641EC180B0291D8F80000FB
:10C9900002F0B6FE53EC182B02F0C6FE9FED989BFA
:10C9A00053EC192B02F00CFD02F066FE9649421E74
:10C9B0000A609649086002F0A3FE41EC180B029948
:10C9C00053EC192B41EC105B51EC100B02F0ACFE58
:10C9D00053EC182B02F0F4FC02F04EFE8C490025BB
:10C9E000904BC1E900058B490120DFF83CE208705B
:10C9F0008949D8F80400086088480560BDF810101F
:10CA00008748D1B1326898F811C0026082F800C03E
:10CA100000684FF0040808EB8C0180F80180BDF835
:10CA20001000C1EB80021A8004EB910132680446C9
:10CA300002EB8101CEF8001003E005601D80CEF806
:10CA40000050BDF81210794A794B4FF6FF7000295B
:10CA500004BF15801D6009D000EA810CA2F800C057
:10CA60003268214402EB84028CB21A60BDF81410C3
:10CA7000704A714B002904BF15801D6009D000EA7F
:10CA8000810CA2F800C03268214402EB84028CB20F
:10CA90001A60BDF8161051B1684B00EA81022144BA
:10CAA0001A803268664B02EB84028CB21A60BDF8C1
:10CAB0001810644A002908BF156005D03368214466
:10CAC00003EB84038CB21360BDF81A105E4A5F4B0F
:10CAD000002904BF15801D6009D000EA810CA2F86E
:10CAE00000C03268214402EB84028CB21A60BDF8A7
:10CAF0001C305749574A002B04BF0D7015600BD0EE
:10CB0000D7F800C09CF808C081F800C0316801EB7C
:10CB10008401116019198CB2BDF81E104E4A00290B
:10CB200008BF156005D03368214403EB84038CB241
:10CB30001360BDF820304949494A002B04BF0D80DD
:10CB4000156006D000EA83030B80316801EB840195
:10CB50001160BDF82410434A434B002904BF1580DF
:10CB60001D6006D000EAC1001080DAF80000894696
:10CB70001860BDF826203D483D49002A04BF0560E5
:10CB80000D6006D0D2000260DAF8000000EBC900A8
:10CB9000086038680024002808BF2C460CD001A982
:10CBA000FDF74DF9BDF8040030B1DBF800401CB9C9
:10CBB0000421FDF7E7F804462E48002C046004BF6A
:10CBC0000020FDF721FD2C4805702C4805702C48ED
:10CBD00005700BB0BDEC048BBDE8F08F00000000C9
:10CBE00014020010180200101C0200102002001095
:10CBF000E0030010E4030010F0030010EC03001049
:10CC00000000000080842E41F40300102402001074
:10CC100030020010F8030010FC03001000040010A4
:10CC200088030010900300108C030010980300107C
:10CC300094030010A00300109C030010A803001030
:10CC4000A4030010AC030010B4030010B0030010E4
:10CC5000BC030010B8030010C0030010C80300108C
:10CC6000C4030010D0030010CC030010D803001040
:10CC7000D4030010DC03001054030010550300100F
:10CC8000560300102DE9F041384C20684578807833
:10CC9000002818BF012664D0206800EBC501486851
:10CCA0000278602A06D0612A28D0652A2AD0622A12
:10CCB0002CD042E007468968C0690843F8617A7859
:10CCC000396A062A02D0052A04D036E031EA00008B
:10CCD00033D103E0084230D008403862F869884315
:10CCE000F861384600F053FE7E700221384600F0AD
:10CCF00045FE39461E4800F0CDFD1EE0896800F073
:10CD000027FC1AE08968FFF711F916E0416871B154
:10CD1000FFF7E4F9074600F03AFE38467E7003213B
:10CD200000F02CFE3946124800F0B4FD05E0817891
:10CD3000C27891423CBF491C817020686D1CC0784C
:10CD4000854208BF00252068801CD0E84F1F491E7F
:10CD5000C9B2C0E8421F002AF5D1206880780028B7
:10CD60009AD120684570BDE8F0810000B80300103A
:10CD7000803F0010C37882788B423CBFFF20704711
:10CD8000914204BF002070474268817000207047C4
:10CD90002DE9F84F074682480025DFF80882056034
:10CDA000A8F10800C8F800507F4AC8F80450457040
:10CDB0000E46156055607D48056085807C48016899
:10CDC000C9B17C4BB3F800C0BCF1000F13D00020F8
:10CDD0001CF001021CBF0D60012062450BD200BF98
:10CDE00041F82050401C921C41F82050B3F800C07C
:10CDF000401C6245F4D3704C206820B16F49482232
:10CE00000988F5F7A3F96E48006840B16D490988B3
:10CE100089B241F000426C490968F5F797F96B480F
:10CE2000006820B16A4908220988F5F78FF9DFF810
:10CE3000A4A14FF0FF0900218AF80390F068CAF816
:10CE400040007089AAF83A007068CAF82400306976
:10CE5000CAF834005046326800F0DAFA5E486421BD
:10CE6000017045605D480170C56005614561DAF893
:10CE70003C002030C3F7B4FA0220C8F800A08AF8BA
:10CE80000100574857490068057045700978C1701E
:10CE900055485649056009680161FFF75DF9544836
:10CEA000016841F47F01016000684FF07F4101EAB1
:10CEB00000205049C043B0FA80F00968C0F1080072
:10CEC000C1F30221814228BF481C4B490A686FF018
:10CED000807303FA00F062F317000860FDF708FEA4
:10CEE0004649002808600EDB00F1E02181F800943B
:10CEF00000F01F01012202FA01F14009800000F157
:10CF0000E020C0F8001100F081FC3E7AB7F80A80FA
:10CF1000D7F810B038680090D7F804A0D7F80C9074
:10CF2000FFF792F8070008BFBDE8F88F002E08BF92
:10CF30000126206840B1FFF733F804000CD1BDE8AA
:10CF4000F84F0D20FDF760BB48200121FCF71AFFC8
:10CF5000040008BFBDE8F88FC4F84090C4E90C5B3A
:10CF6000A4F83A80C4F824A03146009A00F050FAA0
:10CF70000F48006800281CBF00EB870040F8044CF5
:10CF8000F8B21F49E070897821B1401CC0B2616CD1
:10CF9000EDF7CEFA2046BDE8F84FFFF70FB80000D6
:10CFA000B80400106C03001028020010BC0400102C
:10CFB000C0030010E0030010B0030010B403001021
:10CFC000D4030010E4030010D8030010C4030010C1
:10CFD000C8030010E43D0010803F0010983F00108F
:10CFE000B8030010BC030010B03F0010E8030010AD
:10CFF00020ED00E00CED00E01CED00E05803001017
:10D000006403001030B44FF0E02200239361DFF896
:10D010002CC01A184B41DCF80000DCF8041082EA3E
:10D02000000483EA01052C4304BF30BC7047CCF8F0
:10D030000020CCF8043030BCFFF7D6B8280200102E
:10D0400038B54FF6FF74012828D14FF0E025286944
:10D0500000901848DFF860C0184902680120184B9A
:10D06000002A09DA05222A618CF80000086802EA21
:10D0700090601870400610E002F01F0500FA05F5F8
:10D080005211920002F1E022C2F880518CF80000A7
:10D090000868C0F300701870C00608600948C168CD
:10D0A000002918BF4469FFF791F8A04288BF2046C5
:10D0B00038BD0000580300105403001004ED00E0D8
:10D0C00056030010983F00102DE9F05F1D46914671
:10D0D0008A4683461E78B3F80280FEF7B5FF071E26
:10D0E00008BFBDE8F09F002E08BF01261D4800685C
:10D0F00038B1FEF755FF040009D10D20FDF784FA81
:10D100002CE048200121FCF73DFE040026D0002041
:10D1100020636868C4F840906063A4F83A805A4677
:10D1200031462046C4F824A000F072F90E48006889
:10D1300000281CBF00EB870040F8044CF8B20B49F4
:10D14000E070897821B1401CC0B2616CEDF7F0F954
:10D150002046FEF733FF2046BDE8F09F0020BDE8E3
:10D16000F09F0000B0030010C00300106403001023
:10D17000002804BFFF2070472DE9F05FDFF8D4B12D
:10D18000054690F80390DFF8C8A10027DBF80000FF
:10D190004FF00108B9F1000F1CBFC17849456DD1AE
:10D1A0004770C3F720F9DBF80010C86300F01EFCDD
:10D1B000DBF80000846A0CB36068C0B12046FEF75B
:10D1C0008DFF0646052100F0D9FB304600F0DFFB5D
:10D1D00086F801803146604800F05CFBE168A4F805
:10D1E0000280A660B06AE060B4620C4604E0E068C9
:10D1F0006780A760E7600446002CDDD1DAF8000004
:10D2000030B1DBF80010C97800EB810040F8047CF5
:10D210005248006828B1DBF80010096CFEF7FCFEEC
:10D2200004E0DBF80000006CFFF75AFBDBF80000BD
:10D230004B490764897831B1C178491CCAB2416C45
:10D240001046EDF7A5F9DBF80000077045480068C7
:10D2500028B12F63DBF80010FEF7DEFE08E0286B34
:10D2600010B1FCF791FD2F63DBF80000FCF78CFD9B
:10D270000020CBF80070FEF7A1FE66E0284600F023
:10D280009DFB284600F083FBAC6AFCB16068B8B136
:10D290002046FEF723FF0646052100F06FFB3046CF
:10D2A00000F075FB86F8018031462B4800F0F2FA59
:10D2B000E068A4F80280A660B16AE160B46203E0AD
:10D2C000E0686780A760E7600400DFD1DAF800005B
:10D2D00000281CBF00EB890040F8047C1F48006850
:10D2E00018B1296CFEF798FE02E0286CFFF7F8FAF7
:10D2F0001B482F64807828B1E878696C401CC0B264
:10D30000EDF746F917482F70006820B129462F63C2
:10D31000FEF782FE07E0286B002808BFFCF734FD0B
:10D320002846FCF731FD0C4840688178DBF80000A6
:10D330008278914209D980F801800748DBF8001013
:10D3400000F0A8FA0020FEF739FE0020BDE8F09FAB
:10D35000C00300106C030010803F0010D4030010C5
:10D3600064030010B003001010B5040008BF10BD26
:10D37000206B00281CBF206B10BD0848006838B126
:10D38000E17801EB410100EB41106038206310BDF2
:10D3900060200121FCF7F6FCF8E70000DC03001038
:10D3A00070B5040004BFFF2070BD144D2868A04272
:10D3B00011D18170286880F82C101148406880785D
:10D3C000884219D90E48296800F064FA29680120BA
:10D3D000487000200EE0A17084F82C102868A0424C
:10D3E000EBD0204600F082FA6078012804D104488E
:10D3F000FEF774FEFEF7E2FD002070BD6C03001026
:10D40000803F001001480068704700006C03001066
:10D4100070B504466020207001206070A17084F80F
:10D420002C1000206060A060E0602061A06260615C
:10D43000A061E061206284F83800206C1546002865
:10D440001CBF608F002803D14FF01100FDF7DCF8FE
:10D4500029462046BDE87040AFF3008030B4428FCB
:10D46000374C930804BF2288C2F38D03026C02EB91
:10D47000830212F0040F18BF121F4FF0807C42E9A4
:10D48000021C4FF0000C42F840CDC2F804C0C2F8B4
:10D4900008C0C2F80CC0C2F810C0C2F814C0C2F86C
:10D4A00018C0C2F81CC0C2F820C0C2F824C0C2F81C
:10D4B00028C0C2F82CC0C2F830C0C2F834C0D0F8BE
:10D4C00024C0C2F820C0C2634164216811F0805FAB
:10D4D00018BF112B2FD9103B4FF0FF3101EB530533
:10D4E0004FF0010C4FF0CC31BCEB530F1ED04FF07E
:10D4F000000C15F0010F05D042F8041C42F8081C7E
:10D500004FF0010C6B100FD0CCF1000402EBC404FF
:10D510005B1E44F8041C44F8081C44F80C1C44F836
:10D52000101C0CF1020CEFD1A2EBC502036C121F10
:10D530009A4288BF11600349006C016030BC70479B
:10D54000E4030010A52E5AE2C1898089081A7047A9
:10D550002DE9F0410446406800260F4604F10C0511
:10D56000002845D060784FF0010801282BD0022810
:10D5700018BFBDE8F0812046FEF7B0FD0746002148
:10D5800000F0FCF92189786A04EB8101C1F81000F0
:10D59000D5E85F0F401C81B2C5E8501F0028F7D1C5
:10D5A0002089401C80B22081E189884208BF268101
:10D5B00087F80180384600F0EAF93946BDE8F041C5
:10D5C0001B4800F067B92046FEF788FD0446406A14
:10D5D00004210760204600F0D1F984F8018020463C
:10D5E00000F0D5F92146BDE8F041114800F052B9EC
:10D5F000A089E189884215D2208904EB8000076167
:10D60000D5E85F0F401C81B2C5E8501F0028F7D154
:10D610002089401C80B22081E189884208BF268190
:10D62000BDE8F0810320BDE8F041FDF751BA0000EC
:10D63000803F00102DE9F04104464088294E002823
:10D6400026D0A068816AA14206BFE16881620029F4
:10D6500007D0CA68A24202D1E268CA6001E01100A4
:10D66000F7D190F82C10826A4AB15368002B1CBF86
:10D670009B788B4288BF1946D268002AF5D1827800
:10D680008A4205D081703168814218BF00F02EF9BE
:10D690000127606888B12046FEF720FD054600217D
:10D6A00000F06CF9284600F072F96F7029460E48B8
:10D6B00000F0F0F860680028EDD10B48406860B1D8
:10D6C000316880788A78904207D9074800F0E2F8FC
:10D6D000306847700020FEF771FC00202070BDE824
:10D6E000F08100006C030010803F00106321017086
:10D6F0000021418041608160C16070472DE9F041A7
:10D700000446408820B1344DA1682A68914202D075
:10D71000FF20BDE8F081401E0004000C608057D15E
:10D720002968886AA04206BFE0688862002807D09E
:10D73000C268A24202D1E268C26001E01000F7D1E3
:10D7400091F82C20886A48B14368002B1CBF9B7855
:10D75000934288BF1A46C0680028F5D18A70DFF866
:10D760007C806068012728B32046FEF7B7FC064698
:10D77000052100F003F9304600F009F96780A66042
:10D78000B06AE060B4622968D8F80420887892789A
:10D79000904228BF304619D2104800F07BF831463D
:10D7A0000E4800F077F82868477077700020FEF781
:10D7B00005FC0DE0D8F8040029688078904207D96C
:10D7C000064800F067F8286847700020FEF7F6FB6F
:10D7D0000020BDE8F08100006C030010803F0010C5
:10D7E000084810B5026801215170006800F074F813
:10D7F000FFF748FA0448FEF771FCBDE8104000F05E
:10D800000FB900006C030010803F0010054801783C
:10D8100000291EBF0121417070474FF0805002491E
:10D82000086070475403001004ED00E0F0B4184D98
:10D830002B6803F1020CDC78DCE84F2FA24210D1F8
:10D84000BFF32F8F2B6893F803C0944581BF03EB80
:10D85000C202C2E90101F0BC70470220F0BCFDF732
:10D8600037B9521CD6B2CCE8426F002AE4D100BFCF
:10D87000D3E84F2F02F1010CA44508BF4FF0000C74
:10D880000CF0FF06C3E84C6FBCF1000FF0D1D9E7F4
:10D89000B803001010B402784FF0000C622A1ABFCF
:10D8A000612A632A4FF0010C8B78426822B1947888
:10D8B0009C4228BF1046F8D24A604160BCF1000F7C
:10D8C00001BF0020886010BC7047002A18BF91601B
:10D8D000886010BC7047000003494A68426000221B
:10D8E0008260486070470000803F001010B4836879
:10D8F00023B11A781946602A07D00AE04178012935
:10D900000EBF1D4910BC704703E089680A78602A81
:10D91000FBD0002B08BF184A07D042685A60426803
:10D92000002A1CBF8368936007E05368834202D1DA
:10D930004368536001E01A00F7D10A780023622A95
:10D940001ABF612A632A012390F802C04A6822B1F3
:10D950009478644528BF1146F8D242604860002B95
:10D9600001BF0021816010BC7047002A18BF906081
:10D97000816010BC70470000803F001090F8382094
:10D98000C06B002A14BF603020300160704701690D
:10D99000002908BF7047C268CA60C3680022002B14
:10D9A00008BF4A6107D04B69D0F814C063444B618B
:10D9B000C3681961C2600261704700008168002974
:10D9C00008BF094907D042684A60416800291CBF66
:10D9D0008068886070474A68824202D14068486027
:10D9E00070471100F7D17047803F00100948407A16
:10D9F000002808BF704708480068D0E90F1081422E
:10DA000004D300680549884208BF70470120FDF72C
:10DA10005FB80000D82100106C030010A52E5AE258
:10DA20000349486002214170C078FEF77DBD0000C7
:10DA30006C03001038B52D48012102685170006850
:10DA4000FFF74AFF2A482B4C007828B32A482B4975
:10DA500003684A68002193420DD00260026923687E
:10DA6000D4F804C0D21841EB0C03B2F1010C43F11D
:10DA7000FF32C0E902C2D0E9025C226863686A40F2
:10DA80008CEA03031A4307D101601C48FEF726FB0A
:10DA900001461A48FFF7FEFE19480168491C01605B
:10DAA000EFF3108000F0010072B60090206861680A
:10DAB000401C41F1000120606160009800B962B62D
:10DAC000FBF718FCFEF796FC0E4C206810F0805F08
:10DAD00005D0FFF7D7F8206840F0006020600748C5
:10DAE000FEF7FCFABDE83840FFF79ABF6C03001060
:10DAF000F003001028020010B03F0010803F00101B
:10DB0000B804001004ED00E070B5FEF7FDFA040063
:10DB100008BF70BD074D08482968FFF7BBFE29689C
:10DB20000120487002206C606070E078BDE87040B1
:10DB3000FEF7FABC6C030010803F001070B5FEF7D2
:10DB4000B3F827480078012801D1F4F7C5FC25492E
:10DB5000D1E90020824241D0234A52F82040401CA3
:10DB600000F01F004860208A082806D0B0F5C16F79
:10DB70002FD12046FEF79AF82BE000212046FBF734
:10DB80002FFE10B304F11E00042200210546FCF70D
:10DB90000FF828B9012204F10A012846F4F754FBD2
:10DBA000E07E012806D0022808D006280ED01128D1
:10DBB0000FD107E02046FEF7C6F80AE02046C3F77B
:10DBC0008CFB06E02046C3F745FC02E02046FEF74A
:10DBD000B9F82046BDE87040F4F734BE70BD0000CF
:10DBE0002F030010AC040010003F00102DE9F0419D
:10DBF00016480078002826D015480178491E11F0F3
:10DC0000FF0101701FD113490025134F09780170DE
:10DC10004FF00208114E13E005EB450007EB4004FE
:10DC2000207801280BD1607848B1401E10F0FF0029
:10DC3000607004D1A01CFBF7CFFA84F800806D1C43
:10DC400030888542E8DBBDE8F08100002E0300103B
:10DC50002A0300103A0300101025001042030010A0
:10DC60000846F9F769B830B49C4614460846214680
:10DC7000029B30BC6246F9F7C1B830B49C461446EA
:10DC800008462146029B30BC6246F9F7F7B8C3F755
:10DC90005DBC0121C3F714BC002070470020704711
:10DCA00010B50020F4F702FEF4F728FE002010BDA6
:10DCB000F0B505464648474E00EB850083B056F860
:10DCC000257044683846F3F751FDADF8080094F824
:10DCD000280094F82210884208D202A9E06AF9F7D5
:10DCE000E1FF94F82800401C84F82800C1B294F8A1
:10DCF0002220002091424BD184F8280094F829007A
:10DD0000401E10F0FF0084F8290014BF00270127EF
:10DD1000606AF9F773FE012804BF606AF9F7BBFF78
:10DD2000E06AF9F740FE626A01461046F9F7BAFF69
:10DD3000E06AF9F719FE002F18BF56F8257021D0B8
:10DD400080213846F3F7FEFC0128F9D0002138463F
:10DD5000F3F78DFC56F8250000226021F3F7F9FC5B
:10DD6000206BF9F701FE607A94F8231010FB01F1A3
:10DD7000606BC4F781F9D4E90510002918BF884702
:10DD800003B0F0BDD4E90C01F9F702FF03B0F0BD18
:10DD9000ADF8000094F8231001290CD00022694648
:10DDA000206BF9F734FE00BFBDF800103846F3F7DA
:10DDB000DFFC03B0F0BD8DF80400002201A9206B48
:10DDC000F9F725FE9DF80400ADF80000ECE700002F
:10DDD000883E0010680106082A49C0B210B501EB60
:10DDE00080004468607CF6F7FFFCE07D002204F1CF
:10DDF0002201F7F7A1F8207B70B104281CD0052878
:10DE000018BF002021D0A0616168002908BF10BDA3
:10DE1000A068BDE81040084794F8220094F8231049
:10DE20004006400A40EA012094F8241001F0E00185
:10DE300008434009A061E7E794F8231094F8220012
:10DE400001F07F0140EA0120DDE794F8242094F8F6
:10DE50002530D20242EAC30294F82630618C42EAAD
:10DE6000531203F0030363F3070094F8273049BA11
:10DE7000218763F30F20A26184F83A00000A84F836
:10DE80003B00C1E7B02200100B49C0B210B501EB56
:10DE900080004468607CF6F7A7FCE07D002204F176
:10DEA0002801F7F749F86168002908BF10BDA0688C
:10DEB000BDE8104008470000B0220010F8B5C5B218
:10DEC0001248012100EB85067468D4F81200F5F7BA
:10DED0009FFEE07D00226946F7F72EF87468002166
:10DEE000D4F81200F5F794FEE07D2A460849F7F7CA
:10DEF00095F9E07D0321F7F70BFAE07D0549F7F787
:10DF0000DDF9E07D0121F7F71BFAF8BDB022001022
:10DF100089DE05084FFB050870B5C5B2134801211D
:10DF200000EB85067468D4F81200F5F771FEE07D09
:10DF3000002204F11C01F6F7FFFF74680021D4F8F9
:10DF40001200F5F765FEE07D2A460949F7F766F904
:10DF5000E07D0421F7F7DCF9E07D0649F7F7AEF93B
:10DF6000E07DBDE870400121F7F7EAB9B02200106A
:10DF700079DF050852FB0508F8B5C5B2264801212E
:10DF800000EB85067468D4F81200F5F741FEE07DD9
:10DF9000002204F12201F6F7CFFF94F8230094F851
:10DFA0002410000440EA012094F8251008430009D9
:10DFB000A061746894F83600401C84F8360094F828
:10DFC000360000F001002044807B84F8350094F88E
:10DFD0003500002804BF762084F835000FA00068C3
:10DFE000009094F835008DF80100D4F8120000215B
:10DFF000F5F70EFEE07D2A460949F7F70FF9E07DB7
:10E000000221F7F785F9E07D6946F7F757F9E07DDA
:10E010000121F7F795F9F8BDB02200109700000034
:10E02000BDDE050870B51A49002801EB80014C6877
:10E030000CBF184D184DE16900291CBF206A8847A4
:10E04000002084F82D0084F82E004FF4004128466B
:10E05000F2F718FC4FF400612846F2F713FC4FF476
:10E0600080612846F2F70EFC4FF400712846F2F763
:10E0700009FC4FF480712846F2F704FC0821284679
:10E08000F2F700FC686840F00400686070BD0000B2
:10E09000A43E001000640040006800402DE9F043F9
:10E0A00085B04FF0000804002D48CDF8008000EB4B
:10E0B0008400CDF80480CDF80880CDF80C80CDF830
:10E0C000108045680DF10A066F6A0CBF13203F20CF
:10E0D000FAF71AFD85F82F803846F9F73DFE00283B
:10E0E0001CBFDFF88080DFF8809024D03846F9F735
:10E0F00072FC0188002CC1F30A0100918179317012
:10E100008168CDF80B10C068CDF80F000CBF4046F9
:10E1100048466946F2F79CFD04280CD03846F9F7CA
:10E12000BAFD296900291CBF686988473846F9F794
:10E1300013FE0028DAD13846F9F70EFE002804BF96
:10E1400005B0BDE8F083002C0CBF13203F20FAF788
:10E15000E8FC012085F82F0005B0BDE8F083000041
:10E16000A43E00100064004000680040F0B5064680
:10E170001D4883B0FF2140680127002500788DF8F5
:10E1800008101A492C46D1E90823062161F31742E9
:10E1900002A9CDE90017BE21FAF7A2F89DF8080000
:10E1A00010F0400F08BF012510F0100F08BF012428
:10E1B00055EA040002BF377003B0F0BD65B1002D11
:10E1C00004BF03B0F0BD002C08BF032009D01CBF62
:10E1D0000420307003B0F0BD002C12BF022003B049
:10E1E000F0BD307003B0F0BDCC040010640306082D
:10E1F0002DE9F0432D4985B049680F782C49D1E9C4
:10E200000448002105280ED2DFE800F0030D0509BF
:10E210000B009F2000E040208DF8080005E0202042
:10E22000FAE76020F8E78DF80810012565F3070488
:10E230001C2003AE60F31744CDE900654346224637
:10E24000BE213846FAF74CF80DF10809CDE90095E2
:10E2500043462246BE213846FAF77EF8CDE90065EE
:10E2600043462246BE213846FAF73AF865F30704DA
:10E270002C2060F31744CDE9006543462246BE21B9
:10E280003846FAF72DF8CDE9009543462246BE21DF
:10E290003846FAF761F8CDE9006543462246BE21CB
:10E2A0003846FAF71DF805B0BDE8F083CC0400103D
:10E2B000640306082DE9F0410100354886B0406846
:10E2C00006783448D0E906474FF000008DF8080082
:10E2D0008DF80C0004BF06B0BDE8F08104200129D0
:10E2E00008BF8DF8080050D00622022908BF8DF81B
:10E2F00008204AD0032907BF8DF808008DF80C20AC
:10E3000006B0BDE8F081012565F307041D200DF17D
:10E31000100860F31744CDE900853B462246BE2134
:10E320003046F9F7DDFF02A8CDE900053B4622465D
:10E33000BE213046FAF710F8CDE900853B4622466B
:10E34000BE213046F9F7CCFF65F307042D2060F3BA
:10E350001744CDE900853B462246BE213046F9F7F9
:10E36000BFFF03A8CDE900053B462246BE2130464B
:10E37000F9F7F2FFCDE900853B462246BE21304643
:10E38000F9F7AEFF06B0BDE8F0818DF80C00BAE7F2
:10E39000CC0400106403060810B5134890B044681C
:10E3A0004FF4967000902178607AF9F759FE0028B2
:10E3B00017D00098411E00910DD20CA317A2402146
:10E3C0006846C3F7D7F96946E520FAF703FC10B0B1
:10E3D0004FF0FF3010BD2178607AF9F741FE002838
:10E3E000E7D110B0002010BDE4040010735F686C2A
:10E3F0005F636869705F78785F656570726F6D5F85
:10E4000077616974656570726F6D7374616E646253
:10E410007973746174652829000000006565707265
:10E420006F6D2074696D656F757420696E206675F7
:10E430006E6374696F6E2025730000000844704796
:10E440000844D15C0170704700EB4100704700EB5D
:10E45000410032F813100180704700EB81007047D3
:10E4600000EB810052F823100160704700EBC100FF
:10E47000704700EBC10002EBC301D1E90021C0E904
:10E480000021704700EB0110704700EB011002EB18
:10E490000311D1E90023C0E90023D1E90221C0E939
:10E4A000022170472DE9F041154901EB800674689F
:10E4B0002179D9B91349254651F820104F6891F9AF
:10E4C00002803846F3F720FB00213846F3F708FBBB
:10E4D0006879FF2807D0002201213846F3F7B2FC03
:10E4E0004046FAF711FB716803200875A1680029FE
:10E4F00008BFBDE8F081E068BDE8F04108470000D2
:10E50000B03E0010380400102DE9FF4FF74991B0DC
:10E51000174651F820404FF08070C11100902046FE
:10E52000F2F72AFF4FF0FF36C8B100994A1E009259
:10E530000ED2EF4B402103F118026846C3F71AF9D7
:10E540006946E520FAF746FB15B03046BDE8F08F86
:10E550004FF400312046F2F70FFF0028E5D117F005
:10E56000FF0F00F0BB804FF0000BD946129D012138
:10E570002046CDF804B0F2F7EDFEDFF878A34FF4B3
:10E58000803851462046CDF80080F2F7CAFE48B9DF
:10E590000098411E009127D351462046F2F7C1FE54
:10E5A0000028F5D05A4629462046F2F763FFD249A3
:10E5B0002046CDE90081F2F7B4FE48B90098411E2B
:10E5C000009111D320460199F2F7ABFE0028F5D057
:10E5D0000025F8B2AA46CDF80490CDF800900128A5
:10E5E00011D0022814D01AE0C44B4021A3F1240218
:10E5F0006846C3F7BFF86946E520FAF7EBFA15B0AD
:10E600003046BDE8F08F0125380C8DF8000006E09B
:10E610000225380C010A8DF800108DF801002F003A
:10E62000E94618BFDFF8D8B22ED035B1681EC5B2A2
:10E63000CA46781E09F1010987B29AF800102046EF
:10E64000F2F720FF59462046CDF80480F2F769FE24
:10E65000C0B90198411E01910ED2AA4B4021A3F1ED
:10E6600048026846C3F786F86946E520FAF7B2FA29
:10E6700015B03046BDE8F08F59462046F2F751FEFE
:10E680000028E6D0002FD0D1002501212046F2F746
:10E690006AFECDF80080208810F4007F0AD0009830
:10E6A000411E009102D24FF0FF3503E0208810F4A4
:10E6B000007FF4D12046F2F774FE009075B1924BC2
:10E6C0004021A3F168026846C3F754F86946E52083
:10E6D000FAF780FA15B02846BDE8F08FDDE91E5143
:10E6E0000020129B894A00904FF6FF7C019001297F
:10E6F0000CD002294AD0CDF804C0208840F48070A4
:10E700002080A08A10F0010F7ED095E0CDF804C0E3
:10E71000208840F480702080A08A10F0010F07D17B
:10E720000198411E019170D3A08A10F0010FF7D01B
:10E7300043F00100107010782082CDF804C0A08A48
:10E7400010F0020F07D10198411E01915DD3A08AFC
:10E7500010F0020FF7D0208820F48060208072B67D
:10E76000208B0090208840F40070208062B6A08A40
:10E7700010F0400FFBD0208A2870208810F4007F12
:10E78000FBD1208840F48060208081E0208840F424
:10E7900000602080CDF804C0208840F48070208084
:10E7A000A08A10F0010F07D10198411E01912CD3CE
:10E7B000A08A10F0010FF7D043F00100CDF804C09B
:10E7C000107010782082A08A10F0020F07D10198F3
:10E7D000411E01917BD3A08A10F0020FF7D072B6D0
:10E7E000208B0090208820F48060208062B6A08A70
:10E7F00010F0040FFBD072B601212046F2F7B3FDF2
:10E80000208A287062B601E00EE060E0208A68701D
:10E81000208810F4007FFBD1208840F480602080A5
:10E82000208820F4006032E00198471E01974ED303
:10E83000A08A10F0010FF7D043F00100CDF804C01A
:10E84000107010782082A08A10F0020F07D1019872
:10E85000421E01923BD3A08A10F0020FF7D0208B0A
:10E86000009069B1032917D0A08A10F0040FFBD0E3
:10E87000208A491E05F8010B03290DD00029F1D18A
:10E88000208810F4007FFBD1208840F48060208035
:10E8900015B00020BDE8F08FA08A10F0040FFBD067
:10E8A000208820F48060208072B6208A05F8010B51
:10E8B000208840F400702080208A05F8010B62B6A1
:10E8C000A08A10F0400FFBD0208A2870D8E710A350
:10E8D000194A40216846C2F74DFF6946E520FAF71C
:10E8E00079F915B03046BDE8F08F0000D402060873
:10E8F000D085050801000300820007000C8605088A
:10E90000840007003086050850860508C4040010FE
:10E91000735F493243526F7574696E65735F493234
:10E92000435F4D61737465725F42756666657252CE
:10E930006561642829000000E8850508104E0D4631
:10E940000446B1780020022902D0032905D008E04E
:10E950000020FBF7C5FF0320B070FCF78BF8FCF735
:10E960002BF8084B214625B1DB6A2A463BB1984774
:10E97000FEE7DB6A04A20BB19847FEE7FEE7FEE77D
:10E98000380200107C020010756E73706563696652
:10E99000696564206D65737361676500FCF76AF8EB
:10E9A0000449C96908600448006B08B18047FEE764
:10E9B000FEE70000380200107C0200102DE9F05F35
:10E9C0005FEA00080E4692461BD0D6E90045DFF804
:10E9D00024910027E04370EA05000ED0B268A11828
:10E9E000D9F8002045EB0700D9F80430511A73EB31
:10E9F000000009D3F06838B903E0D6E90201C84243
:10EA000002D1FF20BDE8F09FE14371EA05004AD042
:10EA1000B068002808BFF0682418D9F800007D41CC
:10EA2000D9F80410001B71EB050017D3D6F80CB011
:10EA3000D9F80000D9F80410001B61EB05013C4631
:10EA40005A460023C2F707FED9F80000D9F804108F
:10EA50001BEB00006141841A61EB0305D9F800004B
:10EA6000D9F80410B4EB000965EB010B98F802002B
:10EA7000012804BF404600F041F8012088F8020058
:10EA8000F068C8E90304C8E90554C8F81C50DAF86E
:10EA90000000C8F82000DAF80400C8F8240016487E
:10EAA0003A4681680CE0D6F80890B9F1000F08BF2B
:10EAB000D6F80C90BB46D9E718469B6859185741C1
:10EAC000B1EB090377EB0B0302D24368002BF3D1C0
:10EAD0004268B1EB0901C8E90121C0F804808168EE
:10EAE000D8F80820A1EB020181604FF00000BDE8DA
:10EAF000F09F000028020010D83D00108178002906
:10EB000004BF0020704710494A68824204D01100B7
:10EB100018D04A688242FAD142684A608A6883689B
:10EB20001A448A6065210170002141708170416042
:10EB300081604161C0E903118161C0E9071141624F
:10EB400008467047FF207047D83D001000207047EE
:10EB50000846F7F783BE0846F7F7ACBE0846D1B2C1
:10EB60001A46F7F7B5BE08461146F7F769BF10B564
:10EB70000C4600210220F5F7ADF82046BDE8104014
:10EB8000F7F7A8BD0846F8F763B800210A4643180E
:10EB9000491C9B7804291A44F9DB02F03F01322911
:10EBA00000D33239491C4170704710B50446FDF757
:10EBB000B9FC2046FDF7BAFAFDF7B5FC002010BD00
:10EBC00010B5FDF7AFFCFDF7E3FA0446FDF7ABFC2B
:10EBD000204610BD70B514460D460646FDF7A2FC52
:10EBE000224629463046FDF7FBFA0446FDF79BFC1A
:10EBF000E0B270BD10B50446FDF794FC2046FDF769
:10EC0000F1FA0446FDF78FFCE0B210BD10B50446E2
:10EC1000FDF788FC2046FAF7B1FBFDF784FC0020E5
:10EC200010BD10B5FDF77EFCFAF7ACFB0446FDF70E
:10EC30007AFC204610BD70B50C460546FDF772FC07
:10EC400021462846FAF7A4FBFDF76DFC002070BDB5
:10EC500070B514460D460646FDF764FC012C0CBF4A
:10EC60000122002229463046FAF7BCFB0446FDF794
:10EC70005AFCE0B270BD10B50446FDF753FC2046C7
:10EC8000FAF7D2FBFDF74FFC002010BD10B5FDF7E1
:10EC900049FCFAF7D7FBFDF746FC002010BD10B584
:10ECA0000446FDF73FFC2046FEF74EFC84B2FDF71C
:10ECB0003AFC204610BD70B50546FDF733FC2846EA
:10ECC000FDF72CFD04001CBF2946FAF7D1FBFDF728
:10ECD0002AFC204670BD70B514460D460646FDF769
:10ECE00021FC224629463046FAF722FC0446FDF76D
:10ECF0001AFCE0B270BD70B514460D460646FDF72D
:10ED000011FC224629463046FAF7BEFB0446FDF7C1
:10ED10000AFCE0B270BD10B50446FDF703FC2046C6
:10ED2000FDF7F8FC84B2FDF7FEFB204610BD10B5E0
:10ED3000FBF72AF8002010BD10B50446FDF7F2FBE2
:10ED40002046FDF753FD0446FDF7EDFB204610BDC0
:10ED50000121FBF717B8FBF719B80000F0B587B031
:10ED60000E460746FDF7DEFB0020CDE90200054612
:10ED7000EFF3108000F0010072B6274C0490A069F8
:10ED8000E169CDE902014FF0E0208169009123495A
:10ED900009680191C1F3806159B1806900990190BE
:10EDA000884206D2DDE90210491C40F10000CDE99D
:10EDB0000210049800B962B60020CDE90400CDE944
:10EDC000040060690099401AD4E90812A0FB013CD4
:10EDD00005FB01C100FB0210CDE90430DDE90401AF
:10EDE0000F4A0023C2F737FCCDE904016068DDE972
:10EDF00002324068A0FB031C05FB03C300FB023387
:10EE0000DDE904208A1843413A603360FDF78BFB4B
:10EE100007B00020F0BD00001002001004ED00E07B
:10EE200040420F0010B5FDF77DFBFDF79FFC04008D
:10EE300018BFFEF75BFCFDF776FB204610BD70B5F2
:10EE40000546FDF76FFB2846FEF7F4FB044628460F
:10EE5000FDF73CFDFDF767FBE0B270BD10B5044661
:10EE6000FDF760FB2046FEF749FC0446FDF75BFB1F
:10EE7000E0B210BD70B50C460546FDF753FB2146C8
:10EE80002846FAF7B9FB0446FDF74DFBE0B270BD2A
:10EE90002DE9F04186B00E460746FDF743FB002002
:10EEA000CDE902000546EFF3108000F0010072B6D4
:10EEB000294C0490A069E169CDE902014FF0E020FE
:10EEC00081690091254909680191C1F3806159B1B7
:10EED000806900990190884206D2DDE90210491C40
:10EEE00040F10000CDE90210049800B962B600209C
:10EEF000CDE90400CDE9040060690099D4E9082354
:10EF0000411AA1FB020C05FB02C201FB03214FF4D5
:10EF10007A720023C2F79FFB6268DDE9024C5268F7
:10EF2000A2FB043805FB048402FB0C454FF47A7401
:10EF3000A3FB042805FB04844FF0000C03FB0C43E7
:10EF4000121843EB01003A603060FDF7ECFA06B0AE
:10EF50000020BDE8F08100001002001004ED00E088
:10EF600070B50D460646FDF7DDFAFDF71FFC0400FF
:10EF700003D02A463146FAF775FBFDF7D4FA20464E
:10EF800070BD10B50446FDF7CDFA2046FAF774FBC4
:10EF90000446FDF7C8FAE0B210BD70B50C46054650
:10EFA000FDF7C0FA21462846FDF7E4FE0446FDF7CA
:10EFB000BAFAE0B270BD70B50C460546FDF7B2FA7C
:10EFC00021462846FAF772FB0446FDF7ACFAE0B298
:10EFD00070BD70B50C460546FDF7A4FA21462846DB
:10EFE000FDF7D6FEFDF79FFA606870BD10B50446C8
:10EFF000FDF798FA0120FEF723F8002C18BF2060D7
:10F00000FDF791FA002010BD70B50C460546FDF7DE
:10F0100089FA21462846FDF7F5FFFDF784FA00201E
:10F0200070BD2DE9F0411C4615460E460746FDF71A
:10F0300079FA23462A4631463846FEF745F8044613
:10F04000FDF771FA2046BDE8F08110B50446FDF7E2
:10F0500069FA2046FEF78CF80446FDF764FAE0B240
:10F0600010BD10B50446FDF75DFA646BFDF75BFA61
:10F07000204610BDFEF778B910B5FDF753FAFEF73C
:10F0800043FDFDF750FA002010BD10B5FDF74AFA18
:10F09000FEF7B8F90446FDF746FA204610BD70B5F4
:10F0A0000C460546FDF73EFA21462846FEF778F95C
:10F0B0000446FDF738FAE0B270BD000001490120B6
:10F0C000887070472E03001018B1084909788842EB
:10F0D00001D900207047064900EB400001EB800099
:10F0E000012100F80C1C0846704700003C0300108A
:10F0F000803D001010B52A30F3F754F82A214180E2
:10F100002E3010BD70B51AB101240E4B0E4D05E026
:10F11000002070BD1E7846B10C33641C2E78B442BA
:10F12000F8DD0320C2F705F9F2E701251D705D70D7
:10F1300001F003015971187100205880E0B29A6003
:10F1400070BD0000803D00103C030010F0B518B108
:10F150001A4A1378984201D90020F0BD184B00EBF1
:10F16000400003EB80040C3C19BB164800254FF40B
:10F17000806C4FF47C4E0188491C89B20180614546
:10F1800001D2A0F800C000210D4B068807E05F887F
:10F19000B74202D11F78012F04D80C33491C1778CD
:10F1A000B942F4DB1378994202D06D1C7545E2DB5D
:10F1B000B1B26180022020700120F0BD3C0300103C
:10F1C000803D00102C03001010B518B108490978D3
:10F1D000884201D9002010BD064900EB400001EB38
:10F1E00080000C380C220021FAF7DAFC012010BD57
:10F1F0003C030010803D00102DE9F843A3F12E04DC
:10F2000005466088089F894690462A2802D000203B
:10F21000BDE8F883002D52D03848007885424ED89A
:10F22000042200214846FAF7C3FCF0BBB8F1000FF6
:10F2300045D04FF4B860874200D90746304905EB06
:10F24000450001EB800616F80C0D022837D17088B6
:10F2500058B304F12605F2F737FB28804046F2F751
:10F2600033FB688007F108081FFA88F00746F2F7B9
:10F270002BFBA8800020E8807079C00728D0484682
:10F28000FAF716FB00220421F1F760FD0246042183
:10F290004846F1F75BFD01461120F1F76BFD014691
:10F2A0003846F1F767FD024600E008E0414628468F
:10F2B000F1F74CFDC0430004000C04D005E02046EB
:10F2C000F3F7C0FAA3E74FF6FF70F2F7FDFAE88014
:10F2D000278099F8000080230E21B1EB101F00D188
:10F2E000737800933379112249462046FAF72CFBB4
:10F2F00005462046F3F7A6FA284689E73C030010A6
:10F30000803D001010B500290AD00878002807D0E9
:10F3100005487844C2F7FCFE002801D0002010BD4B
:10F320000248784410BD0000D6B00000CEB0000006
:10F3300010B500290AD00878002807D0054878447D
:10F34000C2F7E6FE002801D0002010BD0248784434
:10F3500010BD0000C6B00000BEB0000021F00042A9
:10F3600001F00043A2F16052B2F5801F28BFD2F134
:10F370007F6C0BD95FEA001C43EAC20242EB50707B
:10F3800018BF704728BF20F001007047B2F5801FFA
:10F39000BCBF184670474FEA410C1CF5001F02D253
:10F3A000084600F06DBB70B500F068FA00000089F7
:10F3B000FFF7F6BF4FF00040A0F580007047000057
:10F3C0002DE9C04130B4DFF8A8C23CEA111418BFDF
:10F3D0003CEA131400F0F0801CEA111481EA0305E2
:10F3E00044EAD57418BF1CEA131500F0CB80A4EBD7
:10F3F000050404F17F7404F500344FF0004545EA3C
:10F40000C12145EAC32341EA505143EA52534FEA2E
:10F41000C0204FEAC222994208BF904200F0A0806B
:10F420004FEA13650FF24816765D4FEA134506FB67
:10F4300005F7C7F1807706FB07F74FEAD737A7FB39
:10F4400003687642A7FB06CEC8F5803838BFA8F11E
:10F45000010807FB08E6A6FB028C4FF0000EE6FB56
:10F4600003CED8F100086FEA0C0C5CF1000C6FEAD7
:10F470000E0E4EF1004EA6FB0C584FF00007E6FBB7
:10F480000E87A1FB08C6A0FB07CE16EB0E064FF0B9
:10F49000000545F10005E1FB076515F1E04E7EBF73
:10F4A000A4F580345FEA46066D4116F1800745F108
:10F4B00000054FEA172747EA05674FEA15254FEA87
:10F4C0000666A6F1DE46B6F1805F20D9384605EB28
:10F4D000C47124F0010C01EB0C11BCF1FE6F02D8D9
:10F4E000F0BCBDE8008124425CBF01F5801E9EEAAD
:10F4F000C47F02D4F0BCBDE80081244200F1398011
:10F50000A1F1C041F0BCBDE8004100F005BA4FEAEE
:10F51000D02040EA41504FEAD1214FEAD22242EABC
:10F5200043524FEAD323A7FB028607FB036605FB82
:10F5300002661EEA0E0F58BFA6EB0056B6EB005649
:10F540004FEA520E4EEAC37E18EB0E0E56EB530EE8
:10F55000BCD518EB02085E417F1C55F10005B5E7EC
:10F560004FF480154FF000074FF000064FF00008F1
:10F57000ACE701F1C04101F000414FF00000F0BCE8
:10F58000BDE800810CEA131511EA0C1F00D00CE055
:10F5900013EA0C1F00F025804FF0000081EA030100
:10F5A00001F00041F0BCBDE80081F0BCBDE80041C5
:10F5B00081EA030100F0B0B9F0BCBDE8004170B5CC
:10F5C00000F05CF9097EFC3E00F007B84FF0000047
:10F5D00081EA030101F00041704781EA030100F074
:10F5E0009BB9F0BCBDE8004122494FF000007047D4
:10F5F000FFFDFBF9F7F5F4F2F0EEEDEBE9E8E6E4F8
:10F60000E3E1E0DEDDDBDAD8D7D5D4D3D1D0CFCD7E
:10F61000CCCBCAC8C7C6C5C4C2C1C0BFBEBDBCBBB7
:10F62000BAB9B8B7B6B5B4B3B2B1B0AFAEADACABB2
:10F63000AAA9A8A8A7A6A5A4A3A3A2A1A09F9F9E8C
:10F640009D9C9C9B9A99999897979695959493933E
:10F65000929191908F8F8E8E8D8C8C8B8B8A8989D5
:10F660008888878786858584848383828281818058
:10F670000000FF070000F87F4FEA1153A3F58063F5
:10F68000D3F11E03A8BFD3F1200C08DB4FF00042DA
:10F6900042EAC12252EA505232FA03F0704709425C
:10F6A0000BD4102BC4BF0020704703F5787CBCF14D
:10F6B000FF3F05D04FF0FF3070474FF0000070471C
:10F6C00070B500F0DBF800BF49922480002070473D
:10F6D000F0E710F0004248BF4042B0FA80F310FA61
:10F6E00003F10AD0C3F11D0303F5806302EB03525B
:10F6F0004FEA415002EBD12170474FF000007047B4
:10F70000B0FA80F310FA03F10AD0C3F11D0303F538
:10F7100080634FEA03524FEA415002EBD121704718
:10F720004FF000007047000070B5DFF848C11CEAD8
:10F73000111E1EBF1CEA13159EEA0C0F95EA0C0F52
:10F7400000F06F8081EA03044EEAD47EAE4421EAE1
:10F750004C1123EA4C1341F4801143F48013AEF1B1
:10F760007F7EA1FB024CA0FB0365361955EB0C050F
:10F77000A1FB034C4CF10003A0FB021C16EB0C0692
:10F78000654153F10003094218BF46F0010613F426
:10F79000007F0BD14FEA03314FEA053041EA1551A2
:10F7A00040EA165034036FF003020AE04FEAC32127
:10F7B0004FEAC52041EA555140EA5650F4026FF035
:10F7C000020202EB2E4201EB025585EACE710AD00D
:10F7D0005FEA440C18BF24F0004450F1000041F1EE
:10F7E000000120EAD47040F2FE7C624500D270BD78
:10F7F000A84214BF4FF080444FF04044002E08BF91
:10F800000024BEF1806FA8BFA1F1C041BDE87040E7
:10F8100080F2828001F1C04101F000414FF0000010
:10F8200070470CEA13159EEA0C0F18BF95EA0C0FEF
:10F8300006D081EA030E4FF000000EF0004170BDCB
:10F8400000F01CF88900013E00F007B800F009B88C
:10F850004FEA430C5FEA5C5C08D081EA030100F0E8
:10F860005BB84FEA410C5FEA5C5CF6D102494FF0AD
:10F87000000070470000FF070000F87F0EF1020E45
:10F880002EF0030E5EF8046B364205D4012A43EBDA
:10F89000030515F5001F12D8012841EB010C1CF5DA
:10F8A000001F0CD80ED14FEAD17C0CEB4C0C0CF1A4
:10F8B000020C15F5001F08BF4CEBD37C04E04FF0A1
:10F8C000080C01E04FEAD37C0CEB4C0526FA05F658
:10F8D00006F00706B6F1040C06D20EEB860CBDE866
:10F8E00070404CF0010C6047DFE80CF0090B02029D
:10F8F0004FF00041A1F500214FF0000070BD194606
:10F900001046012851EB010418BFD4F5001484BF40
:10F91000002001F0004170BD0808A0F500114FEA79
:10F920003101704743004FEAD30C4FEA3C0C43408F
:10F930001FBF40070CF1605113F0FE4F70471CF0E1
:10F94000006F03D10CF00041002070470CF0004321
:10F9500043EA507040EACC0010B500F03EF800BF1A
:10F96000000000924FEA0001FFF7D6BF4FF00041C0
:10F97000A1F500214FF0000070474FF07E5209E0E2
:10F9800011F0004204D54042C1F1000138BF491EC8
:10F9900042F07E5202F170620B0012BF20235FEA38
:10F9A00000017047B1FA81FC01FA0CF1A3EB0C03E2
:10F9B00020FA03FC41EA0C0102EBC352C3F120031D
:10F9C00010FA03FC5CEA416C42EB112018BF5FF0B7
:10F9D000806C28BF20F0010070470EF1020E2EF05F
:10F9E000030E5EF8044B244204D44FEA4102B2F104
:10F9F0007F4F11D84FEA4003B3F17F4F0CD80ED19F
:10FA00004FEAD07C0CEB4C0C0CF1020CB2F17F4FA6
:10FA100008BF4CEBD17C04E04FF0080C01E04FEA4A
:10FA2000D17C0CEB4C0324FA03F404F00704B4F18A
:10FA3000040C06D20EEB840CBDE810404CF0010C17
:10FA40006047DFE80CF0070802024FF00040A0F525
:10FA5000800010BD0846420018BFD2F1807288BFF6
:10FA600000F0004010BDF1EE100A4FF6FF71C0F239
:10FA7000C03120EA010040F04070E1EE100A70470A
:10FA8000FF2141EAD050C00570470000C2154FEA7F
:10FA9000002318BF43F0004300F11080D2F1BE02F2
:10FAA00040F2288023FA02F1B2F1200C2EBF23FA93
:10FAB0000CF0C2F1200C03FA0CF07047B0F15F4F6C
:10FAC00000F2188012F0FF0208BF23F00043C2F1D9
:10FAD000BE0223FA02F1B2F1200C2EBF23FA0CF081
:10FAE000C2F1200C03FA0CF04042C1F1000138BF12
:10FAF000491E704710B5FFF770FF00BF9224498080
:10FB00004FF00001002070476FEAE07080F0004184
:10FB10007047C2F7D9BDC3F789BC000000000000E0
:10FB2000FFFFFFFFFFFF000000000000FFFFFFFFDF
:10FB3000000000000000000001020304060708099D
:10FB400000000000000000000000F500000000AD13
:10FB50000000A60000000000000000000F000000F0
:10FB60000000000000000000FF0000000002010093
:10FB700040420F00000300010000000000000000F0
:10FB80000000000000000000010000000097B92EF6
:10FB9000E5725CCB5DCAE473B82F0196BA2D03946D
:10FBA0005FC8E671E7705EC90295BB2CE3745ACD5D
:10FBB0000691BF28BE2907905BCCE27559CEE0774D
:10FBC000BC2B05920493BD2AE17658CF51C6E87F3D
:10FBD000B4230D9A0C9BB522E97E50C7EB7C52C52D
:10FBE0000E99B720B6210F9853C4EA7DB2250B9C1D
:10FBF00057C0EE79EF7856C10A9DB324089FB1260D
:10FC0000ED7A54C355C2EC7BB027099EA2351B8CFC
:10FC100047D0FE69FF6846D11A8DA334188FA136EC
:10FC2000FD6A44D345D2FC6BA037198E41D6F86FDC
:10FC3000A4331D8A1C8BA532F96E40D7FB6C42D5CC
:10FC40001E89A730A6311F8843D4FA6DF3644ADDBC
:10FC50001681AF38AE3917804BDCF26549DEF067AC
:10FC6000AC3B15821483AD3AF16648DF1087A93E9C
:10FC7000F5624CDB4DDAF463A83F1186AA3D13848C
:10FC80004FD8F661F7604ED91285AB3C00020100F7
:10FC9000FF000000FF000000B4020010000301009C
:10FCA000FF000000FF000000BC0200100000000088
:10FCB000FF000000FF000000FF0000000101000045
:10FCC000000000000001000001000606040400001E
:10FCD0000000000000000000000000000000000024
:10FCE0000000000000000000FF000000FF00000016
:10FCF00000000102030000000101000000000000FC
:10FD000000000000010000000000000003000000EF
:10FD1000E02E0000400D0300FF0000000000000086
:10FD200002030000FF0000000000000002030000CA
:10FD3000FF0000000000000002030000FF000000C0
:10FD40000000000002030000E000000100000000CD
:10FD50006970616C64657600A521050801BF05081E
:10FD600019120208000000000F000000000000004F
:10FD700000000000000000006970616C3A206572AC
:10FD800072206D656D616C6C6F6300000000000097
:10FD900000000000000000006970616C3A2065728C
:10FDA00072206D656D6672656500000000000000E0
:10FDB00000000000000000006970616C3A2065726C
:10FDC00072206D656D636F72727570740000000053
:10FDD00000000000000000006970616C3A2065724C
:10FDE0007220756470616C6C6F630000000000002D
:10FDF00000000000000000006970616C3A2065722C
:10FE00007220746370616C6C6F630000000000000E
:10FE100000000000000000006970616C3A2065720B
:10FE200072207463707374617465000000000000D8
:10FE300000000000000000000200020000010000BD
:10FE40004DEB05080003000001010200007A030ADF
:10FE5000007A030A00BD010580DE80020100000077
:10FE600004000200FFFFFFFF01010000000000008E
:10FE7000070000004C2001404C2101404C22014071
:10FE80000100000001000000010000010900000065
:10FE90000100000209000000FF000000090000004E
:10FEA000FF00000009000000010402000000000043
:10FEB000000002000B000000010000080B00000021
:10FEC000010000100B000000010000200B000000EA
:10FED000000080000B000000020010000B0000007A
:10FEE000020020000B000000020002000B000000D6
:10FEF000000004000B000000FFFFFFFFFFFFFFFFFB
:10FF0000FFFFFFFFFFFFFFFFFFFF000000000000FB
:10FF10000500000001004000040000000100800016
:10FF200004000000FF000000FFFFFFFFFF000000D3
:10FF3000FFFFFFFF07008000040000000700000132
:10FF40000400000006000000FF00000005000000A3
:10FF5000FF00000005000000FF0000000500000099
:10FF60000800020005000000020004000500000077
:10FF70000800080005000000020000040600000060
:10FF80000200000806000000020000100600000049
:10FF9000603F0000010000000300000000000000BE
:10FFA000A1DC05089DDC050899DC050800000000BF
:10FFB000A1DC05089DDC050899DC050803000001AB
:10FFC0000300000402000000000000080000000020
:10FFD0000000000000000000000000000000000021
:10FFE00000000000000000000020000000000000F1
:10FFF000BCFF050861DC050867DC05087BDC05083B
:020000040806EC
:1000000000000000000000000000000000000000F0
:1000100000000000000000000000000003000000DD
:1000200040420F000200FF0101FF0000000000003D
:100030000000000000000201010001FFFFFFFF00BF
:1000400000FFFFFFFF0000000100000002000000B1
:1000500038FE05086FEB050885EB050857EB05082A
:1000600051EB050867EB05085DEB05080F00000084
:100070000001000007000400FFFFFFFF0700080069
:10008000FFFFFFFF07001000FFFFFFFF070020003A
:10009000FFFFFFFFFF000000FFFFFFFFFF0000006A
:1000A000FFFFFFFFFF000000FFFFFFFFFF0000005A
:1000B000FFFFFFFF0300000003000000FF0000003F
:1000C000FFFFFFFFFF000000FFFFFFFF0200002017
:1000D000FFFFFFFFFF000000FFFFFFFFFF0000002A
:1000E000FFFFFFFF08000100FFFFFFFFFF00000010
:1000F000FFFFFFFFFF000000FFFFFFFFFF0000000A
:10010000FFFFFFFFFF000000FFFFFFFFFF000000F9
:10011000FFFFFFFFFF000000FFFFFFFF03000000E5
:1001200002000001020000020000000000000100C7
:1001300000000100010400000000000000040000B5
:1001400000060000000000000002010600000000A0
:10015000000400010000000000000000000000009A
:1001600000000000010000000030014000380040A5
:10017000003C0040000004010000020000000002FA
:10018000280000000700000004020203020203012D
:100190000200000000000000000000000400000257
:1001A0000402000000000001FF0000000000000049
:1001B00002020001FF000000000000000202000136
:1001C000000000000000000000000000000000002F
:1001D000000002400004024000080240000C0240FF
:1001E000001002400014024000180240001C0240AF
:1001F000002002400000000000000000000000009D
:1002000001000000020000000400000008000000DF
:1002100010000000200000004000000080000000EE
:1002200000010000000000000000000000000000CD
:10023000FF00000000000000010200010101360083
:1002400000100040100000000101370000140040C1
:1002500020000000000219000044014000000200DC
:1002600000021A00004801400000040001012C00B7
:10027000001C00408000000001012D000020004013
:10028000000100000000040100080000010000025D
:100290002800000007000000FF0000000000000030
:1002A00001020000FF00000000000000000200004A
:1002B000FFFFFFFFFFFFFFFFFFFF00000000040044
:1002C00000000000801A06000000FFBF00000004CC
:1002D000004000000054004000580040005C004016
:1002E000000020000000400000008000FF0000002F
:1002F00000000000020201000008000000000000F1
:1003000000000401000000000000000228000000BE
:10031000070000000030014000380040003C004071
:100320000000000008001000180020002800300025
:1003300038000000FF000000000000000202000181
:10034000FF0000000000000002020002FF000000A9
:100350000000000002020000FF000000000000009A
:100360000202000201000000000000000100000085
:10037000000000000100000000000000010000007B
:10038000000000000100000000000000010000006B
:10039000000000000100000000000000010000005B
:1003A000000000000003FF0000003031323334351C
:1003B00036373839414243444546403058003031A1
:1003C00032333435363738396162636465664030BC
:1003D0007800040000080000000000000002000196
:1003E00000001000000000000000000002400000BB
:1003F000000000A00000000005400000000000C850
:10040000000000000C4000000000409C00000000C4
:10041000194000000020BCBE000000003440000075
:10042000BFC91B8E00000004B5400000504BCFD068
:100430006607E2CF010000006C4100003E8251AA35
:10044000DFEEA73401000000D9420000DCB5A0E2D5
:100450003A301F97FFFFFFFFB4450000FD25A0C8FD
:10046000E9A3C14FFFFFFFFFFF3F00000000008036
:1004700000000000FF3F00000000008000000000BE
:100480003A7474003A7474003A7474003031323340
:1004900034353637383961626364656678700030A8
:1004A0003132333435363738394142434445465882
:1004B000500000006970616C5F626173655F696E16
:1004C000697469616C69736528293A207463706E78
:1004D0006574207265736F757263657320617265F0
:1004E000206E6F7420656E6F75676820666F72206E
:1004F0006970616C000000006F73616C3A20766176
:100500006C7565206F66206D6178746F6B656E73B6
:10051000206F7220746F6B656E7320617265206945
:100520006E636F727265637420696E206F73616CA5
:100530005F73656D6170686F72655F6E657728299E
:100540000000000068616C5F636F72655F696E69CF
:10055000742829206E6F742063616C6C6564207947
:100560006574206F722068616C5F636F72655F7382
:1005700074617274282920616C72656164792063EA
:10058000616C6C6564000000686C5F6574685F692D
:100590006E697428292063616C6C656420686C5FE7
:1005A0006574687472616E735F636F6E66696728E5
:1005B0002920776869636820646F6573206E6F74A3
:1005C00020737570706F7274206120706879206D6F
:1005D0006F6465000001000200040000505100102B
:1005E00060510010645100106851001070510010EB
:1005F00090510010D0510010454F4D746865454D25
:100600005372756E6E657200454F746865536572FE
:10061000766963657300454F7468654D6F74696FE3
:100620006E436F6E74726F6C6C657200454F7468C8
:1006300065456E636F646572526561646572000042
:1006400000000000000000000000000000000000AA
:10065000000000000000000000000000000000009A
:10066000000000000000000000000000000000008A
:10067000000000000000000000000000000000007A
:10068000000000000000000000000000000000006A
:10069000000000000000000000000000000000005A
:1006A000000000000000000000000000000000004A
:1006B000000000000000000000000000000000003A
:1006C000000000000000000000000000000000002A
:1006D000000000000000000000000000000000001A
:1006E000000000000000000000000000000000000A
:1006F00000000000000000000000000000000000FA
:1007000000000000000000000000000000000000E9
:1007100000000000000000000000000000000000D9
:1007200000000000000000000000000000000000C9
:1007300000000000000000000000000000000000B9
:1007400000000000000000000000000000000000A9
:100750000000000000000000000000000000000099
:100760000000000000000000000000000000000089
:100770000000000000000000000000000000000079
:100780000000000000000000000000000000000069
:100790000000000000000000000000000000000059
:1007A0000000000000000000000000000000000049
:1007B0000000000000000000000000000000000039
:1007C0000000000000000000000000000000000029
:1007D0000000000000000000000000000000000019
:1007E0000000000000000000000000000000000009
:1007F00000000000000000000000000000000000F9
:1008000000000000000000000000000000000000E8
:1008100000000000000000000000000000000000D8
:1008200000000000000000000000000000000000C8
:1008300000000000000000000000000000000000B8
:1008400000000000000000000000000000000000A8
:100850000000000000000000000000000000000098
:100860000000000000000000000000000000000088
:100870000000000000000000000000000000000078
:100880000000000000000000000000000000000068
:100890000000000000000000000000000000000058
:1008A0000000000000000000000000000300030042
:1008B00009000000641C06080000000000000000A1
:1008C0000000000000000000D6060000000000004C
:1008D000FA00000000000000454F4D746865454D6A
:1008E00053646961676E6F73746963000000000090
:1008F000000000000000000000000000000055F5AE
:1009000000000000000000000000000000000000E7
:1009100000000000000000000100010001000100D3
:10092000010001000100000074686546547365729F
:10093000766963650000000000000000A0860100E9
:1009400003000000809698002809060808000000AF
:10095000746865424154736572766963650000008E
:100960000000000040420F00030000008096980045
:100970005009060809000000000000000000000007
:10098000000000000000000000000000FF00000068
:100990000000000000000000000000000000000057
:1009A0000000000000000000000000000000000047
:1009B0000000000000000000000000000000000037
:1009C0000000000000000000000000000000000027
:1009D0000000000000000000000000000000000017
:1009E0000000000000000000000000000000000007
:1009F00000000000000000000000000000000000F7
:100A000000000000000000000000000000000000E6
:100A100000000000000000000000000000000000D6
:100A200000000000000000000000000000000000C6
:100A300000000000000000000000000000000000B6
:100A400000000000000000000000000000000000A6
:100A50000000000000000000000000000000000096
:100A60000000000000000000000000000000000086
:100A70000000000000000000000000000000000076
:100A80000000000000000000000000000000000066
:100A90000000000000000000000000000000000056
:100AA0000000000000000000000000000000000046
:100AB0000000000000000000000000000000000036
:100AC0000000000000000000000000000000000026
:100AD0000000000000000000000000000000000016
:100AE0000000000000000000000000000000000006
:100AF00000000000000000000000000000000000F6
:100B00000000000000000000FF00000000000000E6
:100B100000000000000000000000000000000000D5
:100B200000000000000000000000000000000000C5
:100B300000000000000000000000000000000000B5
:100B400000000000000000000000000000000000A5
:100B50000000000000000000000000000000000095
:100B60000000000000000000000000000000000085
:100B70000000000000000000000000000000000075
:100B80000000000000000000000000000000000065
:100B90000000000000000000000000000000000055
:100BA0000000000000000000000000000000000045
:100BB0000000000000000000000000000000000035
:100BC0000000000000000000000000000000000025
:100BD0000000000000000000000000000000000015
:100BE0000000000000000000000000000000000005
:100BF00000000000000000000000000000000000F5
:100C000000000000000000000000000000000000E4
:100C100000000000000000000000000000000000D4
:100C200000000000000000000000000000000000C4
:100C300000000000000000000000000000000000B4
:100C400000000000000000000000000000000000A4
:100C50000000000000000000000000000000000094
:100C60000000000000000000000000000000000084
:100C7000000000000A00000064000000E80300001B
:100C800010270000A086010040420F0080969800C7
:100C900000E1F50500CA9A3B303030313032303354
:100CA000303430353036303730383039313031311A
:100CB0003132313331343135313631373138313900
:100CC00032303231323232333234323532363237F8
:100CD00032383239333033313332333333343335DE
:100CE00033363337333833393430343134323433C4
:100CF00034343435343634373438343935303531AA
:100D0000353235333534353535363537353835398F
:100D10003630363136323633363436353636363787
:100D2000363836393730373137323733373437356D
:100D30003736373737383739383038313832383353
:100D40003834383538363837383838393930393139
:100D5000393239333934393539363937393839391F
:100D600000000000000000000B24030845240308D5
:100D7000DD220308EF2203087123030895230308EB
:100D8000CF2303088323030831240308ED2303083A
:100D90008D2403085D240308F12303086D23030851
:100DA000FCFFFFFF000000005D43030859430308F8
:100DB0007D43030877430308FE00000000000000A5
:100DC0000000000000000000000000000000000023
:100DD0000000000000000000000000000000000013
:100DE0000000000000000000000000000000000003
:100DF00001000000000000000000000000000000F2
:100E000000000000000000000000000000000000E2
:100E100001000000000000000F0F0F0F0F0F0F0F59
:100E200000010F0F0F0F0F0F02030405060708093B
:100E30000A0F0F0F0F0F0F0F00000101000100013B
:100E40000004080C0002010300010203000001017C
:100E5000010000010000100000000000E1B30408E0
:100E6000DFB30408000000000000000000000000E4
:100E70000000000000000000000000000000000072
:100E80000000000000000000000000000000000062
:100E9000A0860100C0C62D00000000000000000078
:100EA000C83306089830060820310608182F0608AF
:100EB0001831060818300608982F060801000000AF
:100EC000C0CF6A0040404040000000000000000029
:100ED0000000000000000000000000000000000012
:100EE00009000000000000000000000000000000F9
:100EF00008000000000000000000000000000000EA
:100F00000A000000000000000000000000000000D7
:100F100006000000000000000000000000000000CB
:100F200007000000000000000000000000000000BA
:100F30000A000004A086010000A3E11108000000DF
:100F40000000000001000000F5BB040801BC04081B
:100F5000FBBB040807BC04080B000004454F746881
:100F600065504F53000000000000080010270000EB
:100F70000000000000000000000180008000000070
:100F80000000000000000000000000000000000061
:100F9000FFFFFFFFFFFFFFFF000000000000000059
:100FA0000002800000018000800010007F0000012E
:100FB00011270000000000000000000000000000F9
:100FC0000000000000000000000000000000000021
:100FD0000002800000010001000110007F000001FC
:100FE0001127000000000000000000000C0C0101AF
:100FF00001010101040102656F6572726F725F4940
:101000004E5445524E414C4552524F525F5F636FB2
:101010006465756E7265636F676E6973656400659C
:101020006F6572726F725F494E5445524E414C4526
:1010300052524F525F5F737472696E676174777258
:101040006F6E67706C61636500656F6572726F7259
:101050005F494E5445524E414C4552524F525F5F8C
:1010600076616C75656973656D7074790000000058
:10107000FFFFFFFFDC17060814160608981606087F
:10108000A017060848150608B0100608CC15060873
:10109000801606089810060800000000D79A060877
:1010A000F67C0608010000008C8B060855430608F4
:1010B00000000000D28A06086F85060801000000C3
:1010C000C99F0608E25B0608020000009E4A060867
:1010D000355B060803000000BE4A0608358706088F
:1010E000040000000F810608219A06080500000090
:1010F000C27F06081A97060806000000EB7E060865
:10110000394F060807000000798D06082779060880
:1011100008000000957F060899790608090000007C
:101120003F8D0608997906080A000000ED7F060841
:10113000DF9606080B000000B18D0608DF96060852
:101140000C000000EE620608554306080D00000082
:10115000E89C0608554306080E000000399506086D
:10116000554306080F000000CF92060855430608B5
:10117000100000002B9C06085543060811000000D3
:10118000BA94060855430608120000005D9106084F
:101190005543060813000000CA9E0608554306087A
:1011A00014000000E99006085543060815000000E9
:1011B0004280060841780608160000008A8C06085E
:1011C0004278060817000000FD650608554306082A
:1011D00018000000049E0608554306081900000088
:1011E000668F0608554306081A000000CE910608CF
:1011F000554306081B0000008255060855430608A3
:101200001C00000022760608554306081D00000059
:10121000C9740608554306081E00000051750608EB
:10122000554306081F0000000E75060855430608C2
:10123000200000003E740608554306082100000007
:10124000D67506085543060822000000336F0608CD
:101250005543060823000000CE6D060855430608D6
:1012600024000000826E0608554306082500000091
:10127000176D06085543060826000000296E06086B
:1012800055430608270000002A810608E86606087C
:101290002800000072860608465006082900000053
:1012A0003B7F0608554306082A000000C27E060858
:1012B000394F06082B000000CB8C06084079060841
:1012C0002C000000FB8A0608F28206082D000000B0
:1012D00071760608554306082E0000007680060841
:1012E000554306082F0000000F7F0608394F0608F7
:1012F00030000000208E060840790608310000000A
:10130000338B0608F282060832000000FF860608CA
:101310004650060833000000986F0608554306083B
:10132000340000006B7F0608A49606083500000014
:10133000088D0608A4960608360000009362060889
:101340005543060837000000877406085543060811
:1013500038000000766D0608554306083900000085
:10136000A5860608465006083A000000A29D060819
:10137000554306083B000000E38E06085543060867
:101380003C00000069900608554306083D00000037
:10139000E3550608554306083E0000007658060847
:1013A000554306083F000000265706085543060827
:1013B000400000008656060855430608410000001C
:1013C000D75606085543060842000000385606085E
:1013D00055430608430000001B58060855430608FD
:1013E00044000000C35706085543060845000000A6
:1013F00018800608DF96060846000000E98D0608FA
:10140000A4960608470000004A63060855430608EC
:10141000480000009475060855430608490000007E
:10142000DB6E0608554306084A000000D28606080F
:10143000465006084B00000075570608554306083D
:101440004C000000679E0608554306084D0000004A
:1014500044930608554306084E0000004F920608C4
:10146000554306084F000000869C060855430608B1
:1014700050000000608E0608554306085100000029
:10148000EA8F06085543060852000000697B0608EB
:101490005543060853000000A29F0608554306085E
:1014A00054000000FB99060855430608550000004B
:1014B0001E89060855430608560000009781060855
:1014C0005543060857000000B28B0608554306082E
:1014D00058000000507B06085543060859000000DC
:1014E0007A9F0608554306085A000000D49906085A
:1014F000554306085B000000F388060855430608BC
:101500005C00000073810608554306085D0000007A
:10151000449D0608554306085E00000038940608FE
:10152000554306085F000000CF92060855430608A1
:1015300060000000C89306085543060861000000DB
:10154000834A06080D6506080000000000790608B9
:1015500055430608010000000D79060855430608AA
:10156000020000001A79060855430608030000002F
:10157000067A06085543060804000000137A060898
:1015800055430608050000005B7A06085543060827
:1015900006000000687A06085543060807000000A8
:1015A000437B060855430608080000005F7D0608D7
:1015B0005543060809000000BA7D06085543060891
:1015C0000A000000157E06085543060800000000CA
:1015D0001D660608085D060801000000E44B0608C9
:1015E000C95D060802000000014C0608DE870608F7
:1015F000030000001E840608B97A060804000000F3
:10160000AA54060855430608050000000F9806086E
:101610005543060800000000049C060855430608D0
:1016200001000000DC9B060855430608020000008C
:10163000A56306087C97060803000000E5810608FC
:101640005543060804000000F96F060855430608D4
:101650000500000012820608554306080600000037
:10166000F38006080000000007000000366006084E
:101670000C4D0608080000009A600608DD4A0608BE
:10168000000000002B9B0608F67C06080100000005
:101690009F8B06085543060800000000C453060847
:1016A0005543060801000000EE710608267406087E
:1016B000020000006072060826740608030000009D
:1016C0000D6C06082674060804000000675A060818
:1016D0002674060805000000E6540608267406086D
:1016E000060000009D6B060826740608070000002F
:1016F000F56A06082674060808000000726A0608E3
:101700007B50060809000000DE4F06087B500608E3
:101710000A000000047306087B5006080B00000056
:10172000CD520608E17306080C000000E7680608C1
:10173000E17306080D0000005B680608E173060807
:101740000E000000F3670608B88A06080F000000C4
:10175000545106087C730608100000000C68060847
:101760002674060811000000AE71060855430608ED
:1017700012000000885E0608DE5F06081300000005
:10178000EB600608E87206081400000037770608C8
:101790001077060815000000846C0608C36306086D
:1017A00000000000455906085543060801000000E6
:1017B000859B0608F67C060802000000967E060857
:1017C000714C060803000000088C0608A94C0608A6
:1017D00004000000595206085543060800000000A6
:1017E000688906085543060801000000518A06086A
:1017F0005543060802000000DA8B06085543060828
:1018000003000000A98006085543060804000000F4
:10181000DB9F06085543060805000000529F060896
:101820005543060806000000928A0608554306083C
:1018300007000000299F060855430608080000001D
:101840006E8B06085543060809000000D07706088D
:10185000B15C06080A000000F68906085543060830
:101860000B000000285406088E7C06080C000000BF
:10187000E7530608277C06080D0000006954060897
:10188000A17B06080E000000BA8106085543060831
:101890000F00000022510608A3980608100000005F
:1018A0008E6706084083060811000000D16706080D
:1018B0009183060812000000AF67060868830608D7
:1018C00013000000CA5A06087996060814000000A2
:1018D000E14E060855430608150000008F4E060825
:1018E00055430608160000003671060855430608E1
:1018F0001700000064640608CD58060818000000B0
:1019000097640608BE510608190000000171060818
:10191000085906081A0000007C71060828520608BB
:101920001B0000005B590608F57C06081C0000003F
:10193000D2640608BE5106081D0000005B67060859
:10194000258306081E00000084840608C588060852
:101950001F0000005F840608C588060820000000FC
:10196000707E0608C5880608210000002D8506083F
:10197000C5880608220000000C850608C5880608F0
:10198000230000004E850608C588060824000000D4
:10199000CA840608C588060825000000A984060830
:1019A000C588060826000000EB840608C5880608DE
:1019B00027000000BC7606085543060828000000F2
:1019C000E5760608254C060829000000F37706088E
:1019D000000000002A0000005D4A06080000000028
:1019E0002B000000E5760608577706082C0000005B
:1019F0006A530608817B06082D000000C5540608BE
:101A0000BA8306082E000000A25F0608BA83060803
:101A10002F00000045550608BA8306083000000074
:101A2000A56606083398060831000000FF66060820
:101A30000D6A060832000000567006088C69060818
:101A400033000000AD700608CE69060834000000BF
:101A5000B45006087E66060835000000C3820608FA
:101A6000F7610608360000006B610608A0610608F1
:101A7000370000002E5A060851860608380000007C
:101A8000266406080000000039000000905906088E
:101A9000944D06083A000000DE590608EE4C060890
:101AA0003B00000048890608000000003C000000E0
:101AB000386606080D4E06083D000000476206081D
:101AC000149906083E000000555F0608B895060800
:101AD0003F0000000D5F0608EA980608400000007D
:101AE00081820608FB7A0608410000003882060859
:101AF000207A060842000000D8890608757A060890
:101B0000FFFFFFFFFFFFFFFF7F000001A086010036
:101B100010270000E803000040420F00FFFFFFFF16
:101B2000000000000000000000000000FFFFFFFFB9
:101B300000000000000000000000000000000000A5
:101B4000FFFFFFFFFFFFFFFFCA00000210000000C1
:101B5000000000000A0001C8012A00020200020081
:101B6000400040005C115C117F000001010000009A
:101B7000050D4000000032000004000029000002B2
:101B80000200010040004000050D050D7F0000012E
:101B9000010000007F000001050D40000000000072
:101BA0000000000028000002FAFBFC00000800040E
:101BB0000008010203040506E8030000000000001D
:101BC0002C01000090010000FA000000BC0200009F
:101BD000FA00000003000100010100000300020000
:101BE0000003000439300100000000000A0001C8B1
:101BF0003930000400010003800080002000000054
:101C00000100080010270000000000000000000094
:101C1000DC000004204E000001DB80000208000010
:101C200000000000000000000000000000000000B4
:101C300000000000000000000000000000000000A4
:101C40000000000000000000DDAF0508E1AF05085E
:101C500025AF0508F0000002080000006300000046
:101C6000903B0608010C0C0100000000000201017D
:101C70000101010104010302000000000000000056
:101C80000000000000000000000000000000000054
:101C90000000000000000000000000000000000044
:101CA000000000000000000001000300841C060882
:101CB0004D790408E97C040804000300801C060830
:101CC0004F790408FD7C040820000100881C0608E8
:101CD0005B790408117D040820000100881C0608B7
:101CE00069790408137D0408010003005C1F0608DD
:101CF0006B790408157D040804000300581F0608CA
:101D00006D790408297D040838000100601F060869
:101D10007F7904083D7D04080C000100881F060837
:101D2000BF7904083F7D040828000100601F0608F1
:101D3000C1790408417D040801000300E41F06087E
:101D4000C3790408437D040808000300981F0608AF
:101D5000C5790408697D040844000100A01F060835
:101D6000D57904087B7D040850000100981F0608FF
:101D7000EF7904087D7D040804000300E81F0608CD
:101D8000F17904087F7D040801000300E91F0608BB
:101D9000037A0408917D040801000300E81F060887
:101DA000057A0408A37D040801000300EA1F060861
:101DB000077A0408B57D040828000100F01F060812
:101DC000097A0408C77D040828000100F01F0608EE
:101DD000237A0408C97D040830000100E81F0608C2
:101DE000257A0408CB7D0408010003003C20060886
:101DF000277A0408CD7D0408040003001820060893
:101E0000297A0408F37D0408200001001C2006083C
:101E10002B7A0408057E0408280001001820060813
:101E20002D7A0408077E04080100030054200608E8
:101E30002F7A0408097E04080400030040200608E5
:101E4000317A04082F7E040810000100442006089F
:101E50003D7A0408417E040818000100402006086D
:101E6000577A0408437E040804000300582006083B
:101E7000597A0408457E04083000010060200608F5
:101E80006B7A0408577E04081000010070200608D1
:101E9000AB7A0408597E040810000100602006088F
:101EA000AD7A04085B7E040810000100802006085B
:101EB000AF7A04085D7E0408380001005820060847
:101EC000B17A04085F7E040801000300B020060810
:101ED000B37A0408617E0408040003009820060811
:101EE000B57A0408877E0408140001009C200608C7
:101EF000C17A0408997E04081C0001009820060895
:101F0000DB7A04089B7E0408103C0608D43B0608D4
:101F1000283C0608C43B0608003C0608F03B0608BF
:101F2000B03B0608A03B060858200608E81F060834
:101F300098200608981F0608402006081820060862
:101F4000581F0608801C0608380030001C0050008E
:101F500018002800400028000000000000000000D9
:101F60000000000000000000000000000000000071
:101F70000000000000000000000000000000000061
:101F80000000000000000000000000000000000051
:101F90000000000000000000000000000000000041
:101FA0000000000000000000000000000000000031
:101FB0000000000000000000000000000000000021
:101FC0000000000000000000000000000000000011
:101FD0000000000000000000000000000000000001
:101FE00000000000000000000000000000000000F1
:101FF00000000000000000000000000000000000E1
:1020000000000000000000000000000000000000D0
:1020100000000000000000000000000000000000C0
:1020200000000000000000000000000000000000B0
:1020300000000000000000000000000000000000A0
:102040000000000000000000000000000000000090
:102050000000000000000000000000000000000080
:102060000000000000000000000000000000000070
:102070000000000000000000000000000000000060
:102080000000000000000000000000000000000050
:10209000060704040404050400000000000000001A
:1020A0000000000000000000000000000000000030
:1020B00000000000010B0000602A06082326060825
:1020C000B4200608D72B06084828060894230608DB
:1020D000081F0608B42A060858280608A023060880
:1020E000281F0608B82A06080403080168280608FD
:1020F000AC230608481F0608BC2A06085C2A060806
:102100002026060890200608D62B060800000000AE
:1021100000000000000000000000000000000000BF
:1021200000000000080003000C210608DD7A040806
:102130009D7E04081000010014210608EB7A0408B3
:10214000B17E0408180001000C210608ED7A04088D
:10215000B37E04081C00030014250608EF7A040867
:10216000B57E0408010003003D250608F17A040845
:1021700079810408010003003E250608F37A04086B
:10218000038204080C00030030250608F57A0408D1
:1021900065820408010003003C250608F77A04085C
:1021A0006D840408F8000300B4230608F97A0408D3
:1021B000B98404080C0003003C240608077B0408CB
:1021C000758604082000030050240608097B0408D3
:1021D0008987040828000300B42306080B7B040841
:1021E000BF87040828000300042406080D7B0408A8
:1021F0000588040828000300DC2306080F7B040878
:102200004B880408010003007A240608117B0408A7
:102210005F880408080003002C240608137B0408C8
:10222000618804080400030010250608157B0408D3
:102230006F8904080400030010250608177B0408B2
:102240007189040864000100AC240608197B0408A5
:10225000F38904080C000100F42406083B7B040801
:10226000F589040828000100AC2406083D7B040819
:10227000F789040801000100D02406083F7B040808
:10228000F989040801000100D1240608417B0408F3
:10229000FB89040801000100D2240608437B0408DE
:1022A000FD8904081000010000250608457B04088C
:1022B0007B8A040820000100D4240608477B040818
:1022C0007D8A04088C010100B4230608497B0408B8
:1022D0007F8A0408C8000300402506084B7B0408D9
:1022E000818A040806000300C4250608597B0408F7
:1022F000518B040804000300B82506085B7B040822
:10230000C18B040828000300402506085D7B0408F3
:10231000FB8B040828000300902506085F7B040857
:10232000798C04082800030068250608617B0408EE
:102330007D8C040802000300D8250608637B04088E
:10234000818C040804000300BC250608657B040892
:10235000418D040802000300DA250608677B0408A3
:10236000798D04081800010008260608697B040816
:10237000A18D04081400010008260608977B0408B4
:10238000A38D0408E000010040250608997B04089D
:10239000A58D0408443C0608A43C0608383C060801
:1023A000B4230608402506080C2106088C01E0002D
:1023B0001800000000000000000000000000000005
:1023C000000000000000000000000000000000000D
:1023D00000000000000000000000000000000000FD
:1023E00000000000000000000000000000000000ED
:1023F00000000000000000000000000000000000DD
:1024000000000000000000000000000000000000CC
:1024100000000000000000000000000000000000BC
:1024200000000000000000000000000000000000AC
:10243000000000000000000000000000000000009C
:10244000000000000000000000000000000000008C
:10245000000000000000000000000000000000007C
:10246000000000000000000000000000000000006C
:10247000000000000000000000000000000000005C
:10248000000000000000000000000000000000004C
:10249000000000000000000000000000000000003C
:1024A000000000000000000000000000000000002C
:1024B000000000000000000000000000000000001C
:1024C000000000000000000000000000000000000C
:1024D00000000000000000000000000000000000FC
:1024E00000000000000000000000000000000000EC
:1024F00000000000000000000000000000000000DC
:1025000000000000000000000000000000000000CB
:1025100000000000000000000000000000000000BB
:1025200000000000000000000000000000000000AB
:10253000000000000000000000000000000000009B
:10254000000000000000000000000000000000008B
:10255000000000000000000000000000000000007B
:10256000000000000000000000000000000000006B
:10257000000000000000000000000000000000005B
:10258000000000000000000000000000000000004B
:10259000000000000000000000000000000000003B
:1025A000000000000000000000000000000000002B
:1025B000000000000000000000000000000000001B
:1025C000000000000000000000000000000000000B
:1025D00000000000000000000000000000000000FB
:1025E00000000000000000000000000000000000EB
:1025F00000000000000000000000000000000000DB
:1026000000000000000000000000000000000000CA
:1026100000000000000000000000000000000000BA
:10262000180C03011B000101010100000000000063
:10263000000000000000000000000000000000009A
:10264000000000000000000000000000000000008A
:10265000000000000000000000000000000000007A
:10266000000000000000000000000000000000006A
:10267000000000000000000000000000000000005A
:10268000000000000000000000000000000000004A
:10269000000000000000000000000000000000003A
:1026A000000000000000000000000000000000002A
:1026B000000000000000000000000000000000001A
:1026C000000000000000000000000000000000000A
:1026D00000000000000000000000000000000000FA
:1026E0000000000000000000010003006026060852
:1026F0009B7B0408A98D04080800030068260608CF
:102700009D7B0408098E040810000300302606088B
:102710009F7B0408D98F0408010003003A260608AD
:10272000DB7B0408A790040820000100402606086F
:10273000DD7B0408D790040840000100302606081D
:10274000417C0408D99004084C0003009826060830
:10275000437C0408DD900408040003009826060862
:10276000457C0408659304080400030098260608C5
:10277000477C04089795040848000300982606083B
:10278000497C04085F9604080400030098260608A4
:102790004B7C040861960408200001007826060896
:1027A0004D7C0408639604080200010078260608A0
:1027B000957C0408659604087800010070260608D8
:1027C000977C040867960408080003007028060830
:1027D000997C040869960408010003007028060823
:1027E0009B7C04086B9604084800010078280608C2
:1027F0009D7C04086D9604081800010078280608DE
:102800009F7C04086F960408500001007028060899
:10281000A17C0408719604086C010300F0280608E6
:10282000A37C04087396040820000100D028060841
:10283000A57C0408859604089C010100C0280608B0
:10284000A77C040887960408EC3C0608D43C0608DC
:102850000C3D0608203D06087026060830260608AE
:1028600070280608C02806087800400050009C0127
:102870000000000000000000000000000000000058
:102880000000000000000000000000000000000048
:102890000000000000000000000000000000000038
:1028A0000000000000000000000000000000000028
:1028B0000000000000000000000000000000000018
:1028C0000000000000000000000000000000000008
:1028D00000000000000000000000000000000000F8
:1028E00000000000000000000000000000000000E8
:1028F00000000000000000000000000000000000D8
:1029000000000000000000000000000000000000C7
:1029100000000000000000000000000000000000B7
:1029200000000000000000000000000000000000A7
:102930000000000000000000000000000000000097
:102940000000000000000000000000000000000087
:102950000000000000000000000000000000000077
:102960000000000000000000000000000000000067
:102970000000000000000000000000000000000057
:102980000000000000000000000000000000000047
:102990000000000000000000000000000000000037
:1029A0000000000000000000000000000000000027
:1029B0000000000000000000000000000000000017
:1029C0000000000000000000000000000000000007
:1029D00000000000000000000000000000000000F7
:1029E00000000000000000000000000000000000E7
:1029F00000000000000000000000000000000000D7
:102A000000000000000000000000000000000000C6
:102A100000000000000000000000000000000000B6
:102A200000000000000000000000000000000000A6
:102A30000000000000000000000000000000000096
:102A40000000000000000000000000000000000086
:102A50000000000000000000000000000806050360
:102A60000219000008000300BE2B0608BB7C040806
:102A70008996040810000300C62B0608BD7C0408D4
:102A8000A596040801000300BE2A0608BF7C0408BE
:102A9000C1960408F4000100C62A0608CB7C04088D
:102AA000DD96040818010100BE2A0608E77C040828
:102AB000DF9604082C3D0608BE2A0608180100000F
:102AC0000000000000000000000000000000000006
:102AD00000000000000000000000000000000000F6
:102AE00000000000000000000000000000000000E6
:102AF00000000000000000000000000000000000D6
:102B000000000000000000000000000000000000C5
:102B100000000000000000000000000000000000B5
:102B200000000000000000000000000000000000A5
:102B30000000000000000000000000000000000095
:102B40000000000000000000000000000000000085
:102B50000000000000000000000000000000000075
:102B60000000000000000000000000000000000065
:102B70000000000000000000000000000000000055
:102B80000000000000000000000000000000000045
:102B90000000000000000000000000000000000035
:102BA0000000000000000000000000000000000025
:102BB0000000000000000000000000000000000015
:102BC0000000000000000000000000000000000005
:102BD00000000000000005020000000000000000EE
:102BE0001AC23F001000120016C636000000000096
:102BF00000000000FAFB7F603000032054CE7660B6
:102C00000000000000000000FAFB7F60300003605D
:102C100054CE766000000000C3EA04080000000003
:102C2000000000005BA6040857A60408000000008E
:102C30000030000000FC010000000000400D030017
:102C400000180100000000001E306CA24553000077
:102C50000AFF4813FFFFFF0020050000C0FD320FF0
:102C600000000000010400010500030580841E002F
:102C700000D2496B00044500C0E1E40000001500EB
:102C80000161646D696E00000061646D696E000031
:102C9000000017000161646D696E00000061646DE1
:102CA000696E000000000000EBEA0408000000006C
:102CB0000000000000000000000000000000000014
:102CC000000000000D37050809370508053705081D
:102CD000A13805085FA604080000000000000000FD
:102CE00000000000000000000000000000000000E4
:102CF00000000000000000000000000000000000D4
:102D000000000000000000000000000000000000C3
:102D100000000000000000000000000000000000B3
:102D200000000000000000000000000000000000A3
:102D300000000000000000000000803F00000000D4
:102D400000000000000000000000803F00000000C4
:102D500000000000000000000000803F00000000B4
:102D60000000803F00000000000000006F12833A66
:102D70000000803F00000000BD3706356F12833A27
:102D80000000803F0000803F0000000000000000C5
:102D90000000803F00000000000000000000000074
:102DA0000000803F00000000000000000000000064
:102DB0000000803F503F0608643F0608543F060865
:102DC000703F0608743F0608803F0608683F060803
:102DD000603F06085C3F06086C3F0608783F06081F
:102DE0007C3F0608583F0608503F0608503F06083B
:102DF000503F060801010F01007A030AE8030000B2
:102E000000080002000000000A0000000800002086
:102E10000808040880000000000000000000000016
:102E200049EC040875EC040800000200182C0608A0
:102E3000F42D06080000000000000000281C060811
:102E4000FD4D0408F00000040C00CA0000080C004E
:102E5000000202080A000168DC000004204E0000A5
:102E600001DB8000382C0608000000000308000089
:102E70000101FF0029000004020001001000800091
:102E8000050D050D7F00000101000000000000029B
:102E900000000000000000005C115C110A000168E5
:102EA00001000000030002000003C00539300100EA
:102EB0005C1C06080A0001683930C0058001C003A7
:102EC0009C009C01200000000100100040420F0007
:102ED0000000000000000000280000083200002070
:102EE000F9F8F70000100010001005060AFFFFFFB8
:102EF000E8030000000000002C0100005E0100005B
:102F0000FA000000BC020000FA000000030001000B
:102F100000010000B0A3060800000000BD2E040858
:102F200000000000C72D04080000000000000000A1
:102F30000000000000000000000000000000000091
:102F40000000000000000000000000000000000081
:102F5000000000000000000000000000592E0408DE
:102F6000000000008B2E0408152D0408652D0408B0
:102F70003D2D0408272E040800000000972D0408AA
:102F800000000000AF2D040800000000E92D040837
:102F9000000000000000000000000000793204087A
:102FA00000000000753204080000000075320408BB
:102FB00000000000753204080000000075320408AB
:102FC000000000007532040800000000753204089B
:102FD000000000007532040800000000B932040847
:102FE000000000009932040800000000000000000A
:102FF00000000000000000000000000000000000D1
:1030000000000000000000000000000000000000C0
:10301000000000000000000000000000F132040881
:1030200000000000D9320408000000000000000089
:1030300000000000493304080000000009330408C0
:103040000000000029330408000000000000000018
:103050000000000000000000000000000000000070
:103060000000000000000000000000000000000060
:103070000000000000000000000000000000000050
:103080000000000000000000000000000000000040
:10309000000000000000000000000000DF33040812
:1030A00000000000E1360408000000008536040836
:1030B000000000009D37040800000000E934040807
:1030C0000000000000000000000000004D37040870
:1030D00000000000ED380408000000001936040864
:1030E000000000004535040800000000BD3504085C
:1030F000000000000000000000000000313404085F
:1031000000000000000000000000000000000000BF
:10311000B133040800000000000000003945040835
:10312000000000000000000000000000000000009F
:10313000000000000000000000000000000000008F
:10314000000000000000000000000000000000007F
:103150000000000000000000AF3004080000000084
:1031600053300408000000000000000000000000D0
:10317000000000000000000000000000000000004F
:10318000000000000000000000000000000000003F
:10319000000000000000000000000000000000002F
:1031A000753004080000000000000000000000006E
:1031B000000000000000000000000000000000000F
:1031C00000000000000000000000000000000000FF
:1031D00000000000000000000000000000000000EF
:1031E000252F04083B320408000000000000000006
:1031F00000000000000000000000000000000000CF
:10320000FF2E0408F1310408000000000000000057
:1032100000000000000000000000000000000000AE
:10322000000000000000000000000000000000009E
:10323000000000000000000000000000000000008E
:10324000000000000000000000000000000000007E
:10325000000000000000000000000000000000006E
:10326000000000000000000000000000000000005E
:10327000000000000000000000000000000000004E
:10328000000000000000000000000000000000003E
:10329000000000000000000000000000000000002E
:1032A000000000000000000000000000000000001E
:1032B0000000000000000000472F04086D320408E1
:1032C0004B2F040800000000852F040800000000B8
:1032D00000000000000000000000000000000000EE
:1032E0000000000000000000D130040800000000D1
:1032F000F33004080000000000000000000000009F
:1033000000000000000000000000000000000000BD
:1033100000000000000000000000000000000000AD
:10332000000000000000000000000000000000009D
:10333000000000000000000000000000000000008D
:10334000000000000000000000000000000000007D
:10335000000000000000000000000000000000006D
:10336000000000000000000000000000000000005D
:10337000000000000000000000000000000000004D
:103380009B310408000000003B31040800000000ED
:10339000C7310408000000001531040800000000D7
:1033A0006531040800000000A72F040871320408EA
:1033B000AB2F0408000000003130040800000000BA
:1033C00000000000000000000000000000000000FD
:1033D000CB3F0408000000000000000000000000D7
:1033E0000000000000000000753904080000000023
:1033F00000000000000000000000000000000000CD
:10340000C9390408A7420408293C040851440408A7
:10341000E13C040800000000000000000000000083
:10342000000000000000000000000000000000009C
:103430000000000000000000F3400408000000004D
:10344000B13E0408000000003B3F040800000000FB
:10345000000000000000000000000000000000006C
:10346000000000000000000000000000000000005C
:10347000000000000000000000000000000000004C
:10348000000000000000000000000000000000003C
:10349000000000000000000000000000000000002C
:1034A000513C0408000000007342040800000000C2
:1034B000000000000000000000000000000000000C
:1034C00000000000000000000000000000000000FC
:1034D00000000000000000000000000000000000EC
:1034E00000000000000000000000000000000000DC
:1034F00000000000000000000000000000000000CC
:1035000000000000000000000000000000000000BB
:1035100000000000000000000000000000000000AB
:103520000000000000000000B73D0408000000009B
:10353000F1390408000000004B42040800000000BC
:10354000C540040800000000893B04083943040812
:10355000000000000000000000000000000000006B
:10356000000000000000000000000000000000005B
:10357000000000000000000000000000000000004B
:10358000000000000000000000000000000000003B
:10359000000000000000000000000000000000002B
:1035A000000000000000000000000000000000001B
:1035B0000000000000000000B33C04080000000010
:1035C0000000000000000000693F04080000000047
:1035D000C13A040809430408DF3E04080000000063
:1035E000993A0408034304080D3F04080000000052
:1035F00000000000000000000000000000000000CB
:1036000000000000000000000D3D04080000000064
:10361000853C040800000000ED41040800000000A3
:10362000000000000000000000000000000000009A
:1036300000000000000000005941040800000000E4
:10364000B13B04083F440408654104080000000041
:10365000D93B040845440408654004080000000004
:10366000113B0408274304087140040800000000CF
:10367000393B04082D4304081D42040800000000E3
:10368000513E040800000000713A0408FD4204089D
:10369000233E040800000000493A0408F7420408E9
:1036A000193A0408AD4204080000000000000000C0
:1036B0007D40040800000000613B04083343040817
:1036C0007141040800000000013C04084B44040858
:1036D00000000000000000000000000000000000EA
:1036E00000000000000000000000000000000000DA
:1036F000413D040800000000000000000000000040
:10370000753D0408000000000000000000000000FB
:10371000B9410408000000000000000000000000A3
:10372000B941040800000000000000000000000093
:10373000813D0408000000000000000000000000BF
:103740000000000000000000EF3D04080000000041
:10375000000000000000000001400408000000001C
:10376000E93A04080F430408853E040800000000FD
:103770000000000000000000000000000000000049
:10378000973F040800000000000000000000000057
:103790002B410408000000000000000000000000B1
:1037A0000000000000000000000000000000000019
:1037B0002F4004080000000000000000000000008E
:1037C000085511004E00454F646571756500454F01
:1037D0006669666F00454F6C69737400454F736D81
:1037E00000454F7468654D656D6F7279506F6F6CF1
:1037F00000454F74696D657200454F766563746F5F
:103800007200454F566D7574657800454F56746863
:103810006543616C6C6261636B4D616E616765727B
:1038200000454F5674686553797374656D00454F54
:103830005674686554696D65724D616E6167657235
:1038400000454F4D6D7574657800454F4D7461733B
:103850006B00454F4D74686543616C6C6261636BCE
:103860004D616E6167657200454F4D7468655379AF
:103870007374656D00454F4D74686554696D65726C
:103880004D616E6167657200454F4D7468654950C2
:103890006E657400454F736F636B6574446174614A
:1038A0006772616D00454F5674686549506E657466
:1038B00000454F74686541524D656E7669726F6E52
:1038C0006D656E7400454F56746865456E76697215
:1038D0006F6E6D656E7400454F4D746865454D5350
:1038E0006170706C00454F4D746865454D53636F52
:1038F0006E666967757261746F7200454F4D7468CA
:1039000065454D53646973636F766572796C69734D
:1039100074656E657200454F4D746865454D53651D
:1039200072726F7200454F4D746865454D53736FE9
:10393000636B657400454F4D746865454D53626116
:10394000636B646F6F7200454F74686543414E64EA
:103950006973636F766572793200454F7468654D9F
:1039600041495300454F43757272656E74735761D8
:10397000746368646F6700454F746865534B494EC4
:1039800000454F7468654554486D6F6E69746F7279
:1039900000454F74686553545241494E00454F7479
:1039A00068654D454D5300454F746865496E6572B5
:1039B0007469616C733300454F74686554656D704C
:1039C000657261747572657300454F746865505314
:1039D0004300454F746865466174616C4572726F4F
:1039E0007200454F6167656E7400454F726F706677
:1039F00072616D6500454F746865424F4152447471
:103A000072616E7363656976657200454F747261A9
:103A10006E736D697474657200454F746865496EA4
:103A2000666F4469737061746368657200000101B8
:103A30000201020203010202030203030401020263
:103A40000302030304020303040304040501020246
:103A50000302030304020303040304040502030333
:103A60000403040405030404050405050601020219
:103A70000302030304020303040304040502030313
:103A800004030404050304040504050506020303F6
:103A900004030404050304040504050506030404E3
:103AA00005040505060405050605060607010202CC
:103AB00003020303040203030403040405020303D3
:103AC00004030404050304040504050506020303B6
:103AD00004030404050304040504050506030404A3
:103AE0000504050506040505060506060702030389
:103AF0000403040405030404050405050603040483
:103B00000504050506040505060506060703040465
:103B10000504050506040505060506060704050552
:103B20000605060607050606070607070800000043
:103B3000430000000900000016000000050000001E
:103B40000B000000620000000600000007000000FB
:103B50000800000000000000B5B60508B15B0508CC
:103B600000000000000000000080000001000000D4
:103B7000004000000200000000C0FFFF0300000042
:103B8000FFFFFFFF0E000000FEFFFFFF0F00000021
:103B900001000100090000002526060800000000C1
:103BA000B81C0608A81C0608C81C0608D81C06086D
:103BB000F81C0608E81C0608081D0608281D06084B
:103BC000181D0608681D0608481D0608581D060829
:103BD000381D0608D81D0608781D0608981D060819
:103BE000881D0608A81D0608B81D0608C81D060879
:103BF000181E0608F81D0608081E0608E81D060817
:103C0000581E0608381E0608481E0608281E060804
:103C1000B81E0608681E0608781E0608981E0608C4
:103C2000881E0608A81E0608F81E0608D81E0608E4
:103C3000E81E0608C81E06084421060824210608B6
:103C400034210608C4220608A4210608D421060847
:103C5000F4210608E421060814220608B421060807
:103C6000C421060804220608442206086422060825
:103C7000B422060874220608842206089422060844
:103C800054220608A4220608242206083422060824
:103C90005421060884210608942106086421060898
:103CA0007421060884230608D4220608E4220608A4
:103CB000F422060844230608342306085423060881
:103CC0000423060824230608142306086423060890
:103CD0007423060838270608082706081827060848
:103CE00028270608E8260608F8260608B827060842
:103CF00098270608A82706086827060858270608F0
:103D0000882706087827060848270608082806088E
:103D1000C8270608D8270608E8270608F82706084F
:103D2000382806082828060818280608A42A06089D
:103D3000842A0608942A0608642A0608742A0608B3
:103D400086460608C24606082A460608334606087E
:103D50002E46060823460608184706087946060830
:103D60003347060825470608B64606083F470608B3
:103D70005346060899460608E4460608D64606084D
:103D8000CA4606088B460608864606087046060898
:103D9000264606081B4706087C46060836470608DE
:103DA000284706087046060870460608704606084A
:103DB00070460608AF4606087046060870460608B4
:103DC0004C460608A746060801110000D01701005E
:103DD00000000008000010000000002000000200A9
:103DE00003800000000000000064756D6D79000024
:103DF00000000000000000000000000000000000C3
:103E0000000000000000000004300300DDB71602CF
:103E100000000000000000000000000000000000A2
:103E2000030C0000001C0000007368616C494E46E2
:103E30004F00000000000000000000000000000033
:103E4000000000000000000043010000001C000012
:103E500043040000501C000004200300DDB73602BC
:103E60000000000000000000000000000000000052
:103E70000310000000180000007368616C5041528C
:103E800054000000000000000000000000000000DE
:103E9000000000000000000004000300DDB716026F
:103EA0000000100800000000C0FF012040000000DA
:103EB000032000000018000000736861725345522F
:103EC000560000000000000000000000000000009C
:103ED000000000000000000003010000001F0000BF
:103EE00073744346470000001F6803085D690308B8
:103EF000737452554E000000FB680308756903088F
:103F000073744552520000008D6803086969030804
:103F10000001000091690308000201008F69030895
:103F2000010002009369030801020100956903087A
:103F30000304030004000000E03E0608103F0608EA
:103F40001D6803089769030849EB04080000000096
:103F50004552520046656200446563004175670042
:103F60004A756C004A616E004A756E0053657000B8
:103F70004D617200417072004F6374004E6F7600A5
:103F80004D617900656F5F6C6973745F4E6577286A
:103F9000293A20656F5F766563746F726361706143
:103FA000636974795F64796E616D6963206F6E6CAB
:103FB0007920696620656F5F6D656D706F6F6C5FEE
:103FC000616C6C6F635F64796E616D696300656FCE
:103FD000765F7379735F6869645F496E697469615C
:103FE0006C69736528293A204E554C4C20676574DE
:103FF000637572727461736B00656F765F7379734A
:104000005F6869645F496E697469616C697365288A
:10401000293A204E554C4C20737461727400656FC0
:10402000765F74696D65726D616E5F6869645F4922
:104030006E697469616C69736528293A204E554C24
:104040004C206F6E64656C74696D65725F666E009E
:10405000656F765F74696D65726D616E5F686964C6
:104060005F496E697469616C69736528293A204EED
:10407000554C4C206F6E6E657774696D65725F6626
:104080006E00756E6E616D656400656F6D5F746165
:10409000736B5F4E657728293A20756E7375707063
:1040A0006F72746564207479706500656F6D5F74FC
:1040B00061736B5F4E657728293A206F73616C20BE
:1040C0006769766573204E554C4C2063622D6D6593
:1040D0007373616765717565756500656F6D5F7494
:1040E00061736B5F4E657728293A206F73616C208E
:1040F0006769766573204E554C4C206D2D6D657348
:1041000073616765717565756500656F6D5F746175
:10411000736B5F4E657728293A206F73616C206757
:1041200069766573204E554C4C2063622D61726731
:10413000756D656E74717565756500656F6D5F741D
:1041400061736B5F4E657728293A206F73616C202D
:104150006769766573204E554C4C206F73616C74A3
:1041600061736B006970616C5F7379735F73746105
:1041700072742829206A7573742063616C6C65649D
:1041800000656F6D5F69706E65745F496E69746913
:10419000616C69736528293A206F73616C206361D3
:1041A0006E74206769766520626C6F636B696E67F9
:1041B00073656D6170686F726500656F6D5F6970C2
:1041C0006E65745F496E697469616C6973652829ED
:1041D0003A204E554C4C20697063666700735F65EA
:1041E0006F6D5F69706E65745F6174746163685F41
:1041F000727173745F647467736F636B657428297D
:104200003A20626C6B67657468616E646C652069E6
:1042100073206E6F742063726561746564206279C7
:10422000206F73616C00656F6D5F69706E65745FA0
:10423000496E697469616C69736528293A206F73E6
:10424000616C2063616E742067697665206D747897
:1042500063616C6C6572005F496E697469616C6959
:1042600073652829206A7573742065786563757491
:10427000656420666F722049503A202573005F49BB
:104280006E697469616C6973652829206578656356
:104290007574696E6720666F722049503A202573E5
:1042A00000656F6D5F69706E65745F496E697469F2
:1042B000616C69736528293A206F73616C206361B2
:1042C0006E742067697665206120646772616D7322
:1042D0006F636B6574726561647932747800656FC1
:1042E0006D5F69706E65745F496E697469616C6950
:1042F000736528293A2030206D61786461746167A4
:1043000072616D656E717565756564696E7478004E
:10431000735F656F6D5F69706E65745F70726F63F8
:104320006573735F7472616E736D697373696F6EB9
:104330005F646174616772616D28293A20646772F5
:10434000616D6669666F6F7574707574206973202E
:10435000656D70747900656F5F736F636B6574640E
:1043600074675F4F70656E28293A20736F636B65C1
:10437000742063616E6E6F7420626520696E2062C6
:104380006C6F636B696E67206D6F64652069662072
:104390007478206F6E6C7900656F765F69706E65FA
:1043A000745F6869645F496E697469616C6973659B
:1043B00028293A204E554C4C206174746163685F23
:1043C000666E00735F656F5F61726D656E765F73B9
:1043D000686172656473657276696365735F73792A
:1043E0006E6368726F6E69736528293A2063616E27
:1043F0006E6F742073796E63206D6F64696E666F83
:1044000000735F656F5F61726D656E765F73686183
:1044100072656473657276696365735F73796E63E1
:1044200068726F6E69736528293A2063616E6E6FDA
:10443000742073796E6320627264696E666F0073B4
:104440005F656F5F61726D656E765F7368617265DF
:104450006473657276696365735F73796E6368729E
:104460006F6E69736528293A2063616E6E6F7420E0
:104470007265616420646576696E666F00656F764B
:104480005F656E765F6869645F496E697469616CC7
:1044900069736528293A204E554C4C207368617227
:1044A0006564646174615F73796E6300656F765FE4
:1044B000656E765F6869645F496E697469616C698D
:1044C000736528293A204E554C4C2070726F635FFB
:1044D0006F66667365745F676574004F4646004F8C
:1044E0004E00656F6D5F69706E65745F5265736FC6
:1044F0006C766549502829206973206F7665722E85
:10450000204C696E6B20772F20686F7374202573A1
:1045100020697320257300656F6D5F656D73736F20
:10452000636B65745F436F6E6E656374206973209F
:104530006F7665722E204C696E6B20772F20686F26
:1045400073742025732069732025730061626F7571
:104550007420746F2063616C6C20656F6D5F656D96
:1045600073736F636B65745F436F6E6E65637428FE
:104570002920746F20686F737420257320772F2093
:1045800074696D656F7574203530306D7300656FBB
:104590006D5F656D73646973636F766572796C695D
:1045A0007374656E65725F496E697469616C697375
:1045B0006528293A20454F4D74686549506E6574E9
:1045C000206E6F74207374617274656420796574F1
:1045D00000656F6D5F656D7372756E6E65725F49B4
:1045E0006E697469616C69736528293A2074696D14
:1045F000696E6773206F66207461736B73206E6FD2
:104600007420636F6D70617469626C6500454F4D15
:10461000746865454D5372756E6E657200744944D9
:104620004C450068775F4E4D490048414C00495069
:10463000414C004F53414C007365652054424C007F
:1046400074554E4B4E0074494E49540050656E648B
:104650005356006F73616C5F67656E6572696300C6
:10466000697073722025642C2074696420256400AD
:1046700052657365727665640068775F4D656D4D50
:10468000616E616765006E6F6E65006F73616C5F70
:10469000737461636B6F7666006F73616C5F7772C2
:1046A0006F6E67636667005379735469636B005379
:1046B0005643616C6C0068775F44656275674D6F47
:1046C0006E00756E6B6E6F776E006F73616C5F75E9
:1046D0006E73757070006F73616C5F77726F6E6769
:1046E000706172006F73616C5F6865617069736F90
:1046F0007665720049525148616E202573205468D6
:1047000072656164202573007479706520257300DB
:1047100040202564206D730068775F4861726446AD
:1047200061756C740068775F557361676546617584
:104730006C740068775F4275734661756C740068CD
:10474000775F44656661756C740068616E646C6562
:10475000722025732C20636F6465203078257800E3
:104760007230203D20307825303878207231203D5D
:1047700020307825303878007232203D203078257E
:10478000303878207233203D20307825303878005A
:1047900044465352203D20307825303878204D4D06
:1047A000464152203D203078253038780049435327
:1047B00052203D20307825303878205348435352DA
:1047C000203D203078253038780042464152203D47
:1047D000203078253038782041465352203D203013
:1047E00078253038780043465352203D20307825D4
:1047F0003038782048465352203D203078253038D4
:10480000780049525178006C656E6774685F657214
:10481000726F7220776173207468726F776E20698F
:104820006E202D666E6F2D657863657074696F6E8E
:1048300073206D6F64652077697468206D6573738C
:104840006167652022257322004877206C696D20FE
:10485000726561636865643A206D63703A2564200F
:10486000637A3A256420636F3A2564206570733A51
:1048700025640063616C696220363A6F75744C6917
:104880006D3A2063703A2564206D783A252E3166A2
:10489000206D6E3A252E31660043414C494220314D
:1048A00032206A2025643A206F66667365743D2560
:1048B00064207A65726F3D256420006572726F72A4
:1048C0002074797065362E63757272656E743D253D
:1048D00064004572726F7220696E20636F6E766538
:1048E0007274696E6720726F746174696F6E207480
:1048F0006F20656E756D207265743A2025750065B0
:104900006F5F726F706672616D655F524F505F507E
:104910006172736528293A20656F5F7061727365F3
:10492000725F476574524F5028292063616C6C6533
:104930006420772F204E554C4C20706172616D734E
:1049400000656F5F7472616E736D69747465725F18
:10495000726567756C61725F726F70735F4C6F61C7
:104960006428293A2063616E74206C6F6164206151
:1049700020726567756C617220524F50206F6620FF
:1049800072656D6F7465207661726961626C652015
:10499000772F207061796C6F616400656F5F74724E
:1049A000616E736D69747465725F4E657728293A1C
:1049B00020726F706672616D6572656164793274C0
:1049C00078206973206E6F742076616C696400735F
:1049D0005F656F5F7472616E736D69747465725F29
:1049E000726F70735F4C6F616428293A2063616E47
:1049F000742068617665204E554C4C20726F70644F
:104A000065732D3E646174612077697468207265F6
:104A10006D206F776E65727368697000735F656F84
:104A20005F7472616E736D69747465725F726F70BA
:104A3000735F4C6F616428293A206661696C73204A
:104A4000696E2070726F63657373696E6720612091
:104A5000636F6E662D72657175657374005359537B
:104A60003A207468652070726F78792068617320CD
:104A700072656365697665642061207265706C7922
:104A80002E20004346473A20494343646973636FCD
:104A90007665727920726573756C743A20004346AE
:104AA000473A2043414E646973636F76657279209B
:104AB00068617320646574656374656420004346AF
:104AC000473A2043414E646973636F76657279207B
:104AD00063616E6E6F742066696E642000496E209B
:104AE000706172363420636F756E747320666F72F6
:104AF00020746865206E756D626572206F66206532
:104B000072726F727320696E203130207365636F2B
:104B10006E6473206D61736B65642061733A20630A
:104B20007263206572726F722030786666666630D6
:104B300030303030303030303030302C206932631B
:104B400020636F6D6D206572726F72203078303027
:104B500030306666666630303030303030302C2091
:104B60006E6F6E69757320747261636B207065720D
:104B7000696F6420636F6E73697374656E63792007
:104B80006572726F722030783030303030303030B3
:104B900066666666303030302C20656363657373FB
:104BA00069766520696E707574207369676E616CD3
:104BB000206672657175656E637920666F72206319
:104BC0006F6E76657274657273206572726F722093
:104BD0003078303030303030303030303030666621
:104BE00066662000455448206D6F6E69746F723A96
:104BF000206C696E6B20676F657320646F776E2021
:104C000000455448206D6F6E69746F723A20646578
:104C10007465637465642052582043524320657262
:104C2000726F722000696E20706172363420746871
:104C30006572652061726520746865205B736967C1
:104C40006E7C696433325D2C20696E207061723134
:104C500036205B63617061636974797C73697A651E
:104C60005D206F662070726F7879206C6973742094
:104C700000496E2070617231362074686572652754
:104C8000732074686520636F72726573706F6E64F1
:104C9000696E6720636F64652028303A204F46466E
:104CA0002C20313A204F4E2900496E20706172311C
:104CB0003620746865726527732074686520637593
:104CC0007272656E74207374617465206F662074EF
:104CD000686520454D5320626F6172642028303A28
:104CE000204346472C20313A2052554E2900496E28
:104CF0002070617231362074686520747970652087
:104D00006F6620736572766963652900496E20704D
:104D10006172363420636F756E747320666F722013
:104D2000746865206E756D626572206F66206572AD
:104D3000726F727320696E203130207365636F6EFD
:104D4000647320286C6F7765723A204C532033329D
:104D500062697473206E6F6E6975735F6D61787CC4
:104D60006E6F6E6975735F6D696E2C2075707065FE
:104D7000723A204D5320333262697473206D61732F
:104D80007465725F6D61787C6D61737465725F6D5F
:104D9000696E2900496E2070617231362074686531
:104DA0002074797065206F6620736572766963651B
:104DB0002C20696E207061723634204C53203332BF
:104DC00020626974732074686520626974206D6163
:104DD000736B206F66206C6F737420626F617264F6
:104DE000202843414E3120696E204D53203136201A
:104DF0006269747320616E642043414E3220696E93
:104E0000204C5320313620626974732900496E208A
:104E1000736F75726365616464726573732074681F
:104E20006520654F6D6E5F736572765F6361746553
:104E3000676F72795F742C20696E207061723634EE
:104E4000204C5320333220626974732074686520CB
:104E5000626974206D61736B206F6620626F61728E
:104E60006473202843414E3120696E204D53203118
:104E700036206269747320616E642043414E322093
:104E8000696E204C532031362062697473290053B7
:104E900059533A2074686520454F4D746865454DF7
:104EA0005372756E6E657220636F756C64206E6FE1
:104EB00074207478206120554450207061636B65C4
:104EC00074207769746820656F6D5F656D73736FAB
:104ED000636B65745F5472616E736D697428292EFB
:104EE000005359533A2074686520454F4D746865E6
:104EF000454D53636F6E666967757261746F72209A
:104F0000636F756C64206E6F742074782061205517
:104F10004450207061636B65742077697468206504
:104F20006F6D5F656D73736F636B65745F547261F2
:104F30006E736D697428292E00496E20706172317C
:104F4000363A206E756D626572206F6620726571EB
:104F500075657374656420626F6172647320696E35
:104F6000203078666630302C206D6178206E756D4B
:104F700062657220696E203078303066662E204976
:104F80006E2070617236343A206D61736B206F66EB
:104F90002072657175657374656420626F617264F7
:104FA0007320696E203078303030303030303066E9
:104FB00066666630303030202863616E32292061A9
:104FC0006E64203078303030303030303030303037
:104FD0003066666666202863616E31292E004D4377
:104FE0003A204162736F6C75746520656E636F64FF
:104FF00065722074696D656F75742E204E6F206127
:105000006E737765722066726F6D20746865206DAF
:1050100061676E6574696320706F736974696F6E20
:105020002073656E736F72206F6620746865206AE6
:105030006F696E7420286361626C652062726F6BA9
:10504000656E3F292E00496E2070617231362074E2
:1050500068652072657175657374656420284D53A9
:10506000422920616E6420746865206173736967EA
:105070006E656420284C5342292E00496E207061D1
:10508000723136203D2061627320656E636F646506
:105090007220706F727420286D73622920616E64B3
:1050A000204944206F66206A6F696E7420286C73F3
:1050B00062292E005359533A2074686520626F614B
:1050C000726420686173206465746563746564202C
:1050D000612072657374617274206F6620746865F4
:1050E0002072656D6F7465207472616E736365699B
:1050F00076657220626563617573652074686520EA
:10510000727820726F706672616D6520736571755B
:10511000656E6365206E756D6265722069732031FE
:105120002E005359533A2074686572652077617375
:1051300020612070617273696E67206572726F7290
:10514000206F662061207265636569766564205210
:105150004F502E004D433A2032464F432077726F16
:105160006E672073746174652E2054686520324622
:105170004F43206D6F746F7220636F6E74726F6C2B
:105180006C657220697320696E206120636F6E7494
:10519000726F6C20737461746520646966666572F1
:1051A000656E742066726F6D2072657175697265C7
:1051B000642062792074686520454D532E00496E45
:1051C00020706172313620746865726520697320C1
:1051D0006672616D652E696420616E64206672611D
:1051E0006D652E73697A652028696E206D6F737402
:1051F000207369676E69666963616E74206E6962A7
:10520000626C65292E20496E2070617236342074DC
:105210006865726520697320746865206672616DC7
:10522000652E646174612E00496E207061723136A2
:1052300020746865726520697320636C61737320E4
:10524000696E206D736220616E6420636D646964B1
:1052500020696E206C73622E00534B3A207468658F
:1052600020626F6172642068617320726563656992
:1052700076656420616E206F62736F6C6574652063
:10528000636F6D6D616E64206F6620747970652048
:10529000656F736B5F7369676D6F64655F73696773
:1052A0006E616C5F6F6C647761792E207573652019
:1052B000656F736B5F7369676D6F64655F73696753
:1052C0006E616C20696E73746561642E004D433AA3
:1052D0002032464F43207175616472617475726546
:1052E00020656E636F6465722064697274792E2024
:1052F000546865206E756D626572206F66207468F3
:1053000069636B7320696E206120636F6D706C65DB
:105310007465207265766F6C7574696F6E206F6648
:1053200020746865206D6F746F7220776173206CD4
:105330006F776572207468616E206578706563743C
:1053400065642C20746865206F70746963616C20DB
:105350006469736B73206E65656420746F20626589
:1053600020636C65616E65642E005359533A207456
:1053700068652070726F7879206661696C7320743B
:105380006F2066696E6420616E20696E7465726E4E
:10539000616C6C792073746F72656420726F702E0B
:1053A000206D6179626520666F7277617264207228
:1053B00065717565737420776173206578706972A3
:1053C00065642E004D433A2065787465726E616C99
:1053D000206661756C7420627574746F6E207072D3
:1053E00065737365642E005359533A2074686520C1
:1053F000444F207068617365206F66207468652073
:10540000636F6E74726F6C206C6F6F702068617365
:10541000206C617374206D6F7265207468616E20FA
:1054200077616E7465642E005359533A2074686531
:10543000205258207068617365206F66207468651B
:1054400020636F6E74726F6C206C6F6F7020686178
:1054500073206C617374206D6F7265207468616E67
:105460002077616E7465642E005359533A20746836
:1054700065205458207068617365206F66207468D9
:105480006520636F6E74726F6C206C6F6F70206834
:105490006173206C617374206D6F72652074686134
:1054A0006E2077616E7465642E00455448206D6FE0
:1054B0006E69746F723A206A7573742073746172C6
:1054C0007465642E005359533A2043414E20707244
:1054D000696E74206D6573736167652072656365BD
:1054E000697665642E004D433A2032464F4320438F
:1054F000414E2067656E65726963206572726F72D6
:105500002E204572726F72732068617070656E65CF
:105510006420696E207468652043414E2062757373
:10552000206265747765656E2074686520454D530B
:1055300020616E64207468652032464F4320626F9C
:105540006172642E005359533A20454F7468654385
:10555000414E73657276696365207265636569762D
:10556000656420612063616E6672616D652066729C
:105570006F6D20612077726F6E6720626F61726459
:105580002E004346473A20454F746865536572764E
:105590006963657320686173206E6F742079657428
:1055A0002066696E697368656420766572696679DC
:1055B000696E6720746865207265717569726564CB
:1055C0002073657276696365732E207265737461EA
:1055D000727420726F626F74496E74657266616373
:1055E000652E004346473A20454F746865496E650D
:1055F000727469616C73332063616E6E6F742062C4
:105600006520636F6E666967757265642E205468E5
:10561000697320626F61726420646F6573206E6FBE
:105620007420737570706F7274207468697320735E
:105630006572766963652E004346473A20454F748C
:1056400068655053432063616E6E6F7420626520FD
:10565000636F6E666967757265642E20546869733E
:1056600020626F61726420646F6573206E6F7420B6
:10567000737570706F7274207468697320736572CB
:10568000766963652E004346473A20454F74686546
:1056900053545241494E2063616E6E6F74206265AF
:1056A00020636F6E666967757265642E2054686941
:1056B0007320626F61726420646F6573206E6F7413
:1056C00020737570706F72742074686973207365CD
:1056D00072766963652E004346473A20454F7468E9
:1056E00065534B494E2063616E6E6F742062652076
:1056F000636F6E666967757265642E20546869739E
:1057000020626F61726420646F6573206E6F742015
:10571000737570706F72742074686973207365722A
:10572000766963652E004346473A20454F746865A5
:105730004D4149532063616E6E6F74206265206332
:105740006F6E666967757265642E20546869732090
:10575000626F61726420646F6573206E6F74207372
:105760007570706F727420746869732073657276D7
:105770006963652E004346473A20454F746865507B
:105780004F532063616E6E6F7420626520636F6E8D
:10579000666967757265642E205468697320626F4C
:1057A00061726420646F6573206E6F74207375700E
:1057B000706F7274207468697320736572766963A0
:1057C000652E004346473A20454F746865456E6331
:1057D0006F6465725265616465722063616E6E6F9D
:1057E0007420626520636F6E666967757265642EEA
:1057F000205468697320626F61726420646F6573FE
:10580000206E6F7420737570706F72742074686985
:105810007320736572766963652E004346473A20AC
:10582000454F7468654D6F74696F6E436F6E747227
:105830006F6C6C65722063616E6E6F7420626520A0
:10584000636F6E666967757265642E20546869734C
:1058500020626F61726420646F6573206E6F7420C4
:10586000737570706F7274207468697320736572D9
:10587000766963652E004346473A20454F74686554
:1058800054656D7065726174757265732063616EC5
:105890006E6F7420626520636F6E666967757265EE
:1058A000642E205468697320626F61726420646F93
:1058B0006573206E6F7420737570706F72742074CE
:1058C00068697320736572766963652E00496E207E
:1058D00070617231362074686572652069733A2090
:1058E0006F6E206D7362207468652072782066691F
:1058F000666F2073697A652C20696E206C73622054
:105900006120636F64652E00496E207061723136CC
:105910002074686572652069733A206F6E206D731C
:1059200062207468652073697A65206F66207478D8
:105930006669666F2C206F6E206C73622061206335
:105940006F64652E00534B3A20756E737065636902
:105950006669656420636F64652E005359533A206D
:10596000454F74686543414E73657276696365207F
:10597000636F756C64206E6F742070617273652044
:10598000612072782063616E206672616D652E0001
:105990005359533A206120736572766963652068B4
:1059A00061732064657465637465642074686174F0
:1059B00020736F6D652043414E20626F6172647386
:1059C00020617265206E6F742062726F6163617313
:1059D00074696E6720616E796D6F72652E00535920
:1059E000533A20612073657276696365206861733C
:1059F000207265636F766572656420736F6D6520D4
:105A000043414E20626F6172647320746861742038
:105A100077657265206E6F742062726F6163617367
:105A200074696E6720616E796D6F72652E005359CF
:105A3000533A2074686520626F61726420776173E5
:105A4000206E6F7420666F756E6420647572696E67
:105A5000672074686520646973636F766572792066
:105A600070686173652E004D433A2032464F4320E3
:105A700043414E20696E76616C69642070726F7468
:105A80006F636F6C2E2054686520454D5320616E06
:105A9000642032464F43206669726D7761726520DB
:105AA00076657273696F6E732061726520696E63CB
:105AB0006F6D70617469626C652C20706C656173C8
:105AC00065207570646174652E005359533A2074D3
:105AD000686520454F746865496E666F44697370E8
:105AE00061746368657220636F756C64206E6F7497
:105AF00020616363657074206120654F6D6E5F691E
:105B00006E666F5F70726F706572746965735F74D3
:105B1000206974656D20696E7369646520697473AA
:105B2000207472616E736D697474696E672071752B
:105B30006575652E00496E2070617231363A2062BB
:105B40006F617264206164647265737320696E2092
:105B50003078303030662E20496E207061723634D5
:105B60003A207365617263682074696D65205B6DAE
:105B7000735D20696E20307866666666303030303E
:105B800030303030303030302C20626F6172642021
:105B90007479706520696E203078303030306666F8
:105BA000303030303030303030302C2070726F7404
:105BB00020696E203078303030303030666666666E
:105BC0003030303030302C20667720696E203078CD
:105BD0003030303030303030303066666666666681
:105BE0002E00496E2070617231363A2066616B6515
:105BF0002073656172636820696E2030786630308A
:105C0000302C206E756D626572206F6620626F6148
:105C100072647320696E203078303066662E2049B9
:105C20006E2070617236343A207365617263682049
:105C300074696D65205B6D735D20696E20307866D8
:105C40006666663030303030303030303030302CB6
:105C500020626F617264207479706520696E2030F3
:105C60007830303030666630303030303030303080
:105C7000302C207265712070726F7420696E203034
:105C800078303030303030666666663030303030F4
:105C9000302C2072657120667720696E2030783054
:105CA0003030303030303030306666666666662EB2
:105CB000006170706C69636174696F6E20737461E8
:105CC000746520697320696E2070617231362630E8
:105CD0007830303066203A2030202D3E206A7573AF
:105CE000742028726529737461727465642C203184
:105CF000202D3E2069646C652C2032202D3E2072C0
:105D0000756E6E696E672E00496E20706F7274201A
:105D10007370656369666965642062792070617279
:105D20003136202830203D2045544820696E70755A
:105D300074202850322F5031332F4A3429202C2000
:105D400031203D20455448206F75747075742028AB
:105D500050332F5031322F4A3529202C2032203D0C
:105D600020696E7465726E616C292E204170706CB2
:105D700069636174696F6E207374617465206973FF
:105D800020696E206D6F7374207369676E69666930
:105D900063616E74206E6962626C65206F6620704C
:105DA000617236343A2030202D3E204E2F412C2077
:105DB00031202D3E2069646C652C2033202D3E203F
:105DC00072756E6E696E672E00496E20706F727408
:105DD000207370656369666965642062792070610B
:105DE000723136202830203D2045544820696E709D
:105DF0007574202850322F5031332F4A3429202CEB
:105E00002031203D20455448206F757470757420F2
:105E10002850332F5031322F4A3529202C20322060
:105E20003D20696E7465726E616C292E2020417070
:105E3000706C69636174696F6E207374617465203E
:105E40006973206D6F7374207369676E6966696327
:105E5000616E74206E6962626C65206F662070618D
:105E60007236343A2030202D3E204E2F412C2031E6
:105E7000202D3E2069646C652C2033202D3E20723D
:105E8000756E6E696E672E004D433A206F766572AF
:105E900068656174696E672E2054656D7065726106
:105EA00074757265206861726477617265206C69CF
:105EB0006D69742065786365656465642E20546837
:105EC00065206D6F746F7220686173206265656E06
:105ED000207475726E6564206F666620746F207022
:105EE000726576656E742069742066726F6D2062CB
:105EF00065696E672064616D616765642062792001
:105F00006F76657268656174696E672E00535953C8
:105F10003A20612073657276696365206861732039
:105F20007265636F766572656420616C6C204341B5
:105F30004E20626F617264732074686174207765AB
:105F40007265206E6F74207472616E736D69747403
:105F5000696E672E005359533A206120736572763B
:105F60006963652068617320646574656374656442
:105F7000207468617420736F6D652043414E206208
:105F80006F6172647320617265207374696C6C2038
:105F90006E6F74207472616E736D697474696E676C
:105FA0002E005359533A20454F74686543414E7350
:105FB00065727669636520726563656976656420DC
:105FC000612063616E6672616D65206361757365E2
:105FD00064206279204D4149536275672E00496EF5
:105FE000207061723136203D204944206F66207454
:105FF0006865206A6F696E742E20496E2070617228
:1060000036342030784646464620697320746865E9
:10601000206D61736B206F662074686520726177F4
:1060200020746D7065726174757265206665656453
:106030006261636B2E004857202D20616D6F2065D3
:106040006E636F646572207374617475733020655C
:1060500072726F723A20706F6F722D6C6576656C1C
:10606000206F7220636C697070696E6720696E20A2
:10607000746865207369676E616C206F66206D615E
:106080007374657220616E642F6F72206E6F6E691B
:10609000757320747261636B2E004857202D206148
:1060A0006D6F20656E636F646572207374617475C3
:1060B0007331206572726F723A206572726F7273FB
:1060C000206F6E2072656164696E67206F6E206D4F
:1060D000617374657220616E642F6F72206E6F6ED3
:1060E00069757320747261636B2E004D433A2054BE
:1060F00044422063616E6E6F7420726563656976D9
:106100006520616E792064617461206F6E20493270
:1061100043206368616E6E656C2E204D6F746F72E4
:106120002074656D70657261747572652064657444
:10613000656374696F6E20626F6172642069732099
:106140006E6F7420726563656976696E6720616E33
:10615000792064617461206F6E20746865206932F3
:1061600043206368616E6E656C2E005359533A206C
:1061700074686520626F6172642068617320696E63
:10618000636F6D70617469626C65206677207072F0
:106190006F746F636F6C2076657273696F6E2E001B
:1061A000496E2070617231362074686572652069AD
:1061B000732072657175697265642070726F742CDA
:1061C00020696E20706172363420746865726520B3
:1061D000697320646574656374656420747970659F
:1061E0002C20667720616E642070726F7420766553
:1061F0007273696F6E2E006F6E2074686520737005
:10620000656369666965642043414E206275732049
:10621000616464722E20496E20706172363420747D
:10622000686572652069732074686520747970658B
:106230002C20667720616E642070726F7420766502
:106240007273696F6E2E005359533A206120736543
:106250007276696365206861732064657465637430
:106260006564207468617420736F6D652043414ECE
:1062700020626F6172647320686176652073746F49
:1062800070706564207472616E736D697373696F89
:106290006E2E004346473A20454F7468655053437D
:1062A0002063616E6E6F7420626520636F6E666935
:1062B00067757265642E2069742077617320616C44
:1062C00072656164792061637469766174656420C4
:1062D0007769746820646966666572656E742063A8
:1062E0006F6E66696775726174696F6E2E004346E2
:1062F000473A20454F7468654D4149532063616EAC
:106300006E6F7420626520636F6E66696775726573
:10631000642E2069742077617320616C72656164FA
:106320007920616374697661746564207769746843
:1063300020646966666572656E7420636F6E666957
:106340006775726174696F6E2E004346473A204547
:106350004F746865504F532063616E6E6F74206296
:106360006520636F6E666967757265642E20697457
:106370002077617320616C72656164792061637458
:1063800069766174656420776974682064696666FB
:106390006572656E7420636F6E666967757261748D
:1063A000696F6E2E0048573A2073747261696E20CF
:1063B00076616C7565732073617475726174696F51
:1063C0006E2E00496E207061723136203D204944A6
:1063D000206F66206A6F696E742E20496E2070618E
:1063E000723634206C736220382062697473203DE9
:1063F00020636F6E74726F6C206D6F64652C206DFE
:1064000073622033322062697473203D20666565B3
:10641000646261636B206A6F696E7420706F736968
:1064200074696F6E2E005359533A20746865206268
:106430006F6172642068617320646574656374655C
:106440006420616E20696E76616C696420726F7081
:106450006672616D6520696E20726563657074692E
:106460006F6E2E005359533A207468652048414C92
:1064700020636F756C64206E6F742070757420617A
:106480002043414E206672616D6520696E207278EE
:10649000206669666F2E005359533A20454F746841
:1064A0006543414E7365727669636520636F756CF1
:1064B00064206E6F742061646420612043414E202B
:1064C0006672616D6520696E207478206669666FFA
:1064D0002E005359533A20454F74686543414E731B
:1064E0006572766963652068617665206A75737484
:1064F0002070757420612063616E206672616D6525
:1065000020696E207478206669666F2E00496E20BF
:1065100070617231363A20746865206E6962626C0F
:106520006520636F6E7461696E7320307830206906
:1065300066206F6B2C206D61736B20307831206981
:10654000662077726F6E6720747970652C206D619C
:10655000736B203078322069662077726F6E672007
:1065600066772C206D61736B20307834206966204B
:1065700077726F6E672070726F742C206D61736B11
:10658000203078382069662077726F6E6720706FD0
:1065900072742C206D61736B203078313020696605
:1065A000206E6F7420726573706F6E6420746F203C
:1065B00070696E672E204F6E207061722036342015
:1065C00069742068617320696E666F206F6E204663
:1065D0005720616E642070726F746F636F6C2076E9
:1065E000657273696F6E2C20706F727420616E64B7
:1065F00020626F61726420696E666F2E00434647A9
:106600003A2063616E6E6F74206C6F61642061204C
:10661000726567756C617220726F702E0045544808
:10662000206D6F6E69746F723A206C696E6B2067B3
:106630006F65732075702E005359533A2061207393
:106640006572766963652068617320766572696634
:1066500069656420746861742074686520545820EA
:106660006F66206974732043414E20626F617264CB
:106670007320697320726567756C61722E00496EB4
:1066800020706172363420746865726520697320E9
:10669000746865206578706563746564206E756DD7
:1066A0006265722E005359533A2074686520626FF8
:1066B00061726420686173206465746563746564E5
:1066C000206120686F6C6520696E20727820726F7F
:1066D000706672616D652073657175656E636520A6
:1066E0006E756D6265722E00496E20706172313672
:1066F000207468656972206E756D6265722E005334
:1067000059533A207468652063616E20646973632D
:106710006F7665727920736572766963652064654A
:10672000746563746564207468617420736F6D654B
:1067300020626F6172647320617265206D6973738A
:10674000696E672E20436865636B207769746820E3
:1067500063616E4C6F616465722E005359533A2029
:10676000454F74686543414E736572766963652071
:106770006861732064657465637465642061206773
:10678000656E65726963206572726F722E0053596F
:10679000533A207468652048414C207472696767D9
:1067A0006572656420616E206572726F722E00538F
:1067B00059533A20746865204950414C20747269DD
:1067C00067676572656420616E206572726F722EF4
:1067D000005359533A20746865204F53414C20743C
:1067E000726967676572656420616E206572726F99
:1067F000722E004D433A2067656E65726963206DA5
:106800006F746F72206572726F722E004D433A2062
:1068100068617264206C696D697420726561636877
:1068200065642E20546865206A6F696E7420706FED
:10683000736974696F6E206973206F75747369640E
:106840006520697473206861726477617265206283
:106850006F756E6461726965732E004D433A203224
:10686000464F43207175616472617475726520656D
:106870006E636F6465722070686173652062726F09
:106880006B656E2E20546865206D6F746F72206585
:106890006E636F646572206973206E6F7420636F1E
:1068A000756E74696E67206576656E206966207402
:1068B0006865206D6F746F72206973206D6F7669E3
:1068C0006E672C20706C6561736520636865636B0F
:1068D000206D6F746F7220656E636F6465722063E4
:1068E00061626C65732E004D433A2032464F43205F
:1068F0007175616472617475726520656E636F6431
:10690000657220696E6465782062726F6B656E2EA9
:1069100020546865207265666572656E63652073D4
:1069200070656369616C20746869636B207761735B
:10693000206E6F742064657465637465642064758B
:1069400072696E67206120636F6D706C657465207D
:106950007265766F6C7574696F6E206F66207468EF
:1069600065206D6F746F722C20706C65617365208B
:10697000636865636B206D6F746F7220656E636F03
:10698000646572206361626C65732E00496E2070CD
:106990006172363420746865726520617265207496
:1069A0006865207365617263686564206164647200
:1069B000657373657320726570726573656E746557
:1069C00064206173206E6962626C65732E00496E8B
:1069D000207061723634207468657265206172655A
:1069E0002074686520666F756E64206164647265EA
:1069F0007373657320726570726573656E74656418
:106A0000206173206E6962626C65732E00496E208E
:106A10007061723634204D532033322062697473B2
:106A200020746865726520697320746865206269E6
:106A300074206D61736B206F6620746865207365C8
:106A40006172636865642C20696E204C5320333278
:106A5000206269747320746865206D61736B206FA8
:106A6000662074686520666F756E64206F6E65734E
:106A70002E004D433A204162736F6C75746520653A
:106A80006E636F64657220696E76616C6964206400
:106A90006174612E20486172647761726520707242
:106AA0006F626C656D20696E20746865206D61672A
:106AB0006E6574696320706F736974696F6E20739B
:106AC000656E736F72206F6620746865206A6F69E7
:106AD0006E742063617573656420696E76616C699C
:106AE0006420706F736974696F6E20726561646988
:106AF0006E67732E004D433A20746F727175652076
:106B000073656E736F722074696D656F75742E2076
:106B1000546865206A6F696E7420697320696E20FD
:106B20006120636F6D706C69616E7420696E74654D
:106B300072616374696F6E206D6F6465206F72207F
:106B4000746F7271756520636F6E74726F6C206DF7
:106B50006F64652C20616E642064617461206672CC
:106B60006F6D20746F727175652073656E736F72CF
:106B70002068617665206265656E20756E6176615C
:106B8000696C61626C6520666F72206D6F72652042
:106B90007468616E20313030206D732E004D433AA1
:106BA0002032464F432043414E206E6F20616E736A
:106BB0007765722E2054686520636F6D6D756E6900
:106BC000636174696F6E206265747765656E2074A9
:106BD000686520454D5320616E64207468652032DD
:106BE000464F4320626F6172642068617320626562
:106BF000656E206C6F737420666F72206D6F7265A6
:106C0000207468616E203530206D732E004D433A3C
:106C10002032464F432068616C6C2073656E736F41
:106C20007273206661756C742E20496E76616C6992
:106C3000642073657175656E636520696E206D6F84
:106C4000746F722048616C6C2065666665637420A1
:106C500073656E736F72732C20706C656173652041
:106C6000636865636B206D6F746F722068616C6C14
:106C7000206361626C6520636F6E6E656374696F1B
:106C80006E732E004D433A20736F667477617265A0
:106C9000206C696D697420726561636865642E207B
:106CA000546865206A6F696E7420706F73697469C7
:106CB0006F6E206973206F757473696465206974E1
:106CC0007320736F66747761726520626F756E648E
:106CD00061726965732E204F7574707574206C69CC
:106CE0006D69746564206177616974696E67207489
:106CF0006F206265206D6F766564206261636B2032
:106D0000696E73696465207361666520706F73696D
:106D100074696F6E732E004346473A20454F74687E
:106D200065496E65727469616C7333207365727640
:106D3000696365206973207573696E67207468657F
:106D4000206C6F63616C2064656661756C74206390
:106D50006F6E66696775726174696F6E20626173C8
:106D60006564206F6E2069747320495020616464EB
:106D7000726573732E004346473A20454F74686529
:106D8000505343207365727669636520697320757B
:106D900073696E6720746865206C6F63616C206432
:106DA000656661756C7420636F6E66696775726184
:106DB00074696F6E206261736564206F6E20697400
:106DC0007320495020616464726573732E004346DA
:106DD000473A20454F74686553545241494E2073D9
:106DE000657276696365206973207573696E6720C3
:106DF000746865206C6F63616C2064656661756C96
:106E00007420636F6E66696775726174696F6E2056
:106E10006261736564206F6E20697473204950202D
:106E2000616464726573732E004346473A20454F90
:106E3000746865534B494E207365727669636520AB
:106E40006973207573696E6720746865206C6F6361
:106E5000616C2064656661756C7420636F6E666931
:106E60006775726174696F6E206261736564206F0B
:106E70006E20697473204950206164647265737375
:106E80002E004346473A20454F7468654D414953AB
:106E90002073657276696365206973207573696E06
:106EA0006720746865206C6F63616C20646566613F
:106EB000756C7420636F6E66696775726174696F53
:106EC0006E206261736564206F6E2069747320495F
:106ED0005020616464726573732E004346473A2004
:106EE000454F746865504F532073657276696365CA
:106EF000206973207573696E6720746865206C6FF4
:106F000063616C2064656661756C7420636F6E6686
:106F1000696775726174696F6E2062617365642060
:106F20006F6E2069747320495020616464726573C8
:106F3000732E004346473A20454F7468654D6F7481
:106F4000696F6E436F6E74726F6C6C6572207365DF
:106F50007276696365206973207573696E67207442
:106F60006865206C6F63616C2064656661756C7424
:106F700020636F6E66696775726174696F6E2062F7
:106F800061736564206F6E206974732049502061BD
:106F90006464726573732E004346473A20454F740C
:106FA000686554656D706572617475726573207380
:106FB000657276696365206973207573696E6720F1
:106FC000746865206C6F63616C2064656661756CC4
:106FD0007420636F6E66696775726174696F6E2085
:106FE0006261736564206F6E20697473204950205C
:106FF000616464726573732E004857202D20656E9E
:10700000636F6465723A2074686520706F73697489
:10701000696F6E20646174612069732076616C69A8
:10702000642C2062757420736F6D65206F706572BB
:107030006174696E6720636F6E646974696F6E73E3
:107040002061726520636C6F736520746F206C69BA
:107050006D6974732E005359533A20746865206328
:10706000616E20646973636F7665727920736572EF
:10707000766963652073656172636865642074680E
:107080006520666F6C6C6F77696E6720626F6172E6
:107090006473206F6E207468652073706563696621
:1070A0006965642043414E206275732E0053595325
:1070B0003A207468652063616E20646973636F763B
:1070C000657279207365727669636520666F756E87
:1070D000642074686520666F6C6C6F77696E6720DA
:1070E000626F61726473206F6E20746865207370C4
:1070F000656369666965642043414E206275732E3D
:10710000005359533A20454F74686543414E7365A7
:10711000727669636520636F756C64206E6F74208E
:107120007478206672616D6573206F6E2043414EE6
:10713000206275732E005359533A207468652045B8
:107140004F4D746865454D5372756E6E6572206360
:107150006F756C64206E6F74206569746865722049
:107160007061727365206F7220666F726D2061208E
:10717000554450207061636B65742E005359533A27
:1071800020454F74686543414E7365727669636547
:1071900020636F756C64206E6F7420666F726D2053
:1071A000612063616E207061636B65742E004D43D6
:1071B0003A2071656E63206572726F722068617328
:1071C0002064697361707065617265642C207761F9
:1071D000726E696E6720636F756E74657220686188
:1071E00073206265656E2072657365742E004D4371
:1071F0003A206F76657263757272656E742E2054D4
:107200006865206D6F746F722068617320626565B8
:107210006E207475726E6564206F666620746F20D0
:1072200070726576656E742069742066726F6D2069
:107230006265696E672064616D616765642062796B
:1072400020616E20696D70756C736976652073704E
:10725000696B65206F662063757272656E742E00AF
:107260004D433A20693274206C696D6974206578E9
:107270006365656465642E20546865206D6F746F66
:107280007220686173206265656E207475726E6528
:1072900064206F666620746F2070726576656E7408
:1072A0002069742066726F6D206265696E67206464
:1072B000616D61676564206279206F7665726865CB
:1072C0006174696E672064756520746F2061206346
:1072D0006F6E74696E756F75732068696768206377
:1072E000757272656E742E00496E2070617231364F
:1072F000203D204944206F6620746865206A6F69CC
:107300006E742E004D433A204162736F6C75746544
:1073100020656E636F6465722068617320737069A5
:107320006B65732E20546865726520697320696DE2
:1073300070756C73697665206E6F69736520696E10
:1073400020746865206D65617375726573206F6662
:1073500020746865206D61676E6574696320706F65
:10736000736974696F6E2073656E736F72206F66D8
:1073700020746865206A6F696E742E00496E2070F3
:107380006172363420307846302069732074686525
:10739000206D61736B206F66207265717565737403
:1073A00065642073746174652C20307830462069E0
:1073B0007320746865206D61736B206F6620616354
:1073C0007475616C2073746174652E207061723104
:1073D00036203D204944206F66206A6F696E742E06
:1073E00000496E207061723634203078464620693C
:1073F0007320746865206D61736B206F6620726105
:107400007720656E636F6465722076616C75652E9A
:10741000207061723136203D204944206F66206A19
:107420006F696E742E00496E207061723136203D96
:10743000204944206F66206A6F696E742E004346AF
:10744000473A20454F746865496E65727469616C8E
:107450007333207365727669636520776173206E7C
:107460006F74207665726966696564207965742C2D
:1074700020746875732069742063616E6E6F742068
:1074800073746172742E004346473A20454F746806
:107490006550534320736572766963652077617325
:1074A000206E6F74207665726966696564207965FF
:1074B000742C20746875732069742063616E6E6F1C
:1074C000742073746172742E004346473A20454F0E
:1074D00074686553545241494E20736572766963EE
:1074E0006520776173206E6F7420766572696669B6
:1074F0006564207965742C20746875732069742024
:1075000063616E6E6F742073746172742E004346F3
:10751000473A20454F746865534B494E2073657256
:107520007669636520776173206E6F74207665726B
:107530006966696564207965742C207468757320A8
:1075400069742063616E6E6F742073746172742E3F
:10755000004346473A20454F7468654D41495320E2
:107560007365727669636520776173206E6F74202E
:107570007665726966696564207965742C20746823
:1075800075732069742063616E6E6F74207374610B
:1075900072742E004346473A20454F746865504F39
:1075A00053207365727669636520776173206E6F0F
:1075B00074207665726966696564207965742C202B
:1075C000746875732069742063616E6E6F742073C4
:1075D000746172742E004346473A20454F746865C3
:1075E000456E636F64657252656164657220736590
:1075F000727669636520776173206E6F742076659B
:10760000726966696564207965742C207468757385
:107610002069742063616E6E6F742073746172747C
:107620002E004346473A20454F7468654D6F746994
:107630006F6E436F6E74726F6C6C657220736572DF
:107640007669636520776173206E6F74207665724A
:107650006966696564207965742C20746875732087
:1076600069742063616E6E6F742073746172742E1E
:10767000004346473A20454F74686554656D706510
:1076800072617475726573207365727669636520C3
:10769000776173206E6F74207665726966696564C0
:1076A000207965742C207468757320697420636177
:1076B0006E6E6F742073746172742E005359533A56
:1076C000207468652070726F787920686173206615
:1076D0006F7277617265646564206120726571758F
:1076E0006573742E005359533A2074686520707284
:1076F0006F7879206661696C7320746F20666F7291
:1077000077617264206120726571756573742E00F3
:10771000506172616D3136203D2074797065206F43
:107720006620746865206578706972656420746984
:107730006D656F75742E004D433A207265666572F3
:10774000656E636520736574706F696E742074690B
:107750006D656F75742E00696E207061723634200D
:1077600074686572652061726520746865205B735A
:1077700069676E7C696433325D2C20696E207061AC
:10778000723136205B63617061636974797C7369FF
:107790007A655D206F662070726F7879206C6973EE
:1077A000742E206966207061723136206973203032
:1077B0002C207468656E2074686520726F70206379
:1077C0006F756C64206E6F742062652074782E0073
:1077D0005359533A2074686520626F61726420695E
:1077E000732072756E6E696E672068617070696C67
:1077F000792E005359533A2074686520757064617E
:1078000074652063616C6C6261636B2063616C6C96
:10781000656420627920612070726F787920666FCC
:107820007277617264206661696C7320746F206F77
:107830007065726174652070726F7065726C792EFC
:1078400000207061723136263078663030303A2050
:107850006E756D626572206F66206A6F696E743B2B
:10786000207072696D61727920656E63733A20666B
:1078700061696C757265206D61736B20696E207033
:10788000617231362630783030306620616E642087
:107890006572726F72636F64657320696E207061C8
:1078A00072363426307830303030666666663B207B
:1078B0007365636F6E6461727920656E63733A20DD
:1078C0006661696C757265206D61736B20696E20ED
:1078D00070617231362630783030663020616E64E7
:1078E000206572726F72636F64657320696E2070B9
:1078F0006172363426307866666666303030300025
:1079000044454255473A207461673030004445424F
:1079100055473A2074616730310044454255473A33
:1079200020746167303200496E20706172313620F8
:107930006E756D206F6620706174636865732E20AC
:10794000496E2070617236342066726F6D206C73E0
:107950006220746F206D7362206D61736B73206F92
:10796000663A206D697373696E672063616E312CAE
:107970002063616E322C20666F756E6420627574B0
:1079800020696E636F6D70617469626C65206361FC
:107990006E312C2063616E320063616E206164641D
:1079A0007265737320696E2070617231362C20709D
:1079B000726F7420616E64207665727320696E2028
:1079C0007061723634206C6F7765722033322062BA
:1079D0006974732E20427974652035206F6620709B
:1079E000617236343A2030783031206973207374F4
:1079F0007261696E2C203078303220697320737484
:107A00007261696E320044454255473A207461679D
:107A100030330044454255473A20746167303400A2
:107A200075732062756467657420697320696E20C0
:107A300070617231362C2028757320616374756112
:107A40006C2C2052582C20444F2C2054582920694B
:107A50007320696E20706172363400444542554788
:107A60003A2074616730350044454255473A2074E6
:107A70006167303600207061723634206B65657046
:107A80007320696E206561636820553820746865CD
:107A90002070657263656E74616765206F6620692A
:107AA00074732062696E20696E2073746570732030
:107AB0006F66207061723136004578706563746559
:107AC000642073657175656E6365206E756D6265A2
:107AD0007220696E20706172363420616E64206E8F
:107AE000756D626572206F66206465746563746588
:107AF0006420696E20706172313600287573206DC4
:107B0000696E2C20757320617665726167652C2023
:107B10007573206D61782C206D7320706572696FAC
:107B2000642920697320696E2070617236342C20BC
:107B300074687265616420696420696E2070617286
:107B400031360044454255473A207461673037006A
:107B50004346473A207468654241547365727669BA
:107B60006365206973204F4B004346473A20746891
:107B700065465473657276696365206973204F4B5F
:107B800000696E20706172363420746865726520F9
:107B900061726520746865205B307C696433325D96
:107BA00000496E2070617231363A20545820657851
:107BB00065637574696F6E2074696D65205B75739C
:107BC00065635D2E20496E2070617236343A206EF6
:107BD000756D206F662074782063616E3220616E4F
:107BE000642063616E31206672616D657320616E21
:107BF00064206C61746573742070726576696F754A
:107C00007320657865637574696F6E2074696D653E
:107C100073206F662054582C2052582C20444F203B
:107C20005B757365635D00496E2070617231363A31
:107C300020444F20657865637574696F6E207469A0
:107C40006D65205B757365635D2E20496E207061E4
:107C50007236343A206C6174657374207072657684
:107C6000696F757320657865637574696F6E2074CC
:107C7000696D6573206F662052582C20444F2C206C
:107C800054582C205258205B757365635D00496E13
:107C90002070617231363A205258206578656375DC
:107CA00074696F6E2074696D65205B757365635DC3
:107CB0002E20496E2070617236343A206C617465F2
:107CC00073742070726576696F757320657865636B
:107CD0007574696F6E2074696D6573206F662054CA
:107CE000582C2052582C20444F2C205458205B757F
:107CF0007365635D0020496E2070617231362074B7
:107D000068657265206973206672616D652E6964AD
:107D100020616E64206672616D652E73697A6520DC
:107D200028696E206D6F7374207369676E69666968
:107D300063616E74206E6962626C65292E20496EE3
:107D40002070617236342074686572652069732012
:107D5000746865206672616D652E646174610044AB
:107D6000454255473A206877206661756C7431202A
:107D700064657465637465643A20696E207061722D
:107D800031362074686572652061726520636F6E9C
:107D900074726F6C6D6F6465737461747573206950
:107DA0006E206C736220616E64206672616D655B2B
:107DB000315D20696E206D73620044454255473A3B
:107DC000206877206661756C743220646574656321
:107DD0007465643A20696E2070617231362074686F
:107DE0006572652061726520636F6E74726F6C6D71
:107DF0006F646573746174757320696E206C73624F
:107E000020616E64206672616D655B315D20696E14
:107E1000206D73620044454255473A2068772066DA
:107E200061756C74332064657465637465643A20AD
:107E3000696E2070617231362074686572652061E8
:107E4000726520636F6E74726F6C6D6F64657374AE
:107E50006174757320696E206C736220616E64209A
:107E60006672616D655B315D20696E206D736200C5
:107E70005359533A205458207068617365206176D5
:107E8000657261676520657865637574696F6E20DA
:107E900074696D656300534B3A2074686520736B99
:107EA000696E207472616E736D697373696F6E2091
:107EB000686173206265656E2073776974636865B5
:107EC00064004346473A20454F746865496E6572C1
:107ED0007469616C332063616E6E6F74206265201B
:107EE000636F6E66696775726564004346473A2042
:107EF000454F746865534B494E2063616E6E6F74D5
:107F000020626520636F6E66696775726564004301
:107F100046473A20454F74686554656D70657261D7
:107F200074757265732063616E6E6F742062652074
:107F3000636F6E66696775726564004346473A20F1
:107F4000454F746865496E65727469616C3320636E
:107F5000616E20626520636F72726563746C792054
:107F6000636F6E66696775726564004346473A20C1
:107F7000454F7468655053432063616E20626520ED
:107F8000636F72726563746C7920636F6E66696784
:107F900075726564004346473A20454F74686553DF
:107FA000545241494E2063616E20626520636F72B6
:107FB000726563746C7920636F6E6669677572654C
:107FC00064004346473A20454F746865534B494E19
:107FD0002063616E20626520636F72726563746CEA
:107FE0007920636F6E666967757265640043464702
:107FF0003A20454F7468654D4149532063616E20B6
:10800000626520636F72726563746C7920636F6E52
:1080100066696775726564004346473A20454F7448
:108020006865504F532063616E20626520636F72F4
:10803000726563746C7920636F6E666967757265CB
:1080400064004346473A20454F746865456E636F48
:108050006465725265616465722063616E20626559
:1080600020636F72726563746C7920636F6E6669EA
:108070006775726564004346473A20454F746865EA
:1080800054656D7065726174757265732063616E9D
:1080900020626520636F72726563746C7920636F10
:1080A0006E66696775726564005359533A20746847
:1080B0006520454F7468654D656D6F7279506F6FBF
:1080C0006C206973207265717565737465642062D4
:1080D0007974657320627574206974206973206EE9
:1080E0006F742079657420696E697469616C697355
:1080F0006564004857202D20656E636F6465723A91
:10810000206E6F7420636F6E6E65637465640043E8
:1081100046473A2043414E646973636F76657279CE
:10812000206465746563746564004346473A20457E
:108130004F746865496E65727469616C3320636160
:108140006E6E6F7420626520636F6E66696775720C
:1081500065642E20736F6D652073656E736F727327
:1081600020617265206E6F7420737570706F727409
:108170006564004346473A2074686542415473651C
:108180007276696365206973206E6F7420737570F1
:10819000706F72746564004346473A2074686546A0
:1081A0005473657276696365206973206E6F7420FD
:1081B000737570706F72746564005359533A20611F
:1081C00020554450207061636B657420636F756C3B
:1081D00064206E6F74206265207472616E736D69C5
:1081E00074746564004857202D20656E636F646564
:1081F000723A2074686520706F736974696F6E20BD
:1082000064617461206973206E6F742076616C699B
:1082100064004857202D20656E636F6465723A20B4
:10822000696E7665727465642043524320697320D9
:10823000696E76616C6964005359533A20657865BC
:10824000637574696F6E2074696D65206F766572F1
:10825000666C6F7720286275646765742C20616393
:108260007475616C2C2054582C20444F2C20545889
:108270002920757320696E206120706572696F64B2
:10828000005359533A20657865637574696F6E20A1
:1082900074696D65207374617469737469637320A4
:1082A000286D696E2C20617665726167652C206D82
:1082B00061782920757320696E206120706572696C
:1082C0006F64005359533A207468652063616E20CF
:1082D000646973636F76657279207365727669631A
:1082E0006520666F756E642074686520626F6172C8
:1082F00064004D6F72652064657461696C732069F8
:108300006E20706172313620616E64207061723649
:108310003420616E6420696E20736F75726365200E
:10832000636F646500496E20706172313620746835
:108330006572652069732074686520636F646500E9
:10834000496E2070617231362074686572652069EB
:1083500073207468652072656C6576616E74206840
:10836000616C20636F646500496E20706172313604
:108370002074686572652069732074686520726571
:108380006C6576616E74206970616C20636F6465E2
:1083900000496E2070617231362074686572652004
:1083A0006973207468652072656C6576616E7420EF
:1083B0006F73616C20636F646500546865206D6540
:1083C00073736167652069732073746F72656420CD
:1083D000696E736964652070617236342E20496E4F
:1083E0002070617231362069732073746F72656416
:1083F000207468652073697A65206F6620746865EB
:10840000206D65737361676520666F72207468659F
:108410002073696E676C65206672616D65004554F6
:1084200048206D6F6E69746F723A207468652062BF
:108430006F617264206C6F77206C6576656C204587
:1084400054482064657465637465642061206D69B7
:108450007373696E6720726F706672616D65005329
:1084600059533A20444F20706861736520617665E6
:108470007261676520657865637574696F6E2074D5
:10848000696D65005359533A2052582070686173E2
:1084900065206176657261676520657865637574CE
:1084A000696F6E2074696D65005359533A20444FCB
:1084B000207068617365206D696E206578656375ED
:1084C00074696F6E2074696D65005359533A205278
:1084D00058207068617365206D696E2065786563EA
:1084E0007574696F6E2074696D65005359533A2035
:1084F0005458207068617365206D696E20657865D9
:10850000637574696F6E2074696D65005359533AD1
:1085100020444F207068617365206D617820657814
:1085200065637574696F6E2074696D650053595386
:108530003A205258207068617365206D617820651B
:108540007865637574696F6E2074696D6500535941
:10855000533A205458207068617365206D6178200B
:10856000657865637574696F6E2074696D65006206
:108570006F6172647320496E2070617231363A20E7
:1085800063616E32206D617020696E20307866669E
:1085900066662E20496E2070617236343A2063611F
:1085A0006E31206D617020696E2030786666666677
:1085B0003030303030303030303030302C20626F5E
:1085C000617264207479706520696E203078303073
:1085D00030306666303030303030303030302C2043
:1085E0007265712070726F7420696E20307830303F
:1085F00030303030666666663030303030302C20B7
:1086000072657120667720696E20307830303030A6
:108610003030303030306666666666662E204966D9
:108620002070726F7420616E6420667720617265BD
:10863000207A65726F2C20736561726368206F6E9B
:1086400020627573206973206E6F7420646F6E658D
:1086500000496E2070617231362074686572652041
:1086600069732074686520626F6172642074797028
:1086700065004346473A20454F746865496E657208
:108680007469616C3320686173206368616E67652B
:108690006420746865207265717565737465642003
:1086A00072617465004346473A20454F74686550CF
:1086B000534320686173206368616E67656420744A
:1086C0006865207265717565737465642072617484
:1086D00065004346473A20454F746865504F532024
:1086E000686173206368616E6765642074686520E3
:1086F0007265717565737465642072617465004399
:1087000046473A20454F74686554656D70657261DF
:10871000747572657320686173206368616E676544
:108720006420746865207265717565737465642072
:108730007261746500496E2070617231363A20743E
:10874000617267657420626F61726420747970650C
:1087500020696E2030786666303020616E64206E4D
:10876000756D626572206F66206D697373696E67DF
:1087700020696E203078303030662E20496E2070AF
:10878000617236343A207365617263682074696D72
:1087900065205B6D735D20696E2030786666666665
:1087A0003030303030303030303030302C206D616F
:1087B000736B206F66206D697373696E67206164E7
:1087C0006472657373657320696E20307830303061
:1087D0003030303030303030306666666600496E9A
:1087E00020706F72742073706563696669656420B8
:1087F0006279207061723136202830203D20455446
:108800004820696E707574202850322F5031332FF4
:108810004A3429202C2031203D20455448206F75B2
:1088200074707574202850332F5031322F4A3529F7
:10883000202C2032203D20696E7465726E616C2997
:108840002E20204170706C69636174696F6E2073B3
:108850007461746520697320696E206D6F73742074
:108860007369676E69666963616E74206E696262BE
:108870006C65206F662070617236343A2030202D8E
:108880003E204E2F412C2031202D3E2069646C6506
:108890002C2033202D3E2072756E6E696E672E205F
:1088A0004E756D626572206F66206572726F7273AD
:1088B00020696E207061723634263078666666668E
:1088C000666666660075732074696D6520696E2042
:1088D00070617231362C206D7320706572696F641F
:1088E00020696E20706172363420262030786666EA
:1088F0006666004346473A20746865424154736592
:108900007276696365206973207573696E67206F7D
:108910006E626F61726420636F6E666967004346C2
:10892000473A2074686546547365727669636520BA
:108930006973207573696E67206F6E626F61726410
:1089400020636F6E666967005359533A20746865F7
:1089500020626F61726420697320626F6F74737438
:1089600072617070696E67005359533A20756E7367
:10897000706563696669656420636F64652E20496C
:1089800074206D6179206265207468617420454FA0
:108990007468654572726F724D616E6167657220B1
:1089A0006973207374696C6C2063616C6C656420FE
:1089B000776974682061204E554C4C20654F657274
:1089C000726D616E44657363726970746F725F7407
:1089D0002A20706172616D005359533A20657865A1
:1089E000637574696F6E2074696D6520686973744E
:1089F0006F6772616D005359533A20746865206245
:108A00006F6172642069732072756E6E696E672083
:108A1000696E20666174616C206572726F7220737A
:108A2000746174652E20636865636B20707265766F
:108A3000696F7573206572726F727320746F207620
:108A400065726966792074686520726561736F6EFE
:108A5000005359533A2074626420636F64652E207A
:108A60005765206D7573742064656369646520685B
:108A70006F7720746F206D616E616765207468691F
:108A80007320636F64652E20697420697320776991
:108A900070005359533A20612066756E6374696F94
:108AA0006E2068617320612077726F6E672070613D
:108AB00072616D657465720053656520363420629D
:108AC0006974206D61736B20706172616D6574658E
:108AD00072004346473A2043414E646973636F76A0
:108AE000657279207374617274656420746865209E
:108AF00073656172636820666F72004346473A206F
:108B0000454F746865496E65727469616C332063A2
:108B1000616E6E6F7420626520636F6E6669677543
:108B20007265642E2067656E657269632065727276
:108B30006F72004346473A20454F74686554656D2F
:108B40007065726174757265732063616E6E6F74A7
:108B500020626520636F6E666967757265642E209A
:108B600067656E65726963206572726F7200535932
:108B7000533A20646574656374656420612072757E
:108B80006E74696D65206572726F720041533A2090
:108B9000756E6B6E6F776E2073656E736F720049C2
:108BA000533A20756E6B6E6F776E2073656E736FC0
:108BB00072004346473A207468654654736572767E
:108BC0006963652063616E6E6F74206765742066EB
:108BD000756C6C7363616C6573005359533A207400
:108BE000686520454F7468654D656D6F7279506F8B
:108BF0006F6C20697320726571756573746564208C
:108C00003020627974657300534B3A207468652094
:108C1000626F617264206861732072656365697652
:108C200065642061206D6573736167652066726F8E
:108C30006D2074686520736B696E206576656E20A3
:108C400069662069742073686F756C6420626520A2
:108C5000696E20612073696C656E636564206D6F59
:108C600064616C6974792E2043757272656E74202C
:108C70007374617465206F662074686520454D5378
:108C800020626F617264206973004346473A204551
:108C90004F746865456E636F6465725265616465A3
:108CA000722063616E6E6F7420626520636F6E6602
:108CB0006967757265643A20766572696669636191
:108CC00074696F6E206661696C73004346473A2091
:108CD000454F746865496E65727469616C332063D1
:108CE000616E6E6F7420626520636F6E6669677572
:108CF0007265642E2043414E646973636F766572BA
:108D000079206661696C73004346473A20454F7489
:108D100068655053432063616E6E6F7420626520F6
:108D2000636F6E666967757265642E2043414E6499
:108D30006973636F76657279206661696C7300434D
:108D400046473A20454F74686553545241494E2076
:108D500063616E6E6F7420626520636F6E66696713
:108D6000757265642E2043414E646973636F766546
:108D70007279206661696C73004346473A20454F1B
:108D8000746865534B494E2063616E6E6F74206248
:108D90006520636F6E666967757265642E20434156
:108DA0004E646973636F76657279206661696C736E
:108DB000004346473A20454F7468654D414953206A
:108DC00063616E6E6F7420626520636F6E666967A3
:108DD000757265642E2043414E646973636F7665D6
:108DE0007279206661696C73004346473A20454FAB
:108DF000746865504F532063616E6E6F74206265B6
:108E000020636F6E666967757265642E2043414EFC
:108E1000646973636F76657279206661696C73004B
:108E20004346473A20454F74686554656D706572D6
:108E30006174757265732063616E6E6F7420626514
:108E400020636F6E666967757265642E2043414EBC
:108E5000646973636F76657279206661696C73000B
:108E60004346473A20454F7468654D6F74696F6E8D
:108E7000436F6E74726F6C6C65722063616E6E6F9F
:108E80007420626520636F6E666967757265642E13
:108E900020766572696669636174696F6E206F66BA
:108EA00020656E636F646572206661696C7320660D
:108EB0006F72206D6334706C7573706D632E2073E8
:108EC0006565206F74686572206D65737361676591
:108ED0007320666F72206D6F7265206465746169BE
:108EE0006C73004346473A20454F7468654D6F7474
:108EF000696F6E436F6E74726F6C6C657220636124
:108F00006E6E6F7420626520636F6E66696775723E
:108F100065642E20766572696669636174696F6E37
:108F2000206F6620656E636F646572206661696C90
:108F30007320666F72206D6332706C75737073632B
:108F40002E20736565206F74686572206D6573737C
:108F50006167657320666F72206D6F72652064654E
:108F60007461696C73004346473A20454F746865E5
:108F70004D6F74696F6E436F6E74726F6C6C657257
:108F80002063616E6E6F7420626520636F6E666928
:108F900067757265642E20766572696669636174AF
:108FA000696F6E206F6620656E636F646572206600
:108FB00061696C7320666F72206D6334706C7573B9
:108FC0006D6169732E20736565206F74686572200A
:108FD0006D6573736167657320666F72206D6F7264
:108FE000652064657461696C73004346473A2045A7
:108FF0004F7468654D6F74696F6E436F6E74726FF6
:109000006C6C65722063616E6E6F742062652063A4
:109010006F6E666967757265642E20766572696623
:1090200069636174696F6E206F6620706F7320666C
:109030006F72206D6334706C7573706D6320666140
:10904000696C732E20736565206F74686572206D7E
:109050006573736167657320666F72206D6F7265EB
:109060002064657461696C73004346473A20454F3C
:109070007468654D6F74696F6E436F6E74726F6C58
:109080006C65722063616E6E6F7420626520636F21
:109090006E666967757265642E20766572696669A9
:1090A000636174696F6E206F6620707363732066EE
:1090B0006F72206D6332706C7573707363206661BC
:1090C000696C732E20736565206F74686572206DFE
:1090D0006573736167657320666F72206D6F72656B
:1090E0002064657461696C73004346473A20454FBC
:1090F0007468654D6F74696F6E436F6E74726F6CD8
:109100006C65722063616E6E6F7420626520636FA0
:109110006E666967757265642E2076657269666928
:10912000636174696F6E206F6620656E636F64653E
:1091300072206661696C732E20736565206F746898
:109140006572206D6573736167657320666F722049
:109150006D6F72652064657461696C730043464786
:109160003A20454F7468654D6F74696F6E436F6E3A
:1091700074726F6C6C65722063616E6E6F742062C6
:109180006520636F6E666967757265642E2076650B
:1091900072696669636174696F6E206F66206D61C4
:1091A0006973206661696C732E20736565206F7426
:1091B000686572206D6573736167657320666F7291
:1091C000206D6F72652064657461696C730043463D
:1091D000473A20454F7468654D6F74696F6E436FF1
:1091E0006E74726F6C6C65722063616E6E6F74204A
:1091F000626520636F6E666967757265642E20769E
:109200006572696669636174696F6E206F66206D4F
:1092100061697320666F72206D6334706C75736D55
:10922000616973206661696C732E20736565206FB8
:1092300074686572206D6573736167657320666F0E
:1092400072206D6F72652064657461696C73004390
:1092500046473A20454F7468654D6F74696F6E4399
:109260006F6E74726F6C6C65722063616E6E6F747A
:1092700020626520636F6E666967757265642E2073
:10928000766572696669636174696F6E206F6620C6
:10929000706F7320666F72206D6334706C757366C7
:1092A000617073206661696C732E20736565206F31
:1092B00074686572206D6573736167657320666F8E
:1092C00072206D6F72652064657461696C73004310
:1092D00046473A20454F7468654D6F74696F6E4319
:1092E0006F6E74726F6C6C65722063616E6E6F74FA
:1092F00020626520636F6E666967757265642E20F3
:10930000766572696669636174696F6E206F662045
:10931000656E636F64657273206661696C732E207D
:10932000736565206F74686572206D65737361671E
:10933000657320666F72206D6F726520646574615D
:10934000696C73004346473A20454F7468654D6F1A
:1093500074696F6E436F6E74726F6C6C65722063AC
:10936000616E6E6F7420626520636F6E66696775EB
:109370007265642E20766572696669636174696FCF
:109380006E206F6620656E636F646572206661692A
:109390006C7320666F72206D6334706C75736661D8
:1093A00070732E20736565206F74686572206D651B
:1093B00073736167657320666F72206D6F726520CD
:1093C00064657461696C73004346473A20454F7485
:1093D00068654D6F74696F6E436F6E74726F6C6CFD
:1093E00065722063616E6E6F7420626520636F6EBC
:1093F000666967757265642E2049434364697363C7
:109400006F76657279206661696C732E207365656D
:1094100020494343646973636F76657279206D6593
:1094200073736167657320666F72206D6F7265205C
:1094300064657461696C73004346473A20454F7414
:1094400068654D6F74696F6E436F6E74726F6C6C8C
:1094500065722063616E6E6F7420626520636F6E4B
:10946000666967757265642E2043414E6469736353
:109470006F76657279206F66206163747561746FB1
:109480007220626F617264206661696C732E207352
:1094900065652043414E646973636F766572792018
:1094A0006D6573736167657320666F72206D6F728F
:1094B000652064657461696C73004346473A2045D2
:1094C0004F7468654D6F74696F6E436F6E74726F21
:1094D0006C6C65722063616E6E6F742062652063D0
:1094E0006F6E666967757265642E2063616E2064B5
:1094F0006973636F76657279206F66206D633420BF
:10950000626F61726473206661696C732E2073658B
:10951000652043414E646973636F76657279206D8F
:109520006573736167657320666F72206D6F726516
:109530002064657461696C73004346473A20454F67
:109540007468654D6F74696F6E436F6E74726F6C83
:109550006C65722063616E6E6F7420626520636F4C
:109560006E666967757265642E2043414E64697347
:10957000636F76657279206F662032666F63206252
:109580006F61726473206661696C732E2073656508
:109590002043414E646973636F76657279206D650F
:1095A00073736167657320666F72206D6F726520DB
:1095B00064657461696C7300496E20736F757263C2
:1095C00065616464726573732074686520654F6DAE
:1095D0006E5F736572765F63617465676F72795FE2
:1095E000742C20696E207061723634204C53203305
:1095F0003220626974732074686520626974206D1A
:1096000061736B206F66206C6F737420626F617280
:1096100064202843414E3120696E204D532031365D
:10962000206269747320616E642043414E32206968
:109630006E204C532031362062697473292C2069C6
:109640006E20696E207061723634204D53203332A3
:1096500020626974732074686520746F74616C2073
:10966000646973617070656172656E6365207469A9
:109670006D6520696E206D7300496E2070617231D6
:109680003620746865726520697320746865206E81
:10969000756D626572206F66206C6F7374206974DB
:1096A000656D730043616E2061646472657373203D
:1096B000696E2070617231362C2070726F74206177
:1096C0006E64207665727320696E20706172363424
:1096D000206C6F7765722033322062697473006387
:1096E000616E206164647265737320696E207061BD
:1096F0007231362C2070726F7420616E6420766532
:10970000727320696E207061723634206C6F7765D9
:1097100072203332206269747300496E2070617266
:109720003136206E756D206F6620706174636865D8
:10973000732C2063616E206D617070696E672069A3
:109740006E2070617236342075707065722033320D
:1097500020626974732C2070726F7420616E6420B3
:109760007665727320696E207061723634206C6F7A
:10977000776572203332206269747300496E2070FD
:10978000617231362074686572652069732074686F
:1097900065206368616E6E656C20696E766F6C76AD
:1097A00065642C20696E207061723634207468659F
:1097B00072652061726520746865207361747572CA
:1097C0006174696F6E20636F756E747320666F725B
:1097D00020746865206C61737420736563206F6604
:1097E00020626F746820747970657320286C6F77BD
:1097F00065723A204C53203332626974732C2075A1
:1098000070706572204D5320333262697473004565
:109810005448206D6F6E69746F723A206A75737464
:109820002076657269666965642C206E6F206E65AE
:10983000777300496E2070617236342074686572E7
:109840006520697320746865206578706563746548
:1098500064206E756D6265722E2054686520726595
:10986000636569766564206973206F627461696EEF
:10987000656420627920616464696E67207061723A
:1098800036342077697468207061723136207472C2
:109890006561746564206173206120696E7431367E
:1098A0005F7400496E207061723136207468657291
:1098B00065206973207468652070617273696E67D2
:1098C000206572726F72207479706520657870728D
:1098D000657373656420696E20654F70617273658E
:1098E00072526573756C745F7400496E20736F7586
:1098F0007263656164647265737320746865206562
:109900004F6D6E5F736572765F63617465676F72CA
:10991000795F7400496E20736F757263656164646A
:10992000726573732074686520654F6D6E5F736533
:1099300072765F63617465676F72795F742C2069FA
:109940006E207061723634204C53203332206269AD
:1099500074732074686520626974206D61736B2074
:109960006F66206C6F737420626F6172642028438D
:10997000414E3120696E204D53203136206269748A
:109980007320616E642043414E3220696E204C5337
:109990002031362062697473292C20696E20696E2B
:1099A000207061723634204D532033322062697446
:1099B00073207468652074696D6520696E206D730D
:1099C0002073696E6365206C61737420636F6E74BD
:1099D000616374004346473A20746865424154739A
:1099E000657276696365206973206E6F7420766591
:1099F00072696669656420796574004346473A2058
:109A0000746865465473657276696365206973206E
:109A10006E6F742076657269666965642079657415
:109A200000496E2070617231363A20746172676548
:109A30007420626F617264207479706520696E2091
:109A400030786666303020616E64206E756D6265B8
:109A500072206F6620696E76616C696420696E2081
:109A60003078303030662E20496E20706172363486
:109A70003A2065616368206E6962626C6520636F7D
:109A80006E7461696E7320307830206966206F6B68
:109A90002C206D61736B20307831206966207772DD
:109AA0006F6E6720747970652C206D61736B203048
:109AB00078322069662077726F6E672066772C2077
:109AC0006D61736B203078342069662077726F6E19
:109AD000672070726F740041533A2063616E6E6F3D
:109AE000742073746F72652072782063616E2066D3
:109AF00072616D6573206F662074656D706572614B
:109B00007475726520646174612C207468757320AB
:109B1000736F6D652072656164696E677320776924
:109B20006C6C206265206C6F73740049533A20633B
:109B3000616E6E6F742073746F726520727820632B
:109B4000616E206672616D6573206F6620696E6557
:109B5000727469616C20646174612C20746875731F
:109B600020736F6D6520696E65727469616C207217
:109B7000656164696E67732077696C6C206265202B
:109B80006C6F737400534B3A2063616E6E6F742078
:109B90007075742072782063616E206672616D65E5
:109BA0007320696E746F2061727261796F66636190
:109BB0006E646174612C207468757320736F6D65B9
:109BC00020736B696E2072656164696E67732077BC
:109BD000696C6C206265206C6F73740048573A2082
:109BE0007365636F6E64206572726F72206D65734A
:109BF00073616765206F662063617465676F727952
:109C00002068770048573A2066697273742065723D
:109C1000726F72206D657373616765206F66206374
:109C2000617465676F7279206877004346473A2010
:109C3000454F7468654D6F74696F6E436F6E7472D3
:109C40006F6C6C65722063616E20636F7272656306
:109C5000746C7920636F6E666967757265206D63D9
:109C6000342D6261736564206D6F74696F6E2E2090
:109C70006D6F726520696E666F2077696C6C206607
:109C80006F6C6C6F77004346473A20454F746865A8
:109C90004D6F74696F6E436F6E74726F6C6C65722A
:109CA0002063616E20636F72726563746C792063E8
:109CB0006F6E666967757265206D6334706C75735D
:109CC000706D632D6261736564206D6F74696F6E72
:109CD0002E206D6F726520696E666F2077696C6CDF
:109CE00020666F6C6C6F77004346473A20454F748F
:109CF00068654D6F74696F6E436F6E74726F6C6CD4
:109D000065722063616E20636F72726563746C7933
:109D100020636F6E6669677572652032666F632DAA
:109D20006261736564206D6F74696F6E2E206D6F54
:109D3000726520696E666F2077696C6C20666F6C47
:109D40006C6F77004346473A20454F7468654D6F06
:109D500074696F6E436F6E74726F6C6C65722063A2
:109D6000616E20636F72726563746C7920636F6ECD
:109D700066696775726520616476666F632D6261DE
:109D8000736564206D6F74696F6E2E206D6F7265E0
:109D900020696E666F2077696C6C20666F6C6C6FE3
:109DA00077004346473A20454F7468654D6F7469A4
:109DB0006F6E436F6E74726F6C6C65722063616E50
:109DC00020636F72726563746C7920636F6E66696D
:109DD00067757265206D6332706C75737073632D77
:109DE0006261736564206D6F74696F6E2E206D6F94
:109DF000726520696E666F2077696C6C20666F6C87
:109E00006C6F77004346473A20454F7468654D6F45
:109E100074696F6E436F6E74726F6C6C65722063E1
:109E2000616E20636F72726563746C7920636F6E0C
:109E3000666967757265206D6334706C75736D61EA
:109E400069732D6261736564206D6F74696F6E2E26
:109E5000206D6F726520696E666F2077696C6C206B
:109E6000666F6C6C6F77004346473A20454F7468C5
:109E7000654D6F74696F6E436F6E74726F6C6C6555
:109E8000722063616E20636F72726563746C7920F7
:109E9000636F6E666967757265206D6334706C758B
:109EA00073666170732D6261736564206D6F746990
:109EB0006F6E2E206D6F726520696E666F207769F8
:109EC0006C6C20666F6C6C6F77004346473A204598
:109ED0004F7468654D6F74696F6E436F6E74726F07
:109EE0006C6C65722063616E20636F72726563745F
:109EF0006C7920636F6E666967757265206D633477
:109F0000706C75732D6261736564206D6F74696F19
:109F10006E2E206D6F726520696E666F2077696C9A
:109F20006C20666F6C6C6F77005359533A20612038
:109F300066756E6374696F6E2069732075736564EE
:109F400020696E207468652077726F6E6720776174
:109F500079005359533A2061206D757465782068F3
:109F600061732074696D6564206F757420756E650A
:109F7000787065637465646C79004346473A207471
:109F800068654241547365727669636520666169EC
:109F90006C65642043414E20646973636F7665721B
:109FA00079004346473A2074686546547365727673
:109FB000696365206661696C65642043414E206475
:109FC0006973636F76657279004346473A2043416F
:109FD0004E646973636F76657279005359533A2002
:109FE00074686520454F7468654D656D6F72795072
:109FF0006F6F6C2063616E6E6F7420676976652089
:10A00000616E79206D6F7265206D656D6F7279007C
:10A010005B25735D202825732074736B25642040B5
:10A020002573292D3E207B307825782C2070313601
:10A03000203078253034782C207036342030782544
:10A040003031366C6C782C206465762025642C20A9
:10A050006164722025647D3A2025732E003A6D00DC
:10A060005B25735D202825732074736B2564204065
:10A070002573292D3E207B307825782070313620BD
:10A080003078253034782C207036342030782530E4
:10A0900031366C6C782C206465762025642C206128
:10A0A00064722025647D3A2025732E20494E464F48
:10A0B000203D202573003A7500766563746F720049
:10A0C0006F75745F6F665F72616E6765207761732D
:10A0D000207468726F776E20696E202D666E6F2D0A
:10A0E000657863657074696F6E73206D6F64652049
:10A0F00077697468206D65737361676520222573C5
:10A10000220062617369635F737472696E67005FD6
:10A110005F6378615F67756172645F6163717569C0
:10A120007265206465746563746564207265637527
:10A13000727369766520696E697469616C697A61A8
:10A1400074696F6E3A20646F20796F75206861764C
:10A150006520612066756E6374696F6E2D6C6F6328
:10A16000616C2073746174696320766172696162E5
:10A170006C652077686F736520696E697469616CBE
:10A18000697A6174696F6E20646570656E647320AE
:10A190006F6E20746861742066756E6374696F6E8B
:10A1A0003F0000004F53414C3A3A74736B696E693B
:10A1B000743A206861732066696E6973686564200B
:10A1C000757365722D646566696E65642066756E6B
:10A1D0006374696F6E0000004F53414C3A3A7473D8
:10A1E0006B696E69743A2061626F757420746F20B8
:10A1F000696E697420454F4D74686554696D657268
:10A200004D616E61676572202B20454F4D74686506
:10A2100043616C6C6261636B4D616E616765720076
:10A220005F496E697469616C69736528292068618A
:10A23000732066696E697368656420656F6D5F651C
:10A240006D736170706C5F6869645F75736572646B
:10A2500065665F696E697469616C69736528290058
:10A260005F496E697469616C69736528292063614F
:10A270006C6C7320656F6D5F656D736170706C5F82
:10A280006869645F757365726465665F696E697439
:10A2900069616C6973652829000000005F496E6977
:10A2A0007469616C6973652829206861732073740F
:10A2B00061727465642069747320737461746520BD
:10A2C0006D616368696E6520772F204346472C20B7
:10A2D00052554E2C20455252207374617465732E72
:10A2E000204E6F77206974207175697473000000C7
:10A2F0004A6F696E745365745F646F5F77616974E8
:10A300005F63616C6962726174696F6E5F6D6978B9
:10A3100065643A2063616C696220636F6D706C657F
:10A320007465642E000000006572726F7220696EA1
:10A33000204A6F696E745F7365745F706F735F72CC
:10A3400065665F696E5F63616C69625479706536DA
:10A35000000000004572726F722120504F5320732D
:10A36000657276696365204E4F5420616374697627
:10A370006500000063616C6962363A204572726F55
:10A38000722120466F756E64206E6569746865720F
:10A39000204D414953206E6F7420504F53207365F8
:10A3A00072766963652061637469766500000000F8
:10A3B000000000000000000018A5060800020010C0
:10A3C000E81D00008002020818A506080000002011
:10A3D00000FC0100DC020208A8A60608E81F001025
:10A3E000D8650000DC0202081C00000043000000E9
:10A3F000F8FFFFFF0C0000000E0000000F0000003F
:10A400002E0000001001000043000000F8FFFFFFD5
:10A410000040404040404040404041414141414077
:10A42000404040404040404040404040404040402C
:10A4300040050202020202020202020202020202BB
:10A4400002202020202020202020200202020202C0
:10A450000202909090909090101010101010101018
:10A460001010101010101010101010100202020224
:10A470000202888888888888080808080808080868
:10A480000808080808080808080808080202020264
:10A49000400000000000000000000000000000007C
:10A4A00000000000000000000000000000000000AC
:10A4B000000000000000000000000000000000009C
:10A4C000000000000000000000000000000000008C
:10A4D000000000000000000000000000000000007C
:10A4E000000000000000000000000000000000006C
:10A4F000000000000000000000000000000000005C
:10A50000000000000000000000000000000000004B
:10A510000000000085ACFBFF016A0A10011209105F
:10A5200013012230097A030A44FF05080669080965
:10A53000184702854029A00932EB096BA42C0203BD
:10A540000404051D06070809031924F41E3C02062D
:10A55000084804811A540C5A60101A6C089A781C26
:10A56000415AFF04015209445609549C01FF012F2E
:10A5700002FF0101FF01FF01FF01870A6EFF580A78
:10A5800025FF72292709192B0A23FFBACB803F0424
:10A5900009261C011E72013CA086010401FF01A5D1
:10A5A00002FFFF0184023D0112FA1EA72A030801DF
:10A5B00001F230F2385A0F0281120A031C01FE0A1E
:10A5C000317F9B0922342A032312038C0439302B58
:10A5D000A93813E0471410204882101A64101A9802
:10A5E000041AD8041A94041ADC041A60041ACC045D
:10A5F0001AC8041A50041A4C041AD004810213FF1A
:10A6000002FF0A014C02FFFF018402450102BFFF65
:10A610001AFFC10968C409686A01FF011B0223010E
:10A620001AFF0109264D0A1A324801FF0184022B44
:10A63000011AFF0101180A1A643801FF018402633C
:10A640000102FFFF01840223011AFF0101240923F3
:10A650002501FF0160026F0172FF365452414345EC
:10A6600045494E464F3644454255471008574152DA
:10A670004E494E47364552524F520E25464154419F
:10A680004CA80916246974811E39EB040843041A86
:10A690003F04013C2970180AF5BB040801BC0408FA
:08A6A000FB081A07080148003D
:020000042001D9
:10FFC0000000000000000000000000000000000031
:10FFD0000000000000000000000000000000000021
:08FFE000000000000000000019
:040000050802018963
:00000001FF
